scale,analysis_layer,method,item_id,subject_n,item_MAE,item_NAE,coverage,complete_subject_rate,total_MAE,sum_item_AE,cancellation_amount,cancellation_ratio,weighted_kappa,route_family,mechanism_note
PHQ-8,PHQ189_pooled,C03_DeepSeek-V4-Pro,1,189,0.6137566137566137,0.2045855379188712,1.0,1.0,4.084656084656085,5.068783068783069,0.9841269841269842,0.1719175885842553,0.2525561340445414,SingleAI-C03,item error and total cancellation read together
PHQ-8,PHQ189_pooled,C03_DeepSeek-V4-Pro,2,189,0.5343915343915344,0.1781305114638447,1.0,1.0,4.084656084656085,5.068783068783069,0.9841269841269842,0.1719175885842553,0.2525561340445414,SingleAI-C03,item error and total cancellation read together
PHQ-8,PHQ189_pooled,C03_DeepSeek-V4-Pro,3,189,0.492063492063492,0.1640211640211639,1.0,1.0,4.084656084656085,5.068783068783069,0.9841269841269842,0.1719175885842553,0.2525561340445414,SingleAI-C03,item error and total cancellation read together
PHQ-8,PHQ189_pooled,C03_DeepSeek-V4-Pro,4,189,0.8095238095238095,0.2698412698412698,1.0,1.0,4.084656084656085,5.068783068783069,0.9841269841269842,0.1719175885842553,0.2525561340445414,SingleAI-C03,item error and total cancellation read together
PHQ-8,PHQ189_pooled,C03_DeepSeek-V4-Pro,5,189,0.9153439153439152,0.3051146384479718,1.0,1.0,4.084656084656085,5.068783068783069,0.9841269841269842,0.1719175885842553,0.2525561340445414,SingleAI-C03,item error and total cancellation read together
PHQ-8,PHQ189_pooled,C03_DeepSeek-V4-Pro,6,189,0.671957671957672,0.2239858906525573,1.0,1.0,4.084656084656085,5.068783068783069,0.9841269841269842,0.1719175885842553,0.2525561340445414,SingleAI-C03,item error and total cancellation read together
PHQ-8,PHQ189_pooled,C03_DeepSeek-V4-Pro,7,189,0.6984126984126984,0.2328042328042328,1.0,1.0,4.084656084656085,5.068783068783069,0.9841269841269842,0.1719175885842553,0.2525561340445414,SingleAI-C03,item error and total cancellation read together
PHQ-8,PHQ189_pooled,C03_DeepSeek-V4-Pro,8,189,0.3333333333333333,0.1111111111111111,1.0,1.0,4.084656084656085,5.068783068783069,0.9841269841269842,0.1719175885842553,0.2525561340445414,SingleAI-C03,item error and total cancellation read together
PHQ-8,PHQ189_pooled,C03_GLM-5.2,1,189,0.492063492063492,0.164021164021164,1.0,1.0,3.253968253968254,4.671957671957672,1.4179894179894177,0.2784187300060315,0.2555880255760051,SingleAI-C03,item error and total cancellation read together
PHQ-8,PHQ189_pooled,C03_GLM-5.2,2,189,0.5343915343915344,0.1781305114638448,1.0,1.0,3.253968253968254,4.671957671957672,1.4179894179894177,0.2784187300060315,0.2555880255760051,SingleAI-C03,item error and total cancellation read together
PHQ-8,PHQ189_pooled,C03_GLM-5.2,3,189,0.5079365079365079,0.1693121693121693,1.0,1.0,3.253968253968254,4.671957671957672,1.4179894179894177,0.2784187300060315,0.2555880255760051,SingleAI-C03,item error and total cancellation read together
PHQ-8,PHQ189_pooled,C03_GLM-5.2,4,189,0.6984126984126984,0.2328042328042327,1.0,1.0,3.253968253968254,4.671957671957672,1.4179894179894177,0.2784187300060315,0.2555880255760051,SingleAI-C03,item error and total cancellation read together
PHQ-8,PHQ189_pooled,C03_GLM-5.2,5,189,0.8783068783068783,0.2927689594356261,1.0,1.0,3.253968253968254,4.671957671957672,1.4179894179894177,0.2784187300060315,0.2555880255760051,SingleAI-C03,item error and total cancellation read together
PHQ-8,PHQ189_pooled,C03_GLM-5.2,6,189,0.5767195767195767,0.1922398589065255,1.0,1.0,3.253968253968254,4.671957671957672,1.4179894179894177,0.2784187300060315,0.2555880255760051,SingleAI-C03,item error and total cancellation read together
PHQ-8,PHQ189_pooled,C03_GLM-5.2,7,189,0.6296296296296297,0.2098765432098765,1.0,1.0,3.253968253968254,4.671957671957672,1.4179894179894177,0.2784187300060315,0.2555880255760051,SingleAI-C03,item error and total cancellation read together
PHQ-8,PHQ189_pooled,C03_GLM-5.2,8,189,0.3544973544973545,0.1181657848324514,1.0,1.0,3.253968253968254,4.671957671957672,1.4179894179894177,0.2784187300060315,0.2555880255760051,SingleAI-C03,item error and total cancellation read together
PHQ-8,PHQ189_pooled,C03_Qwen3.7-Max,1,189,0.6084656084656085,0.2028218694885361,1.0,1.0,4.211640211640212,4.994708994708994,0.7830687830687824,0.1506056847326688,0.2519087565330002,SingleAI-C03,item error and total cancellation read together
PHQ-8,PHQ189_pooled,C03_Qwen3.7-Max,2,189,0.5026455026455027,0.1675485008818342,1.0,1.0,4.211640211640212,4.994708994708994,0.7830687830687824,0.1506056847326688,0.2519087565330002,SingleAI-C03,item error and total cancellation read together
PHQ-8,PHQ189_pooled,C03_Qwen3.7-Max,3,189,0.4761904761904761,0.1587301587301587,1.0,1.0,4.211640211640212,4.994708994708994,0.7830687830687824,0.1506056847326688,0.2519087565330002,SingleAI-C03,item error and total cancellation read together
PHQ-8,PHQ189_pooled,C03_Qwen3.7-Max,4,189,0.7883597883597884,0.2627865961199294,1.0,1.0,4.211640211640212,4.994708994708994,0.7830687830687824,0.1506056847326688,0.2519087565330002,SingleAI-C03,item error and total cancellation read together
PHQ-8,PHQ189_pooled,C03_Qwen3.7-Max,5,189,0.9312169312169312,0.310405643738977,1.0,1.0,4.211640211640212,4.994708994708994,0.7830687830687824,0.1506056847326688,0.2519087565330002,SingleAI-C03,item error and total cancellation read together
PHQ-8,PHQ189_pooled,C03_Qwen3.7-Max,6,189,0.6825396825396826,0.2275132275132275,1.0,1.0,4.211640211640212,4.994708994708994,0.7830687830687824,0.1506056847326688,0.2519087565330002,SingleAI-C03,item error and total cancellation read together
PHQ-8,PHQ189_pooled,C03_Qwen3.7-Max,7,189,0.671957671957672,0.2239858906525573,1.0,1.0,4.211640211640212,4.994708994708994,0.7830687830687824,0.1506056847326688,0.2519087565330002,SingleAI-C03,item error and total cancellation read together
PHQ-8,PHQ189_pooled,C03_Qwen3.7-Max,8,189,0.3333333333333333,0.1111111111111111,1.0,1.0,4.211640211640212,4.994708994708994,0.7830687830687824,0.1506056847326688,0.2519087565330002,SingleAI-C03,item error and total cancellation read together
PHQ-8,PHQ189_pooled,CrossAI_C03,1,189,0.492063492063492,0.164021164021164,1.0,1.0,3.556084656084656,4.641798941798942,1.0857142857142854,0.2146305839956633,0.2605204576883919,CrossAI-C03,item error and total cancellation read together
PHQ-8,PHQ189_pooled,CrossAI_C03,2,189,0.5148148148148148,0.1716049382716049,1.0,1.0,3.556084656084656,4.641798941798942,1.0857142857142854,0.2146305839956633,0.2605204576883919,CrossAI-C03,item error and total cancellation read together
PHQ-8,PHQ189_pooled,CrossAI_C03,3,189,0.5116402116402117,0.1705467372134038,1.0,1.0,3.556084656084656,4.641798941798942,1.0857142857142854,0.2146305839956633,0.2605204576883919,CrossAI-C03,item error and total cancellation read together
PHQ-8,PHQ189_pooled,CrossAI_C03,4,189,0.6984126984126984,0.2328042328042327,1.0,1.0,3.556084656084656,4.641798941798942,1.0857142857142854,0.2146305839956633,0.2605204576883919,CrossAI-C03,item error and total cancellation read together
PHQ-8,PHQ189_pooled,CrossAI_C03,5,189,0.8783068783068783,0.2927689594356261,1.0,1.0,3.556084656084656,4.641798941798942,1.0857142857142854,0.2146305839956633,0.2605204576883919,CrossAI-C03,item error and total cancellation read together
PHQ-8,PHQ189_pooled,CrossAI_C03,6,189,0.5767195767195767,0.1922398589065255,1.0,1.0,3.556084656084656,4.641798941798942,1.0857142857142854,0.2146305839956633,0.2605204576883919,CrossAI-C03,item error and total cancellation read together
PHQ-8,PHQ189_pooled,CrossAI_C03,7,189,0.6296296296296297,0.2098765432098765,1.0,1.0,3.556084656084656,4.641798941798942,1.0857142857142854,0.2146305839956633,0.2605204576883919,CrossAI-C03,item error and total cancellation read together
PHQ-8,PHQ189_pooled,CrossAI_C03,8,189,0.3402116402116402,0.1134038800705467,1.0,1.0,3.556084656084656,4.641798941798942,1.0857142857142854,0.2146305839956633,0.2605204576883919,CrossAI-C03,item error and total cancellation read together
PHQ-8,PHQ189_pooled,CrossAI_Conservative-C,1,189,0.492063492063492,0.164021164021164,1.0,1.0,3.547089947089946,4.638095238095238,1.0910052910052914,0.2154974919260633,0.2560566350767992,Conservative-C,item error and total cancellation read together
PHQ-8,PHQ189_pooled,CrossAI_Conservative-C,2,189,0.5158730158730159,0.1719576719576719,1.0,1.0,3.547089947089946,4.638095238095238,1.0910052910052914,0.2154974919260633,0.2560566350767992,Conservative-C,item error and total cancellation read together
PHQ-8,PHQ189_pooled,CrossAI_Conservative-C,3,189,0.5037037037037038,0.1679012345679012,1.0,1.0,3.547089947089946,4.638095238095238,1.0910052910052914,0.2154974919260633,0.2560566350767992,Conservative-C,item error and total cancellation read together
PHQ-8,PHQ189_pooled,CrossAI_Conservative-C,4,189,0.7015873015873015,0.2338624338624338,1.0,1.0,3.547089947089946,4.638095238095238,1.0910052910052914,0.2154974919260633,0.2560566350767992,Conservative-C,item error and total cancellation read together
PHQ-8,PHQ189_pooled,CrossAI_Conservative-C,5,189,0.8783068783068783,0.2927689594356261,1.0,1.0,3.547089947089946,4.638095238095238,1.0910052910052914,0.2154974919260633,0.2560566350767992,Conservative-C,item error and total cancellation read together
PHQ-8,PHQ189_pooled,CrossAI_Conservative-C,6,189,0.5767195767195767,0.1922398589065255,1.0,1.0,3.547089947089946,4.638095238095238,1.0910052910052914,0.2154974919260633,0.2560566350767992,Conservative-C,item error and total cancellation read together
PHQ-8,PHQ189_pooled,CrossAI_Conservative-C,7,189,0.6296296296296297,0.2098765432098765,1.0,1.0,3.547089947089946,4.638095238095238,1.0910052910052914,0.2154974919260633,0.2560566350767992,Conservative-C,item error and total cancellation read together
PHQ-8,PHQ189_pooled,CrossAI_Conservative-C,8,189,0.3402116402116402,0.1134038800705467,1.0,1.0,3.547089947089946,4.638095238095238,1.0910052910052914,0.2154974919260633,0.2560566350767992,Conservative-C,item error and total cancellation read together
PHQ-8,PHQ189_pooled,CrossAI_Joint-A,1,189,0.5232804232804233,0.1744268077601411,1.0,1.0,3.376190476190476,4.853439153439153,1.4772486772486766,0.2879677876503273,0.2306630837110596,Joint-A,item error and total cancellation read together
PHQ-8,PHQ189_pooled,CrossAI_Joint-A,2,189,0.5312169312169311,0.1770723104056437,1.0,1.0,3.376190476190476,4.853439153439153,1.4772486772486766,0.2879677876503273,0.2306630837110596,Joint-A,item error and total cancellation read together
PHQ-8,PHQ189_pooled,CrossAI_Joint-A,3,189,0.562962962962963,0.1876543209876543,1.0,1.0,3.376190476190476,4.853439153439153,1.4772486772486766,0.2879677876503273,0.2306630837110596,Joint-A,item error and total cancellation read together
PHQ-8,PHQ189_pooled,CrossAI_Joint-A,4,189,0.7269841269841271,0.2423280423280423,1.0,1.0,3.376190476190476,4.853439153439153,1.4772486772486766,0.2879677876503273,0.2306630837110596,Joint-A,item error and total cancellation read together
PHQ-8,PHQ189_pooled,CrossAI_Joint-A,5,189,0.8862433862433863,0.2954144620811287,1.0,1.0,3.376190476190476,4.853439153439153,1.4772486772486766,0.2879677876503273,0.2306630837110596,Joint-A,item error and total cancellation read together
PHQ-8,PHQ189_pooled,CrossAI_Joint-A,6,189,0.5857142857142857,0.1952380952380952,1.0,1.0,3.376190476190476,4.853439153439153,1.4772486772486766,0.2879677876503273,0.2306630837110596,Joint-A,item error and total cancellation read together
PHQ-8,PHQ189_pooled,CrossAI_Joint-A,7,189,0.6693121693121693,0.2231040564373897,1.0,1.0,3.376190476190476,4.853439153439153,1.4772486772486766,0.2879677876503273,0.2306630837110596,Joint-A,item error and total cancellation read together
PHQ-8,PHQ189_pooled,CrossAI_Joint-A,8,189,0.3677248677248677,0.1225749559082892,1.0,1.0,3.376190476190476,4.853439153439153,1.4772486772486766,0.2879677876503273,0.2306630837110596,Joint-A,item error and total cancellation read together
PHQ-8,PHQ189_pooled,CrossAI_Joint-B,1,189,0.5158730158730159,0.1719576719576719,1.0,1.0,3.51957671957672,4.775661375661375,1.2560846560846555,0.2487575475670713,0.2226483370772769,Joint-B,item error and total cancellation read together
PHQ-8,PHQ189_pooled,CrossAI_Joint-B,2,189,0.4973544973544973,0.1657848324514991,1.0,1.0,3.51957671957672,4.775661375661375,1.2560846560846555,0.2487575475670713,0.2226483370772769,Joint-B,item error and total cancellation read together
PHQ-8,PHQ189_pooled,CrossAI_Joint-B,3,189,0.5063492063492063,0.1687830687830687,1.0,1.0,3.51957671957672,4.775661375661375,1.2560846560846555,0.2487575475670713,0.2226483370772769,Joint-B,item error and total cancellation read together
PHQ-8,PHQ189_pooled,CrossAI_Joint-B,4,189,0.7571428571428572,0.2523809523809524,1.0,1.0,3.51957671957672,4.775661375661375,1.2560846560846555,0.2487575475670713,0.2226483370772769,Joint-B,item error and total cancellation read together
PHQ-8,PHQ189_pooled,CrossAI_Joint-B,5,189,0.9153439153439152,0.3051146384479718,1.0,1.0,3.51957671957672,4.775661375661375,1.2560846560846555,0.2487575475670713,0.2226483370772769,Joint-B,item error and total cancellation read together
PHQ-8,PHQ189_pooled,CrossAI_Joint-B,6,189,0.58994708994709,0.1966490299823632,1.0,1.0,3.51957671957672,4.775661375661375,1.2560846560846555,0.2487575475670713,0.2226483370772769,Joint-B,item error and total cancellation read together
PHQ-8,PHQ189_pooled,CrossAI_Joint-B,7,189,0.6476190476190476,0.2158730158730158,1.0,1.0,3.51957671957672,4.775661375661375,1.2560846560846555,0.2487575475670713,0.2226483370772769,Joint-B,item error and total cancellation read together
PHQ-8,PHQ189_pooled,CrossAI_Joint-B,8,189,0.3460317460317461,0.1153439153439153,1.0,1.0,3.51957671957672,4.775661375661375,1.2560846560846555,0.2487575475670713,0.2226483370772769,Joint-B,item error and total cancellation read together
PHQ-8,PHQ189_pooled,WithinAI_DeepSeek-V4-Pro_A,1,189,0.637037037037037,0.2123456790123457,1.0,1.0,3.305291005291005,5.261904761904762,1.956613756613757,0.3262297050392288,0.1945151221204704,SingleAI-A,item error and total cancellation read together
PHQ-8,PHQ189_pooled,WithinAI_DeepSeek-V4-Pro_A,2,189,0.5529100529100529,0.1843033509700176,1.0,1.0,3.305291005291005,5.261904761904762,1.956613756613757,0.3262297050392288,0.1945151221204704,SingleAI-A,item error and total cancellation read together
PHQ-8,PHQ189_pooled,WithinAI_DeepSeek-V4-Pro_A,3,189,0.4973544973544973,0.1657848324514991,1.0,1.0,3.305291005291005,5.261904761904762,1.956613756613757,0.3262297050392288,0.1945151221204704,SingleAI-A,item error and total cancellation read together
PHQ-8,PHQ189_pooled,WithinAI_DeepSeek-V4-Pro_A,4,189,0.7984126984126985,0.2661375661375661,1.0,1.0,3.305291005291005,5.261904761904762,1.956613756613757,0.3262297050392288,0.1945151221204704,SingleAI-A,item error and total cancellation read together
PHQ-8,PHQ189_pooled,WithinAI_DeepSeek-V4-Pro_A,5,189,0.9105820105820106,0.3035273368606702,1.0,1.0,3.305291005291005,5.261904761904762,1.956613756613757,0.3262297050392288,0.1945151221204704,SingleAI-A,item error and total cancellation read together
PHQ-8,PHQ189_pooled,WithinAI_DeepSeek-V4-Pro_A,6,189,0.7619047619047619,0.2539682539682539,1.0,1.0,3.305291005291005,5.261904761904762,1.956613756613757,0.3262297050392288,0.1945151221204704,SingleAI-A,item error and total cancellation read together
PHQ-8,PHQ189_pooled,WithinAI_DeepSeek-V4-Pro_A,7,189,0.7359788359788361,0.2453262786596119,1.0,1.0,3.305291005291005,5.261904761904762,1.956613756613757,0.3262297050392288,0.1945151221204704,SingleAI-A,item error and total cancellation read together
PHQ-8,PHQ189_pooled,WithinAI_DeepSeek-V4-Pro_A,8,189,0.3677248677248677,0.1225749559082892,1.0,1.0,3.305291005291005,5.261904761904762,1.956613756613757,0.3262297050392288,0.1945151221204704,SingleAI-A,item error and total cancellation read together
PHQ-8,PHQ189_pooled,WithinAI_DeepSeek-V4-Pro_B,1,189,0.5904761904761905,0.1968253968253968,1.0,1.0,3.693650793650794,5.03968253968254,1.3460317460317466,0.2443604426144108,0.2452576678218202,SingleAI-B,item error and total cancellation read together
PHQ-8,PHQ189_pooled,WithinAI_DeepSeek-V4-Pro_B,2,189,0.5687830687830688,0.1895943562610229,1.0,1.0,3.693650793650794,5.03968253968254,1.3460317460317466,0.2443604426144108,0.2452576678218202,SingleAI-B,item error and total cancellation read together
PHQ-8,PHQ189_pooled,WithinAI_DeepSeek-V4-Pro_B,3,189,0.5068783068783068,0.1689594356261022,1.0,1.0,3.693650793650794,5.03968253968254,1.3460317460317466,0.2443604426144108,0.2452576678218202,SingleAI-B,item error and total cancellation read together
PHQ-8,PHQ189_pooled,WithinAI_DeepSeek-V4-Pro_B,4,189,0.8137566137566138,0.2712522045855379,1.0,1.0,3.693650793650794,5.03968253968254,1.3460317460317466,0.2443604426144108,0.2452576678218202,SingleAI-B,item error and total cancellation read together
PHQ-8,PHQ189_pooled,WithinAI_DeepSeek-V4-Pro_B,5,189,0.9195767195767196,0.3065255731922398,1.0,1.0,3.693650793650794,5.03968253968254,1.3460317460317466,0.2443604426144108,0.2452576678218202,SingleAI-B,item error and total cancellation read together
PHQ-8,PHQ189_pooled,WithinAI_DeepSeek-V4-Pro_B,6,189,0.6349206349206349,0.2116402116402116,1.0,1.0,3.693650793650794,5.03968253968254,1.3460317460317466,0.2443604426144108,0.2452576678218202,SingleAI-B,item error and total cancellation read together
PHQ-8,PHQ189_pooled,WithinAI_DeepSeek-V4-Pro_B,7,189,0.6592592592592592,0.219753086419753,1.0,1.0,3.693650793650794,5.03968253968254,1.3460317460317466,0.2443604426144108,0.2452576678218202,SingleAI-B,item error and total cancellation read together
PHQ-8,PHQ189_pooled,WithinAI_DeepSeek-V4-Pro_B,8,189,0.3460317460317461,0.1153439153439153,1.0,1.0,3.693650793650794,5.03968253968254,1.3460317460317466,0.2443604426144108,0.2452576678218202,SingleAI-B,item error and total cancellation read together
PHQ-8,PHQ189_pooled,WithinAI_GLM-5.2_A,1,189,0.5232804232804233,0.1744268077601411,1.0,1.0,3.2566137566137567,4.828042328042328,1.5714285714285716,0.3042591065606938,0.2273241027284324,SingleAI-A,item error and total cancellation read together
PHQ-8,PHQ189_pooled,WithinAI_GLM-5.2_A,2,189,0.5328042328042328,0.1776014109347442,1.0,1.0,3.2566137566137567,4.828042328042328,1.5714285714285716,0.3042591065606938,0.2273241027284324,SingleAI-A,item error and total cancellation read together
PHQ-8,PHQ189_pooled,WithinAI_GLM-5.2_A,3,189,0.5507936507936507,0.1835978835978836,1.0,1.0,3.2566137566137567,4.828042328042328,1.5714285714285716,0.3042591065606938,0.2273241027284324,SingleAI-A,item error and total cancellation read together
PHQ-8,PHQ189_pooled,WithinAI_GLM-5.2_A,4,189,0.7280423280423282,0.2426807760141093,1.0,1.0,3.2566137566137567,4.828042328042328,1.5714285714285716,0.3042591065606938,0.2273241027284324,SingleAI-A,item error and total cancellation read together
PHQ-8,PHQ189_pooled,WithinAI_GLM-5.2_A,5,189,0.8783068783068783,0.2927689594356261,1.0,1.0,3.2566137566137567,4.828042328042328,1.5714285714285716,0.3042591065606938,0.2273241027284324,SingleAI-A,item error and total cancellation read together
PHQ-8,PHQ189_pooled,WithinAI_GLM-5.2_A,6,189,0.5857142857142857,0.1952380952380952,1.0,1.0,3.2566137566137567,4.828042328042328,1.5714285714285716,0.3042591065606938,0.2273241027284324,SingleAI-A,item error and total cancellation read together
PHQ-8,PHQ189_pooled,WithinAI_GLM-5.2_A,7,189,0.6613756613756614,0.2204585537918871,1.0,1.0,3.2566137566137567,4.828042328042328,1.5714285714285716,0.3042591065606938,0.2273241027284324,SingleAI-A,item error and total cancellation read together
PHQ-8,PHQ189_pooled,WithinAI_GLM-5.2_A,8,189,0.3677248677248677,0.1225749559082892,1.0,1.0,3.2566137566137567,4.828042328042328,1.5714285714285716,0.3042591065606938,0.2273241027284324,SingleAI-A,item error and total cancellation read together
PHQ-8,PHQ189_pooled,WithinAI_GLM-5.2_B,1,189,0.5158730158730159,0.1719576719576719,1.0,1.0,3.2507936507936512,4.84021164021164,1.589417989417989,0.3012884939869067,0.2361077985821984,SingleAI-B,item error and total cancellation read together
PHQ-8,PHQ189_pooled,WithinAI_GLM-5.2_B,2,189,0.5497354497354497,0.1832451499118165,1.0,1.0,3.2507936507936512,4.84021164021164,1.589417989417989,0.3012884939869067,0.2361077985821984,SingleAI-B,item error and total cancellation read together
PHQ-8,PHQ189_pooled,WithinAI_GLM-5.2_B,3,189,0.5264550264550265,0.1754850088183421,1.0,1.0,3.2507936507936512,4.84021164021164,1.589417989417989,0.3012884939869067,0.2361077985821984,SingleAI-B,item error and total cancellation read together
PHQ-8,PHQ189_pooled,WithinAI_GLM-5.2_B,4,189,0.7407407407407407,0.2469135802469136,1.0,1.0,3.2507936507936512,4.84021164021164,1.589417989417989,0.3012884939869067,0.2361077985821984,SingleAI-B,item error and total cancellation read together
PHQ-8,PHQ189_pooled,WithinAI_GLM-5.2_B,5,189,0.9063492063492063,0.3021164021164021,1.0,1.0,3.2507936507936512,4.84021164021164,1.589417989417989,0.3012884939869067,0.2361077985821984,SingleAI-B,item error and total cancellation read together
PHQ-8,PHQ189_pooled,WithinAI_GLM-5.2_B,6,189,0.58994708994709,0.1966490299823632,1.0,1.0,3.2507936507936512,4.84021164021164,1.589417989417989,0.3012884939869067,0.2361077985821984,SingleAI-B,item error and total cancellation read together
PHQ-8,PHQ189_pooled,WithinAI_GLM-5.2_B,7,189,0.6328042328042328,0.2109347442680776,1.0,1.0,3.2507936507936512,4.84021164021164,1.589417989417989,0.3012884939869067,0.2361077985821984,SingleAI-B,item error and total cancellation read together
PHQ-8,PHQ189_pooled,WithinAI_GLM-5.2_B,8,189,0.3783068783068783,0.1261022927689594,1.0,1.0,3.2507936507936512,4.84021164021164,1.589417989417989,0.3012884939869067,0.2361077985821984,SingleAI-B,item error and total cancellation read together
PHQ-8,PHQ189_pooled,WithinAI_Qwen3.7-Max_A,1,189,0.6523809523809524,0.2174603174603174,1.0,1.0,3.5989417989417998,5.052910052910053,1.4539682539682532,0.2378678628491887,0.230465666060556,SingleAI-A,item error and total cancellation read together
PHQ-8,PHQ189_pooled,WithinAI_Qwen3.7-Max_A,2,189,0.5132275132275133,0.1710758377425043,1.0,1.0,3.5989417989417998,5.052910052910053,1.4539682539682532,0.2378678628491887,0.230465666060556,SingleAI-A,item error and total cancellation read together
PHQ-8,PHQ189_pooled,WithinAI_Qwen3.7-Max_A,3,189,0.5248677248677249,0.1749559082892416,1.0,1.0,3.5989417989417998,5.052910052910053,1.4539682539682532,0.2378678628491887,0.230465666060556,SingleAI-A,item error and total cancellation read together
PHQ-8,PHQ189_pooled,WithinAI_Qwen3.7-Max_A,4,189,0.7126984126984126,0.2375661375661375,1.0,1.0,3.5989417989417998,5.052910052910053,1.4539682539682532,0.2378678628491887,0.230465666060556,SingleAI-A,item error and total cancellation read together
PHQ-8,PHQ189_pooled,WithinAI_Qwen3.7-Max_A,5,189,0.9211640211640212,0.3070546737213404,1.0,1.0,3.5989417989417998,5.052910052910053,1.4539682539682532,0.2378678628491887,0.230465666060556,SingleAI-A,item error and total cancellation read together
PHQ-8,PHQ189_pooled,WithinAI_Qwen3.7-Max_A,6,189,0.656084656084656,0.218694885361552,1.0,1.0,3.5989417989417998,5.052910052910053,1.4539682539682532,0.2378678628491887,0.230465666060556,SingleAI-A,item error and total cancellation read together
PHQ-8,PHQ189_pooled,WithinAI_Qwen3.7-Max_A,7,189,0.6947089947089947,0.2315696649029982,1.0,1.0,3.5989417989417998,5.052910052910053,1.4539682539682532,0.2378678628491887,0.230465666060556,SingleAI-A,item error and total cancellation read together
PHQ-8,PHQ189_pooled,WithinAI_Qwen3.7-Max_A,8,189,0.3777777777777778,0.1259259259259259,1.0,1.0,3.5989417989417998,5.052910052910053,1.4539682539682532,0.2378678628491887,0.230465666060556,SingleAI-A,item error and total cancellation read together
PHQ-8,PHQ189_pooled,WithinAI_Qwen3.7-Max_B,1,189,0.5835978835978836,0.1945326278659612,1.0,1.0,3.737566137566137,4.897354497354497,1.1597883597883603,0.2119557250509631,0.2495513207088503,SingleAI-B,item error and total cancellation read together
PHQ-8,PHQ189_pooled,WithinAI_Qwen3.7-Max_B,2,189,0.4973544973544973,0.1657848324514991,1.0,1.0,3.737566137566137,4.897354497354497,1.1597883597883603,0.2119557250509631,0.2495513207088503,SingleAI-B,item error and total cancellation read together
PHQ-8,PHQ189_pooled,WithinAI_Qwen3.7-Max_B,3,189,0.4968253968253968,0.1656084656084656,1.0,1.0,3.737566137566137,4.897354497354497,1.1597883597883603,0.2119557250509631,0.2495513207088503,SingleAI-B,item error and total cancellation read together
PHQ-8,PHQ189_pooled,WithinAI_Qwen3.7-Max_B,4,189,0.7380952380952381,0.246031746031746,1.0,1.0,3.737566137566137,4.897354497354497,1.1597883597883603,0.2119557250509631,0.2495513207088503,SingleAI-B,item error and total cancellation read together
PHQ-8,PHQ189_pooled,WithinAI_Qwen3.7-Max_B,5,189,0.907936507936508,0.3026455026455026,1.0,1.0,3.737566137566137,4.897354497354497,1.1597883597883603,0.2119557250509631,0.2495513207088503,SingleAI-B,item error and total cancellation read together
PHQ-8,PHQ189_pooled,WithinAI_Qwen3.7-Max_B,6,189,0.6544973544973545,0.2181657848324515,1.0,1.0,3.737566137566137,4.897354497354497,1.1597883597883603,0.2119557250509631,0.2495513207088503,SingleAI-B,item error and total cancellation read together
PHQ-8,PHQ189_pooled,WithinAI_Qwen3.7-Max_B,7,189,0.6814814814814816,0.2271604938271605,1.0,1.0,3.737566137566137,4.897354497354497,1.1597883597883603,0.2119557250509631,0.2495513207088503,SingleAI-B,item error and total cancellation read together
PHQ-8,PHQ189_pooled,WithinAI_Qwen3.7-Max_B,8,189,0.3375661375661375,0.1125220458553791,1.0,1.0,3.737566137566137,4.897354497354497,1.1597883597883603,0.2119557250509631,0.2495513207088503,SingleAI-B,item error and total cancellation read together
HAMD-17,HAMD17_available,C03_GLM-5.2,1,99,0.7878787878787878,0.1969696969696969,0.9774212715389188,0.6161616161616161,3.616161616161616,7.717171717171717,4.101010101010101,0.5317435090162362,0.5807588585409317,SingleAI-C03,item error and total cancellation read together
HAMD-17,HAMD17_available,C03_GLM-5.2,2,99,0.5656565656565656,0.1414141414141414,0.9774212715389188,0.6161616161616161,3.616161616161616,7.717171717171717,4.101010101010101,0.5317435090162362,0.5807588585409317,SingleAI-C03,item error and total cancellation read together
HAMD-17,HAMD17_available,C03_GLM-5.2,3,99,0.5252525252525253,0.1313131313131313,0.9774212715389188,0.6161616161616161,3.616161616161616,7.717171717171717,4.101010101010101,0.5317435090162362,0.5807588585409317,SingleAI-C03,item error and total cancellation read together
HAMD-17,HAMD17_available,C03_GLM-5.2,4,99,0.4141414141414141,0.207070707070707,0.9774212715389188,0.6161616161616161,3.616161616161616,7.717171717171717,4.101010101010101,0.5317435090162362,0.5807588585409317,SingleAI-C03,item error and total cancellation read together
HAMD-17,HAMD17_available,C03_GLM-5.2,5,99,0.4646464646464646,0.2323232323232323,0.9774212715389188,0.6161616161616161,3.616161616161616,7.717171717171717,4.101010101010101,0.5317435090162362,0.5807588585409317,SingleAI-C03,item error and total cancellation read together
HAMD-17,HAMD17_available,C03_GLM-5.2,6,99,0.3434343434343434,0.1717171717171717,0.9774212715389188,0.6161616161616161,3.616161616161616,7.717171717171717,4.101010101010101,0.5317435090162362,0.5807588585409317,SingleAI-C03,item error and total cancellation read together
HAMD-17,HAMD17_available,C03_GLM-5.2,7,99,0.6464646464646465,0.1616161616161616,0.9774212715389188,0.6161616161616161,3.616161616161616,7.717171717171717,4.101010101010101,0.5317435090162362,0.5807588585409317,SingleAI-C03,item error and total cancellation read together
HAMD-17,HAMD17_available,C03_GLM-5.2,8,99,0.5858585858585859,0.1464646464646464,0.9774212715389188,0.6161616161616161,3.616161616161616,7.717171717171717,4.101010101010101,0.5317435090162362,0.5807588585409317,SingleAI-C03,item error and total cancellation read together
HAMD-17,HAMD17_available,C03_GLM-5.2,9,99,0.5959595959595959,0.1489898989898989,0.9774212715389188,0.6161616161616161,3.616161616161616,7.717171717171717,4.101010101010101,0.5317435090162362,0.5807588585409317,SingleAI-C03,item error and total cancellation read together
HAMD-17,HAMD17_available,C03_GLM-5.2,10,99,0.5858585858585859,0.1464646464646464,0.9774212715389188,0.6161616161616161,3.616161616161616,7.717171717171717,4.101010101010101,0.5317435090162362,0.5807588585409317,SingleAI-C03,item error and total cancellation read together
HAMD-17,HAMD17_available,C03_GLM-5.2,11,99,0.5555555555555556,0.1388888888888889,0.9774212715389188,0.6161616161616161,3.616161616161616,7.717171717171717,4.101010101010101,0.5317435090162362,0.5807588585409317,SingleAI-C03,item error and total cancellation read together
HAMD-17,HAMD17_available,C03_GLM-5.2,12,99,0.1616161616161616,0.0808080808080808,0.9774212715389188,0.6161616161616161,3.616161616161616,7.717171717171717,4.101010101010101,0.5317435090162362,0.5807588585409317,SingleAI-C03,item error and total cancellation read together
HAMD-17,HAMD17_available,C03_GLM-5.2,13,99,0.3131313131313131,0.1565656565656565,0.9774212715389188,0.6161616161616161,3.616161616161616,7.717171717171717,4.101010101010101,0.5317435090162362,0.5807588585409317,SingleAI-C03,item error and total cancellation read together
HAMD-17,HAMD17_available,C03_GLM-5.2,14,61,0.360655737704918,0.180327868852459,0.9774212715389188,0.6161616161616161,3.616161616161616,7.717171717171717,4.101010101010101,0.5317435090162362,0.5807588585409317,SingleAI-C03,HAMD H14=9 is unassessable; interpret item support with coverage
HAMD-17,HAMD17_available,C03_GLM-5.2,15,99,0.404040404040404,0.101010101010101,0.9774212715389188,0.6161616161616161,3.616161616161616,7.717171717171717,4.101010101010101,0.5317435090162362,0.5807588585409317,SingleAI-C03,item error and total cancellation read together
HAMD-17,HAMD17_available,C03_GLM-5.2,16,99,0.2626262626262626,0.1313131313131313,0.9774212715389188,0.6161616161616161,3.616161616161616,7.717171717171717,4.101010101010101,0.5317435090162362,0.5807588585409317,SingleAI-C03,item error and total cancellation read together
HAMD-17,HAMD17_available,C03_GLM-5.2,17,99,0.2828282828282828,0.1414141414141414,0.9774212715389188,0.6161616161616161,3.616161616161616,7.717171717171717,4.101010101010101,0.5317435090162362,0.5807588585409317,SingleAI-C03,item error and total cancellation read together
HAMD-17,HAMD17_available,C03_Kimi-K2.6,1,99,0.6565656565656566,0.1641414141414141,0.9786096256684492,0.6363636363636364,4.202020202020202,7.757575757575758,3.5555555555555554,0.4379367546034212,0.5736636898367782,SingleAI-C03,item error and total cancellation read together
HAMD-17,HAMD17_available,C03_Kimi-K2.6,2,99,0.5959595959595959,0.1489898989898989,0.9786096256684492,0.6363636363636364,4.202020202020202,7.757575757575758,3.5555555555555554,0.4379367546034212,0.5736636898367782,SingleAI-C03,item error and total cancellation read together
HAMD-17,HAMD17_available,C03_Kimi-K2.6,3,99,0.5353535353535354,0.1338383838383838,0.9786096256684492,0.6363636363636364,4.202020202020202,7.757575757575758,3.5555555555555554,0.4379367546034212,0.5736636898367782,SingleAI-C03,item error and total cancellation read together
HAMD-17,HAMD17_available,C03_Kimi-K2.6,4,99,0.3838383838383838,0.1919191919191919,0.9786096256684492,0.6363636363636364,4.202020202020202,7.757575757575758,3.5555555555555554,0.4379367546034212,0.5736636898367782,SingleAI-C03,item error and total cancellation read together
HAMD-17,HAMD17_available,C03_Kimi-K2.6,5,99,0.6161616161616161,0.308080808080808,0.9786096256684492,0.6363636363636364,4.202020202020202,7.757575757575758,3.5555555555555554,0.4379367546034212,0.5736636898367782,SingleAI-C03,item error and total cancellation read together
HAMD-17,HAMD17_available,C03_Kimi-K2.6,6,99,0.3939393939393939,0.1969696969696969,0.9786096256684492,0.6363636363636364,4.202020202020202,7.757575757575758,3.5555555555555554,0.4379367546034212,0.5736636898367782,SingleAI-C03,item error and total cancellation read together
HAMD-17,HAMD17_available,C03_Kimi-K2.6,7,99,0.5858585858585859,0.1464646464646464,0.9786096256684492,0.6363636363636364,4.202020202020202,7.757575757575758,3.5555555555555554,0.4379367546034212,0.5736636898367782,SingleAI-C03,item error and total cancellation read together
HAMD-17,HAMD17_available,C03_Kimi-K2.6,8,99,0.5151515151515151,0.1287878787878787,0.9786096256684492,0.6363636363636364,4.202020202020202,7.757575757575758,3.5555555555555554,0.4379367546034212,0.5736636898367782,SingleAI-C03,item error and total cancellation read together
HAMD-17,HAMD17_available,C03_Kimi-K2.6,9,99,0.5252525252525253,0.1313131313131313,0.9786096256684492,0.6363636363636364,4.202020202020202,7.757575757575758,3.5555555555555554,0.4379367546034212,0.5736636898367782,SingleAI-C03,item error and total cancellation read together
HAMD-17,HAMD17_available,C03_Kimi-K2.6,10,99,0.6464646464646465,0.1616161616161616,0.9786096256684492,0.6363636363636364,4.202020202020202,7.757575757575758,3.5555555555555554,0.4379367546034212,0.5736636898367782,SingleAI-C03,item error and total cancellation read together
HAMD-17,HAMD17_available,C03_Kimi-K2.6,11,99,0.6464646464646465,0.1616161616161616,0.9786096256684492,0.6363636363636364,4.202020202020202,7.757575757575758,3.5555555555555554,0.4379367546034212,0.5736636898367782,SingleAI-C03,item error and total cancellation read together
HAMD-17,HAMD17_available,C03_Kimi-K2.6,12,99,0.1414141414141414,0.0707070707070707,0.9786096256684492,0.6363636363636364,4.202020202020202,7.757575757575758,3.5555555555555554,0.4379367546034212,0.5736636898367782,SingleAI-C03,item error and total cancellation read together
HAMD-17,HAMD17_available,C03_Kimi-K2.6,13,99,0.3333333333333333,0.1666666666666666,0.9786096256684492,0.6363636363636364,4.202020202020202,7.757575757575758,3.5555555555555554,0.4379367546034212,0.5736636898367782,SingleAI-C03,item error and total cancellation read together
HAMD-17,HAMD17_available,C03_Kimi-K2.6,14,63,0.3809523809523809,0.1904761904761904,0.9786096256684492,0.6363636363636364,4.202020202020202,7.757575757575758,3.5555555555555554,0.4379367546034212,0.5736636898367782,SingleAI-C03,HAMD H14=9 is unassessable; interpret item support with coverage
HAMD-17,HAMD17_available,C03_Kimi-K2.6,15,99,0.4747474747474747,0.1186868686868686,0.9786096256684492,0.6363636363636364,4.202020202020202,7.757575757575758,3.5555555555555554,0.4379367546034212,0.5736636898367782,SingleAI-C03,item error and total cancellation read together
HAMD-17,HAMD17_available,C03_Kimi-K2.6,16,99,0.2525252525252525,0.1262626262626262,0.9786096256684492,0.6363636363636364,4.202020202020202,7.757575757575758,3.5555555555555554,0.4379367546034212,0.5736636898367782,SingleAI-C03,item error and total cancellation read together
HAMD-17,HAMD17_available,C03_Kimi-K2.6,17,99,0.2121212121212121,0.106060606060606,0.9786096256684492,0.6363636363636364,4.202020202020202,7.757575757575758,3.5555555555555554,0.4379367546034212,0.5736636898367782,SingleAI-C03,item error and total cancellation read together
HAMD-17,HAMD17_available,C03_Qwen3.7-Max,1,99,0.7676767676767676,0.1919191919191919,0.9750445632798574,0.5757575757575758,3.676767676767677,7.595959595959596,3.919191919191919,0.5017487365080948,0.5810802591535278,SingleAI-C03,item error and total cancellation read together
HAMD-17,HAMD17_available,C03_Qwen3.7-Max,2,99,0.4848484848484848,0.1212121212121212,0.9750445632798574,0.5757575757575758,3.676767676767677,7.595959595959596,3.919191919191919,0.5017487365080948,0.5810802591535278,SingleAI-C03,item error and total cancellation read together
HAMD-17,HAMD17_available,C03_Qwen3.7-Max,3,99,0.7070707070707071,0.1767676767676767,0.9750445632798574,0.5757575757575758,3.676767676767677,7.595959595959596,3.919191919191919,0.5017487365080948,0.5810802591535278,SingleAI-C03,item error and total cancellation read together
HAMD-17,HAMD17_available,C03_Qwen3.7-Max,4,99,0.3737373737373737,0.1868686868686868,0.9750445632798574,0.5757575757575758,3.676767676767677,7.595959595959596,3.919191919191919,0.5017487365080948,0.5810802591535278,SingleAI-C03,item error and total cancellation read together
HAMD-17,HAMD17_available,C03_Qwen3.7-Max,5,99,0.4646464646464646,0.2323232323232323,0.9750445632798574,0.5757575757575758,3.676767676767677,7.595959595959596,3.919191919191919,0.5017487365080948,0.5810802591535278,SingleAI-C03,item error and total cancellation read together
HAMD-17,HAMD17_available,C03_Qwen3.7-Max,6,99,0.3535353535353535,0.1767676767676767,0.9750445632798574,0.5757575757575758,3.676767676767677,7.595959595959596,3.919191919191919,0.5017487365080948,0.5810802591535278,SingleAI-C03,item error and total cancellation read together
HAMD-17,HAMD17_available,C03_Qwen3.7-Max,7,99,0.6262626262626263,0.1565656565656565,0.9750445632798574,0.5757575757575758,3.676767676767677,7.595959595959596,3.919191919191919,0.5017487365080948,0.5810802591535278,SingleAI-C03,item error and total cancellation read together
HAMD-17,HAMD17_available,C03_Qwen3.7-Max,8,99,0.5050505050505051,0.1262626262626262,0.9750445632798574,0.5757575757575758,3.676767676767677,7.595959595959596,3.919191919191919,0.5017487365080948,0.5810802591535278,SingleAI-C03,item error and total cancellation read together
HAMD-17,HAMD17_available,C03_Qwen3.7-Max,9,99,0.494949494949495,0.1237373737373737,0.9750445632798574,0.5757575757575758,3.676767676767677,7.595959595959596,3.919191919191919,0.5017487365080948,0.5810802591535278,SingleAI-C03,item error and total cancellation read together
HAMD-17,HAMD17_available,C03_Qwen3.7-Max,10,99,0.6666666666666666,0.1666666666666666,0.9750445632798574,0.5757575757575758,3.676767676767677,7.595959595959596,3.919191919191919,0.5017487365080948,0.5810802591535278,SingleAI-C03,item error and total cancellation read together
HAMD-17,HAMD17_available,C03_Qwen3.7-Max,11,99,0.6464646464646465,0.1616161616161616,0.9750445632798574,0.5757575757575758,3.676767676767677,7.595959595959596,3.919191919191919,0.5017487365080948,0.5810802591535278,SingleAI-C03,item error and total cancellation read together
HAMD-17,HAMD17_available,C03_Qwen3.7-Max,12,99,0.1515151515151515,0.0757575757575757,0.9750445632798574,0.5757575757575758,3.676767676767677,7.595959595959596,3.919191919191919,0.5017487365080948,0.5810802591535278,SingleAI-C03,item error and total cancellation read together
HAMD-17,HAMD17_available,C03_Qwen3.7-Max,13,99,0.2929292929292929,0.1464646464646464,0.9750445632798574,0.5757575757575758,3.676767676767677,7.595959595959596,3.919191919191919,0.5017487365080948,0.5810802591535278,SingleAI-C03,item error and total cancellation read together
HAMD-17,HAMD17_available,C03_Qwen3.7-Max,14,57,0.3333333333333333,0.1666666666666666,0.9750445632798574,0.5757575757575758,3.676767676767677,7.595959595959596,3.919191919191919,0.5017487365080948,0.5810802591535278,SingleAI-C03,HAMD H14=9 is unassessable; interpret item support with coverage
HAMD-17,HAMD17_available,C03_Qwen3.7-Max,15,99,0.4444444444444444,0.1111111111111111,0.9750445632798574,0.5757575757575758,3.676767676767677,7.595959595959596,3.919191919191919,0.5017487365080948,0.5810802591535278,SingleAI-C03,item error and total cancellation read together
HAMD-17,HAMD17_available,C03_Qwen3.7-Max,16,99,0.2323232323232323,0.1161616161616161,0.9750445632798574,0.5757575757575758,3.676767676767677,7.595959595959596,3.919191919191919,0.5017487365080948,0.5810802591535278,SingleAI-C03,item error and total cancellation read together
HAMD-17,HAMD17_available,C03_Qwen3.7-Max,17,99,0.1919191919191919,0.0959595959595959,0.9750445632798574,0.5757575757575758,3.676767676767677,7.595959595959596,3.919191919191919,0.5017487365080948,0.5810802591535278,SingleAI-C03,item error and total cancellation read together
HAMD-17,HAMD17_available,CrossAI_C03,1,99,0.6565656565656566,0.1641414141414141,0.9754010695187164,0.5818181818181818,3.527272727272728,7.482828282828282,3.9555555555555544,0.5258438855987876,0.6033866440635984,CrossAI-C03,item error and total cancellation read together
HAMD-17,HAMD17_available,CrossAI_C03,2,99,0.4848484848484848,0.1212121212121212,0.9754010695187164,0.5818181818181818,3.527272727272728,7.482828282828282,3.9555555555555544,0.5258438855987876,0.6033866440635984,CrossAI-C03,item error and total cancellation read together
HAMD-17,HAMD17_available,CrossAI_C03,3,99,0.5757575757575758,0.1439393939393939,0.9754010695187164,0.5818181818181818,3.527272727272728,7.482828282828282,3.9555555555555544,0.5258438855987876,0.6033866440635984,CrossAI-C03,item error and total cancellation read together
HAMD-17,HAMD17_available,CrossAI_C03,4,99,0.4121212121212121,0.206060606060606,0.9754010695187164,0.5818181818181818,3.527272727272728,7.482828282828282,3.9555555555555544,0.5258438855987876,0.6033866440635984,CrossAI-C03,item error and total cancellation read together
HAMD-17,HAMD17_available,CrossAI_C03,5,99,0.5020202020202019,0.2510101010101009,0.9754010695187164,0.5818181818181818,3.527272727272728,7.482828282828282,3.9555555555555544,0.5258438855987876,0.6033866440635984,CrossAI-C03,item error and total cancellation read together
HAMD-17,HAMD17_available,CrossAI_C03,6,99,0.3707070707070707,0.1853535353535353,0.9754010695187164,0.5818181818181818,3.527272727272728,7.482828282828282,3.9555555555555544,0.5258438855987876,0.6033866440635984,CrossAI-C03,item error and total cancellation read together
HAMD-17,HAMD17_available,CrossAI_C03,7,99,0.6313131313131313,0.1578282828282828,0.9754010695187164,0.5818181818181818,3.527272727272728,7.482828282828282,3.9555555555555544,0.5258438855987876,0.6033866440635984,CrossAI-C03,item error and total cancellation read together
HAMD-17,HAMD17_available,CrossAI_C03,8,99,0.5474747474747476,0.1368686868686869,0.9754010695187164,0.5818181818181818,3.527272727272728,7.482828282828282,3.9555555555555544,0.5258438855987876,0.6033866440635984,CrossAI-C03,item error and total cancellation read together
HAMD-17,HAMD17_available,CrossAI_C03,9,99,0.5474747474747476,0.1368686868686869,0.9754010695187164,0.5818181818181818,3.527272727272728,7.482828282828282,3.9555555555555544,0.5258438855987876,0.6033866440635984,CrossAI-C03,item error and total cancellation read together
HAMD-17,HAMD17_available,CrossAI_C03,10,99,0.5858585858585859,0.1464646464646464,0.9754010695187164,0.5818181818181818,3.527272727272728,7.482828282828282,3.9555555555555544,0.5258438855987876,0.6033866440635984,CrossAI-C03,item error and total cancellation read together
HAMD-17,HAMD17_available,CrossAI_C03,11,99,0.5555555555555556,0.1388888888888889,0.9754010695187164,0.5818181818181818,3.527272727272728,7.482828282828282,3.9555555555555544,0.5258438855987876,0.6033866440635984,CrossAI-C03,item error and total cancellation read together
HAMD-17,HAMD17_available,CrossAI_C03,12,99,0.1696969696969696,0.0848484848484848,0.9754010695187164,0.5818181818181818,3.527272727272728,7.482828282828282,3.9555555555555544,0.5258438855987876,0.6033866440635984,CrossAI-C03,item error and total cancellation read together
HAMD-17,HAMD17_available,CrossAI_C03,13,99,0.3363636363636363,0.1681818181818181,0.9754010695187164,0.5818181818181818,3.527272727272728,7.482828282828282,3.9555555555555544,0.5258438855987876,0.6033866440635984,CrossAI-C03,item error and total cancellation read together
HAMD-17,HAMD17_available,CrossAI_C03,14,62,0.3612903225806451,0.1806451612903225,0.9754010695187164,0.5818181818181818,3.527272727272728,7.482828282828282,3.9555555555555544,0.5258438855987876,0.6033866440635984,CrossAI-C03,HAMD H14=9 is unassessable; interpret item support with coverage
HAMD-17,HAMD17_available,CrossAI_C03,15,99,0.4090909090909091,0.1022727272727272,0.9754010695187164,0.5818181818181818,3.527272727272728,7.482828282828282,3.9555555555555544,0.5258438855987876,0.6033866440635984,CrossAI-C03,item error and total cancellation read together
HAMD-17,HAMD17_available,CrossAI_C03,16,99,0.2707070707070707,0.1353535353535353,0.9754010695187164,0.5818181818181818,3.527272727272728,7.482828282828282,3.9555555555555544,0.5258438855987876,0.6033866440635984,CrossAI-C03,item error and total cancellation read together
HAMD-17,HAMD17_available,CrossAI_C03,17,99,0.2222222222222222,0.1111111111111111,0.9754010695187164,0.5818181818181818,3.527272727272728,7.482828282828282,3.9555555555555544,0.5258438855987876,0.6033866440635984,CrossAI-C03,item error and total cancellation read together
HAMD-17,HAMD17_available,CrossAI_Conservative-C,1,99,0.6646464646464646,0.1661616161616161,0.9771836007130124,0.6121212121212122,3.503030303030304,7.628282828282828,4.125252525252524,0.5323535511616007,0.5985591134050733,Conservative-C,item error and total cancellation read together
HAMD-17,HAMD17_available,CrossAI_Conservative-C,2,99,0.4959595959595959,0.1239898989898989,0.9771836007130124,0.6121212121212122,3.503030303030304,7.628282828282828,4.125252525252524,0.5323535511616007,0.5985591134050733,Conservative-C,item error and total cancellation read together
HAMD-17,HAMD17_available,CrossAI_Conservative-C,3,99,0.593939393939394,0.1484848484848485,0.9771836007130124,0.6121212121212122,3.503030303030304,7.628282828282828,4.125252525252524,0.5323535511616007,0.5985591134050733,Conservative-C,item error and total cancellation read together
HAMD-17,HAMD17_available,CrossAI_Conservative-C,4,99,0.4111111111111111,0.2055555555555555,0.9771836007130124,0.6121212121212122,3.503030303030304,7.628282828282828,4.125252525252524,0.5323535511616007,0.5985591134050733,Conservative-C,item error and total cancellation read together
HAMD-17,HAMD17_available,CrossAI_Conservative-C,5,99,0.502020202020202,0.251010101010101,0.9771836007130124,0.6121212121212122,3.503030303030304,7.628282828282828,4.125252525252524,0.5323535511616007,0.5985591134050733,Conservative-C,item error and total cancellation read together
HAMD-17,HAMD17_available,CrossAI_Conservative-C,6,99,0.3858585858585859,0.1929292929292929,0.9771836007130124,0.6121212121212122,3.503030303030304,7.628282828282828,4.125252525252524,0.5323535511616007,0.5985591134050733,Conservative-C,item error and total cancellation read together
HAMD-17,HAMD17_available,CrossAI_Conservative-C,7,99,0.6626262626262626,0.1656565656565656,0.9771836007130124,0.6121212121212122,3.503030303030304,7.628282828282828,4.125252525252524,0.5323535511616007,0.5985591134050733,Conservative-C,item error and total cancellation read together
HAMD-17,HAMD17_available,CrossAI_Conservative-C,8,99,0.5464646464646464,0.1366161616161616,0.9771836007130124,0.6121212121212122,3.503030303030304,7.628282828282828,4.125252525252524,0.5323535511616007,0.5985591134050733,Conservative-C,item error and total cancellation read together
HAMD-17,HAMD17_available,CrossAI_Conservative-C,9,99,0.5444444444444444,0.1361111111111111,0.9771836007130124,0.6121212121212122,3.503030303030304,7.628282828282828,4.125252525252524,0.5323535511616007,0.5985591134050733,Conservative-C,item error and total cancellation read together
HAMD-17,HAMD17_available,CrossAI_Conservative-C,10,99,0.5818181818181818,0.1454545454545454,0.9771836007130124,0.6121212121212122,3.503030303030304,7.628282828282828,4.125252525252524,0.5323535511616007,0.5985591134050733,Conservative-C,item error and total cancellation read together
HAMD-17,HAMD17_available,CrossAI_Conservative-C,11,99,0.5767676767676768,0.1441919191919192,0.9771836007130124,0.6121212121212122,3.503030303030304,7.628282828282828,4.125252525252524,0.5323535511616007,0.5985591134050733,Conservative-C,item error and total cancellation read together
HAMD-17,HAMD17_available,CrossAI_Conservative-C,12,99,0.1686868686868687,0.0843434343434343,0.9771836007130124,0.6121212121212122,3.503030303030304,7.628282828282828,4.125252525252524,0.5323535511616007,0.5985591134050733,Conservative-C,item error and total cancellation read together
HAMD-17,HAMD17_available,CrossAI_Conservative-C,13,99,0.3434343434343434,0.1717171717171717,0.9771836007130124,0.6121212121212122,3.503030303030304,7.628282828282828,4.125252525252524,0.5323535511616007,0.5985591134050733,Conservative-C,item error and total cancellation read together
HAMD-17,HAMD17_available,CrossAI_Conservative-C,14,70,0.3757539682539682,0.1878769841269841,0.9771836007130124,0.6121212121212122,3.503030303030304,7.628282828282828,4.125252525252524,0.5323535511616007,0.5985591134050733,Conservative-C,HAMD H14=9 is unassessable; interpret item support with coverage
HAMD-17,HAMD17_available,CrossAI_Conservative-C,15,99,0.4272727272727272,0.1068181818181818,0.9771836007130124,0.6121212121212122,3.503030303030304,7.628282828282828,4.125252525252524,0.5323535511616007,0.5985591134050733,Conservative-C,item error and total cancellation read together
HAMD-17,HAMD17_available,CrossAI_Conservative-C,16,99,0.2777777777777778,0.1388888888888889,0.9771836007130124,0.6121212121212122,3.503030303030304,7.628282828282828,4.125252525252524,0.5323535511616007,0.5985591134050733,Conservative-C,item error and total cancellation read together
HAMD-17,HAMD17_available,CrossAI_Conservative-C,17,99,0.2202020202020202,0.1101010101010101,0.9771836007130124,0.6121212121212122,3.503030303030304,7.628282828282828,4.125252525252524,0.5323535511616007,0.5985591134050733,Conservative-C,item error and total cancellation read together
HAMD-17,HAMD17_available,CrossAI_Joint-A,1,99,0.8,0.2,0.97825311942959,0.6303030303030304,3.5626262626262624,8.253535353535353,4.690909090909091,0.5551310319827535,0.5576677188921286,Joint-A,item error and total cancellation read together
HAMD-17,HAMD17_available,CrossAI_Joint-A,2,99,0.5303030303030303,0.1325757575757575,0.97825311942959,0.6303030303030304,3.5626262626262624,8.253535353535353,4.690909090909091,0.5551310319827535,0.5576677188921286,Joint-A,item error and total cancellation read together
HAMD-17,HAMD17_available,CrossAI_Joint-A,3,99,0.5484848484848486,0.1371212121212121,0.97825311942959,0.6303030303030304,3.5626262626262624,8.253535353535353,4.690909090909091,0.5551310319827535,0.5576677188921286,Joint-A,item error and total cancellation read together
HAMD-17,HAMD17_available,CrossAI_Joint-A,4,99,0.3878787878787879,0.1939393939393939,0.97825311942959,0.6303030303030304,3.5626262626262624,8.253535353535353,4.690909090909091,0.5551310319827535,0.5576677188921286,Joint-A,item error and total cancellation read together
HAMD-17,HAMD17_available,CrossAI_Joint-A,5,99,0.5606060606060606,0.2803030303030303,0.97825311942959,0.6303030303030304,3.5626262626262624,8.253535353535353,4.690909090909091,0.5551310319827535,0.5576677188921286,Joint-A,item error and total cancellation read together
HAMD-17,HAMD17_available,CrossAI_Joint-A,6,99,0.3696969696969696,0.1848484848484848,0.97825311942959,0.6303030303030304,3.5626262626262624,8.253535353535353,4.690909090909091,0.5551310319827535,0.5576677188921286,Joint-A,item error and total cancellation read together
HAMD-17,HAMD17_available,CrossAI_Joint-A,7,99,0.6404040404040404,0.1601010101010101,0.97825311942959,0.6303030303030304,3.5626262626262624,8.253535353535353,4.690909090909091,0.5551310319827535,0.5576677188921286,Joint-A,item error and total cancellation read together
HAMD-17,HAMD17_available,CrossAI_Joint-A,8,99,0.6515151515151517,0.1628787878787879,0.97825311942959,0.6303030303030304,3.5626262626262624,8.253535353535353,4.690909090909091,0.5551310319827535,0.5576677188921286,Joint-A,item error and total cancellation read together
HAMD-17,HAMD17_available,CrossAI_Joint-A,9,99,0.6929292929292931,0.1732323232323232,0.97825311942959,0.6303030303030304,3.5626262626262624,8.253535353535353,4.690909090909091,0.5551310319827535,0.5576677188921286,Joint-A,item error and total cancellation read together
HAMD-17,HAMD17_available,CrossAI_Joint-A,10,99,0.5171717171717172,0.1292929292929293,0.97825311942959,0.6303030303030304,3.5626262626262624,8.253535353535353,4.690909090909091,0.5551310319827535,0.5576677188921286,Joint-A,item error and total cancellation read together
HAMD-17,HAMD17_available,CrossAI_Joint-A,11,99,0.5787878787878787,0.1446969696969696,0.97825311942959,0.6303030303030304,3.5626262626262624,8.253535353535353,4.690909090909091,0.5551310319827535,0.5576677188921286,Joint-A,item error and total cancellation read together
HAMD-17,HAMD17_available,CrossAI_Joint-A,12,99,0.2313131313131313,0.1156565656565656,0.97825311942959,0.6303030303030304,3.5626262626262624,8.253535353535353,4.690909090909091,0.5551310319827535,0.5576677188921286,Joint-A,item error and total cancellation read together
HAMD-17,HAMD17_available,CrossAI_Joint-A,13,99,0.3323232323232323,0.1661616161616161,0.97825311942959,0.6303030303030304,3.5626262626262624,8.253535353535353,4.690909090909091,0.5551310319827535,0.5576677188921286,Joint-A,item error and total cancellation read together
HAMD-17,HAMD17_available,CrossAI_Joint-A,14,68,0.4070261437908496,0.2035130718954248,0.97825311942959,0.6303030303030304,3.5626262626262624,8.253535353535353,4.690909090909091,0.5551310319827535,0.5576677188921286,Joint-A,HAMD H14=9 is unassessable; interpret item support with coverage
HAMD-17,HAMD17_available,CrossAI_Joint-A,15,99,0.4696969696969697,0.1174242424242424,0.97825311942959,0.6303030303030304,3.5626262626262624,8.253535353535353,4.690909090909091,0.5551310319827535,0.5576677188921286,Joint-A,item error and total cancellation read together
HAMD-17,HAMD17_available,CrossAI_Joint-A,16,99,0.3494949494949495,0.1747474747474747,0.97825311942959,0.6303030303030304,3.5626262626262624,8.253535353535353,4.690909090909091,0.5551310319827535,0.5576677188921286,Joint-A,item error and total cancellation read together
HAMD-17,HAMD17_available,CrossAI_Joint-A,17,99,0.3242424242424243,0.1621212121212121,0.97825311942959,0.6303030303030304,3.5626262626262624,8.253535353535353,4.690909090909091,0.5551310319827535,0.5576677188921286,Joint-A,item error and total cancellation read together
HAMD-17,HAMD17_available,CrossAI_Joint-B,1,99,0.7171717171717171,0.1792929292929292,0.9799762329174092,0.6595959595959597,3.556565656565657,7.786868686868687,4.2303030303030305,0.5418609587415292,0.5936120633667151,Joint-B,item error and total cancellation read together
HAMD-17,HAMD17_available,CrossAI_Joint-B,2,99,0.4838383838383838,0.1209595959595959,0.9799762329174092,0.6595959595959597,3.556565656565657,7.786868686868687,4.2303030303030305,0.5418609587415292,0.5936120633667151,Joint-B,item error and total cancellation read together
HAMD-17,HAMD17_available,CrossAI_Joint-B,3,99,0.5808080808080808,0.1452020202020202,0.9799762329174092,0.6595959595959597,3.556565656565657,7.786868686868687,4.2303030303030305,0.5418609587415292,0.5936120633667151,Joint-B,item error and total cancellation read together
HAMD-17,HAMD17_available,CrossAI_Joint-B,4,99,0.4101010101010101,0.205050505050505,0.9799762329174092,0.6595959595959597,3.556565656565657,7.786868686868687,4.2303030303030305,0.5418609587415292,0.5936120633667151,Joint-B,item error and total cancellation read together
HAMD-17,HAMD17_available,CrossAI_Joint-B,5,99,0.5646464646464646,0.2823232323232323,0.9799762329174092,0.6595959595959597,3.556565656565657,7.786868686868687,4.2303030303030305,0.5418609587415292,0.5936120633667151,Joint-B,item error and total cancellation read together
HAMD-17,HAMD17_available,CrossAI_Joint-B,6,99,0.4313131313131313,0.2156565656565656,0.9799762329174092,0.6595959595959597,3.556565656565657,7.786868686868687,4.2303030303030305,0.5418609587415292,0.5936120633667151,Joint-B,item error and total cancellation read together
HAMD-17,HAMD17_available,CrossAI_Joint-B,7,99,0.6828282828282829,0.1707070707070707,0.9799762329174092,0.6595959595959597,3.556565656565657,7.786868686868687,4.2303030303030305,0.5418609587415292,0.5936120633667151,Joint-B,item error and total cancellation read together
HAMD-17,HAMD17_available,CrossAI_Joint-B,8,99,0.5808080808080808,0.1452020202020202,0.9799762329174092,0.6595959595959597,3.556565656565657,7.786868686868687,4.2303030303030305,0.5418609587415292,0.5936120633667151,Joint-B,item error and total cancellation read together
HAMD-17,HAMD17_available,CrossAI_Joint-B,9,99,0.5696969696969697,0.1424242424242424,0.9799762329174092,0.6595959595959597,3.556565656565657,7.786868686868687,4.2303030303030305,0.5418609587415292,0.5936120633667151,Joint-B,item error and total cancellation read together
HAMD-17,HAMD17_available,CrossAI_Joint-B,10,99,0.5222222222222221,0.1305555555555555,0.9799762329174092,0.6595959595959597,3.556565656565657,7.786868686868687,4.2303030303030305,0.5418609587415292,0.5936120633667151,Joint-B,item error and total cancellation read together
HAMD-17,HAMD17_available,CrossAI_Joint-B,11,99,0.5616161616161616,0.1404040404040404,0.9799762329174092,0.6595959595959597,3.556565656565657,7.786868686868687,4.2303030303030305,0.5418609587415292,0.5936120633667151,Joint-B,item error and total cancellation read together
HAMD-17,HAMD17_available,CrossAI_Joint-B,12,99,0.202020202020202,0.101010101010101,0.9799762329174092,0.6595959595959597,3.556565656565657,7.786868686868687,4.2303030303030305,0.5418609587415292,0.5936120633667151,Joint-B,item error and total cancellation read together
HAMD-17,HAMD17_available,CrossAI_Joint-B,13,99,0.311111111111111,0.1555555555555555,0.9799762329174092,0.6595959595959597,3.556565656565657,7.786868686868687,4.2303030303030305,0.5418609587415292,0.5936120633667151,Joint-B,item error and total cancellation read together
HAMD-17,HAMD17_available,CrossAI_Joint-B,14,70,0.3573015873015873,0.1786507936507936,0.9799762329174092,0.6595959595959597,3.556565656565657,7.786868686868687,4.2303030303030305,0.5418609587415292,0.5936120633667151,Joint-B,HAMD H14=9 is unassessable; interpret item support with coverage
HAMD-17,HAMD17_available,CrossAI_Joint-B,15,99,0.4323232323232323,0.108080808080808,0.9799762329174092,0.6595959595959597,3.556565656565657,7.786868686868687,4.2303030303030305,0.5418609587415292,0.5936120633667151,Joint-B,item error and total cancellation read together
HAMD-17,HAMD17_available,CrossAI_Joint-B,16,99,0.301010101010101,0.1505050505050505,0.9799762329174092,0.6595959595959597,3.556565656565657,7.786868686868687,4.2303030303030305,0.5418609587415292,0.5936120633667151,Joint-B,item error and total cancellation read together
HAMD-17,HAMD17_available,CrossAI_Joint-B,17,99,0.2080808080808081,0.104040404040404,0.9799762329174092,0.6595959595959597,3.556565656565657,7.786868686868687,4.2303030303030305,0.5418609587415292,0.5936120633667151,Joint-B,item error and total cancellation read together
HAMD-17,HAMD17_available,WithinAI_GLM-5.2_A,1,99,0.8080808080808081,0.202020202020202,0.9783125371360666,0.6313131313131313,3.496969696969697,7.983838383838384,4.486868686868687,0.5656256129942685,0.5833219978503676,SingleAI-A,item error and total cancellation read together
HAMD-17,HAMD17_available,WithinAI_GLM-5.2_A,2,99,0.509090909090909,0.1272727272727272,0.9783125371360666,0.6313131313131313,3.496969696969697,7.983838383838384,4.486868686868687,0.5656256129942685,0.5833219978503676,SingleAI-A,item error and total cancellation read together
HAMD-17,HAMD17_available,WithinAI_GLM-5.2_A,3,99,0.51010101010101,0.1275252525252525,0.9783125371360666,0.6313131313131313,3.496969696969697,7.983838383838384,4.486868686868687,0.5656256129942685,0.5833219978503676,SingleAI-A,item error and total cancellation read together
HAMD-17,HAMD17_available,WithinAI_GLM-5.2_A,4,99,0.4282828282828282,0.2141414141414141,0.9783125371360666,0.6313131313131313,3.496969696969697,7.983838383838384,4.486868686868687,0.5656256129942685,0.5833219978503676,SingleAI-A,item error and total cancellation read together
HAMD-17,HAMD17_available,WithinAI_GLM-5.2_A,5,99,0.5616161616161617,0.2808080808080808,0.9783125371360666,0.6313131313131313,3.496969696969697,7.983838383838384,4.486868686868687,0.5656256129942685,0.5833219978503676,SingleAI-A,item error and total cancellation read together
HAMD-17,HAMD17_available,WithinAI_GLM-5.2_A,6,99,0.3444444444444444,0.1722222222222222,0.9783125371360666,0.6313131313131313,3.496969696969697,7.983838383838384,4.486868686868687,0.5656256129942685,0.5833219978503676,SingleAI-A,item error and total cancellation read together
HAMD-17,HAMD17_available,WithinAI_GLM-5.2_A,7,99,0.683838383838384,0.170959595959596,0.9783125371360666,0.6313131313131313,3.496969696969697,7.983838383838384,4.486868686868687,0.5656256129942685,0.5833219978503676,SingleAI-A,item error and total cancellation read together
HAMD-17,HAMD17_available,WithinAI_GLM-5.2_A,8,99,0.6515151515151517,0.1628787878787879,0.9783125371360666,0.6313131313131313,3.496969696969697,7.983838383838384,4.486868686868687,0.5656256129942685,0.5833219978503676,SingleAI-A,item error and total cancellation read together
HAMD-17,HAMD17_available,WithinAI_GLM-5.2_A,9,99,0.6959595959595959,0.1739898989898989,0.9783125371360666,0.6313131313131313,3.496969696969697,7.983838383838384,4.486868686868687,0.5656256129942685,0.5833219978503676,SingleAI-A,item error and total cancellation read together
HAMD-17,HAMD17_available,WithinAI_GLM-5.2_A,10,99,0.5060606060606061,0.1265151515151515,0.9783125371360666,0.6313131313131313,3.496969696969697,7.983838383838384,4.486868686868687,0.5656256129942685,0.5833219978503676,SingleAI-A,item error and total cancellation read together
HAMD-17,HAMD17_available,WithinAI_GLM-5.2_A,11,99,0.5202020202020202,0.130050505050505,0.9783125371360666,0.6313131313131313,3.496969696969697,7.983838383838384,4.486868686868687,0.5656256129942685,0.5833219978503676,SingleAI-A,item error and total cancellation read together
HAMD-17,HAMD17_available,WithinAI_GLM-5.2_A,12,99,0.1818181818181818,0.0909090909090909,0.9783125371360666,0.6313131313131313,3.496969696969697,7.983838383838384,4.486868686868687,0.5656256129942685,0.5833219978503676,SingleAI-A,item error and total cancellation read together
HAMD-17,HAMD17_available,WithinAI_GLM-5.2_A,13,99,0.2919191919191919,0.1459595959595959,0.9783125371360666,0.6313131313131313,3.496969696969697,7.983838383838384,4.486868686868687,0.5656256129942685,0.5833219978503676,SingleAI-A,item error and total cancellation read together
HAMD-17,HAMD17_available,WithinAI_GLM-5.2_A,14,65,0.4276923076923076,0.2138461538461538,0.9783125371360666,0.6313131313131313,3.496969696969697,7.983838383838384,4.486868686868687,0.5656256129942685,0.5833219978503676,SingleAI-A,HAMD H14=9 is unassessable; interpret item support with coverage
HAMD-17,HAMD17_available,WithinAI_GLM-5.2_A,15,99,0.4191919191919191,0.1047979797979797,0.9783125371360666,0.6313131313131313,3.496969696969697,7.983838383838384,4.486868686868687,0.5656256129942685,0.5833219978503676,SingleAI-A,item error and total cancellation read together
HAMD-17,HAMD17_available,WithinAI_GLM-5.2_A,16,99,0.3111111111111111,0.1555555555555555,0.9783125371360666,0.6313131313131313,3.496969696969697,7.983838383838384,4.486868686868687,0.5656256129942685,0.5833219978503676,SingleAI-A,item error and total cancellation read together
HAMD-17,HAMD17_available,WithinAI_GLM-5.2_A,17,99,0.2888888888888889,0.1444444444444444,0.9783125371360666,0.6313131313131313,3.496969696969697,7.983838383838384,4.486868686868687,0.5656256129942685,0.5833219978503676,SingleAI-A,item error and total cancellation read together
HAMD-17,HAMD17_available,WithinAI_GLM-5.2_B,1,99,0.8272727272727274,0.2068181818181818,0.9788472964943552,0.6404040404040404,3.436363636363636,7.834343434343435,4.397979797979799,0.5636825468090126,0.5860071894396384,SingleAI-B,item error and total cancellation read together
HAMD-17,HAMD17_available,WithinAI_GLM-5.2_B,2,99,0.4626262626262626,0.1156565656565656,0.9788472964943552,0.6404040404040404,3.436363636363636,7.834343434343435,4.397979797979799,0.5636825468090126,0.5860071894396384,SingleAI-B,item error and total cancellation read together
HAMD-17,HAMD17_available,WithinAI_GLM-5.2_B,3,99,0.5707070707070706,0.1426767676767676,0.9788472964943552,0.6404040404040404,3.436363636363636,7.834343434343435,4.397979797979799,0.5636825468090126,0.5860071894396384,SingleAI-B,item error and total cancellation read together
HAMD-17,HAMD17_available,WithinAI_GLM-5.2_B,4,99,0.3535353535353535,0.1767676767676767,0.9788472964943552,0.6404040404040404,3.436363636363636,7.834343434343435,4.397979797979799,0.5636825468090126,0.5860071894396384,SingleAI-B,item error and total cancellation read together
HAMD-17,HAMD17_available,WithinAI_GLM-5.2_B,5,99,0.5494949494949496,0.2747474747474748,0.9788472964943552,0.6404040404040404,3.436363636363636,7.834343434343435,4.397979797979799,0.5636825468090126,0.5860071894396384,SingleAI-B,item error and total cancellation read together
HAMD-17,HAMD17_available,WithinAI_GLM-5.2_B,6,99,0.4070707070707071,0.2035353535353535,0.9788472964943552,0.6404040404040404,3.436363636363636,7.834343434343435,4.397979797979799,0.5636825468090126,0.5860071894396384,SingleAI-B,item error and total cancellation read together
HAMD-17,HAMD17_available,WithinAI_GLM-5.2_B,7,99,0.6606060606060605,0.1651515151515151,0.9788472964943552,0.6404040404040404,3.436363636363636,7.834343434343435,4.397979797979799,0.5636825468090126,0.5860071894396384,SingleAI-B,item error and total cancellation read together
HAMD-17,HAMD17_available,WithinAI_GLM-5.2_B,8,99,0.6272727272727272,0.1568181818181818,0.9788472964943552,0.6404040404040404,3.436363636363636,7.834343434343435,4.397979797979799,0.5636825468090126,0.5860071894396384,SingleAI-B,item error and total cancellation read together
HAMD-17,HAMD17_available,WithinAI_GLM-5.2_B,9,99,0.5666666666666668,0.1416666666666667,0.9788472964943552,0.6404040404040404,3.436363636363636,7.834343434343435,4.397979797979799,0.5636825468090126,0.5860071894396384,SingleAI-B,item error and total cancellation read together
HAMD-17,HAMD17_available,WithinAI_GLM-5.2_B,10,99,0.5161616161616162,0.129040404040404,0.9788472964943552,0.6404040404040404,3.436363636363636,7.834343434343435,4.397979797979799,0.5636825468090126,0.5860071894396384,SingleAI-B,item error and total cancellation read together
HAMD-17,HAMD17_available,WithinAI_GLM-5.2_B,11,99,0.5616161616161616,0.1404040404040404,0.9788472964943552,0.6404040404040404,3.436363636363636,7.834343434343435,4.397979797979799,0.5636825468090126,0.5860071894396384,SingleAI-B,item error and total cancellation read together
HAMD-17,HAMD17_available,WithinAI_GLM-5.2_B,12,99,0.1878787878787878,0.0939393939393939,0.9788472964943552,0.6404040404040404,3.436363636363636,7.834343434343435,4.397979797979799,0.5636825468090126,0.5860071894396384,SingleAI-B,item error and total cancellation read together
HAMD-17,HAMD17_available,WithinAI_GLM-5.2_B,13,99,0.2686868686868687,0.1343434343434343,0.9788472964943552,0.6404040404040404,3.436363636363636,7.834343434343435,4.397979797979799,0.5636825468090126,0.5860071894396384,SingleAI-B,item error and total cancellation read together
HAMD-17,HAMD17_available,WithinAI_GLM-5.2_B,14,68,0.3566176470588235,0.1783088235294117,0.9788472964943552,0.6404040404040404,3.436363636363636,7.834343434343435,4.397979797979799,0.5636825468090126,0.5860071894396384,SingleAI-B,HAMD H14=9 is unassessable; interpret item support with coverage
HAMD-17,HAMD17_available,WithinAI_GLM-5.2_B,15,99,0.398989898989899,0.0997474747474747,0.9788472964943552,0.6404040404040404,3.436363636363636,7.834343434343435,4.397979797979799,0.5636825468090126,0.5860071894396384,SingleAI-B,item error and total cancellation read together
HAMD-17,HAMD17_available,WithinAI_GLM-5.2_B,16,99,0.303030303030303,0.1515151515151515,0.9788472964943552,0.6404040404040404,3.436363636363636,7.834343434343435,4.397979797979799,0.5636825468090126,0.5860071894396384,SingleAI-B,item error and total cancellation read together
HAMD-17,HAMD17_available,WithinAI_GLM-5.2_B,17,99,0.3474747474747474,0.1737373737373737,0.9788472964943552,0.6404040404040404,3.436363636363636,7.834343434343435,4.397979797979799,0.5636825468090126,0.5860071894396384,SingleAI-B,item error and total cancellation read together
HAMD-17,HAMD17_available,WithinAI_Kimi-K2.6_A,1,99,0.7252525252525253,0.1813131313131313,0.9756981580510992,0.5868686868686868,3.7010101010101017,8.933333333333332,5.23232323232323,0.566126072105057,0.501419384435721,SingleAI-A,item error and total cancellation read together
HAMD-17,HAMD17_available,WithinAI_Kimi-K2.6_A,2,99,0.6121212121212121,0.153030303030303,0.9756981580510992,0.5868686868686868,3.7010101010101017,8.933333333333332,5.23232323232323,0.566126072105057,0.501419384435721,SingleAI-A,item error and total cancellation read together
HAMD-17,HAMD17_available,WithinAI_Kimi-K2.6_A,3,99,0.8484848484848485,0.2121212121212121,0.9756981580510992,0.5868686868686868,3.7010101010101017,8.933333333333332,5.23232323232323,0.566126072105057,0.501419384435721,SingleAI-A,item error and total cancellation read together
HAMD-17,HAMD17_available,WithinAI_Kimi-K2.6_A,4,99,0.3858585858585859,0.1929292929292929,0.9756981580510992,0.5868686868686868,3.7010101010101017,8.933333333333332,5.23232323232323,0.566126072105057,0.501419384435721,SingleAI-A,item error and total cancellation read together
HAMD-17,HAMD17_available,WithinAI_Kimi-K2.6_A,5,99,0.597979797979798,0.298989898989899,0.9756981580510992,0.5868686868686868,3.7010101010101017,8.933333333333332,5.23232323232323,0.566126072105057,0.501419384435721,SingleAI-A,item error and total cancellation read together
HAMD-17,HAMD17_available,WithinAI_Kimi-K2.6_A,6,99,0.4222222222222223,0.2111111111111111,0.9756981580510992,0.5868686868686868,3.7010101010101017,8.933333333333332,5.23232323232323,0.566126072105057,0.501419384435721,SingleAI-A,item error and total cancellation read together
HAMD-17,HAMD17_available,WithinAI_Kimi-K2.6_A,7,99,0.6333333333333333,0.1583333333333333,0.9756981580510992,0.5868686868686868,3.7010101010101017,8.933333333333332,5.23232323232323,0.566126072105057,0.501419384435721,SingleAI-A,item error and total cancellation read together
HAMD-17,HAMD17_available,WithinAI_Kimi-K2.6_A,8,99,0.7717171717171718,0.1929292929292929,0.9756981580510992,0.5868686868686868,3.7010101010101017,8.933333333333332,5.23232323232323,0.566126072105057,0.501419384435721,SingleAI-A,item error and total cancellation read together
HAMD-17,HAMD17_available,WithinAI_Kimi-K2.6_A,9,99,0.6050505050505051,0.1512626262626262,0.9756981580510992,0.5868686868686868,3.7010101010101017,8.933333333333332,5.23232323232323,0.566126072105057,0.501419384435721,SingleAI-A,item error and total cancellation read together
HAMD-17,HAMD17_available,WithinAI_Kimi-K2.6_A,10,99,0.6808080808080809,0.1702020202020202,0.9756981580510992,0.5868686868686868,3.7010101010101017,8.933333333333332,5.23232323232323,0.566126072105057,0.501419384435721,SingleAI-A,item error and total cancellation read together
HAMD-17,HAMD17_available,WithinAI_Kimi-K2.6_A,11,99,0.6474747474747474,0.1618686868686868,0.9756981580510992,0.5868686868686868,3.7010101010101017,8.933333333333332,5.23232323232323,0.566126072105057,0.501419384435721,SingleAI-A,item error and total cancellation read together
HAMD-17,HAMD17_available,WithinAI_Kimi-K2.6_A,12,99,0.2363636363636363,0.1181818181818181,0.9756981580510992,0.5868686868686868,3.7010101010101017,8.933333333333332,5.23232323232323,0.566126072105057,0.501419384435721,SingleAI-A,item error and total cancellation read together
HAMD-17,HAMD17_available,WithinAI_Kimi-K2.6_A,13,99,0.3494949494949495,0.1747474747474747,0.9756981580510992,0.5868686868686868,3.7010101010101017,8.933333333333332,5.23232323232323,0.566126072105057,0.501419384435721,SingleAI-A,item error and total cancellation read together
HAMD-17,HAMD17_available,WithinAI_Kimi-K2.6_A,14,66,0.3924242424242424,0.1962121212121212,0.9756981580510992,0.5868686868686868,3.7010101010101017,8.933333333333332,5.23232323232323,0.566126072105057,0.501419384435721,SingleAI-A,HAMD H14=9 is unassessable; interpret item support with coverage
HAMD-17,HAMD17_available,WithinAI_Kimi-K2.6_A,15,99,0.5111111111111111,0.1277777777777777,0.9756981580510992,0.5868686868686868,3.7010101010101017,8.933333333333332,5.23232323232323,0.566126072105057,0.501419384435721,SingleAI-A,item error and total cancellation read together
HAMD-17,HAMD17_available,WithinAI_Kimi-K2.6_A,16,99,0.3383838383838384,0.1691919191919192,0.9756981580510992,0.5868686868686868,3.7010101010101017,8.933333333333332,5.23232323232323,0.566126072105057,0.501419384435721,SingleAI-A,item error and total cancellation read together
HAMD-17,HAMD17_available,WithinAI_Kimi-K2.6_A,17,99,0.3232323232323232,0.1616161616161616,0.9756981580510992,0.5868686868686868,3.7010101010101017,8.933333333333332,5.23232323232323,0.566126072105057,0.501419384435721,SingleAI-A,item error and total cancellation read together
HAMD-17,HAMD17_available,WithinAI_Kimi-K2.6_B,1,99,0.6616161616161617,0.1654040404040404,0.9765894236482472,0.602020202020202,4.016161616161615,8.064646464646463,4.048484848484848,0.493671527027142,0.5597646609070102,SingleAI-B,item error and total cancellation read together
HAMD-17,HAMD17_available,WithinAI_Kimi-K2.6_B,2,99,0.6575757575757575,0.1643939393939393,0.9765894236482472,0.602020202020202,4.016161616161615,8.064646464646463,4.048484848484848,0.493671527027142,0.5597646609070102,SingleAI-B,item error and total cancellation read together
HAMD-17,HAMD17_available,WithinAI_Kimi-K2.6_B,3,99,0.6222222222222222,0.1555555555555555,0.9765894236482472,0.602020202020202,4.016161616161615,8.064646464646463,4.048484848484848,0.493671527027142,0.5597646609070102,SingleAI-B,item error and total cancellation read together
HAMD-17,HAMD17_available,WithinAI_Kimi-K2.6_B,4,99,0.4292929292929293,0.2146464646464646,0.9765894236482472,0.602020202020202,4.016161616161615,8.064646464646463,4.048484848484848,0.493671527027142,0.5597646609070102,SingleAI-B,item error and total cancellation read together
HAMD-17,HAMD17_available,WithinAI_Kimi-K2.6_B,5,99,0.5838383838383838,0.2919191919191919,0.9765894236482472,0.602020202020202,4.016161616161615,8.064646464646463,4.048484848484848,0.493671527027142,0.5597646609070102,SingleAI-B,item error and total cancellation read together
HAMD-17,HAMD17_available,WithinAI_Kimi-K2.6_B,6,99,0.4161616161616162,0.2080808080808081,0.9765894236482472,0.602020202020202,4.016161616161615,8.064646464646463,4.048484848484848,0.493671527027142,0.5597646609070102,SingleAI-B,item error and total cancellation read together
HAMD-17,HAMD17_available,WithinAI_Kimi-K2.6_B,7,99,0.6555555555555554,0.1638888888888888,0.9765894236482472,0.602020202020202,4.016161616161615,8.064646464646463,4.048484848484848,0.493671527027142,0.5597646609070102,SingleAI-B,item error and total cancellation read together
HAMD-17,HAMD17_available,WithinAI_Kimi-K2.6_B,8,99,0.5666666666666667,0.1416666666666666,0.9765894236482472,0.602020202020202,4.016161616161615,8.064646464646463,4.048484848484848,0.493671527027142,0.5597646609070102,SingleAI-B,item error and total cancellation read together
HAMD-17,HAMD17_available,WithinAI_Kimi-K2.6_B,9,99,0.5484848484848485,0.1371212121212121,0.9765894236482472,0.602020202020202,4.016161616161615,8.064646464646463,4.048484848484848,0.493671527027142,0.5597646609070102,SingleAI-B,item error and total cancellation read together
HAMD-17,HAMD17_available,WithinAI_Kimi-K2.6_B,10,99,0.6333333333333334,0.1583333333333333,0.9765894236482472,0.602020202020202,4.016161616161615,8.064646464646463,4.048484848484848,0.493671527027142,0.5597646609070102,SingleAI-B,item error and total cancellation read together
HAMD-17,HAMD17_available,WithinAI_Kimi-K2.6_B,11,99,0.6454545454545455,0.1613636363636363,0.9765894236482472,0.602020202020202,4.016161616161615,8.064646464646463,4.048484848484848,0.493671527027142,0.5597646609070102,SingleAI-B,item error and total cancellation read together
HAMD-17,HAMD17_available,WithinAI_Kimi-K2.6_B,12,99,0.1545454545454545,0.0772727272727272,0.9765894236482472,0.602020202020202,4.016161616161615,8.064646464646463,4.048484848484848,0.493671527027142,0.5597646609070102,SingleAI-B,item error and total cancellation read together
HAMD-17,HAMD17_available,WithinAI_Kimi-K2.6_B,13,99,0.3868686868686869,0.1934343434343434,0.9765894236482472,0.602020202020202,4.016161616161615,8.064646464646463,4.048484848484848,0.493671527027142,0.5597646609070102,SingleAI-B,item error and total cancellation read together
HAMD-17,HAMD17_available,WithinAI_Kimi-K2.6_B,14,67,0.3985074626865671,0.1992537313432835,0.9765894236482472,0.602020202020202,4.016161616161615,8.064646464646463,4.048484848484848,0.493671527027142,0.5597646609070102,SingleAI-B,HAMD H14=9 is unassessable; interpret item support with coverage
HAMD-17,HAMD17_available,WithinAI_Kimi-K2.6_B,15,99,0.4111111111111111,0.1027777777777777,0.9765894236482472,0.602020202020202,4.016161616161615,8.064646464646463,4.048484848484848,0.493671527027142,0.5597646609070102,SingleAI-B,item error and total cancellation read together
HAMD-17,HAMD17_available,WithinAI_Kimi-K2.6_B,16,99,0.2575757575757575,0.1287878787878787,0.9765894236482472,0.602020202020202,4.016161616161615,8.064646464646463,4.048484848484848,0.493671527027142,0.5597646609070102,SingleAI-B,item error and total cancellation read together
HAMD-17,HAMD17_available,WithinAI_Kimi-K2.6_B,17,99,0.1969696969696969,0.0984848484848484,0.9765894236482472,0.602020202020202,4.016161616161615,8.064646464646463,4.048484848484848,0.493671527027142,0.5597646609070102,SingleAI-B,item error and total cancellation read together
HAMD-17,HAMD17_available,WithinAI_Qwen3.7-Max_A,1,99,0.8303030303030303,0.2075757575757575,0.9786096256684492,0.6363636363636364,3.508080808080808,8.358585858585858,4.85050505050505,0.5604947108535625,0.527169455981815,SingleAI-A,item error and total cancellation read together
HAMD-17,HAMD17_available,WithinAI_Qwen3.7-Max_A,2,99,0.509090909090909,0.1272727272727272,0.9786096256684492,0.6363636363636364,3.508080808080808,8.358585858585858,4.85050505050505,0.5604947108535625,0.527169455981815,SingleAI-A,item error and total cancellation read together
HAMD-17,HAMD17_available,WithinAI_Qwen3.7-Max_A,3,99,0.7636363636363636,0.1909090909090909,0.9786096256684492,0.6363636363636364,3.508080808080808,8.358585858585858,4.85050505050505,0.5604947108535625,0.527169455981815,SingleAI-A,item error and total cancellation read together
HAMD-17,HAMD17_available,WithinAI_Qwen3.7-Max_A,4,99,0.4090909090909091,0.2045454545454545,0.9786096256684492,0.6363636363636364,3.508080808080808,8.358585858585858,4.85050505050505,0.5604947108535625,0.527169455981815,SingleAI-A,item error and total cancellation read together
HAMD-17,HAMD17_available,WithinAI_Qwen3.7-Max_A,5,99,0.5363636363636364,0.2681818181818182,0.9786096256684492,0.6363636363636364,3.508080808080808,8.358585858585858,4.85050505050505,0.5604947108535625,0.527169455981815,SingleAI-A,item error and total cancellation read together
HAMD-17,HAMD17_available,WithinAI_Qwen3.7-Max_A,6,99,0.3747474747474748,0.1873737373737374,0.9786096256684492,0.6363636363636364,3.508080808080808,8.358585858585858,4.85050505050505,0.5604947108535625,0.527169455981815,SingleAI-A,item error and total cancellation read together
HAMD-17,HAMD17_available,WithinAI_Qwen3.7-Max_A,7,99,0.6555555555555554,0.1638888888888888,0.9786096256684492,0.6363636363636364,3.508080808080808,8.358585858585858,4.85050505050505,0.5604947108535625,0.527169455981815,SingleAI-A,item error and total cancellation read together
HAMD-17,HAMD17_available,WithinAI_Qwen3.7-Max_A,8,99,0.6919191919191919,0.1729797979797979,0.9786096256684492,0.6363636363636364,3.508080808080808,8.358585858585858,4.85050505050505,0.5604947108535625,0.527169455981815,SingleAI-A,item error and total cancellation read together
HAMD-17,HAMD17_available,WithinAI_Qwen3.7-Max_A,9,99,0.5454545454545454,0.1363636363636363,0.9786096256684492,0.6363636363636364,3.508080808080808,8.358585858585858,4.85050505050505,0.5604947108535625,0.527169455981815,SingleAI-A,item error and total cancellation read together
HAMD-17,HAMD17_available,WithinAI_Qwen3.7-Max_A,10,99,0.6808080808080808,0.1702020202020202,0.9786096256684492,0.6363636363636364,3.508080808080808,8.358585858585858,4.85050505050505,0.5604947108535625,0.527169455981815,SingleAI-A,item error and total cancellation read together
HAMD-17,HAMD17_available,WithinAI_Qwen3.7-Max_A,11,99,0.6252525252525253,0.1563131313131313,0.9786096256684492,0.6363636363636364,3.508080808080808,8.358585858585858,4.85050505050505,0.5604947108535625,0.527169455981815,SingleAI-A,item error and total cancellation read together
HAMD-17,HAMD17_available,WithinAI_Qwen3.7-Max_A,12,99,0.2565656565656565,0.1282828282828282,0.9786096256684492,0.6363636363636364,3.508080808080808,8.358585858585858,4.85050505050505,0.5604947108535625,0.527169455981815,SingleAI-A,item error and total cancellation read together
HAMD-17,HAMD17_available,WithinAI_Qwen3.7-Max_A,13,99,0.2929292929292929,0.1464646464646464,0.9786096256684492,0.6363636363636364,3.508080808080808,8.358585858585858,4.85050505050505,0.5604947108535625,0.527169455981815,SingleAI-A,item error and total cancellation read together
HAMD-17,HAMD17_available,WithinAI_Qwen3.7-Max_A,14,64,0.2828125,0.14140625,0.9786096256684492,0.6363636363636364,3.508080808080808,8.358585858585858,4.85050505050505,0.5604947108535625,0.527169455981815,SingleAI-A,HAMD H14=9 is unassessable; interpret item support with coverage
HAMD-17,HAMD17_available,WithinAI_Qwen3.7-Max_A,15,99,0.4222222222222222,0.1055555555555555,0.9786096256684492,0.6363636363636364,3.508080808080808,8.358585858585858,4.85050505050505,0.5604947108535625,0.527169455981815,SingleAI-A,item error and total cancellation read together
HAMD-17,HAMD17_available,WithinAI_Qwen3.7-Max_A,16,99,0.2585858585858586,0.1292929292929293,0.9786096256684492,0.6363636363636364,3.508080808080808,8.358585858585858,4.85050505050505,0.5604947108535625,0.527169455981815,SingleAI-A,item error and total cancellation read together
HAMD-17,HAMD17_available,WithinAI_Qwen3.7-Max_A,17,99,0.3232323232323232,0.1616161616161616,0.9786096256684492,0.6363636363636364,3.508080808080808,8.358585858585858,4.85050505050505,0.5604947108535625,0.527169455981815,SingleAI-A,item error and total cancellation read together
HAMD-17,HAMD17_available,WithinAI_Qwen3.7-Max_B,1,99,0.8464646464646466,0.2116161616161616,0.9799168152109328,0.6585858585858585,3.4848484848484853,8.13939393939394,4.654545454545455,0.5649709211696734,0.5629160100409023,SingleAI-B,item error and total cancellation read together
HAMD-17,HAMD17_available,WithinAI_Qwen3.7-Max_B,2,99,0.5535353535353535,0.1383838383838384,0.9799168152109328,0.6585858585858585,3.4848484848484853,8.13939393939394,4.654545454545455,0.5649709211696734,0.5629160100409023,SingleAI-B,item error and total cancellation read together
HAMD-17,HAMD17_available,WithinAI_Qwen3.7-Max_B,3,99,0.7929292929292929,0.1982323232323232,0.9799168152109328,0.6585858585858585,3.4848484848484853,8.13939393939394,4.654545454545455,0.5649709211696734,0.5629160100409023,SingleAI-B,item error and total cancellation read together
HAMD-17,HAMD17_available,WithinAI_Qwen3.7-Max_B,4,99,0.4131313131313132,0.2065656565656566,0.9799168152109328,0.6585858585858585,3.4848484848484853,8.13939393939394,4.654545454545455,0.5649709211696734,0.5629160100409023,SingleAI-B,item error and total cancellation read together
HAMD-17,HAMD17_available,WithinAI_Qwen3.7-Max_B,5,99,0.503030303030303,0.2515151515151515,0.9799168152109328,0.6585858585858585,3.4848484848484853,8.13939393939394,4.654545454545455,0.5649709211696734,0.5629160100409023,SingleAI-B,item error and total cancellation read together
HAMD-17,HAMD17_available,WithinAI_Qwen3.7-Max_B,6,99,0.3858585858585859,0.1929292929292929,0.9799168152109328,0.6585858585858585,3.4848484848484853,8.13939393939394,4.654545454545455,0.5649709211696734,0.5629160100409023,SingleAI-B,item error and total cancellation read together
HAMD-17,HAMD17_available,WithinAI_Qwen3.7-Max_B,7,99,0.6727272727272726,0.1681818181818181,0.9799168152109328,0.6585858585858585,3.4848484848484853,8.13939393939394,4.654545454545455,0.5649709211696734,0.5629160100409023,SingleAI-B,item error and total cancellation read together
HAMD-17,HAMD17_available,WithinAI_Qwen3.7-Max_B,8,99,0.5212121212121212,0.1303030303030303,0.9799168152109328,0.6585858585858585,3.4848484848484853,8.13939393939394,4.654545454545455,0.5649709211696734,0.5629160100409023,SingleAI-B,item error and total cancellation read together
HAMD-17,HAMD17_available,WithinAI_Qwen3.7-Max_B,9,99,0.5383838383838384,0.1345959595959596,0.9799168152109328,0.6585858585858585,3.4848484848484853,8.13939393939394,4.654545454545455,0.5649709211696734,0.5629160100409023,SingleAI-B,item error and total cancellation read together
HAMD-17,HAMD17_available,WithinAI_Qwen3.7-Max_B,10,99,0.5959595959595959,0.1489898989898989,0.9799168152109328,0.6585858585858585,3.4848484848484853,8.13939393939394,4.654545454545455,0.5649709211696734,0.5629160100409023,SingleAI-B,item error and total cancellation read together
HAMD-17,HAMD17_available,WithinAI_Qwen3.7-Max_B,11,99,0.6737373737373737,0.1684343434343434,0.9799168152109328,0.6585858585858585,3.4848484848484853,8.13939393939394,4.654545454545455,0.5649709211696734,0.5629160100409023,SingleAI-B,item error and total cancellation read together
HAMD-17,HAMD17_available,WithinAI_Qwen3.7-Max_B,12,99,0.1868686868686868,0.0934343434343434,0.9799168152109328,0.6585858585858585,3.4848484848484853,8.13939393939394,4.654545454545455,0.5649709211696734,0.5629160100409023,SingleAI-B,item error and total cancellation read together
HAMD-17,HAMD17_available,WithinAI_Qwen3.7-Max_B,13,99,0.3212121212121212,0.1606060606060606,0.9799168152109328,0.6585858585858585,3.4848484848484853,8.13939393939394,4.654545454545455,0.5649709211696734,0.5629160100409023,SingleAI-B,item error and total cancellation read together
HAMD-17,HAMD17_available,WithinAI_Qwen3.7-Max_B,14,68,0.3264705882352941,0.163235294117647,0.9799168152109328,0.6585858585858585,3.4848484848484853,8.13939393939394,4.654545454545455,0.5649709211696734,0.5629160100409023,SingleAI-B,HAMD H14=9 is unassessable; interpret item support with coverage
HAMD-17,HAMD17_available,WithinAI_Qwen3.7-Max_B,15,99,0.4373737373737373,0.1093434343434343,0.9799168152109328,0.6585858585858585,3.4848484848484853,8.13939393939394,4.654545454545455,0.5649709211696734,0.5629160100409023,SingleAI-B,item error and total cancellation read together
HAMD-17,HAMD17_available,WithinAI_Qwen3.7-Max_B,16,99,0.2787878787878788,0.1393939393939394,0.9799168152109328,0.6585858585858585,3.4848484848484853,8.13939393939394,4.654545454545455,0.5649709211696734,0.5629160100409023,SingleAI-B,item error and total cancellation read together
HAMD-17,HAMD17_available,WithinAI_Qwen3.7-Max_B,17,99,0.204040404040404,0.102020202020202,0.9799168152109328,0.6585858585858585,3.4848484848484853,8.13939393939394,4.654545454545455,0.5649709211696734,0.5629160100409023,SingleAI-B,item error and total cancellation read together
HAMD-17,HAMD17_strict_complete,C03_GLM-5.2,1,99,0.7878787878787878,0.1969696969696969,1.0,1.0,3.360655737704918,7.163934426229508,3.80327868852459,0.5355988274021062,0.6160956804911922,SingleAI-C03,item error and total cancellation read together
HAMD-17,HAMD17_strict_complete,C03_GLM-5.2,2,99,0.5656565656565656,0.1414141414141414,1.0,1.0,3.360655737704918,7.163934426229508,3.80327868852459,0.5355988274021062,0.6160956804911922,SingleAI-C03,item error and total cancellation read together
HAMD-17,HAMD17_strict_complete,C03_GLM-5.2,3,99,0.5252525252525253,0.1313131313131313,1.0,1.0,3.360655737704918,7.163934426229508,3.80327868852459,0.5355988274021062,0.6160956804911922,SingleAI-C03,item error and total cancellation read together
HAMD-17,HAMD17_strict_complete,C03_GLM-5.2,4,99,0.4141414141414141,0.207070707070707,1.0,1.0,3.360655737704918,7.163934426229508,3.80327868852459,0.5355988274021062,0.6160956804911922,SingleAI-C03,item error and total cancellation read together
HAMD-17,HAMD17_strict_complete,C03_GLM-5.2,5,99,0.4646464646464646,0.2323232323232323,1.0,1.0,3.360655737704918,7.163934426229508,3.80327868852459,0.5355988274021062,0.6160956804911922,SingleAI-C03,item error and total cancellation read together
HAMD-17,HAMD17_strict_complete,C03_GLM-5.2,6,99,0.3434343434343434,0.1717171717171717,1.0,1.0,3.360655737704918,7.163934426229508,3.80327868852459,0.5355988274021062,0.6160956804911922,SingleAI-C03,item error and total cancellation read together
HAMD-17,HAMD17_strict_complete,C03_GLM-5.2,7,99,0.6464646464646465,0.1616161616161616,1.0,1.0,3.360655737704918,7.163934426229508,3.80327868852459,0.5355988274021062,0.6160956804911922,SingleAI-C03,item error and total cancellation read together
HAMD-17,HAMD17_strict_complete,C03_GLM-5.2,8,99,0.5858585858585859,0.1464646464646464,1.0,1.0,3.360655737704918,7.163934426229508,3.80327868852459,0.5355988274021062,0.6160956804911922,SingleAI-C03,item error and total cancellation read together
HAMD-17,HAMD17_strict_complete,C03_GLM-5.2,9,99,0.5959595959595959,0.1489898989898989,1.0,1.0,3.360655737704918,7.163934426229508,3.80327868852459,0.5355988274021062,0.6160956804911922,SingleAI-C03,item error and total cancellation read together
HAMD-17,HAMD17_strict_complete,C03_GLM-5.2,10,99,0.5858585858585859,0.1464646464646464,1.0,1.0,3.360655737704918,7.163934426229508,3.80327868852459,0.5355988274021062,0.6160956804911922,SingleAI-C03,item error and total cancellation read together
HAMD-17,HAMD17_strict_complete,C03_GLM-5.2,11,99,0.5555555555555556,0.1388888888888889,1.0,1.0,3.360655737704918,7.163934426229508,3.80327868852459,0.5355988274021062,0.6160956804911922,SingleAI-C03,item error and total cancellation read together
HAMD-17,HAMD17_strict_complete,C03_GLM-5.2,12,99,0.1616161616161616,0.0808080808080808,1.0,1.0,3.360655737704918,7.163934426229508,3.80327868852459,0.5355988274021062,0.6160956804911922,SingleAI-C03,item error and total cancellation read together
HAMD-17,HAMD17_strict_complete,C03_GLM-5.2,13,99,0.3131313131313131,0.1565656565656565,1.0,1.0,3.360655737704918,7.163934426229508,3.80327868852459,0.5355988274021062,0.6160956804911922,SingleAI-C03,item error and total cancellation read together
HAMD-17,HAMD17_strict_complete,C03_GLM-5.2,14,61,0.360655737704918,0.180327868852459,1.0,1.0,3.360655737704918,7.163934426229508,3.80327868852459,0.5355988274021062,0.6160956804911922,SingleAI-C03,HAMD H14=9 is unassessable; interpret item support with coverage
HAMD-17,HAMD17_strict_complete,C03_GLM-5.2,15,99,0.404040404040404,0.101010101010101,1.0,1.0,3.360655737704918,7.163934426229508,3.80327868852459,0.5355988274021062,0.6160956804911922,SingleAI-C03,item error and total cancellation read together
HAMD-17,HAMD17_strict_complete,C03_GLM-5.2,16,99,0.2626262626262626,0.1313131313131313,1.0,1.0,3.360655737704918,7.163934426229508,3.80327868852459,0.5355988274021062,0.6160956804911922,SingleAI-C03,item error and total cancellation read together
HAMD-17,HAMD17_strict_complete,C03_GLM-5.2,17,99,0.2828282828282828,0.1414141414141414,1.0,1.0,3.360655737704918,7.163934426229508,3.80327868852459,0.5355988274021062,0.6160956804911922,SingleAI-C03,item error and total cancellation read together
HAMD-17,HAMD17_strict_complete,C03_Kimi-K2.6,1,99,0.6565656565656566,0.1641414141414141,1.0,1.0,3.6984126984126986,6.968253968253968,3.2698412698412698,0.4375251732394589,0.5976832221755934,SingleAI-C03,item error and total cancellation read together
HAMD-17,HAMD17_strict_complete,C03_Kimi-K2.6,2,99,0.5959595959595959,0.1489898989898989,1.0,1.0,3.6984126984126986,6.968253968253968,3.2698412698412698,0.4375251732394589,0.5976832221755934,SingleAI-C03,item error and total cancellation read together
HAMD-17,HAMD17_strict_complete,C03_Kimi-K2.6,3,99,0.5353535353535354,0.1338383838383838,1.0,1.0,3.6984126984126986,6.968253968253968,3.2698412698412698,0.4375251732394589,0.5976832221755934,SingleAI-C03,item error and total cancellation read together
HAMD-17,HAMD17_strict_complete,C03_Kimi-K2.6,4,99,0.3838383838383838,0.1919191919191919,1.0,1.0,3.6984126984126986,6.968253968253968,3.2698412698412698,0.4375251732394589,0.5976832221755934,SingleAI-C03,item error and total cancellation read together
HAMD-17,HAMD17_strict_complete,C03_Kimi-K2.6,5,99,0.6161616161616161,0.308080808080808,1.0,1.0,3.6984126984126986,6.968253968253968,3.2698412698412698,0.4375251732394589,0.5976832221755934,SingleAI-C03,item error and total cancellation read together
HAMD-17,HAMD17_strict_complete,C03_Kimi-K2.6,6,99,0.3939393939393939,0.1969696969696969,1.0,1.0,3.6984126984126986,6.968253968253968,3.2698412698412698,0.4375251732394589,0.5976832221755934,SingleAI-C03,item error and total cancellation read together
HAMD-17,HAMD17_strict_complete,C03_Kimi-K2.6,7,99,0.5858585858585859,0.1464646464646464,1.0,1.0,3.6984126984126986,6.968253968253968,3.2698412698412698,0.4375251732394589,0.5976832221755934,SingleAI-C03,item error and total cancellation read together
HAMD-17,HAMD17_strict_complete,C03_Kimi-K2.6,8,99,0.5151515151515151,0.1287878787878787,1.0,1.0,3.6984126984126986,6.968253968253968,3.2698412698412698,0.4375251732394589,0.5976832221755934,SingleAI-C03,item error and total cancellation read together
HAMD-17,HAMD17_strict_complete,C03_Kimi-K2.6,9,99,0.5252525252525253,0.1313131313131313,1.0,1.0,3.6984126984126986,6.968253968253968,3.2698412698412698,0.4375251732394589,0.5976832221755934,SingleAI-C03,item error and total cancellation read together
HAMD-17,HAMD17_strict_complete,C03_Kimi-K2.6,10,99,0.6464646464646465,0.1616161616161616,1.0,1.0,3.6984126984126986,6.968253968253968,3.2698412698412698,0.4375251732394589,0.5976832221755934,SingleAI-C03,item error and total cancellation read together
HAMD-17,HAMD17_strict_complete,C03_Kimi-K2.6,11,99,0.6464646464646465,0.1616161616161616,1.0,1.0,3.6984126984126986,6.968253968253968,3.2698412698412698,0.4375251732394589,0.5976832221755934,SingleAI-C03,item error and total cancellation read together
HAMD-17,HAMD17_strict_complete,C03_Kimi-K2.6,12,99,0.1414141414141414,0.0707070707070707,1.0,1.0,3.6984126984126986,6.968253968253968,3.2698412698412698,0.4375251732394589,0.5976832221755934,SingleAI-C03,item error and total cancellation read together
HAMD-17,HAMD17_strict_complete,C03_Kimi-K2.6,13,99,0.3333333333333333,0.1666666666666666,1.0,1.0,3.6984126984126986,6.968253968253968,3.2698412698412698,0.4375251732394589,0.5976832221755934,SingleAI-C03,item error and total cancellation read together
HAMD-17,HAMD17_strict_complete,C03_Kimi-K2.6,14,63,0.3809523809523809,0.1904761904761904,1.0,1.0,3.6984126984126986,6.968253968253968,3.2698412698412698,0.4375251732394589,0.5976832221755934,SingleAI-C03,HAMD H14=9 is unassessable; interpret item support with coverage
HAMD-17,HAMD17_strict_complete,C03_Kimi-K2.6,15,99,0.4747474747474747,0.1186868686868686,1.0,1.0,3.6984126984126986,6.968253968253968,3.2698412698412698,0.4375251732394589,0.5976832221755934,SingleAI-C03,item error and total cancellation read together
HAMD-17,HAMD17_strict_complete,C03_Kimi-K2.6,16,99,0.2525252525252525,0.1262626262626262,1.0,1.0,3.6984126984126986,6.968253968253968,3.2698412698412698,0.4375251732394589,0.5976832221755934,SingleAI-C03,item error and total cancellation read together
HAMD-17,HAMD17_strict_complete,C03_Kimi-K2.6,17,99,0.2121212121212121,0.106060606060606,1.0,1.0,3.6984126984126986,6.968253968253968,3.2698412698412698,0.4375251732394589,0.5976832221755934,SingleAI-C03,item error and total cancellation read together
HAMD-17,HAMD17_strict_complete,C03_Qwen3.7-Max,1,99,0.7676767676767676,0.1919191919191919,1.0,1.0,3.3859649122807016,6.719298245614035,3.3333333333333335,0.4749253670306302,0.628324805171104,SingleAI-C03,item error and total cancellation read together
HAMD-17,HAMD17_strict_complete,C03_Qwen3.7-Max,2,99,0.4848484848484848,0.1212121212121212,1.0,1.0,3.3859649122807016,6.719298245614035,3.3333333333333335,0.4749253670306302,0.628324805171104,SingleAI-C03,item error and total cancellation read together
HAMD-17,HAMD17_strict_complete,C03_Qwen3.7-Max,3,99,0.7070707070707071,0.1767676767676767,1.0,1.0,3.3859649122807016,6.719298245614035,3.3333333333333335,0.4749253670306302,0.628324805171104,SingleAI-C03,item error and total cancellation read together
HAMD-17,HAMD17_strict_complete,C03_Qwen3.7-Max,4,99,0.3737373737373737,0.1868686868686868,1.0,1.0,3.3859649122807016,6.719298245614035,3.3333333333333335,0.4749253670306302,0.628324805171104,SingleAI-C03,item error and total cancellation read together
HAMD-17,HAMD17_strict_complete,C03_Qwen3.7-Max,5,99,0.4646464646464646,0.2323232323232323,1.0,1.0,3.3859649122807016,6.719298245614035,3.3333333333333335,0.4749253670306302,0.628324805171104,SingleAI-C03,item error and total cancellation read together
HAMD-17,HAMD17_strict_complete,C03_Qwen3.7-Max,6,99,0.3535353535353535,0.1767676767676767,1.0,1.0,3.3859649122807016,6.719298245614035,3.3333333333333335,0.4749253670306302,0.628324805171104,SingleAI-C03,item error and total cancellation read together
HAMD-17,HAMD17_strict_complete,C03_Qwen3.7-Max,7,99,0.6262626262626263,0.1565656565656565,1.0,1.0,3.3859649122807016,6.719298245614035,3.3333333333333335,0.4749253670306302,0.628324805171104,SingleAI-C03,item error and total cancellation read together
HAMD-17,HAMD17_strict_complete,C03_Qwen3.7-Max,8,99,0.5050505050505051,0.1262626262626262,1.0,1.0,3.3859649122807016,6.719298245614035,3.3333333333333335,0.4749253670306302,0.628324805171104,SingleAI-C03,item error and total cancellation read together
HAMD-17,HAMD17_strict_complete,C03_Qwen3.7-Max,9,99,0.494949494949495,0.1237373737373737,1.0,1.0,3.3859649122807016,6.719298245614035,3.3333333333333335,0.4749253670306302,0.628324805171104,SingleAI-C03,item error and total cancellation read together
HAMD-17,HAMD17_strict_complete,C03_Qwen3.7-Max,10,99,0.6666666666666666,0.1666666666666666,1.0,1.0,3.3859649122807016,6.719298245614035,3.3333333333333335,0.4749253670306302,0.628324805171104,SingleAI-C03,item error and total cancellation read together
HAMD-17,HAMD17_strict_complete,C03_Qwen3.7-Max,11,99,0.6464646464646465,0.1616161616161616,1.0,1.0,3.3859649122807016,6.719298245614035,3.3333333333333335,0.4749253670306302,0.628324805171104,SingleAI-C03,item error and total cancellation read together
HAMD-17,HAMD17_strict_complete,C03_Qwen3.7-Max,12,99,0.1515151515151515,0.0757575757575757,1.0,1.0,3.3859649122807016,6.719298245614035,3.3333333333333335,0.4749253670306302,0.628324805171104,SingleAI-C03,item error and total cancellation read together
HAMD-17,HAMD17_strict_complete,C03_Qwen3.7-Max,13,99,0.2929292929292929,0.1464646464646464,1.0,1.0,3.3859649122807016,6.719298245614035,3.3333333333333335,0.4749253670306302,0.628324805171104,SingleAI-C03,item error and total cancellation read together
HAMD-17,HAMD17_strict_complete,C03_Qwen3.7-Max,14,57,0.3333333333333333,0.1666666666666666,1.0,1.0,3.3859649122807016,6.719298245614035,3.3333333333333335,0.4749253670306302,0.628324805171104,SingleAI-C03,HAMD H14=9 is unassessable; interpret item support with coverage
HAMD-17,HAMD17_strict_complete,C03_Qwen3.7-Max,15,99,0.4444444444444444,0.1111111111111111,1.0,1.0,3.3859649122807016,6.719298245614035,3.3333333333333335,0.4749253670306302,0.628324805171104,SingleAI-C03,item error and total cancellation read together
HAMD-17,HAMD17_strict_complete,C03_Qwen3.7-Max,16,99,0.2323232323232323,0.1161616161616161,1.0,1.0,3.3859649122807016,6.719298245614035,3.3333333333333335,0.4749253670306302,0.628324805171104,SingleAI-C03,item error and total cancellation read together
HAMD-17,HAMD17_strict_complete,C03_Qwen3.7-Max,17,99,0.1919191919191919,0.0959595959595959,1.0,1.0,3.3859649122807016,6.719298245614035,3.3333333333333335,0.4749253670306302,0.628324805171104,SingleAI-C03,item error and total cancellation read together
HAMD-17,HAMD17_strict_complete,CrossAI_C03,1,99,0.6565656565656566,0.1641414141414141,1.0,1.0,3.4225806451612906,6.919354838709678,3.4967741935483874,0.50554602207828,0.6383889933860376,CrossAI-C03,item error and total cancellation read together
HAMD-17,HAMD17_strict_complete,CrossAI_C03,2,99,0.4848484848484848,0.1212121212121212,1.0,1.0,3.4225806451612906,6.919354838709678,3.4967741935483874,0.50554602207828,0.6383889933860376,CrossAI-C03,item error and total cancellation read together
HAMD-17,HAMD17_strict_complete,CrossAI_C03,3,99,0.5757575757575758,0.1439393939393939,1.0,1.0,3.4225806451612906,6.919354838709678,3.4967741935483874,0.50554602207828,0.6383889933860376,CrossAI-C03,item error and total cancellation read together
HAMD-17,HAMD17_strict_complete,CrossAI_C03,4,99,0.4121212121212121,0.206060606060606,1.0,1.0,3.4225806451612906,6.919354838709678,3.4967741935483874,0.50554602207828,0.6383889933860376,CrossAI-C03,item error and total cancellation read together
HAMD-17,HAMD17_strict_complete,CrossAI_C03,5,99,0.5020202020202019,0.2510101010101009,1.0,1.0,3.4225806451612906,6.919354838709678,3.4967741935483874,0.50554602207828,0.6383889933860376,CrossAI-C03,item error and total cancellation read together
HAMD-17,HAMD17_strict_complete,CrossAI_C03,6,99,0.3707070707070707,0.1853535353535353,1.0,1.0,3.4225806451612906,6.919354838709678,3.4967741935483874,0.50554602207828,0.6383889933860376,CrossAI-C03,item error and total cancellation read together
HAMD-17,HAMD17_strict_complete,CrossAI_C03,7,99,0.6313131313131313,0.1578282828282828,1.0,1.0,3.4225806451612906,6.919354838709678,3.4967741935483874,0.50554602207828,0.6383889933860376,CrossAI-C03,item error and total cancellation read together
HAMD-17,HAMD17_strict_complete,CrossAI_C03,8,99,0.5474747474747476,0.1368686868686869,1.0,1.0,3.4225806451612906,6.919354838709678,3.4967741935483874,0.50554602207828,0.6383889933860376,CrossAI-C03,item error and total cancellation read together
HAMD-17,HAMD17_strict_complete,CrossAI_C03,9,99,0.5474747474747476,0.1368686868686869,1.0,1.0,3.4225806451612906,6.919354838709678,3.4967741935483874,0.50554602207828,0.6383889933860376,CrossAI-C03,item error and total cancellation read together
HAMD-17,HAMD17_strict_complete,CrossAI_C03,10,99,0.5858585858585859,0.1464646464646464,1.0,1.0,3.4225806451612906,6.919354838709678,3.4967741935483874,0.50554602207828,0.6383889933860376,CrossAI-C03,item error and total cancellation read together
HAMD-17,HAMD17_strict_complete,CrossAI_C03,11,99,0.5555555555555556,0.1388888888888889,1.0,1.0,3.4225806451612906,6.919354838709678,3.4967741935483874,0.50554602207828,0.6383889933860376,CrossAI-C03,item error and total cancellation read together
HAMD-17,HAMD17_strict_complete,CrossAI_C03,12,99,0.1696969696969696,0.0848484848484848,1.0,1.0,3.4225806451612906,6.919354838709678,3.4967741935483874,0.50554602207828,0.6383889933860376,CrossAI-C03,item error and total cancellation read together
HAMD-17,HAMD17_strict_complete,CrossAI_C03,13,99,0.3363636363636363,0.1681818181818181,1.0,1.0,3.4225806451612906,6.919354838709678,3.4967741935483874,0.50554602207828,0.6383889933860376,CrossAI-C03,item error and total cancellation read together
HAMD-17,HAMD17_strict_complete,CrossAI_C03,14,62,0.3612903225806451,0.1806451612903225,1.0,1.0,3.4225806451612906,6.919354838709678,3.4967741935483874,0.50554602207828,0.6383889933860376,CrossAI-C03,HAMD H14=9 is unassessable; interpret item support with coverage
HAMD-17,HAMD17_strict_complete,CrossAI_C03,15,99,0.4090909090909091,0.1022727272727272,1.0,1.0,3.4225806451612906,6.919354838709678,3.4967741935483874,0.50554602207828,0.6383889933860376,CrossAI-C03,item error and total cancellation read together
HAMD-17,HAMD17_strict_complete,CrossAI_C03,16,99,0.2707070707070707,0.1353535353535353,1.0,1.0,3.4225806451612906,6.919354838709678,3.4967741935483874,0.50554602207828,0.6383889933860376,CrossAI-C03,item error and total cancellation read together
HAMD-17,HAMD17_strict_complete,CrossAI_C03,17,99,0.2222222222222222,0.1111111111111111,1.0,1.0,3.4225806451612906,6.919354838709678,3.4967741935483874,0.50554602207828,0.6383889933860376,CrossAI-C03,item error and total cancellation read together
HAMD-17,HAMD17_strict_complete,CrossAI_Conservative-C,1,99,0.6646464646464646,0.1661616161616161,1.0,1.0,3.4890532879818585,7.175357142857143,3.6863038548752844,0.5154818781306876,0.6109687299037335,Conservative-C,item error and total cancellation read together
HAMD-17,HAMD17_strict_complete,CrossAI_Conservative-C,2,99,0.4959595959595959,0.1239898989898989,1.0,1.0,3.4890532879818585,7.175357142857143,3.6863038548752844,0.5154818781306876,0.6109687299037335,Conservative-C,item error and total cancellation read together
HAMD-17,HAMD17_strict_complete,CrossAI_Conservative-C,3,99,0.593939393939394,0.1484848484848485,1.0,1.0,3.4890532879818585,7.175357142857143,3.6863038548752844,0.5154818781306876,0.6109687299037335,Conservative-C,item error and total cancellation read together
HAMD-17,HAMD17_strict_complete,CrossAI_Conservative-C,4,99,0.4111111111111111,0.2055555555555555,1.0,1.0,3.4890532879818585,7.175357142857143,3.6863038548752844,0.5154818781306876,0.6109687299037335,Conservative-C,item error and total cancellation read together
HAMD-17,HAMD17_strict_complete,CrossAI_Conservative-C,5,99,0.502020202020202,0.251010101010101,1.0,1.0,3.4890532879818585,7.175357142857143,3.6863038548752844,0.5154818781306876,0.6109687299037335,Conservative-C,item error and total cancellation read together
HAMD-17,HAMD17_strict_complete,CrossAI_Conservative-C,6,99,0.3858585858585859,0.1929292929292929,1.0,1.0,3.4890532879818585,7.175357142857143,3.6863038548752844,0.5154818781306876,0.6109687299037335,Conservative-C,item error and total cancellation read together
HAMD-17,HAMD17_strict_complete,CrossAI_Conservative-C,7,99,0.6626262626262626,0.1656565656565656,1.0,1.0,3.4890532879818585,7.175357142857143,3.6863038548752844,0.5154818781306876,0.6109687299037335,Conservative-C,item error and total cancellation read together
HAMD-17,HAMD17_strict_complete,CrossAI_Conservative-C,8,99,0.5464646464646464,0.1366161616161616,1.0,1.0,3.4890532879818585,7.175357142857143,3.6863038548752844,0.5154818781306876,0.6109687299037335,Conservative-C,item error and total cancellation read together
HAMD-17,HAMD17_strict_complete,CrossAI_Conservative-C,9,99,0.5444444444444444,0.1361111111111111,1.0,1.0,3.4890532879818585,7.175357142857143,3.6863038548752844,0.5154818781306876,0.6109687299037335,Conservative-C,item error and total cancellation read together
HAMD-17,HAMD17_strict_complete,CrossAI_Conservative-C,10,99,0.5818181818181818,0.1454545454545454,1.0,1.0,3.4890532879818585,7.175357142857143,3.6863038548752844,0.5154818781306876,0.6109687299037335,Conservative-C,item error and total cancellation read together
HAMD-17,HAMD17_strict_complete,CrossAI_Conservative-C,11,99,0.5767676767676768,0.1441919191919192,1.0,1.0,3.4890532879818585,7.175357142857143,3.6863038548752844,0.5154818781306876,0.6109687299037335,Conservative-C,item error and total cancellation read together
HAMD-17,HAMD17_strict_complete,CrossAI_Conservative-C,12,99,0.1686868686868687,0.0843434343434343,1.0,1.0,3.4890532879818585,7.175357142857143,3.6863038548752844,0.5154818781306876,0.6109687299037335,Conservative-C,item error and total cancellation read together
HAMD-17,HAMD17_strict_complete,CrossAI_Conservative-C,13,99,0.3434343434343434,0.1717171717171717,1.0,1.0,3.4890532879818585,7.175357142857143,3.6863038548752844,0.5154818781306876,0.6109687299037335,Conservative-C,item error and total cancellation read together
HAMD-17,HAMD17_strict_complete,CrossAI_Conservative-C,14,70,0.3757539682539682,0.1878769841269841,1.0,1.0,3.4890532879818585,7.175357142857143,3.6863038548752844,0.5154818781306876,0.6109687299037335,Conservative-C,HAMD H14=9 is unassessable; interpret item support with coverage
HAMD-17,HAMD17_strict_complete,CrossAI_Conservative-C,15,99,0.4272727272727272,0.1068181818181818,1.0,1.0,3.4890532879818585,7.175357142857143,3.6863038548752844,0.5154818781306876,0.6109687299037335,Conservative-C,item error and total cancellation read together
HAMD-17,HAMD17_strict_complete,CrossAI_Conservative-C,16,99,0.2777777777777778,0.1388888888888889,1.0,1.0,3.4890532879818585,7.175357142857143,3.6863038548752844,0.5154818781306876,0.6109687299037335,Conservative-C,item error and total cancellation read together
HAMD-17,HAMD17_strict_complete,CrossAI_Conservative-C,17,99,0.2202020202020202,0.1101010101010101,1.0,1.0,3.4890532879818585,7.175357142857143,3.6863038548752844,0.5154818781306876,0.6109687299037335,Conservative-C,item error and total cancellation read together
HAMD-17,HAMD17_strict_complete,CrossAI_Joint-A,1,99,0.8,0.2,1.0,1.0,3.322245564892624,7.707959850606909,4.385714285714285,0.5579213605929292,0.5793386953747217,Joint-A,item error and total cancellation read together
HAMD-17,HAMD17_strict_complete,CrossAI_Joint-A,2,99,0.5303030303030303,0.1325757575757575,1.0,1.0,3.322245564892624,7.707959850606909,4.385714285714285,0.5579213605929292,0.5793386953747217,Joint-A,item error and total cancellation read together
HAMD-17,HAMD17_strict_complete,CrossAI_Joint-A,3,99,0.5484848484848486,0.1371212121212121,1.0,1.0,3.322245564892624,7.707959850606909,4.385714285714285,0.5579213605929292,0.5793386953747217,Joint-A,item error and total cancellation read together
HAMD-17,HAMD17_strict_complete,CrossAI_Joint-A,4,99,0.3878787878787879,0.1939393939393939,1.0,1.0,3.322245564892624,7.707959850606909,4.385714285714285,0.5579213605929292,0.5793386953747217,Joint-A,item error and total cancellation read together
HAMD-17,HAMD17_strict_complete,CrossAI_Joint-A,5,99,0.5606060606060606,0.2803030303030303,1.0,1.0,3.322245564892624,7.707959850606909,4.385714285714285,0.5579213605929292,0.5793386953747217,Joint-A,item error and total cancellation read together
HAMD-17,HAMD17_strict_complete,CrossAI_Joint-A,6,99,0.3696969696969696,0.1848484848484848,1.0,1.0,3.322245564892624,7.707959850606909,4.385714285714285,0.5579213605929292,0.5793386953747217,Joint-A,item error and total cancellation read together
HAMD-17,HAMD17_strict_complete,CrossAI_Joint-A,7,99,0.6404040404040404,0.1601010101010101,1.0,1.0,3.322245564892624,7.707959850606909,4.385714285714285,0.5579213605929292,0.5793386953747217,Joint-A,item error and total cancellation read together
HAMD-17,HAMD17_strict_complete,CrossAI_Joint-A,8,99,0.6515151515151517,0.1628787878787879,1.0,1.0,3.322245564892624,7.707959850606909,4.385714285714285,0.5579213605929292,0.5793386953747217,Joint-A,item error and total cancellation read together
HAMD-17,HAMD17_strict_complete,CrossAI_Joint-A,9,99,0.6929292929292931,0.1732323232323232,1.0,1.0,3.322245564892624,7.707959850606909,4.385714285714285,0.5579213605929292,0.5793386953747217,Joint-A,item error and total cancellation read together
HAMD-17,HAMD17_strict_complete,CrossAI_Joint-A,10,99,0.5171717171717172,0.1292929292929293,1.0,1.0,3.322245564892624,7.707959850606909,4.385714285714285,0.5579213605929292,0.5793386953747217,Joint-A,item error and total cancellation read together
HAMD-17,HAMD17_strict_complete,CrossAI_Joint-A,11,99,0.5787878787878787,0.1446969696969696,1.0,1.0,3.322245564892624,7.707959850606909,4.385714285714285,0.5579213605929292,0.5793386953747217,Joint-A,item error and total cancellation read together
HAMD-17,HAMD17_strict_complete,CrossAI_Joint-A,12,99,0.2313131313131313,0.1156565656565656,1.0,1.0,3.322245564892624,7.707959850606909,4.385714285714285,0.5579213605929292,0.5793386953747217,Joint-A,item error and total cancellation read together
HAMD-17,HAMD17_strict_complete,CrossAI_Joint-A,13,99,0.3323232323232323,0.1661616161616161,1.0,1.0,3.322245564892624,7.707959850606909,4.385714285714285,0.5579213605929292,0.5793386953747217,Joint-A,item error and total cancellation read together
HAMD-17,HAMD17_strict_complete,CrossAI_Joint-A,14,68,0.4070261437908496,0.2035130718954248,1.0,1.0,3.322245564892624,7.707959850606909,4.385714285714285,0.5579213605929292,0.5793386953747217,Joint-A,HAMD H14=9 is unassessable; interpret item support with coverage
HAMD-17,HAMD17_strict_complete,CrossAI_Joint-A,15,99,0.4696969696969697,0.1174242424242424,1.0,1.0,3.322245564892624,7.707959850606909,4.385714285714285,0.5579213605929292,0.5793386953747217,Joint-A,item error and total cancellation read together
HAMD-17,HAMD17_strict_complete,CrossAI_Joint-A,16,99,0.3494949494949495,0.1747474747474747,1.0,1.0,3.322245564892624,7.707959850606909,4.385714285714285,0.5579213605929292,0.5793386953747217,Joint-A,item error and total cancellation read together
HAMD-17,HAMD17_strict_complete,CrossAI_Joint-A,17,99,0.3242424242424243,0.1621212121212121,1.0,1.0,3.322245564892624,7.707959850606909,4.385714285714285,0.5579213605929292,0.5793386953747217,Joint-A,item error and total cancellation read together
HAMD-17,HAMD17_strict_complete,CrossAI_Joint-B,1,99,0.7171717171717171,0.1792929292929292,1.0,1.0,3.3359693877551018,7.235447845804989,3.8994784580498876,0.5426958228697925,0.611474546523417,Joint-B,item error and total cancellation read together
HAMD-17,HAMD17_strict_complete,CrossAI_Joint-B,2,99,0.4838383838383838,0.1209595959595959,1.0,1.0,3.3359693877551018,7.235447845804989,3.8994784580498876,0.5426958228697925,0.611474546523417,Joint-B,item error and total cancellation read together
HAMD-17,HAMD17_strict_complete,CrossAI_Joint-B,3,99,0.5808080808080808,0.1452020202020202,1.0,1.0,3.3359693877551018,7.235447845804989,3.8994784580498876,0.5426958228697925,0.611474546523417,Joint-B,item error and total cancellation read together
HAMD-17,HAMD17_strict_complete,CrossAI_Joint-B,4,99,0.4101010101010101,0.205050505050505,1.0,1.0,3.3359693877551018,7.235447845804989,3.8994784580498876,0.5426958228697925,0.611474546523417,Joint-B,item error and total cancellation read together
HAMD-17,HAMD17_strict_complete,CrossAI_Joint-B,5,99,0.5646464646464646,0.2823232323232323,1.0,1.0,3.3359693877551018,7.235447845804989,3.8994784580498876,0.5426958228697925,0.611474546523417,Joint-B,item error and total cancellation read together
HAMD-17,HAMD17_strict_complete,CrossAI_Joint-B,6,99,0.4313131313131313,0.2156565656565656,1.0,1.0,3.3359693877551018,7.235447845804989,3.8994784580498876,0.5426958228697925,0.611474546523417,Joint-B,item error and total cancellation read together
HAMD-17,HAMD17_strict_complete,CrossAI_Joint-B,7,99,0.6828282828282829,0.1707070707070707,1.0,1.0,3.3359693877551018,7.235447845804989,3.8994784580498876,0.5426958228697925,0.611474546523417,Joint-B,item error and total cancellation read together
HAMD-17,HAMD17_strict_complete,CrossAI_Joint-B,8,99,0.5808080808080808,0.1452020202020202,1.0,1.0,3.3359693877551018,7.235447845804989,3.8994784580498876,0.5426958228697925,0.611474546523417,Joint-B,item error and total cancellation read together
HAMD-17,HAMD17_strict_complete,CrossAI_Joint-B,9,99,0.5696969696969697,0.1424242424242424,1.0,1.0,3.3359693877551018,7.235447845804989,3.8994784580498876,0.5426958228697925,0.611474546523417,Joint-B,item error and total cancellation read together
HAMD-17,HAMD17_strict_complete,CrossAI_Joint-B,10,99,0.5222222222222221,0.1305555555555555,1.0,1.0,3.3359693877551018,7.235447845804989,3.8994784580498876,0.5426958228697925,0.611474546523417,Joint-B,item error and total cancellation read together
HAMD-17,HAMD17_strict_complete,CrossAI_Joint-B,11,99,0.5616161616161616,0.1404040404040404,1.0,1.0,3.3359693877551018,7.235447845804989,3.8994784580498876,0.5426958228697925,0.611474546523417,Joint-B,item error and total cancellation read together
HAMD-17,HAMD17_strict_complete,CrossAI_Joint-B,12,99,0.202020202020202,0.101010101010101,1.0,1.0,3.3359693877551018,7.235447845804989,3.8994784580498876,0.5426958228697925,0.611474546523417,Joint-B,item error and total cancellation read together
HAMD-17,HAMD17_strict_complete,CrossAI_Joint-B,13,99,0.311111111111111,0.1555555555555555,1.0,1.0,3.3359693877551018,7.235447845804989,3.8994784580498876,0.5426958228697925,0.611474546523417,Joint-B,item error and total cancellation read together
HAMD-17,HAMD17_strict_complete,CrossAI_Joint-B,14,70,0.3573015873015873,0.1786507936507936,1.0,1.0,3.3359693877551018,7.235447845804989,3.8994784580498876,0.5426958228697925,0.611474546523417,Joint-B,HAMD H14=9 is unassessable; interpret item support with coverage
HAMD-17,HAMD17_strict_complete,CrossAI_Joint-B,15,99,0.4323232323232323,0.108080808080808,1.0,1.0,3.3359693877551018,7.235447845804989,3.8994784580498876,0.5426958228697925,0.611474546523417,Joint-B,item error and total cancellation read together
HAMD-17,HAMD17_strict_complete,CrossAI_Joint-B,16,99,0.301010101010101,0.1505050505050505,1.0,1.0,3.3359693877551018,7.235447845804989,3.8994784580498876,0.5426958228697925,0.611474546523417,Joint-B,item error and total cancellation read together
HAMD-17,HAMD17_strict_complete,CrossAI_Joint-B,17,99,0.2080808080808081,0.104040404040404,1.0,1.0,3.3359693877551018,7.235447845804989,3.8994784580498876,0.5426958228697925,0.611474546523417,Joint-B,item error and total cancellation read together
HAMD-17,HAMD17_strict_complete,WithinAI_GLM-5.2_A,1,99,0.8080808080808081,0.202020202020202,1.0,1.0,3.098632478632479,7.277777777777779,4.1791452991453,0.58266130763265,0.6159243587166118,SingleAI-A,item error and total cancellation read together
HAMD-17,HAMD17_strict_complete,WithinAI_GLM-5.2_A,2,99,0.509090909090909,0.1272727272727272,1.0,1.0,3.098632478632479,7.277777777777779,4.1791452991453,0.58266130763265,0.6159243587166118,SingleAI-A,item error and total cancellation read together
HAMD-17,HAMD17_strict_complete,WithinAI_GLM-5.2_A,3,99,0.51010101010101,0.1275252525252525,1.0,1.0,3.098632478632479,7.277777777777779,4.1791452991453,0.58266130763265,0.6159243587166118,SingleAI-A,item error and total cancellation read together
HAMD-17,HAMD17_strict_complete,WithinAI_GLM-5.2_A,4,99,0.4282828282828282,0.2141414141414141,1.0,1.0,3.098632478632479,7.277777777777779,4.1791452991453,0.58266130763265,0.6159243587166118,SingleAI-A,item error and total cancellation read together
HAMD-17,HAMD17_strict_complete,WithinAI_GLM-5.2_A,5,99,0.5616161616161617,0.2808080808080808,1.0,1.0,3.098632478632479,7.277777777777779,4.1791452991453,0.58266130763265,0.6159243587166118,SingleAI-A,item error and total cancellation read together
HAMD-17,HAMD17_strict_complete,WithinAI_GLM-5.2_A,6,99,0.3444444444444444,0.1722222222222222,1.0,1.0,3.098632478632479,7.277777777777779,4.1791452991453,0.58266130763265,0.6159243587166118,SingleAI-A,item error and total cancellation read together
HAMD-17,HAMD17_strict_complete,WithinAI_GLM-5.2_A,7,99,0.683838383838384,0.170959595959596,1.0,1.0,3.098632478632479,7.277777777777779,4.1791452991453,0.58266130763265,0.6159243587166118,SingleAI-A,item error and total cancellation read together
HAMD-17,HAMD17_strict_complete,WithinAI_GLM-5.2_A,8,99,0.6515151515151517,0.1628787878787879,1.0,1.0,3.098632478632479,7.277777777777779,4.1791452991453,0.58266130763265,0.6159243587166118,SingleAI-A,item error and total cancellation read together
HAMD-17,HAMD17_strict_complete,WithinAI_GLM-5.2_A,9,99,0.6959595959595959,0.1739898989898989,1.0,1.0,3.098632478632479,7.277777777777779,4.1791452991453,0.58266130763265,0.6159243587166118,SingleAI-A,item error and total cancellation read together
HAMD-17,HAMD17_strict_complete,WithinAI_GLM-5.2_A,10,99,0.5060606060606061,0.1265151515151515,1.0,1.0,3.098632478632479,7.277777777777779,4.1791452991453,0.58266130763265,0.6159243587166118,SingleAI-A,item error and total cancellation read together
HAMD-17,HAMD17_strict_complete,WithinAI_GLM-5.2_A,11,99,0.5202020202020202,0.130050505050505,1.0,1.0,3.098632478632479,7.277777777777779,4.1791452991453,0.58266130763265,0.6159243587166118,SingleAI-A,item error and total cancellation read together
HAMD-17,HAMD17_strict_complete,WithinAI_GLM-5.2_A,12,99,0.1818181818181818,0.0909090909090909,1.0,1.0,3.098632478632479,7.277777777777779,4.1791452991453,0.58266130763265,0.6159243587166118,SingleAI-A,item error and total cancellation read together
HAMD-17,HAMD17_strict_complete,WithinAI_GLM-5.2_A,13,99,0.2919191919191919,0.1459595959595959,1.0,1.0,3.098632478632479,7.277777777777779,4.1791452991453,0.58266130763265,0.6159243587166118,SingleAI-A,item error and total cancellation read together
HAMD-17,HAMD17_strict_complete,WithinAI_GLM-5.2_A,14,65,0.4276923076923076,0.2138461538461538,1.0,1.0,3.098632478632479,7.277777777777779,4.1791452991453,0.58266130763265,0.6159243587166118,SingleAI-A,HAMD H14=9 is unassessable; interpret item support with coverage
HAMD-17,HAMD17_strict_complete,WithinAI_GLM-5.2_A,15,99,0.4191919191919191,0.1047979797979797,1.0,1.0,3.098632478632479,7.277777777777779,4.1791452991453,0.58266130763265,0.6159243587166118,SingleAI-A,item error and total cancellation read together
HAMD-17,HAMD17_strict_complete,WithinAI_GLM-5.2_A,16,99,0.3111111111111111,0.1555555555555555,1.0,1.0,3.098632478632479,7.277777777777779,4.1791452991453,0.58266130763265,0.6159243587166118,SingleAI-A,item error and total cancellation read together
HAMD-17,HAMD17_strict_complete,WithinAI_GLM-5.2_A,17,99,0.2888888888888889,0.1444444444444444,1.0,1.0,3.098632478632479,7.277777777777779,4.1791452991453,0.58266130763265,0.6159243587166118,SingleAI-A,item error and total cancellation read together
HAMD-17,HAMD17_strict_complete,WithinAI_GLM-5.2_B,1,99,0.8272727272727274,0.2068181818181818,1.0,1.0,3.220739962651728,7.388422035480858,4.1676820728291295,0.5648506621404751,0.6057179629569296,SingleAI-B,item error and total cancellation read together
HAMD-17,HAMD17_strict_complete,WithinAI_GLM-5.2_B,2,99,0.4626262626262626,0.1156565656565656,1.0,1.0,3.220739962651728,7.388422035480858,4.1676820728291295,0.5648506621404751,0.6057179629569296,SingleAI-B,item error and total cancellation read together
HAMD-17,HAMD17_strict_complete,WithinAI_GLM-5.2_B,3,99,0.5707070707070706,0.1426767676767676,1.0,1.0,3.220739962651728,7.388422035480858,4.1676820728291295,0.5648506621404751,0.6057179629569296,SingleAI-B,item error and total cancellation read together
HAMD-17,HAMD17_strict_complete,WithinAI_GLM-5.2_B,4,99,0.3535353535353535,0.1767676767676767,1.0,1.0,3.220739962651728,7.388422035480858,4.1676820728291295,0.5648506621404751,0.6057179629569296,SingleAI-B,item error and total cancellation read together
HAMD-17,HAMD17_strict_complete,WithinAI_GLM-5.2_B,5,99,0.5494949494949496,0.2747474747474748,1.0,1.0,3.220739962651728,7.388422035480858,4.1676820728291295,0.5648506621404751,0.6057179629569296,SingleAI-B,item error and total cancellation read together
HAMD-17,HAMD17_strict_complete,WithinAI_GLM-5.2_B,6,99,0.4070707070707071,0.2035353535353535,1.0,1.0,3.220739962651728,7.388422035480858,4.1676820728291295,0.5648506621404751,0.6057179629569296,SingleAI-B,item error and total cancellation read together
HAMD-17,HAMD17_strict_complete,WithinAI_GLM-5.2_B,7,99,0.6606060606060605,0.1651515151515151,1.0,1.0,3.220739962651728,7.388422035480858,4.1676820728291295,0.5648506621404751,0.6057179629569296,SingleAI-B,item error and total cancellation read together
HAMD-17,HAMD17_strict_complete,WithinAI_GLM-5.2_B,8,99,0.6272727272727272,0.1568181818181818,1.0,1.0,3.220739962651728,7.388422035480858,4.1676820728291295,0.5648506621404751,0.6057179629569296,SingleAI-B,item error and total cancellation read together
HAMD-17,HAMD17_strict_complete,WithinAI_GLM-5.2_B,9,99,0.5666666666666668,0.1416666666666667,1.0,1.0,3.220739962651728,7.388422035480858,4.1676820728291295,0.5648506621404751,0.6057179629569296,SingleAI-B,item error and total cancellation read together
HAMD-17,HAMD17_strict_complete,WithinAI_GLM-5.2_B,10,99,0.5161616161616162,0.129040404040404,1.0,1.0,3.220739962651728,7.388422035480858,4.1676820728291295,0.5648506621404751,0.6057179629569296,SingleAI-B,item error and total cancellation read together
HAMD-17,HAMD17_strict_complete,WithinAI_GLM-5.2_B,11,99,0.5616161616161616,0.1404040404040404,1.0,1.0,3.220739962651728,7.388422035480858,4.1676820728291295,0.5648506621404751,0.6057179629569296,SingleAI-B,item error and total cancellation read together
HAMD-17,HAMD17_strict_complete,WithinAI_GLM-5.2_B,12,99,0.1878787878787878,0.0939393939393939,1.0,1.0,3.220739962651728,7.388422035480858,4.1676820728291295,0.5648506621404751,0.6057179629569296,SingleAI-B,item error and total cancellation read together
HAMD-17,HAMD17_strict_complete,WithinAI_GLM-5.2_B,13,99,0.2686868686868687,0.1343434343434343,1.0,1.0,3.220739962651728,7.388422035480858,4.1676820728291295,0.5648506621404751,0.6057179629569296,SingleAI-B,item error and total cancellation read together
HAMD-17,HAMD17_strict_complete,WithinAI_GLM-5.2_B,14,68,0.3566176470588235,0.1783088235294117,1.0,1.0,3.220739962651728,7.388422035480858,4.1676820728291295,0.5648506621404751,0.6057179629569296,SingleAI-B,HAMD H14=9 is unassessable; interpret item support with coverage
HAMD-17,HAMD17_strict_complete,WithinAI_GLM-5.2_B,15,99,0.398989898989899,0.0997474747474747,1.0,1.0,3.220739962651728,7.388422035480858,4.1676820728291295,0.5648506621404751,0.6057179629569296,SingleAI-B,item error and total cancellation read together
HAMD-17,HAMD17_strict_complete,WithinAI_GLM-5.2_B,16,99,0.303030303030303,0.1515151515151515,1.0,1.0,3.220739962651728,7.388422035480858,4.1676820728291295,0.5648506621404751,0.6057179629569296,SingleAI-B,item error and total cancellation read together
HAMD-17,HAMD17_strict_complete,WithinAI_GLM-5.2_B,17,99,0.3474747474747474,0.1737373737373737,1.0,1.0,3.220739962651728,7.388422035480858,4.1676820728291295,0.5648506621404751,0.6057179629569296,SingleAI-B,item error and total cancellation read together
HAMD-17,HAMD17_strict_complete,WithinAI_Kimi-K2.6_A,1,99,0.7252525252525253,0.1813131313131313,1.0,1.0,3.421344396344397,8.370574795574797,4.9492303992304,0.5678115773830272,0.5183588651856429,SingleAI-A,item error and total cancellation read together
HAMD-17,HAMD17_strict_complete,WithinAI_Kimi-K2.6_A,2,99,0.6121212121212121,0.153030303030303,1.0,1.0,3.421344396344397,8.370574795574797,4.9492303992304,0.5678115773830272,0.5183588651856429,SingleAI-A,item error and total cancellation read together
HAMD-17,HAMD17_strict_complete,WithinAI_Kimi-K2.6_A,3,99,0.8484848484848485,0.2121212121212121,1.0,1.0,3.421344396344397,8.370574795574797,4.9492303992304,0.5678115773830272,0.5183588651856429,SingleAI-A,item error and total cancellation read together
HAMD-17,HAMD17_strict_complete,WithinAI_Kimi-K2.6_A,4,99,0.3858585858585859,0.1929292929292929,1.0,1.0,3.421344396344397,8.370574795574797,4.9492303992304,0.5678115773830272,0.5183588651856429,SingleAI-A,item error and total cancellation read together
HAMD-17,HAMD17_strict_complete,WithinAI_Kimi-K2.6_A,5,99,0.597979797979798,0.298989898989899,1.0,1.0,3.421344396344397,8.370574795574797,4.9492303992304,0.5678115773830272,0.5183588651856429,SingleAI-A,item error and total cancellation read together
HAMD-17,HAMD17_strict_complete,WithinAI_Kimi-K2.6_A,6,99,0.4222222222222223,0.2111111111111111,1.0,1.0,3.421344396344397,8.370574795574797,4.9492303992304,0.5678115773830272,0.5183588651856429,SingleAI-A,item error and total cancellation read together
HAMD-17,HAMD17_strict_complete,WithinAI_Kimi-K2.6_A,7,99,0.6333333333333333,0.1583333333333333,1.0,1.0,3.421344396344397,8.370574795574797,4.9492303992304,0.5678115773830272,0.5183588651856429,SingleAI-A,item error and total cancellation read together
HAMD-17,HAMD17_strict_complete,WithinAI_Kimi-K2.6_A,8,99,0.7717171717171718,0.1929292929292929,1.0,1.0,3.421344396344397,8.370574795574797,4.9492303992304,0.5678115773830272,0.5183588651856429,SingleAI-A,item error and total cancellation read together
HAMD-17,HAMD17_strict_complete,WithinAI_Kimi-K2.6_A,9,99,0.6050505050505051,0.1512626262626262,1.0,1.0,3.421344396344397,8.370574795574797,4.9492303992304,0.5678115773830272,0.5183588651856429,SingleAI-A,item error and total cancellation read together
HAMD-17,HAMD17_strict_complete,WithinAI_Kimi-K2.6_A,10,99,0.6808080808080809,0.1702020202020202,1.0,1.0,3.421344396344397,8.370574795574797,4.9492303992304,0.5678115773830272,0.5183588651856429,SingleAI-A,item error and total cancellation read together
HAMD-17,HAMD17_strict_complete,WithinAI_Kimi-K2.6_A,11,99,0.6474747474747474,0.1618686868686868,1.0,1.0,3.421344396344397,8.370574795574797,4.9492303992304,0.5678115773830272,0.5183588651856429,SingleAI-A,item error and total cancellation read together
HAMD-17,HAMD17_strict_complete,WithinAI_Kimi-K2.6_A,12,99,0.2363636363636363,0.1181818181818181,1.0,1.0,3.421344396344397,8.370574795574797,4.9492303992304,0.5678115773830272,0.5183588651856429,SingleAI-A,item error and total cancellation read together
HAMD-17,HAMD17_strict_complete,WithinAI_Kimi-K2.6_A,13,99,0.3494949494949495,0.1747474747474747,1.0,1.0,3.421344396344397,8.370574795574797,4.9492303992304,0.5678115773830272,0.5183588651856429,SingleAI-A,item error and total cancellation read together
HAMD-17,HAMD17_strict_complete,WithinAI_Kimi-K2.6_A,14,66,0.3924242424242424,0.1962121212121212,1.0,1.0,3.421344396344397,8.370574795574797,4.9492303992304,0.5678115773830272,0.5183588651856429,SingleAI-A,HAMD H14=9 is unassessable; interpret item support with coverage
HAMD-17,HAMD17_strict_complete,WithinAI_Kimi-K2.6_A,15,99,0.5111111111111111,0.1277777777777777,1.0,1.0,3.421344396344397,8.370574795574797,4.9492303992304,0.5678115773830272,0.5183588651856429,SingleAI-A,item error and total cancellation read together
HAMD-17,HAMD17_strict_complete,WithinAI_Kimi-K2.6_A,16,99,0.3383838383838384,0.1691919191919192,1.0,1.0,3.421344396344397,8.370574795574797,4.9492303992304,0.5678115773830272,0.5183588651856429,SingleAI-A,item error and total cancellation read together
HAMD-17,HAMD17_strict_complete,WithinAI_Kimi-K2.6_A,17,99,0.3232323232323232,0.1616161616161616,1.0,1.0,3.421344396344397,8.370574795574797,4.9492303992304,0.5678115773830272,0.5183588651856429,SingleAI-A,item error and total cancellation read together
HAMD-17,HAMD17_strict_complete,WithinAI_Kimi-K2.6_B,1,99,0.6616161616161617,0.1654040404040404,1.0,1.0,3.6894219379294007,7.6884150675195455,3.998993129590145,0.5183763036694806,0.5662385931187721,SingleAI-B,item error and total cancellation read together
HAMD-17,HAMD17_strict_complete,WithinAI_Kimi-K2.6_B,2,99,0.6575757575757575,0.1643939393939393,1.0,1.0,3.6894219379294007,7.6884150675195455,3.998993129590145,0.5183763036694806,0.5662385931187721,SingleAI-B,item error and total cancellation read together
HAMD-17,HAMD17_strict_complete,WithinAI_Kimi-K2.6_B,3,99,0.6222222222222222,0.1555555555555555,1.0,1.0,3.6894219379294007,7.6884150675195455,3.998993129590145,0.5183763036694806,0.5662385931187721,SingleAI-B,item error and total cancellation read together
HAMD-17,HAMD17_strict_complete,WithinAI_Kimi-K2.6_B,4,99,0.4292929292929293,0.2146464646464646,1.0,1.0,3.6894219379294007,7.6884150675195455,3.998993129590145,0.5183763036694806,0.5662385931187721,SingleAI-B,item error and total cancellation read together
HAMD-17,HAMD17_strict_complete,WithinAI_Kimi-K2.6_B,5,99,0.5838383838383838,0.2919191919191919,1.0,1.0,3.6894219379294007,7.6884150675195455,3.998993129590145,0.5183763036694806,0.5662385931187721,SingleAI-B,item error and total cancellation read together
HAMD-17,HAMD17_strict_complete,WithinAI_Kimi-K2.6_B,6,99,0.4161616161616162,0.2080808080808081,1.0,1.0,3.6894219379294007,7.6884150675195455,3.998993129590145,0.5183763036694806,0.5662385931187721,SingleAI-B,item error and total cancellation read together
HAMD-17,HAMD17_strict_complete,WithinAI_Kimi-K2.6_B,7,99,0.6555555555555554,0.1638888888888888,1.0,1.0,3.6894219379294007,7.6884150675195455,3.998993129590145,0.5183763036694806,0.5662385931187721,SingleAI-B,item error and total cancellation read together
HAMD-17,HAMD17_strict_complete,WithinAI_Kimi-K2.6_B,8,99,0.5666666666666667,0.1416666666666666,1.0,1.0,3.6894219379294007,7.6884150675195455,3.998993129590145,0.5183763036694806,0.5662385931187721,SingleAI-B,item error and total cancellation read together
HAMD-17,HAMD17_strict_complete,WithinAI_Kimi-K2.6_B,9,99,0.5484848484848485,0.1371212121212121,1.0,1.0,3.6894219379294007,7.6884150675195455,3.998993129590145,0.5183763036694806,0.5662385931187721,SingleAI-B,item error and total cancellation read together
HAMD-17,HAMD17_strict_complete,WithinAI_Kimi-K2.6_B,10,99,0.6333333333333334,0.1583333333333333,1.0,1.0,3.6894219379294007,7.6884150675195455,3.998993129590145,0.5183763036694806,0.5662385931187721,SingleAI-B,item error and total cancellation read together
HAMD-17,HAMD17_strict_complete,WithinAI_Kimi-K2.6_B,11,99,0.6454545454545455,0.1613636363636363,1.0,1.0,3.6894219379294007,7.6884150675195455,3.998993129590145,0.5183763036694806,0.5662385931187721,SingleAI-B,item error and total cancellation read together
HAMD-17,HAMD17_strict_complete,WithinAI_Kimi-K2.6_B,12,99,0.1545454545454545,0.0772727272727272,1.0,1.0,3.6894219379294007,7.6884150675195455,3.998993129590145,0.5183763036694806,0.5662385931187721,SingleAI-B,item error and total cancellation read together
HAMD-17,HAMD17_strict_complete,WithinAI_Kimi-K2.6_B,13,99,0.3868686868686869,0.1934343434343434,1.0,1.0,3.6894219379294007,7.6884150675195455,3.998993129590145,0.5183763036694806,0.5662385931187721,SingleAI-B,item error and total cancellation read together
HAMD-17,HAMD17_strict_complete,WithinAI_Kimi-K2.6_B,14,67,0.3985074626865671,0.1992537313432835,1.0,1.0,3.6894219379294007,7.6884150675195455,3.998993129590145,0.5183763036694806,0.5662385931187721,SingleAI-B,HAMD H14=9 is unassessable; interpret item support with coverage
HAMD-17,HAMD17_strict_complete,WithinAI_Kimi-K2.6_B,15,99,0.4111111111111111,0.1027777777777777,1.0,1.0,3.6894219379294007,7.6884150675195455,3.998993129590145,0.5183763036694806,0.5662385931187721,SingleAI-B,item error and total cancellation read together
HAMD-17,HAMD17_strict_complete,WithinAI_Kimi-K2.6_B,16,99,0.2575757575757575,0.1287878787878787,1.0,1.0,3.6894219379294007,7.6884150675195455,3.998993129590145,0.5183763036694806,0.5662385931187721,SingleAI-B,item error and total cancellation read together
HAMD-17,HAMD17_strict_complete,WithinAI_Kimi-K2.6_B,17,99,0.1969696969696969,0.0984848484848484,1.0,1.0,3.6894219379294007,7.6884150675195455,3.998993129590145,0.5183763036694806,0.5662385931187721,SingleAI-B,item error and total cancellation read together
HAMD-17,HAMD17_strict_complete,WithinAI_Qwen3.7-Max_A,1,99,0.8303030303030303,0.2075757575757575,1.0,1.0,3.3942708333333336,7.403645833333334,4.009375,0.5165638701576202,0.5627584649597399,SingleAI-A,item error and total cancellation read together
HAMD-17,HAMD17_strict_complete,WithinAI_Qwen3.7-Max_A,2,99,0.509090909090909,0.1272727272727272,1.0,1.0,3.3942708333333336,7.403645833333334,4.009375,0.5165638701576202,0.5627584649597399,SingleAI-A,item error and total cancellation read together
HAMD-17,HAMD17_strict_complete,WithinAI_Qwen3.7-Max_A,3,99,0.7636363636363636,0.1909090909090909,1.0,1.0,3.3942708333333336,7.403645833333334,4.009375,0.5165638701576202,0.5627584649597399,SingleAI-A,item error and total cancellation read together
HAMD-17,HAMD17_strict_complete,WithinAI_Qwen3.7-Max_A,4,99,0.4090909090909091,0.2045454545454545,1.0,1.0,3.3942708333333336,7.403645833333334,4.009375,0.5165638701576202,0.5627584649597399,SingleAI-A,item error and total cancellation read together
HAMD-17,HAMD17_strict_complete,WithinAI_Qwen3.7-Max_A,5,99,0.5363636363636364,0.2681818181818182,1.0,1.0,3.3942708333333336,7.403645833333334,4.009375,0.5165638701576202,0.5627584649597399,SingleAI-A,item error and total cancellation read together
HAMD-17,HAMD17_strict_complete,WithinAI_Qwen3.7-Max_A,6,99,0.3747474747474748,0.1873737373737374,1.0,1.0,3.3942708333333336,7.403645833333334,4.009375,0.5165638701576202,0.5627584649597399,SingleAI-A,item error and total cancellation read together
HAMD-17,HAMD17_strict_complete,WithinAI_Qwen3.7-Max_A,7,99,0.6555555555555554,0.1638888888888888,1.0,1.0,3.3942708333333336,7.403645833333334,4.009375,0.5165638701576202,0.5627584649597399,SingleAI-A,item error and total cancellation read together
HAMD-17,HAMD17_strict_complete,WithinAI_Qwen3.7-Max_A,8,99,0.6919191919191919,0.1729797979797979,1.0,1.0,3.3942708333333336,7.403645833333334,4.009375,0.5165638701576202,0.5627584649597399,SingleAI-A,item error and total cancellation read together
HAMD-17,HAMD17_strict_complete,WithinAI_Qwen3.7-Max_A,9,99,0.5454545454545454,0.1363636363636363,1.0,1.0,3.3942708333333336,7.403645833333334,4.009375,0.5165638701576202,0.5627584649597399,SingleAI-A,item error and total cancellation read together
HAMD-17,HAMD17_strict_complete,WithinAI_Qwen3.7-Max_A,10,99,0.6808080808080808,0.1702020202020202,1.0,1.0,3.3942708333333336,7.403645833333334,4.009375,0.5165638701576202,0.5627584649597399,SingleAI-A,item error and total cancellation read together
HAMD-17,HAMD17_strict_complete,WithinAI_Qwen3.7-Max_A,11,99,0.6252525252525253,0.1563131313131313,1.0,1.0,3.3942708333333336,7.403645833333334,4.009375,0.5165638701576202,0.5627584649597399,SingleAI-A,item error and total cancellation read together
HAMD-17,HAMD17_strict_complete,WithinAI_Qwen3.7-Max_A,12,99,0.2565656565656565,0.1282828282828282,1.0,1.0,3.3942708333333336,7.403645833333334,4.009375,0.5165638701576202,0.5627584649597399,SingleAI-A,item error and total cancellation read together
HAMD-17,HAMD17_strict_complete,WithinAI_Qwen3.7-Max_A,13,99,0.2929292929292929,0.1464646464646464,1.0,1.0,3.3942708333333336,7.403645833333334,4.009375,0.5165638701576202,0.5627584649597399,SingleAI-A,item error and total cancellation read together
HAMD-17,HAMD17_strict_complete,WithinAI_Qwen3.7-Max_A,14,64,0.2828125,0.14140625,1.0,1.0,3.3942708333333336,7.403645833333334,4.009375,0.5165638701576202,0.5627584649597399,SingleAI-A,HAMD H14=9 is unassessable; interpret item support with coverage
HAMD-17,HAMD17_strict_complete,WithinAI_Qwen3.7-Max_A,15,99,0.4222222222222222,0.1055555555555555,1.0,1.0,3.3942708333333336,7.403645833333334,4.009375,0.5165638701576202,0.5627584649597399,SingleAI-A,item error and total cancellation read together
HAMD-17,HAMD17_strict_complete,WithinAI_Qwen3.7-Max_A,16,99,0.2585858585858586,0.1292929292929293,1.0,1.0,3.3942708333333336,7.403645833333334,4.009375,0.5165638701576202,0.5627584649597399,SingleAI-A,item error and total cancellation read together
HAMD-17,HAMD17_strict_complete,WithinAI_Qwen3.7-Max_A,17,99,0.3232323232323232,0.1616161616161616,1.0,1.0,3.3942708333333336,7.403645833333334,4.009375,0.5165638701576202,0.5627584649597399,SingleAI-A,item error and total cancellation read together
HAMD-17,HAMD17_strict_complete,WithinAI_Qwen3.7-Max_B,1,99,0.8464646464646466,0.2116161616161616,1.0,1.0,3.4535364145658263,7.3984943977591024,3.944957983193276,0.5242155932600199,0.5816422264340281,SingleAI-B,item error and total cancellation read together
HAMD-17,HAMD17_strict_complete,WithinAI_Qwen3.7-Max_B,2,99,0.5535353535353535,0.1383838383838384,1.0,1.0,3.4535364145658263,7.3984943977591024,3.944957983193276,0.5242155932600199,0.5816422264340281,SingleAI-B,item error and total cancellation read together
HAMD-17,HAMD17_strict_complete,WithinAI_Qwen3.7-Max_B,3,99,0.7929292929292929,0.1982323232323232,1.0,1.0,3.4535364145658263,7.3984943977591024,3.944957983193276,0.5242155932600199,0.5816422264340281,SingleAI-B,item error and total cancellation read together
HAMD-17,HAMD17_strict_complete,WithinAI_Qwen3.7-Max_B,4,99,0.4131313131313132,0.2065656565656566,1.0,1.0,3.4535364145658263,7.3984943977591024,3.944957983193276,0.5242155932600199,0.5816422264340281,SingleAI-B,item error and total cancellation read together
HAMD-17,HAMD17_strict_complete,WithinAI_Qwen3.7-Max_B,5,99,0.503030303030303,0.2515151515151515,1.0,1.0,3.4535364145658263,7.3984943977591024,3.944957983193276,0.5242155932600199,0.5816422264340281,SingleAI-B,item error and total cancellation read together
HAMD-17,HAMD17_strict_complete,WithinAI_Qwen3.7-Max_B,6,99,0.3858585858585859,0.1929292929292929,1.0,1.0,3.4535364145658263,7.3984943977591024,3.944957983193276,0.5242155932600199,0.5816422264340281,SingleAI-B,item error and total cancellation read together
HAMD-17,HAMD17_strict_complete,WithinAI_Qwen3.7-Max_B,7,99,0.6727272727272726,0.1681818181818181,1.0,1.0,3.4535364145658263,7.3984943977591024,3.944957983193276,0.5242155932600199,0.5816422264340281,SingleAI-B,item error and total cancellation read together
HAMD-17,HAMD17_strict_complete,WithinAI_Qwen3.7-Max_B,8,99,0.5212121212121212,0.1303030303030303,1.0,1.0,3.4535364145658263,7.3984943977591024,3.944957983193276,0.5242155932600199,0.5816422264340281,SingleAI-B,item error and total cancellation read together
HAMD-17,HAMD17_strict_complete,WithinAI_Qwen3.7-Max_B,9,99,0.5383838383838384,0.1345959595959596,1.0,1.0,3.4535364145658263,7.3984943977591024,3.944957983193276,0.5242155932600199,0.5816422264340281,SingleAI-B,item error and total cancellation read together
HAMD-17,HAMD17_strict_complete,WithinAI_Qwen3.7-Max_B,10,99,0.5959595959595959,0.1489898989898989,1.0,1.0,3.4535364145658263,7.3984943977591024,3.944957983193276,0.5242155932600199,0.5816422264340281,SingleAI-B,item error and total cancellation read together
HAMD-17,HAMD17_strict_complete,WithinAI_Qwen3.7-Max_B,11,99,0.6737373737373737,0.1684343434343434,1.0,1.0,3.4535364145658263,7.3984943977591024,3.944957983193276,0.5242155932600199,0.5816422264340281,SingleAI-B,item error and total cancellation read together
HAMD-17,HAMD17_strict_complete,WithinAI_Qwen3.7-Max_B,12,99,0.1868686868686868,0.0934343434343434,1.0,1.0,3.4535364145658263,7.3984943977591024,3.944957983193276,0.5242155932600199,0.5816422264340281,SingleAI-B,item error and total cancellation read together
HAMD-17,HAMD17_strict_complete,WithinAI_Qwen3.7-Max_B,13,99,0.3212121212121212,0.1606060606060606,1.0,1.0,3.4535364145658263,7.3984943977591024,3.944957983193276,0.5242155932600199,0.5816422264340281,SingleAI-B,item error and total cancellation read together
HAMD-17,HAMD17_strict_complete,WithinAI_Qwen3.7-Max_B,14,68,0.3264705882352941,0.163235294117647,1.0,1.0,3.4535364145658263,7.3984943977591024,3.944957983193276,0.5242155932600199,0.5816422264340281,SingleAI-B,HAMD H14=9 is unassessable; interpret item support with coverage
HAMD-17,HAMD17_strict_complete,WithinAI_Qwen3.7-Max_B,15,99,0.4373737373737373,0.1093434343434343,1.0,1.0,3.4535364145658263,7.3984943977591024,3.944957983193276,0.5242155932600199,0.5816422264340281,SingleAI-B,item error and total cancellation read together
HAMD-17,HAMD17_strict_complete,WithinAI_Qwen3.7-Max_B,16,99,0.2787878787878788,0.1393939393939394,1.0,1.0,3.4535364145658263,7.3984943977591024,3.944957983193276,0.5242155932600199,0.5816422264340281,SingleAI-B,item error and total cancellation read together
HAMD-17,HAMD17_strict_complete,WithinAI_Qwen3.7-Max_B,17,99,0.204040404040404,0.102020202020202,1.0,1.0,3.4535364145658263,7.3984943977591024,3.944957983193276,0.5242155932600199,0.5816422264340281,SingleAI-B,item error and total cancellation read together
HAMD-17,HAMD16_core,C03_GLM-5.2,1,99,0.7878787878787878,0.1969696969696969,1.0,1.0,3.515151515151515,7.494949494949495,3.9797979797979797,0.5286653862411438,0.5796391195701198,SingleAI-C03,item error and total cancellation read together
HAMD-17,HAMD16_core,C03_GLM-5.2,2,99,0.5656565656565656,0.1414141414141414,1.0,1.0,3.515151515151515,7.494949494949495,3.9797979797979797,0.5286653862411438,0.5796391195701198,SingleAI-C03,item error and total cancellation read together
HAMD-17,HAMD16_core,C03_GLM-5.2,3,99,0.5252525252525253,0.1313131313131313,1.0,1.0,3.515151515151515,7.494949494949495,3.9797979797979797,0.5286653862411438,0.5796391195701198,SingleAI-C03,item error and total cancellation read together
HAMD-17,HAMD16_core,C03_GLM-5.2,4,99,0.4141414141414141,0.207070707070707,1.0,1.0,3.515151515151515,7.494949494949495,3.9797979797979797,0.5286653862411438,0.5796391195701198,SingleAI-C03,item error and total cancellation read together
HAMD-17,HAMD16_core,C03_GLM-5.2,5,99,0.4646464646464646,0.2323232323232323,1.0,1.0,3.515151515151515,7.494949494949495,3.9797979797979797,0.5286653862411438,0.5796391195701198,SingleAI-C03,item error and total cancellation read together
HAMD-17,HAMD16_core,C03_GLM-5.2,6,99,0.3434343434343434,0.1717171717171717,1.0,1.0,3.515151515151515,7.494949494949495,3.9797979797979797,0.5286653862411438,0.5796391195701198,SingleAI-C03,item error and total cancellation read together
HAMD-17,HAMD16_core,C03_GLM-5.2,7,99,0.6464646464646465,0.1616161616161616,1.0,1.0,3.515151515151515,7.494949494949495,3.9797979797979797,0.5286653862411438,0.5796391195701198,SingleAI-C03,item error and total cancellation read together
HAMD-17,HAMD16_core,C03_GLM-5.2,8,99,0.5858585858585859,0.1464646464646464,1.0,1.0,3.515151515151515,7.494949494949495,3.9797979797979797,0.5286653862411438,0.5796391195701198,SingleAI-C03,item error and total cancellation read together
HAMD-17,HAMD16_core,C03_GLM-5.2,9,99,0.5959595959595959,0.1489898989898989,1.0,1.0,3.515151515151515,7.494949494949495,3.9797979797979797,0.5286653862411438,0.5796391195701198,SingleAI-C03,item error and total cancellation read together
HAMD-17,HAMD16_core,C03_GLM-5.2,10,99,0.5858585858585859,0.1464646464646464,1.0,1.0,3.515151515151515,7.494949494949495,3.9797979797979797,0.5286653862411438,0.5796391195701198,SingleAI-C03,item error and total cancellation read together
HAMD-17,HAMD16_core,C03_GLM-5.2,11,99,0.5555555555555556,0.1388888888888889,1.0,1.0,3.515151515151515,7.494949494949495,3.9797979797979797,0.5286653862411438,0.5796391195701198,SingleAI-C03,item error and total cancellation read together
HAMD-17,HAMD16_core,C03_GLM-5.2,12,99,0.1616161616161616,0.0808080808080808,1.0,1.0,3.515151515151515,7.494949494949495,3.9797979797979797,0.5286653862411438,0.5796391195701198,SingleAI-C03,item error and total cancellation read together
HAMD-17,HAMD16_core,C03_GLM-5.2,13,99,0.3131313131313131,0.1565656565656565,1.0,1.0,3.515151515151515,7.494949494949495,3.9797979797979797,0.5286653862411438,0.5796391195701198,SingleAI-C03,item error and total cancellation read together
HAMD-17,HAMD16_core,C03_GLM-5.2,15,99,0.404040404040404,0.101010101010101,1.0,1.0,3.515151515151515,7.494949494949495,3.9797979797979797,0.5286653862411438,0.5796391195701198,SingleAI-C03,item error and total cancellation read together
HAMD-17,HAMD16_core,C03_GLM-5.2,16,99,0.2626262626262626,0.1313131313131313,1.0,1.0,3.515151515151515,7.494949494949495,3.9797979797979797,0.5286653862411438,0.5796391195701198,SingleAI-C03,item error and total cancellation read together
HAMD-17,HAMD16_core,C03_GLM-5.2,17,99,0.2828282828282828,0.1414141414141414,1.0,1.0,3.515151515151515,7.494949494949495,3.9797979797979797,0.5286653862411438,0.5796391195701198,SingleAI-C03,item error and total cancellation read together
HAMD-17,HAMD16_core,C03_Kimi-K2.6,1,99,0.6565656565656566,0.1641414141414141,1.0,1.0,4.101010101010101,7.515151515151516,3.4141414141414144,0.4304235046659289,0.5730301245032285,SingleAI-C03,item error and total cancellation read together
HAMD-17,HAMD16_core,C03_Kimi-K2.6,2,99,0.5959595959595959,0.1489898989898989,1.0,1.0,4.101010101010101,7.515151515151516,3.4141414141414144,0.4304235046659289,0.5730301245032285,SingleAI-C03,item error and total cancellation read together
HAMD-17,HAMD16_core,C03_Kimi-K2.6,3,99,0.5353535353535354,0.1338383838383838,1.0,1.0,4.101010101010101,7.515151515151516,3.4141414141414144,0.4304235046659289,0.5730301245032285,SingleAI-C03,item error and total cancellation read together
HAMD-17,HAMD16_core,C03_Kimi-K2.6,4,99,0.3838383838383838,0.1919191919191919,1.0,1.0,4.101010101010101,7.515151515151516,3.4141414141414144,0.4304235046659289,0.5730301245032285,SingleAI-C03,item error and total cancellation read together
HAMD-17,HAMD16_core,C03_Kimi-K2.6,5,99,0.6161616161616161,0.308080808080808,1.0,1.0,4.101010101010101,7.515151515151516,3.4141414141414144,0.4304235046659289,0.5730301245032285,SingleAI-C03,item error and total cancellation read together
HAMD-17,HAMD16_core,C03_Kimi-K2.6,6,99,0.3939393939393939,0.1969696969696969,1.0,1.0,4.101010101010101,7.515151515151516,3.4141414141414144,0.4304235046659289,0.5730301245032285,SingleAI-C03,item error and total cancellation read together
HAMD-17,HAMD16_core,C03_Kimi-K2.6,7,99,0.5858585858585859,0.1464646464646464,1.0,1.0,4.101010101010101,7.515151515151516,3.4141414141414144,0.4304235046659289,0.5730301245032285,SingleAI-C03,item error and total cancellation read together
HAMD-17,HAMD16_core,C03_Kimi-K2.6,8,99,0.5151515151515151,0.1287878787878787,1.0,1.0,4.101010101010101,7.515151515151516,3.4141414141414144,0.4304235046659289,0.5730301245032285,SingleAI-C03,item error and total cancellation read together
HAMD-17,HAMD16_core,C03_Kimi-K2.6,9,99,0.5252525252525253,0.1313131313131313,1.0,1.0,4.101010101010101,7.515151515151516,3.4141414141414144,0.4304235046659289,0.5730301245032285,SingleAI-C03,item error and total cancellation read together
HAMD-17,HAMD16_core,C03_Kimi-K2.6,10,99,0.6464646464646465,0.1616161616161616,1.0,1.0,4.101010101010101,7.515151515151516,3.4141414141414144,0.4304235046659289,0.5730301245032285,SingleAI-C03,item error and total cancellation read together
HAMD-17,HAMD16_core,C03_Kimi-K2.6,11,99,0.6464646464646465,0.1616161616161616,1.0,1.0,4.101010101010101,7.515151515151516,3.4141414141414144,0.4304235046659289,0.5730301245032285,SingleAI-C03,item error and total cancellation read together
HAMD-17,HAMD16_core,C03_Kimi-K2.6,12,99,0.1414141414141414,0.0707070707070707,1.0,1.0,4.101010101010101,7.515151515151516,3.4141414141414144,0.4304235046659289,0.5730301245032285,SingleAI-C03,item error and total cancellation read together
HAMD-17,HAMD16_core,C03_Kimi-K2.6,13,99,0.3333333333333333,0.1666666666666666,1.0,1.0,4.101010101010101,7.515151515151516,3.4141414141414144,0.4304235046659289,0.5730301245032285,SingleAI-C03,item error and total cancellation read together
HAMD-17,HAMD16_core,C03_Kimi-K2.6,15,99,0.4747474747474747,0.1186868686868686,1.0,1.0,4.101010101010101,7.515151515151516,3.4141414141414144,0.4304235046659289,0.5730301245032285,SingleAI-C03,item error and total cancellation read together
HAMD-17,HAMD16_core,C03_Kimi-K2.6,16,99,0.2525252525252525,0.1262626262626262,1.0,1.0,4.101010101010101,7.515151515151516,3.4141414141414144,0.4304235046659289,0.5730301245032285,SingleAI-C03,item error and total cancellation read together
HAMD-17,HAMD16_core,C03_Kimi-K2.6,17,99,0.2121212121212121,0.106060606060606,1.0,1.0,4.101010101010101,7.515151515151516,3.4141414141414144,0.4304235046659289,0.5730301245032285,SingleAI-C03,item error and total cancellation read together
HAMD-17,HAMD16_core,C03_Qwen3.7-Max,1,99,0.7676767676767676,0.1919191919191919,1.0,1.0,3.585858585858586,7.404040404040404,3.818181818181818,0.4974535928190117,0.5797587155574305,SingleAI-C03,item error and total cancellation read together
HAMD-17,HAMD16_core,C03_Qwen3.7-Max,2,99,0.4848484848484848,0.1212121212121212,1.0,1.0,3.585858585858586,7.404040404040404,3.818181818181818,0.4974535928190117,0.5797587155574305,SingleAI-C03,item error and total cancellation read together
HAMD-17,HAMD16_core,C03_Qwen3.7-Max,3,99,0.7070707070707071,0.1767676767676767,1.0,1.0,3.585858585858586,7.404040404040404,3.818181818181818,0.4974535928190117,0.5797587155574305,SingleAI-C03,item error and total cancellation read together
HAMD-17,HAMD16_core,C03_Qwen3.7-Max,4,99,0.3737373737373737,0.1868686868686868,1.0,1.0,3.585858585858586,7.404040404040404,3.818181818181818,0.4974535928190117,0.5797587155574305,SingleAI-C03,item error and total cancellation read together
HAMD-17,HAMD16_core,C03_Qwen3.7-Max,5,99,0.4646464646464646,0.2323232323232323,1.0,1.0,3.585858585858586,7.404040404040404,3.818181818181818,0.4974535928190117,0.5797587155574305,SingleAI-C03,item error and total cancellation read together
HAMD-17,HAMD16_core,C03_Qwen3.7-Max,6,99,0.3535353535353535,0.1767676767676767,1.0,1.0,3.585858585858586,7.404040404040404,3.818181818181818,0.4974535928190117,0.5797587155574305,SingleAI-C03,item error and total cancellation read together
HAMD-17,HAMD16_core,C03_Qwen3.7-Max,7,99,0.6262626262626263,0.1565656565656565,1.0,1.0,3.585858585858586,7.404040404040404,3.818181818181818,0.4974535928190117,0.5797587155574305,SingleAI-C03,item error and total cancellation read together
HAMD-17,HAMD16_core,C03_Qwen3.7-Max,8,99,0.5050505050505051,0.1262626262626262,1.0,1.0,3.585858585858586,7.404040404040404,3.818181818181818,0.4974535928190117,0.5797587155574305,SingleAI-C03,item error and total cancellation read together
HAMD-17,HAMD16_core,C03_Qwen3.7-Max,9,99,0.494949494949495,0.1237373737373737,1.0,1.0,3.585858585858586,7.404040404040404,3.818181818181818,0.4974535928190117,0.5797587155574305,SingleAI-C03,item error and total cancellation read together
HAMD-17,HAMD16_core,C03_Qwen3.7-Max,10,99,0.6666666666666666,0.1666666666666666,1.0,1.0,3.585858585858586,7.404040404040404,3.818181818181818,0.4974535928190117,0.5797587155574305,SingleAI-C03,item error and total cancellation read together
HAMD-17,HAMD16_core,C03_Qwen3.7-Max,11,99,0.6464646464646465,0.1616161616161616,1.0,1.0,3.585858585858586,7.404040404040404,3.818181818181818,0.4974535928190117,0.5797587155574305,SingleAI-C03,item error and total cancellation read together
HAMD-17,HAMD16_core,C03_Qwen3.7-Max,12,99,0.1515151515151515,0.0757575757575757,1.0,1.0,3.585858585858586,7.404040404040404,3.818181818181818,0.4974535928190117,0.5797587155574305,SingleAI-C03,item error and total cancellation read together
HAMD-17,HAMD16_core,C03_Qwen3.7-Max,13,99,0.2929292929292929,0.1464646464646464,1.0,1.0,3.585858585858586,7.404040404040404,3.818181818181818,0.4974535928190117,0.5797587155574305,SingleAI-C03,item error and total cancellation read together
HAMD-17,HAMD16_core,C03_Qwen3.7-Max,15,99,0.4444444444444444,0.1111111111111111,1.0,1.0,3.585858585858586,7.404040404040404,3.818181818181818,0.4974535928190117,0.5797587155574305,SingleAI-C03,item error and total cancellation read together
HAMD-17,HAMD16_core,C03_Qwen3.7-Max,16,99,0.2323232323232323,0.1161616161616161,1.0,1.0,3.585858585858586,7.404040404040404,3.818181818181818,0.4974535928190117,0.5797587155574305,SingleAI-C03,item error and total cancellation read together
HAMD-17,HAMD16_core,C03_Qwen3.7-Max,17,99,0.1919191919191919,0.0959595959595959,1.0,1.0,3.585858585858586,7.404040404040404,3.818181818181818,0.4974535928190117,0.5797587155574305,SingleAI-C03,item error and total cancellation read together
HAMD-17,HAMD16_core,CrossAI_C03,1,99,0.6565656565656566,0.1641414141414141,1.0,1.0,3.4353535353535354,7.277777777777777,3.8424242424242414,0.5225049013507124,0.6020327185071648,CrossAI-C03,item error and total cancellation read together
HAMD-17,HAMD16_core,CrossAI_C03,2,99,0.4848484848484848,0.1212121212121212,1.0,1.0,3.4353535353535354,7.277777777777777,3.8424242424242414,0.5225049013507124,0.6020327185071648,CrossAI-C03,item error and total cancellation read together
HAMD-17,HAMD16_core,CrossAI_C03,3,99,0.5757575757575758,0.1439393939393939,1.0,1.0,3.4353535353535354,7.277777777777777,3.8424242424242414,0.5225049013507124,0.6020327185071648,CrossAI-C03,item error and total cancellation read together
HAMD-17,HAMD16_core,CrossAI_C03,4,99,0.4121212121212121,0.206060606060606,1.0,1.0,3.4353535353535354,7.277777777777777,3.8424242424242414,0.5225049013507124,0.6020327185071648,CrossAI-C03,item error and total cancellation read together
HAMD-17,HAMD16_core,CrossAI_C03,5,99,0.5020202020202019,0.2510101010101009,1.0,1.0,3.4353535353535354,7.277777777777777,3.8424242424242414,0.5225049013507124,0.6020327185071648,CrossAI-C03,item error and total cancellation read together
HAMD-17,HAMD16_core,CrossAI_C03,6,99,0.3707070707070707,0.1853535353535353,1.0,1.0,3.4353535353535354,7.277777777777777,3.8424242424242414,0.5225049013507124,0.6020327185071648,CrossAI-C03,item error and total cancellation read together
HAMD-17,HAMD16_core,CrossAI_C03,7,99,0.6313131313131313,0.1578282828282828,1.0,1.0,3.4353535353535354,7.277777777777777,3.8424242424242414,0.5225049013507124,0.6020327185071648,CrossAI-C03,item error and total cancellation read together
HAMD-17,HAMD16_core,CrossAI_C03,8,99,0.5474747474747476,0.1368686868686869,1.0,1.0,3.4353535353535354,7.277777777777777,3.8424242424242414,0.5225049013507124,0.6020327185071648,CrossAI-C03,item error and total cancellation read together
HAMD-17,HAMD16_core,CrossAI_C03,9,99,0.5474747474747476,0.1368686868686869,1.0,1.0,3.4353535353535354,7.277777777777777,3.8424242424242414,0.5225049013507124,0.6020327185071648,CrossAI-C03,item error and total cancellation read together
HAMD-17,HAMD16_core,CrossAI_C03,10,99,0.5858585858585859,0.1464646464646464,1.0,1.0,3.4353535353535354,7.277777777777777,3.8424242424242414,0.5225049013507124,0.6020327185071648,CrossAI-C03,item error and total cancellation read together
HAMD-17,HAMD16_core,CrossAI_C03,11,99,0.5555555555555556,0.1388888888888889,1.0,1.0,3.4353535353535354,7.277777777777777,3.8424242424242414,0.5225049013507124,0.6020327185071648,CrossAI-C03,item error and total cancellation read together
HAMD-17,HAMD16_core,CrossAI_C03,12,99,0.1696969696969696,0.0848484848484848,1.0,1.0,3.4353535353535354,7.277777777777777,3.8424242424242414,0.5225049013507124,0.6020327185071648,CrossAI-C03,item error and total cancellation read together
HAMD-17,HAMD16_core,CrossAI_C03,13,99,0.3363636363636363,0.1681818181818181,1.0,1.0,3.4353535353535354,7.277777777777777,3.8424242424242414,0.5225049013507124,0.6020327185071648,CrossAI-C03,item error and total cancellation read together
HAMD-17,HAMD16_core,CrossAI_C03,15,99,0.4090909090909091,0.1022727272727272,1.0,1.0,3.4353535353535354,7.277777777777777,3.8424242424242414,0.5225049013507124,0.6020327185071648,CrossAI-C03,item error and total cancellation read together
HAMD-17,HAMD16_core,CrossAI_C03,16,99,0.2707070707070707,0.1353535353535353,1.0,1.0,3.4353535353535354,7.277777777777777,3.8424242424242414,0.5225049013507124,0.6020327185071648,CrossAI-C03,item error and total cancellation read together
HAMD-17,HAMD16_core,CrossAI_C03,17,99,0.2222222222222222,0.1111111111111111,1.0,1.0,3.4353535353535354,7.277777777777777,3.8424242424242414,0.5225049013507124,0.6020327185071648,CrossAI-C03,item error and total cancellation read together
HAMD-17,HAMD16_core,CrossAI_Conservative-C,1,99,0.6646464646464646,0.1661616161616161,1.0,1.0,3.372727272727273,7.403030303030302,4.030303030303029,0.5337362201200272,0.5974324445747292,Conservative-C,item error and total cancellation read together
HAMD-17,HAMD16_core,CrossAI_Conservative-C,2,99,0.4959595959595959,0.1239898989898989,1.0,1.0,3.372727272727273,7.403030303030302,4.030303030303029,0.5337362201200272,0.5974324445747292,Conservative-C,item error and total cancellation read together
HAMD-17,HAMD16_core,CrossAI_Conservative-C,3,99,0.593939393939394,0.1484848484848485,1.0,1.0,3.372727272727273,7.403030303030302,4.030303030303029,0.5337362201200272,0.5974324445747292,Conservative-C,item error and total cancellation read together
HAMD-17,HAMD16_core,CrossAI_Conservative-C,4,99,0.4111111111111111,0.2055555555555555,1.0,1.0,3.372727272727273,7.403030303030302,4.030303030303029,0.5337362201200272,0.5974324445747292,Conservative-C,item error and total cancellation read together
HAMD-17,HAMD16_core,CrossAI_Conservative-C,5,99,0.502020202020202,0.251010101010101,1.0,1.0,3.372727272727273,7.403030303030302,4.030303030303029,0.5337362201200272,0.5974324445747292,Conservative-C,item error and total cancellation read together
HAMD-17,HAMD16_core,CrossAI_Conservative-C,6,99,0.3858585858585859,0.1929292929292929,1.0,1.0,3.372727272727273,7.403030303030302,4.030303030303029,0.5337362201200272,0.5974324445747292,Conservative-C,item error and total cancellation read together
HAMD-17,HAMD16_core,CrossAI_Conservative-C,7,99,0.6626262626262626,0.1656565656565656,1.0,1.0,3.372727272727273,7.403030303030302,4.030303030303029,0.5337362201200272,0.5974324445747292,Conservative-C,item error and total cancellation read together
HAMD-17,HAMD16_core,CrossAI_Conservative-C,8,99,0.5464646464646464,0.1366161616161616,1.0,1.0,3.372727272727273,7.403030303030302,4.030303030303029,0.5337362201200272,0.5974324445747292,Conservative-C,item error and total cancellation read together
HAMD-17,HAMD16_core,CrossAI_Conservative-C,9,99,0.5444444444444444,0.1361111111111111,1.0,1.0,3.372727272727273,7.403030303030302,4.030303030303029,0.5337362201200272,0.5974324445747292,Conservative-C,item error and total cancellation read together
HAMD-17,HAMD16_core,CrossAI_Conservative-C,10,99,0.5818181818181818,0.1454545454545454,1.0,1.0,3.372727272727273,7.403030303030302,4.030303030303029,0.5337362201200272,0.5974324445747292,Conservative-C,item error and total cancellation read together
HAMD-17,HAMD16_core,CrossAI_Conservative-C,11,99,0.5767676767676768,0.1441919191919192,1.0,1.0,3.372727272727273,7.403030303030302,4.030303030303029,0.5337362201200272,0.5974324445747292,Conservative-C,item error and total cancellation read together
HAMD-17,HAMD16_core,CrossAI_Conservative-C,12,99,0.1686868686868687,0.0843434343434343,1.0,1.0,3.372727272727273,7.403030303030302,4.030303030303029,0.5337362201200272,0.5974324445747292,Conservative-C,item error and total cancellation read together
HAMD-17,HAMD16_core,CrossAI_Conservative-C,13,99,0.3434343434343434,0.1717171717171717,1.0,1.0,3.372727272727273,7.403030303030302,4.030303030303029,0.5337362201200272,0.5974324445747292,Conservative-C,item error and total cancellation read together
HAMD-17,HAMD16_core,CrossAI_Conservative-C,15,99,0.4272727272727272,0.1068181818181818,1.0,1.0,3.372727272727273,7.403030303030302,4.030303030303029,0.5337362201200272,0.5974324445747292,Conservative-C,item error and total cancellation read together
HAMD-17,HAMD16_core,CrossAI_Conservative-C,16,99,0.2777777777777778,0.1388888888888889,1.0,1.0,3.372727272727273,7.403030303030302,4.030303030303029,0.5337362201200272,0.5974324445747292,Conservative-C,item error and total cancellation read together
HAMD-17,HAMD16_core,CrossAI_Conservative-C,17,99,0.2202020202020202,0.1101010101010101,1.0,1.0,3.372727272727273,7.403030303030302,4.030303030303029,0.5337362201200272,0.5974324445747292,Conservative-C,item error and total cancellation read together
HAMD-17,HAMD16_core,CrossAI_Joint-A,1,99,0.8,0.2,1.0,1.0,3.4818181818181824,7.9848484848484835,4.503030303030301,0.5450757477608027,0.5593280503976242,Joint-A,item error and total cancellation read together
HAMD-17,HAMD16_core,CrossAI_Joint-A,2,99,0.5303030303030303,0.1325757575757575,1.0,1.0,3.4818181818181824,7.9848484848484835,4.503030303030301,0.5450757477608027,0.5593280503976242,Joint-A,item error and total cancellation read together
HAMD-17,HAMD16_core,CrossAI_Joint-A,3,99,0.5484848484848486,0.1371212121212121,1.0,1.0,3.4818181818181824,7.9848484848484835,4.503030303030301,0.5450757477608027,0.5593280503976242,Joint-A,item error and total cancellation read together
HAMD-17,HAMD16_core,CrossAI_Joint-A,4,99,0.3878787878787879,0.1939393939393939,1.0,1.0,3.4818181818181824,7.9848484848484835,4.503030303030301,0.5450757477608027,0.5593280503976242,Joint-A,item error and total cancellation read together
HAMD-17,HAMD16_core,CrossAI_Joint-A,5,99,0.5606060606060606,0.2803030303030303,1.0,1.0,3.4818181818181824,7.9848484848484835,4.503030303030301,0.5450757477608027,0.5593280503976242,Joint-A,item error and total cancellation read together
HAMD-17,HAMD16_core,CrossAI_Joint-A,6,99,0.3696969696969696,0.1848484848484848,1.0,1.0,3.4818181818181824,7.9848484848484835,4.503030303030301,0.5450757477608027,0.5593280503976242,Joint-A,item error and total cancellation read together
HAMD-17,HAMD16_core,CrossAI_Joint-A,7,99,0.6404040404040404,0.1601010101010101,1.0,1.0,3.4818181818181824,7.9848484848484835,4.503030303030301,0.5450757477608027,0.5593280503976242,Joint-A,item error and total cancellation read together
HAMD-17,HAMD16_core,CrossAI_Joint-A,8,99,0.6515151515151517,0.1628787878787879,1.0,1.0,3.4818181818181824,7.9848484848484835,4.503030303030301,0.5450757477608027,0.5593280503976242,Joint-A,item error and total cancellation read together
HAMD-17,HAMD16_core,CrossAI_Joint-A,9,99,0.6929292929292931,0.1732323232323232,1.0,1.0,3.4818181818181824,7.9848484848484835,4.503030303030301,0.5450757477608027,0.5593280503976242,Joint-A,item error and total cancellation read together
HAMD-17,HAMD16_core,CrossAI_Joint-A,10,99,0.5171717171717172,0.1292929292929293,1.0,1.0,3.4818181818181824,7.9848484848484835,4.503030303030301,0.5450757477608027,0.5593280503976242,Joint-A,item error and total cancellation read together
HAMD-17,HAMD16_core,CrossAI_Joint-A,11,99,0.5787878787878787,0.1446969696969696,1.0,1.0,3.4818181818181824,7.9848484848484835,4.503030303030301,0.5450757477608027,0.5593280503976242,Joint-A,item error and total cancellation read together
HAMD-17,HAMD16_core,CrossAI_Joint-A,12,99,0.2313131313131313,0.1156565656565656,1.0,1.0,3.4818181818181824,7.9848484848484835,4.503030303030301,0.5450757477608027,0.5593280503976242,Joint-A,item error and total cancellation read together
HAMD-17,HAMD16_core,CrossAI_Joint-A,13,99,0.3323232323232323,0.1661616161616161,1.0,1.0,3.4818181818181824,7.9848484848484835,4.503030303030301,0.5450757477608027,0.5593280503976242,Joint-A,item error and total cancellation read together
HAMD-17,HAMD16_core,CrossAI_Joint-A,15,99,0.4696969696969697,0.1174242424242424,1.0,1.0,3.4818181818181824,7.9848484848484835,4.503030303030301,0.5450757477608027,0.5593280503976242,Joint-A,item error and total cancellation read together
HAMD-17,HAMD16_core,CrossAI_Joint-A,16,99,0.3494949494949495,0.1747474747474747,1.0,1.0,3.4818181818181824,7.9848484848484835,4.503030303030301,0.5450757477608027,0.5593280503976242,Joint-A,item error and total cancellation read together
HAMD-17,HAMD16_core,CrossAI_Joint-A,17,99,0.3242424242424243,0.1621212121212121,1.0,1.0,3.4818181818181824,7.9848484848484835,4.503030303030301,0.5450757477608027,0.5593280503976242,Joint-A,item error and total cancellation read together
HAMD-17,HAMD16_core,CrossAI_Joint-B,1,99,0.7171717171717171,0.1792929292929292,1.0,1.0,3.4161616161616157,7.559595959595961,4.143434343434345,0.5446475535423841,0.5917440389342432,Joint-B,item error and total cancellation read together
HAMD-17,HAMD16_core,CrossAI_Joint-B,2,99,0.4838383838383838,0.1209595959595959,1.0,1.0,3.4161616161616157,7.559595959595961,4.143434343434345,0.5446475535423841,0.5917440389342432,Joint-B,item error and total cancellation read together
HAMD-17,HAMD16_core,CrossAI_Joint-B,3,99,0.5808080808080808,0.1452020202020202,1.0,1.0,3.4161616161616157,7.559595959595961,4.143434343434345,0.5446475535423841,0.5917440389342432,Joint-B,item error and total cancellation read together
HAMD-17,HAMD16_core,CrossAI_Joint-B,4,99,0.4101010101010101,0.205050505050505,1.0,1.0,3.4161616161616157,7.559595959595961,4.143434343434345,0.5446475535423841,0.5917440389342432,Joint-B,item error and total cancellation read together
HAMD-17,HAMD16_core,CrossAI_Joint-B,5,99,0.5646464646464646,0.2823232323232323,1.0,1.0,3.4161616161616157,7.559595959595961,4.143434343434345,0.5446475535423841,0.5917440389342432,Joint-B,item error and total cancellation read together
HAMD-17,HAMD16_core,CrossAI_Joint-B,6,99,0.4313131313131313,0.2156565656565656,1.0,1.0,3.4161616161616157,7.559595959595961,4.143434343434345,0.5446475535423841,0.5917440389342432,Joint-B,item error and total cancellation read together
HAMD-17,HAMD16_core,CrossAI_Joint-B,7,99,0.6828282828282829,0.1707070707070707,1.0,1.0,3.4161616161616157,7.559595959595961,4.143434343434345,0.5446475535423841,0.5917440389342432,Joint-B,item error and total cancellation read together
HAMD-17,HAMD16_core,CrossAI_Joint-B,8,99,0.5808080808080808,0.1452020202020202,1.0,1.0,3.4161616161616157,7.559595959595961,4.143434343434345,0.5446475535423841,0.5917440389342432,Joint-B,item error and total cancellation read together
HAMD-17,HAMD16_core,CrossAI_Joint-B,9,99,0.5696969696969697,0.1424242424242424,1.0,1.0,3.4161616161616157,7.559595959595961,4.143434343434345,0.5446475535423841,0.5917440389342432,Joint-B,item error and total cancellation read together
HAMD-17,HAMD16_core,CrossAI_Joint-B,10,99,0.5222222222222221,0.1305555555555555,1.0,1.0,3.4161616161616157,7.559595959595961,4.143434343434345,0.5446475535423841,0.5917440389342432,Joint-B,item error and total cancellation read together
HAMD-17,HAMD16_core,CrossAI_Joint-B,11,99,0.5616161616161616,0.1404040404040404,1.0,1.0,3.4161616161616157,7.559595959595961,4.143434343434345,0.5446475535423841,0.5917440389342432,Joint-B,item error and total cancellation read together
HAMD-17,HAMD16_core,CrossAI_Joint-B,12,99,0.202020202020202,0.101010101010101,1.0,1.0,3.4161616161616157,7.559595959595961,4.143434343434345,0.5446475535423841,0.5917440389342432,Joint-B,item error and total cancellation read together
HAMD-17,HAMD16_core,CrossAI_Joint-B,13,99,0.311111111111111,0.1555555555555555,1.0,1.0,3.4161616161616157,7.559595959595961,4.143434343434345,0.5446475535423841,0.5917440389342432,Joint-B,item error and total cancellation read together
HAMD-17,HAMD16_core,CrossAI_Joint-B,15,99,0.4323232323232323,0.108080808080808,1.0,1.0,3.4161616161616157,7.559595959595961,4.143434343434345,0.5446475535423841,0.5917440389342432,Joint-B,item error and total cancellation read together
HAMD-17,HAMD16_core,CrossAI_Joint-B,16,99,0.301010101010101,0.1505050505050505,1.0,1.0,3.4161616161616157,7.559595959595961,4.143434343434345,0.5446475535423841,0.5917440389342432,Joint-B,item error and total cancellation read together
HAMD-17,HAMD16_core,CrossAI_Joint-B,17,99,0.2080808080808081,0.104040404040404,1.0,1.0,3.4161616161616157,7.559595959595961,4.143434343434345,0.5446475535423841,0.5917440389342432,Joint-B,item error and total cancellation read together
HAMD-17,HAMD16_core,WithinAI_GLM-5.2_A,1,99,0.8080808080808081,0.202020202020202,1.0,1.0,3.392929292929293,7.712121212121212,4.319191919191919,0.5618945119503334,0.5861654732556879,SingleAI-A,item error and total cancellation read together
HAMD-17,HAMD16_core,WithinAI_GLM-5.2_A,2,99,0.509090909090909,0.1272727272727272,1.0,1.0,3.392929292929293,7.712121212121212,4.319191919191919,0.5618945119503334,0.5861654732556879,SingleAI-A,item error and total cancellation read together
HAMD-17,HAMD16_core,WithinAI_GLM-5.2_A,3,99,0.51010101010101,0.1275252525252525,1.0,1.0,3.392929292929293,7.712121212121212,4.319191919191919,0.5618945119503334,0.5861654732556879,SingleAI-A,item error and total cancellation read together
HAMD-17,HAMD16_core,WithinAI_GLM-5.2_A,4,99,0.4282828282828282,0.2141414141414141,1.0,1.0,3.392929292929293,7.712121212121212,4.319191919191919,0.5618945119503334,0.5861654732556879,SingleAI-A,item error and total cancellation read together
HAMD-17,HAMD16_core,WithinAI_GLM-5.2_A,5,99,0.5616161616161617,0.2808080808080808,1.0,1.0,3.392929292929293,7.712121212121212,4.319191919191919,0.5618945119503334,0.5861654732556879,SingleAI-A,item error and total cancellation read together
HAMD-17,HAMD16_core,WithinAI_GLM-5.2_A,6,99,0.3444444444444444,0.1722222222222222,1.0,1.0,3.392929292929293,7.712121212121212,4.319191919191919,0.5618945119503334,0.5861654732556879,SingleAI-A,item error and total cancellation read together
HAMD-17,HAMD16_core,WithinAI_GLM-5.2_A,7,99,0.683838383838384,0.170959595959596,1.0,1.0,3.392929292929293,7.712121212121212,4.319191919191919,0.5618945119503334,0.5861654732556879,SingleAI-A,item error and total cancellation read together
HAMD-17,HAMD16_core,WithinAI_GLM-5.2_A,8,99,0.6515151515151517,0.1628787878787879,1.0,1.0,3.392929292929293,7.712121212121212,4.319191919191919,0.5618945119503334,0.5861654732556879,SingleAI-A,item error and total cancellation read together
HAMD-17,HAMD16_core,WithinAI_GLM-5.2_A,9,99,0.6959595959595959,0.1739898989898989,1.0,1.0,3.392929292929293,7.712121212121212,4.319191919191919,0.5618945119503334,0.5861654732556879,SingleAI-A,item error and total cancellation read together
HAMD-17,HAMD16_core,WithinAI_GLM-5.2_A,10,99,0.5060606060606061,0.1265151515151515,1.0,1.0,3.392929292929293,7.712121212121212,4.319191919191919,0.5618945119503334,0.5861654732556879,SingleAI-A,item error and total cancellation read together
HAMD-17,HAMD16_core,WithinAI_GLM-5.2_A,11,99,0.5202020202020202,0.130050505050505,1.0,1.0,3.392929292929293,7.712121212121212,4.319191919191919,0.5618945119503334,0.5861654732556879,SingleAI-A,item error and total cancellation read together
HAMD-17,HAMD16_core,WithinAI_GLM-5.2_A,12,99,0.1818181818181818,0.0909090909090909,1.0,1.0,3.392929292929293,7.712121212121212,4.319191919191919,0.5618945119503334,0.5861654732556879,SingleAI-A,item error and total cancellation read together
HAMD-17,HAMD16_core,WithinAI_GLM-5.2_A,13,99,0.2919191919191919,0.1459595959595959,1.0,1.0,3.392929292929293,7.712121212121212,4.319191919191919,0.5618945119503334,0.5861654732556879,SingleAI-A,item error and total cancellation read together
HAMD-17,HAMD16_core,WithinAI_GLM-5.2_A,15,99,0.4191919191919191,0.1047979797979797,1.0,1.0,3.392929292929293,7.712121212121212,4.319191919191919,0.5618945119503334,0.5861654732556879,SingleAI-A,item error and total cancellation read together
HAMD-17,HAMD16_core,WithinAI_GLM-5.2_A,16,99,0.3111111111111111,0.1555555555555555,1.0,1.0,3.392929292929293,7.712121212121212,4.319191919191919,0.5618945119503334,0.5861654732556879,SingleAI-A,item error and total cancellation read together
HAMD-17,HAMD16_core,WithinAI_GLM-5.2_A,17,99,0.2888888888888889,0.1444444444444444,1.0,1.0,3.392929292929293,7.712121212121212,4.319191919191919,0.5618945119503334,0.5861654732556879,SingleAI-A,item error and total cancellation read together
HAMD-17,HAMD16_core,WithinAI_GLM-5.2_B,1,99,0.8272727272727274,0.2068181818181818,1.0,1.0,3.2979797979797976,7.609090909090909,4.311111111111112,0.5663192522175541,0.5853909394930715,SingleAI-B,item error and total cancellation read together
HAMD-17,HAMD16_core,WithinAI_GLM-5.2_B,2,99,0.4626262626262626,0.1156565656565656,1.0,1.0,3.2979797979797976,7.609090909090909,4.311111111111112,0.5663192522175541,0.5853909394930715,SingleAI-B,item error and total cancellation read together
HAMD-17,HAMD16_core,WithinAI_GLM-5.2_B,3,99,0.5707070707070706,0.1426767676767676,1.0,1.0,3.2979797979797976,7.609090909090909,4.311111111111112,0.5663192522175541,0.5853909394930715,SingleAI-B,item error and total cancellation read together
HAMD-17,HAMD16_core,WithinAI_GLM-5.2_B,4,99,0.3535353535353535,0.1767676767676767,1.0,1.0,3.2979797979797976,7.609090909090909,4.311111111111112,0.5663192522175541,0.5853909394930715,SingleAI-B,item error and total cancellation read together
HAMD-17,HAMD16_core,WithinAI_GLM-5.2_B,5,99,0.5494949494949496,0.2747474747474748,1.0,1.0,3.2979797979797976,7.609090909090909,4.311111111111112,0.5663192522175541,0.5853909394930715,SingleAI-B,item error and total cancellation read together
HAMD-17,HAMD16_core,WithinAI_GLM-5.2_B,6,99,0.4070707070707071,0.2035353535353535,1.0,1.0,3.2979797979797976,7.609090909090909,4.311111111111112,0.5663192522175541,0.5853909394930715,SingleAI-B,item error and total cancellation read together
HAMD-17,HAMD16_core,WithinAI_GLM-5.2_B,7,99,0.6606060606060605,0.1651515151515151,1.0,1.0,3.2979797979797976,7.609090909090909,4.311111111111112,0.5663192522175541,0.5853909394930715,SingleAI-B,item error and total cancellation read together
HAMD-17,HAMD16_core,WithinAI_GLM-5.2_B,8,99,0.6272727272727272,0.1568181818181818,1.0,1.0,3.2979797979797976,7.609090909090909,4.311111111111112,0.5663192522175541,0.5853909394930715,SingleAI-B,item error and total cancellation read together
HAMD-17,HAMD16_core,WithinAI_GLM-5.2_B,9,99,0.5666666666666668,0.1416666666666667,1.0,1.0,3.2979797979797976,7.609090909090909,4.311111111111112,0.5663192522175541,0.5853909394930715,SingleAI-B,item error and total cancellation read together
HAMD-17,HAMD16_core,WithinAI_GLM-5.2_B,10,99,0.5161616161616162,0.129040404040404,1.0,1.0,3.2979797979797976,7.609090909090909,4.311111111111112,0.5663192522175541,0.5853909394930715,SingleAI-B,item error and total cancellation read together
HAMD-17,HAMD16_core,WithinAI_GLM-5.2_B,11,99,0.5616161616161616,0.1404040404040404,1.0,1.0,3.2979797979797976,7.609090909090909,4.311111111111112,0.5663192522175541,0.5853909394930715,SingleAI-B,item error and total cancellation read together
HAMD-17,HAMD16_core,WithinAI_GLM-5.2_B,12,99,0.1878787878787878,0.0939393939393939,1.0,1.0,3.2979797979797976,7.609090909090909,4.311111111111112,0.5663192522175541,0.5853909394930715,SingleAI-B,item error and total cancellation read together
HAMD-17,HAMD16_core,WithinAI_GLM-5.2_B,13,99,0.2686868686868687,0.1343434343434343,1.0,1.0,3.2979797979797976,7.609090909090909,4.311111111111112,0.5663192522175541,0.5853909394930715,SingleAI-B,item error and total cancellation read together
HAMD-17,HAMD16_core,WithinAI_GLM-5.2_B,15,99,0.398989898989899,0.0997474747474747,1.0,1.0,3.2979797979797976,7.609090909090909,4.311111111111112,0.5663192522175541,0.5853909394930715,SingleAI-B,item error and total cancellation read together
HAMD-17,HAMD16_core,WithinAI_GLM-5.2_B,16,99,0.303030303030303,0.1515151515151515,1.0,1.0,3.2979797979797976,7.609090909090909,4.311111111111112,0.5663192522175541,0.5853909394930715,SingleAI-B,item error and total cancellation read together
HAMD-17,HAMD16_core,WithinAI_GLM-5.2_B,17,99,0.3474747474747474,0.1737373737373737,1.0,1.0,3.2979797979797976,7.609090909090909,4.311111111111112,0.5663192522175541,0.5853909394930715,SingleAI-B,item error and total cancellation read together
HAMD-17,HAMD16_core,WithinAI_Kimi-K2.6_A,1,99,0.7252525252525253,0.1813131313131313,1.0,1.0,3.597979797979798,8.68888888888889,5.090909090909092,0.5639302508272394,0.5005837094703512,SingleAI-A,item error and total cancellation read together
HAMD-17,HAMD16_core,WithinAI_Kimi-K2.6_A,2,99,0.6121212121212121,0.153030303030303,1.0,1.0,3.597979797979798,8.68888888888889,5.090909090909092,0.5639302508272394,0.5005837094703512,SingleAI-A,item error and total cancellation read together
HAMD-17,HAMD16_core,WithinAI_Kimi-K2.6_A,3,99,0.8484848484848485,0.2121212121212121,1.0,1.0,3.597979797979798,8.68888888888889,5.090909090909092,0.5639302508272394,0.5005837094703512,SingleAI-A,item error and total cancellation read together
HAMD-17,HAMD16_core,WithinAI_Kimi-K2.6_A,4,99,0.3858585858585859,0.1929292929292929,1.0,1.0,3.597979797979798,8.68888888888889,5.090909090909092,0.5639302508272394,0.5005837094703512,SingleAI-A,item error and total cancellation read together
HAMD-17,HAMD16_core,WithinAI_Kimi-K2.6_A,5,99,0.597979797979798,0.298989898989899,1.0,1.0,3.597979797979798,8.68888888888889,5.090909090909092,0.5639302508272394,0.5005837094703512,SingleAI-A,item error and total cancellation read together
HAMD-17,HAMD16_core,WithinAI_Kimi-K2.6_A,6,99,0.4222222222222223,0.2111111111111111,1.0,1.0,3.597979797979798,8.68888888888889,5.090909090909092,0.5639302508272394,0.5005837094703512,SingleAI-A,item error and total cancellation read together
HAMD-17,HAMD16_core,WithinAI_Kimi-K2.6_A,7,99,0.6333333333333333,0.1583333333333333,1.0,1.0,3.597979797979798,8.68888888888889,5.090909090909092,0.5639302508272394,0.5005837094703512,SingleAI-A,item error and total cancellation read together
HAMD-17,HAMD16_core,WithinAI_Kimi-K2.6_A,8,99,0.7717171717171718,0.1929292929292929,1.0,1.0,3.597979797979798,8.68888888888889,5.090909090909092,0.5639302508272394,0.5005837094703512,SingleAI-A,item error and total cancellation read together
HAMD-17,HAMD16_core,WithinAI_Kimi-K2.6_A,9,99,0.6050505050505051,0.1512626262626262,1.0,1.0,3.597979797979798,8.68888888888889,5.090909090909092,0.5639302508272394,0.5005837094703512,SingleAI-A,item error and total cancellation read together
HAMD-17,HAMD16_core,WithinAI_Kimi-K2.6_A,10,99,0.6808080808080809,0.1702020202020202,1.0,1.0,3.597979797979798,8.68888888888889,5.090909090909092,0.5639302508272394,0.5005837094703512,SingleAI-A,item error and total cancellation read together
HAMD-17,HAMD16_core,WithinAI_Kimi-K2.6_A,11,99,0.6474747474747474,0.1618686868686868,1.0,1.0,3.597979797979798,8.68888888888889,5.090909090909092,0.5639302508272394,0.5005837094703512,SingleAI-A,item error and total cancellation read together
HAMD-17,HAMD16_core,WithinAI_Kimi-K2.6_A,12,99,0.2363636363636363,0.1181818181818181,1.0,1.0,3.597979797979798,8.68888888888889,5.090909090909092,0.5639302508272394,0.5005837094703512,SingleAI-A,item error and total cancellation read together
HAMD-17,HAMD16_core,WithinAI_Kimi-K2.6_A,13,99,0.3494949494949495,0.1747474747474747,1.0,1.0,3.597979797979798,8.68888888888889,5.090909090909092,0.5639302508272394,0.5005837094703512,SingleAI-A,item error and total cancellation read together
HAMD-17,HAMD16_core,WithinAI_Kimi-K2.6_A,15,99,0.5111111111111111,0.1277777777777777,1.0,1.0,3.597979797979798,8.68888888888889,5.090909090909092,0.5639302508272394,0.5005837094703512,SingleAI-A,item error and total cancellation read together
HAMD-17,HAMD16_core,WithinAI_Kimi-K2.6_A,16,99,0.3383838383838384,0.1691919191919192,1.0,1.0,3.597979797979798,8.68888888888889,5.090909090909092,0.5639302508272394,0.5005837094703512,SingleAI-A,item error and total cancellation read together
HAMD-17,HAMD16_core,WithinAI_Kimi-K2.6_A,17,99,0.3232323232323232,0.1616161616161616,1.0,1.0,3.597979797979798,8.68888888888889,5.090909090909092,0.5639302508272394,0.5005837094703512,SingleAI-A,item error and total cancellation read together
HAMD-17,HAMD16_core,WithinAI_Kimi-K2.6_B,1,99,0.6616161616161617,0.1654040404040404,1.0,1.0,3.926262626262626,7.827272727272727,3.901010101010101,0.4856288878481391,0.5596419270835826,SingleAI-B,item error and total cancellation read together
HAMD-17,HAMD16_core,WithinAI_Kimi-K2.6_B,2,99,0.6575757575757575,0.1643939393939393,1.0,1.0,3.926262626262626,7.827272727272727,3.901010101010101,0.4856288878481391,0.5596419270835826,SingleAI-B,item error and total cancellation read together
HAMD-17,HAMD16_core,WithinAI_Kimi-K2.6_B,3,99,0.6222222222222222,0.1555555555555555,1.0,1.0,3.926262626262626,7.827272727272727,3.901010101010101,0.4856288878481391,0.5596419270835826,SingleAI-B,item error and total cancellation read together
HAMD-17,HAMD16_core,WithinAI_Kimi-K2.6_B,4,99,0.4292929292929293,0.2146464646464646,1.0,1.0,3.926262626262626,7.827272727272727,3.901010101010101,0.4856288878481391,0.5596419270835826,SingleAI-B,item error and total cancellation read together
HAMD-17,HAMD16_core,WithinAI_Kimi-K2.6_B,5,99,0.5838383838383838,0.2919191919191919,1.0,1.0,3.926262626262626,7.827272727272727,3.901010101010101,0.4856288878481391,0.5596419270835826,SingleAI-B,item error and total cancellation read together
HAMD-17,HAMD16_core,WithinAI_Kimi-K2.6_B,6,99,0.4161616161616162,0.2080808080808081,1.0,1.0,3.926262626262626,7.827272727272727,3.901010101010101,0.4856288878481391,0.5596419270835826,SingleAI-B,item error and total cancellation read together
HAMD-17,HAMD16_core,WithinAI_Kimi-K2.6_B,7,99,0.6555555555555554,0.1638888888888888,1.0,1.0,3.926262626262626,7.827272727272727,3.901010101010101,0.4856288878481391,0.5596419270835826,SingleAI-B,item error and total cancellation read together
HAMD-17,HAMD16_core,WithinAI_Kimi-K2.6_B,8,99,0.5666666666666667,0.1416666666666666,1.0,1.0,3.926262626262626,7.827272727272727,3.901010101010101,0.4856288878481391,0.5596419270835826,SingleAI-B,item error and total cancellation read together
HAMD-17,HAMD16_core,WithinAI_Kimi-K2.6_B,9,99,0.5484848484848485,0.1371212121212121,1.0,1.0,3.926262626262626,7.827272727272727,3.901010101010101,0.4856288878481391,0.5596419270835826,SingleAI-B,item error and total cancellation read together
HAMD-17,HAMD16_core,WithinAI_Kimi-K2.6_B,10,99,0.6333333333333334,0.1583333333333333,1.0,1.0,3.926262626262626,7.827272727272727,3.901010101010101,0.4856288878481391,0.5596419270835826,SingleAI-B,item error and total cancellation read together
HAMD-17,HAMD16_core,WithinAI_Kimi-K2.6_B,11,99,0.6454545454545455,0.1613636363636363,1.0,1.0,3.926262626262626,7.827272727272727,3.901010101010101,0.4856288878481391,0.5596419270835826,SingleAI-B,item error and total cancellation read together
HAMD-17,HAMD16_core,WithinAI_Kimi-K2.6_B,12,99,0.1545454545454545,0.0772727272727272,1.0,1.0,3.926262626262626,7.827272727272727,3.901010101010101,0.4856288878481391,0.5596419270835826,SingleAI-B,item error and total cancellation read together
HAMD-17,HAMD16_core,WithinAI_Kimi-K2.6_B,13,99,0.3868686868686869,0.1934343434343434,1.0,1.0,3.926262626262626,7.827272727272727,3.901010101010101,0.4856288878481391,0.5596419270835826,SingleAI-B,item error and total cancellation read together
HAMD-17,HAMD16_core,WithinAI_Kimi-K2.6_B,15,99,0.4111111111111111,0.1027777777777777,1.0,1.0,3.926262626262626,7.827272727272727,3.901010101010101,0.4856288878481391,0.5596419270835826,SingleAI-B,item error and total cancellation read together
HAMD-17,HAMD16_core,WithinAI_Kimi-K2.6_B,16,99,0.2575757575757575,0.1287878787878787,1.0,1.0,3.926262626262626,7.827272727272727,3.901010101010101,0.4856288878481391,0.5596419270835826,SingleAI-B,item error and total cancellation read together
HAMD-17,HAMD16_core,WithinAI_Kimi-K2.6_B,17,99,0.1969696969696969,0.0984848484848484,1.0,1.0,3.926262626262626,7.827272727272727,3.901010101010101,0.4856288878481391,0.5596419270835826,SingleAI-B,item error and total cancellation read together
HAMD-17,HAMD16_core,WithinAI_Qwen3.7-Max_A,1,99,0.8303030303030303,0.2075757575757575,1.0,1.0,3.4323232323232324,8.175757575757576,4.743434343434343,0.5580744094938673,0.5228849915537581,SingleAI-A,item error and total cancellation read together
HAMD-17,HAMD16_core,WithinAI_Qwen3.7-Max_A,2,99,0.509090909090909,0.1272727272727272,1.0,1.0,3.4323232323232324,8.175757575757576,4.743434343434343,0.5580744094938673,0.5228849915537581,SingleAI-A,item error and total cancellation read together
HAMD-17,HAMD16_core,WithinAI_Qwen3.7-Max_A,3,99,0.7636363636363636,0.1909090909090909,1.0,1.0,3.4323232323232324,8.175757575757576,4.743434343434343,0.5580744094938673,0.5228849915537581,SingleAI-A,item error and total cancellation read together
HAMD-17,HAMD16_core,WithinAI_Qwen3.7-Max_A,4,99,0.4090909090909091,0.2045454545454545,1.0,1.0,3.4323232323232324,8.175757575757576,4.743434343434343,0.5580744094938673,0.5228849915537581,SingleAI-A,item error and total cancellation read together
HAMD-17,HAMD16_core,WithinAI_Qwen3.7-Max_A,5,99,0.5363636363636364,0.2681818181818182,1.0,1.0,3.4323232323232324,8.175757575757576,4.743434343434343,0.5580744094938673,0.5228849915537581,SingleAI-A,item error and total cancellation read together
HAMD-17,HAMD16_core,WithinAI_Qwen3.7-Max_A,6,99,0.3747474747474748,0.1873737373737374,1.0,1.0,3.4323232323232324,8.175757575757576,4.743434343434343,0.5580744094938673,0.5228849915537581,SingleAI-A,item error and total cancellation read together
HAMD-17,HAMD16_core,WithinAI_Qwen3.7-Max_A,7,99,0.6555555555555554,0.1638888888888888,1.0,1.0,3.4323232323232324,8.175757575757576,4.743434343434343,0.5580744094938673,0.5228849915537581,SingleAI-A,item error and total cancellation read together
HAMD-17,HAMD16_core,WithinAI_Qwen3.7-Max_A,8,99,0.6919191919191919,0.1729797979797979,1.0,1.0,3.4323232323232324,8.175757575757576,4.743434343434343,0.5580744094938673,0.5228849915537581,SingleAI-A,item error and total cancellation read together
HAMD-17,HAMD16_core,WithinAI_Qwen3.7-Max_A,9,99,0.5454545454545454,0.1363636363636363,1.0,1.0,3.4323232323232324,8.175757575757576,4.743434343434343,0.5580744094938673,0.5228849915537581,SingleAI-A,item error and total cancellation read together
HAMD-17,HAMD16_core,WithinAI_Qwen3.7-Max_A,10,99,0.6808080808080808,0.1702020202020202,1.0,1.0,3.4323232323232324,8.175757575757576,4.743434343434343,0.5580744094938673,0.5228849915537581,SingleAI-A,item error and total cancellation read together
HAMD-17,HAMD16_core,WithinAI_Qwen3.7-Max_A,11,99,0.6252525252525253,0.1563131313131313,1.0,1.0,3.4323232323232324,8.175757575757576,4.743434343434343,0.5580744094938673,0.5228849915537581,SingleAI-A,item error and total cancellation read together
HAMD-17,HAMD16_core,WithinAI_Qwen3.7-Max_A,12,99,0.2565656565656565,0.1282828282828282,1.0,1.0,3.4323232323232324,8.175757575757576,4.743434343434343,0.5580744094938673,0.5228849915537581,SingleAI-A,item error and total cancellation read together
HAMD-17,HAMD16_core,WithinAI_Qwen3.7-Max_A,13,99,0.2929292929292929,0.1464646464646464,1.0,1.0,3.4323232323232324,8.175757575757576,4.743434343434343,0.5580744094938673,0.5228849915537581,SingleAI-A,item error and total cancellation read together
HAMD-17,HAMD16_core,WithinAI_Qwen3.7-Max_A,15,99,0.4222222222222222,0.1055555555555555,1.0,1.0,3.4323232323232324,8.175757575757576,4.743434343434343,0.5580744094938673,0.5228849915537581,SingleAI-A,item error and total cancellation read together
HAMD-17,HAMD16_core,WithinAI_Qwen3.7-Max_A,16,99,0.2585858585858586,0.1292929292929293,1.0,1.0,3.4323232323232324,8.175757575757576,4.743434343434343,0.5580744094938673,0.5228849915537581,SingleAI-A,item error and total cancellation read together
HAMD-17,HAMD16_core,WithinAI_Qwen3.7-Max_A,17,99,0.3232323232323232,0.1616161616161616,1.0,1.0,3.4323232323232324,8.175757575757576,4.743434343434343,0.5580744094938673,0.5228849915537581,SingleAI-A,item error and total cancellation read together
HAMD-17,HAMD16_core,WithinAI_Qwen3.7-Max_B,1,99,0.8464646464646466,0.2116161616161616,1.0,1.0,3.373737373737374,7.925252525252525,4.551515151515151,0.56268671827941,0.5601464301287301,SingleAI-B,item error and total cancellation read together
HAMD-17,HAMD16_core,WithinAI_Qwen3.7-Max_B,2,99,0.5535353535353535,0.1383838383838384,1.0,1.0,3.373737373737374,7.925252525252525,4.551515151515151,0.56268671827941,0.5601464301287301,SingleAI-B,item error and total cancellation read together
HAMD-17,HAMD16_core,WithinAI_Qwen3.7-Max_B,3,99,0.7929292929292929,0.1982323232323232,1.0,1.0,3.373737373737374,7.925252525252525,4.551515151515151,0.56268671827941,0.5601464301287301,SingleAI-B,item error and total cancellation read together
HAMD-17,HAMD16_core,WithinAI_Qwen3.7-Max_B,4,99,0.4131313131313132,0.2065656565656566,1.0,1.0,3.373737373737374,7.925252525252525,4.551515151515151,0.56268671827941,0.5601464301287301,SingleAI-B,item error and total cancellation read together
HAMD-17,HAMD16_core,WithinAI_Qwen3.7-Max_B,5,99,0.503030303030303,0.2515151515151515,1.0,1.0,3.373737373737374,7.925252525252525,4.551515151515151,0.56268671827941,0.5601464301287301,SingleAI-B,item error and total cancellation read together
HAMD-17,HAMD16_core,WithinAI_Qwen3.7-Max_B,6,99,0.3858585858585859,0.1929292929292929,1.0,1.0,3.373737373737374,7.925252525252525,4.551515151515151,0.56268671827941,0.5601464301287301,SingleAI-B,item error and total cancellation read together
HAMD-17,HAMD16_core,WithinAI_Qwen3.7-Max_B,7,99,0.6727272727272726,0.1681818181818181,1.0,1.0,3.373737373737374,7.925252525252525,4.551515151515151,0.56268671827941,0.5601464301287301,SingleAI-B,item error and total cancellation read together
HAMD-17,HAMD16_core,WithinAI_Qwen3.7-Max_B,8,99,0.5212121212121212,0.1303030303030303,1.0,1.0,3.373737373737374,7.925252525252525,4.551515151515151,0.56268671827941,0.5601464301287301,SingleAI-B,item error and total cancellation read together
HAMD-17,HAMD16_core,WithinAI_Qwen3.7-Max_B,9,99,0.5383838383838384,0.1345959595959596,1.0,1.0,3.373737373737374,7.925252525252525,4.551515151515151,0.56268671827941,0.5601464301287301,SingleAI-B,item error and total cancellation read together
HAMD-17,HAMD16_core,WithinAI_Qwen3.7-Max_B,10,99,0.5959595959595959,0.1489898989898989,1.0,1.0,3.373737373737374,7.925252525252525,4.551515151515151,0.56268671827941,0.5601464301287301,SingleAI-B,item error and total cancellation read together
HAMD-17,HAMD16_core,WithinAI_Qwen3.7-Max_B,11,99,0.6737373737373737,0.1684343434343434,1.0,1.0,3.373737373737374,7.925252525252525,4.551515151515151,0.56268671827941,0.5601464301287301,SingleAI-B,item error and total cancellation read together
HAMD-17,HAMD16_core,WithinAI_Qwen3.7-Max_B,12,99,0.1868686868686868,0.0934343434343434,1.0,1.0,3.373737373737374,7.925252525252525,4.551515151515151,0.56268671827941,0.5601464301287301,SingleAI-B,item error and total cancellation read together
HAMD-17,HAMD16_core,WithinAI_Qwen3.7-Max_B,13,99,0.3212121212121212,0.1606060606060606,1.0,1.0,3.373737373737374,7.925252525252525,4.551515151515151,0.56268671827941,0.5601464301287301,SingleAI-B,item error and total cancellation read together
HAMD-17,HAMD16_core,WithinAI_Qwen3.7-Max_B,15,99,0.4373737373737373,0.1093434343434343,1.0,1.0,3.373737373737374,7.925252525252525,4.551515151515151,0.56268671827941,0.5601464301287301,SingleAI-B,item error and total cancellation read together
HAMD-17,HAMD16_core,WithinAI_Qwen3.7-Max_B,16,99,0.2787878787878788,0.1393939393939394,1.0,1.0,3.373737373737374,7.925252525252525,4.551515151515151,0.56268671827941,0.5601464301287301,SingleAI-B,item error and total cancellation read together
HAMD-17,HAMD16_core,WithinAI_Qwen3.7-Max_B,17,99,0.204040404040404,0.102020202020202,1.0,1.0,3.373737373737374,7.925252525252525,4.551515151515151,0.56268671827941,0.5601464301287301,SingleAI-B,item error and total cancellation read together
