dataset,model,mode,condition,prompt_template_id,prompt_source,feature_source,evidence_requirement_value,evidence_requirement_evidence_quote,evidence_requirement_auto_confidence,evidence_requirement_review_required,evidence_quote_required_value,evidence_quote_required_evidence_quote,evidence_quote_required_auto_confidence,evidence_quote_required_review_required,explicit_scoring_anchors_value,explicit_scoring_anchors_evidence_quote,explicit_scoring_anchors_auto_confidence,explicit_scoring_anchors_review_required,negation_handling_value,negation_handling_evidence_quote,negation_handling_auto_confidence,negation_handling_review_required,missing_information_rule_value,missing_information_rule_evidence_quote,missing_information_rule_auto_confidence,missing_information_rule_review_required,temporal_constraint_value,temporal_constraint_evidence_quote,temporal_constraint_auto_confidence,temporal_constraint_review_required,frequency_requirement_value,frequency_requirement_evidence_quote,frequency_requirement_auto_confidence,frequency_requirement_review_required,inference_permission_value,inference_permission_evidence_quote,inference_permission_auto_confidence,inference_permission_review_required,speaker_restriction_value,speaker_restriction_evidence_quote,speaker_restriction_auto_confidence,speaker_restriction_review_required,abstention_permission_value,abstention_permission_evidence_quote,abstention_permission_auto_confidence,abstention_permission_review_required,output_rigidity_value,output_rigidity_evidence_quote,output_rigidity_auto_confidence,output_rigidity_review_required,itemwise_reasoning_requirement_value,itemwise_reasoning_requirement_evidence_quote,itemwise_reasoning_requirement_auto_confidence,itemwise_reasoning_requirement_review_required,aggregation_instruction_value,aggregation_instruction_evidence_quote,aggregation_instruction_auto_confidence,aggregation_instruction_review_required,uncertainty_requirement_value,uncertainty_requirement_evidence_quote,uncertainty_requirement_auto_confidence,uncertainty_requirement_review_required,static_character_count,static_line_count,estimated_token_count,numbered_rule_count,instruction_count,output_constraint_count
HAMD-17,GLM-5.2,不思考,C01,PROMPT_000004,E:\数据库\代码\Data\PDCH\实验\_新结构_待启用\hamd正式使用提示词.docx,固定DOCX提示词文本；未使用任何模型表现结果。,required,- key_evidence 摘自输入文本。,high,no,yes,- key_evidence 摘自输入文本。,high,no,none,,high,no,implicit,,medium,no,infer_best_estimate,,medium,no,generic,,medium,no,absent,,high,no,moderate,,low,yes,implicit,,high,no,no,,medium,no,strict_json_schema,- 仅输出纯 JSON 对象，不要输出任何代码块标记（如 ```json）。,high,no,no,,medium,no,grade_conversion_required,"""severity_level"": ""正常 / 轻度抑郁 / 中度抑郁 / 重度抑郁"",",high,no,confidence_required;probability_required,- class_probabilities 中四个类别的概率之和为 1。,high,no,642,22,161,7,17,12
HAMD-17,GLM-5.2,不思考,C02,PROMPT_000004,E:\数据库\代码\Data\PDCH\实验\_新结构_待启用\hamd正式使用提示词.docx,固定DOCX提示词文本；未使用任何模型表现结果。,required,- key_evidence 摘自输入文本。,high,no,yes,- key_evidence 摘自输入文本。,high,no,none,,high,no,implicit,,medium,no,infer_best_estimate,,medium,no,generic,,medium,no,absent,,high,no,moderate,,low,yes,implicit,,high,no,no,,medium,no,strict_json_schema,- 仅输出纯 JSON 对象，不要输出任何代码块标记（如 ```json）。,high,no,no,,medium,no,grade_conversion_required,"""severity_level"": ""正常 / 轻度抑郁 / 中度抑郁 / 重度抑郁"",",high,no,confidence_required;probability_required,- class_probabilities 中四个类别的概率之和为 1。,high,no,642,22,161,7,17,12
HAMD-17,GLM-5.2,不思考,C03,PROMPT_000006,E:\数据库\代码\Data\PDCH\实验\_新结构_待启用\hamd正式使用提示词.docx,固定DOCX提示词文本；未使用任何模型表现结果。,required,- key_evidence 摘自输入文本或填 null。,high,no,yes,- key_evidence 摘自输入文本或填 null。,high,no,complete,大部分项目采用0～4分的5级评分法，各级标准为：（0）无；（1）轻度；（2）中度；（3）重度；（4）极重度；少数项目采用0～2分的3级评分法，各级标准为：（0）无；（1）轻～中度；（2）重度。,high,no,explicit,6. 早醒（末段失眠）：0=正常，没有早醒；1=有早醒，比平时早醒1小时，但能重新入睡（应排除平时的习惯）；2=早醒后无法重新入睡。,high,no,other,14. 性症状（指性欲减退，月经紊乱等）：0=正常，没有性症状；1=轻度；2=重度；9=不能肯定，或该项对被评者不适合（不计入总分）。,high,no,explicit_window,16. 体重减轻：0=正常，没有体重减轻；1=患者诉述可能有体重减轻或一周内体重减轻超过0.5公斤；2=患者诉述肯定体重减轻或一周内体重减轻超过1公斤。,high,no,explicit,4. 入睡困难（初段失眠，采用0～2分的3级评分法。各级的标准为：（0）无；（1）轻～中度；（2）重度）：0=正常，没有入睡困难；1=主诉有入睡困难，上床半小时后仍不能入睡（要注意平时病人入睡的时间）；2=主诉每晚均有入睡困难。,high,no,moderate,,low,yes,explicit,16. 体重减轻：0=正常，没有体重减轻；1=患者诉述可能有体重减轻或一周内体重减轻超过0.5公斤；2=患者诉述肯定体重减轻或一周内体重减轻超过1公斤。,high,no,yes,14. 性症状（指性欲减退，月经紊乱等）：0=正常，没有性症状；1=轻度；2=重度；9=不能肯定，或该项对被评者不适合（不计入总分）。,high,no,strict_json_schema,- 仅输出纯 JSON 对象，不要输出任何代码块标记（如 ```json）。,high,no,yes,- 每个维度需输出 reasoning（打分的临床推断依据）和 confidence_score（0.00-1.00）。,high,no,item_score_required;sum_required,14. 性症状（指性欲减退，月经紊乱等）：0=正常，没有性症状；1=轻度；2=重度；9=不能肯定，或该项对被评者不适合（不计入总分）。,high,no,confidence_required,- 每个维度需输出 reasoning（打分的临床推断依据）和 confidence_score（0.00-1.00）。,high,no,2400,41,600,25,36,11
HAMD-17,GLM-5.2,不思考,C04,PROMPT_000006,E:\数据库\代码\Data\PDCH\实验\_新结构_待启用\hamd正式使用提示词.docx,固定DOCX提示词文本；未使用任何模型表现结果。,required,- key_evidence 摘自输入文本或填 null。,high,no,yes,- key_evidence 摘自输入文本或填 null。,high,no,complete,大部分项目采用0～4分的5级评分法，各级标准为：（0）无；（1）轻度；（2）中度；（3）重度；（4）极重度；少数项目采用0～2分的3级评分法，各级标准为：（0）无；（1）轻～中度；（2）重度。,high,no,explicit,6. 早醒（末段失眠）：0=正常，没有早醒；1=有早醒，比平时早醒1小时，但能重新入睡（应排除平时的习惯）；2=早醒后无法重新入睡。,high,no,other,14. 性症状（指性欲减退，月经紊乱等）：0=正常，没有性症状；1=轻度；2=重度；9=不能肯定，或该项对被评者不适合（不计入总分）。,high,no,explicit_window,16. 体重减轻：0=正常，没有体重减轻；1=患者诉述可能有体重减轻或一周内体重减轻超过0.5公斤；2=患者诉述肯定体重减轻或一周内体重减轻超过1公斤。,high,no,explicit,4. 入睡困难（初段失眠，采用0～2分的3级评分法。各级的标准为：（0）无；（1）轻～中度；（2）重度）：0=正常，没有入睡困难；1=主诉有入睡困难，上床半小时后仍不能入睡（要注意平时病人入睡的时间）；2=主诉每晚均有入睡困难。,high,no,moderate,,low,yes,explicit,16. 体重减轻：0=正常，没有体重减轻；1=患者诉述可能有体重减轻或一周内体重减轻超过0.5公斤；2=患者诉述肯定体重减轻或一周内体重减轻超过1公斤。,high,no,yes,14. 性症状（指性欲减退，月经紊乱等）：0=正常，没有性症状；1=轻度；2=重度；9=不能肯定，或该项对被评者不适合（不计入总分）。,high,no,strict_json_schema,- 仅输出纯 JSON 对象，不要输出任何代码块标记（如 ```json）。,high,no,yes,- 每个维度需输出 reasoning（打分的临床推断依据）和 confidence_score（0.00-1.00）。,high,no,item_score_required;sum_required,14. 性症状（指性欲减退，月经紊乱等）：0=正常，没有性症状；1=轻度；2=重度；9=不能肯定，或该项对被评者不适合（不计入总分）。,high,no,confidence_required,- 每个维度需输出 reasoning（打分的临床推断依据）和 confidence_score（0.00-1.00）。,high,no,2400,41,600,25,36,11
HAMD-17,GLM-5.2,不思考,C05,PROMPT_000018,E:\数据库\代码\Data\PDCH\实验\_新结构_待启用\hamd正式使用提示词.docx,固定DOCX提示词文本；未使用任何模型表现结果。,required,- key_evidence 摘自输入文本。,high,no,yes,- key_evidence 摘自输入文本。,high,no,none,,high,no,implicit,,medium,no,infer_best_estimate,,medium,no,absent,,medium,no,absent,,high,no,moderate,,low,yes,implicit,,high,no,no,,medium,no,strict_json_schema,- 仅输出纯 JSON 对象，不要输出任何代码块标记（如 ```json）。,high,no,no,,medium,no,grade_conversion_required,"""severity_level"": ""正常 / 轻度抑郁 / 中度抑郁 / 重度抑郁"",",high,no,confidence_required;probability_required,- class_probabilities 中四个类别的概率之和为 1。,high,no,642,22,161,7,17,12
HAMD-17,GLM-5.2,不思考,C06,PROMPT_000018,E:\数据库\代码\Data\PDCH\实验\_新结构_待启用\hamd正式使用提示词.docx,固定DOCX提示词文本；未使用任何模型表现结果。,required,- key_evidence 摘自输入文本。,high,no,yes,- key_evidence 摘自输入文本。,high,no,none,,high,no,implicit,,medium,no,infer_best_estimate,,medium,no,absent,,medium,no,absent,,high,no,moderate,,low,yes,implicit,,high,no,no,,medium,no,strict_json_schema,- 仅输出纯 JSON 对象，不要输出任何代码块标记（如 ```json）。,high,no,no,,medium,no,grade_conversion_required,"""severity_level"": ""正常 / 轻度抑郁 / 中度抑郁 / 重度抑郁"",",high,no,confidence_required;probability_required,- class_probabilities 中四个类别的概率之和为 1。,high,no,642,22,161,7,17,12
HAMD-17,GLM-5.2,不思考,C07,PROMPT_000011,E:\数据库\代码\Data\PDCH\实验\_新结构_待启用\hamd正式使用提示词.docx,固定DOCX提示词文本；未使用任何模型表现结果。,required,- key_evidence 摘自输入文本或填 null。,high,no,yes,- key_evidence 摘自输入文本或填 null。,high,no,complete,大部分项目采用0～4分的5级评分法，各级标准为：（0）无；（1）轻度；（2）中度；（3）重度；（4）极重度；少数项目采用0～2分的3级评分法，各级标准为：（0）无；（1）轻～中度；（2）重度。,high,no,explicit,6. 早醒（末段失眠）：0=正常，没有早醒；1=有早醒，比平时早醒1小时，但能重新入睡（应排除平时的习惯）；2=早醒后无法重新入睡。,high,no,other,14. 性症状（指性欲减退，月经紊乱等）：0=正常，没有性症状；1=轻度；2=重度；9=不能肯定，或该项对被评者不适合（不计入总分）。,high,no,explicit_window,16. 体重减轻：0=正常，没有体重减轻；1=患者诉述可能有体重减轻或一周内体重减轻超过0.5公斤；2=患者诉述肯定体重减轻或一周内体重减轻超过1公斤。,high,no,explicit,4. 入睡困难（初段失眠，采用0～2分的3级评分法。各级的标准为：（0）无；（1）轻～中度；（2）重度）：0=正常，没有入睡困难；1=主诉有入睡困难，上床半小时后仍不能入睡（要注意平时病人入睡的时间）；2=主诉每晚均有入睡困难。,high,no,moderate,,low,yes,explicit,16. 体重减轻：0=正常，没有体重减轻；1=患者诉述可能有体重减轻或一周内体重减轻超过0.5公斤；2=患者诉述肯定体重减轻或一周内体重减轻超过1公斤。,high,no,yes,14. 性症状（指性欲减退，月经紊乱等）：0=正常，没有性症状；1=轻度；2=重度；9=不能肯定，或该项对被评者不适合（不计入总分）。,high,no,strict_json_schema,- 仅输出纯 JSON 对象，不要输出任何代码块标记（如 ```json）。,high,no,yes,- 每个维度需输出 reasoning（打分的临床推断依据）和 confidence_score（0.00-1.00）。,high,no,item_score_required;sum_required,14. 性症状（指性欲减退，月经紊乱等）：0=正常，没有性症状；1=轻度；2=重度；9=不能肯定，或该项对被评者不适合（不计入总分）。,high,no,confidence_required,- 每个维度需输出 reasoning（打分的临床推断依据）和 confidence_score（0.00-1.00）。,high,no,2400,41,600,25,36,11
HAMD-17,GLM-5.2,不思考,C08,PROMPT_000011,E:\数据库\代码\Data\PDCH\实验\_新结构_待启用\hamd正式使用提示词.docx,固定DOCX提示词文本；未使用任何模型表现结果。,required,- key_evidence 摘自输入文本或填 null。,high,no,yes,- key_evidence 摘自输入文本或填 null。,high,no,complete,大部分项目采用0～4分的5级评分法，各级标准为：（0）无；（1）轻度；（2）中度；（3）重度；（4）极重度；少数项目采用0～2分的3级评分法，各级标准为：（0）无；（1）轻～中度；（2）重度。,high,no,explicit,6. 早醒（末段失眠）：0=正常，没有早醒；1=有早醒，比平时早醒1小时，但能重新入睡（应排除平时的习惯）；2=早醒后无法重新入睡。,high,no,other,14. 性症状（指性欲减退，月经紊乱等）：0=正常，没有性症状；1=轻度；2=重度；9=不能肯定，或该项对被评者不适合（不计入总分）。,high,no,explicit_window,16. 体重减轻：0=正常，没有体重减轻；1=患者诉述可能有体重减轻或一周内体重减轻超过0.5公斤；2=患者诉述肯定体重减轻或一周内体重减轻超过1公斤。,high,no,explicit,4. 入睡困难（初段失眠，采用0～2分的3级评分法。各级的标准为：（0）无；（1）轻～中度；（2）重度）：0=正常，没有入睡困难；1=主诉有入睡困难，上床半小时后仍不能入睡（要注意平时病人入睡的时间）；2=主诉每晚均有入睡困难。,high,no,moderate,,low,yes,explicit,16. 体重减轻：0=正常，没有体重减轻；1=患者诉述可能有体重减轻或一周内体重减轻超过0.5公斤；2=患者诉述肯定体重减轻或一周内体重减轻超过1公斤。,high,no,yes,14. 性症状（指性欲减退，月经紊乱等）：0=正常，没有性症状；1=轻度；2=重度；9=不能肯定，或该项对被评者不适合（不计入总分）。,high,no,strict_json_schema,- 仅输出纯 JSON 对象，不要输出任何代码块标记（如 ```json）。,high,no,yes,- 每个维度需输出 reasoning（打分的临床推断依据）和 confidence_score（0.00-1.00）。,high,no,item_score_required;sum_required,14. 性症状（指性欲减退，月经紊乱等）：0=正常，没有性症状；1=轻度；2=重度；9=不能肯定，或该项对被评者不适合（不计入总分）。,high,no,confidence_required,- 每个维度需输出 reasoning（打分的临床推断依据）和 confidence_score（0.00-1.00）。,high,no,2400,41,600,25,36,11
HAMD-17,GLM-5.2,不思考,C09,PROMPT_000028,E:\数据库\代码\Data\PDCH\实验\_新结构_待启用\hamd正式使用提示词.docx,固定DOCX提示词文本；未使用任何模型表现结果。,required,- key_evidence 摘自输入文本。,high,no,yes,- key_evidence 摘自输入文本。,high,no,none,,high,no,implicit,,medium,no,infer_best_estimate,,medium,no,absent,,medium,no,absent,,high,no,moderate,,low,yes,implicit,,high,no,no,,medium,no,strict_json_schema,- 仅输出纯 JSON 对象，不要输出任何代码块标记（如 ```json）。,high,no,no,,medium,no,grade_conversion_required,"""severity_level"": ""正常 / 轻度抑郁 / 中度抑郁 / 重度抑郁"",",high,no,confidence_required;probability_required,- class_probabilities 中四个类别的概率之和为 1。,high,no,706,22,177,7,17,12
HAMD-17,GLM-5.2,不思考,C10,PROMPT_000028,E:\数据库\代码\Data\PDCH\实验\_新结构_待启用\hamd正式使用提示词.docx,固定DOCX提示词文本；未使用任何模型表现结果。,required,- key_evidence 摘自输入文本。,high,no,yes,- key_evidence 摘自输入文本。,high,no,none,,high,no,implicit,,medium,no,infer_best_estimate,,medium,no,absent,,medium,no,absent,,high,no,moderate,,low,yes,implicit,,high,no,no,,medium,no,strict_json_schema,- 仅输出纯 JSON 对象，不要输出任何代码块标记（如 ```json）。,high,no,no,,medium,no,grade_conversion_required,"""severity_level"": ""正常 / 轻度抑郁 / 中度抑郁 / 重度抑郁"",",high,no,confidence_required;probability_required,- class_probabilities 中四个类别的概率之和为 1。,high,no,706,22,177,7,17,12
HAMD-17,GLM-5.2,不思考,C11,PROMPT_000005,E:\数据库\代码\Data\PDCH\实验\_新结构_待启用\hamd正式使用提示词.docx,固定DOCX提示词文本；未使用任何模型表现结果。,required,- key_evidence 摘自输入文本或填 null。,high,no,yes,- key_evidence 摘自输入文本或填 null。,high,no,complete,大部分项目采用0～4分的5级评分法，各级标准为：（0）无；（1）轻度；（2）中度；（3）重度；（4）极重度；少数项目采用0～2分的3级评分法，各级标准为：（0）无；（1）轻～中度；（2）重度。,high,no,explicit,6. 早醒（末段失眠）：0=正常，没有早醒；1=有早醒，比平时早醒1小时，但能重新入睡（应排除平时的习惯）；2=早醒后无法重新入睡。,high,no,other,14. 性症状（指性欲减退，月经紊乱等）：0=正常，没有性症状；1=轻度；2=重度；9=不能肯定，或该项对被评者不适合（不计入总分）。,high,no,explicit_window,16. 体重减轻：0=正常，没有体重减轻；1=患者诉述可能有体重减轻或一周内体重减轻超过0.5公斤；2=患者诉述肯定体重减轻或一周内体重减轻超过1公斤。,high,no,explicit,4. 入睡困难（初段失眠，采用0～2分的3级评分法。各级的标准为：（0）无；（1）轻～中度；（2）重度）：0=正常，没有入睡困难；1=主诉有入睡困难，上床半小时后仍不能入睡（要注意平时病人入睡的时间）；2=主诉每晚均有入睡困难。,high,no,moderate,,low,yes,explicit,16. 体重减轻：0=正常，没有体重减轻；1=患者诉述可能有体重减轻或一周内体重减轻超过0.5公斤；2=患者诉述肯定体重减轻或一周内体重减轻超过1公斤。,high,no,yes,14. 性症状（指性欲减退，月经紊乱等）：0=正常，没有性症状；1=轻度；2=重度；9=不能肯定，或该项对被评者不适合（不计入总分）。,high,no,strict_json_schema,- 仅输出纯 JSON 对象，不要输出任何代码块标记（如 ```json）。,high,no,yes,- 每个维度需输出 reasoning（打分的临床推断依据）和 confidence_score（0.00-1.00）。,high,no,item_score_required;sum_required,14. 性症状（指性欲减退，月经紊乱等）：0=正常，没有性症状；1=轻度；2=重度；9=不能肯定，或该项对被评者不适合（不计入总分）。,high,no,confidence_required,- 每个维度需输出 reasoning（打分的临床推断依据）和 confidence_score（0.00-1.00）。,high,no,2464,41,616,25,36,11
HAMD-17,GLM-5.2,不思考,C12,PROMPT_000005,E:\数据库\代码\Data\PDCH\实验\_新结构_待启用\hamd正式使用提示词.docx,固定DOCX提示词文本；未使用任何模型表现结果。,required,- key_evidence 摘自输入文本或填 null。,high,no,yes,- key_evidence 摘自输入文本或填 null。,high,no,complete,大部分项目采用0～4分的5级评分法，各级标准为：（0）无；（1）轻度；（2）中度；（3）重度；（4）极重度；少数项目采用0～2分的3级评分法，各级标准为：（0）无；（1）轻～中度；（2）重度。,high,no,explicit,6. 早醒（末段失眠）：0=正常，没有早醒；1=有早醒，比平时早醒1小时，但能重新入睡（应排除平时的习惯）；2=早醒后无法重新入睡。,high,no,other,14. 性症状（指性欲减退，月经紊乱等）：0=正常，没有性症状；1=轻度；2=重度；9=不能肯定，或该项对被评者不适合（不计入总分）。,high,no,explicit_window,16. 体重减轻：0=正常，没有体重减轻；1=患者诉述可能有体重减轻或一周内体重减轻超过0.5公斤；2=患者诉述肯定体重减轻或一周内体重减轻超过1公斤。,high,no,explicit,4. 入睡困难（初段失眠，采用0～2分的3级评分法。各级的标准为：（0）无；（1）轻～中度；（2）重度）：0=正常，没有入睡困难；1=主诉有入睡困难，上床半小时后仍不能入睡（要注意平时病人入睡的时间）；2=主诉每晚均有入睡困难。,high,no,moderate,,low,yes,explicit,16. 体重减轻：0=正常，没有体重减轻；1=患者诉述可能有体重减轻或一周内体重减轻超过0.5公斤；2=患者诉述肯定体重减轻或一周内体重减轻超过1公斤。,high,no,yes,14. 性症状（指性欲减退，月经紊乱等）：0=正常，没有性症状；1=轻度；2=重度；9=不能肯定，或该项对被评者不适合（不计入总分）。,high,no,strict_json_schema,- 仅输出纯 JSON 对象，不要输出任何代码块标记（如 ```json）。,high,no,yes,- 每个维度需输出 reasoning（打分的临床推断依据）和 confidence_score（0.00-1.00）。,high,no,item_score_required;sum_required,14. 性症状（指性欲减退，月经紊乱等）：0=正常，没有性症状；1=轻度；2=重度；9=不能肯定，或该项对被评者不适合（不计入总分）。,high,no,confidence_required,- 每个维度需输出 reasoning（打分的临床推断依据）和 confidence_score（0.00-1.00）。,high,no,2464,41,616,25,36,11
HAMD-17,GLM-5.2,不思考,C13,PROMPT_000018,E:\数据库\代码\Data\PDCH\实验\_新结构_待启用\hamd正式使用提示词.docx,固定DOCX提示词文本；未使用任何模型表现结果。,required,- key_evidence 摘自输入文本。,high,no,yes,- key_evidence 摘自输入文本。,high,no,none,,high,no,implicit,,medium,no,infer_best_estimate,,medium,no,absent,,medium,no,absent,,high,no,moderate,,low,yes,implicit,,high,no,no,,medium,no,strict_json_schema,- 仅输出纯 JSON 对象，不要输出任何代码块标记（如 ```json）。,high,no,no,,medium,no,grade_conversion_required,"""severity_level"": ""正常 / 轻度抑郁 / 中度抑郁 / 重度抑郁"",",high,no,confidence_required;probability_required,- class_probabilities 中四个类别的概率之和为 1。,high,no,642,22,161,7,17,12
HAMD-17,GLM-5.2,不思考,C14,PROMPT_000018,E:\数据库\代码\Data\PDCH\实验\_新结构_待启用\hamd正式使用提示词.docx,固定DOCX提示词文本；未使用任何模型表现结果。,required,- key_evidence 摘自输入文本。,high,no,yes,- key_evidence 摘自输入文本。,high,no,none,,high,no,implicit,,medium,no,infer_best_estimate,,medium,no,absent,,medium,no,absent,,high,no,moderate,,low,yes,implicit,,high,no,no,,medium,no,strict_json_schema,- 仅输出纯 JSON 对象，不要输出任何代码块标记（如 ```json）。,high,no,no,,medium,no,grade_conversion_required,"""severity_level"": ""正常 / 轻度抑郁 / 中度抑郁 / 重度抑郁"",",high,no,confidence_required;probability_required,- class_probabilities 中四个类别的概率之和为 1。,high,no,642,22,161,7,17,12
HAMD-17,GLM-5.2,不思考,C15,PROMPT_000011,E:\数据库\代码\Data\PDCH\实验\_新结构_待启用\hamd正式使用提示词.docx,固定DOCX提示词文本；未使用任何模型表现结果。,required,- key_evidence 摘自输入文本或填 null。,high,no,yes,- key_evidence 摘自输入文本或填 null。,high,no,complete,大部分项目采用0～4分的5级评分法，各级标准为：（0）无；（1）轻度；（2）中度；（3）重度；（4）极重度；少数项目采用0～2分的3级评分法，各级标准为：（0）无；（1）轻～中度；（2）重度。,high,no,explicit,6. 早醒（末段失眠）：0=正常，没有早醒；1=有早醒，比平时早醒1小时，但能重新入睡（应排除平时的习惯）；2=早醒后无法重新入睡。,high,no,other,14. 性症状（指性欲减退，月经紊乱等）：0=正常，没有性症状；1=轻度；2=重度；9=不能肯定，或该项对被评者不适合（不计入总分）。,high,no,explicit_window,16. 体重减轻：0=正常，没有体重减轻；1=患者诉述可能有体重减轻或一周内体重减轻超过0.5公斤；2=患者诉述肯定体重减轻或一周内体重减轻超过1公斤。,high,no,explicit,4. 入睡困难（初段失眠，采用0～2分的3级评分法。各级的标准为：（0）无；（1）轻～中度；（2）重度）：0=正常，没有入睡困难；1=主诉有入睡困难，上床半小时后仍不能入睡（要注意平时病人入睡的时间）；2=主诉每晚均有入睡困难。,high,no,moderate,,low,yes,explicit,16. 体重减轻：0=正常，没有体重减轻；1=患者诉述可能有体重减轻或一周内体重减轻超过0.5公斤；2=患者诉述肯定体重减轻或一周内体重减轻超过1公斤。,high,no,yes,14. 性症状（指性欲减退，月经紊乱等）：0=正常，没有性症状；1=轻度；2=重度；9=不能肯定，或该项对被评者不适合（不计入总分）。,high,no,strict_json_schema,- 仅输出纯 JSON 对象，不要输出任何代码块标记（如 ```json）。,high,no,yes,- 每个维度需输出 reasoning（打分的临床推断依据）和 confidence_score（0.00-1.00）。,high,no,item_score_required;sum_required,14. 性症状（指性欲减退，月经紊乱等）：0=正常，没有性症状；1=轻度；2=重度；9=不能肯定，或该项对被评者不适合（不计入总分）。,high,no,confidence_required,- 每个维度需输出 reasoning（打分的临床推断依据）和 confidence_score（0.00-1.00）。,high,no,2400,41,600,25,36,11
HAMD-17,GLM-5.2,不思考,C16,PROMPT_000011,E:\数据库\代码\Data\PDCH\实验\_新结构_待启用\hamd正式使用提示词.docx,固定DOCX提示词文本；未使用任何模型表现结果。,required,- key_evidence 摘自输入文本或填 null。,high,no,yes,- key_evidence 摘自输入文本或填 null。,high,no,complete,大部分项目采用0～4分的5级评分法，各级标准为：（0）无；（1）轻度；（2）中度；（3）重度；（4）极重度；少数项目采用0～2分的3级评分法，各级标准为：（0）无；（1）轻～中度；（2）重度。,high,no,explicit,6. 早醒（末段失眠）：0=正常，没有早醒；1=有早醒，比平时早醒1小时，但能重新入睡（应排除平时的习惯）；2=早醒后无法重新入睡。,high,no,other,14. 性症状（指性欲减退，月经紊乱等）：0=正常，没有性症状；1=轻度；2=重度；9=不能肯定，或该项对被评者不适合（不计入总分）。,high,no,explicit_window,16. 体重减轻：0=正常，没有体重减轻；1=患者诉述可能有体重减轻或一周内体重减轻超过0.5公斤；2=患者诉述肯定体重减轻或一周内体重减轻超过1公斤。,high,no,explicit,4. 入睡困难（初段失眠，采用0～2分的3级评分法。各级的标准为：（0）无；（1）轻～中度；（2）重度）：0=正常，没有入睡困难；1=主诉有入睡困难，上床半小时后仍不能入睡（要注意平时病人入睡的时间）；2=主诉每晚均有入睡困难。,high,no,moderate,,low,yes,explicit,16. 体重减轻：0=正常，没有体重减轻；1=患者诉述可能有体重减轻或一周内体重减轻超过0.5公斤；2=患者诉述肯定体重减轻或一周内体重减轻超过1公斤。,high,no,yes,14. 性症状（指性欲减退，月经紊乱等）：0=正常，没有性症状；1=轻度；2=重度；9=不能肯定，或该项对被评者不适合（不计入总分）。,high,no,strict_json_schema,- 仅输出纯 JSON 对象，不要输出任何代码块标记（如 ```json）。,high,no,yes,- 每个维度需输出 reasoning（打分的临床推断依据）和 confidence_score（0.00-1.00）。,high,no,item_score_required;sum_required,14. 性症状（指性欲减退，月经紊乱等）：0=正常，没有性症状；1=轻度；2=重度；9=不能肯定，或该项对被评者不适合（不计入总分）。,high,no,confidence_required,- 每个维度需输出 reasoning（打分的临床推断依据）和 confidence_score（0.00-1.00）。,high,no,2400,41,600,25,36,11
HAMD-17,GLM-5.2,思考,C01,PROMPT_000004,E:\数据库\代码\Data\PDCH\实验\_新结构_待启用\hamd正式使用提示词.docx,固定DOCX提示词文本；未使用任何模型表现结果。,required,- key_evidence 摘自输入文本。,high,no,yes,- key_evidence 摘自输入文本。,high,no,none,,high,no,implicit,,medium,no,infer_best_estimate,,medium,no,generic,,medium,no,absent,,high,no,moderate,,low,yes,implicit,,high,no,no,,medium,no,strict_json_schema,- 仅输出纯 JSON 对象，不要输出任何代码块标记（如 ```json）。,high,no,no,,medium,no,grade_conversion_required,"""severity_level"": ""正常 / 轻度抑郁 / 中度抑郁 / 重度抑郁"",",high,no,confidence_required;probability_required,- class_probabilities 中四个类别的概率之和为 1。,high,no,642,22,161,7,17,12
HAMD-17,GLM-5.2,思考,C02,PROMPT_000004,E:\数据库\代码\Data\PDCH\实验\_新结构_待启用\hamd正式使用提示词.docx,固定DOCX提示词文本；未使用任何模型表现结果。,required,- key_evidence 摘自输入文本。,high,no,yes,- key_evidence 摘自输入文本。,high,no,none,,high,no,implicit,,medium,no,infer_best_estimate,,medium,no,generic,,medium,no,absent,,high,no,moderate,,low,yes,implicit,,high,no,no,,medium,no,strict_json_schema,- 仅输出纯 JSON 对象，不要输出任何代码块标记（如 ```json）。,high,no,no,,medium,no,grade_conversion_required,"""severity_level"": ""正常 / 轻度抑郁 / 中度抑郁 / 重度抑郁"",",high,no,confidence_required;probability_required,- class_probabilities 中四个类别的概率之和为 1。,high,no,642,22,161,7,17,12
HAMD-17,GLM-5.2,思考,C03,PROMPT_000006,E:\数据库\代码\Data\PDCH\实验\_新结构_待启用\hamd正式使用提示词.docx,固定DOCX提示词文本；未使用任何模型表现结果。,required,- key_evidence 摘自输入文本或填 null。,high,no,yes,- key_evidence 摘自输入文本或填 null。,high,no,complete,大部分项目采用0～4分的5级评分法，各级标准为：（0）无；（1）轻度；（2）中度；（3）重度；（4）极重度；少数项目采用0～2分的3级评分法，各级标准为：（0）无；（1）轻～中度；（2）重度。,high,no,explicit,6. 早醒（末段失眠）：0=正常，没有早醒；1=有早醒，比平时早醒1小时，但能重新入睡（应排除平时的习惯）；2=早醒后无法重新入睡。,high,no,other,14. 性症状（指性欲减退，月经紊乱等）：0=正常，没有性症状；1=轻度；2=重度；9=不能肯定，或该项对被评者不适合（不计入总分）。,high,no,explicit_window,16. 体重减轻：0=正常，没有体重减轻；1=患者诉述可能有体重减轻或一周内体重减轻超过0.5公斤；2=患者诉述肯定体重减轻或一周内体重减轻超过1公斤。,high,no,explicit,4. 入睡困难（初段失眠，采用0～2分的3级评分法。各级的标准为：（0）无；（1）轻～中度；（2）重度）：0=正常，没有入睡困难；1=主诉有入睡困难，上床半小时后仍不能入睡（要注意平时病人入睡的时间）；2=主诉每晚均有入睡困难。,high,no,moderate,,low,yes,explicit,16. 体重减轻：0=正常，没有体重减轻；1=患者诉述可能有体重减轻或一周内体重减轻超过0.5公斤；2=患者诉述肯定体重减轻或一周内体重减轻超过1公斤。,high,no,yes,14. 性症状（指性欲减退，月经紊乱等）：0=正常，没有性症状；1=轻度；2=重度；9=不能肯定，或该项对被评者不适合（不计入总分）。,high,no,strict_json_schema,- 仅输出纯 JSON 对象，不要输出任何代码块标记（如 ```json）。,high,no,yes,- 每个维度需输出 reasoning（打分的临床推断依据）和 confidence_score（0.00-1.00）。,high,no,item_score_required;sum_required,14. 性症状（指性欲减退，月经紊乱等）：0=正常，没有性症状；1=轻度；2=重度；9=不能肯定，或该项对被评者不适合（不计入总分）。,high,no,confidence_required,- 每个维度需输出 reasoning（打分的临床推断依据）和 confidence_score（0.00-1.00）。,high,no,2400,41,600,25,36,11
HAMD-17,GLM-5.2,思考,C04,PROMPT_000006,E:\数据库\代码\Data\PDCH\实验\_新结构_待启用\hamd正式使用提示词.docx,固定DOCX提示词文本；未使用任何模型表现结果。,required,- key_evidence 摘自输入文本或填 null。,high,no,yes,- key_evidence 摘自输入文本或填 null。,high,no,complete,大部分项目采用0～4分的5级评分法，各级标准为：（0）无；（1）轻度；（2）中度；（3）重度；（4）极重度；少数项目采用0～2分的3级评分法，各级标准为：（0）无；（1）轻～中度；（2）重度。,high,no,explicit,6. 早醒（末段失眠）：0=正常，没有早醒；1=有早醒，比平时早醒1小时，但能重新入睡（应排除平时的习惯）；2=早醒后无法重新入睡。,high,no,other,14. 性症状（指性欲减退，月经紊乱等）：0=正常，没有性症状；1=轻度；2=重度；9=不能肯定，或该项对被评者不适合（不计入总分）。,high,no,explicit_window,16. 体重减轻：0=正常，没有体重减轻；1=患者诉述可能有体重减轻或一周内体重减轻超过0.5公斤；2=患者诉述肯定体重减轻或一周内体重减轻超过1公斤。,high,no,explicit,4. 入睡困难（初段失眠，采用0～2分的3级评分法。各级的标准为：（0）无；（1）轻～中度；（2）重度）：0=正常，没有入睡困难；1=主诉有入睡困难，上床半小时后仍不能入睡（要注意平时病人入睡的时间）；2=主诉每晚均有入睡困难。,high,no,moderate,,low,yes,explicit,16. 体重减轻：0=正常，没有体重减轻；1=患者诉述可能有体重减轻或一周内体重减轻超过0.5公斤；2=患者诉述肯定体重减轻或一周内体重减轻超过1公斤。,high,no,yes,14. 性症状（指性欲减退，月经紊乱等）：0=正常，没有性症状；1=轻度；2=重度；9=不能肯定，或该项对被评者不适合（不计入总分）。,high,no,strict_json_schema,- 仅输出纯 JSON 对象，不要输出任何代码块标记（如 ```json）。,high,no,yes,- 每个维度需输出 reasoning（打分的临床推断依据）和 confidence_score（0.00-1.00）。,high,no,item_score_required;sum_required,14. 性症状（指性欲减退，月经紊乱等）：0=正常，没有性症状；1=轻度；2=重度；9=不能肯定，或该项对被评者不适合（不计入总分）。,high,no,confidence_required,- 每个维度需输出 reasoning（打分的临床推断依据）和 confidence_score（0.00-1.00）。,high,no,2400,41,600,25,36,11
HAMD-17,GLM-5.2,思考,C05,PROMPT_000018,E:\数据库\代码\Data\PDCH\实验\_新结构_待启用\hamd正式使用提示词.docx,固定DOCX提示词文本；未使用任何模型表现结果。,required,- key_evidence 摘自输入文本。,high,no,yes,- key_evidence 摘自输入文本。,high,no,none,,high,no,implicit,,medium,no,infer_best_estimate,,medium,no,absent,,medium,no,absent,,high,no,moderate,,low,yes,implicit,,high,no,no,,medium,no,strict_json_schema,- 仅输出纯 JSON 对象，不要输出任何代码块标记（如 ```json）。,high,no,no,,medium,no,grade_conversion_required,"""severity_level"": ""正常 / 轻度抑郁 / 中度抑郁 / 重度抑郁"",",high,no,confidence_required;probability_required,- class_probabilities 中四个类别的概率之和为 1。,high,no,642,22,161,7,17,12
HAMD-17,GLM-5.2,思考,C06,PROMPT_000018,E:\数据库\代码\Data\PDCH\实验\_新结构_待启用\hamd正式使用提示词.docx,固定DOCX提示词文本；未使用任何模型表现结果。,required,- key_evidence 摘自输入文本。,high,no,yes,- key_evidence 摘自输入文本。,high,no,none,,high,no,implicit,,medium,no,infer_best_estimate,,medium,no,absent,,medium,no,absent,,high,no,moderate,,low,yes,implicit,,high,no,no,,medium,no,strict_json_schema,- 仅输出纯 JSON 对象，不要输出任何代码块标记（如 ```json）。,high,no,no,,medium,no,grade_conversion_required,"""severity_level"": ""正常 / 轻度抑郁 / 中度抑郁 / 重度抑郁"",",high,no,confidence_required;probability_required,- class_probabilities 中四个类别的概率之和为 1。,high,no,642,22,161,7,17,12
HAMD-17,GLM-5.2,思考,C07,PROMPT_000011,E:\数据库\代码\Data\PDCH\实验\_新结构_待启用\hamd正式使用提示词.docx,固定DOCX提示词文本；未使用任何模型表现结果。,required,- key_evidence 摘自输入文本或填 null。,high,no,yes,- key_evidence 摘自输入文本或填 null。,high,no,complete,大部分项目采用0～4分的5级评分法，各级标准为：（0）无；（1）轻度；（2）中度；（3）重度；（4）极重度；少数项目采用0～2分的3级评分法，各级标准为：（0）无；（1）轻～中度；（2）重度。,high,no,explicit,6. 早醒（末段失眠）：0=正常，没有早醒；1=有早醒，比平时早醒1小时，但能重新入睡（应排除平时的习惯）；2=早醒后无法重新入睡。,high,no,other,14. 性症状（指性欲减退，月经紊乱等）：0=正常，没有性症状；1=轻度；2=重度；9=不能肯定，或该项对被评者不适合（不计入总分）。,high,no,explicit_window,16. 体重减轻：0=正常，没有体重减轻；1=患者诉述可能有体重减轻或一周内体重减轻超过0.5公斤；2=患者诉述肯定体重减轻或一周内体重减轻超过1公斤。,high,no,explicit,4. 入睡困难（初段失眠，采用0～2分的3级评分法。各级的标准为：（0）无；（1）轻～中度；（2）重度）：0=正常，没有入睡困难；1=主诉有入睡困难，上床半小时后仍不能入睡（要注意平时病人入睡的时间）；2=主诉每晚均有入睡困难。,high,no,moderate,,low,yes,explicit,16. 体重减轻：0=正常，没有体重减轻；1=患者诉述可能有体重减轻或一周内体重减轻超过0.5公斤；2=患者诉述肯定体重减轻或一周内体重减轻超过1公斤。,high,no,yes,14. 性症状（指性欲减退，月经紊乱等）：0=正常，没有性症状；1=轻度；2=重度；9=不能肯定，或该项对被评者不适合（不计入总分）。,high,no,strict_json_schema,- 仅输出纯 JSON 对象，不要输出任何代码块标记（如 ```json）。,high,no,yes,- 每个维度需输出 reasoning（打分的临床推断依据）和 confidence_score（0.00-1.00）。,high,no,item_score_required;sum_required,14. 性症状（指性欲减退，月经紊乱等）：0=正常，没有性症状；1=轻度；2=重度；9=不能肯定，或该项对被评者不适合（不计入总分）。,high,no,confidence_required,- 每个维度需输出 reasoning（打分的临床推断依据）和 confidence_score（0.00-1.00）。,high,no,2400,41,600,25,36,11
HAMD-17,GLM-5.2,思考,C08,PROMPT_000011,E:\数据库\代码\Data\PDCH\实验\_新结构_待启用\hamd正式使用提示词.docx,固定DOCX提示词文本；未使用任何模型表现结果。,required,- key_evidence 摘自输入文本或填 null。,high,no,yes,- key_evidence 摘自输入文本或填 null。,high,no,complete,大部分项目采用0～4分的5级评分法，各级标准为：（0）无；（1）轻度；（2）中度；（3）重度；（4）极重度；少数项目采用0～2分的3级评分法，各级标准为：（0）无；（1）轻～中度；（2）重度。,high,no,explicit,6. 早醒（末段失眠）：0=正常，没有早醒；1=有早醒，比平时早醒1小时，但能重新入睡（应排除平时的习惯）；2=早醒后无法重新入睡。,high,no,other,14. 性症状（指性欲减退，月经紊乱等）：0=正常，没有性症状；1=轻度；2=重度；9=不能肯定，或该项对被评者不适合（不计入总分）。,high,no,explicit_window,16. 体重减轻：0=正常，没有体重减轻；1=患者诉述可能有体重减轻或一周内体重减轻超过0.5公斤；2=患者诉述肯定体重减轻或一周内体重减轻超过1公斤。,high,no,explicit,4. 入睡困难（初段失眠，采用0～2分的3级评分法。各级的标准为：（0）无；（1）轻～中度；（2）重度）：0=正常，没有入睡困难；1=主诉有入睡困难，上床半小时后仍不能入睡（要注意平时病人入睡的时间）；2=主诉每晚均有入睡困难。,high,no,moderate,,low,yes,explicit,16. 体重减轻：0=正常，没有体重减轻；1=患者诉述可能有体重减轻或一周内体重减轻超过0.5公斤；2=患者诉述肯定体重减轻或一周内体重减轻超过1公斤。,high,no,yes,14. 性症状（指性欲减退，月经紊乱等）：0=正常，没有性症状；1=轻度；2=重度；9=不能肯定，或该项对被评者不适合（不计入总分）。,high,no,strict_json_schema,- 仅输出纯 JSON 对象，不要输出任何代码块标记（如 ```json）。,high,no,yes,- 每个维度需输出 reasoning（打分的临床推断依据）和 confidence_score（0.00-1.00）。,high,no,item_score_required;sum_required,14. 性症状（指性欲减退，月经紊乱等）：0=正常，没有性症状；1=轻度；2=重度；9=不能肯定，或该项对被评者不适合（不计入总分）。,high,no,confidence_required,- 每个维度需输出 reasoning（打分的临床推断依据）和 confidence_score（0.00-1.00）。,high,no,2400,41,600,25,36,11
HAMD-17,GLM-5.2,思考,C09,PROMPT_000028,E:\数据库\代码\Data\PDCH\实验\_新结构_待启用\hamd正式使用提示词.docx,固定DOCX提示词文本；未使用任何模型表现结果。,required,- key_evidence 摘自输入文本。,high,no,yes,- key_evidence 摘自输入文本。,high,no,none,,high,no,implicit,,medium,no,infer_best_estimate,,medium,no,absent,,medium,no,absent,,high,no,moderate,,low,yes,implicit,,high,no,no,,medium,no,strict_json_schema,- 仅输出纯 JSON 对象，不要输出任何代码块标记（如 ```json）。,high,no,no,,medium,no,grade_conversion_required,"""severity_level"": ""正常 / 轻度抑郁 / 中度抑郁 / 重度抑郁"",",high,no,confidence_required;probability_required,- class_probabilities 中四个类别的概率之和为 1。,high,no,706,22,177,7,17,12
HAMD-17,GLM-5.2,思考,C10,PROMPT_000028,E:\数据库\代码\Data\PDCH\实验\_新结构_待启用\hamd正式使用提示词.docx,固定DOCX提示词文本；未使用任何模型表现结果。,required,- key_evidence 摘自输入文本。,high,no,yes,- key_evidence 摘自输入文本。,high,no,none,,high,no,implicit,,medium,no,infer_best_estimate,,medium,no,absent,,medium,no,absent,,high,no,moderate,,low,yes,implicit,,high,no,no,,medium,no,strict_json_schema,- 仅输出纯 JSON 对象，不要输出任何代码块标记（如 ```json）。,high,no,no,,medium,no,grade_conversion_required,"""severity_level"": ""正常 / 轻度抑郁 / 中度抑郁 / 重度抑郁"",",high,no,confidence_required;probability_required,- class_probabilities 中四个类别的概率之和为 1。,high,no,706,22,177,7,17,12
HAMD-17,GLM-5.2,思考,C11,PROMPT_000005,E:\数据库\代码\Data\PDCH\实验\_新结构_待启用\hamd正式使用提示词.docx,固定DOCX提示词文本；未使用任何模型表现结果。,required,- key_evidence 摘自输入文本或填 null。,high,no,yes,- key_evidence 摘自输入文本或填 null。,high,no,complete,大部分项目采用0～4分的5级评分法，各级标准为：（0）无；（1）轻度；（2）中度；（3）重度；（4）极重度；少数项目采用0～2分的3级评分法，各级标准为：（0）无；（1）轻～中度；（2）重度。,high,no,explicit,6. 早醒（末段失眠）：0=正常，没有早醒；1=有早醒，比平时早醒1小时，但能重新入睡（应排除平时的习惯）；2=早醒后无法重新入睡。,high,no,other,14. 性症状（指性欲减退，月经紊乱等）：0=正常，没有性症状；1=轻度；2=重度；9=不能肯定，或该项对被评者不适合（不计入总分）。,high,no,explicit_window,16. 体重减轻：0=正常，没有体重减轻；1=患者诉述可能有体重减轻或一周内体重减轻超过0.5公斤；2=患者诉述肯定体重减轻或一周内体重减轻超过1公斤。,high,no,explicit,4. 入睡困难（初段失眠，采用0～2分的3级评分法。各级的标准为：（0）无；（1）轻～中度；（2）重度）：0=正常，没有入睡困难；1=主诉有入睡困难，上床半小时后仍不能入睡（要注意平时病人入睡的时间）；2=主诉每晚均有入睡困难。,high,no,moderate,,low,yes,explicit,16. 体重减轻：0=正常，没有体重减轻；1=患者诉述可能有体重减轻或一周内体重减轻超过0.5公斤；2=患者诉述肯定体重减轻或一周内体重减轻超过1公斤。,high,no,yes,14. 性症状（指性欲减退，月经紊乱等）：0=正常，没有性症状；1=轻度；2=重度；9=不能肯定，或该项对被评者不适合（不计入总分）。,high,no,strict_json_schema,- 仅输出纯 JSON 对象，不要输出任何代码块标记（如 ```json）。,high,no,yes,- 每个维度需输出 reasoning（打分的临床推断依据）和 confidence_score（0.00-1.00）。,high,no,item_score_required;sum_required,14. 性症状（指性欲减退，月经紊乱等）：0=正常，没有性症状；1=轻度；2=重度；9=不能肯定，或该项对被评者不适合（不计入总分）。,high,no,confidence_required,- 每个维度需输出 reasoning（打分的临床推断依据）和 confidence_score（0.00-1.00）。,high,no,2464,41,616,25,36,11
HAMD-17,GLM-5.2,思考,C12,PROMPT_000005,E:\数据库\代码\Data\PDCH\实验\_新结构_待启用\hamd正式使用提示词.docx,固定DOCX提示词文本；未使用任何模型表现结果。,required,- key_evidence 摘自输入文本或填 null。,high,no,yes,- key_evidence 摘自输入文本或填 null。,high,no,complete,大部分项目采用0～4分的5级评分法，各级标准为：（0）无；（1）轻度；（2）中度；（3）重度；（4）极重度；少数项目采用0～2分的3级评分法，各级标准为：（0）无；（1）轻～中度；（2）重度。,high,no,explicit,6. 早醒（末段失眠）：0=正常，没有早醒；1=有早醒，比平时早醒1小时，但能重新入睡（应排除平时的习惯）；2=早醒后无法重新入睡。,high,no,other,14. 性症状（指性欲减退，月经紊乱等）：0=正常，没有性症状；1=轻度；2=重度；9=不能肯定，或该项对被评者不适合（不计入总分）。,high,no,explicit_window,16. 体重减轻：0=正常，没有体重减轻；1=患者诉述可能有体重减轻或一周内体重减轻超过0.5公斤；2=患者诉述肯定体重减轻或一周内体重减轻超过1公斤。,high,no,explicit,4. 入睡困难（初段失眠，采用0～2分的3级评分法。各级的标准为：（0）无；（1）轻～中度；（2）重度）：0=正常，没有入睡困难；1=主诉有入睡困难，上床半小时后仍不能入睡（要注意平时病人入睡的时间）；2=主诉每晚均有入睡困难。,high,no,moderate,,low,yes,explicit,16. 体重减轻：0=正常，没有体重减轻；1=患者诉述可能有体重减轻或一周内体重减轻超过0.5公斤；2=患者诉述肯定体重减轻或一周内体重减轻超过1公斤。,high,no,yes,14. 性症状（指性欲减退，月经紊乱等）：0=正常，没有性症状；1=轻度；2=重度；9=不能肯定，或该项对被评者不适合（不计入总分）。,high,no,strict_json_schema,- 仅输出纯 JSON 对象，不要输出任何代码块标记（如 ```json）。,high,no,yes,- 每个维度需输出 reasoning（打分的临床推断依据）和 confidence_score（0.00-1.00）。,high,no,item_score_required;sum_required,14. 性症状（指性欲减退，月经紊乱等）：0=正常，没有性症状；1=轻度；2=重度；9=不能肯定，或该项对被评者不适合（不计入总分）。,high,no,confidence_required,- 每个维度需输出 reasoning（打分的临床推断依据）和 confidence_score（0.00-1.00）。,high,no,2464,41,616,25,36,11
HAMD-17,GLM-5.2,思考,C13,PROMPT_000018,E:\数据库\代码\Data\PDCH\实验\_新结构_待启用\hamd正式使用提示词.docx,固定DOCX提示词文本；未使用任何模型表现结果。,required,- key_evidence 摘自输入文本。,high,no,yes,- key_evidence 摘自输入文本。,high,no,none,,high,no,implicit,,medium,no,infer_best_estimate,,medium,no,absent,,medium,no,absent,,high,no,moderate,,low,yes,implicit,,high,no,no,,medium,no,strict_json_schema,- 仅输出纯 JSON 对象，不要输出任何代码块标记（如 ```json）。,high,no,no,,medium,no,grade_conversion_required,"""severity_level"": ""正常 / 轻度抑郁 / 中度抑郁 / 重度抑郁"",",high,no,confidence_required;probability_required,- class_probabilities 中四个类别的概率之和为 1。,high,no,642,22,161,7,17,12
HAMD-17,GLM-5.2,思考,C14,PROMPT_000018,E:\数据库\代码\Data\PDCH\实验\_新结构_待启用\hamd正式使用提示词.docx,固定DOCX提示词文本；未使用任何模型表现结果。,required,- key_evidence 摘自输入文本。,high,no,yes,- key_evidence 摘自输入文本。,high,no,none,,high,no,implicit,,medium,no,infer_best_estimate,,medium,no,absent,,medium,no,absent,,high,no,moderate,,low,yes,implicit,,high,no,no,,medium,no,strict_json_schema,- 仅输出纯 JSON 对象，不要输出任何代码块标记（如 ```json）。,high,no,no,,medium,no,grade_conversion_required,"""severity_level"": ""正常 / 轻度抑郁 / 中度抑郁 / 重度抑郁"",",high,no,confidence_required;probability_required,- class_probabilities 中四个类别的概率之和为 1。,high,no,642,22,161,7,17,12
HAMD-17,GLM-5.2,思考,C15,PROMPT_000011,E:\数据库\代码\Data\PDCH\实验\_新结构_待启用\hamd正式使用提示词.docx,固定DOCX提示词文本；未使用任何模型表现结果。,required,- key_evidence 摘自输入文本或填 null。,high,no,yes,- key_evidence 摘自输入文本或填 null。,high,no,complete,大部分项目采用0～4分的5级评分法，各级标准为：（0）无；（1）轻度；（2）中度；（3）重度；（4）极重度；少数项目采用0～2分的3级评分法，各级标准为：（0）无；（1）轻～中度；（2）重度。,high,no,explicit,6. 早醒（末段失眠）：0=正常，没有早醒；1=有早醒，比平时早醒1小时，但能重新入睡（应排除平时的习惯）；2=早醒后无法重新入睡。,high,no,other,14. 性症状（指性欲减退，月经紊乱等）：0=正常，没有性症状；1=轻度；2=重度；9=不能肯定，或该项对被评者不适合（不计入总分）。,high,no,explicit_window,16. 体重减轻：0=正常，没有体重减轻；1=患者诉述可能有体重减轻或一周内体重减轻超过0.5公斤；2=患者诉述肯定体重减轻或一周内体重减轻超过1公斤。,high,no,explicit,4. 入睡困难（初段失眠，采用0～2分的3级评分法。各级的标准为：（0）无；（1）轻～中度；（2）重度）：0=正常，没有入睡困难；1=主诉有入睡困难，上床半小时后仍不能入睡（要注意平时病人入睡的时间）；2=主诉每晚均有入睡困难。,high,no,moderate,,low,yes,explicit,16. 体重减轻：0=正常，没有体重减轻；1=患者诉述可能有体重减轻或一周内体重减轻超过0.5公斤；2=患者诉述肯定体重减轻或一周内体重减轻超过1公斤。,high,no,yes,14. 性症状（指性欲减退，月经紊乱等）：0=正常，没有性症状；1=轻度；2=重度；9=不能肯定，或该项对被评者不适合（不计入总分）。,high,no,strict_json_schema,- 仅输出纯 JSON 对象，不要输出任何代码块标记（如 ```json）。,high,no,yes,- 每个维度需输出 reasoning（打分的临床推断依据）和 confidence_score（0.00-1.00）。,high,no,item_score_required;sum_required,14. 性症状（指性欲减退，月经紊乱等）：0=正常，没有性症状；1=轻度；2=重度；9=不能肯定，或该项对被评者不适合（不计入总分）。,high,no,confidence_required,- 每个维度需输出 reasoning（打分的临床推断依据）和 confidence_score（0.00-1.00）。,high,no,2400,41,600,25,36,11
HAMD-17,GLM-5.2,思考,C16,PROMPT_000011,E:\数据库\代码\Data\PDCH\实验\_新结构_待启用\hamd正式使用提示词.docx,固定DOCX提示词文本；未使用任何模型表现结果。,required,- key_evidence 摘自输入文本或填 null。,high,no,yes,- key_evidence 摘自输入文本或填 null。,high,no,complete,大部分项目采用0～4分的5级评分法，各级标准为：（0）无；（1）轻度；（2）中度；（3）重度；（4）极重度；少数项目采用0～2分的3级评分法，各级标准为：（0）无；（1）轻～中度；（2）重度。,high,no,explicit,6. 早醒（末段失眠）：0=正常，没有早醒；1=有早醒，比平时早醒1小时，但能重新入睡（应排除平时的习惯）；2=早醒后无法重新入睡。,high,no,other,14. 性症状（指性欲减退，月经紊乱等）：0=正常，没有性症状；1=轻度；2=重度；9=不能肯定，或该项对被评者不适合（不计入总分）。,high,no,explicit_window,16. 体重减轻：0=正常，没有体重减轻；1=患者诉述可能有体重减轻或一周内体重减轻超过0.5公斤；2=患者诉述肯定体重减轻或一周内体重减轻超过1公斤。,high,no,explicit,4. 入睡困难（初段失眠，采用0～2分的3级评分法。各级的标准为：（0）无；（1）轻～中度；（2）重度）：0=正常，没有入睡困难；1=主诉有入睡困难，上床半小时后仍不能入睡（要注意平时病人入睡的时间）；2=主诉每晚均有入睡困难。,high,no,moderate,,low,yes,explicit,16. 体重减轻：0=正常，没有体重减轻；1=患者诉述可能有体重减轻或一周内体重减轻超过0.5公斤；2=患者诉述肯定体重减轻或一周内体重减轻超过1公斤。,high,no,yes,14. 性症状（指性欲减退，月经紊乱等）：0=正常，没有性症状；1=轻度；2=重度；9=不能肯定，或该项对被评者不适合（不计入总分）。,high,no,strict_json_schema,- 仅输出纯 JSON 对象，不要输出任何代码块标记（如 ```json）。,high,no,yes,- 每个维度需输出 reasoning（打分的临床推断依据）和 confidence_score（0.00-1.00）。,high,no,item_score_required;sum_required,14. 性症状（指性欲减退，月经紊乱等）：0=正常，没有性症状；1=轻度；2=重度；9=不能肯定，或该项对被评者不适合（不计入总分）。,high,no,confidence_required,- 每个维度需输出 reasoning（打分的临床推断依据）和 confidence_score（0.00-1.00）。,high,no,2400,41,600,25,36,11
HAMD-17,GLM-5.2,思考,C17,PROMPT_000013,E:\数据库\代码\Data\PDCH\实验\_新结构_待启用\hamd正式使用提示词.docx,固定DOCX提示词文本；未使用任何模型表现结果。,required,基于当前片段中的有限临床线索，估计来访者整体抑郁严重程度等级，并输出关键证据、类别概率、判断理由和置信度。,high,no,yes,基于当前片段中的有限临床线索，估计来访者整体抑郁严重程度等级，并输出关键证据、类别概率、判断理由和置信度。,high,no,none,,high,no,implicit,,medium,no,infer_best_estimate,基于当前片段中的有限临床线索，估计来访者整体抑郁严重程度等级，并输出关键证据、类别概率、判断理由和置信度。,high,no,generic,基于当前片段中的有限临床线索，估计来访者整体抑郁严重程度等级，并输出关键证据、类别概率、判断理由和置信度。,high,no,absent,,high,no,conservative,基于当前片段中的有限临床线索，估计来访者整体抑郁严重程度等级，并输出关键证据、类别概率、判断理由和置信度。,high,no,implicit,,high,no,no,,medium,no,strict_json_schema,- 仅输出纯 JSON 对象，不要输出任何代码块标记（如 ```json）。,high,no,no,,medium,no,grade_conversion_required,"""severity_level"": ""正常 / 轻度抑郁 / 中度抑郁 / 重度抑郁"",",high,no,confidence_required;probability_required,基于当前片段中的有限临床线索，估计来访者整体抑郁严重程度等级，并输出关键证据、类别概率、判断理由和置信度。,high,no,653,22,164,7,17,12
HAMD-17,GLM-5.2,思考,C18,PROMPT_000013,E:\数据库\代码\Data\PDCH\实验\_新结构_待启用\hamd正式使用提示词.docx,固定DOCX提示词文本；未使用任何模型表现结果。,required,基于当前片段中的有限临床线索，估计来访者整体抑郁严重程度等级，并输出关键证据、类别概率、判断理由和置信度。,high,no,yes,基于当前片段中的有限临床线索，估计来访者整体抑郁严重程度等级，并输出关键证据、类别概率、判断理由和置信度。,high,no,none,,high,no,implicit,,medium,no,infer_best_estimate,基于当前片段中的有限临床线索，估计来访者整体抑郁严重程度等级，并输出关键证据、类别概率、判断理由和置信度。,high,no,generic,基于当前片段中的有限临床线索，估计来访者整体抑郁严重程度等级，并输出关键证据、类别概率、判断理由和置信度。,high,no,absent,,high,no,conservative,基于当前片段中的有限临床线索，估计来访者整体抑郁严重程度等级，并输出关键证据、类别概率、判断理由和置信度。,high,no,implicit,,high,no,no,,medium,no,strict_json_schema,- 仅输出纯 JSON 对象，不要输出任何代码块标记（如 ```json）。,high,no,no,,medium,no,grade_conversion_required,"""severity_level"": ""正常 / 轻度抑郁 / 中度抑郁 / 重度抑郁"",",high,no,confidence_required;probability_required,基于当前片段中的有限临床线索，估计来访者整体抑郁严重程度等级，并输出关键证据、类别概率、判断理由和置信度。,high,no,653,22,164,7,17,12
HAMD-17,GLM-5.2,思考,C19,PROMPT_000007,E:\数据库\代码\Data\PDCH\实验\_新结构_待启用\hamd正式使用提示词.docx,固定DOCX提示词文本；未使用任何模型表现结果。,required,- key_evidence 摘自输入文本。,high,no,yes,- key_evidence 摘自输入文本。,high,no,complete,大部分项目采用0～4分的5级评分法，各级标准为：（0）无；（1）轻度；（2）中度；（3）重度；（4）极重度；少数项目采用0～2分的3级评分法，各级标准为：（0）无；（1）轻～中度；（2）重度。,high,no,explicit,6. 早醒（末段失眠）：0=正常，没有早醒；1=有早醒，比平时早醒1小时，但能重新入睡（应排除平时的习惯）；2=早醒后无法重新入睡。,high,no,other,14. 性症状（指性欲减退，月经紊乱等）：0=正常，没有性症状；1=轻度；2=重度；9=不能肯定，或该项对被评者不适合（不计入总分）。,high,no,explicit_window,16. 体重减轻：0=正常，没有体重减轻；1=患者诉述可能有体重减轻或一周内体重减轻超过0.5公斤；2=患者诉述肯定体重减轻或一周内体重减轻超过1公斤。,high,no,explicit,4. 入睡困难（初段失眠，采用0～2分的3级评分法。各级的标准为：（0）无；（1）轻～中度；（2）重度）：0=正常，没有入睡困难；1=主诉有入睡困难，上床半小时后仍不能入睡（要注意平时病人入睡的时间）；2=主诉每晚均有入睡困难。,high,no,conservative,2. 结合当前片段中的症状线索和严重程度，在有限证据条件下估计来访者整体 HAMD-17 抑郁总分。,high,no,explicit,16. 体重减轻：0=正常，没有体重减轻；1=患者诉述可能有体重减轻或一周内体重减轻超过0.5公斤；2=患者诉述肯定体重减轻或一周内体重减轻超过1公斤。,high,no,yes,14. 性症状（指性欲减退，月经紊乱等）：0=正常，没有性症状；1=轻度；2=重度；9=不能肯定，或该项对被评者不适合（不计入总分）。,high,no,strict_json_schema,- 仅输出纯 JSON 对象，不要输出任何代码块标记（如 ```json）。,high,no,no,,medium,no,sum_required,14. 性症状（指性欲减退，月经紊乱等）：0=正常，没有性症状；1=轻度；2=重度；9=不能肯定，或该项对被评者不适合（不计入总分）。,high,no,confidence_required,基于当前事件片段中的有限临床线索，估计该来访者整体 HAMD-17 抑郁总分，并输出证据、理由和置信度。,high,no,2188,41,547,24,36,11
HAMD-17,GLM-5.2,思考,C20,PROMPT_000007,E:\数据库\代码\Data\PDCH\实验\_新结构_待启用\hamd正式使用提示词.docx,固定DOCX提示词文本；未使用任何模型表现结果。,required,- key_evidence 摘自输入文本。,high,no,yes,- key_evidence 摘自输入文本。,high,no,complete,大部分项目采用0～4分的5级评分法，各级标准为：（0）无；（1）轻度；（2）中度；（3）重度；（4）极重度；少数项目采用0～2分的3级评分法，各级标准为：（0）无；（1）轻～中度；（2）重度。,high,no,explicit,6. 早醒（末段失眠）：0=正常，没有早醒；1=有早醒，比平时早醒1小时，但能重新入睡（应排除平时的习惯）；2=早醒后无法重新入睡。,high,no,other,14. 性症状（指性欲减退，月经紊乱等）：0=正常，没有性症状；1=轻度；2=重度；9=不能肯定，或该项对被评者不适合（不计入总分）。,high,no,explicit_window,16. 体重减轻：0=正常，没有体重减轻；1=患者诉述可能有体重减轻或一周内体重减轻超过0.5公斤；2=患者诉述肯定体重减轻或一周内体重减轻超过1公斤。,high,no,explicit,4. 入睡困难（初段失眠，采用0～2分的3级评分法。各级的标准为：（0）无；（1）轻～中度；（2）重度）：0=正常，没有入睡困难；1=主诉有入睡困难，上床半小时后仍不能入睡（要注意平时病人入睡的时间）；2=主诉每晚均有入睡困难。,high,no,conservative,2. 结合当前片段中的症状线索和严重程度，在有限证据条件下估计来访者整体 HAMD-17 抑郁总分。,high,no,explicit,16. 体重减轻：0=正常，没有体重减轻；1=患者诉述可能有体重减轻或一周内体重减轻超过0.5公斤；2=患者诉述肯定体重减轻或一周内体重减轻超过1公斤。,high,no,yes,14. 性症状（指性欲减退，月经紊乱等）：0=正常，没有性症状；1=轻度；2=重度；9=不能肯定，或该项对被评者不适合（不计入总分）。,high,no,strict_json_schema,- 仅输出纯 JSON 对象，不要输出任何代码块标记（如 ```json）。,high,no,no,,medium,no,sum_required,14. 性症状（指性欲减退，月经紊乱等）：0=正常，没有性症状；1=轻度；2=重度；9=不能肯定，或该项对被评者不适合（不计入总分）。,high,no,confidence_required,基于当前事件片段中的有限临床线索，估计该来访者整体 HAMD-17 抑郁总分，并输出证据、理由和置信度。,high,no,2188,41,547,24,36,11
HAMD-17,GLM-5.2,思考,C21,PROMPT_000017,E:\数据库\代码\Data\PDCH\实验\_新结构_待启用\hamd正式使用提示词.docx,固定DOCX提示词文本；未使用任何模型表现结果。,required,基于当前片段中的有限临床线索，估计来访者整体抑郁严重程度等级，并输出关键证据、类别概率、判断理由和置信度。,high,no,yes,基于当前片段中的有限临床线索，估计来访者整体抑郁严重程度等级，并输出关键证据、类别概率、判断理由和置信度。,high,no,none,,high,no,implicit,,medium,no,infer_best_estimate,基于当前片段中的有限临床线索，估计来访者整体抑郁严重程度等级，并输出关键证据、类别概率、判断理由和置信度。,high,no,generic,基于当前片段中的有限临床线索，估计来访者整体抑郁严重程度等级，并输出关键证据、类别概率、判断理由和置信度。,high,no,absent,,high,no,conservative,基于当前片段中的有限临床线索，估计来访者整体抑郁严重程度等级，并输出关键证据、类别概率、判断理由和置信度。,high,no,implicit,,high,no,no,,medium,no,strict_json_schema,- 仅输出纯 JSON 对象，不要输出任何代码块标记（如 ```json）。,high,no,no,,medium,no,grade_conversion_required,"""severity_level"": ""正常 / 轻度抑郁 / 中度抑郁 / 重度抑郁"",",high,no,confidence_required;probability_required,基于当前片段中的有限临床线索，估计来访者整体抑郁严重程度等级，并输出关键证据、类别概率、判断理由和置信度。,high,no,653,22,164,7,17,12
HAMD-17,GLM-5.2,思考,C22,PROMPT_000017,E:\数据库\代码\Data\PDCH\实验\_新结构_待启用\hamd正式使用提示词.docx,固定DOCX提示词文本；未使用任何模型表现结果。,required,基于当前片段中的有限临床线索，估计来访者整体抑郁严重程度等级，并输出关键证据、类别概率、判断理由和置信度。,high,no,yes,基于当前片段中的有限临床线索，估计来访者整体抑郁严重程度等级，并输出关键证据、类别概率、判断理由和置信度。,high,no,none,,high,no,implicit,,medium,no,infer_best_estimate,基于当前片段中的有限临床线索，估计来访者整体抑郁严重程度等级，并输出关键证据、类别概率、判断理由和置信度。,high,no,generic,基于当前片段中的有限临床线索，估计来访者整体抑郁严重程度等级，并输出关键证据、类别概率、判断理由和置信度。,high,no,absent,,high,no,conservative,基于当前片段中的有限临床线索，估计来访者整体抑郁严重程度等级，并输出关键证据、类别概率、判断理由和置信度。,high,no,implicit,,high,no,no,,medium,no,strict_json_schema,- 仅输出纯 JSON 对象，不要输出任何代码块标记（如 ```json）。,high,no,no,,medium,no,grade_conversion_required,"""severity_level"": ""正常 / 轻度抑郁 / 中度抑郁 / 重度抑郁"",",high,no,confidence_required;probability_required,基于当前片段中的有限临床线索，估计来访者整体抑郁严重程度等级，并输出关键证据、类别概率、判断理由和置信度。,high,no,653,22,164,7,17,12
HAMD-17,GLM-5.2,思考,C23,PROMPT_000020,E:\数据库\代码\Data\PDCH\实验\_新结构_待启用\hamd正式使用提示词.docx,固定DOCX提示词文本；未使用任何模型表现结果。,required,- key_evidence 摘自输入文本。,high,no,yes,- key_evidence 摘自输入文本。,high,no,complete,大部分项目采用0～4分的5级评分法，各级标准为：（0）无；（1）轻度；（2）中度；（3）重度；（4）极重度；少数项目采用0～2分的3级评分法，各级标准为：（0）无；（1）轻～中度；（2）重度。,high,no,explicit,6. 早醒（末段失眠）：0=正常，没有早醒；1=有早醒，比平时早醒1小时，但能重新入睡（应排除平时的习惯）；2=早醒后无法重新入睡。,high,no,other,14. 性症状（指性欲减退，月经紊乱等）：0=正常，没有性症状；1=轻度；2=重度；9=不能肯定，或该项对被评者不适合（不计入总分）。,high,no,explicit_window,16. 体重减轻：0=正常，没有体重减轻；1=患者诉述可能有体重减轻或一周内体重减轻超过0.5公斤；2=患者诉述肯定体重减轻或一周内体重减轻超过1公斤。,high,no,explicit,4. 入睡困难（初段失眠，采用0～2分的3级评分法。各级的标准为：（0）无；（1）轻～中度；（2）重度）：0=正常，没有入睡困难；1=主诉有入睡困难，上床半小时后仍不能入睡（要注意平时病人入睡的时间）；2=主诉每晚均有入睡困难。,high,no,conservative,2. 结合当前片段中的症状线索和严重程度，在有限证据条件下估计来访者整体 HAMD-17 抑郁总分。,high,no,explicit,16. 体重减轻：0=正常，没有体重减轻；1=患者诉述可能有体重减轻或一周内体重减轻超过0.5公斤；2=患者诉述肯定体重减轻或一周内体重减轻超过1公斤。,high,no,yes,14. 性症状（指性欲减退，月经紊乱等）：0=正常，没有性症状；1=轻度；2=重度；9=不能肯定，或该项对被评者不适合（不计入总分）。,high,no,strict_json_schema,- 仅输出纯 JSON 对象，不要输出任何代码块标记（如 ```json）。,high,no,no,,medium,no,sum_required,14. 性症状（指性欲减退，月经紊乱等）：0=正常，没有性症状；1=轻度；2=重度；9=不能肯定，或该项对被评者不适合（不计入总分）。,high,no,confidence_required,基于当前事件片段中的有限临床线索，估计该来访者整体 HAMD-17 抑郁总分，并输出证据、理由和置信度。,high,no,2188,41,547,24,36,11
HAMD-17,GLM-5.2,思考,C24,PROMPT_000020,E:\数据库\代码\Data\PDCH\实验\_新结构_待启用\hamd正式使用提示词.docx,固定DOCX提示词文本；未使用任何模型表现结果。,required,- key_evidence 摘自输入文本。,high,no,yes,- key_evidence 摘自输入文本。,high,no,complete,大部分项目采用0～4分的5级评分法，各级标准为：（0）无；（1）轻度；（2）中度；（3）重度；（4）极重度；少数项目采用0～2分的3级评分法，各级标准为：（0）无；（1）轻～中度；（2）重度。,high,no,explicit,6. 早醒（末段失眠）：0=正常，没有早醒；1=有早醒，比平时早醒1小时，但能重新入睡（应排除平时的习惯）；2=早醒后无法重新入睡。,high,no,other,14. 性症状（指性欲减退，月经紊乱等）：0=正常，没有性症状；1=轻度；2=重度；9=不能肯定，或该项对被评者不适合（不计入总分）。,high,no,explicit_window,16. 体重减轻：0=正常，没有体重减轻；1=患者诉述可能有体重减轻或一周内体重减轻超过0.5公斤；2=患者诉述肯定体重减轻或一周内体重减轻超过1公斤。,high,no,explicit,4. 入睡困难（初段失眠，采用0～2分的3级评分法。各级的标准为：（0）无；（1）轻～中度；（2）重度）：0=正常，没有入睡困难；1=主诉有入睡困难，上床半小时后仍不能入睡（要注意平时病人入睡的时间）；2=主诉每晚均有入睡困难。,high,no,conservative,2. 结合当前片段中的症状线索和严重程度，在有限证据条件下估计来访者整体 HAMD-17 抑郁总分。,high,no,explicit,16. 体重减轻：0=正常，没有体重减轻；1=患者诉述可能有体重减轻或一周内体重减轻超过0.5公斤；2=患者诉述肯定体重减轻或一周内体重减轻超过1公斤。,high,no,yes,14. 性症状（指性欲减退，月经紊乱等）：0=正常，没有性症状；1=轻度；2=重度；9=不能肯定，或该项对被评者不适合（不计入总分）。,high,no,strict_json_schema,- 仅输出纯 JSON 对象，不要输出任何代码块标记（如 ```json）。,high,no,no,,medium,no,sum_required,14. 性症状（指性欲减退，月经紊乱等）：0=正常，没有性症状；1=轻度；2=重度；9=不能肯定，或该项对被评者不适合（不计入总分）。,high,no,confidence_required,基于当前事件片段中的有限临床线索，估计该来访者整体 HAMD-17 抑郁总分，并输出证据、理由和置信度。,high,no,2188,41,547,24,36,11
HAMD-17,Kimi-K2.6,不思考,C01,PROMPT_000004,E:\数据库\代码\Data\PDCH\实验\_新结构_待启用\hamd正式使用提示词.docx,固定DOCX提示词文本；未使用任何模型表现结果。,required,- key_evidence 摘自输入文本。,high,no,yes,- key_evidence 摘自输入文本。,high,no,none,,high,no,implicit,,medium,no,infer_best_estimate,,medium,no,generic,,medium,no,absent,,high,no,moderate,,low,yes,implicit,,high,no,no,,medium,no,strict_json_schema,- 仅输出纯 JSON 对象，不要输出任何代码块标记（如 ```json）。,high,no,no,,medium,no,grade_conversion_required,"""severity_level"": ""正常 / 轻度抑郁 / 中度抑郁 / 重度抑郁"",",high,no,confidence_required;probability_required,- class_probabilities 中四个类别的概率之和为 1。,high,no,642,22,161,7,17,12
HAMD-17,Kimi-K2.6,不思考,C02,PROMPT_000004,E:\数据库\代码\Data\PDCH\实验\_新结构_待启用\hamd正式使用提示词.docx,固定DOCX提示词文本；未使用任何模型表现结果。,required,- key_evidence 摘自输入文本。,high,no,yes,- key_evidence 摘自输入文本。,high,no,none,,high,no,implicit,,medium,no,infer_best_estimate,,medium,no,generic,,medium,no,absent,,high,no,moderate,,low,yes,implicit,,high,no,no,,medium,no,strict_json_schema,- 仅输出纯 JSON 对象，不要输出任何代码块标记（如 ```json）。,high,no,no,,medium,no,grade_conversion_required,"""severity_level"": ""正常 / 轻度抑郁 / 中度抑郁 / 重度抑郁"",",high,no,confidence_required;probability_required,- class_probabilities 中四个类别的概率之和为 1。,high,no,642,22,161,7,17,12
HAMD-17,Kimi-K2.6,不思考,C03,PROMPT_000006,E:\数据库\代码\Data\PDCH\实验\_新结构_待启用\hamd正式使用提示词.docx,固定DOCX提示词文本；未使用任何模型表现结果。,required,- key_evidence 摘自输入文本或填 null。,high,no,yes,- key_evidence 摘自输入文本或填 null。,high,no,complete,大部分项目采用0～4分的5级评分法，各级标准为：（0）无；（1）轻度；（2）中度；（3）重度；（4）极重度；少数项目采用0～2分的3级评分法，各级标准为：（0）无；（1）轻～中度；（2）重度。,high,no,explicit,6. 早醒（末段失眠）：0=正常，没有早醒；1=有早醒，比平时早醒1小时，但能重新入睡（应排除平时的习惯）；2=早醒后无法重新入睡。,high,no,other,14. 性症状（指性欲减退，月经紊乱等）：0=正常，没有性症状；1=轻度；2=重度；9=不能肯定，或该项对被评者不适合（不计入总分）。,high,no,explicit_window,16. 体重减轻：0=正常，没有体重减轻；1=患者诉述可能有体重减轻或一周内体重减轻超过0.5公斤；2=患者诉述肯定体重减轻或一周内体重减轻超过1公斤。,high,no,explicit,4. 入睡困难（初段失眠，采用0～2分的3级评分法。各级的标准为：（0）无；（1）轻～中度；（2）重度）：0=正常，没有入睡困难；1=主诉有入睡困难，上床半小时后仍不能入睡（要注意平时病人入睡的时间）；2=主诉每晚均有入睡困难。,high,no,moderate,,low,yes,explicit,16. 体重减轻：0=正常，没有体重减轻；1=患者诉述可能有体重减轻或一周内体重减轻超过0.5公斤；2=患者诉述肯定体重减轻或一周内体重减轻超过1公斤。,high,no,yes,14. 性症状（指性欲减退，月经紊乱等）：0=正常，没有性症状；1=轻度；2=重度；9=不能肯定，或该项对被评者不适合（不计入总分）。,high,no,strict_json_schema,- 仅输出纯 JSON 对象，不要输出任何代码块标记（如 ```json）。,high,no,yes,- 每个维度需输出 reasoning（打分的临床推断依据）和 confidence_score（0.00-1.00）。,high,no,item_score_required;sum_required,14. 性症状（指性欲减退，月经紊乱等）：0=正常，没有性症状；1=轻度；2=重度；9=不能肯定，或该项对被评者不适合（不计入总分）。,high,no,confidence_required,- 每个维度需输出 reasoning（打分的临床推断依据）和 confidence_score（0.00-1.00）。,high,no,2400,41,600,25,36,11
HAMD-17,Kimi-K2.6,不思考,C04,PROMPT_000006,E:\数据库\代码\Data\PDCH\实验\_新结构_待启用\hamd正式使用提示词.docx,固定DOCX提示词文本；未使用任何模型表现结果。,required,- key_evidence 摘自输入文本或填 null。,high,no,yes,- key_evidence 摘自输入文本或填 null。,high,no,complete,大部分项目采用0～4分的5级评分法，各级标准为：（0）无；（1）轻度；（2）中度；（3）重度；（4）极重度；少数项目采用0～2分的3级评分法，各级标准为：（0）无；（1）轻～中度；（2）重度。,high,no,explicit,6. 早醒（末段失眠）：0=正常，没有早醒；1=有早醒，比平时早醒1小时，但能重新入睡（应排除平时的习惯）；2=早醒后无法重新入睡。,high,no,other,14. 性症状（指性欲减退，月经紊乱等）：0=正常，没有性症状；1=轻度；2=重度；9=不能肯定，或该项对被评者不适合（不计入总分）。,high,no,explicit_window,16. 体重减轻：0=正常，没有体重减轻；1=患者诉述可能有体重减轻或一周内体重减轻超过0.5公斤；2=患者诉述肯定体重减轻或一周内体重减轻超过1公斤。,high,no,explicit,4. 入睡困难（初段失眠，采用0～2分的3级评分法。各级的标准为：（0）无；（1）轻～中度；（2）重度）：0=正常，没有入睡困难；1=主诉有入睡困难，上床半小时后仍不能入睡（要注意平时病人入睡的时间）；2=主诉每晚均有入睡困难。,high,no,moderate,,low,yes,explicit,16. 体重减轻：0=正常，没有体重减轻；1=患者诉述可能有体重减轻或一周内体重减轻超过0.5公斤；2=患者诉述肯定体重减轻或一周内体重减轻超过1公斤。,high,no,yes,14. 性症状（指性欲减退，月经紊乱等）：0=正常，没有性症状；1=轻度；2=重度；9=不能肯定，或该项对被评者不适合（不计入总分）。,high,no,strict_json_schema,- 仅输出纯 JSON 对象，不要输出任何代码块标记（如 ```json）。,high,no,yes,- 每个维度需输出 reasoning（打分的临床推断依据）和 confidence_score（0.00-1.00）。,high,no,item_score_required;sum_required,14. 性症状（指性欲减退，月经紊乱等）：0=正常，没有性症状；1=轻度；2=重度；9=不能肯定，或该项对被评者不适合（不计入总分）。,high,no,confidence_required,- 每个维度需输出 reasoning（打分的临床推断依据）和 confidence_score（0.00-1.00）。,high,no,2400,41,600,25,36,11
HAMD-17,Kimi-K2.6,不思考,C05,PROMPT_000018,E:\数据库\代码\Data\PDCH\实验\_新结构_待启用\hamd正式使用提示词.docx,固定DOCX提示词文本；未使用任何模型表现结果。,required,- key_evidence 摘自输入文本。,high,no,yes,- key_evidence 摘自输入文本。,high,no,none,,high,no,implicit,,medium,no,infer_best_estimate,,medium,no,absent,,medium,no,absent,,high,no,moderate,,low,yes,implicit,,high,no,no,,medium,no,strict_json_schema,- 仅输出纯 JSON 对象，不要输出任何代码块标记（如 ```json）。,high,no,no,,medium,no,grade_conversion_required,"""severity_level"": ""正常 / 轻度抑郁 / 中度抑郁 / 重度抑郁"",",high,no,confidence_required;probability_required,- class_probabilities 中四个类别的概率之和为 1。,high,no,642,22,161,7,17,12
HAMD-17,Kimi-K2.6,不思考,C06,PROMPT_000018,E:\数据库\代码\Data\PDCH\实验\_新结构_待启用\hamd正式使用提示词.docx,固定DOCX提示词文本；未使用任何模型表现结果。,required,- key_evidence 摘自输入文本。,high,no,yes,- key_evidence 摘自输入文本。,high,no,none,,high,no,implicit,,medium,no,infer_best_estimate,,medium,no,absent,,medium,no,absent,,high,no,moderate,,low,yes,implicit,,high,no,no,,medium,no,strict_json_schema,- 仅输出纯 JSON 对象，不要输出任何代码块标记（如 ```json）。,high,no,no,,medium,no,grade_conversion_required,"""severity_level"": ""正常 / 轻度抑郁 / 中度抑郁 / 重度抑郁"",",high,no,confidence_required;probability_required,- class_probabilities 中四个类别的概率之和为 1。,high,no,642,22,161,7,17,12
HAMD-17,Kimi-K2.6,不思考,C07,PROMPT_000011,E:\数据库\代码\Data\PDCH\实验\_新结构_待启用\hamd正式使用提示词.docx,固定DOCX提示词文本；未使用任何模型表现结果。,required,- key_evidence 摘自输入文本或填 null。,high,no,yes,- key_evidence 摘自输入文本或填 null。,high,no,complete,大部分项目采用0～4分的5级评分法，各级标准为：（0）无；（1）轻度；（2）中度；（3）重度；（4）极重度；少数项目采用0～2分的3级评分法，各级标准为：（0）无；（1）轻～中度；（2）重度。,high,no,explicit,6. 早醒（末段失眠）：0=正常，没有早醒；1=有早醒，比平时早醒1小时，但能重新入睡（应排除平时的习惯）；2=早醒后无法重新入睡。,high,no,other,14. 性症状（指性欲减退，月经紊乱等）：0=正常，没有性症状；1=轻度；2=重度；9=不能肯定，或该项对被评者不适合（不计入总分）。,high,no,explicit_window,16. 体重减轻：0=正常，没有体重减轻；1=患者诉述可能有体重减轻或一周内体重减轻超过0.5公斤；2=患者诉述肯定体重减轻或一周内体重减轻超过1公斤。,high,no,explicit,4. 入睡困难（初段失眠，采用0～2分的3级评分法。各级的标准为：（0）无；（1）轻～中度；（2）重度）：0=正常，没有入睡困难；1=主诉有入睡困难，上床半小时后仍不能入睡（要注意平时病人入睡的时间）；2=主诉每晚均有入睡困难。,high,no,moderate,,low,yes,explicit,16. 体重减轻：0=正常，没有体重减轻；1=患者诉述可能有体重减轻或一周内体重减轻超过0.5公斤；2=患者诉述肯定体重减轻或一周内体重减轻超过1公斤。,high,no,yes,14. 性症状（指性欲减退，月经紊乱等）：0=正常，没有性症状；1=轻度；2=重度；9=不能肯定，或该项对被评者不适合（不计入总分）。,high,no,strict_json_schema,- 仅输出纯 JSON 对象，不要输出任何代码块标记（如 ```json）。,high,no,yes,- 每个维度需输出 reasoning（打分的临床推断依据）和 confidence_score（0.00-1.00）。,high,no,item_score_required;sum_required,14. 性症状（指性欲减退，月经紊乱等）：0=正常，没有性症状；1=轻度；2=重度；9=不能肯定，或该项对被评者不适合（不计入总分）。,high,no,confidence_required,- 每个维度需输出 reasoning（打分的临床推断依据）和 confidence_score（0.00-1.00）。,high,no,2400,41,600,25,36,11
HAMD-17,Kimi-K2.6,不思考,C08,PROMPT_000011,E:\数据库\代码\Data\PDCH\实验\_新结构_待启用\hamd正式使用提示词.docx,固定DOCX提示词文本；未使用任何模型表现结果。,required,- key_evidence 摘自输入文本或填 null。,high,no,yes,- key_evidence 摘自输入文本或填 null。,high,no,complete,大部分项目采用0～4分的5级评分法，各级标准为：（0）无；（1）轻度；（2）中度；（3）重度；（4）极重度；少数项目采用0～2分的3级评分法，各级标准为：（0）无；（1）轻～中度；（2）重度。,high,no,explicit,6. 早醒（末段失眠）：0=正常，没有早醒；1=有早醒，比平时早醒1小时，但能重新入睡（应排除平时的习惯）；2=早醒后无法重新入睡。,high,no,other,14. 性症状（指性欲减退，月经紊乱等）：0=正常，没有性症状；1=轻度；2=重度；9=不能肯定，或该项对被评者不适合（不计入总分）。,high,no,explicit_window,16. 体重减轻：0=正常，没有体重减轻；1=患者诉述可能有体重减轻或一周内体重减轻超过0.5公斤；2=患者诉述肯定体重减轻或一周内体重减轻超过1公斤。,high,no,explicit,4. 入睡困难（初段失眠，采用0～2分的3级评分法。各级的标准为：（0）无；（1）轻～中度；（2）重度）：0=正常，没有入睡困难；1=主诉有入睡困难，上床半小时后仍不能入睡（要注意平时病人入睡的时间）；2=主诉每晚均有入睡困难。,high,no,moderate,,low,yes,explicit,16. 体重减轻：0=正常，没有体重减轻；1=患者诉述可能有体重减轻或一周内体重减轻超过0.5公斤；2=患者诉述肯定体重减轻或一周内体重减轻超过1公斤。,high,no,yes,14. 性症状（指性欲减退，月经紊乱等）：0=正常，没有性症状；1=轻度；2=重度；9=不能肯定，或该项对被评者不适合（不计入总分）。,high,no,strict_json_schema,- 仅输出纯 JSON 对象，不要输出任何代码块标记（如 ```json）。,high,no,yes,- 每个维度需输出 reasoning（打分的临床推断依据）和 confidence_score（0.00-1.00）。,high,no,item_score_required;sum_required,14. 性症状（指性欲减退，月经紊乱等）：0=正常，没有性症状；1=轻度；2=重度；9=不能肯定，或该项对被评者不适合（不计入总分）。,high,no,confidence_required,- 每个维度需输出 reasoning（打分的临床推断依据）和 confidence_score（0.00-1.00）。,high,no,2400,41,600,25,36,11
HAMD-17,Kimi-K2.6,不思考,C09,PROMPT_000028,E:\数据库\代码\Data\PDCH\实验\_新结构_待启用\hamd正式使用提示词.docx,固定DOCX提示词文本；未使用任何模型表现结果。,required,- key_evidence 摘自输入文本。,high,no,yes,- key_evidence 摘自输入文本。,high,no,none,,high,no,implicit,,medium,no,infer_best_estimate,,medium,no,absent,,medium,no,absent,,high,no,moderate,,low,yes,implicit,,high,no,no,,medium,no,strict_json_schema,- 仅输出纯 JSON 对象，不要输出任何代码块标记（如 ```json）。,high,no,no,,medium,no,grade_conversion_required,"""severity_level"": ""正常 / 轻度抑郁 / 中度抑郁 / 重度抑郁"",",high,no,confidence_required;probability_required,- class_probabilities 中四个类别的概率之和为 1。,high,no,706,22,177,7,17,12
HAMD-17,Kimi-K2.6,不思考,C10,PROMPT_000028,E:\数据库\代码\Data\PDCH\实验\_新结构_待启用\hamd正式使用提示词.docx,固定DOCX提示词文本；未使用任何模型表现结果。,required,- key_evidence 摘自输入文本。,high,no,yes,- key_evidence 摘自输入文本。,high,no,none,,high,no,implicit,,medium,no,infer_best_estimate,,medium,no,absent,,medium,no,absent,,high,no,moderate,,low,yes,implicit,,high,no,no,,medium,no,strict_json_schema,- 仅输出纯 JSON 对象，不要输出任何代码块标记（如 ```json）。,high,no,no,,medium,no,grade_conversion_required,"""severity_level"": ""正常 / 轻度抑郁 / 中度抑郁 / 重度抑郁"",",high,no,confidence_required;probability_required,- class_probabilities 中四个类别的概率之和为 1。,high,no,706,22,177,7,17,12
HAMD-17,Kimi-K2.6,不思考,C11,PROMPT_000005,E:\数据库\代码\Data\PDCH\实验\_新结构_待启用\hamd正式使用提示词.docx,固定DOCX提示词文本；未使用任何模型表现结果。,required,- key_evidence 摘自输入文本或填 null。,high,no,yes,- key_evidence 摘自输入文本或填 null。,high,no,complete,大部分项目采用0～4分的5级评分法，各级标准为：（0）无；（1）轻度；（2）中度；（3）重度；（4）极重度；少数项目采用0～2分的3级评分法，各级标准为：（0）无；（1）轻～中度；（2）重度。,high,no,explicit,6. 早醒（末段失眠）：0=正常，没有早醒；1=有早醒，比平时早醒1小时，但能重新入睡（应排除平时的习惯）；2=早醒后无法重新入睡。,high,no,other,14. 性症状（指性欲减退，月经紊乱等）：0=正常，没有性症状；1=轻度；2=重度；9=不能肯定，或该项对被评者不适合（不计入总分）。,high,no,explicit_window,16. 体重减轻：0=正常，没有体重减轻；1=患者诉述可能有体重减轻或一周内体重减轻超过0.5公斤；2=患者诉述肯定体重减轻或一周内体重减轻超过1公斤。,high,no,explicit,4. 入睡困难（初段失眠，采用0～2分的3级评分法。各级的标准为：（0）无；（1）轻～中度；（2）重度）：0=正常，没有入睡困难；1=主诉有入睡困难，上床半小时后仍不能入睡（要注意平时病人入睡的时间）；2=主诉每晚均有入睡困难。,high,no,moderate,,low,yes,explicit,16. 体重减轻：0=正常，没有体重减轻；1=患者诉述可能有体重减轻或一周内体重减轻超过0.5公斤；2=患者诉述肯定体重减轻或一周内体重减轻超过1公斤。,high,no,yes,14. 性症状（指性欲减退，月经紊乱等）：0=正常，没有性症状；1=轻度；2=重度；9=不能肯定，或该项对被评者不适合（不计入总分）。,high,no,strict_json_schema,- 仅输出纯 JSON 对象，不要输出任何代码块标记（如 ```json）。,high,no,yes,- 每个维度需输出 reasoning（打分的临床推断依据）和 confidence_score（0.00-1.00）。,high,no,item_score_required;sum_required,14. 性症状（指性欲减退，月经紊乱等）：0=正常，没有性症状；1=轻度；2=重度；9=不能肯定，或该项对被评者不适合（不计入总分）。,high,no,confidence_required,- 每个维度需输出 reasoning（打分的临床推断依据）和 confidence_score（0.00-1.00）。,high,no,2464,41,616,25,36,11
HAMD-17,Kimi-K2.6,不思考,C12,PROMPT_000005,E:\数据库\代码\Data\PDCH\实验\_新结构_待启用\hamd正式使用提示词.docx,固定DOCX提示词文本；未使用任何模型表现结果。,required,- key_evidence 摘自输入文本或填 null。,high,no,yes,- key_evidence 摘自输入文本或填 null。,high,no,complete,大部分项目采用0～4分的5级评分法，各级标准为：（0）无；（1）轻度；（2）中度；（3）重度；（4）极重度；少数项目采用0～2分的3级评分法，各级标准为：（0）无；（1）轻～中度；（2）重度。,high,no,explicit,6. 早醒（末段失眠）：0=正常，没有早醒；1=有早醒，比平时早醒1小时，但能重新入睡（应排除平时的习惯）；2=早醒后无法重新入睡。,high,no,other,14. 性症状（指性欲减退，月经紊乱等）：0=正常，没有性症状；1=轻度；2=重度；9=不能肯定，或该项对被评者不适合（不计入总分）。,high,no,explicit_window,16. 体重减轻：0=正常，没有体重减轻；1=患者诉述可能有体重减轻或一周内体重减轻超过0.5公斤；2=患者诉述肯定体重减轻或一周内体重减轻超过1公斤。,high,no,explicit,4. 入睡困难（初段失眠，采用0～2分的3级评分法。各级的标准为：（0）无；（1）轻～中度；（2）重度）：0=正常，没有入睡困难；1=主诉有入睡困难，上床半小时后仍不能入睡（要注意平时病人入睡的时间）；2=主诉每晚均有入睡困难。,high,no,moderate,,low,yes,explicit,16. 体重减轻：0=正常，没有体重减轻；1=患者诉述可能有体重减轻或一周内体重减轻超过0.5公斤；2=患者诉述肯定体重减轻或一周内体重减轻超过1公斤。,high,no,yes,14. 性症状（指性欲减退，月经紊乱等）：0=正常，没有性症状；1=轻度；2=重度；9=不能肯定，或该项对被评者不适合（不计入总分）。,high,no,strict_json_schema,- 仅输出纯 JSON 对象，不要输出任何代码块标记（如 ```json）。,high,no,yes,- 每个维度需输出 reasoning（打分的临床推断依据）和 confidence_score（0.00-1.00）。,high,no,item_score_required;sum_required,14. 性症状（指性欲减退，月经紊乱等）：0=正常，没有性症状；1=轻度；2=重度；9=不能肯定，或该项对被评者不适合（不计入总分）。,high,no,confidence_required,- 每个维度需输出 reasoning（打分的临床推断依据）和 confidence_score（0.00-1.00）。,high,no,2464,41,616,25,36,11
HAMD-17,Kimi-K2.6,不思考,C13,PROMPT_000018,E:\数据库\代码\Data\PDCH\实验\_新结构_待启用\hamd正式使用提示词.docx,固定DOCX提示词文本；未使用任何模型表现结果。,required,- key_evidence 摘自输入文本。,high,no,yes,- key_evidence 摘自输入文本。,high,no,none,,high,no,implicit,,medium,no,infer_best_estimate,,medium,no,absent,,medium,no,absent,,high,no,moderate,,low,yes,implicit,,high,no,no,,medium,no,strict_json_schema,- 仅输出纯 JSON 对象，不要输出任何代码块标记（如 ```json）。,high,no,no,,medium,no,grade_conversion_required,"""severity_level"": ""正常 / 轻度抑郁 / 中度抑郁 / 重度抑郁"",",high,no,confidence_required;probability_required,- class_probabilities 中四个类别的概率之和为 1。,high,no,642,22,161,7,17,12
HAMD-17,Kimi-K2.6,不思考,C14,PROMPT_000018,E:\数据库\代码\Data\PDCH\实验\_新结构_待启用\hamd正式使用提示词.docx,固定DOCX提示词文本；未使用任何模型表现结果。,required,- key_evidence 摘自输入文本。,high,no,yes,- key_evidence 摘自输入文本。,high,no,none,,high,no,implicit,,medium,no,infer_best_estimate,,medium,no,absent,,medium,no,absent,,high,no,moderate,,low,yes,implicit,,high,no,no,,medium,no,strict_json_schema,- 仅输出纯 JSON 对象，不要输出任何代码块标记（如 ```json）。,high,no,no,,medium,no,grade_conversion_required,"""severity_level"": ""正常 / 轻度抑郁 / 中度抑郁 / 重度抑郁"",",high,no,confidence_required;probability_required,- class_probabilities 中四个类别的概率之和为 1。,high,no,642,22,161,7,17,12
HAMD-17,Kimi-K2.6,不思考,C15,PROMPT_000011,E:\数据库\代码\Data\PDCH\实验\_新结构_待启用\hamd正式使用提示词.docx,固定DOCX提示词文本；未使用任何模型表现结果。,required,- key_evidence 摘自输入文本或填 null。,high,no,yes,- key_evidence 摘自输入文本或填 null。,high,no,complete,大部分项目采用0～4分的5级评分法，各级标准为：（0）无；（1）轻度；（2）中度；（3）重度；（4）极重度；少数项目采用0～2分的3级评分法，各级标准为：（0）无；（1）轻～中度；（2）重度。,high,no,explicit,6. 早醒（末段失眠）：0=正常，没有早醒；1=有早醒，比平时早醒1小时，但能重新入睡（应排除平时的习惯）；2=早醒后无法重新入睡。,high,no,other,14. 性症状（指性欲减退，月经紊乱等）：0=正常，没有性症状；1=轻度；2=重度；9=不能肯定，或该项对被评者不适合（不计入总分）。,high,no,explicit_window,16. 体重减轻：0=正常，没有体重减轻；1=患者诉述可能有体重减轻或一周内体重减轻超过0.5公斤；2=患者诉述肯定体重减轻或一周内体重减轻超过1公斤。,high,no,explicit,4. 入睡困难（初段失眠，采用0～2分的3级评分法。各级的标准为：（0）无；（1）轻～中度；（2）重度）：0=正常，没有入睡困难；1=主诉有入睡困难，上床半小时后仍不能入睡（要注意平时病人入睡的时间）；2=主诉每晚均有入睡困难。,high,no,moderate,,low,yes,explicit,16. 体重减轻：0=正常，没有体重减轻；1=患者诉述可能有体重减轻或一周内体重减轻超过0.5公斤；2=患者诉述肯定体重减轻或一周内体重减轻超过1公斤。,high,no,yes,14. 性症状（指性欲减退，月经紊乱等）：0=正常，没有性症状；1=轻度；2=重度；9=不能肯定，或该项对被评者不适合（不计入总分）。,high,no,strict_json_schema,- 仅输出纯 JSON 对象，不要输出任何代码块标记（如 ```json）。,high,no,yes,- 每个维度需输出 reasoning（打分的临床推断依据）和 confidence_score（0.00-1.00）。,high,no,item_score_required;sum_required,14. 性症状（指性欲减退，月经紊乱等）：0=正常，没有性症状；1=轻度；2=重度；9=不能肯定，或该项对被评者不适合（不计入总分）。,high,no,confidence_required,- 每个维度需输出 reasoning（打分的临床推断依据）和 confidence_score（0.00-1.00）。,high,no,2400,41,600,25,36,11
HAMD-17,Kimi-K2.6,不思考,C16,PROMPT_000011,E:\数据库\代码\Data\PDCH\实验\_新结构_待启用\hamd正式使用提示词.docx,固定DOCX提示词文本；未使用任何模型表现结果。,required,- key_evidence 摘自输入文本或填 null。,high,no,yes,- key_evidence 摘自输入文本或填 null。,high,no,complete,大部分项目采用0～4分的5级评分法，各级标准为：（0）无；（1）轻度；（2）中度；（3）重度；（4）极重度；少数项目采用0～2分的3级评分法，各级标准为：（0）无；（1）轻～中度；（2）重度。,high,no,explicit,6. 早醒（末段失眠）：0=正常，没有早醒；1=有早醒，比平时早醒1小时，但能重新入睡（应排除平时的习惯）；2=早醒后无法重新入睡。,high,no,other,14. 性症状（指性欲减退，月经紊乱等）：0=正常，没有性症状；1=轻度；2=重度；9=不能肯定，或该项对被评者不适合（不计入总分）。,high,no,explicit_window,16. 体重减轻：0=正常，没有体重减轻；1=患者诉述可能有体重减轻或一周内体重减轻超过0.5公斤；2=患者诉述肯定体重减轻或一周内体重减轻超过1公斤。,high,no,explicit,4. 入睡困难（初段失眠，采用0～2分的3级评分法。各级的标准为：（0）无；（1）轻～中度；（2）重度）：0=正常，没有入睡困难；1=主诉有入睡困难，上床半小时后仍不能入睡（要注意平时病人入睡的时间）；2=主诉每晚均有入睡困难。,high,no,moderate,,low,yes,explicit,16. 体重减轻：0=正常，没有体重减轻；1=患者诉述可能有体重减轻或一周内体重减轻超过0.5公斤；2=患者诉述肯定体重减轻或一周内体重减轻超过1公斤。,high,no,yes,14. 性症状（指性欲减退，月经紊乱等）：0=正常，没有性症状；1=轻度；2=重度；9=不能肯定，或该项对被评者不适合（不计入总分）。,high,no,strict_json_schema,- 仅输出纯 JSON 对象，不要输出任何代码块标记（如 ```json）。,high,no,yes,- 每个维度需输出 reasoning（打分的临床推断依据）和 confidence_score（0.00-1.00）。,high,no,item_score_required;sum_required,14. 性症状（指性欲减退，月经紊乱等）：0=正常，没有性症状；1=轻度；2=重度；9=不能肯定，或该项对被评者不适合（不计入总分）。,high,no,confidence_required,- 每个维度需输出 reasoning（打分的临床推断依据）和 confidence_score（0.00-1.00）。,high,no,2400,41,600,25,36,11
HAMD-17,Kimi-K2.6,不思考,C17,PROMPT_000013,E:\数据库\代码\Data\PDCH\实验\_新结构_待启用\hamd正式使用提示词.docx,固定DOCX提示词文本；未使用任何模型表现结果。,required,基于当前片段中的有限临床线索，估计来访者整体抑郁严重程度等级，并输出关键证据、类别概率、判断理由和置信度。,high,no,yes,基于当前片段中的有限临床线索，估计来访者整体抑郁严重程度等级，并输出关键证据、类别概率、判断理由和置信度。,high,no,none,,high,no,implicit,,medium,no,infer_best_estimate,基于当前片段中的有限临床线索，估计来访者整体抑郁严重程度等级，并输出关键证据、类别概率、判断理由和置信度。,high,no,generic,基于当前片段中的有限临床线索，估计来访者整体抑郁严重程度等级，并输出关键证据、类别概率、判断理由和置信度。,high,no,absent,,high,no,conservative,基于当前片段中的有限临床线索，估计来访者整体抑郁严重程度等级，并输出关键证据、类别概率、判断理由和置信度。,high,no,implicit,,high,no,no,,medium,no,strict_json_schema,- 仅输出纯 JSON 对象，不要输出任何代码块标记（如 ```json）。,high,no,no,,medium,no,grade_conversion_required,"""severity_level"": ""正常 / 轻度抑郁 / 中度抑郁 / 重度抑郁"",",high,no,confidence_required;probability_required,基于当前片段中的有限临床线索，估计来访者整体抑郁严重程度等级，并输出关键证据、类别概率、判断理由和置信度。,high,no,653,22,164,7,17,12
HAMD-17,Kimi-K2.6,不思考,C18,PROMPT_000013,E:\数据库\代码\Data\PDCH\实验\_新结构_待启用\hamd正式使用提示词.docx,固定DOCX提示词文本；未使用任何模型表现结果。,required,基于当前片段中的有限临床线索，估计来访者整体抑郁严重程度等级，并输出关键证据、类别概率、判断理由和置信度。,high,no,yes,基于当前片段中的有限临床线索，估计来访者整体抑郁严重程度等级，并输出关键证据、类别概率、判断理由和置信度。,high,no,none,,high,no,implicit,,medium,no,infer_best_estimate,基于当前片段中的有限临床线索，估计来访者整体抑郁严重程度等级，并输出关键证据、类别概率、判断理由和置信度。,high,no,generic,基于当前片段中的有限临床线索，估计来访者整体抑郁严重程度等级，并输出关键证据、类别概率、判断理由和置信度。,high,no,absent,,high,no,conservative,基于当前片段中的有限临床线索，估计来访者整体抑郁严重程度等级，并输出关键证据、类别概率、判断理由和置信度。,high,no,implicit,,high,no,no,,medium,no,strict_json_schema,- 仅输出纯 JSON 对象，不要输出任何代码块标记（如 ```json）。,high,no,no,,medium,no,grade_conversion_required,"""severity_level"": ""正常 / 轻度抑郁 / 中度抑郁 / 重度抑郁"",",high,no,confidence_required;probability_required,基于当前片段中的有限临床线索，估计来访者整体抑郁严重程度等级，并输出关键证据、类别概率、判断理由和置信度。,high,no,653,22,164,7,17,12
HAMD-17,Kimi-K2.6,不思考,C19,PROMPT_000007,E:\数据库\代码\Data\PDCH\实验\_新结构_待启用\hamd正式使用提示词.docx,固定DOCX提示词文本；未使用任何模型表现结果。,required,- key_evidence 摘自输入文本。,high,no,yes,- key_evidence 摘自输入文本。,high,no,complete,大部分项目采用0～4分的5级评分法，各级标准为：（0）无；（1）轻度；（2）中度；（3）重度；（4）极重度；少数项目采用0～2分的3级评分法，各级标准为：（0）无；（1）轻～中度；（2）重度。,high,no,explicit,6. 早醒（末段失眠）：0=正常，没有早醒；1=有早醒，比平时早醒1小时，但能重新入睡（应排除平时的习惯）；2=早醒后无法重新入睡。,high,no,other,14. 性症状（指性欲减退，月经紊乱等）：0=正常，没有性症状；1=轻度；2=重度；9=不能肯定，或该项对被评者不适合（不计入总分）。,high,no,explicit_window,16. 体重减轻：0=正常，没有体重减轻；1=患者诉述可能有体重减轻或一周内体重减轻超过0.5公斤；2=患者诉述肯定体重减轻或一周内体重减轻超过1公斤。,high,no,explicit,4. 入睡困难（初段失眠，采用0～2分的3级评分法。各级的标准为：（0）无；（1）轻～中度；（2）重度）：0=正常，没有入睡困难；1=主诉有入睡困难，上床半小时后仍不能入睡（要注意平时病人入睡的时间）；2=主诉每晚均有入睡困难。,high,no,conservative,2. 结合当前片段中的症状线索和严重程度，在有限证据条件下估计来访者整体 HAMD-17 抑郁总分。,high,no,explicit,16. 体重减轻：0=正常，没有体重减轻；1=患者诉述可能有体重减轻或一周内体重减轻超过0.5公斤；2=患者诉述肯定体重减轻或一周内体重减轻超过1公斤。,high,no,yes,14. 性症状（指性欲减退，月经紊乱等）：0=正常，没有性症状；1=轻度；2=重度；9=不能肯定，或该项对被评者不适合（不计入总分）。,high,no,strict_json_schema,- 仅输出纯 JSON 对象，不要输出任何代码块标记（如 ```json）。,high,no,no,,medium,no,sum_required,14. 性症状（指性欲减退，月经紊乱等）：0=正常，没有性症状；1=轻度；2=重度；9=不能肯定，或该项对被评者不适合（不计入总分）。,high,no,confidence_required,基于当前事件片段中的有限临床线索，估计该来访者整体 HAMD-17 抑郁总分，并输出证据、理由和置信度。,high,no,2188,41,547,24,36,11
HAMD-17,Kimi-K2.6,不思考,C20,PROMPT_000007,E:\数据库\代码\Data\PDCH\实验\_新结构_待启用\hamd正式使用提示词.docx,固定DOCX提示词文本；未使用任何模型表现结果。,required,- key_evidence 摘自输入文本。,high,no,yes,- key_evidence 摘自输入文本。,high,no,complete,大部分项目采用0～4分的5级评分法，各级标准为：（0）无；（1）轻度；（2）中度；（3）重度；（4）极重度；少数项目采用0～2分的3级评分法，各级标准为：（0）无；（1）轻～中度；（2）重度。,high,no,explicit,6. 早醒（末段失眠）：0=正常，没有早醒；1=有早醒，比平时早醒1小时，但能重新入睡（应排除平时的习惯）；2=早醒后无法重新入睡。,high,no,other,14. 性症状（指性欲减退，月经紊乱等）：0=正常，没有性症状；1=轻度；2=重度；9=不能肯定，或该项对被评者不适合（不计入总分）。,high,no,explicit_window,16. 体重减轻：0=正常，没有体重减轻；1=患者诉述可能有体重减轻或一周内体重减轻超过0.5公斤；2=患者诉述肯定体重减轻或一周内体重减轻超过1公斤。,high,no,explicit,4. 入睡困难（初段失眠，采用0～2分的3级评分法。各级的标准为：（0）无；（1）轻～中度；（2）重度）：0=正常，没有入睡困难；1=主诉有入睡困难，上床半小时后仍不能入睡（要注意平时病人入睡的时间）；2=主诉每晚均有入睡困难。,high,no,conservative,2. 结合当前片段中的症状线索和严重程度，在有限证据条件下估计来访者整体 HAMD-17 抑郁总分。,high,no,explicit,16. 体重减轻：0=正常，没有体重减轻；1=患者诉述可能有体重减轻或一周内体重减轻超过0.5公斤；2=患者诉述肯定体重减轻或一周内体重减轻超过1公斤。,high,no,yes,14. 性症状（指性欲减退，月经紊乱等）：0=正常，没有性症状；1=轻度；2=重度；9=不能肯定，或该项对被评者不适合（不计入总分）。,high,no,strict_json_schema,- 仅输出纯 JSON 对象，不要输出任何代码块标记（如 ```json）。,high,no,no,,medium,no,sum_required,14. 性症状（指性欲减退，月经紊乱等）：0=正常，没有性症状；1=轻度；2=重度；9=不能肯定，或该项对被评者不适合（不计入总分）。,high,no,confidence_required,基于当前事件片段中的有限临床线索，估计该来访者整体 HAMD-17 抑郁总分，并输出证据、理由和置信度。,high,no,2188,41,547,24,36,11
HAMD-17,Kimi-K2.6,不思考,C21,PROMPT_000017,E:\数据库\代码\Data\PDCH\实验\_新结构_待启用\hamd正式使用提示词.docx,固定DOCX提示词文本；未使用任何模型表现结果。,required,基于当前片段中的有限临床线索，估计来访者整体抑郁严重程度等级，并输出关键证据、类别概率、判断理由和置信度。,high,no,yes,基于当前片段中的有限临床线索，估计来访者整体抑郁严重程度等级，并输出关键证据、类别概率、判断理由和置信度。,high,no,none,,high,no,implicit,,medium,no,infer_best_estimate,基于当前片段中的有限临床线索，估计来访者整体抑郁严重程度等级，并输出关键证据、类别概率、判断理由和置信度。,high,no,generic,基于当前片段中的有限临床线索，估计来访者整体抑郁严重程度等级，并输出关键证据、类别概率、判断理由和置信度。,high,no,absent,,high,no,conservative,基于当前片段中的有限临床线索，估计来访者整体抑郁严重程度等级，并输出关键证据、类别概率、判断理由和置信度。,high,no,implicit,,high,no,no,,medium,no,strict_json_schema,- 仅输出纯 JSON 对象，不要输出任何代码块标记（如 ```json）。,high,no,no,,medium,no,grade_conversion_required,"""severity_level"": ""正常 / 轻度抑郁 / 中度抑郁 / 重度抑郁"",",high,no,confidence_required;probability_required,基于当前片段中的有限临床线索，估计来访者整体抑郁严重程度等级，并输出关键证据、类别概率、判断理由和置信度。,high,no,653,22,164,7,17,12
HAMD-17,Kimi-K2.6,不思考,C22,PROMPT_000017,E:\数据库\代码\Data\PDCH\实验\_新结构_待启用\hamd正式使用提示词.docx,固定DOCX提示词文本；未使用任何模型表现结果。,required,基于当前片段中的有限临床线索，估计来访者整体抑郁严重程度等级，并输出关键证据、类别概率、判断理由和置信度。,high,no,yes,基于当前片段中的有限临床线索，估计来访者整体抑郁严重程度等级，并输出关键证据、类别概率、判断理由和置信度。,high,no,none,,high,no,implicit,,medium,no,infer_best_estimate,基于当前片段中的有限临床线索，估计来访者整体抑郁严重程度等级，并输出关键证据、类别概率、判断理由和置信度。,high,no,generic,基于当前片段中的有限临床线索，估计来访者整体抑郁严重程度等级，并输出关键证据、类别概率、判断理由和置信度。,high,no,absent,,high,no,conservative,基于当前片段中的有限临床线索，估计来访者整体抑郁严重程度等级，并输出关键证据、类别概率、判断理由和置信度。,high,no,implicit,,high,no,no,,medium,no,strict_json_schema,- 仅输出纯 JSON 对象，不要输出任何代码块标记（如 ```json）。,high,no,no,,medium,no,grade_conversion_required,"""severity_level"": ""正常 / 轻度抑郁 / 中度抑郁 / 重度抑郁"",",high,no,confidence_required;probability_required,基于当前片段中的有限临床线索，估计来访者整体抑郁严重程度等级，并输出关键证据、类别概率、判断理由和置信度。,high,no,653,22,164,7,17,12
HAMD-17,Kimi-K2.6,不思考,C23,PROMPT_000020,E:\数据库\代码\Data\PDCH\实验\_新结构_待启用\hamd正式使用提示词.docx,固定DOCX提示词文本；未使用任何模型表现结果。,required,- key_evidence 摘自输入文本。,high,no,yes,- key_evidence 摘自输入文本。,high,no,complete,大部分项目采用0～4分的5级评分法，各级标准为：（0）无；（1）轻度；（2）中度；（3）重度；（4）极重度；少数项目采用0～2分的3级评分法，各级标准为：（0）无；（1）轻～中度；（2）重度。,high,no,explicit,6. 早醒（末段失眠）：0=正常，没有早醒；1=有早醒，比平时早醒1小时，但能重新入睡（应排除平时的习惯）；2=早醒后无法重新入睡。,high,no,other,14. 性症状（指性欲减退，月经紊乱等）：0=正常，没有性症状；1=轻度；2=重度；9=不能肯定，或该项对被评者不适合（不计入总分）。,high,no,explicit_window,16. 体重减轻：0=正常，没有体重减轻；1=患者诉述可能有体重减轻或一周内体重减轻超过0.5公斤；2=患者诉述肯定体重减轻或一周内体重减轻超过1公斤。,high,no,explicit,4. 入睡困难（初段失眠，采用0～2分的3级评分法。各级的标准为：（0）无；（1）轻～中度；（2）重度）：0=正常，没有入睡困难；1=主诉有入睡困难，上床半小时后仍不能入睡（要注意平时病人入睡的时间）；2=主诉每晚均有入睡困难。,high,no,conservative,2. 结合当前片段中的症状线索和严重程度，在有限证据条件下估计来访者整体 HAMD-17 抑郁总分。,high,no,explicit,16. 体重减轻：0=正常，没有体重减轻；1=患者诉述可能有体重减轻或一周内体重减轻超过0.5公斤；2=患者诉述肯定体重减轻或一周内体重减轻超过1公斤。,high,no,yes,14. 性症状（指性欲减退，月经紊乱等）：0=正常，没有性症状；1=轻度；2=重度；9=不能肯定，或该项对被评者不适合（不计入总分）。,high,no,strict_json_schema,- 仅输出纯 JSON 对象，不要输出任何代码块标记（如 ```json）。,high,no,no,,medium,no,sum_required,14. 性症状（指性欲减退，月经紊乱等）：0=正常，没有性症状；1=轻度；2=重度；9=不能肯定，或该项对被评者不适合（不计入总分）。,high,no,confidence_required,基于当前事件片段中的有限临床线索，估计该来访者整体 HAMD-17 抑郁总分，并输出证据、理由和置信度。,high,no,2188,41,547,24,36,11
HAMD-17,Kimi-K2.6,不思考,C24,PROMPT_000020,E:\数据库\代码\Data\PDCH\实验\_新结构_待启用\hamd正式使用提示词.docx,固定DOCX提示词文本；未使用任何模型表现结果。,required,- key_evidence 摘自输入文本。,high,no,yes,- key_evidence 摘自输入文本。,high,no,complete,大部分项目采用0～4分的5级评分法，各级标准为：（0）无；（1）轻度；（2）中度；（3）重度；（4）极重度；少数项目采用0～2分的3级评分法，各级标准为：（0）无；（1）轻～中度；（2）重度。,high,no,explicit,6. 早醒（末段失眠）：0=正常，没有早醒；1=有早醒，比平时早醒1小时，但能重新入睡（应排除平时的习惯）；2=早醒后无法重新入睡。,high,no,other,14. 性症状（指性欲减退，月经紊乱等）：0=正常，没有性症状；1=轻度；2=重度；9=不能肯定，或该项对被评者不适合（不计入总分）。,high,no,explicit_window,16. 体重减轻：0=正常，没有体重减轻；1=患者诉述可能有体重减轻或一周内体重减轻超过0.5公斤；2=患者诉述肯定体重减轻或一周内体重减轻超过1公斤。,high,no,explicit,4. 入睡困难（初段失眠，采用0～2分的3级评分法。各级的标准为：（0）无；（1）轻～中度；（2）重度）：0=正常，没有入睡困难；1=主诉有入睡困难，上床半小时后仍不能入睡（要注意平时病人入睡的时间）；2=主诉每晚均有入睡困难。,high,no,conservative,2. 结合当前片段中的症状线索和严重程度，在有限证据条件下估计来访者整体 HAMD-17 抑郁总分。,high,no,explicit,16. 体重减轻：0=正常，没有体重减轻；1=患者诉述可能有体重减轻或一周内体重减轻超过0.5公斤；2=患者诉述肯定体重减轻或一周内体重减轻超过1公斤。,high,no,yes,14. 性症状（指性欲减退，月经紊乱等）：0=正常，没有性症状；1=轻度；2=重度；9=不能肯定，或该项对被评者不适合（不计入总分）。,high,no,strict_json_schema,- 仅输出纯 JSON 对象，不要输出任何代码块标记（如 ```json）。,high,no,no,,medium,no,sum_required,14. 性症状（指性欲减退，月经紊乱等）：0=正常，没有性症状；1=轻度；2=重度；9=不能肯定，或该项对被评者不适合（不计入总分）。,high,no,confidence_required,基于当前事件片段中的有限临床线索，估计该来访者整体 HAMD-17 抑郁总分，并输出证据、理由和置信度。,high,no,2188,41,547,24,36,11
HAMD-17,Kimi-K2.6,思考,C01,PROMPT_000004,E:\数据库\代码\Data\PDCH\实验\_新结构_待启用\hamd正式使用提示词.docx,固定DOCX提示词文本；未使用任何模型表现结果。,required,- key_evidence 摘自输入文本。,high,no,yes,- key_evidence 摘自输入文本。,high,no,none,,high,no,implicit,,medium,no,infer_best_estimate,,medium,no,generic,,medium,no,absent,,high,no,moderate,,low,yes,implicit,,high,no,no,,medium,no,strict_json_schema,- 仅输出纯 JSON 对象，不要输出任何代码块标记（如 ```json）。,high,no,no,,medium,no,grade_conversion_required,"""severity_level"": ""正常 / 轻度抑郁 / 中度抑郁 / 重度抑郁"",",high,no,confidence_required;probability_required,- class_probabilities 中四个类别的概率之和为 1。,high,no,642,22,161,7,17,12
HAMD-17,Kimi-K2.6,思考,C02,PROMPT_000004,E:\数据库\代码\Data\PDCH\实验\_新结构_待启用\hamd正式使用提示词.docx,固定DOCX提示词文本；未使用任何模型表现结果。,required,- key_evidence 摘自输入文本。,high,no,yes,- key_evidence 摘自输入文本。,high,no,none,,high,no,implicit,,medium,no,infer_best_estimate,,medium,no,generic,,medium,no,absent,,high,no,moderate,,low,yes,implicit,,high,no,no,,medium,no,strict_json_schema,- 仅输出纯 JSON 对象，不要输出任何代码块标记（如 ```json）。,high,no,no,,medium,no,grade_conversion_required,"""severity_level"": ""正常 / 轻度抑郁 / 中度抑郁 / 重度抑郁"",",high,no,confidence_required;probability_required,- class_probabilities 中四个类别的概率之和为 1。,high,no,642,22,161,7,17,12
HAMD-17,Kimi-K2.6,思考,C03,PROMPT_000006,E:\数据库\代码\Data\PDCH\实验\_新结构_待启用\hamd正式使用提示词.docx,固定DOCX提示词文本；未使用任何模型表现结果。,required,- key_evidence 摘自输入文本或填 null。,high,no,yes,- key_evidence 摘自输入文本或填 null。,high,no,complete,大部分项目采用0～4分的5级评分法，各级标准为：（0）无；（1）轻度；（2）中度；（3）重度；（4）极重度；少数项目采用0～2分的3级评分法，各级标准为：（0）无；（1）轻～中度；（2）重度。,high,no,explicit,6. 早醒（末段失眠）：0=正常，没有早醒；1=有早醒，比平时早醒1小时，但能重新入睡（应排除平时的习惯）；2=早醒后无法重新入睡。,high,no,other,14. 性症状（指性欲减退，月经紊乱等）：0=正常，没有性症状；1=轻度；2=重度；9=不能肯定，或该项对被评者不适合（不计入总分）。,high,no,explicit_window,16. 体重减轻：0=正常，没有体重减轻；1=患者诉述可能有体重减轻或一周内体重减轻超过0.5公斤；2=患者诉述肯定体重减轻或一周内体重减轻超过1公斤。,high,no,explicit,4. 入睡困难（初段失眠，采用0～2分的3级评分法。各级的标准为：（0）无；（1）轻～中度；（2）重度）：0=正常，没有入睡困难；1=主诉有入睡困难，上床半小时后仍不能入睡（要注意平时病人入睡的时间）；2=主诉每晚均有入睡困难。,high,no,moderate,,low,yes,explicit,16. 体重减轻：0=正常，没有体重减轻；1=患者诉述可能有体重减轻或一周内体重减轻超过0.5公斤；2=患者诉述肯定体重减轻或一周内体重减轻超过1公斤。,high,no,yes,14. 性症状（指性欲减退，月经紊乱等）：0=正常，没有性症状；1=轻度；2=重度；9=不能肯定，或该项对被评者不适合（不计入总分）。,high,no,strict_json_schema,- 仅输出纯 JSON 对象，不要输出任何代码块标记（如 ```json）。,high,no,yes,- 每个维度需输出 reasoning（打分的临床推断依据）和 confidence_score（0.00-1.00）。,high,no,item_score_required;sum_required,14. 性症状（指性欲减退，月经紊乱等）：0=正常，没有性症状；1=轻度；2=重度；9=不能肯定，或该项对被评者不适合（不计入总分）。,high,no,confidence_required,- 每个维度需输出 reasoning（打分的临床推断依据）和 confidence_score（0.00-1.00）。,high,no,2400,41,600,25,36,11
HAMD-17,Kimi-K2.6,思考,C04,PROMPT_000006,E:\数据库\代码\Data\PDCH\实验\_新结构_待启用\hamd正式使用提示词.docx,固定DOCX提示词文本；未使用任何模型表现结果。,required,- key_evidence 摘自输入文本或填 null。,high,no,yes,- key_evidence 摘自输入文本或填 null。,high,no,complete,大部分项目采用0～4分的5级评分法，各级标准为：（0）无；（1）轻度；（2）中度；（3）重度；（4）极重度；少数项目采用0～2分的3级评分法，各级标准为：（0）无；（1）轻～中度；（2）重度。,high,no,explicit,6. 早醒（末段失眠）：0=正常，没有早醒；1=有早醒，比平时早醒1小时，但能重新入睡（应排除平时的习惯）；2=早醒后无法重新入睡。,high,no,other,14. 性症状（指性欲减退，月经紊乱等）：0=正常，没有性症状；1=轻度；2=重度；9=不能肯定，或该项对被评者不适合（不计入总分）。,high,no,explicit_window,16. 体重减轻：0=正常，没有体重减轻；1=患者诉述可能有体重减轻或一周内体重减轻超过0.5公斤；2=患者诉述肯定体重减轻或一周内体重减轻超过1公斤。,high,no,explicit,4. 入睡困难（初段失眠，采用0～2分的3级评分法。各级的标准为：（0）无；（1）轻～中度；（2）重度）：0=正常，没有入睡困难；1=主诉有入睡困难，上床半小时后仍不能入睡（要注意平时病人入睡的时间）；2=主诉每晚均有入睡困难。,high,no,moderate,,low,yes,explicit,16. 体重减轻：0=正常，没有体重减轻；1=患者诉述可能有体重减轻或一周内体重减轻超过0.5公斤；2=患者诉述肯定体重减轻或一周内体重减轻超过1公斤。,high,no,yes,14. 性症状（指性欲减退，月经紊乱等）：0=正常，没有性症状；1=轻度；2=重度；9=不能肯定，或该项对被评者不适合（不计入总分）。,high,no,strict_json_schema,- 仅输出纯 JSON 对象，不要输出任何代码块标记（如 ```json）。,high,no,yes,- 每个维度需输出 reasoning（打分的临床推断依据）和 confidence_score（0.00-1.00）。,high,no,item_score_required;sum_required,14. 性症状（指性欲减退，月经紊乱等）：0=正常，没有性症状；1=轻度；2=重度；9=不能肯定，或该项对被评者不适合（不计入总分）。,high,no,confidence_required,- 每个维度需输出 reasoning（打分的临床推断依据）和 confidence_score（0.00-1.00）。,high,no,2400,41,600,25,36,11
HAMD-17,Kimi-K2.6,思考,C05,PROMPT_000018,E:\数据库\代码\Data\PDCH\实验\_新结构_待启用\hamd正式使用提示词.docx,固定DOCX提示词文本；未使用任何模型表现结果。,required,- key_evidence 摘自输入文本。,high,no,yes,- key_evidence 摘自输入文本。,high,no,none,,high,no,implicit,,medium,no,infer_best_estimate,,medium,no,absent,,medium,no,absent,,high,no,moderate,,low,yes,implicit,,high,no,no,,medium,no,strict_json_schema,- 仅输出纯 JSON 对象，不要输出任何代码块标记（如 ```json）。,high,no,no,,medium,no,grade_conversion_required,"""severity_level"": ""正常 / 轻度抑郁 / 中度抑郁 / 重度抑郁"",",high,no,confidence_required;probability_required,- class_probabilities 中四个类别的概率之和为 1。,high,no,642,22,161,7,17,12
HAMD-17,Kimi-K2.6,思考,C06,PROMPT_000018,E:\数据库\代码\Data\PDCH\实验\_新结构_待启用\hamd正式使用提示词.docx,固定DOCX提示词文本；未使用任何模型表现结果。,required,- key_evidence 摘自输入文本。,high,no,yes,- key_evidence 摘自输入文本。,high,no,none,,high,no,implicit,,medium,no,infer_best_estimate,,medium,no,absent,,medium,no,absent,,high,no,moderate,,low,yes,implicit,,high,no,no,,medium,no,strict_json_schema,- 仅输出纯 JSON 对象，不要输出任何代码块标记（如 ```json）。,high,no,no,,medium,no,grade_conversion_required,"""severity_level"": ""正常 / 轻度抑郁 / 中度抑郁 / 重度抑郁"",",high,no,confidence_required;probability_required,- class_probabilities 中四个类别的概率之和为 1。,high,no,642,22,161,7,17,12
HAMD-17,Kimi-K2.6,思考,C07,PROMPT_000011,E:\数据库\代码\Data\PDCH\实验\_新结构_待启用\hamd正式使用提示词.docx,固定DOCX提示词文本；未使用任何模型表现结果。,required,- key_evidence 摘自输入文本或填 null。,high,no,yes,- key_evidence 摘自输入文本或填 null。,high,no,complete,大部分项目采用0～4分的5级评分法，各级标准为：（0）无；（1）轻度；（2）中度；（3）重度；（4）极重度；少数项目采用0～2分的3级评分法，各级标准为：（0）无；（1）轻～中度；（2）重度。,high,no,explicit,6. 早醒（末段失眠）：0=正常，没有早醒；1=有早醒，比平时早醒1小时，但能重新入睡（应排除平时的习惯）；2=早醒后无法重新入睡。,high,no,other,14. 性症状（指性欲减退，月经紊乱等）：0=正常，没有性症状；1=轻度；2=重度；9=不能肯定，或该项对被评者不适合（不计入总分）。,high,no,explicit_window,16. 体重减轻：0=正常，没有体重减轻；1=患者诉述可能有体重减轻或一周内体重减轻超过0.5公斤；2=患者诉述肯定体重减轻或一周内体重减轻超过1公斤。,high,no,explicit,4. 入睡困难（初段失眠，采用0～2分的3级评分法。各级的标准为：（0）无；（1）轻～中度；（2）重度）：0=正常，没有入睡困难；1=主诉有入睡困难，上床半小时后仍不能入睡（要注意平时病人入睡的时间）；2=主诉每晚均有入睡困难。,high,no,moderate,,low,yes,explicit,16. 体重减轻：0=正常，没有体重减轻；1=患者诉述可能有体重减轻或一周内体重减轻超过0.5公斤；2=患者诉述肯定体重减轻或一周内体重减轻超过1公斤。,high,no,yes,14. 性症状（指性欲减退，月经紊乱等）：0=正常，没有性症状；1=轻度；2=重度；9=不能肯定，或该项对被评者不适合（不计入总分）。,high,no,strict_json_schema,- 仅输出纯 JSON 对象，不要输出任何代码块标记（如 ```json）。,high,no,yes,- 每个维度需输出 reasoning（打分的临床推断依据）和 confidence_score（0.00-1.00）。,high,no,item_score_required;sum_required,14. 性症状（指性欲减退，月经紊乱等）：0=正常，没有性症状；1=轻度；2=重度；9=不能肯定，或该项对被评者不适合（不计入总分）。,high,no,confidence_required,- 每个维度需输出 reasoning（打分的临床推断依据）和 confidence_score（0.00-1.00）。,high,no,2400,41,600,25,36,11
HAMD-17,Kimi-K2.6,思考,C08,PROMPT_000011,E:\数据库\代码\Data\PDCH\实验\_新结构_待启用\hamd正式使用提示词.docx,固定DOCX提示词文本；未使用任何模型表现结果。,required,- key_evidence 摘自输入文本或填 null。,high,no,yes,- key_evidence 摘自输入文本或填 null。,high,no,complete,大部分项目采用0～4分的5级评分法，各级标准为：（0）无；（1）轻度；（2）中度；（3）重度；（4）极重度；少数项目采用0～2分的3级评分法，各级标准为：（0）无；（1）轻～中度；（2）重度。,high,no,explicit,6. 早醒（末段失眠）：0=正常，没有早醒；1=有早醒，比平时早醒1小时，但能重新入睡（应排除平时的习惯）；2=早醒后无法重新入睡。,high,no,other,14. 性症状（指性欲减退，月经紊乱等）：0=正常，没有性症状；1=轻度；2=重度；9=不能肯定，或该项对被评者不适合（不计入总分）。,high,no,explicit_window,16. 体重减轻：0=正常，没有体重减轻；1=患者诉述可能有体重减轻或一周内体重减轻超过0.5公斤；2=患者诉述肯定体重减轻或一周内体重减轻超过1公斤。,high,no,explicit,4. 入睡困难（初段失眠，采用0～2分的3级评分法。各级的标准为：（0）无；（1）轻～中度；（2）重度）：0=正常，没有入睡困难；1=主诉有入睡困难，上床半小时后仍不能入睡（要注意平时病人入睡的时间）；2=主诉每晚均有入睡困难。,high,no,moderate,,low,yes,explicit,16. 体重减轻：0=正常，没有体重减轻；1=患者诉述可能有体重减轻或一周内体重减轻超过0.5公斤；2=患者诉述肯定体重减轻或一周内体重减轻超过1公斤。,high,no,yes,14. 性症状（指性欲减退，月经紊乱等）：0=正常，没有性症状；1=轻度；2=重度；9=不能肯定，或该项对被评者不适合（不计入总分）。,high,no,strict_json_schema,- 仅输出纯 JSON 对象，不要输出任何代码块标记（如 ```json）。,high,no,yes,- 每个维度需输出 reasoning（打分的临床推断依据）和 confidence_score（0.00-1.00）。,high,no,item_score_required;sum_required,14. 性症状（指性欲减退，月经紊乱等）：0=正常，没有性症状；1=轻度；2=重度；9=不能肯定，或该项对被评者不适合（不计入总分）。,high,no,confidence_required,- 每个维度需输出 reasoning（打分的临床推断依据）和 confidence_score（0.00-1.00）。,high,no,2400,41,600,25,36,11
HAMD-17,Kimi-K2.6,思考,C09,PROMPT_000028,E:\数据库\代码\Data\PDCH\实验\_新结构_待启用\hamd正式使用提示词.docx,固定DOCX提示词文本；未使用任何模型表现结果。,required,- key_evidence 摘自输入文本。,high,no,yes,- key_evidence 摘自输入文本。,high,no,none,,high,no,implicit,,medium,no,infer_best_estimate,,medium,no,absent,,medium,no,absent,,high,no,moderate,,low,yes,implicit,,high,no,no,,medium,no,strict_json_schema,- 仅输出纯 JSON 对象，不要输出任何代码块标记（如 ```json）。,high,no,no,,medium,no,grade_conversion_required,"""severity_level"": ""正常 / 轻度抑郁 / 中度抑郁 / 重度抑郁"",",high,no,confidence_required;probability_required,- class_probabilities 中四个类别的概率之和为 1。,high,no,706,22,177,7,17,12
HAMD-17,Kimi-K2.6,思考,C10,PROMPT_000028,E:\数据库\代码\Data\PDCH\实验\_新结构_待启用\hamd正式使用提示词.docx,固定DOCX提示词文本；未使用任何模型表现结果。,required,- key_evidence 摘自输入文本。,high,no,yes,- key_evidence 摘自输入文本。,high,no,none,,high,no,implicit,,medium,no,infer_best_estimate,,medium,no,absent,,medium,no,absent,,high,no,moderate,,low,yes,implicit,,high,no,no,,medium,no,strict_json_schema,- 仅输出纯 JSON 对象，不要输出任何代码块标记（如 ```json）。,high,no,no,,medium,no,grade_conversion_required,"""severity_level"": ""正常 / 轻度抑郁 / 中度抑郁 / 重度抑郁"",",high,no,confidence_required;probability_required,- class_probabilities 中四个类别的概率之和为 1。,high,no,706,22,177,7,17,12
HAMD-17,Kimi-K2.6,思考,C11,PROMPT_000005,E:\数据库\代码\Data\PDCH\实验\_新结构_待启用\hamd正式使用提示词.docx,固定DOCX提示词文本；未使用任何模型表现结果。,required,- key_evidence 摘自输入文本或填 null。,high,no,yes,- key_evidence 摘自输入文本或填 null。,high,no,complete,大部分项目采用0～4分的5级评分法，各级标准为：（0）无；（1）轻度；（2）中度；（3）重度；（4）极重度；少数项目采用0～2分的3级评分法，各级标准为：（0）无；（1）轻～中度；（2）重度。,high,no,explicit,6. 早醒（末段失眠）：0=正常，没有早醒；1=有早醒，比平时早醒1小时，但能重新入睡（应排除平时的习惯）；2=早醒后无法重新入睡。,high,no,other,14. 性症状（指性欲减退，月经紊乱等）：0=正常，没有性症状；1=轻度；2=重度；9=不能肯定，或该项对被评者不适合（不计入总分）。,high,no,explicit_window,16. 体重减轻：0=正常，没有体重减轻；1=患者诉述可能有体重减轻或一周内体重减轻超过0.5公斤；2=患者诉述肯定体重减轻或一周内体重减轻超过1公斤。,high,no,explicit,4. 入睡困难（初段失眠，采用0～2分的3级评分法。各级的标准为：（0）无；（1）轻～中度；（2）重度）：0=正常，没有入睡困难；1=主诉有入睡困难，上床半小时后仍不能入睡（要注意平时病人入睡的时间）；2=主诉每晚均有入睡困难。,high,no,moderate,,low,yes,explicit,16. 体重减轻：0=正常，没有体重减轻；1=患者诉述可能有体重减轻或一周内体重减轻超过0.5公斤；2=患者诉述肯定体重减轻或一周内体重减轻超过1公斤。,high,no,yes,14. 性症状（指性欲减退，月经紊乱等）：0=正常，没有性症状；1=轻度；2=重度；9=不能肯定，或该项对被评者不适合（不计入总分）。,high,no,strict_json_schema,- 仅输出纯 JSON 对象，不要输出任何代码块标记（如 ```json）。,high,no,yes,- 每个维度需输出 reasoning（打分的临床推断依据）和 confidence_score（0.00-1.00）。,high,no,item_score_required;sum_required,14. 性症状（指性欲减退，月经紊乱等）：0=正常，没有性症状；1=轻度；2=重度；9=不能肯定，或该项对被评者不适合（不计入总分）。,high,no,confidence_required,- 每个维度需输出 reasoning（打分的临床推断依据）和 confidence_score（0.00-1.00）。,high,no,2464,41,616,25,36,11
HAMD-17,Kimi-K2.6,思考,C12,PROMPT_000005,E:\数据库\代码\Data\PDCH\实验\_新结构_待启用\hamd正式使用提示词.docx,固定DOCX提示词文本；未使用任何模型表现结果。,required,- key_evidence 摘自输入文本或填 null。,high,no,yes,- key_evidence 摘自输入文本或填 null。,high,no,complete,大部分项目采用0～4分的5级评分法，各级标准为：（0）无；（1）轻度；（2）中度；（3）重度；（4）极重度；少数项目采用0～2分的3级评分法，各级标准为：（0）无；（1）轻～中度；（2）重度。,high,no,explicit,6. 早醒（末段失眠）：0=正常，没有早醒；1=有早醒，比平时早醒1小时，但能重新入睡（应排除平时的习惯）；2=早醒后无法重新入睡。,high,no,other,14. 性症状（指性欲减退，月经紊乱等）：0=正常，没有性症状；1=轻度；2=重度；9=不能肯定，或该项对被评者不适合（不计入总分）。,high,no,explicit_window,16. 体重减轻：0=正常，没有体重减轻；1=患者诉述可能有体重减轻或一周内体重减轻超过0.5公斤；2=患者诉述肯定体重减轻或一周内体重减轻超过1公斤。,high,no,explicit,4. 入睡困难（初段失眠，采用0～2分的3级评分法。各级的标准为：（0）无；（1）轻～中度；（2）重度）：0=正常，没有入睡困难；1=主诉有入睡困难，上床半小时后仍不能入睡（要注意平时病人入睡的时间）；2=主诉每晚均有入睡困难。,high,no,moderate,,low,yes,explicit,16. 体重减轻：0=正常，没有体重减轻；1=患者诉述可能有体重减轻或一周内体重减轻超过0.5公斤；2=患者诉述肯定体重减轻或一周内体重减轻超过1公斤。,high,no,yes,14. 性症状（指性欲减退，月经紊乱等）：0=正常，没有性症状；1=轻度；2=重度；9=不能肯定，或该项对被评者不适合（不计入总分）。,high,no,strict_json_schema,- 仅输出纯 JSON 对象，不要输出任何代码块标记（如 ```json）。,high,no,yes,- 每个维度需输出 reasoning（打分的临床推断依据）和 confidence_score（0.00-1.00）。,high,no,item_score_required;sum_required,14. 性症状（指性欲减退，月经紊乱等）：0=正常，没有性症状；1=轻度；2=重度；9=不能肯定，或该项对被评者不适合（不计入总分）。,high,no,confidence_required,- 每个维度需输出 reasoning（打分的临床推断依据）和 confidence_score（0.00-1.00）。,high,no,2464,41,616,25,36,11
HAMD-17,Kimi-K2.6,思考,C13,PROMPT_000018,E:\数据库\代码\Data\PDCH\实验\_新结构_待启用\hamd正式使用提示词.docx,固定DOCX提示词文本；未使用任何模型表现结果。,required,- key_evidence 摘自输入文本。,high,no,yes,- key_evidence 摘自输入文本。,high,no,none,,high,no,implicit,,medium,no,infer_best_estimate,,medium,no,absent,,medium,no,absent,,high,no,moderate,,low,yes,implicit,,high,no,no,,medium,no,strict_json_schema,- 仅输出纯 JSON 对象，不要输出任何代码块标记（如 ```json）。,high,no,no,,medium,no,grade_conversion_required,"""severity_level"": ""正常 / 轻度抑郁 / 中度抑郁 / 重度抑郁"",",high,no,confidence_required;probability_required,- class_probabilities 中四个类别的概率之和为 1。,high,no,642,22,161,7,17,12
HAMD-17,Kimi-K2.6,思考,C14,PROMPT_000018,E:\数据库\代码\Data\PDCH\实验\_新结构_待启用\hamd正式使用提示词.docx,固定DOCX提示词文本；未使用任何模型表现结果。,required,- key_evidence 摘自输入文本。,high,no,yes,- key_evidence 摘自输入文本。,high,no,none,,high,no,implicit,,medium,no,infer_best_estimate,,medium,no,absent,,medium,no,absent,,high,no,moderate,,low,yes,implicit,,high,no,no,,medium,no,strict_json_schema,- 仅输出纯 JSON 对象，不要输出任何代码块标记（如 ```json）。,high,no,no,,medium,no,grade_conversion_required,"""severity_level"": ""正常 / 轻度抑郁 / 中度抑郁 / 重度抑郁"",",high,no,confidence_required;probability_required,- class_probabilities 中四个类别的概率之和为 1。,high,no,642,22,161,7,17,12
HAMD-17,Kimi-K2.6,思考,C15,PROMPT_000011,E:\数据库\代码\Data\PDCH\实验\_新结构_待启用\hamd正式使用提示词.docx,固定DOCX提示词文本；未使用任何模型表现结果。,required,- key_evidence 摘自输入文本或填 null。,high,no,yes,- key_evidence 摘自输入文本或填 null。,high,no,complete,大部分项目采用0～4分的5级评分法，各级标准为：（0）无；（1）轻度；（2）中度；（3）重度；（4）极重度；少数项目采用0～2分的3级评分法，各级标准为：（0）无；（1）轻～中度；（2）重度。,high,no,explicit,6. 早醒（末段失眠）：0=正常，没有早醒；1=有早醒，比平时早醒1小时，但能重新入睡（应排除平时的习惯）；2=早醒后无法重新入睡。,high,no,other,14. 性症状（指性欲减退，月经紊乱等）：0=正常，没有性症状；1=轻度；2=重度；9=不能肯定，或该项对被评者不适合（不计入总分）。,high,no,explicit_window,16. 体重减轻：0=正常，没有体重减轻；1=患者诉述可能有体重减轻或一周内体重减轻超过0.5公斤；2=患者诉述肯定体重减轻或一周内体重减轻超过1公斤。,high,no,explicit,4. 入睡困难（初段失眠，采用0～2分的3级评分法。各级的标准为：（0）无；（1）轻～中度；（2）重度）：0=正常，没有入睡困难；1=主诉有入睡困难，上床半小时后仍不能入睡（要注意平时病人入睡的时间）；2=主诉每晚均有入睡困难。,high,no,moderate,,low,yes,explicit,16. 体重减轻：0=正常，没有体重减轻；1=患者诉述可能有体重减轻或一周内体重减轻超过0.5公斤；2=患者诉述肯定体重减轻或一周内体重减轻超过1公斤。,high,no,yes,14. 性症状（指性欲减退，月经紊乱等）：0=正常，没有性症状；1=轻度；2=重度；9=不能肯定，或该项对被评者不适合（不计入总分）。,high,no,strict_json_schema,- 仅输出纯 JSON 对象，不要输出任何代码块标记（如 ```json）。,high,no,yes,- 每个维度需输出 reasoning（打分的临床推断依据）和 confidence_score（0.00-1.00）。,high,no,item_score_required;sum_required,14. 性症状（指性欲减退，月经紊乱等）：0=正常，没有性症状；1=轻度；2=重度；9=不能肯定，或该项对被评者不适合（不计入总分）。,high,no,confidence_required,- 每个维度需输出 reasoning（打分的临床推断依据）和 confidence_score（0.00-1.00）。,high,no,2400,41,600,25,36,11
HAMD-17,Kimi-K2.6,思考,C16,PROMPT_000011,E:\数据库\代码\Data\PDCH\实验\_新结构_待启用\hamd正式使用提示词.docx,固定DOCX提示词文本；未使用任何模型表现结果。,required,- key_evidence 摘自输入文本或填 null。,high,no,yes,- key_evidence 摘自输入文本或填 null。,high,no,complete,大部分项目采用0～4分的5级评分法，各级标准为：（0）无；（1）轻度；（2）中度；（3）重度；（4）极重度；少数项目采用0～2分的3级评分法，各级标准为：（0）无；（1）轻～中度；（2）重度。,high,no,explicit,6. 早醒（末段失眠）：0=正常，没有早醒；1=有早醒，比平时早醒1小时，但能重新入睡（应排除平时的习惯）；2=早醒后无法重新入睡。,high,no,other,14. 性症状（指性欲减退，月经紊乱等）：0=正常，没有性症状；1=轻度；2=重度；9=不能肯定，或该项对被评者不适合（不计入总分）。,high,no,explicit_window,16. 体重减轻：0=正常，没有体重减轻；1=患者诉述可能有体重减轻或一周内体重减轻超过0.5公斤；2=患者诉述肯定体重减轻或一周内体重减轻超过1公斤。,high,no,explicit,4. 入睡困难（初段失眠，采用0～2分的3级评分法。各级的标准为：（0）无；（1）轻～中度；（2）重度）：0=正常，没有入睡困难；1=主诉有入睡困难，上床半小时后仍不能入睡（要注意平时病人入睡的时间）；2=主诉每晚均有入睡困难。,high,no,moderate,,low,yes,explicit,16. 体重减轻：0=正常，没有体重减轻；1=患者诉述可能有体重减轻或一周内体重减轻超过0.5公斤；2=患者诉述肯定体重减轻或一周内体重减轻超过1公斤。,high,no,yes,14. 性症状（指性欲减退，月经紊乱等）：0=正常，没有性症状；1=轻度；2=重度；9=不能肯定，或该项对被评者不适合（不计入总分）。,high,no,strict_json_schema,- 仅输出纯 JSON 对象，不要输出任何代码块标记（如 ```json）。,high,no,yes,- 每个维度需输出 reasoning（打分的临床推断依据）和 confidence_score（0.00-1.00）。,high,no,item_score_required;sum_required,14. 性症状（指性欲减退，月经紊乱等）：0=正常，没有性症状；1=轻度；2=重度；9=不能肯定，或该项对被评者不适合（不计入总分）。,high,no,confidence_required,- 每个维度需输出 reasoning（打分的临床推断依据）和 confidence_score（0.00-1.00）。,high,no,2400,41,600,25,36,11
HAMD-17,Qwen3.7-Max,不思考,C01,PROMPT_000004,E:\数据库\代码\Data\PDCH\实验\_新结构_待启用\hamd正式使用提示词.docx,固定DOCX提示词文本；未使用任何模型表现结果。,required,- key_evidence 摘自输入文本。,high,no,yes,- key_evidence 摘自输入文本。,high,no,none,,high,no,implicit,,medium,no,infer_best_estimate,,medium,no,generic,,medium,no,absent,,high,no,moderate,,low,yes,implicit,,high,no,no,,medium,no,strict_json_schema,- 仅输出纯 JSON 对象，不要输出任何代码块标记（如 ```json）。,high,no,no,,medium,no,grade_conversion_required,"""severity_level"": ""正常 / 轻度抑郁 / 中度抑郁 / 重度抑郁"",",high,no,confidence_required;probability_required,- class_probabilities 中四个类别的概率之和为 1。,high,no,642,22,161,7,17,12
HAMD-17,Qwen3.7-Max,不思考,C02,PROMPT_000004,E:\数据库\代码\Data\PDCH\实验\_新结构_待启用\hamd正式使用提示词.docx,固定DOCX提示词文本；未使用任何模型表现结果。,required,- key_evidence 摘自输入文本。,high,no,yes,- key_evidence 摘自输入文本。,high,no,none,,high,no,implicit,,medium,no,infer_best_estimate,,medium,no,generic,,medium,no,absent,,high,no,moderate,,low,yes,implicit,,high,no,no,,medium,no,strict_json_schema,- 仅输出纯 JSON 对象，不要输出任何代码块标记（如 ```json）。,high,no,no,,medium,no,grade_conversion_required,"""severity_level"": ""正常 / 轻度抑郁 / 中度抑郁 / 重度抑郁"",",high,no,confidence_required;probability_required,- class_probabilities 中四个类别的概率之和为 1。,high,no,642,22,161,7,17,12
HAMD-17,Qwen3.7-Max,不思考,C03,PROMPT_000006,E:\数据库\代码\Data\PDCH\实验\_新结构_待启用\hamd正式使用提示词.docx,固定DOCX提示词文本；未使用任何模型表现结果。,required,- key_evidence 摘自输入文本或填 null。,high,no,yes,- key_evidence 摘自输入文本或填 null。,high,no,complete,大部分项目采用0～4分的5级评分法，各级标准为：（0）无；（1）轻度；（2）中度；（3）重度；（4）极重度；少数项目采用0～2分的3级评分法，各级标准为：（0）无；（1）轻～中度；（2）重度。,high,no,explicit,6. 早醒（末段失眠）：0=正常，没有早醒；1=有早醒，比平时早醒1小时，但能重新入睡（应排除平时的习惯）；2=早醒后无法重新入睡。,high,no,other,14. 性症状（指性欲减退，月经紊乱等）：0=正常，没有性症状；1=轻度；2=重度；9=不能肯定，或该项对被评者不适合（不计入总分）。,high,no,explicit_window,16. 体重减轻：0=正常，没有体重减轻；1=患者诉述可能有体重减轻或一周内体重减轻超过0.5公斤；2=患者诉述肯定体重减轻或一周内体重减轻超过1公斤。,high,no,explicit,4. 入睡困难（初段失眠，采用0～2分的3级评分法。各级的标准为：（0）无；（1）轻～中度；（2）重度）：0=正常，没有入睡困难；1=主诉有入睡困难，上床半小时后仍不能入睡（要注意平时病人入睡的时间）；2=主诉每晚均有入睡困难。,high,no,moderate,,low,yes,explicit,16. 体重减轻：0=正常，没有体重减轻；1=患者诉述可能有体重减轻或一周内体重减轻超过0.5公斤；2=患者诉述肯定体重减轻或一周内体重减轻超过1公斤。,high,no,yes,14. 性症状（指性欲减退，月经紊乱等）：0=正常，没有性症状；1=轻度；2=重度；9=不能肯定，或该项对被评者不适合（不计入总分）。,high,no,strict_json_schema,- 仅输出纯 JSON 对象，不要输出任何代码块标记（如 ```json）。,high,no,yes,- 每个维度需输出 reasoning（打分的临床推断依据）和 confidence_score（0.00-1.00）。,high,no,item_score_required;sum_required,14. 性症状（指性欲减退，月经紊乱等）：0=正常，没有性症状；1=轻度；2=重度；9=不能肯定，或该项对被评者不适合（不计入总分）。,high,no,confidence_required,- 每个维度需输出 reasoning（打分的临床推断依据）和 confidence_score（0.00-1.00）。,high,no,2400,41,600,25,36,11
HAMD-17,Qwen3.7-Max,不思考,C04,PROMPT_000006,E:\数据库\代码\Data\PDCH\实验\_新结构_待启用\hamd正式使用提示词.docx,固定DOCX提示词文本；未使用任何模型表现结果。,required,- key_evidence 摘自输入文本或填 null。,high,no,yes,- key_evidence 摘自输入文本或填 null。,high,no,complete,大部分项目采用0～4分的5级评分法，各级标准为：（0）无；（1）轻度；（2）中度；（3）重度；（4）极重度；少数项目采用0～2分的3级评分法，各级标准为：（0）无；（1）轻～中度；（2）重度。,high,no,explicit,6. 早醒（末段失眠）：0=正常，没有早醒；1=有早醒，比平时早醒1小时，但能重新入睡（应排除平时的习惯）；2=早醒后无法重新入睡。,high,no,other,14. 性症状（指性欲减退，月经紊乱等）：0=正常，没有性症状；1=轻度；2=重度；9=不能肯定，或该项对被评者不适合（不计入总分）。,high,no,explicit_window,16. 体重减轻：0=正常，没有体重减轻；1=患者诉述可能有体重减轻或一周内体重减轻超过0.5公斤；2=患者诉述肯定体重减轻或一周内体重减轻超过1公斤。,high,no,explicit,4. 入睡困难（初段失眠，采用0～2分的3级评分法。各级的标准为：（0）无；（1）轻～中度；（2）重度）：0=正常，没有入睡困难；1=主诉有入睡困难，上床半小时后仍不能入睡（要注意平时病人入睡的时间）；2=主诉每晚均有入睡困难。,high,no,moderate,,low,yes,explicit,16. 体重减轻：0=正常，没有体重减轻；1=患者诉述可能有体重减轻或一周内体重减轻超过0.5公斤；2=患者诉述肯定体重减轻或一周内体重减轻超过1公斤。,high,no,yes,14. 性症状（指性欲减退，月经紊乱等）：0=正常，没有性症状；1=轻度；2=重度；9=不能肯定，或该项对被评者不适合（不计入总分）。,high,no,strict_json_schema,- 仅输出纯 JSON 对象，不要输出任何代码块标记（如 ```json）。,high,no,yes,- 每个维度需输出 reasoning（打分的临床推断依据）和 confidence_score（0.00-1.00）。,high,no,item_score_required;sum_required,14. 性症状（指性欲减退，月经紊乱等）：0=正常，没有性症状；1=轻度；2=重度；9=不能肯定，或该项对被评者不适合（不计入总分）。,high,no,confidence_required,- 每个维度需输出 reasoning（打分的临床推断依据）和 confidence_score（0.00-1.00）。,high,no,2400,41,600,25,36,11
HAMD-17,Qwen3.7-Max,不思考,C05,PROMPT_000018,E:\数据库\代码\Data\PDCH\实验\_新结构_待启用\hamd正式使用提示词.docx,固定DOCX提示词文本；未使用任何模型表现结果。,required,- key_evidence 摘自输入文本。,high,no,yes,- key_evidence 摘自输入文本。,high,no,none,,high,no,implicit,,medium,no,infer_best_estimate,,medium,no,absent,,medium,no,absent,,high,no,moderate,,low,yes,implicit,,high,no,no,,medium,no,strict_json_schema,- 仅输出纯 JSON 对象，不要输出任何代码块标记（如 ```json）。,high,no,no,,medium,no,grade_conversion_required,"""severity_level"": ""正常 / 轻度抑郁 / 中度抑郁 / 重度抑郁"",",high,no,confidence_required;probability_required,- class_probabilities 中四个类别的概率之和为 1。,high,no,642,22,161,7,17,12
HAMD-17,Qwen3.7-Max,不思考,C06,PROMPT_000018,E:\数据库\代码\Data\PDCH\实验\_新结构_待启用\hamd正式使用提示词.docx,固定DOCX提示词文本；未使用任何模型表现结果。,required,- key_evidence 摘自输入文本。,high,no,yes,- key_evidence 摘自输入文本。,high,no,none,,high,no,implicit,,medium,no,infer_best_estimate,,medium,no,absent,,medium,no,absent,,high,no,moderate,,low,yes,implicit,,high,no,no,,medium,no,strict_json_schema,- 仅输出纯 JSON 对象，不要输出任何代码块标记（如 ```json）。,high,no,no,,medium,no,grade_conversion_required,"""severity_level"": ""正常 / 轻度抑郁 / 中度抑郁 / 重度抑郁"",",high,no,confidence_required;probability_required,- class_probabilities 中四个类别的概率之和为 1。,high,no,642,22,161,7,17,12
HAMD-17,Qwen3.7-Max,不思考,C07,PROMPT_000011,E:\数据库\代码\Data\PDCH\实验\_新结构_待启用\hamd正式使用提示词.docx,固定DOCX提示词文本；未使用任何模型表现结果。,required,- key_evidence 摘自输入文本或填 null。,high,no,yes,- key_evidence 摘自输入文本或填 null。,high,no,complete,大部分项目采用0～4分的5级评分法，各级标准为：（0）无；（1）轻度；（2）中度；（3）重度；（4）极重度；少数项目采用0～2分的3级评分法，各级标准为：（0）无；（1）轻～中度；（2）重度。,high,no,explicit,6. 早醒（末段失眠）：0=正常，没有早醒；1=有早醒，比平时早醒1小时，但能重新入睡（应排除平时的习惯）；2=早醒后无法重新入睡。,high,no,other,14. 性症状（指性欲减退，月经紊乱等）：0=正常，没有性症状；1=轻度；2=重度；9=不能肯定，或该项对被评者不适合（不计入总分）。,high,no,explicit_window,16. 体重减轻：0=正常，没有体重减轻；1=患者诉述可能有体重减轻或一周内体重减轻超过0.5公斤；2=患者诉述肯定体重减轻或一周内体重减轻超过1公斤。,high,no,explicit,4. 入睡困难（初段失眠，采用0～2分的3级评分法。各级的标准为：（0）无；（1）轻～中度；（2）重度）：0=正常，没有入睡困难；1=主诉有入睡困难，上床半小时后仍不能入睡（要注意平时病人入睡的时间）；2=主诉每晚均有入睡困难。,high,no,moderate,,low,yes,explicit,16. 体重减轻：0=正常，没有体重减轻；1=患者诉述可能有体重减轻或一周内体重减轻超过0.5公斤；2=患者诉述肯定体重减轻或一周内体重减轻超过1公斤。,high,no,yes,14. 性症状（指性欲减退，月经紊乱等）：0=正常，没有性症状；1=轻度；2=重度；9=不能肯定，或该项对被评者不适合（不计入总分）。,high,no,strict_json_schema,- 仅输出纯 JSON 对象，不要输出任何代码块标记（如 ```json）。,high,no,yes,- 每个维度需输出 reasoning（打分的临床推断依据）和 confidence_score（0.00-1.00）。,high,no,item_score_required;sum_required,14. 性症状（指性欲减退，月经紊乱等）：0=正常，没有性症状；1=轻度；2=重度；9=不能肯定，或该项对被评者不适合（不计入总分）。,high,no,confidence_required,- 每个维度需输出 reasoning（打分的临床推断依据）和 confidence_score（0.00-1.00）。,high,no,2400,41,600,25,36,11
HAMD-17,Qwen3.7-Max,不思考,C08,PROMPT_000011,E:\数据库\代码\Data\PDCH\实验\_新结构_待启用\hamd正式使用提示词.docx,固定DOCX提示词文本；未使用任何模型表现结果。,required,- key_evidence 摘自输入文本或填 null。,high,no,yes,- key_evidence 摘自输入文本或填 null。,high,no,complete,大部分项目采用0～4分的5级评分法，各级标准为：（0）无；（1）轻度；（2）中度；（3）重度；（4）极重度；少数项目采用0～2分的3级评分法，各级标准为：（0）无；（1）轻～中度；（2）重度。,high,no,explicit,6. 早醒（末段失眠）：0=正常，没有早醒；1=有早醒，比平时早醒1小时，但能重新入睡（应排除平时的习惯）；2=早醒后无法重新入睡。,high,no,other,14. 性症状（指性欲减退，月经紊乱等）：0=正常，没有性症状；1=轻度；2=重度；9=不能肯定，或该项对被评者不适合（不计入总分）。,high,no,explicit_window,16. 体重减轻：0=正常，没有体重减轻；1=患者诉述可能有体重减轻或一周内体重减轻超过0.5公斤；2=患者诉述肯定体重减轻或一周内体重减轻超过1公斤。,high,no,explicit,4. 入睡困难（初段失眠，采用0～2分的3级评分法。各级的标准为：（0）无；（1）轻～中度；（2）重度）：0=正常，没有入睡困难；1=主诉有入睡困难，上床半小时后仍不能入睡（要注意平时病人入睡的时间）；2=主诉每晚均有入睡困难。,high,no,moderate,,low,yes,explicit,16. 体重减轻：0=正常，没有体重减轻；1=患者诉述可能有体重减轻或一周内体重减轻超过0.5公斤；2=患者诉述肯定体重减轻或一周内体重减轻超过1公斤。,high,no,yes,14. 性症状（指性欲减退，月经紊乱等）：0=正常，没有性症状；1=轻度；2=重度；9=不能肯定，或该项对被评者不适合（不计入总分）。,high,no,strict_json_schema,- 仅输出纯 JSON 对象，不要输出任何代码块标记（如 ```json）。,high,no,yes,- 每个维度需输出 reasoning（打分的临床推断依据）和 confidence_score（0.00-1.00）。,high,no,item_score_required;sum_required,14. 性症状（指性欲减退，月经紊乱等）：0=正常，没有性症状；1=轻度；2=重度；9=不能肯定，或该项对被评者不适合（不计入总分）。,high,no,confidence_required,- 每个维度需输出 reasoning（打分的临床推断依据）和 confidence_score（0.00-1.00）。,high,no,2400,41,600,25,36,11
HAMD-17,Qwen3.7-Max,不思考,C09,PROMPT_000028,E:\数据库\代码\Data\PDCH\实验\_新结构_待启用\hamd正式使用提示词.docx,固定DOCX提示词文本；未使用任何模型表现结果。,required,- key_evidence 摘自输入文本。,high,no,yes,- key_evidence 摘自输入文本。,high,no,none,,high,no,implicit,,medium,no,infer_best_estimate,,medium,no,absent,,medium,no,absent,,high,no,moderate,,low,yes,implicit,,high,no,no,,medium,no,strict_json_schema,- 仅输出纯 JSON 对象，不要输出任何代码块标记（如 ```json）。,high,no,no,,medium,no,grade_conversion_required,"""severity_level"": ""正常 / 轻度抑郁 / 中度抑郁 / 重度抑郁"",",high,no,confidence_required;probability_required,- class_probabilities 中四个类别的概率之和为 1。,high,no,706,22,177,7,17,12
HAMD-17,Qwen3.7-Max,不思考,C10,PROMPT_000028,E:\数据库\代码\Data\PDCH\实验\_新结构_待启用\hamd正式使用提示词.docx,固定DOCX提示词文本；未使用任何模型表现结果。,required,- key_evidence 摘自输入文本。,high,no,yes,- key_evidence 摘自输入文本。,high,no,none,,high,no,implicit,,medium,no,infer_best_estimate,,medium,no,absent,,medium,no,absent,,high,no,moderate,,low,yes,implicit,,high,no,no,,medium,no,strict_json_schema,- 仅输出纯 JSON 对象，不要输出任何代码块标记（如 ```json）。,high,no,no,,medium,no,grade_conversion_required,"""severity_level"": ""正常 / 轻度抑郁 / 中度抑郁 / 重度抑郁"",",high,no,confidence_required;probability_required,- class_probabilities 中四个类别的概率之和为 1。,high,no,706,22,177,7,17,12
HAMD-17,Qwen3.7-Max,不思考,C11,PROMPT_000005,E:\数据库\代码\Data\PDCH\实验\_新结构_待启用\hamd正式使用提示词.docx,固定DOCX提示词文本；未使用任何模型表现结果。,required,- key_evidence 摘自输入文本或填 null。,high,no,yes,- key_evidence 摘自输入文本或填 null。,high,no,complete,大部分项目采用0～4分的5级评分法，各级标准为：（0）无；（1）轻度；（2）中度；（3）重度；（4）极重度；少数项目采用0～2分的3级评分法，各级标准为：（0）无；（1）轻～中度；（2）重度。,high,no,explicit,6. 早醒（末段失眠）：0=正常，没有早醒；1=有早醒，比平时早醒1小时，但能重新入睡（应排除平时的习惯）；2=早醒后无法重新入睡。,high,no,other,14. 性症状（指性欲减退，月经紊乱等）：0=正常，没有性症状；1=轻度；2=重度；9=不能肯定，或该项对被评者不适合（不计入总分）。,high,no,explicit_window,16. 体重减轻：0=正常，没有体重减轻；1=患者诉述可能有体重减轻或一周内体重减轻超过0.5公斤；2=患者诉述肯定体重减轻或一周内体重减轻超过1公斤。,high,no,explicit,4. 入睡困难（初段失眠，采用0～2分的3级评分法。各级的标准为：（0）无；（1）轻～中度；（2）重度）：0=正常，没有入睡困难；1=主诉有入睡困难，上床半小时后仍不能入睡（要注意平时病人入睡的时间）；2=主诉每晚均有入睡困难。,high,no,moderate,,low,yes,explicit,16. 体重减轻：0=正常，没有体重减轻；1=患者诉述可能有体重减轻或一周内体重减轻超过0.5公斤；2=患者诉述肯定体重减轻或一周内体重减轻超过1公斤。,high,no,yes,14. 性症状（指性欲减退，月经紊乱等）：0=正常，没有性症状；1=轻度；2=重度；9=不能肯定，或该项对被评者不适合（不计入总分）。,high,no,strict_json_schema,- 仅输出纯 JSON 对象，不要输出任何代码块标记（如 ```json）。,high,no,yes,- 每个维度需输出 reasoning（打分的临床推断依据）和 confidence_score（0.00-1.00）。,high,no,item_score_required;sum_required,14. 性症状（指性欲减退，月经紊乱等）：0=正常，没有性症状；1=轻度；2=重度；9=不能肯定，或该项对被评者不适合（不计入总分）。,high,no,confidence_required,- 每个维度需输出 reasoning（打分的临床推断依据）和 confidence_score（0.00-1.00）。,high,no,2464,41,616,25,36,11
HAMD-17,Qwen3.7-Max,不思考,C12,PROMPT_000005,E:\数据库\代码\Data\PDCH\实验\_新结构_待启用\hamd正式使用提示词.docx,固定DOCX提示词文本；未使用任何模型表现结果。,required,- key_evidence 摘自输入文本或填 null。,high,no,yes,- key_evidence 摘自输入文本或填 null。,high,no,complete,大部分项目采用0～4分的5级评分法，各级标准为：（0）无；（1）轻度；（2）中度；（3）重度；（4）极重度；少数项目采用0～2分的3级评分法，各级标准为：（0）无；（1）轻～中度；（2）重度。,high,no,explicit,6. 早醒（末段失眠）：0=正常，没有早醒；1=有早醒，比平时早醒1小时，但能重新入睡（应排除平时的习惯）；2=早醒后无法重新入睡。,high,no,other,14. 性症状（指性欲减退，月经紊乱等）：0=正常，没有性症状；1=轻度；2=重度；9=不能肯定，或该项对被评者不适合（不计入总分）。,high,no,explicit_window,16. 体重减轻：0=正常，没有体重减轻；1=患者诉述可能有体重减轻或一周内体重减轻超过0.5公斤；2=患者诉述肯定体重减轻或一周内体重减轻超过1公斤。,high,no,explicit,4. 入睡困难（初段失眠，采用0～2分的3级评分法。各级的标准为：（0）无；（1）轻～中度；（2）重度）：0=正常，没有入睡困难；1=主诉有入睡困难，上床半小时后仍不能入睡（要注意平时病人入睡的时间）；2=主诉每晚均有入睡困难。,high,no,moderate,,low,yes,explicit,16. 体重减轻：0=正常，没有体重减轻；1=患者诉述可能有体重减轻或一周内体重减轻超过0.5公斤；2=患者诉述肯定体重减轻或一周内体重减轻超过1公斤。,high,no,yes,14. 性症状（指性欲减退，月经紊乱等）：0=正常，没有性症状；1=轻度；2=重度；9=不能肯定，或该项对被评者不适合（不计入总分）。,high,no,strict_json_schema,- 仅输出纯 JSON 对象，不要输出任何代码块标记（如 ```json）。,high,no,yes,- 每个维度需输出 reasoning（打分的临床推断依据）和 confidence_score（0.00-1.00）。,high,no,item_score_required;sum_required,14. 性症状（指性欲减退，月经紊乱等）：0=正常，没有性症状；1=轻度；2=重度；9=不能肯定，或该项对被评者不适合（不计入总分）。,high,no,confidence_required,- 每个维度需输出 reasoning（打分的临床推断依据）和 confidence_score（0.00-1.00）。,high,no,2464,41,616,25,36,11
HAMD-17,Qwen3.7-Max,不思考,C13,PROMPT_000018,E:\数据库\代码\Data\PDCH\实验\_新结构_待启用\hamd正式使用提示词.docx,固定DOCX提示词文本；未使用任何模型表现结果。,required,- key_evidence 摘自输入文本。,high,no,yes,- key_evidence 摘自输入文本。,high,no,none,,high,no,implicit,,medium,no,infer_best_estimate,,medium,no,absent,,medium,no,absent,,high,no,moderate,,low,yes,implicit,,high,no,no,,medium,no,strict_json_schema,- 仅输出纯 JSON 对象，不要输出任何代码块标记（如 ```json）。,high,no,no,,medium,no,grade_conversion_required,"""severity_level"": ""正常 / 轻度抑郁 / 中度抑郁 / 重度抑郁"",",high,no,confidence_required;probability_required,- class_probabilities 中四个类别的概率之和为 1。,high,no,642,22,161,7,17,12
HAMD-17,Qwen3.7-Max,不思考,C14,PROMPT_000018,E:\数据库\代码\Data\PDCH\实验\_新结构_待启用\hamd正式使用提示词.docx,固定DOCX提示词文本；未使用任何模型表现结果。,required,- key_evidence 摘自输入文本。,high,no,yes,- key_evidence 摘自输入文本。,high,no,none,,high,no,implicit,,medium,no,infer_best_estimate,,medium,no,absent,,medium,no,absent,,high,no,moderate,,low,yes,implicit,,high,no,no,,medium,no,strict_json_schema,- 仅输出纯 JSON 对象，不要输出任何代码块标记（如 ```json）。,high,no,no,,medium,no,grade_conversion_required,"""severity_level"": ""正常 / 轻度抑郁 / 中度抑郁 / 重度抑郁"",",high,no,confidence_required;probability_required,- class_probabilities 中四个类别的概率之和为 1。,high,no,642,22,161,7,17,12
HAMD-17,Qwen3.7-Max,不思考,C15,PROMPT_000011,E:\数据库\代码\Data\PDCH\实验\_新结构_待启用\hamd正式使用提示词.docx,固定DOCX提示词文本；未使用任何模型表现结果。,required,- key_evidence 摘自输入文本或填 null。,high,no,yes,- key_evidence 摘自输入文本或填 null。,high,no,complete,大部分项目采用0～4分的5级评分法，各级标准为：（0）无；（1）轻度；（2）中度；（3）重度；（4）极重度；少数项目采用0～2分的3级评分法，各级标准为：（0）无；（1）轻～中度；（2）重度。,high,no,explicit,6. 早醒（末段失眠）：0=正常，没有早醒；1=有早醒，比平时早醒1小时，但能重新入睡（应排除平时的习惯）；2=早醒后无法重新入睡。,high,no,other,14. 性症状（指性欲减退，月经紊乱等）：0=正常，没有性症状；1=轻度；2=重度；9=不能肯定，或该项对被评者不适合（不计入总分）。,high,no,explicit_window,16. 体重减轻：0=正常，没有体重减轻；1=患者诉述可能有体重减轻或一周内体重减轻超过0.5公斤；2=患者诉述肯定体重减轻或一周内体重减轻超过1公斤。,high,no,explicit,4. 入睡困难（初段失眠，采用0～2分的3级评分法。各级的标准为：（0）无；（1）轻～中度；（2）重度）：0=正常，没有入睡困难；1=主诉有入睡困难，上床半小时后仍不能入睡（要注意平时病人入睡的时间）；2=主诉每晚均有入睡困难。,high,no,moderate,,low,yes,explicit,16. 体重减轻：0=正常，没有体重减轻；1=患者诉述可能有体重减轻或一周内体重减轻超过0.5公斤；2=患者诉述肯定体重减轻或一周内体重减轻超过1公斤。,high,no,yes,14. 性症状（指性欲减退，月经紊乱等）：0=正常，没有性症状；1=轻度；2=重度；9=不能肯定，或该项对被评者不适合（不计入总分）。,high,no,strict_json_schema,- 仅输出纯 JSON 对象，不要输出任何代码块标记（如 ```json）。,high,no,yes,- 每个维度需输出 reasoning（打分的临床推断依据）和 confidence_score（0.00-1.00）。,high,no,item_score_required;sum_required,14. 性症状（指性欲减退，月经紊乱等）：0=正常，没有性症状；1=轻度；2=重度；9=不能肯定，或该项对被评者不适合（不计入总分）。,high,no,confidence_required,- 每个维度需输出 reasoning（打分的临床推断依据）和 confidence_score（0.00-1.00）。,high,no,2400,41,600,25,36,11
HAMD-17,Qwen3.7-Max,不思考,C16,PROMPT_000011,E:\数据库\代码\Data\PDCH\实验\_新结构_待启用\hamd正式使用提示词.docx,固定DOCX提示词文本；未使用任何模型表现结果。,required,- key_evidence 摘自输入文本或填 null。,high,no,yes,- key_evidence 摘自输入文本或填 null。,high,no,complete,大部分项目采用0～4分的5级评分法，各级标准为：（0）无；（1）轻度；（2）中度；（3）重度；（4）极重度；少数项目采用0～2分的3级评分法，各级标准为：（0）无；（1）轻～中度；（2）重度。,high,no,explicit,6. 早醒（末段失眠）：0=正常，没有早醒；1=有早醒，比平时早醒1小时，但能重新入睡（应排除平时的习惯）；2=早醒后无法重新入睡。,high,no,other,14. 性症状（指性欲减退，月经紊乱等）：0=正常，没有性症状；1=轻度；2=重度；9=不能肯定，或该项对被评者不适合（不计入总分）。,high,no,explicit_window,16. 体重减轻：0=正常，没有体重减轻；1=患者诉述可能有体重减轻或一周内体重减轻超过0.5公斤；2=患者诉述肯定体重减轻或一周内体重减轻超过1公斤。,high,no,explicit,4. 入睡困难（初段失眠，采用0～2分的3级评分法。各级的标准为：（0）无；（1）轻～中度；（2）重度）：0=正常，没有入睡困难；1=主诉有入睡困难，上床半小时后仍不能入睡（要注意平时病人入睡的时间）；2=主诉每晚均有入睡困难。,high,no,moderate,,low,yes,explicit,16. 体重减轻：0=正常，没有体重减轻；1=患者诉述可能有体重减轻或一周内体重减轻超过0.5公斤；2=患者诉述肯定体重减轻或一周内体重减轻超过1公斤。,high,no,yes,14. 性症状（指性欲减退，月经紊乱等）：0=正常，没有性症状；1=轻度；2=重度；9=不能肯定，或该项对被评者不适合（不计入总分）。,high,no,strict_json_schema,- 仅输出纯 JSON 对象，不要输出任何代码块标记（如 ```json）。,high,no,yes,- 每个维度需输出 reasoning（打分的临床推断依据）和 confidence_score（0.00-1.00）。,high,no,item_score_required;sum_required,14. 性症状（指性欲减退，月经紊乱等）：0=正常，没有性症状；1=轻度；2=重度；9=不能肯定，或该项对被评者不适合（不计入总分）。,high,no,confidence_required,- 每个维度需输出 reasoning（打分的临床推断依据）和 confidence_score（0.00-1.00）。,high,no,2400,41,600,25,36,11
HAMD-17,Qwen3.7-Max,不思考,C17,PROMPT_000013,E:\数据库\代码\Data\PDCH\实验\_新结构_待启用\hamd正式使用提示词.docx,固定DOCX提示词文本；未使用任何模型表现结果。,required,基于当前片段中的有限临床线索，估计来访者整体抑郁严重程度等级，并输出关键证据、类别概率、判断理由和置信度。,high,no,yes,基于当前片段中的有限临床线索，估计来访者整体抑郁严重程度等级，并输出关键证据、类别概率、判断理由和置信度。,high,no,none,,high,no,implicit,,medium,no,infer_best_estimate,基于当前片段中的有限临床线索，估计来访者整体抑郁严重程度等级，并输出关键证据、类别概率、判断理由和置信度。,high,no,generic,基于当前片段中的有限临床线索，估计来访者整体抑郁严重程度等级，并输出关键证据、类别概率、判断理由和置信度。,high,no,absent,,high,no,conservative,基于当前片段中的有限临床线索，估计来访者整体抑郁严重程度等级，并输出关键证据、类别概率、判断理由和置信度。,high,no,implicit,,high,no,no,,medium,no,strict_json_schema,- 仅输出纯 JSON 对象，不要输出任何代码块标记（如 ```json）。,high,no,no,,medium,no,grade_conversion_required,"""severity_level"": ""正常 / 轻度抑郁 / 中度抑郁 / 重度抑郁"",",high,no,confidence_required;probability_required,基于当前片段中的有限临床线索，估计来访者整体抑郁严重程度等级，并输出关键证据、类别概率、判断理由和置信度。,high,no,653,22,164,7,17,12
HAMD-17,Qwen3.7-Max,不思考,C18,PROMPT_000013,E:\数据库\代码\Data\PDCH\实验\_新结构_待启用\hamd正式使用提示词.docx,固定DOCX提示词文本；未使用任何模型表现结果。,required,基于当前片段中的有限临床线索，估计来访者整体抑郁严重程度等级，并输出关键证据、类别概率、判断理由和置信度。,high,no,yes,基于当前片段中的有限临床线索，估计来访者整体抑郁严重程度等级，并输出关键证据、类别概率、判断理由和置信度。,high,no,none,,high,no,implicit,,medium,no,infer_best_estimate,基于当前片段中的有限临床线索，估计来访者整体抑郁严重程度等级，并输出关键证据、类别概率、判断理由和置信度。,high,no,generic,基于当前片段中的有限临床线索，估计来访者整体抑郁严重程度等级，并输出关键证据、类别概率、判断理由和置信度。,high,no,absent,,high,no,conservative,基于当前片段中的有限临床线索，估计来访者整体抑郁严重程度等级，并输出关键证据、类别概率、判断理由和置信度。,high,no,implicit,,high,no,no,,medium,no,strict_json_schema,- 仅输出纯 JSON 对象，不要输出任何代码块标记（如 ```json）。,high,no,no,,medium,no,grade_conversion_required,"""severity_level"": ""正常 / 轻度抑郁 / 中度抑郁 / 重度抑郁"",",high,no,confidence_required;probability_required,基于当前片段中的有限临床线索，估计来访者整体抑郁严重程度等级，并输出关键证据、类别概率、判断理由和置信度。,high,no,653,22,164,7,17,12
HAMD-17,Qwen3.7-Max,不思考,C19,PROMPT_000007,E:\数据库\代码\Data\PDCH\实验\_新结构_待启用\hamd正式使用提示词.docx,固定DOCX提示词文本；未使用任何模型表现结果。,required,- key_evidence 摘自输入文本。,high,no,yes,- key_evidence 摘自输入文本。,high,no,complete,大部分项目采用0～4分的5级评分法，各级标准为：（0）无；（1）轻度；（2）中度；（3）重度；（4）极重度；少数项目采用0～2分的3级评分法，各级标准为：（0）无；（1）轻～中度；（2）重度。,high,no,explicit,6. 早醒（末段失眠）：0=正常，没有早醒；1=有早醒，比平时早醒1小时，但能重新入睡（应排除平时的习惯）；2=早醒后无法重新入睡。,high,no,other,14. 性症状（指性欲减退，月经紊乱等）：0=正常，没有性症状；1=轻度；2=重度；9=不能肯定，或该项对被评者不适合（不计入总分）。,high,no,explicit_window,16. 体重减轻：0=正常，没有体重减轻；1=患者诉述可能有体重减轻或一周内体重减轻超过0.5公斤；2=患者诉述肯定体重减轻或一周内体重减轻超过1公斤。,high,no,explicit,4. 入睡困难（初段失眠，采用0～2分的3级评分法。各级的标准为：（0）无；（1）轻～中度；（2）重度）：0=正常，没有入睡困难；1=主诉有入睡困难，上床半小时后仍不能入睡（要注意平时病人入睡的时间）；2=主诉每晚均有入睡困难。,high,no,conservative,2. 结合当前片段中的症状线索和严重程度，在有限证据条件下估计来访者整体 HAMD-17 抑郁总分。,high,no,explicit,16. 体重减轻：0=正常，没有体重减轻；1=患者诉述可能有体重减轻或一周内体重减轻超过0.5公斤；2=患者诉述肯定体重减轻或一周内体重减轻超过1公斤。,high,no,yes,14. 性症状（指性欲减退，月经紊乱等）：0=正常，没有性症状；1=轻度；2=重度；9=不能肯定，或该项对被评者不适合（不计入总分）。,high,no,strict_json_schema,- 仅输出纯 JSON 对象，不要输出任何代码块标记（如 ```json）。,high,no,no,,medium,no,sum_required,14. 性症状（指性欲减退，月经紊乱等）：0=正常，没有性症状；1=轻度；2=重度；9=不能肯定，或该项对被评者不适合（不计入总分）。,high,no,confidence_required,基于当前事件片段中的有限临床线索，估计该来访者整体 HAMD-17 抑郁总分，并输出证据、理由和置信度。,high,no,2188,41,547,24,36,11
HAMD-17,Qwen3.7-Max,不思考,C20,PROMPT_000007,E:\数据库\代码\Data\PDCH\实验\_新结构_待启用\hamd正式使用提示词.docx,固定DOCX提示词文本；未使用任何模型表现结果。,required,- key_evidence 摘自输入文本。,high,no,yes,- key_evidence 摘自输入文本。,high,no,complete,大部分项目采用0～4分的5级评分法，各级标准为：（0）无；（1）轻度；（2）中度；（3）重度；（4）极重度；少数项目采用0～2分的3级评分法，各级标准为：（0）无；（1）轻～中度；（2）重度。,high,no,explicit,6. 早醒（末段失眠）：0=正常，没有早醒；1=有早醒，比平时早醒1小时，但能重新入睡（应排除平时的习惯）；2=早醒后无法重新入睡。,high,no,other,14. 性症状（指性欲减退，月经紊乱等）：0=正常，没有性症状；1=轻度；2=重度；9=不能肯定，或该项对被评者不适合（不计入总分）。,high,no,explicit_window,16. 体重减轻：0=正常，没有体重减轻；1=患者诉述可能有体重减轻或一周内体重减轻超过0.5公斤；2=患者诉述肯定体重减轻或一周内体重减轻超过1公斤。,high,no,explicit,4. 入睡困难（初段失眠，采用0～2分的3级评分法。各级的标准为：（0）无；（1）轻～中度；（2）重度）：0=正常，没有入睡困难；1=主诉有入睡困难，上床半小时后仍不能入睡（要注意平时病人入睡的时间）；2=主诉每晚均有入睡困难。,high,no,conservative,2. 结合当前片段中的症状线索和严重程度，在有限证据条件下估计来访者整体 HAMD-17 抑郁总分。,high,no,explicit,16. 体重减轻：0=正常，没有体重减轻；1=患者诉述可能有体重减轻或一周内体重减轻超过0.5公斤；2=患者诉述肯定体重减轻或一周内体重减轻超过1公斤。,high,no,yes,14. 性症状（指性欲减退，月经紊乱等）：0=正常，没有性症状；1=轻度；2=重度；9=不能肯定，或该项对被评者不适合（不计入总分）。,high,no,strict_json_schema,- 仅输出纯 JSON 对象，不要输出任何代码块标记（如 ```json）。,high,no,no,,medium,no,sum_required,14. 性症状（指性欲减退，月经紊乱等）：0=正常，没有性症状；1=轻度；2=重度；9=不能肯定，或该项对被评者不适合（不计入总分）。,high,no,confidence_required,基于当前事件片段中的有限临床线索，估计该来访者整体 HAMD-17 抑郁总分，并输出证据、理由和置信度。,high,no,2188,41,547,24,36,11
HAMD-17,Qwen3.7-Max,不思考,C21,PROMPT_000017,E:\数据库\代码\Data\PDCH\实验\_新结构_待启用\hamd正式使用提示词.docx,固定DOCX提示词文本；未使用任何模型表现结果。,required,基于当前片段中的有限临床线索，估计来访者整体抑郁严重程度等级，并输出关键证据、类别概率、判断理由和置信度。,high,no,yes,基于当前片段中的有限临床线索，估计来访者整体抑郁严重程度等级，并输出关键证据、类别概率、判断理由和置信度。,high,no,none,,high,no,implicit,,medium,no,infer_best_estimate,基于当前片段中的有限临床线索，估计来访者整体抑郁严重程度等级，并输出关键证据、类别概率、判断理由和置信度。,high,no,generic,基于当前片段中的有限临床线索，估计来访者整体抑郁严重程度等级，并输出关键证据、类别概率、判断理由和置信度。,high,no,absent,,high,no,conservative,基于当前片段中的有限临床线索，估计来访者整体抑郁严重程度等级，并输出关键证据、类别概率、判断理由和置信度。,high,no,implicit,,high,no,no,,medium,no,strict_json_schema,- 仅输出纯 JSON 对象，不要输出任何代码块标记（如 ```json）。,high,no,no,,medium,no,grade_conversion_required,"""severity_level"": ""正常 / 轻度抑郁 / 中度抑郁 / 重度抑郁"",",high,no,confidence_required;probability_required,基于当前片段中的有限临床线索，估计来访者整体抑郁严重程度等级，并输出关键证据、类别概率、判断理由和置信度。,high,no,653,22,164,7,17,12
HAMD-17,Qwen3.7-Max,不思考,C22,PROMPT_000017,E:\数据库\代码\Data\PDCH\实验\_新结构_待启用\hamd正式使用提示词.docx,固定DOCX提示词文本；未使用任何模型表现结果。,required,基于当前片段中的有限临床线索，估计来访者整体抑郁严重程度等级，并输出关键证据、类别概率、判断理由和置信度。,high,no,yes,基于当前片段中的有限临床线索，估计来访者整体抑郁严重程度等级，并输出关键证据、类别概率、判断理由和置信度。,high,no,none,,high,no,implicit,,medium,no,infer_best_estimate,基于当前片段中的有限临床线索，估计来访者整体抑郁严重程度等级，并输出关键证据、类别概率、判断理由和置信度。,high,no,generic,基于当前片段中的有限临床线索，估计来访者整体抑郁严重程度等级，并输出关键证据、类别概率、判断理由和置信度。,high,no,absent,,high,no,conservative,基于当前片段中的有限临床线索，估计来访者整体抑郁严重程度等级，并输出关键证据、类别概率、判断理由和置信度。,high,no,implicit,,high,no,no,,medium,no,strict_json_schema,- 仅输出纯 JSON 对象，不要输出任何代码块标记（如 ```json）。,high,no,no,,medium,no,grade_conversion_required,"""severity_level"": ""正常 / 轻度抑郁 / 中度抑郁 / 重度抑郁"",",high,no,confidence_required;probability_required,基于当前片段中的有限临床线索，估计来访者整体抑郁严重程度等级，并输出关键证据、类别概率、判断理由和置信度。,high,no,653,22,164,7,17,12
HAMD-17,Qwen3.7-Max,不思考,C23,PROMPT_000020,E:\数据库\代码\Data\PDCH\实验\_新结构_待启用\hamd正式使用提示词.docx,固定DOCX提示词文本；未使用任何模型表现结果。,required,- key_evidence 摘自输入文本。,high,no,yes,- key_evidence 摘自输入文本。,high,no,complete,大部分项目采用0～4分的5级评分法，各级标准为：（0）无；（1）轻度；（2）中度；（3）重度；（4）极重度；少数项目采用0～2分的3级评分法，各级标准为：（0）无；（1）轻～中度；（2）重度。,high,no,explicit,6. 早醒（末段失眠）：0=正常，没有早醒；1=有早醒，比平时早醒1小时，但能重新入睡（应排除平时的习惯）；2=早醒后无法重新入睡。,high,no,other,14. 性症状（指性欲减退，月经紊乱等）：0=正常，没有性症状；1=轻度；2=重度；9=不能肯定，或该项对被评者不适合（不计入总分）。,high,no,explicit_window,16. 体重减轻：0=正常，没有体重减轻；1=患者诉述可能有体重减轻或一周内体重减轻超过0.5公斤；2=患者诉述肯定体重减轻或一周内体重减轻超过1公斤。,high,no,explicit,4. 入睡困难（初段失眠，采用0～2分的3级评分法。各级的标准为：（0）无；（1）轻～中度；（2）重度）：0=正常，没有入睡困难；1=主诉有入睡困难，上床半小时后仍不能入睡（要注意平时病人入睡的时间）；2=主诉每晚均有入睡困难。,high,no,conservative,2. 结合当前片段中的症状线索和严重程度，在有限证据条件下估计来访者整体 HAMD-17 抑郁总分。,high,no,explicit,16. 体重减轻：0=正常，没有体重减轻；1=患者诉述可能有体重减轻或一周内体重减轻超过0.5公斤；2=患者诉述肯定体重减轻或一周内体重减轻超过1公斤。,high,no,yes,14. 性症状（指性欲减退，月经紊乱等）：0=正常，没有性症状；1=轻度；2=重度；9=不能肯定，或该项对被评者不适合（不计入总分）。,high,no,strict_json_schema,- 仅输出纯 JSON 对象，不要输出任何代码块标记（如 ```json）。,high,no,no,,medium,no,sum_required,14. 性症状（指性欲减退，月经紊乱等）：0=正常，没有性症状；1=轻度；2=重度；9=不能肯定，或该项对被评者不适合（不计入总分）。,high,no,confidence_required,基于当前事件片段中的有限临床线索，估计该来访者整体 HAMD-17 抑郁总分，并输出证据、理由和置信度。,high,no,2188,41,547,24,36,11
HAMD-17,Qwen3.7-Max,不思考,C24,PROMPT_000020,E:\数据库\代码\Data\PDCH\实验\_新结构_待启用\hamd正式使用提示词.docx,固定DOCX提示词文本；未使用任何模型表现结果。,required,- key_evidence 摘自输入文本。,high,no,yes,- key_evidence 摘自输入文本。,high,no,complete,大部分项目采用0～4分的5级评分法，各级标准为：（0）无；（1）轻度；（2）中度；（3）重度；（4）极重度；少数项目采用0～2分的3级评分法，各级标准为：（0）无；（1）轻～中度；（2）重度。,high,no,explicit,6. 早醒（末段失眠）：0=正常，没有早醒；1=有早醒，比平时早醒1小时，但能重新入睡（应排除平时的习惯）；2=早醒后无法重新入睡。,high,no,other,14. 性症状（指性欲减退，月经紊乱等）：0=正常，没有性症状；1=轻度；2=重度；9=不能肯定，或该项对被评者不适合（不计入总分）。,high,no,explicit_window,16. 体重减轻：0=正常，没有体重减轻；1=患者诉述可能有体重减轻或一周内体重减轻超过0.5公斤；2=患者诉述肯定体重减轻或一周内体重减轻超过1公斤。,high,no,explicit,4. 入睡困难（初段失眠，采用0～2分的3级评分法。各级的标准为：（0）无；（1）轻～中度；（2）重度）：0=正常，没有入睡困难；1=主诉有入睡困难，上床半小时后仍不能入睡（要注意平时病人入睡的时间）；2=主诉每晚均有入睡困难。,high,no,conservative,2. 结合当前片段中的症状线索和严重程度，在有限证据条件下估计来访者整体 HAMD-17 抑郁总分。,high,no,explicit,16. 体重减轻：0=正常，没有体重减轻；1=患者诉述可能有体重减轻或一周内体重减轻超过0.5公斤；2=患者诉述肯定体重减轻或一周内体重减轻超过1公斤。,high,no,yes,14. 性症状（指性欲减退，月经紊乱等）：0=正常，没有性症状；1=轻度；2=重度；9=不能肯定，或该项对被评者不适合（不计入总分）。,high,no,strict_json_schema,- 仅输出纯 JSON 对象，不要输出任何代码块标记（如 ```json）。,high,no,no,,medium,no,sum_required,14. 性症状（指性欲减退，月经紊乱等）：0=正常，没有性症状；1=轻度；2=重度；9=不能肯定，或该项对被评者不适合（不计入总分）。,high,no,confidence_required,基于当前事件片段中的有限临床线索，估计该来访者整体 HAMD-17 抑郁总分，并输出证据、理由和置信度。,high,no,2188,41,547,24,36,11
HAMD-17,Qwen3.7-Max,思考,C01,PROMPT_000004,E:\数据库\代码\Data\PDCH\实验\_新结构_待启用\hamd正式使用提示词.docx,固定DOCX提示词文本；未使用任何模型表现结果。,required,- key_evidence 摘自输入文本。,high,no,yes,- key_evidence 摘自输入文本。,high,no,none,,high,no,implicit,,medium,no,infer_best_estimate,,medium,no,generic,,medium,no,absent,,high,no,moderate,,low,yes,implicit,,high,no,no,,medium,no,strict_json_schema,- 仅输出纯 JSON 对象，不要输出任何代码块标记（如 ```json）。,high,no,no,,medium,no,grade_conversion_required,"""severity_level"": ""正常 / 轻度抑郁 / 中度抑郁 / 重度抑郁"",",high,no,confidence_required;probability_required,- class_probabilities 中四个类别的概率之和为 1。,high,no,642,22,161,7,17,12
HAMD-17,Qwen3.7-Max,思考,C02,PROMPT_000004,E:\数据库\代码\Data\PDCH\实验\_新结构_待启用\hamd正式使用提示词.docx,固定DOCX提示词文本；未使用任何模型表现结果。,required,- key_evidence 摘自输入文本。,high,no,yes,- key_evidence 摘自输入文本。,high,no,none,,high,no,implicit,,medium,no,infer_best_estimate,,medium,no,generic,,medium,no,absent,,high,no,moderate,,low,yes,implicit,,high,no,no,,medium,no,strict_json_schema,- 仅输出纯 JSON 对象，不要输出任何代码块标记（如 ```json）。,high,no,no,,medium,no,grade_conversion_required,"""severity_level"": ""正常 / 轻度抑郁 / 中度抑郁 / 重度抑郁"",",high,no,confidence_required;probability_required,- class_probabilities 中四个类别的概率之和为 1。,high,no,642,22,161,7,17,12
HAMD-17,Qwen3.7-Max,思考,C03,PROMPT_000006,E:\数据库\代码\Data\PDCH\实验\_新结构_待启用\hamd正式使用提示词.docx,固定DOCX提示词文本；未使用任何模型表现结果。,required,- key_evidence 摘自输入文本或填 null。,high,no,yes,- key_evidence 摘自输入文本或填 null。,high,no,complete,大部分项目采用0～4分的5级评分法，各级标准为：（0）无；（1）轻度；（2）中度；（3）重度；（4）极重度；少数项目采用0～2分的3级评分法，各级标准为：（0）无；（1）轻～中度；（2）重度。,high,no,explicit,6. 早醒（末段失眠）：0=正常，没有早醒；1=有早醒，比平时早醒1小时，但能重新入睡（应排除平时的习惯）；2=早醒后无法重新入睡。,high,no,other,14. 性症状（指性欲减退，月经紊乱等）：0=正常，没有性症状；1=轻度；2=重度；9=不能肯定，或该项对被评者不适合（不计入总分）。,high,no,explicit_window,16. 体重减轻：0=正常，没有体重减轻；1=患者诉述可能有体重减轻或一周内体重减轻超过0.5公斤；2=患者诉述肯定体重减轻或一周内体重减轻超过1公斤。,high,no,explicit,4. 入睡困难（初段失眠，采用0～2分的3级评分法。各级的标准为：（0）无；（1）轻～中度；（2）重度）：0=正常，没有入睡困难；1=主诉有入睡困难，上床半小时后仍不能入睡（要注意平时病人入睡的时间）；2=主诉每晚均有入睡困难。,high,no,moderate,,low,yes,explicit,16. 体重减轻：0=正常，没有体重减轻；1=患者诉述可能有体重减轻或一周内体重减轻超过0.5公斤；2=患者诉述肯定体重减轻或一周内体重减轻超过1公斤。,high,no,yes,14. 性症状（指性欲减退，月经紊乱等）：0=正常，没有性症状；1=轻度；2=重度；9=不能肯定，或该项对被评者不适合（不计入总分）。,high,no,strict_json_schema,- 仅输出纯 JSON 对象，不要输出任何代码块标记（如 ```json）。,high,no,yes,- 每个维度需输出 reasoning（打分的临床推断依据）和 confidence_score（0.00-1.00）。,high,no,item_score_required;sum_required,14. 性症状（指性欲减退，月经紊乱等）：0=正常，没有性症状；1=轻度；2=重度；9=不能肯定，或该项对被评者不适合（不计入总分）。,high,no,confidence_required,- 每个维度需输出 reasoning（打分的临床推断依据）和 confidence_score（0.00-1.00）。,high,no,2400,41,600,25,36,11
HAMD-17,Qwen3.7-Max,思考,C04,PROMPT_000006,E:\数据库\代码\Data\PDCH\实验\_新结构_待启用\hamd正式使用提示词.docx,固定DOCX提示词文本；未使用任何模型表现结果。,required,- key_evidence 摘自输入文本或填 null。,high,no,yes,- key_evidence 摘自输入文本或填 null。,high,no,complete,大部分项目采用0～4分的5级评分法，各级标准为：（0）无；（1）轻度；（2）中度；（3）重度；（4）极重度；少数项目采用0～2分的3级评分法，各级标准为：（0）无；（1）轻～中度；（2）重度。,high,no,explicit,6. 早醒（末段失眠）：0=正常，没有早醒；1=有早醒，比平时早醒1小时，但能重新入睡（应排除平时的习惯）；2=早醒后无法重新入睡。,high,no,other,14. 性症状（指性欲减退，月经紊乱等）：0=正常，没有性症状；1=轻度；2=重度；9=不能肯定，或该项对被评者不适合（不计入总分）。,high,no,explicit_window,16. 体重减轻：0=正常，没有体重减轻；1=患者诉述可能有体重减轻或一周内体重减轻超过0.5公斤；2=患者诉述肯定体重减轻或一周内体重减轻超过1公斤。,high,no,explicit,4. 入睡困难（初段失眠，采用0～2分的3级评分法。各级的标准为：（0）无；（1）轻～中度；（2）重度）：0=正常，没有入睡困难；1=主诉有入睡困难，上床半小时后仍不能入睡（要注意平时病人入睡的时间）；2=主诉每晚均有入睡困难。,high,no,moderate,,low,yes,explicit,16. 体重减轻：0=正常，没有体重减轻；1=患者诉述可能有体重减轻或一周内体重减轻超过0.5公斤；2=患者诉述肯定体重减轻或一周内体重减轻超过1公斤。,high,no,yes,14. 性症状（指性欲减退，月经紊乱等）：0=正常，没有性症状；1=轻度；2=重度；9=不能肯定，或该项对被评者不适合（不计入总分）。,high,no,strict_json_schema,- 仅输出纯 JSON 对象，不要输出任何代码块标记（如 ```json）。,high,no,yes,- 每个维度需输出 reasoning（打分的临床推断依据）和 confidence_score（0.00-1.00）。,high,no,item_score_required;sum_required,14. 性症状（指性欲减退，月经紊乱等）：0=正常，没有性症状；1=轻度；2=重度；9=不能肯定，或该项对被评者不适合（不计入总分）。,high,no,confidence_required,- 每个维度需输出 reasoning（打分的临床推断依据）和 confidence_score（0.00-1.00）。,high,no,2400,41,600,25,36,11
HAMD-17,Qwen3.7-Max,思考,C05,PROMPT_000018,E:\数据库\代码\Data\PDCH\实验\_新结构_待启用\hamd正式使用提示词.docx,固定DOCX提示词文本；未使用任何模型表现结果。,required,- key_evidence 摘自输入文本。,high,no,yes,- key_evidence 摘自输入文本。,high,no,none,,high,no,implicit,,medium,no,infer_best_estimate,,medium,no,absent,,medium,no,absent,,high,no,moderate,,low,yes,implicit,,high,no,no,,medium,no,strict_json_schema,- 仅输出纯 JSON 对象，不要输出任何代码块标记（如 ```json）。,high,no,no,,medium,no,grade_conversion_required,"""severity_level"": ""正常 / 轻度抑郁 / 中度抑郁 / 重度抑郁"",",high,no,confidence_required;probability_required,- class_probabilities 中四个类别的概率之和为 1。,high,no,642,22,161,7,17,12
HAMD-17,Qwen3.7-Max,思考,C06,PROMPT_000018,E:\数据库\代码\Data\PDCH\实验\_新结构_待启用\hamd正式使用提示词.docx,固定DOCX提示词文本；未使用任何模型表现结果。,required,- key_evidence 摘自输入文本。,high,no,yes,- key_evidence 摘自输入文本。,high,no,none,,high,no,implicit,,medium,no,infer_best_estimate,,medium,no,absent,,medium,no,absent,,high,no,moderate,,low,yes,implicit,,high,no,no,,medium,no,strict_json_schema,- 仅输出纯 JSON 对象，不要输出任何代码块标记（如 ```json）。,high,no,no,,medium,no,grade_conversion_required,"""severity_level"": ""正常 / 轻度抑郁 / 中度抑郁 / 重度抑郁"",",high,no,confidence_required;probability_required,- class_probabilities 中四个类别的概率之和为 1。,high,no,642,22,161,7,17,12
HAMD-17,Qwen3.7-Max,思考,C07,PROMPT_000011,E:\数据库\代码\Data\PDCH\实验\_新结构_待启用\hamd正式使用提示词.docx,固定DOCX提示词文本；未使用任何模型表现结果。,required,- key_evidence 摘自输入文本或填 null。,high,no,yes,- key_evidence 摘自输入文本或填 null。,high,no,complete,大部分项目采用0～4分的5级评分法，各级标准为：（0）无；（1）轻度；（2）中度；（3）重度；（4）极重度；少数项目采用0～2分的3级评分法，各级标准为：（0）无；（1）轻～中度；（2）重度。,high,no,explicit,6. 早醒（末段失眠）：0=正常，没有早醒；1=有早醒，比平时早醒1小时，但能重新入睡（应排除平时的习惯）；2=早醒后无法重新入睡。,high,no,other,14. 性症状（指性欲减退，月经紊乱等）：0=正常，没有性症状；1=轻度；2=重度；9=不能肯定，或该项对被评者不适合（不计入总分）。,high,no,explicit_window,16. 体重减轻：0=正常，没有体重减轻；1=患者诉述可能有体重减轻或一周内体重减轻超过0.5公斤；2=患者诉述肯定体重减轻或一周内体重减轻超过1公斤。,high,no,explicit,4. 入睡困难（初段失眠，采用0～2分的3级评分法。各级的标准为：（0）无；（1）轻～中度；（2）重度）：0=正常，没有入睡困难；1=主诉有入睡困难，上床半小时后仍不能入睡（要注意平时病人入睡的时间）；2=主诉每晚均有入睡困难。,high,no,moderate,,low,yes,explicit,16. 体重减轻：0=正常，没有体重减轻；1=患者诉述可能有体重减轻或一周内体重减轻超过0.5公斤；2=患者诉述肯定体重减轻或一周内体重减轻超过1公斤。,high,no,yes,14. 性症状（指性欲减退，月经紊乱等）：0=正常，没有性症状；1=轻度；2=重度；9=不能肯定，或该项对被评者不适合（不计入总分）。,high,no,strict_json_schema,- 仅输出纯 JSON 对象，不要输出任何代码块标记（如 ```json）。,high,no,yes,- 每个维度需输出 reasoning（打分的临床推断依据）和 confidence_score（0.00-1.00）。,high,no,item_score_required;sum_required,14. 性症状（指性欲减退，月经紊乱等）：0=正常，没有性症状；1=轻度；2=重度；9=不能肯定，或该项对被评者不适合（不计入总分）。,high,no,confidence_required,- 每个维度需输出 reasoning（打分的临床推断依据）和 confidence_score（0.00-1.00）。,high,no,2400,41,600,25,36,11
HAMD-17,Qwen3.7-Max,思考,C08,PROMPT_000011,E:\数据库\代码\Data\PDCH\实验\_新结构_待启用\hamd正式使用提示词.docx,固定DOCX提示词文本；未使用任何模型表现结果。,required,- key_evidence 摘自输入文本或填 null。,high,no,yes,- key_evidence 摘自输入文本或填 null。,high,no,complete,大部分项目采用0～4分的5级评分法，各级标准为：（0）无；（1）轻度；（2）中度；（3）重度；（4）极重度；少数项目采用0～2分的3级评分法，各级标准为：（0）无；（1）轻～中度；（2）重度。,high,no,explicit,6. 早醒（末段失眠）：0=正常，没有早醒；1=有早醒，比平时早醒1小时，但能重新入睡（应排除平时的习惯）；2=早醒后无法重新入睡。,high,no,other,14. 性症状（指性欲减退，月经紊乱等）：0=正常，没有性症状；1=轻度；2=重度；9=不能肯定，或该项对被评者不适合（不计入总分）。,high,no,explicit_window,16. 体重减轻：0=正常，没有体重减轻；1=患者诉述可能有体重减轻或一周内体重减轻超过0.5公斤；2=患者诉述肯定体重减轻或一周内体重减轻超过1公斤。,high,no,explicit,4. 入睡困难（初段失眠，采用0～2分的3级评分法。各级的标准为：（0）无；（1）轻～中度；（2）重度）：0=正常，没有入睡困难；1=主诉有入睡困难，上床半小时后仍不能入睡（要注意平时病人入睡的时间）；2=主诉每晚均有入睡困难。,high,no,moderate,,low,yes,explicit,16. 体重减轻：0=正常，没有体重减轻；1=患者诉述可能有体重减轻或一周内体重减轻超过0.5公斤；2=患者诉述肯定体重减轻或一周内体重减轻超过1公斤。,high,no,yes,14. 性症状（指性欲减退，月经紊乱等）：0=正常，没有性症状；1=轻度；2=重度；9=不能肯定，或该项对被评者不适合（不计入总分）。,high,no,strict_json_schema,- 仅输出纯 JSON 对象，不要输出任何代码块标记（如 ```json）。,high,no,yes,- 每个维度需输出 reasoning（打分的临床推断依据）和 confidence_score（0.00-1.00）。,high,no,item_score_required;sum_required,14. 性症状（指性欲减退，月经紊乱等）：0=正常，没有性症状；1=轻度；2=重度；9=不能肯定，或该项对被评者不适合（不计入总分）。,high,no,confidence_required,- 每个维度需输出 reasoning（打分的临床推断依据）和 confidence_score（0.00-1.00）。,high,no,2400,41,600,25,36,11
HAMD-17,Qwen3.7-Max,思考,C09,PROMPT_000028,E:\数据库\代码\Data\PDCH\实验\_新结构_待启用\hamd正式使用提示词.docx,固定DOCX提示词文本；未使用任何模型表现结果。,required,- key_evidence 摘自输入文本。,high,no,yes,- key_evidence 摘自输入文本。,high,no,none,,high,no,implicit,,medium,no,infer_best_estimate,,medium,no,absent,,medium,no,absent,,high,no,moderate,,low,yes,implicit,,high,no,no,,medium,no,strict_json_schema,- 仅输出纯 JSON 对象，不要输出任何代码块标记（如 ```json）。,high,no,no,,medium,no,grade_conversion_required,"""severity_level"": ""正常 / 轻度抑郁 / 中度抑郁 / 重度抑郁"",",high,no,confidence_required;probability_required,- class_probabilities 中四个类别的概率之和为 1。,high,no,706,22,177,7,17,12
HAMD-17,Qwen3.7-Max,思考,C10,PROMPT_000028,E:\数据库\代码\Data\PDCH\实验\_新结构_待启用\hamd正式使用提示词.docx,固定DOCX提示词文本；未使用任何模型表现结果。,required,- key_evidence 摘自输入文本。,high,no,yes,- key_evidence 摘自输入文本。,high,no,none,,high,no,implicit,,medium,no,infer_best_estimate,,medium,no,absent,,medium,no,absent,,high,no,moderate,,low,yes,implicit,,high,no,no,,medium,no,strict_json_schema,- 仅输出纯 JSON 对象，不要输出任何代码块标记（如 ```json）。,high,no,no,,medium,no,grade_conversion_required,"""severity_level"": ""正常 / 轻度抑郁 / 中度抑郁 / 重度抑郁"",",high,no,confidence_required;probability_required,- class_probabilities 中四个类别的概率之和为 1。,high,no,706,22,177,7,17,12
HAMD-17,Qwen3.7-Max,思考,C11,PROMPT_000005,E:\数据库\代码\Data\PDCH\实验\_新结构_待启用\hamd正式使用提示词.docx,固定DOCX提示词文本；未使用任何模型表现结果。,required,- key_evidence 摘自输入文本或填 null。,high,no,yes,- key_evidence 摘自输入文本或填 null。,high,no,complete,大部分项目采用0～4分的5级评分法，各级标准为：（0）无；（1）轻度；（2）中度；（3）重度；（4）极重度；少数项目采用0～2分的3级评分法，各级标准为：（0）无；（1）轻～中度；（2）重度。,high,no,explicit,6. 早醒（末段失眠）：0=正常，没有早醒；1=有早醒，比平时早醒1小时，但能重新入睡（应排除平时的习惯）；2=早醒后无法重新入睡。,high,no,other,14. 性症状（指性欲减退，月经紊乱等）：0=正常，没有性症状；1=轻度；2=重度；9=不能肯定，或该项对被评者不适合（不计入总分）。,high,no,explicit_window,16. 体重减轻：0=正常，没有体重减轻；1=患者诉述可能有体重减轻或一周内体重减轻超过0.5公斤；2=患者诉述肯定体重减轻或一周内体重减轻超过1公斤。,high,no,explicit,4. 入睡困难（初段失眠，采用0～2分的3级评分法。各级的标准为：（0）无；（1）轻～中度；（2）重度）：0=正常，没有入睡困难；1=主诉有入睡困难，上床半小时后仍不能入睡（要注意平时病人入睡的时间）；2=主诉每晚均有入睡困难。,high,no,moderate,,low,yes,explicit,16. 体重减轻：0=正常，没有体重减轻；1=患者诉述可能有体重减轻或一周内体重减轻超过0.5公斤；2=患者诉述肯定体重减轻或一周内体重减轻超过1公斤。,high,no,yes,14. 性症状（指性欲减退，月经紊乱等）：0=正常，没有性症状；1=轻度；2=重度；9=不能肯定，或该项对被评者不适合（不计入总分）。,high,no,strict_json_schema,- 仅输出纯 JSON 对象，不要输出任何代码块标记（如 ```json）。,high,no,yes,- 每个维度需输出 reasoning（打分的临床推断依据）和 confidence_score（0.00-1.00）。,high,no,item_score_required;sum_required,14. 性症状（指性欲减退，月经紊乱等）：0=正常，没有性症状；1=轻度；2=重度；9=不能肯定，或该项对被评者不适合（不计入总分）。,high,no,confidence_required,- 每个维度需输出 reasoning（打分的临床推断依据）和 confidence_score（0.00-1.00）。,high,no,2464,41,616,25,36,11
HAMD-17,Qwen3.7-Max,思考,C12,PROMPT_000005,E:\数据库\代码\Data\PDCH\实验\_新结构_待启用\hamd正式使用提示词.docx,固定DOCX提示词文本；未使用任何模型表现结果。,required,- key_evidence 摘自输入文本或填 null。,high,no,yes,- key_evidence 摘自输入文本或填 null。,high,no,complete,大部分项目采用0～4分的5级评分法，各级标准为：（0）无；（1）轻度；（2）中度；（3）重度；（4）极重度；少数项目采用0～2分的3级评分法，各级标准为：（0）无；（1）轻～中度；（2）重度。,high,no,explicit,6. 早醒（末段失眠）：0=正常，没有早醒；1=有早醒，比平时早醒1小时，但能重新入睡（应排除平时的习惯）；2=早醒后无法重新入睡。,high,no,other,14. 性症状（指性欲减退，月经紊乱等）：0=正常，没有性症状；1=轻度；2=重度；9=不能肯定，或该项对被评者不适合（不计入总分）。,high,no,explicit_window,16. 体重减轻：0=正常，没有体重减轻；1=患者诉述可能有体重减轻或一周内体重减轻超过0.5公斤；2=患者诉述肯定体重减轻或一周内体重减轻超过1公斤。,high,no,explicit,4. 入睡困难（初段失眠，采用0～2分的3级评分法。各级的标准为：（0）无；（1）轻～中度；（2）重度）：0=正常，没有入睡困难；1=主诉有入睡困难，上床半小时后仍不能入睡（要注意平时病人入睡的时间）；2=主诉每晚均有入睡困难。,high,no,moderate,,low,yes,explicit,16. 体重减轻：0=正常，没有体重减轻；1=患者诉述可能有体重减轻或一周内体重减轻超过0.5公斤；2=患者诉述肯定体重减轻或一周内体重减轻超过1公斤。,high,no,yes,14. 性症状（指性欲减退，月经紊乱等）：0=正常，没有性症状；1=轻度；2=重度；9=不能肯定，或该项对被评者不适合（不计入总分）。,high,no,strict_json_schema,- 仅输出纯 JSON 对象，不要输出任何代码块标记（如 ```json）。,high,no,yes,- 每个维度需输出 reasoning（打分的临床推断依据）和 confidence_score（0.00-1.00）。,high,no,item_score_required;sum_required,14. 性症状（指性欲减退，月经紊乱等）：0=正常，没有性症状；1=轻度；2=重度；9=不能肯定，或该项对被评者不适合（不计入总分）。,high,no,confidence_required,- 每个维度需输出 reasoning（打分的临床推断依据）和 confidence_score（0.00-1.00）。,high,no,2464,41,616,25,36,11
HAMD-17,Qwen3.7-Max,思考,C13,PROMPT_000018,E:\数据库\代码\Data\PDCH\实验\_新结构_待启用\hamd正式使用提示词.docx,固定DOCX提示词文本；未使用任何模型表现结果。,required,- key_evidence 摘自输入文本。,high,no,yes,- key_evidence 摘自输入文本。,high,no,none,,high,no,implicit,,medium,no,infer_best_estimate,,medium,no,absent,,medium,no,absent,,high,no,moderate,,low,yes,implicit,,high,no,no,,medium,no,strict_json_schema,- 仅输出纯 JSON 对象，不要输出任何代码块标记（如 ```json）。,high,no,no,,medium,no,grade_conversion_required,"""severity_level"": ""正常 / 轻度抑郁 / 中度抑郁 / 重度抑郁"",",high,no,confidence_required;probability_required,- class_probabilities 中四个类别的概率之和为 1。,high,no,642,22,161,7,17,12
HAMD-17,Qwen3.7-Max,思考,C14,PROMPT_000018,E:\数据库\代码\Data\PDCH\实验\_新结构_待启用\hamd正式使用提示词.docx,固定DOCX提示词文本；未使用任何模型表现结果。,required,- key_evidence 摘自输入文本。,high,no,yes,- key_evidence 摘自输入文本。,high,no,none,,high,no,implicit,,medium,no,infer_best_estimate,,medium,no,absent,,medium,no,absent,,high,no,moderate,,low,yes,implicit,,high,no,no,,medium,no,strict_json_schema,- 仅输出纯 JSON 对象，不要输出任何代码块标记（如 ```json）。,high,no,no,,medium,no,grade_conversion_required,"""severity_level"": ""正常 / 轻度抑郁 / 中度抑郁 / 重度抑郁"",",high,no,confidence_required;probability_required,- class_probabilities 中四个类别的概率之和为 1。,high,no,642,22,161,7,17,12
HAMD-17,Qwen3.7-Max,思考,C15,PROMPT_000011,E:\数据库\代码\Data\PDCH\实验\_新结构_待启用\hamd正式使用提示词.docx,固定DOCX提示词文本；未使用任何模型表现结果。,required,- key_evidence 摘自输入文本或填 null。,high,no,yes,- key_evidence 摘自输入文本或填 null。,high,no,complete,大部分项目采用0～4分的5级评分法，各级标准为：（0）无；（1）轻度；（2）中度；（3）重度；（4）极重度；少数项目采用0～2分的3级评分法，各级标准为：（0）无；（1）轻～中度；（2）重度。,high,no,explicit,6. 早醒（末段失眠）：0=正常，没有早醒；1=有早醒，比平时早醒1小时，但能重新入睡（应排除平时的习惯）；2=早醒后无法重新入睡。,high,no,other,14. 性症状（指性欲减退，月经紊乱等）：0=正常，没有性症状；1=轻度；2=重度；9=不能肯定，或该项对被评者不适合（不计入总分）。,high,no,explicit_window,16. 体重减轻：0=正常，没有体重减轻；1=患者诉述可能有体重减轻或一周内体重减轻超过0.5公斤；2=患者诉述肯定体重减轻或一周内体重减轻超过1公斤。,high,no,explicit,4. 入睡困难（初段失眠，采用0～2分的3级评分法。各级的标准为：（0）无；（1）轻～中度；（2）重度）：0=正常，没有入睡困难；1=主诉有入睡困难，上床半小时后仍不能入睡（要注意平时病人入睡的时间）；2=主诉每晚均有入睡困难。,high,no,moderate,,low,yes,explicit,16. 体重减轻：0=正常，没有体重减轻；1=患者诉述可能有体重减轻或一周内体重减轻超过0.5公斤；2=患者诉述肯定体重减轻或一周内体重减轻超过1公斤。,high,no,yes,14. 性症状（指性欲减退，月经紊乱等）：0=正常，没有性症状；1=轻度；2=重度；9=不能肯定，或该项对被评者不适合（不计入总分）。,high,no,strict_json_schema,- 仅输出纯 JSON 对象，不要输出任何代码块标记（如 ```json）。,high,no,yes,- 每个维度需输出 reasoning（打分的临床推断依据）和 confidence_score（0.00-1.00）。,high,no,item_score_required;sum_required,14. 性症状（指性欲减退，月经紊乱等）：0=正常，没有性症状；1=轻度；2=重度；9=不能肯定，或该项对被评者不适合（不计入总分）。,high,no,confidence_required,- 每个维度需输出 reasoning（打分的临床推断依据）和 confidence_score（0.00-1.00）。,high,no,2400,41,600,25,36,11
HAMD-17,Qwen3.7-Max,思考,C16,PROMPT_000011,E:\数据库\代码\Data\PDCH\实验\_新结构_待启用\hamd正式使用提示词.docx,固定DOCX提示词文本；未使用任何模型表现结果。,required,- key_evidence 摘自输入文本或填 null。,high,no,yes,- key_evidence 摘自输入文本或填 null。,high,no,complete,大部分项目采用0～4分的5级评分法，各级标准为：（0）无；（1）轻度；（2）中度；（3）重度；（4）极重度；少数项目采用0～2分的3级评分法，各级标准为：（0）无；（1）轻～中度；（2）重度。,high,no,explicit,6. 早醒（末段失眠）：0=正常，没有早醒；1=有早醒，比平时早醒1小时，但能重新入睡（应排除平时的习惯）；2=早醒后无法重新入睡。,high,no,other,14. 性症状（指性欲减退，月经紊乱等）：0=正常，没有性症状；1=轻度；2=重度；9=不能肯定，或该项对被评者不适合（不计入总分）。,high,no,explicit_window,16. 体重减轻：0=正常，没有体重减轻；1=患者诉述可能有体重减轻或一周内体重减轻超过0.5公斤；2=患者诉述肯定体重减轻或一周内体重减轻超过1公斤。,high,no,explicit,4. 入睡困难（初段失眠，采用0～2分的3级评分法。各级的标准为：（0）无；（1）轻～中度；（2）重度）：0=正常，没有入睡困难；1=主诉有入睡困难，上床半小时后仍不能入睡（要注意平时病人入睡的时间）；2=主诉每晚均有入睡困难。,high,no,moderate,,low,yes,explicit,16. 体重减轻：0=正常，没有体重减轻；1=患者诉述可能有体重减轻或一周内体重减轻超过0.5公斤；2=患者诉述肯定体重减轻或一周内体重减轻超过1公斤。,high,no,yes,14. 性症状（指性欲减退，月经紊乱等）：0=正常，没有性症状；1=轻度；2=重度；9=不能肯定，或该项对被评者不适合（不计入总分）。,high,no,strict_json_schema,- 仅输出纯 JSON 对象，不要输出任何代码块标记（如 ```json）。,high,no,yes,- 每个维度需输出 reasoning（打分的临床推断依据）和 confidence_score（0.00-1.00）。,high,no,item_score_required;sum_required,14. 性症状（指性欲减退，月经紊乱等）：0=正常，没有性症状；1=轻度；2=重度；9=不能肯定，或该项对被评者不适合（不计入总分）。,high,no,confidence_required,- 每个维度需输出 reasoning（打分的临床推断依据）和 confidence_score（0.00-1.00）。,high,no,2400,41,600,25,36,11
PHQ-8,DeepSeek-V4-Pro,思考,C01,PROMPT_000008,E:\数据库\代码\Data\PDCH\实验\_新结构_待启用\PHQ全量189人_调用就绪\prompts\PHQ8_prompt_set_3_nonconditional_24_conditions_English.docx,固定DOCX提示词文本；未使用任何模型表现结果。,required,key_evidence must be extracted from the input text.,high,no,yes,key_evidence must be extracted from the input text.,high,no,partial,,high,no,implicit,,medium,no,infer_best_estimate,,medium,no,generic,,medium,no,absent,,high,no,uncertain,,low,yes,implicit,,medium,no,no,,high,no,json,Output only a pure JSON object. Do not output any code block markers such as ```json.,high,no,no,,medium,no,sum_required;grade_conversion_required,The probabilities of the four categories in class_probabilities must sum to 1.,high,no,confidence_required;probability_required,The probabilities of the four categories in class_probabilities must sum to 1.,high,no,1421,23,356,2,18,12
PHQ-8,DeepSeek-V4-Pro,思考,C02,PROMPT_000008,E:\数据库\代码\Data\PDCH\实验\_新结构_待启用\PHQ全量189人_调用就绪\prompts\PHQ8_prompt_set_3_nonconditional_24_conditions_English.docx,固定DOCX提示词文本；未使用任何模型表现结果。,required,key_evidence must be extracted from the input text.,high,no,yes,key_evidence must be extracted from the input text.,high,no,partial,,high,no,implicit,,medium,no,infer_best_estimate,,medium,no,generic,,medium,no,absent,,high,no,uncertain,,low,yes,implicit,,medium,no,no,,high,no,json,Output only a pure JSON object. Do not output any code block markers such as ```json.,high,no,no,,medium,no,sum_required;grade_conversion_required,The probabilities of the four categories in class_probabilities must sum to 1.,high,no,confidence_required;probability_required,The probabilities of the four categories in class_probabilities must sum to 1.,high,no,1421,23,356,2,18,12
PHQ-8,DeepSeek-V4-Pro,思考,C03,PROMPT_000019,E:\数据库\代码\Data\PDCH\实验\_新结构_待启用\PHQ全量189人_调用就绪\prompts\PHQ8_prompt_set_3_nonconditional_24_conditions_English.docx,固定DOCX提示词文本；未使用任何模型表现结果。,required,key_evidence must be extracted from the input text or filled as null.,high,no,yes,key_evidence must be extracted from the input text or filled as null.,high,no,partial,The Patient Health Questionnaire-8 (PHQ-8) includes the following symptom items and frequency criteria.,high,no,implicit,,medium,no,infer_best_estimate,,medium,no,explicit_window,Each item is scored according to how often the symptom occurred in the past two weeks: 0=Not at all; 1=Several days; 2=More than half the days; 3=Nearly every day.,high,no,explicit,The Patient Health Questionnaire-8 (PHQ-8) includes the following symptom items and frequency criteria.,high,no,uncertain,,low,yes,implicit,,medium,no,no,,high,no,json,Output only a pure JSON object. Do not output any code block markers such as ```json.,high,no,no,,medium,no,item_score_required;sum_required;grade_conversion_required,Each item score ranges from 0 to 3. total_score is the sum of the 8 item scores and ranges from 0 to 24.,high,no,confidence_required,"Each item must include reasoning, the clinical inference basis for scoring, and confidence_score from 0.00 to 1.00.",high,no,2454,41,614,10,36,20
PHQ-8,DeepSeek-V4-Pro,思考,C04,PROMPT_000019,E:\数据库\代码\Data\PDCH\实验\_新结构_待启用\PHQ全量189人_调用就绪\prompts\PHQ8_prompt_set_3_nonconditional_24_conditions_English.docx,固定DOCX提示词文本；未使用任何模型表现结果。,required,key_evidence must be extracted from the input text or filled as null.,high,no,yes,key_evidence must be extracted from the input text or filled as null.,high,no,partial,The Patient Health Questionnaire-8 (PHQ-8) includes the following symptom items and frequency criteria.,high,no,implicit,,medium,no,infer_best_estimate,,medium,no,explicit_window,Each item is scored according to how often the symptom occurred in the past two weeks: 0=Not at all; 1=Several days; 2=More than half the days; 3=Nearly every day.,high,no,explicit,The Patient Health Questionnaire-8 (PHQ-8) includes the following symptom items and frequency criteria.,high,no,uncertain,,low,yes,implicit,,medium,no,no,,high,no,json,Output only a pure JSON object. Do not output any code block markers such as ```json.,high,no,no,,medium,no,item_score_required;sum_required;grade_conversion_required,Each item score ranges from 0 to 3. total_score is the sum of the 8 item scores and ranges from 0 to 24.,high,no,confidence_required,"Each item must include reasoning, the clinical inference basis for scoring, and confidence_score from 0.00 to 1.00.",high,no,2454,41,614,10,36,20
PHQ-8,DeepSeek-V4-Pro,思考,C05,PROMPT_000016,E:\数据库\代码\Data\PDCH\实验\_新结构_待启用\PHQ全量189人_调用就绪\prompts\PHQ8_prompt_set_3_nonconditional_24_conditions_English.docx,固定DOCX提示词文本；未使用任何模型表现结果。,required,key_evidence must be extracted from the input text.,high,no,yes,key_evidence must be extracted from the input text.,high,no,partial,,high,no,implicit,,medium,no,infer_best_estimate,,medium,no,generic,,medium,no,absent,,high,no,uncertain,,low,yes,implicit,,medium,no,no,,high,no,json,Output only a pure JSON object. Do not output any code block markers such as ```json.,high,no,no,,medium,no,sum_required;grade_conversion_required,The probabilities of the four categories in class_probabilities must sum to 1.,high,no,confidence_required;probability_required,The probabilities of the four categories in class_probabilities must sum to 1.,high,no,1421,23,356,2,18,12
PHQ-8,DeepSeek-V4-Pro,思考,C06,PROMPT_000016,E:\数据库\代码\Data\PDCH\实验\_新结构_待启用\PHQ全量189人_调用就绪\prompts\PHQ8_prompt_set_3_nonconditional_24_conditions_English.docx,固定DOCX提示词文本；未使用任何模型表现结果。,required,key_evidence must be extracted from the input text.,high,no,yes,key_evidence must be extracted from the input text.,high,no,partial,,high,no,implicit,,medium,no,infer_best_estimate,,medium,no,generic,,medium,no,absent,,high,no,uncertain,,low,yes,implicit,,medium,no,no,,high,no,json,Output only a pure JSON object. Do not output any code block markers such as ```json.,high,no,no,,medium,no,sum_required;grade_conversion_required,The probabilities of the four categories in class_probabilities must sum to 1.,high,no,confidence_required;probability_required,The probabilities of the four categories in class_probabilities must sum to 1.,high,no,1421,23,356,2,18,12
PHQ-8,DeepSeek-V4-Pro,思考,C07,PROMPT_000014,E:\数据库\代码\Data\PDCH\实验\_新结构_待启用\PHQ全量189人_调用就绪\prompts\PHQ8_prompt_set_3_nonconditional_24_conditions_English.docx,固定DOCX提示词文本；未使用任何模型表现结果。,required,key_evidence must be extracted from the input text or filled as null.,high,no,yes,key_evidence must be extracted from the input text or filled as null.,high,no,partial,The Patient Health Questionnaire-8 (PHQ-8) includes the following symptom items and frequency criteria.,high,no,implicit,,medium,no,infer_best_estimate,,medium,no,explicit_window,Each item is scored according to how often the symptom occurred in the past two weeks: 0=Not at all; 1=Several days; 2=More than half the days; 3=Nearly every day.,high,no,explicit,The Patient Health Questionnaire-8 (PHQ-8) includes the following symptom items and frequency criteria.,high,no,uncertain,,low,yes,implicit,,medium,no,no,,high,no,json,Output only a pure JSON object. Do not output any code block markers such as ```json.,high,no,no,,medium,no,item_score_required;sum_required;grade_conversion_required,Each item score ranges from 0 to 3. total_score is the sum of the 8 item scores and ranges from 0 to 24.,high,no,confidence_required,"Each item must include reasoning, the clinical inference basis for scoring, and confidence_score from 0.00 to 1.00.",high,no,2454,41,614,10,36,20
PHQ-8,DeepSeek-V4-Pro,思考,C08,PROMPT_000014,E:\数据库\代码\Data\PDCH\实验\_新结构_待启用\PHQ全量189人_调用就绪\prompts\PHQ8_prompt_set_3_nonconditional_24_conditions_English.docx,固定DOCX提示词文本；未使用任何模型表现结果。,required,key_evidence must be extracted from the input text or filled as null.,high,no,yes,key_evidence must be extracted from the input text or filled as null.,high,no,partial,The Patient Health Questionnaire-8 (PHQ-8) includes the following symptom items and frequency criteria.,high,no,implicit,,medium,no,infer_best_estimate,,medium,no,explicit_window,Each item is scored according to how often the symptom occurred in the past two weeks: 0=Not at all; 1=Several days; 2=More than half the days; 3=Nearly every day.,high,no,explicit,The Patient Health Questionnaire-8 (PHQ-8) includes the following symptom items and frequency criteria.,high,no,uncertain,,low,yes,implicit,,medium,no,no,,high,no,json,Output only a pure JSON object. Do not output any code block markers such as ```json.,high,no,no,,medium,no,item_score_required;sum_required;grade_conversion_required,Each item score ranges from 0 to 3. total_score is the sum of the 8 item scores and ranges from 0 to 24.,high,no,confidence_required,"Each item must include reasoning, the clinical inference basis for scoring, and confidence_score from 0.00 to 1.00.",high,no,2454,41,614,10,36,20
PHQ-8,DeepSeek-V4-Pro,思考,C09,PROMPT_000012,E:\数据库\代码\Data\PDCH\实验\_新结构_待启用\PHQ全量189人_调用就绪\prompts\PHQ8_prompt_set_3_nonconditional_24_conditions_English.docx,固定DOCX提示词文本；未使用任何模型表现结果。,required,key_evidence must be extracted from the input text.,high,no,yes,key_evidence must be extracted from the input text.,high,no,partial,,high,no,implicit,,medium,no,infer_best_estimate,,medium,no,generic,,medium,no,absent,,high,no,uncertain,,low,yes,implicit,,medium,no,no,,high,no,json,Output only a pure JSON object. Do not output any code block markers such as ```json.,high,no,no,,medium,no,sum_required;grade_conversion_required,The probabilities of the four categories in class_probabilities must sum to 1.,high,no,confidence_required;probability_required,The probabilities of the four categories in class_probabilities must sum to 1.,high,no,1610,23,403,2,18,12
PHQ-8,DeepSeek-V4-Pro,思考,C10,PROMPT_000012,E:\数据库\代码\Data\PDCH\实验\_新结构_待启用\PHQ全量189人_调用就绪\prompts\PHQ8_prompt_set_3_nonconditional_24_conditions_English.docx,固定DOCX提示词文本；未使用任何模型表现结果。,required,key_evidence must be extracted from the input text.,high,no,yes,key_evidence must be extracted from the input text.,high,no,partial,,high,no,implicit,,medium,no,infer_best_estimate,,medium,no,generic,,medium,no,absent,,high,no,uncertain,,low,yes,implicit,,medium,no,no,,high,no,json,Output only a pure JSON object. Do not output any code block markers such as ```json.,high,no,no,,medium,no,sum_required;grade_conversion_required,The probabilities of the four categories in class_probabilities must sum to 1.,high,no,confidence_required;probability_required,The probabilities of the four categories in class_probabilities must sum to 1.,high,no,1610,23,403,2,18,12
PHQ-8,DeepSeek-V4-Pro,思考,C11,PROMPT_000002,E:\数据库\代码\Data\PDCH\实验\_新结构_待启用\PHQ全量189人_调用就绪\prompts\PHQ8_prompt_set_3_nonconditional_24_conditions_English.docx,固定DOCX提示词文本；未使用任何模型表现结果。,required,key_evidence must be extracted from the input text or filled as null.,high,no,yes,key_evidence must be extracted from the input text or filled as null.,high,no,partial,The Patient Health Questionnaire-8 (PHQ-8) includes the following symptom items and frequency criteria.,high,no,implicit,,medium,no,infer_best_estimate,,medium,no,explicit_window,Each item is scored according to how often the symptom occurred in the past two weeks: 0=Not at all; 1=Several days; 2=More than half the days; 3=Nearly every day.,high,no,explicit,The Patient Health Questionnaire-8 (PHQ-8) includes the following symptom items and frequency criteria.,high,no,uncertain,,low,yes,implicit,,medium,no,no,,high,no,json,Output only a pure JSON object. Do not output any code block markers such as ```json.,high,no,no,,medium,no,item_score_required;sum_required;grade_conversion_required,Each item score ranges from 0 to 3. total_score is the sum of the 8 item scores and ranges from 0 to 24.,high,no,confidence_required,"Each item must include reasoning, the clinical inference basis for scoring, and confidence_score from 0.00 to 1.00.",high,no,2643,41,661,10,36,20
PHQ-8,DeepSeek-V4-Pro,思考,C12,PROMPT_000002,E:\数据库\代码\Data\PDCH\实验\_新结构_待启用\PHQ全量189人_调用就绪\prompts\PHQ8_prompt_set_3_nonconditional_24_conditions_English.docx,固定DOCX提示词文本；未使用任何模型表现结果。,required,key_evidence must be extracted from the input text or filled as null.,high,no,yes,key_evidence must be extracted from the input text or filled as null.,high,no,partial,The Patient Health Questionnaire-8 (PHQ-8) includes the following symptom items and frequency criteria.,high,no,implicit,,medium,no,infer_best_estimate,,medium,no,explicit_window,Each item is scored according to how often the symptom occurred in the past two weeks: 0=Not at all; 1=Several days; 2=More than half the days; 3=Nearly every day.,high,no,explicit,The Patient Health Questionnaire-8 (PHQ-8) includes the following symptom items and frequency criteria.,high,no,uncertain,,low,yes,implicit,,medium,no,no,,high,no,json,Output only a pure JSON object. Do not output any code block markers such as ```json.,high,no,no,,medium,no,item_score_required;sum_required;grade_conversion_required,Each item score ranges from 0 to 3. total_score is the sum of the 8 item scores and ranges from 0 to 24.,high,no,confidence_required,"Each item must include reasoning, the clinical inference basis for scoring, and confidence_score from 0.00 to 1.00.",high,no,2643,41,661,10,36,20
PHQ-8,DeepSeek-V4-Pro,思考,C13,PROMPT_000010,E:\数据库\代码\Data\PDCH\实验\_新结构_待启用\PHQ全量189人_调用就绪\prompts\PHQ8_prompt_set_3_nonconditional_24_conditions_English.docx,固定DOCX提示词文本；未使用任何模型表现结果。,required,key_evidence must be extracted from the input text.,high,no,yes,key_evidence must be extracted from the input text.,high,no,partial,,high,no,implicit,,medium,no,infer_best_estimate,,medium,no,generic,,medium,no,absent,,high,no,uncertain,,low,yes,implicit,,medium,no,no,,high,no,json,Output only a pure JSON object. Do not output any code block markers such as ```json.,high,no,no,,medium,no,sum_required;grade_conversion_required,The probabilities of the four categories in class_probabilities must sum to 1.,high,no,confidence_required;probability_required,The probabilities of the four categories in class_probabilities must sum to 1.,high,no,1610,23,403,2,18,12
PHQ-8,DeepSeek-V4-Pro,思考,C14,PROMPT_000010,E:\数据库\代码\Data\PDCH\实验\_新结构_待启用\PHQ全量189人_调用就绪\prompts\PHQ8_prompt_set_3_nonconditional_24_conditions_English.docx,固定DOCX提示词文本；未使用任何模型表现结果。,required,key_evidence must be extracted from the input text.,high,no,yes,key_evidence must be extracted from the input text.,high,no,partial,,high,no,implicit,,medium,no,infer_best_estimate,,medium,no,generic,,medium,no,absent,,high,no,uncertain,,low,yes,implicit,,medium,no,no,,high,no,json,Output only a pure JSON object. Do not output any code block markers such as ```json.,high,no,no,,medium,no,sum_required;grade_conversion_required,The probabilities of the four categories in class_probabilities must sum to 1.,high,no,confidence_required;probability_required,The probabilities of the four categories in class_probabilities must sum to 1.,high,no,1610,23,403,2,18,12
PHQ-8,DeepSeek-V4-Pro,思考,C15,PROMPT_000023,E:\数据库\代码\Data\PDCH\实验\_新结构_待启用\PHQ全量189人_调用就绪\prompts\PHQ8_prompt_set_3_nonconditional_24_conditions_English.docx,固定DOCX提示词文本；未使用任何模型表现结果。,required,key_evidence must be extracted from the input text or filled as null.,high,no,yes,key_evidence must be extracted from the input text or filled as null.,high,no,partial,The Patient Health Questionnaire-8 (PHQ-8) includes the following symptom items and frequency criteria.,high,no,implicit,,medium,no,infer_best_estimate,,medium,no,explicit_window,Each item is scored according to how often the symptom occurred in the past two weeks: 0=Not at all; 1=Several days; 2=More than half the days; 3=Nearly every day.,high,no,explicit,The Patient Health Questionnaire-8 (PHQ-8) includes the following symptom items and frequency criteria.,high,no,uncertain,,low,yes,implicit,,medium,no,no,,high,no,json,Output only a pure JSON object. Do not output any code block markers such as ```json.,high,no,no,,medium,no,item_score_required;sum_required;grade_conversion_required,Each item score ranges from 0 to 3. total_score is the sum of the 8 item scores and ranges from 0 to 24.,high,no,confidence_required,"Each item must include reasoning, the clinical inference basis for scoring, and confidence_score from 0.00 to 1.00.",high,no,2643,41,661,10,36,20
PHQ-8,DeepSeek-V4-Pro,思考,C16,PROMPT_000023,E:\数据库\代码\Data\PDCH\实验\_新结构_待启用\PHQ全量189人_调用就绪\prompts\PHQ8_prompt_set_3_nonconditional_24_conditions_English.docx,固定DOCX提示词文本；未使用任何模型表现结果。,required,key_evidence must be extracted from the input text or filled as null.,high,no,yes,key_evidence must be extracted from the input text or filled as null.,high,no,partial,The Patient Health Questionnaire-8 (PHQ-8) includes the following symptom items and frequency criteria.,high,no,implicit,,medium,no,infer_best_estimate,,medium,no,explicit_window,Each item is scored according to how often the symptom occurred in the past two weeks: 0=Not at all; 1=Several days; 2=More than half the days; 3=Nearly every day.,high,no,explicit,The Patient Health Questionnaire-8 (PHQ-8) includes the following symptom items and frequency criteria.,high,no,uncertain,,low,yes,implicit,,medium,no,no,,high,no,json,Output only a pure JSON object. Do not output any code block markers such as ```json.,high,no,no,,medium,no,item_score_required;sum_required;grade_conversion_required,Each item score ranges from 0 to 3. total_score is the sum of the 8 item scores and ranges from 0 to 24.,high,no,confidence_required,"Each item must include reasoning, the clinical inference basis for scoring, and confidence_score from 0.00 to 1.00.",high,no,2643,41,661,10,36,20
PHQ-8,GLM-5.2,思考,C01,PROMPT_000008,E:\数据库\代码\Data\PDCH\实验\_新结构_待启用\PHQ全量189人_调用就绪\prompts\PHQ8_prompt_set_3_nonconditional_24_conditions_English.docx,固定DOCX提示词文本；未使用任何模型表现结果。,required,key_evidence must be extracted from the input text.,high,no,yes,key_evidence must be extracted from the input text.,high,no,partial,,high,no,implicit,,medium,no,infer_best_estimate,,medium,no,generic,,medium,no,absent,,high,no,uncertain,,low,yes,implicit,,medium,no,no,,high,no,json,Output only a pure JSON object. Do not output any code block markers such as ```json.,high,no,no,,medium,no,sum_required;grade_conversion_required,The probabilities of the four categories in class_probabilities must sum to 1.,high,no,confidence_required;probability_required,The probabilities of the four categories in class_probabilities must sum to 1.,high,no,1421,23,356,2,18,12
PHQ-8,GLM-5.2,思考,C02,PROMPT_000008,E:\数据库\代码\Data\PDCH\实验\_新结构_待启用\PHQ全量189人_调用就绪\prompts\PHQ8_prompt_set_3_nonconditional_24_conditions_English.docx,固定DOCX提示词文本；未使用任何模型表现结果。,required,key_evidence must be extracted from the input text.,high,no,yes,key_evidence must be extracted from the input text.,high,no,partial,,high,no,implicit,,medium,no,infer_best_estimate,,medium,no,generic,,medium,no,absent,,high,no,uncertain,,low,yes,implicit,,medium,no,no,,high,no,json,Output only a pure JSON object. Do not output any code block markers such as ```json.,high,no,no,,medium,no,sum_required;grade_conversion_required,The probabilities of the four categories in class_probabilities must sum to 1.,high,no,confidence_required;probability_required,The probabilities of the four categories in class_probabilities must sum to 1.,high,no,1421,23,356,2,18,12
PHQ-8,GLM-5.2,思考,C03,PROMPT_000019,E:\数据库\代码\Data\PDCH\实验\_新结构_待启用\PHQ全量189人_调用就绪\prompts\PHQ8_prompt_set_3_nonconditional_24_conditions_English.docx,固定DOCX提示词文本；未使用任何模型表现结果。,required,key_evidence must be extracted from the input text or filled as null.,high,no,yes,key_evidence must be extracted from the input text or filled as null.,high,no,partial,The Patient Health Questionnaire-8 (PHQ-8) includes the following symptom items and frequency criteria.,high,no,implicit,,medium,no,infer_best_estimate,,medium,no,explicit_window,Each item is scored according to how often the symptom occurred in the past two weeks: 0=Not at all; 1=Several days; 2=More than half the days; 3=Nearly every day.,high,no,explicit,The Patient Health Questionnaire-8 (PHQ-8) includes the following symptom items and frequency criteria.,high,no,uncertain,,low,yes,implicit,,medium,no,no,,high,no,json,Output only a pure JSON object. Do not output any code block markers such as ```json.,high,no,no,,medium,no,item_score_required;sum_required;grade_conversion_required,Each item score ranges from 0 to 3. total_score is the sum of the 8 item scores and ranges from 0 to 24.,high,no,confidence_required,"Each item must include reasoning, the clinical inference basis for scoring, and confidence_score from 0.00 to 1.00.",high,no,2454,41,614,10,36,20
PHQ-8,GLM-5.2,思考,C04,PROMPT_000019,E:\数据库\代码\Data\PDCH\实验\_新结构_待启用\PHQ全量189人_调用就绪\prompts\PHQ8_prompt_set_3_nonconditional_24_conditions_English.docx,固定DOCX提示词文本；未使用任何模型表现结果。,required,key_evidence must be extracted from the input text or filled as null.,high,no,yes,key_evidence must be extracted from the input text or filled as null.,high,no,partial,The Patient Health Questionnaire-8 (PHQ-8) includes the following symptom items and frequency criteria.,high,no,implicit,,medium,no,infer_best_estimate,,medium,no,explicit_window,Each item is scored according to how often the symptom occurred in the past two weeks: 0=Not at all; 1=Several days; 2=More than half the days; 3=Nearly every day.,high,no,explicit,The Patient Health Questionnaire-8 (PHQ-8) includes the following symptom items and frequency criteria.,high,no,uncertain,,low,yes,implicit,,medium,no,no,,high,no,json,Output only a pure JSON object. Do not output any code block markers such as ```json.,high,no,no,,medium,no,item_score_required;sum_required;grade_conversion_required,Each item score ranges from 0 to 3. total_score is the sum of the 8 item scores and ranges from 0 to 24.,high,no,confidence_required,"Each item must include reasoning, the clinical inference basis for scoring, and confidence_score from 0.00 to 1.00.",high,no,2454,41,614,10,36,20
PHQ-8,GLM-5.2,思考,C05,PROMPT_000016,E:\数据库\代码\Data\PDCH\实验\_新结构_待启用\PHQ全量189人_调用就绪\prompts\PHQ8_prompt_set_3_nonconditional_24_conditions_English.docx,固定DOCX提示词文本；未使用任何模型表现结果。,required,key_evidence must be extracted from the input text.,high,no,yes,key_evidence must be extracted from the input text.,high,no,partial,,high,no,implicit,,medium,no,infer_best_estimate,,medium,no,generic,,medium,no,absent,,high,no,uncertain,,low,yes,implicit,,medium,no,no,,high,no,json,Output only a pure JSON object. Do not output any code block markers such as ```json.,high,no,no,,medium,no,sum_required;grade_conversion_required,The probabilities of the four categories in class_probabilities must sum to 1.,high,no,confidence_required;probability_required,The probabilities of the four categories in class_probabilities must sum to 1.,high,no,1421,23,356,2,18,12
PHQ-8,GLM-5.2,思考,C06,PROMPT_000016,E:\数据库\代码\Data\PDCH\实验\_新结构_待启用\PHQ全量189人_调用就绪\prompts\PHQ8_prompt_set_3_nonconditional_24_conditions_English.docx,固定DOCX提示词文本；未使用任何模型表现结果。,required,key_evidence must be extracted from the input text.,high,no,yes,key_evidence must be extracted from the input text.,high,no,partial,,high,no,implicit,,medium,no,infer_best_estimate,,medium,no,generic,,medium,no,absent,,high,no,uncertain,,low,yes,implicit,,medium,no,no,,high,no,json,Output only a pure JSON object. Do not output any code block markers such as ```json.,high,no,no,,medium,no,sum_required;grade_conversion_required,The probabilities of the four categories in class_probabilities must sum to 1.,high,no,confidence_required;probability_required,The probabilities of the four categories in class_probabilities must sum to 1.,high,no,1421,23,356,2,18,12
PHQ-8,GLM-5.2,思考,C07,PROMPT_000014,E:\数据库\代码\Data\PDCH\实验\_新结构_待启用\PHQ全量189人_调用就绪\prompts\PHQ8_prompt_set_3_nonconditional_24_conditions_English.docx,固定DOCX提示词文本；未使用任何模型表现结果。,required,key_evidence must be extracted from the input text or filled as null.,high,no,yes,key_evidence must be extracted from the input text or filled as null.,high,no,partial,The Patient Health Questionnaire-8 (PHQ-8) includes the following symptom items and frequency criteria.,high,no,implicit,,medium,no,infer_best_estimate,,medium,no,explicit_window,Each item is scored according to how often the symptom occurred in the past two weeks: 0=Not at all; 1=Several days; 2=More than half the days; 3=Nearly every day.,high,no,explicit,The Patient Health Questionnaire-8 (PHQ-8) includes the following symptom items and frequency criteria.,high,no,uncertain,,low,yes,implicit,,medium,no,no,,high,no,json,Output only a pure JSON object. Do not output any code block markers such as ```json.,high,no,no,,medium,no,item_score_required;sum_required;grade_conversion_required,Each item score ranges from 0 to 3. total_score is the sum of the 8 item scores and ranges from 0 to 24.,high,no,confidence_required,"Each item must include reasoning, the clinical inference basis for scoring, and confidence_score from 0.00 to 1.00.",high,no,2454,41,614,10,36,20
PHQ-8,GLM-5.2,思考,C08,PROMPT_000014,E:\数据库\代码\Data\PDCH\实验\_新结构_待启用\PHQ全量189人_调用就绪\prompts\PHQ8_prompt_set_3_nonconditional_24_conditions_English.docx,固定DOCX提示词文本；未使用任何模型表现结果。,required,key_evidence must be extracted from the input text or filled as null.,high,no,yes,key_evidence must be extracted from the input text or filled as null.,high,no,partial,The Patient Health Questionnaire-8 (PHQ-8) includes the following symptom items and frequency criteria.,high,no,implicit,,medium,no,infer_best_estimate,,medium,no,explicit_window,Each item is scored according to how often the symptom occurred in the past two weeks: 0=Not at all; 1=Several days; 2=More than half the days; 3=Nearly every day.,high,no,explicit,The Patient Health Questionnaire-8 (PHQ-8) includes the following symptom items and frequency criteria.,high,no,uncertain,,low,yes,implicit,,medium,no,no,,high,no,json,Output only a pure JSON object. Do not output any code block markers such as ```json.,high,no,no,,medium,no,item_score_required;sum_required;grade_conversion_required,Each item score ranges from 0 to 3. total_score is the sum of the 8 item scores and ranges from 0 to 24.,high,no,confidence_required,"Each item must include reasoning, the clinical inference basis for scoring, and confidence_score from 0.00 to 1.00.",high,no,2454,41,614,10,36,20
PHQ-8,GLM-5.2,思考,C09,PROMPT_000012,E:\数据库\代码\Data\PDCH\实验\_新结构_待启用\PHQ全量189人_调用就绪\prompts\PHQ8_prompt_set_3_nonconditional_24_conditions_English.docx,固定DOCX提示词文本；未使用任何模型表现结果。,required,key_evidence must be extracted from the input text.,high,no,yes,key_evidence must be extracted from the input text.,high,no,partial,,high,no,implicit,,medium,no,infer_best_estimate,,medium,no,generic,,medium,no,absent,,high,no,uncertain,,low,yes,implicit,,medium,no,no,,high,no,json,Output only a pure JSON object. Do not output any code block markers such as ```json.,high,no,no,,medium,no,sum_required;grade_conversion_required,The probabilities of the four categories in class_probabilities must sum to 1.,high,no,confidence_required;probability_required,The probabilities of the four categories in class_probabilities must sum to 1.,high,no,1610,23,403,2,18,12
PHQ-8,GLM-5.2,思考,C10,PROMPT_000012,E:\数据库\代码\Data\PDCH\实验\_新结构_待启用\PHQ全量189人_调用就绪\prompts\PHQ8_prompt_set_3_nonconditional_24_conditions_English.docx,固定DOCX提示词文本；未使用任何模型表现结果。,required,key_evidence must be extracted from the input text.,high,no,yes,key_evidence must be extracted from the input text.,high,no,partial,,high,no,implicit,,medium,no,infer_best_estimate,,medium,no,generic,,medium,no,absent,,high,no,uncertain,,low,yes,implicit,,medium,no,no,,high,no,json,Output only a pure JSON object. Do not output any code block markers such as ```json.,high,no,no,,medium,no,sum_required;grade_conversion_required,The probabilities of the four categories in class_probabilities must sum to 1.,high,no,confidence_required;probability_required,The probabilities of the four categories in class_probabilities must sum to 1.,high,no,1610,23,403,2,18,12
PHQ-8,GLM-5.2,思考,C11,PROMPT_000002,E:\数据库\代码\Data\PDCH\实验\_新结构_待启用\PHQ全量189人_调用就绪\prompts\PHQ8_prompt_set_3_nonconditional_24_conditions_English.docx,固定DOCX提示词文本；未使用任何模型表现结果。,required,key_evidence must be extracted from the input text or filled as null.,high,no,yes,key_evidence must be extracted from the input text or filled as null.,high,no,partial,The Patient Health Questionnaire-8 (PHQ-8) includes the following symptom items and frequency criteria.,high,no,implicit,,medium,no,infer_best_estimate,,medium,no,explicit_window,Each item is scored according to how often the symptom occurred in the past two weeks: 0=Not at all; 1=Several days; 2=More than half the days; 3=Nearly every day.,high,no,explicit,The Patient Health Questionnaire-8 (PHQ-8) includes the following symptom items and frequency criteria.,high,no,uncertain,,low,yes,implicit,,medium,no,no,,high,no,json,Output only a pure JSON object. Do not output any code block markers such as ```json.,high,no,no,,medium,no,item_score_required;sum_required;grade_conversion_required,Each item score ranges from 0 to 3. total_score is the sum of the 8 item scores and ranges from 0 to 24.,high,no,confidence_required,"Each item must include reasoning, the clinical inference basis for scoring, and confidence_score from 0.00 to 1.00.",high,no,2643,41,661,10,36,20
PHQ-8,GLM-5.2,思考,C12,PROMPT_000002,E:\数据库\代码\Data\PDCH\实验\_新结构_待启用\PHQ全量189人_调用就绪\prompts\PHQ8_prompt_set_3_nonconditional_24_conditions_English.docx,固定DOCX提示词文本；未使用任何模型表现结果。,required,key_evidence must be extracted from the input text or filled as null.,high,no,yes,key_evidence must be extracted from the input text or filled as null.,high,no,partial,The Patient Health Questionnaire-8 (PHQ-8) includes the following symptom items and frequency criteria.,high,no,implicit,,medium,no,infer_best_estimate,,medium,no,explicit_window,Each item is scored according to how often the symptom occurred in the past two weeks: 0=Not at all; 1=Several days; 2=More than half the days; 3=Nearly every day.,high,no,explicit,The Patient Health Questionnaire-8 (PHQ-8) includes the following symptom items and frequency criteria.,high,no,uncertain,,low,yes,implicit,,medium,no,no,,high,no,json,Output only a pure JSON object. Do not output any code block markers such as ```json.,high,no,no,,medium,no,item_score_required;sum_required;grade_conversion_required,Each item score ranges from 0 to 3. total_score is the sum of the 8 item scores and ranges from 0 to 24.,high,no,confidence_required,"Each item must include reasoning, the clinical inference basis for scoring, and confidence_score from 0.00 to 1.00.",high,no,2643,41,661,10,36,20
PHQ-8,GLM-5.2,思考,C13,PROMPT_000010,E:\数据库\代码\Data\PDCH\实验\_新结构_待启用\PHQ全量189人_调用就绪\prompts\PHQ8_prompt_set_3_nonconditional_24_conditions_English.docx,固定DOCX提示词文本；未使用任何模型表现结果。,required,key_evidence must be extracted from the input text.,high,no,yes,key_evidence must be extracted from the input text.,high,no,partial,,high,no,implicit,,medium,no,infer_best_estimate,,medium,no,generic,,medium,no,absent,,high,no,uncertain,,low,yes,implicit,,medium,no,no,,high,no,json,Output only a pure JSON object. Do not output any code block markers such as ```json.,high,no,no,,medium,no,sum_required;grade_conversion_required,The probabilities of the four categories in class_probabilities must sum to 1.,high,no,confidence_required;probability_required,The probabilities of the four categories in class_probabilities must sum to 1.,high,no,1610,23,403,2,18,12
PHQ-8,GLM-5.2,思考,C14,PROMPT_000010,E:\数据库\代码\Data\PDCH\实验\_新结构_待启用\PHQ全量189人_调用就绪\prompts\PHQ8_prompt_set_3_nonconditional_24_conditions_English.docx,固定DOCX提示词文本；未使用任何模型表现结果。,required,key_evidence must be extracted from the input text.,high,no,yes,key_evidence must be extracted from the input text.,high,no,partial,,high,no,implicit,,medium,no,infer_best_estimate,,medium,no,generic,,medium,no,absent,,high,no,uncertain,,low,yes,implicit,,medium,no,no,,high,no,json,Output only a pure JSON object. Do not output any code block markers such as ```json.,high,no,no,,medium,no,sum_required;grade_conversion_required,The probabilities of the four categories in class_probabilities must sum to 1.,high,no,confidence_required;probability_required,The probabilities of the four categories in class_probabilities must sum to 1.,high,no,1610,23,403,2,18,12
PHQ-8,GLM-5.2,思考,C15,PROMPT_000023,E:\数据库\代码\Data\PDCH\实验\_新结构_待启用\PHQ全量189人_调用就绪\prompts\PHQ8_prompt_set_3_nonconditional_24_conditions_English.docx,固定DOCX提示词文本；未使用任何模型表现结果。,required,key_evidence must be extracted from the input text or filled as null.,high,no,yes,key_evidence must be extracted from the input text or filled as null.,high,no,partial,The Patient Health Questionnaire-8 (PHQ-8) includes the following symptom items and frequency criteria.,high,no,implicit,,medium,no,infer_best_estimate,,medium,no,explicit_window,Each item is scored according to how often the symptom occurred in the past two weeks: 0=Not at all; 1=Several days; 2=More than half the days; 3=Nearly every day.,high,no,explicit,The Patient Health Questionnaire-8 (PHQ-8) includes the following symptom items and frequency criteria.,high,no,uncertain,,low,yes,implicit,,medium,no,no,,high,no,json,Output only a pure JSON object. Do not output any code block markers such as ```json.,high,no,no,,medium,no,item_score_required;sum_required;grade_conversion_required,Each item score ranges from 0 to 3. total_score is the sum of the 8 item scores and ranges from 0 to 24.,high,no,confidence_required,"Each item must include reasoning, the clinical inference basis for scoring, and confidence_score from 0.00 to 1.00.",high,no,2643,41,661,10,36,20
PHQ-8,GLM-5.2,思考,C16,PROMPT_000023,E:\数据库\代码\Data\PDCH\实验\_新结构_待启用\PHQ全量189人_调用就绪\prompts\PHQ8_prompt_set_3_nonconditional_24_conditions_English.docx,固定DOCX提示词文本；未使用任何模型表现结果。,required,key_evidence must be extracted from the input text or filled as null.,high,no,yes,key_evidence must be extracted from the input text or filled as null.,high,no,partial,The Patient Health Questionnaire-8 (PHQ-8) includes the following symptom items and frequency criteria.,high,no,implicit,,medium,no,infer_best_estimate,,medium,no,explicit_window,Each item is scored according to how often the symptom occurred in the past two weeks: 0=Not at all; 1=Several days; 2=More than half the days; 3=Nearly every day.,high,no,explicit,The Patient Health Questionnaire-8 (PHQ-8) includes the following symptom items and frequency criteria.,high,no,uncertain,,low,yes,implicit,,medium,no,no,,high,no,json,Output only a pure JSON object. Do not output any code block markers such as ```json.,high,no,no,,medium,no,item_score_required;sum_required;grade_conversion_required,Each item score ranges from 0 to 3. total_score is the sum of the 8 item scores and ranges from 0 to 24.,high,no,confidence_required,"Each item must include reasoning, the clinical inference basis for scoring, and confidence_score from 0.00 to 1.00.",high,no,2643,41,661,10,36,20
PHQ-8,Qwen3.7-Max,思考,C01,PROMPT_000008,E:\数据库\代码\Data\PDCH\实验\_新结构_待启用\PHQ全量189人_调用就绪\prompts\PHQ8_prompt_set_3_nonconditional_24_conditions_English.docx,固定DOCX提示词文本；未使用任何模型表现结果。,required,key_evidence must be extracted from the input text.,high,no,yes,key_evidence must be extracted from the input text.,high,no,partial,,high,no,implicit,,medium,no,infer_best_estimate,,medium,no,generic,,medium,no,absent,,high,no,uncertain,,low,yes,implicit,,medium,no,no,,high,no,json,Output only a pure JSON object. Do not output any code block markers such as ```json.,high,no,no,,medium,no,sum_required;grade_conversion_required,The probabilities of the four categories in class_probabilities must sum to 1.,high,no,confidence_required;probability_required,The probabilities of the four categories in class_probabilities must sum to 1.,high,no,1421,23,356,2,18,12
PHQ-8,Qwen3.7-Max,思考,C02,PROMPT_000008,E:\数据库\代码\Data\PDCH\实验\_新结构_待启用\PHQ全量189人_调用就绪\prompts\PHQ8_prompt_set_3_nonconditional_24_conditions_English.docx,固定DOCX提示词文本；未使用任何模型表现结果。,required,key_evidence must be extracted from the input text.,high,no,yes,key_evidence must be extracted from the input text.,high,no,partial,,high,no,implicit,,medium,no,infer_best_estimate,,medium,no,generic,,medium,no,absent,,high,no,uncertain,,low,yes,implicit,,medium,no,no,,high,no,json,Output only a pure JSON object. Do not output any code block markers such as ```json.,high,no,no,,medium,no,sum_required;grade_conversion_required,The probabilities of the four categories in class_probabilities must sum to 1.,high,no,confidence_required;probability_required,The probabilities of the four categories in class_probabilities must sum to 1.,high,no,1421,23,356,2,18,12
PHQ-8,Qwen3.7-Max,思考,C03,PROMPT_000019,E:\数据库\代码\Data\PDCH\实验\_新结构_待启用\PHQ全量189人_调用就绪\prompts\PHQ8_prompt_set_3_nonconditional_24_conditions_English.docx,固定DOCX提示词文本；未使用任何模型表现结果。,required,key_evidence must be extracted from the input text or filled as null.,high,no,yes,key_evidence must be extracted from the input text or filled as null.,high,no,partial,The Patient Health Questionnaire-8 (PHQ-8) includes the following symptom items and frequency criteria.,high,no,implicit,,medium,no,infer_best_estimate,,medium,no,explicit_window,Each item is scored according to how often the symptom occurred in the past two weeks: 0=Not at all; 1=Several days; 2=More than half the days; 3=Nearly every day.,high,no,explicit,The Patient Health Questionnaire-8 (PHQ-8) includes the following symptom items and frequency criteria.,high,no,uncertain,,low,yes,implicit,,medium,no,no,,high,no,json,Output only a pure JSON object. Do not output any code block markers such as ```json.,high,no,no,,medium,no,item_score_required;sum_required;grade_conversion_required,Each item score ranges from 0 to 3. total_score is the sum of the 8 item scores and ranges from 0 to 24.,high,no,confidence_required,"Each item must include reasoning, the clinical inference basis for scoring, and confidence_score from 0.00 to 1.00.",high,no,2454,41,614,10,36,20
PHQ-8,Qwen3.7-Max,思考,C04,PROMPT_000019,E:\数据库\代码\Data\PDCH\实验\_新结构_待启用\PHQ全量189人_调用就绪\prompts\PHQ8_prompt_set_3_nonconditional_24_conditions_English.docx,固定DOCX提示词文本；未使用任何模型表现结果。,required,key_evidence must be extracted from the input text or filled as null.,high,no,yes,key_evidence must be extracted from the input text or filled as null.,high,no,partial,The Patient Health Questionnaire-8 (PHQ-8) includes the following symptom items and frequency criteria.,high,no,implicit,,medium,no,infer_best_estimate,,medium,no,explicit_window,Each item is scored according to how often the symptom occurred in the past two weeks: 0=Not at all; 1=Several days; 2=More than half the days; 3=Nearly every day.,high,no,explicit,The Patient Health Questionnaire-8 (PHQ-8) includes the following symptom items and frequency criteria.,high,no,uncertain,,low,yes,implicit,,medium,no,no,,high,no,json,Output only a pure JSON object. Do not output any code block markers such as ```json.,high,no,no,,medium,no,item_score_required;sum_required;grade_conversion_required,Each item score ranges from 0 to 3. total_score is the sum of the 8 item scores and ranges from 0 to 24.,high,no,confidence_required,"Each item must include reasoning, the clinical inference basis for scoring, and confidence_score from 0.00 to 1.00.",high,no,2454,41,614,10,36,20
PHQ-8,Qwen3.7-Max,思考,C05,PROMPT_000016,E:\数据库\代码\Data\PDCH\实验\_新结构_待启用\PHQ全量189人_调用就绪\prompts\PHQ8_prompt_set_3_nonconditional_24_conditions_English.docx,固定DOCX提示词文本；未使用任何模型表现结果。,required,key_evidence must be extracted from the input text.,high,no,yes,key_evidence must be extracted from the input text.,high,no,partial,,high,no,implicit,,medium,no,infer_best_estimate,,medium,no,generic,,medium,no,absent,,high,no,uncertain,,low,yes,implicit,,medium,no,no,,high,no,json,Output only a pure JSON object. Do not output any code block markers such as ```json.,high,no,no,,medium,no,sum_required;grade_conversion_required,The probabilities of the four categories in class_probabilities must sum to 1.,high,no,confidence_required;probability_required,The probabilities of the four categories in class_probabilities must sum to 1.,high,no,1421,23,356,2,18,12
PHQ-8,Qwen3.7-Max,思考,C06,PROMPT_000016,E:\数据库\代码\Data\PDCH\实验\_新结构_待启用\PHQ全量189人_调用就绪\prompts\PHQ8_prompt_set_3_nonconditional_24_conditions_English.docx,固定DOCX提示词文本；未使用任何模型表现结果。,required,key_evidence must be extracted from the input text.,high,no,yes,key_evidence must be extracted from the input text.,high,no,partial,,high,no,implicit,,medium,no,infer_best_estimate,,medium,no,generic,,medium,no,absent,,high,no,uncertain,,low,yes,implicit,,medium,no,no,,high,no,json,Output only a pure JSON object. Do not output any code block markers such as ```json.,high,no,no,,medium,no,sum_required;grade_conversion_required,The probabilities of the four categories in class_probabilities must sum to 1.,high,no,confidence_required;probability_required,The probabilities of the four categories in class_probabilities must sum to 1.,high,no,1421,23,356,2,18,12
PHQ-8,Qwen3.7-Max,思考,C07,PROMPT_000014,E:\数据库\代码\Data\PDCH\实验\_新结构_待启用\PHQ全量189人_调用就绪\prompts\PHQ8_prompt_set_3_nonconditional_24_conditions_English.docx,固定DOCX提示词文本；未使用任何模型表现结果。,required,key_evidence must be extracted from the input text or filled as null.,high,no,yes,key_evidence must be extracted from the input text or filled as null.,high,no,partial,The Patient Health Questionnaire-8 (PHQ-8) includes the following symptom items and frequency criteria.,high,no,implicit,,medium,no,infer_best_estimate,,medium,no,explicit_window,Each item is scored according to how often the symptom occurred in the past two weeks: 0=Not at all; 1=Several days; 2=More than half the days; 3=Nearly every day.,high,no,explicit,The Patient Health Questionnaire-8 (PHQ-8) includes the following symptom items and frequency criteria.,high,no,uncertain,,low,yes,implicit,,medium,no,no,,high,no,json,Output only a pure JSON object. Do not output any code block markers such as ```json.,high,no,no,,medium,no,item_score_required;sum_required;grade_conversion_required,Each item score ranges from 0 to 3. total_score is the sum of the 8 item scores and ranges from 0 to 24.,high,no,confidence_required,"Each item must include reasoning, the clinical inference basis for scoring, and confidence_score from 0.00 to 1.00.",high,no,2454,41,614,10,36,20
PHQ-8,Qwen3.7-Max,思考,C08,PROMPT_000014,E:\数据库\代码\Data\PDCH\实验\_新结构_待启用\PHQ全量189人_调用就绪\prompts\PHQ8_prompt_set_3_nonconditional_24_conditions_English.docx,固定DOCX提示词文本；未使用任何模型表现结果。,required,key_evidence must be extracted from the input text or filled as null.,high,no,yes,key_evidence must be extracted from the input text or filled as null.,high,no,partial,The Patient Health Questionnaire-8 (PHQ-8) includes the following symptom items and frequency criteria.,high,no,implicit,,medium,no,infer_best_estimate,,medium,no,explicit_window,Each item is scored according to how often the symptom occurred in the past two weeks: 0=Not at all; 1=Several days; 2=More than half the days; 3=Nearly every day.,high,no,explicit,The Patient Health Questionnaire-8 (PHQ-8) includes the following symptom items and frequency criteria.,high,no,uncertain,,low,yes,implicit,,medium,no,no,,high,no,json,Output only a pure JSON object. Do not output any code block markers such as ```json.,high,no,no,,medium,no,item_score_required;sum_required;grade_conversion_required,Each item score ranges from 0 to 3. total_score is the sum of the 8 item scores and ranges from 0 to 24.,high,no,confidence_required,"Each item must include reasoning, the clinical inference basis for scoring, and confidence_score from 0.00 to 1.00.",high,no,2454,41,614,10,36,20
PHQ-8,Qwen3.7-Max,思考,C09,PROMPT_000012,E:\数据库\代码\Data\PDCH\实验\_新结构_待启用\PHQ全量189人_调用就绪\prompts\PHQ8_prompt_set_3_nonconditional_24_conditions_English.docx,固定DOCX提示词文本；未使用任何模型表现结果。,required,key_evidence must be extracted from the input text.,high,no,yes,key_evidence must be extracted from the input text.,high,no,partial,,high,no,implicit,,medium,no,infer_best_estimate,,medium,no,generic,,medium,no,absent,,high,no,uncertain,,low,yes,implicit,,medium,no,no,,high,no,json,Output only a pure JSON object. Do not output any code block markers such as ```json.,high,no,no,,medium,no,sum_required;grade_conversion_required,The probabilities of the four categories in class_probabilities must sum to 1.,high,no,confidence_required;probability_required,The probabilities of the four categories in class_probabilities must sum to 1.,high,no,1610,23,403,2,18,12
PHQ-8,Qwen3.7-Max,思考,C10,PROMPT_000012,E:\数据库\代码\Data\PDCH\实验\_新结构_待启用\PHQ全量189人_调用就绪\prompts\PHQ8_prompt_set_3_nonconditional_24_conditions_English.docx,固定DOCX提示词文本；未使用任何模型表现结果。,required,key_evidence must be extracted from the input text.,high,no,yes,key_evidence must be extracted from the input text.,high,no,partial,,high,no,implicit,,medium,no,infer_best_estimate,,medium,no,generic,,medium,no,absent,,high,no,uncertain,,low,yes,implicit,,medium,no,no,,high,no,json,Output only a pure JSON object. Do not output any code block markers such as ```json.,high,no,no,,medium,no,sum_required;grade_conversion_required,The probabilities of the four categories in class_probabilities must sum to 1.,high,no,confidence_required;probability_required,The probabilities of the four categories in class_probabilities must sum to 1.,high,no,1610,23,403,2,18,12
PHQ-8,Qwen3.7-Max,思考,C11,PROMPT_000002,E:\数据库\代码\Data\PDCH\实验\_新结构_待启用\PHQ全量189人_调用就绪\prompts\PHQ8_prompt_set_3_nonconditional_24_conditions_English.docx,固定DOCX提示词文本；未使用任何模型表现结果。,required,key_evidence must be extracted from the input text or filled as null.,high,no,yes,key_evidence must be extracted from the input text or filled as null.,high,no,partial,The Patient Health Questionnaire-8 (PHQ-8) includes the following symptom items and frequency criteria.,high,no,implicit,,medium,no,infer_best_estimate,,medium,no,explicit_window,Each item is scored according to how often the symptom occurred in the past two weeks: 0=Not at all; 1=Several days; 2=More than half the days; 3=Nearly every day.,high,no,explicit,The Patient Health Questionnaire-8 (PHQ-8) includes the following symptom items and frequency criteria.,high,no,uncertain,,low,yes,implicit,,medium,no,no,,high,no,json,Output only a pure JSON object. Do not output any code block markers such as ```json.,high,no,no,,medium,no,item_score_required;sum_required;grade_conversion_required,Each item score ranges from 0 to 3. total_score is the sum of the 8 item scores and ranges from 0 to 24.,high,no,confidence_required,"Each item must include reasoning, the clinical inference basis for scoring, and confidence_score from 0.00 to 1.00.",high,no,2643,41,661,10,36,20
PHQ-8,Qwen3.7-Max,思考,C12,PROMPT_000002,E:\数据库\代码\Data\PDCH\实验\_新结构_待启用\PHQ全量189人_调用就绪\prompts\PHQ8_prompt_set_3_nonconditional_24_conditions_English.docx,固定DOCX提示词文本；未使用任何模型表现结果。,required,key_evidence must be extracted from the input text or filled as null.,high,no,yes,key_evidence must be extracted from the input text or filled as null.,high,no,partial,The Patient Health Questionnaire-8 (PHQ-8) includes the following symptom items and frequency criteria.,high,no,implicit,,medium,no,infer_best_estimate,,medium,no,explicit_window,Each item is scored according to how often the symptom occurred in the past two weeks: 0=Not at all; 1=Several days; 2=More than half the days; 3=Nearly every day.,high,no,explicit,The Patient Health Questionnaire-8 (PHQ-8) includes the following symptom items and frequency criteria.,high,no,uncertain,,low,yes,implicit,,medium,no,no,,high,no,json,Output only a pure JSON object. Do not output any code block markers such as ```json.,high,no,no,,medium,no,item_score_required;sum_required;grade_conversion_required,Each item score ranges from 0 to 3. total_score is the sum of the 8 item scores and ranges from 0 to 24.,high,no,confidence_required,"Each item must include reasoning, the clinical inference basis for scoring, and confidence_score from 0.00 to 1.00.",high,no,2643,41,661,10,36,20
PHQ-8,Qwen3.7-Max,思考,C13,PROMPT_000010,E:\数据库\代码\Data\PDCH\实验\_新结构_待启用\PHQ全量189人_调用就绪\prompts\PHQ8_prompt_set_3_nonconditional_24_conditions_English.docx,固定DOCX提示词文本；未使用任何模型表现结果。,required,key_evidence must be extracted from the input text.,high,no,yes,key_evidence must be extracted from the input text.,high,no,partial,,high,no,implicit,,medium,no,infer_best_estimate,,medium,no,generic,,medium,no,absent,,high,no,uncertain,,low,yes,implicit,,medium,no,no,,high,no,json,Output only a pure JSON object. Do not output any code block markers such as ```json.,high,no,no,,medium,no,sum_required;grade_conversion_required,The probabilities of the four categories in class_probabilities must sum to 1.,high,no,confidence_required;probability_required,The probabilities of the four categories in class_probabilities must sum to 1.,high,no,1610,23,403,2,18,12
PHQ-8,Qwen3.7-Max,思考,C14,PROMPT_000010,E:\数据库\代码\Data\PDCH\实验\_新结构_待启用\PHQ全量189人_调用就绪\prompts\PHQ8_prompt_set_3_nonconditional_24_conditions_English.docx,固定DOCX提示词文本；未使用任何模型表现结果。,required,key_evidence must be extracted from the input text.,high,no,yes,key_evidence must be extracted from the input text.,high,no,partial,,high,no,implicit,,medium,no,infer_best_estimate,,medium,no,generic,,medium,no,absent,,high,no,uncertain,,low,yes,implicit,,medium,no,no,,high,no,json,Output only a pure JSON object. Do not output any code block markers such as ```json.,high,no,no,,medium,no,sum_required;grade_conversion_required,The probabilities of the four categories in class_probabilities must sum to 1.,high,no,confidence_required;probability_required,The probabilities of the four categories in class_probabilities must sum to 1.,high,no,1610,23,403,2,18,12
PHQ-8,Qwen3.7-Max,思考,C15,PROMPT_000023,E:\数据库\代码\Data\PDCH\实验\_新结构_待启用\PHQ全量189人_调用就绪\prompts\PHQ8_prompt_set_3_nonconditional_24_conditions_English.docx,固定DOCX提示词文本；未使用任何模型表现结果。,required,key_evidence must be extracted from the input text or filled as null.,high,no,yes,key_evidence must be extracted from the input text or filled as null.,high,no,partial,The Patient Health Questionnaire-8 (PHQ-8) includes the following symptom items and frequency criteria.,high,no,implicit,,medium,no,infer_best_estimate,,medium,no,explicit_window,Each item is scored according to how often the symptom occurred in the past two weeks: 0=Not at all; 1=Several days; 2=More than half the days; 3=Nearly every day.,high,no,explicit,The Patient Health Questionnaire-8 (PHQ-8) includes the following symptom items and frequency criteria.,high,no,uncertain,,low,yes,implicit,,medium,no,no,,high,no,json,Output only a pure JSON object. Do not output any code block markers such as ```json.,high,no,no,,medium,no,item_score_required;sum_required;grade_conversion_required,Each item score ranges from 0 to 3. total_score is the sum of the 8 item scores and ranges from 0 to 24.,high,no,confidence_required,"Each item must include reasoning, the clinical inference basis for scoring, and confidence_score from 0.00 to 1.00.",high,no,2643,41,661,10,36,20
PHQ-8,Qwen3.7-Max,思考,C16,PROMPT_000023,E:\数据库\代码\Data\PDCH\实验\_新结构_待启用\PHQ全量189人_调用就绪\prompts\PHQ8_prompt_set_3_nonconditional_24_conditions_English.docx,固定DOCX提示词文本；未使用任何模型表现结果。,required,key_evidence must be extracted from the input text or filled as null.,high,no,yes,key_evidence must be extracted from the input text or filled as null.,high,no,partial,The Patient Health Questionnaire-8 (PHQ-8) includes the following symptom items and frequency criteria.,high,no,implicit,,medium,no,infer_best_estimate,,medium,no,explicit_window,Each item is scored according to how often the symptom occurred in the past two weeks: 0=Not at all; 1=Several days; 2=More than half the days; 3=Nearly every day.,high,no,explicit,The Patient Health Questionnaire-8 (PHQ-8) includes the following symptom items and frequency criteria.,high,no,uncertain,,low,yes,implicit,,medium,no,no,,high,no,json,Output only a pure JSON object. Do not output any code block markers such as ```json.,high,no,no,,medium,no,item_score_required;sum_required;grade_conversion_required,Each item score ranges from 0 to 3. total_score is the sum of the 8 item scores and ranges from 0 to 24.,high,no,confidence_required,"Each item must include reasoning, the clinical inference basis for scoring, and confidence_score from 0.00 to 1.00.",high,no,2643,41,661,10,36,20
HAMD-17,shared front prompt,shared,NC01_event_segmentation,PROMPT_000027,E:\数据库\代码\Data\PDCH\实验\_新结构_待启用\hamd正式使用提示词.docx,固定DOCX提示词文本；未使用任何模型表现结果。,none,,high,no,no,,high,no,complete,大部分项目采用0～4分的5级评分法，各级标准为：（0）无；（1）轻度；（2）中度；（3）重度；（4）极重度；少数项目采用0～2分的3级评分法，各级标准为：（0）无；（1）轻～中度；（2）重度。,high,no,explicit,6. 早醒（末段失眠）：0=正常，没有早醒；1=有早醒，比平时早醒1小时，但能重新入睡（应排除平时的习惯）；2=早醒后无法重新入睡。,high,no,other,14. 性症状（指性欲减退，月经紊乱等）：0=正常，没有性症状；1=轻度；2=重度；9=不能肯定，或该项对被评者不适合（不计入总分）。,high,no,explicit_window,16. 体重减轻：0=正常，没有体重减轻；1=患者诉述可能有体重减轻或一周内体重减轻超过0.5公斤；2=患者诉述肯定体重减轻或一周内体重减轻超过1公斤。,high,no,explicit,4. 入睡困难（初段失眠，采用0～2分的3级评分法。各级的标准为：（0）无；（1）轻～中度；（2）重度）：0=正常，没有入睡困难；1=主诉有入睡困难，上床半小时后仍不能入睡（要注意平时病人入睡的时间）；2=主诉每晚均有入睡困难。,high,no,uncertain,,low,yes,explicit,16. 体重减轻：0=正常，没有体重减轻；1=患者诉述可能有体重减轻或一周内体重减轻超过0.5公斤；2=患者诉述肯定体重减轻或一周内体重减轻超过1公斤。,high,no,yes,14. 性症状（指性欲减退，月经紊乱等）：0=正常，没有性症状；1=轻度；2=重度；9=不能肯定，或该项对被评者不适合（不计入总分）。,high,no,json,仅输出纯 JSON 对象。不要输出 Markdown 代码块。,high,no,no,,medium,no,sum_required,14. 性症状（指性欲减退，月经紊乱等）：0=正常，没有性症状；1=轻度；2=重度；9=不能肯定，或该项对被评者不适合（不计入总分）。,high,no,none,,medium,no,2101,41,526,20,36,11
HAMD-17,shared front prompt,shared,NC02_dimension_analysis,PROMPT_000001,E:\数据库\代码\Data\PDCH\实验\_新结构_待启用\hamd正式使用提示词.docx,固定DOCX提示词文本；未使用任何模型表现结果。,required,"""evidence_quote"": ""原文中的内容"",",high,no,yes,"""evidence_quote"": ""原文中的内容"",",high,no,complete,大部分项目采用0～4分的5级评分法，各级标准为：（0）无；（1）轻度；（2）中度；（3）重度；（4）极重度；少数项目采用0～2分的3级评分法，各级标准为：（0）无；（1）轻～中度；（2）重度。,high,no,explicit,6. 早醒（末段失眠）：0=正常，没有早醒；1=有早醒，比平时早醒1小时，但能重新入睡（应排除平时的习惯）；2=早醒后无法重新入睡。,high,no,other,14. 性症状（指性欲减退，月经紊乱等）：0=正常，没有性症状；1=轻度；2=重度；9=不能肯定，或该项对被评者不适合（不计入总分）。,high,no,explicit_window,16. 体重减轻：0=正常，没有体重减轻；1=患者诉述可能有体重减轻或一周内体重减轻超过0.5公斤；2=患者诉述肯定体重减轻或一周内体重减轻超过1公斤。,high,no,explicit,4. 入睡困难（初段失眠，采用0～2分的3级评分法。各级的标准为：（0）无；（1）轻～中度；（2）重度）：0=正常，没有入睡困难；1=主诉有入睡困难，上床半小时后仍不能入睡（要注意平时病人入睡的时间）；2=主诉每晚均有入睡困难。,high,no,moderate,,low,yes,explicit,16. 体重减轻：0=正常，没有体重减轻；1=患者诉述可能有体重减轻或一周内体重减轻超过0.5公斤；2=患者诉述肯定体重减轻或一周内体重减轻超过1公斤。,high,no,yes,14. 性症状（指性欲减退，月经紊乱等）：0=正常，没有性症状；1=轻度；2=重度；9=不能肯定，或该项对被评者不适合（不计入总分）。,high,no,structured_text,直接输出纯 JSON，绝对不要包含 markdown 代码块。,high,no,no,,medium,no,sum_required,14. 性症状（指性欲减退，月经紊乱等）：0=正常，没有性症状；1=轻度；2=重度；9=不能肯定，或该项对被评者不适合（不计入总分）。,high,no,confidence_required,你接收一组【临床访谈文本事件序列】。你需要识别并标记噪音事件，为有效事件打上具体的维度标签，并提供判定理由与置信度。参考汉密尔顿抑郁量表（HAMD-17）所涵盖的症状维度与严重程度。,high,no,2322,48,581,21,43,17
HAMD-17,shared front prompt,shared,NC03_narrative,PROMPT_000015,E:\数据库\代码\Data\PDCH\实验\_新结构_待启用\hamd正式使用提示词.docx,固定DOCX提示词文本；未使用任何模型表现结果。,required,提示词提及 evidence，但未见明确必填要求。,medium,no,uncertain,,medium,yes,complete,大部分项目采用0～4分的5级评分法，各级标准为：（0）无；（1）轻度；（2）中度；（3）重度；（4）极重度；少数项目采用0～2分的3级评分法，各级标准为：（0）无；（1）轻～中度；（2）重度。,high,no,explicit,6. 早醒（末段失眠）：0=正常，没有早醒；1=有早醒，比平时早醒1小时，但能重新入睡（应排除平时的习惯）；2=早醒后无法重新入睡。,high,no,other,14. 性症状（指性欲减退，月经紊乱等）：0=正常，没有性症状；1=轻度；2=重度；9=不能肯定，或该项对被评者不适合（不计入总分）。,high,no,explicit_window,16. 体重减轻：0=正常，没有体重减轻；1=患者诉述可能有体重减轻或一周内体重减轻超过0.5公斤；2=患者诉述肯定体重减轻或一周内体重减轻超过1公斤。,high,no,explicit,4. 入睡困难（初段失眠，采用0～2分的3级评分法。各级的标准为：（0）无；（1）轻～中度；（2）重度）：0=正常，没有入睡困难；1=主诉有入睡困难，上床半小时后仍不能入睡（要注意平时病人入睡的时间）；2=主诉每晚均有入睡困难。,high,no,uncertain,,low,yes,explicit,16. 体重减轻：0=正常，没有体重减轻；1=患者诉述可能有体重减轻或一周内体重减轻超过0.5公斤；2=患者诉述肯定体重减轻或一周内体重减轻超过1公斤。,high,no,yes,14. 性症状（指性欲减退，月经紊乱等）：0=正常，没有性症状；1=轻度；2=重度；9=不能肯定，或该项对被评者不适合（不计入总分）。,high,no,free_text,仅输出规范化后的临床叙事文本。输出应为一个自然段，各类信息应自然整合在同一段叙述中。,high,no,no,,medium,no,sum_required,14. 性症状（指性欲减退，月经紊乱等）：0=正常，没有性症状；1=轻度；2=重度；9=不能肯定，或该项对被评者不适合（不计入总分）。,high,no,none,,medium,no,1998,32,500,20,27,2
PHQ-8,shared front prompt,shared,NC01_event_segmentation,PROMPT_000024,E:\数据库\代码\Data\PDCH\实验\_新结构_待启用\PHQ全量189人_调用就绪\prompts\PHQ8_prompt_set_3_nonconditional_24_conditions_English.docx,固定DOCX提示词文本；未使用任何模型表现结果。,none,,high,no,no,,high,no,partial,Your task is to process a mental health interview transcript with line-number markers such as [L01]. Segment the transcript into independent event fragments and extract the start and end line numbers of each fragment. Segment events with reference to the symptom items and severity definitions covered by the Patient Health Questionnaire-8 (PHQ-8).,high,no,implicit,,medium,no,unspecified,,high,no,explicit_window,Each item is scored according to how often the symptom occurred in the past two weeks: 0=Not at all; 1=Several days; 2=More than half the days; 3=Nearly every day.,high,no,explicit,The Patient Health Questionnaire-8 (PHQ-8) includes the following symptom items and frequency criteria.,high,no,uncertain,,low,yes,implicit,,high,no,no,,high,no,json,Output only a pure JSON object. Do not output Markdown code blocks.,high,no,no,,medium,no,grade_conversion_required,,medium,no,none,,medium,no,2032,32,508,11,27,11
PHQ-8,shared front prompt,shared,NC02_dimension_analysis,PROMPT_000022,E:\数据库\代码\Data\PDCH\实验\_新结构_待启用\PHQ全量189人_调用就绪\prompts\PHQ8_prompt_set_3_nonconditional_24_conditions_English.docx,固定DOCX提示词文本；未使用任何模型表现结果。,required,"""evidence_quote"": ""original text content"",",high,no,yes,"""evidence_quote"": ""original text content"",",high,no,partial,"You will receive a sequence of mental health interview events. Identify and mark noise events, assign specific item labels to valid events, and provide the judgment reason and confidence score. Use the symptom items and severity definitions covered by the Patient Health Questionnaire-8 (PHQ-8) as reference.",high,no,implicit,,medium,no,unspecified,,high,no,explicit_window,Each item is scored according to how often the symptom occurred in the past two weeks: 0=Not at all; 1=Several days; 2=More than half the days; 3=Nearly every day.,high,no,explicit,The Patient Health Questionnaire-8 (PHQ-8) includes the following symptom items and frequency criteria.,high,no,uncertain,,low,yes,implicit,,high,no,no,,high,no,json,Output pure JSON directly. Do not include Markdown code blocks.,high,no,no,,medium,no,grade_conversion_required,,medium,no,confidence_required,"You will receive a sequence of mental health interview events. Identify and mark noise events, assign specific item labels to valid events, and provide the judgment reason and confidence score. Use the symptom items and severity definitions covered by the Patient Health Questionnaire-8 (PHQ-8) as reference.",high,no,2119,39,530,12,34,17
PHQ-8,shared front prompt,shared,NC03_narrative,PROMPT_000009,E:\数据库\代码\Data\PDCH\实验\_新结构_待启用\PHQ全量189人_调用就绪\prompts\PHQ8_prompt_set_3_nonconditional_24_conditions_English.docx,固定DOCX提示词文本；未使用任何模型表现结果。,required,提示词提及 evidence，但未见明确必填要求。,medium,no,uncertain,,medium,yes,partial,The Patient Health Questionnaire-8 (PHQ-8) includes the following symptom items and frequency criteria.,high,no,implicit,,medium,no,unspecified,,high,no,explicit_window,Each item is scored according to how often the symptom occurred in the past two weeks: 0=Not at all; 1=Several days; 2=More than half the days; 3=Nearly every day.,high,no,explicit,The Patient Health Questionnaire-8 (PHQ-8) includes the following symptom items and frequency criteria.,high,no,uncertain,,low,yes,explicit,"You will receive a piece of interviewer-participant dialogue text, which may be a complete interview, an event sequence, or a single event fragment. Convert the input text into standardized mental health assessment narrative text with reference to the symptom items of the Patient Health Questionnaire-8 (PHQ-8). PHQ-8 is used only as a reference for symptom recognition and terminology standardization, not for scoring.",high,no,no,,high,no,free_text,,medium,no,no,,medium,no,none,,medium,no,none,,medium,no,2129,23,533,11,18,2
