scale,cohort,model,thinking_mode,item_id,item_name,selected_condition_id,selected_rho,runner_up_condition_id,runner_up_rho,winner_runner_up_delta,selection_reason,n_common,repeat,fold,validation_layer,train_subject_n,test_subject_n
HAMD-17,PDCH标签99人,GLM-5.2,思考,1,抑郁情绪,16,0.5565650477024214,3.0,0.5488650187028633,0.007700028999558128,max_corrected_rho,79,0,0,repeated_10x5_oof,79,20
HAMD-17,PDCH标签99人,GLM-5.2,思考,2,有罪感,4,0.4742372873790273,12.0,0.46265222585296945,0.011585061526057872,max_corrected_rho,79,0,0,repeated_10x5_oof,79,20
HAMD-17,PDCH标签99人,GLM-5.2,思考,3,自杀,15,0.4154821911919991,16.0,0.3902087684724065,0.025273422719592598,max_corrected_rho,79,0,0,repeated_10x5_oof,79,20
HAMD-17,PDCH标签99人,GLM-5.2,思考,4,入睡困难,3,0.47049187039685497,16.0,0.4497609944643737,0.020730875932481296,max_corrected_rho,79,0,0,repeated_10x5_oof,79,20
HAMD-17,PDCH标签99人,GLM-5.2,思考,5,睡眠不深,7,0.20058079539664023,3.0,0.1685600516011759,0.032020743795464324,max_corrected_rho,79,0,0,repeated_10x5_oof,79,20
HAMD-17,PDCH标签99人,GLM-5.2,思考,6,早醒,3,0.31646591030542653,4.0,0.276861047329231,0.03960486297619553,max_corrected_rho,79,0,0,repeated_10x5_oof,79,20
HAMD-17,PDCH标签99人,GLM-5.2,思考,7,工作和活动,8,0.6362039909519631,7.0,0.624538164507553,0.011665826444410166,max_corrected_rho,79,0,0,repeated_10x5_oof,79,20
HAMD-17,PDCH标签99人,GLM-5.2,思考,8,迟滞,7,0.5511508879291908,11.0,0.47360359131141566,0.0775472966177751,max_corrected_rho,79,0,0,repeated_10x5_oof,79,20
HAMD-17,PDCH标签99人,GLM-5.2,思考,9,激越,15,0.4096576936241043,11.0,0.383364973184201,0.026292720439903328,max_corrected_rho,79,0,0,repeated_10x5_oof,79,20
HAMD-17,PDCH标签99人,GLM-5.2,思考,10,精神性焦虑,16,0.5570273343439008,8.0,0.5294473045676868,0.027580029776213988,max_corrected_rho,79,0,0,repeated_10x5_oof,79,20
HAMD-17,PDCH标签99人,GLM-5.2,思考,11,躯体性焦虑,3,0.5669012802565908,7.0,0.5558908198752491,0.01101046038134168,max_corrected_rho,79,0,0,repeated_10x5_oof,79,20
HAMD-17,PDCH标签99人,GLM-5.2,思考,12,胃肠道症状,11,0.4667007012392595,12.0,0.4500495151438538,0.016651186095405723,max_corrected_rho,79,0,0,repeated_10x5_oof,79,20
HAMD-17,PDCH标签99人,GLM-5.2,思考,13,全身症状,11,0.5417855806377597,3.0,0.5280468239268998,0.01373875671085989,max_corrected_rho,79,0,0,repeated_10x5_oof,79,20
HAMD-17,PDCH标签99人,GLM-5.2,思考,14,性症状,7,0.5450178681871714,3.0,0.5177904466928941,0.02722742149427726,max_corrected_rho,38,0,0,repeated_10x5_oof,79,20
HAMD-17,PDCH标签99人,GLM-5.2,思考,15,疑病,15,0.25307948769813987,16.0,0.23231589927433446,0.020763588423805407,max_corrected_rho,79,0,0,repeated_10x5_oof,79,20
HAMD-17,PDCH标签99人,GLM-5.2,思考,16,体重减轻,7,0.23130538616811522,8.0,0.20200233781036958,0.029303048357745637,max_corrected_rho,79,0,0,repeated_10x5_oof,79,20
HAMD-17,PDCH标签99人,GLM-5.2,思考,17,自知力,11,0.015030181320608472,3.0,0.013764952874477097,0.001265228446131375,max_corrected_rho,79,0,0,repeated_10x5_oof,79,20
HAMD-17,PDCH标签99人,Kimi-K2.6,思考,1,抑郁情绪,11,0.5807265297593734,7.0,0.5192329397296723,0.06149359002970112,max_corrected_rho,79,0,0,repeated_10x5_oof,79,20
HAMD-17,PDCH标签99人,Kimi-K2.6,思考,2,有罪感,11,0.4409386771416637,3.0,0.4409175899885409,2.1087153122767432e-05,max_corrected_rho,79,0,0,repeated_10x5_oof,79,20
HAMD-17,PDCH标签99人,Kimi-K2.6,思考,3,自杀,7,0.3742766984305669,16.0,0.32285116732330665,0.051425531107260225,max_corrected_rho,79,0,0,repeated_10x5_oof,79,20
HAMD-17,PDCH标签99人,Kimi-K2.6,思考,4,入睡困难,3,0.5117293168706787,12.0,0.4338148175389727,0.07791449933170597,max_corrected_rho,79,0,0,repeated_10x5_oof,79,20
HAMD-17,PDCH标签99人,Kimi-K2.6,思考,5,睡眠不深,8,0.20916392235236048,3.0,0.19076534978847914,0.018398572563881332,max_corrected_rho,79,0,0,repeated_10x5_oof,79,20
HAMD-17,PDCH标签99人,Kimi-K2.6,思考,6,早醒,16,0.2974945957133763,7.0,0.26628615060339555,0.03120844510998072,max_corrected_rho,79,0,0,repeated_10x5_oof,79,20
HAMD-17,PDCH标签99人,Kimi-K2.6,思考,7,工作和活动,7,0.6594226044051861,3.0,0.6076021875523632,0.051820416852822904,max_corrected_rho,79,0,0,repeated_10x5_oof,79,20
HAMD-17,PDCH标签99人,Kimi-K2.6,思考,8,迟滞,11,0.25596078503665476,15.0,0.2439024694047794,0.012058315631875371,max_corrected_rho,79,0,0,repeated_10x5_oof,79,20
HAMD-17,PDCH标签99人,Kimi-K2.6,思考,9,激越,11,0.3510261043995586,7.0,0.2895896482334911,0.06143645616606752,max_corrected_rho,79,0,0,repeated_10x5_oof,79,20
HAMD-17,PDCH标签99人,Kimi-K2.6,思考,10,精神性焦虑,8,0.4654327124559599,12.0,0.4022880105457147,0.06314470191024518,max_corrected_rho,79,0,0,repeated_10x5_oof,79,20
HAMD-17,PDCH标签99人,Kimi-K2.6,思考,11,躯体性焦虑,7,0.5337571060672983,16.0,0.5054862277253309,0.028270878341967398,max_corrected_rho,79,0,0,repeated_10x5_oof,79,20
HAMD-17,PDCH标签99人,Kimi-K2.6,思考,12,胃肠道症状,7,0.43166910964557453,8.0,0.42909336133876996,0.0025757483068045706,max_corrected_rho,79,0,0,repeated_10x5_oof,79,20
HAMD-17,PDCH标签99人,Kimi-K2.6,思考,13,全身症状,11,0.583246649935878,3.0,0.5717507722822367,0.011495877653641351,max_corrected_rho,79,0,0,repeated_10x5_oof,79,20
HAMD-17,PDCH标签99人,Kimi-K2.6,思考,14,性症状,3,,,,,all_not_estimable_fallback_c03,27,0,0,repeated_10x5_oof,79,20
HAMD-17,PDCH标签99人,Kimi-K2.6,思考,15,疑病,7,0.25312192548240103,4.0,0.21812271193997346,0.034999213542427576,max_corrected_rho,79,0,0,repeated_10x5_oof,79,20
HAMD-17,PDCH标签99人,Kimi-K2.6,思考,16,体重减轻,7,0.29820530495703335,11.0,0.2161333244549464,0.08207198050208694,max_corrected_rho,79,0,0,repeated_10x5_oof,79,20
HAMD-17,PDCH标签99人,Kimi-K2.6,思考,17,自知力,8,0.22043622256349288,7.0,0.18617021547838541,0.034266007085107464,max_corrected_rho,79,0,0,repeated_10x5_oof,79,20
HAMD-17,PDCH标签99人,Qwen3.7-Max,思考,1,抑郁情绪,4,0.5571339448616488,3.0,0.5487113448542552,0.008422600007393588,max_corrected_rho,79,0,0,repeated_10x5_oof,79,20
HAMD-17,PDCH标签99人,Qwen3.7-Max,思考,2,有罪感,3,0.4716894259669208,8.0,0.46500490166621,0.006684524300710815,max_corrected_rho,79,0,0,repeated_10x5_oof,79,20
HAMD-17,PDCH标签99人,Qwen3.7-Max,思考,3,自杀,8,0.3874244643830636,4.0,0.36461883042454196,0.022805633958521643,max_corrected_rho,79,0,0,repeated_10x5_oof,79,20
HAMD-17,PDCH标签99人,Qwen3.7-Max,思考,4,入睡困难,12,0.48099928220000154,3.0,0.45045556946376514,0.030543712736236406,max_corrected_rho,79,0,0,repeated_10x5_oof,79,20
HAMD-17,PDCH标签99人,Qwen3.7-Max,思考,5,睡眠不深,15,0.22430676124441265,11.0,0.1708450548704486,0.05346170637396405,max_corrected_rho,79,0,0,repeated_10x5_oof,79,20
HAMD-17,PDCH标签99人,Qwen3.7-Max,思考,6,早醒,3,0.28743098248388615,4.0,0.27651901367063353,0.010911968813252626,max_corrected_rho,79,0,0,repeated_10x5_oof,79,20
HAMD-17,PDCH标签99人,Qwen3.7-Max,思考,7,工作和活动,3,0.6405222362560883,8.0,0.6162029131374859,0.02431932311860241,max_corrected_rho,79,0,0,repeated_10x5_oof,79,20
HAMD-17,PDCH标签99人,Qwen3.7-Max,思考,8,迟滞,15,0.4624877138980432,16.0,0.3717998270588913,0.09068788683915191,max_corrected_rho,79,0,0,repeated_10x5_oof,79,20
HAMD-17,PDCH标签99人,Qwen3.7-Max,思考,9,激越,11,0.38228409676246405,4.0,0.362327591508618,0.01995650525384607,max_corrected_rho,79,0,0,repeated_10x5_oof,79,20
HAMD-17,PDCH标签99人,Qwen3.7-Max,思考,10,精神性焦虑,4,0.496401564231017,11.0,0.44804494591360194,0.04835661831741506,max_corrected_rho,79,0,0,repeated_10x5_oof,79,20
HAMD-17,PDCH标签99人,Qwen3.7-Max,思考,11,躯体性焦虑,11,0.5918582466117213,12.0,0.570560656898306,0.02129758971341522,max_corrected_rho,79,0,0,repeated_10x5_oof,79,20
HAMD-17,PDCH标签99人,Qwen3.7-Max,思考,12,胃肠道症状,11,0.43167130755122984,3.0,0.4307199150090509,0.0009513925421789637,max_corrected_rho,79,0,0,repeated_10x5_oof,79,20
HAMD-17,PDCH标签99人,Qwen3.7-Max,思考,13,全身症状,3,0.549896169953265,4.0,0.5085238419884596,0.04137232796480539,max_corrected_rho,79,0,0,repeated_10x5_oof,79,20
HAMD-17,PDCH标签99人,Qwen3.7-Max,思考,14,性症状,7,0.41291059321690876,3.0,0.4077172358242528,0.005193357392655973,max_corrected_rho,38,0,0,repeated_10x5_oof,79,20
HAMD-17,PDCH标签99人,Qwen3.7-Max,思考,15,疑病,15,0.273672823445041,16.0,0.24302124107761333,0.030651582367427682,max_corrected_rho,79,0,0,repeated_10x5_oof,79,20
HAMD-17,PDCH标签99人,Qwen3.7-Max,思考,16,体重减轻,12,0.28991021358351327,7.0,0.250075674048648,0.039834539534865265,max_corrected_rho,79,0,0,repeated_10x5_oof,79,20
HAMD-17,PDCH标签99人,Qwen3.7-Max,思考,17,自知力,8,0.17190095097404903,3.0,0.059404711184532714,0.11249623978951631,max_corrected_rho,79,0,0,repeated_10x5_oof,79,20
HAMD-17,PDCH标签99人,GLM-5.2,思考,1,抑郁情绪,16,0.5991005168012317,15.0,0.5501793570997164,0.04892115970151523,max_corrected_rho,79,0,1,repeated_10x5_oof,79,20
HAMD-17,PDCH标签99人,GLM-5.2,思考,2,有罪感,4,0.38032866260250975,12.0,0.3747457414142595,0.005582921188250267,max_corrected_rho,79,0,1,repeated_10x5_oof,79,20
HAMD-17,PDCH标签99人,GLM-5.2,思考,3,自杀,15,0.511627997042277,3.0,0.4886477712702221,0.02298022577205494,max_corrected_rho,79,0,1,repeated_10x5_oof,79,20
HAMD-17,PDCH标签99人,GLM-5.2,思考,4,入睡困难,3,0.5124574349238661,16.0,0.48815643972999784,0.024300995193868247,max_corrected_rho,79,0,1,repeated_10x5_oof,79,20
HAMD-17,PDCH标签99人,GLM-5.2,思考,5,睡眠不深,3,0.21781595492355715,7.0,0.18423086176743658,0.03358509315612057,max_corrected_rho,79,0,1,repeated_10x5_oof,79,20
HAMD-17,PDCH标签99人,GLM-5.2,思考,6,早醒,3,0.39059200108989167,4.0,0.34434096904020894,0.04625103204968273,max_corrected_rho,79,0,1,repeated_10x5_oof,79,20
HAMD-17,PDCH标签99人,GLM-5.2,思考,7,工作和活动,8,0.6662300942632416,15.0,0.6134808098668416,0.05274928439640003,max_corrected_rho,79,0,1,repeated_10x5_oof,79,20
HAMD-17,PDCH标签99人,GLM-5.2,思考,8,迟滞,15,0.480876916911293,4.0,0.45737758283653174,0.023499334074761236,max_corrected_rho,79,0,1,repeated_10x5_oof,79,20
HAMD-17,PDCH标签99人,GLM-5.2,思考,9,激越,15,0.4389358746992088,7.0,0.3856084985380953,0.05332737616111349,max_corrected_rho,79,0,1,repeated_10x5_oof,79,20
HAMD-17,PDCH标签99人,GLM-5.2,思考,10,精神性焦虑,16,0.5996073447531142,15.0,0.5357013181844531,0.06390602656866107,max_corrected_rho,79,0,1,repeated_10x5_oof,79,20
HAMD-17,PDCH标签99人,GLM-5.2,思考,11,躯体性焦虑,7,0.544024394529447,3.0,0.4953158138462358,0.048708580683211156,max_corrected_rho,79,0,1,repeated_10x5_oof,79,20
HAMD-17,PDCH标签99人,GLM-5.2,思考,12,胃肠道症状,12,0.5176117687122687,16.0,0.4905587395468043,0.02705302916546437,max_corrected_rho,79,0,1,repeated_10x5_oof,79,20
HAMD-17,PDCH标签99人,GLM-5.2,思考,13,全身症状,15,0.6040473435044812,3.0,0.5495027325838251,0.0545446109206561,max_corrected_rho,79,0,1,repeated_10x5_oof,79,20
HAMD-17,PDCH标签99人,GLM-5.2,思考,14,性症状,3,0.4718102691248758,7.0,0.4594894751821892,0.012320793942686592,max_corrected_rho,37,0,1,repeated_10x5_oof,79,20
HAMD-17,PDCH标签99人,GLM-5.2,思考,15,疑病,16,0.1904462789206405,8.0,0.160488381390653,0.02995789752998751,max_corrected_rho,79,0,1,repeated_10x5_oof,79,20
HAMD-17,PDCH标签99人,GLM-5.2,思考,16,体重减轻,15,0.2433331392928166,7.0,0.23106785626723084,0.012265283025585771,max_corrected_rho,79,0,1,repeated_10x5_oof,79,20
HAMD-17,PDCH标签99人,GLM-5.2,思考,17,自知力,11,0.10700959567194998,3.0,0.051866396010690714,0.055143199661259266,max_corrected_rho,79,0,1,repeated_10x5_oof,79,20
HAMD-17,PDCH标签99人,Kimi-K2.6,思考,1,抑郁情绪,11,0.5678803279619794,8.0,0.5676987249415983,0.00018160302038106035,max_corrected_rho,79,0,1,repeated_10x5_oof,79,20
HAMD-17,PDCH标签99人,Kimi-K2.6,思考,2,有罪感,8,0.396986863517643,3.0,0.39137395794515983,0.005612905572483173,max_corrected_rho,79,0,1,repeated_10x5_oof,79,20
HAMD-17,PDCH标签99人,Kimi-K2.6,思考,3,自杀,7,0.4281501493367576,3.0,0.412397872056329,0.015752277280428606,max_corrected_rho,79,0,1,repeated_10x5_oof,79,20
HAMD-17,PDCH标签99人,Kimi-K2.6,思考,4,入睡困难,3,0.5864223529593997,12.0,0.5774921952686614,0.00893015769073835,max_corrected_rho,79,0,1,repeated_10x5_oof,79,20
HAMD-17,PDCH标签99人,Kimi-K2.6,思考,5,睡眠不深,3,0.2564079775025699,8.0,0.2031949059189318,0.05321307158363808,max_corrected_rho,79,0,1,repeated_10x5_oof,79,20
HAMD-17,PDCH标签99人,Kimi-K2.6,思考,6,早醒,3,0.3958222994383898,11.0,0.3518836568895423,0.043938642548847495,max_corrected_rho,79,0,1,repeated_10x5_oof,79,20
HAMD-17,PDCH标签99人,Kimi-K2.6,思考,7,工作和活动,3,0.6467967013057179,7.0,0.6180423354646991,0.02875436584101876,max_corrected_rho,79,0,1,repeated_10x5_oof,79,20
HAMD-17,PDCH标签99人,Kimi-K2.6,思考,8,迟滞,8,0.3214653226846049,12.0,0.2800141104734819,0.04145121221112302,max_corrected_rho,79,0,1,repeated_10x5_oof,79,20
HAMD-17,PDCH标签99人,Kimi-K2.6,思考,9,激越,11,0.2178842834920194,8.0,0.18932633819467065,0.028557945297348758,max_corrected_rho,79,0,1,repeated_10x5_oof,79,20
HAMD-17,PDCH标签99人,Kimi-K2.6,思考,10,精神性焦虑,8,0.4450610234650011,15.0,0.4038547918928269,0.04120623157217418,max_corrected_rho,79,0,1,repeated_10x5_oof,79,20
HAMD-17,PDCH标签99人,Kimi-K2.6,思考,11,躯体性焦虑,7,0.5167537159986633,16.0,0.49576011534887304,0.020993600649790223,max_corrected_rho,79,0,1,repeated_10x5_oof,79,20
HAMD-17,PDCH标签99人,Kimi-K2.6,思考,12,胃肠道症状,7,0.5050616287568953,3.0,0.4641837062468656,0.040877922510029696,max_corrected_rho,79,0,1,repeated_10x5_oof,79,20
HAMD-17,PDCH标签99人,Kimi-K2.6,思考,13,全身症状,11,0.5785085631709928,12.0,0.5411579027705472,0.037350660400445546,max_corrected_rho,79,0,1,repeated_10x5_oof,79,20
HAMD-17,PDCH标签99人,Kimi-K2.6,思考,14,性症状,4,0.36095047426538907,3.0,0.33562600356639855,0.02532447069899052,max_corrected_rho,32,0,1,repeated_10x5_oof,79,20
HAMD-17,PDCH标签99人,Kimi-K2.6,思考,15,疑病,4,0.20398045421304045,11.0,0.17026282707242224,0.03371762714061821,max_corrected_rho,79,0,1,repeated_10x5_oof,79,20
HAMD-17,PDCH标签99人,Kimi-K2.6,思考,16,体重减轻,7,0.2891779762011424,12.0,0.2488896008273574,0.04028837537378499,max_corrected_rho,79,0,1,repeated_10x5_oof,79,20
HAMD-17,PDCH标签99人,Kimi-K2.6,思考,17,自知力,8,0.306385950148211,12.0,0.27164517919844183,0.034740770949769184,max_corrected_rho,79,0,1,repeated_10x5_oof,79,20
HAMD-17,PDCH标签99人,Qwen3.7-Max,思考,1,抑郁情绪,4,0.5695912542034076,3.0,0.5434180043815077,0.026173249821899947,max_corrected_rho,79,0,1,repeated_10x5_oof,79,20
HAMD-17,PDCH标签99人,Qwen3.7-Max,思考,2,有罪感,8,0.3616659914657165,15.0,0.34009398287703396,0.021572008588682523,max_corrected_rho,79,0,1,repeated_10x5_oof,79,20
HAMD-17,PDCH标签99人,Qwen3.7-Max,思考,3,自杀,16,0.45826591223587193,4.0,0.4346830452716967,0.02358286696417522,max_corrected_rho,79,0,1,repeated_10x5_oof,79,20
HAMD-17,PDCH标签99人,Qwen3.7-Max,思考,4,入睡困难,3,0.5491431013717747,12.0,0.5375945865296482,0.01154851484212649,max_corrected_rho,79,0,1,repeated_10x5_oof,79,20
HAMD-17,PDCH标签99人,Qwen3.7-Max,思考,5,睡眠不深,15,0.2750440821507436,3.0,0.21447761757738737,0.06056646457335624,max_corrected_rho,79,0,1,repeated_10x5_oof,79,20
HAMD-17,PDCH标签99人,Qwen3.7-Max,思考,6,早醒,3,0.37434548212317187,4.0,0.33583059302668705,0.03851488909648482,max_corrected_rho,79,0,1,repeated_10x5_oof,79,20
HAMD-17,PDCH标签99人,Qwen3.7-Max,思考,7,工作和活动,3,0.6318138913619677,8.0,0.6144906243651616,0.017323266996806197,max_corrected_rho,79,0,1,repeated_10x5_oof,79,20
HAMD-17,PDCH标签99人,Qwen3.7-Max,思考,8,迟滞,15,0.41050994131936835,16.0,0.36732910534133706,0.043180835978031296,max_corrected_rho,79,0,1,repeated_10x5_oof,79,20
HAMD-17,PDCH标签99人,Qwen3.7-Max,思考,9,激越,11,0.33827302548873034,3.0,0.3209863960051878,0.017286629483542537,max_corrected_rho,79,0,1,repeated_10x5_oof,79,20
HAMD-17,PDCH标签99人,Qwen3.7-Max,思考,10,精神性焦虑,15,0.4313897225521459,3.0,0.4263162504563951,0.0050734720957508195,max_corrected_rho,79,0,1,repeated_10x5_oof,79,20
HAMD-17,PDCH标签99人,Qwen3.7-Max,思考,11,躯体性焦虑,11,0.5132246571348559,3.0,0.49990468741405936,0.01331996972079652,max_corrected_rho,79,0,1,repeated_10x5_oof,79,20
HAMD-17,PDCH标签99人,Qwen3.7-Max,思考,12,胃肠道症状,11,0.502938896639572,3.0,0.49167985369752715,0.011259042942044883,max_corrected_rho,79,0,1,repeated_10x5_oof,79,20
HAMD-17,PDCH标签99人,Qwen3.7-Max,思考,13,全身症状,3,0.5943818114923431,4.0,0.5168221749509683,0.07755963654137488,max_corrected_rho,79,0,1,repeated_10x5_oof,79,20
HAMD-17,PDCH标签99人,Qwen3.7-Max,思考,14,性症状,7,0.37845403353725937,3.0,0.36779141022071554,0.010662623316543829,max_corrected_rho,39,0,1,repeated_10x5_oof,79,20
HAMD-17,PDCH标签99人,Qwen3.7-Max,思考,15,疑病,15,0.11971451404118445,11.0,0.11904997626669564,0.0006645377744888131,max_corrected_rho,79,0,1,repeated_10x5_oof,79,20
HAMD-17,PDCH标签99人,Qwen3.7-Max,思考,16,体重减轻,12,0.26470780459669596,7.0,0.24509370368326272,0.01961410091343324,max_corrected_rho,79,0,1,repeated_10x5_oof,79,20
HAMD-17,PDCH标签99人,Qwen3.7-Max,思考,17,自知力,8,0.19220019465968066,3.0,0.09951995696608185,0.09268023769359882,max_corrected_rho,79,0,1,repeated_10x5_oof,79,20
HAMD-17,PDCH标签99人,GLM-5.2,思考,1,抑郁情绪,16,0.546543974611278,15.0,0.5177879192811272,0.028756055330150798,max_corrected_rho,79,0,2,repeated_10x5_oof,79,20
HAMD-17,PDCH标签99人,GLM-5.2,思考,2,有罪感,4,0.42503071674203513,12.0,0.42015784338448164,0.004872873357553487,max_corrected_rho,79,0,2,repeated_10x5_oof,79,20
HAMD-17,PDCH标签99人,GLM-5.2,思考,3,自杀,16,0.36684960911097625,15.0,0.3560433154308603,0.01080629368011593,max_corrected_rho,79,0,2,repeated_10x5_oof,79,20
HAMD-17,PDCH标签99人,GLM-5.2,思考,4,入睡困难,16,0.42771930761346794,3.0,0.38909697867222065,0.038622328941247286,max_corrected_rho,79,0,2,repeated_10x5_oof,79,20
HAMD-17,PDCH标签99人,GLM-5.2,思考,5,睡眠不深,11,0.25016258199541624,8.0,0.23282055718889155,0.017342024806524692,max_corrected_rho,79,0,2,repeated_10x5_oof,79,20
HAMD-17,PDCH标签99人,GLM-5.2,思考,6,早醒,3,0.36908876830044457,7.0,0.35125804685895845,0.01783072144148612,max_corrected_rho,79,0,2,repeated_10x5_oof,79,20
HAMD-17,PDCH标签99人,GLM-5.2,思考,7,工作和活动,8,0.6059754422077964,7.0,0.5951625982147275,0.010812843993068921,max_corrected_rho,79,0,2,repeated_10x5_oof,79,20
HAMD-17,PDCH标签99人,GLM-5.2,思考,8,迟滞,11,0.5164478829810175,7.0,0.5151915110617877,0.0012563719192297818,max_corrected_rho,79,0,2,repeated_10x5_oof,79,20
HAMD-17,PDCH标签99人,GLM-5.2,思考,9,激越,7,0.4320585594516531,15.0,0.3614844307770379,0.07057412867461521,max_corrected_rho,79,0,2,repeated_10x5_oof,79,20
HAMD-17,PDCH标签99人,GLM-5.2,思考,10,精神性焦虑,7,0.48871264430668365,16.0,0.483954554316035,0.00475808999064864,max_corrected_rho,79,0,2,repeated_10x5_oof,79,20
HAMD-17,PDCH标签99人,GLM-5.2,思考,11,躯体性焦虑,7,0.5752880837000278,3.0,0.5141832595939304,0.06110482410609741,max_corrected_rho,79,0,2,repeated_10x5_oof,79,20
HAMD-17,PDCH标签99人,GLM-5.2,思考,12,胃肠道症状,12,0.4072702016272059,11.0,0.40198389855886196,0.005286303068343934,max_corrected_rho,79,0,2,repeated_10x5_oof,79,20
HAMD-17,PDCH标签99人,GLM-5.2,思考,13,全身症状,11,0.5707796033183105,15.0,0.5376421488318711,0.033137454486439344,max_corrected_rho,79,0,2,repeated_10x5_oof,79,20
HAMD-17,PDCH标签99人,GLM-5.2,思考,14,性症状,7,0.5966739636150777,11.0,0.5731694916161943,0.02350447199888339,max_corrected_rho,36,0,2,repeated_10x5_oof,79,20
HAMD-17,PDCH标签99人,GLM-5.2,思考,15,疑病,8,0.07166793570371041,7.0,0.056707142838276096,0.014960792865434315,max_corrected_rho,79,0,2,repeated_10x5_oof,79,20
HAMD-17,PDCH标签99人,GLM-5.2,思考,16,体重减轻,7,0.20320045436425688,8.0,0.17494601316397235,0.02825444120028453,max_corrected_rho,79,0,2,repeated_10x5_oof,79,20
HAMD-17,PDCH标签99人,GLM-5.2,思考,17,自知力,11,0.16946650781934197,3.0,0.13024403247830232,0.03922247534103965,max_corrected_rho,79,0,2,repeated_10x5_oof,79,20
HAMD-17,PDCH标签99人,Kimi-K2.6,思考,1,抑郁情绪,11,0.5507975203664273,8.0,0.5332735317571837,0.017523988609243535,max_corrected_rho,79,0,2,repeated_10x5_oof,79,20
HAMD-17,PDCH标签99人,Kimi-K2.6,思考,2,有罪感,3,0.4285438471104209,8.0,0.3715092404797631,0.05703460663065779,max_corrected_rho,79,0,2,repeated_10x5_oof,79,20
HAMD-17,PDCH标签99人,Kimi-K2.6,思考,3,自杀,7,0.3472001617781883,16.0,0.3116795861784855,0.035520575599702786,max_corrected_rho,79,0,2,repeated_10x5_oof,79,20
HAMD-17,PDCH标签99人,Kimi-K2.6,思考,4,入睡困难,3,0.474187625531456,12.0,0.4069582389915043,0.0672293865399517,max_corrected_rho,79,0,2,repeated_10x5_oof,79,20
HAMD-17,PDCH标签99人,Kimi-K2.6,思考,5,睡眠不深,16,0.255796858253113,3.0,0.25132523949153923,0.004471618761573759,max_corrected_rho,79,0,2,repeated_10x5_oof,79,20
HAMD-17,PDCH标签99人,Kimi-K2.6,思考,6,早醒,8,0.3749249293913382,7.0,0.34229760286912053,0.03262732652221767,max_corrected_rho,79,0,2,repeated_10x5_oof,79,20
HAMD-17,PDCH标签99人,Kimi-K2.6,思考,7,工作和活动,3,0.6238946711314737,8.0,0.6134905228022337,0.01040414832923997,max_corrected_rho,79,0,2,repeated_10x5_oof,79,20
HAMD-17,PDCH标签99人,Kimi-K2.6,思考,8,迟滞,15,0.3600502926057555,16.0,0.32426784663593894,0.035782445969816556,max_corrected_rho,79,0,2,repeated_10x5_oof,79,20
HAMD-17,PDCH标签99人,Kimi-K2.6,思考,9,激越,7,0.2744461648518974,11.0,0.2514350289046278,0.023011135947269556,max_corrected_rho,79,0,2,repeated_10x5_oof,79,20
HAMD-17,PDCH标签99人,Kimi-K2.6,思考,10,精神性焦虑,8,0.49899178440581654,12.0,0.406412735683734,0.09257904872208256,max_corrected_rho,79,0,2,repeated_10x5_oof,79,20
HAMD-17,PDCH标签99人,Kimi-K2.6,思考,11,躯体性焦虑,7,0.5267713975609714,15.0,0.4391550381350317,0.08761635942593965,max_corrected_rho,79,0,2,repeated_10x5_oof,79,20
HAMD-17,PDCH标签99人,Kimi-K2.6,思考,12,胃肠道症状,8,0.3740345937580115,7.0,0.37238307666206244,0.0016515170959490733,max_corrected_rho,79,0,2,repeated_10x5_oof,79,20
HAMD-17,PDCH标签99人,Kimi-K2.6,思考,13,全身症状,11,0.5964302029253052,3.0,0.5561909677909281,0.040239235134377105,max_corrected_rho,79,0,2,repeated_10x5_oof,79,20
HAMD-17,PDCH标签99人,Kimi-K2.6,思考,14,性症状,3,,,,,all_not_estimable_fallback_c03,29,0,2,repeated_10x5_oof,79,20
HAMD-17,PDCH标签99人,Kimi-K2.6,思考,15,疑病,4,0.10128514168116075,16.0,0.09948569969962698,0.0017994419815337698,max_corrected_rho,79,0,2,repeated_10x5_oof,79,20
HAMD-17,PDCH标签99人,Kimi-K2.6,思考,16,体重减轻,7,0.2295201010708214,16.0,0.21997288483818295,0.009547216232638461,max_corrected_rho,79,0,2,repeated_10x5_oof,79,20
HAMD-17,PDCH标签99人,Kimi-K2.6,思考,17,自知力,8,0.3770958783751242,7.0,0.31347068041239634,0.06362519796272786,max_corrected_rho,79,0,2,repeated_10x5_oof,79,20
HAMD-17,PDCH标签99人,Qwen3.7-Max,思考,1,抑郁情绪,8,0.5447548355578158,4.0,0.5160533023007875,0.02870153325702829,max_corrected_rho,79,0,2,repeated_10x5_oof,79,20
HAMD-17,PDCH标签99人,Qwen3.7-Max,思考,2,有罪感,15,0.41391341156803346,4.0,0.387163859365048,0.02674955220298547,max_corrected_rho,79,0,2,repeated_10x5_oof,79,20
HAMD-17,PDCH标签99人,Qwen3.7-Max,思考,3,自杀,16,0.3742774375616392,12.0,0.3608995032270305,0.01337793433460871,max_corrected_rho,79,0,2,repeated_10x5_oof,79,20
HAMD-17,PDCH标签99人,Qwen3.7-Max,思考,4,入睡困难,3,0.4371118353390576,12.0,0.42966043039844126,0.007451404940616357,max_corrected_rho,79,0,2,repeated_10x5_oof,79,20
HAMD-17,PDCH标签99人,Qwen3.7-Max,思考,5,睡眠不深,15,0.3514949092147302,16.0,0.33633696265167695,0.015157946563053248,max_corrected_rho,79,0,2,repeated_10x5_oof,79,20
HAMD-17,PDCH标签99人,Qwen3.7-Max,思考,6,早醒,3,0.3580943761522469,4.0,0.342969381087141,0.015124995065105895,max_corrected_rho,79,0,2,repeated_10x5_oof,79,20
HAMD-17,PDCH标签99人,Qwen3.7-Max,思考,7,工作和活动,3,0.6203772283059551,11.0,0.5834489872151956,0.03692824109075954,max_corrected_rho,79,0,2,repeated_10x5_oof,79,20
HAMD-17,PDCH标签99人,Qwen3.7-Max,思考,8,迟滞,15,0.4606622145108873,3.0,0.4183742646850193,0.042287949825867976,max_corrected_rho,79,0,2,repeated_10x5_oof,79,20
HAMD-17,PDCH标签99人,Qwen3.7-Max,思考,9,激越,15,0.3303845538368807,3.0,0.30711547662184674,0.023269077215033962,max_corrected_rho,79,0,2,repeated_10x5_oof,79,20
HAMD-17,PDCH标签99人,Qwen3.7-Max,思考,10,精神性焦虑,4,0.45975274396282917,3.0,0.41558775393897496,0.04416499002385421,max_corrected_rho,79,0,2,repeated_10x5_oof,79,20
HAMD-17,PDCH标签99人,Qwen3.7-Max,思考,11,躯体性焦虑,11,0.5334182613582847,3.0,0.5239487214490279,0.009469539909256808,max_corrected_rho,79,0,2,repeated_10x5_oof,79,20
HAMD-17,PDCH标签99人,Qwen3.7-Max,思考,12,胃肠道症状,3,0.3968253164941358,7.0,0.39467970559071736,0.002145610903418471,max_corrected_rho,79,0,2,repeated_10x5_oof,79,20
HAMD-17,PDCH标签99人,Qwen3.7-Max,思考,13,全身症状,3,0.5889761339100512,4.0,0.5240904686657026,0.06488566524434858,max_corrected_rho,79,0,2,repeated_10x5_oof,79,20
HAMD-17,PDCH标签99人,Qwen3.7-Max,思考,14,性症状,3,0.478762430868507,7.0,0.478762430868507,0.0,max_corrected_rho_tie_prefer_c03,39,0,2,repeated_10x5_oof,79,20
HAMD-17,PDCH标签99人,Qwen3.7-Max,思考,15,疑病,16,0.11358896589349576,11.0,0.09434403057882097,0.01924493531467479,max_corrected_rho,79,0,2,repeated_10x5_oof,79,20
HAMD-17,PDCH标签99人,Qwen3.7-Max,思考,16,体重减轻,12,0.21822117735413263,7.0,0.203002584674776,0.01521859267935663,max_corrected_rho,79,0,2,repeated_10x5_oof,79,20
HAMD-17,PDCH标签99人,Qwen3.7-Max,思考,17,自知力,8,0.24102867528589902,3.0,0.1494754859243728,0.09155318936152623,max_corrected_rho,79,0,2,repeated_10x5_oof,79,20
HAMD-17,PDCH标签99人,GLM-5.2,思考,1,抑郁情绪,8,0.5521057617510805,15.0,0.5298554858575154,0.022250275893565097,max_corrected_rho,79,0,3,repeated_10x5_oof,79,20
HAMD-17,PDCH标签99人,GLM-5.2,思考,2,有罪感,4,0.4371839585675721,16.0,0.40164666107279495,0.03553729749477713,max_corrected_rho,79,0,3,repeated_10x5_oof,79,20
HAMD-17,PDCH标签99人,GLM-5.2,思考,3,自杀,15,0.40942993531388,3.0,0.403207101562941,0.006222833750939016,max_corrected_rho,79,0,3,repeated_10x5_oof,79,20
HAMD-17,PDCH标签99人,GLM-5.2,思考,4,入睡困难,16,0.4665495644770331,3.0,0.44321334951446045,0.023336214962572654,max_corrected_rho,79,0,3,repeated_10x5_oof,79,20
HAMD-17,PDCH标签99人,GLM-5.2,思考,5,睡眠不深,8,0.31536134526898196,3.0,0.2833211758795908,0.03204016938939114,max_corrected_rho,79,0,3,repeated_10x5_oof,79,20
HAMD-17,PDCH标签99人,GLM-5.2,思考,6,早醒,3,0.32595758336451003,4.0,0.3181048842818264,0.0078526990826836,max_corrected_rho,79,0,3,repeated_10x5_oof,79,20
HAMD-17,PDCH标签99人,GLM-5.2,思考,7,工作和活动,8,0.6181623318660462,3.0,0.6180903757870271,7.195607901910872e-05,max_corrected_rho,79,0,3,repeated_10x5_oof,79,20
HAMD-17,PDCH标签99人,GLM-5.2,思考,8,迟滞,11,0.5037000284863776,7.0,0.4950554016366399,0.008644626849737713,max_corrected_rho,79,0,3,repeated_10x5_oof,79,20
HAMD-17,PDCH标签99人,GLM-5.2,思考,9,激越,12,0.4221170880386614,7.0,0.40181480436156486,0.020302283677096522,max_corrected_rho,79,0,3,repeated_10x5_oof,79,20
HAMD-17,PDCH标签99人,GLM-5.2,思考,10,精神性焦虑,16,0.5742922392038908,8.0,0.5325079209536611,0.04178431825022977,max_corrected_rho,79,0,3,repeated_10x5_oof,79,20
HAMD-17,PDCH标签99人,GLM-5.2,思考,11,躯体性焦虑,7,0.6805698203785274,4.0,0.6672418365583651,0.013327983820162315,max_corrected_rho,79,0,3,repeated_10x5_oof,79,20
HAMD-17,PDCH标签99人,GLM-5.2,思考,12,胃肠道症状,8,0.4659704907973311,4.0,0.4633773664064102,0.002593124390920909,max_corrected_rho,79,0,3,repeated_10x5_oof,79,20
HAMD-17,PDCH标签99人,GLM-5.2,思考,13,全身症状,15,0.6097742536856916,3.0,0.575992318319723,0.03378193536596863,max_corrected_rho,79,0,3,repeated_10x5_oof,79,20
HAMD-17,PDCH标签99人,GLM-5.2,思考,14,性症状,7,0.42698695287750194,16.0,0.3986392713586636,0.02834768151883832,max_corrected_rho,38,0,3,repeated_10x5_oof,79,20
HAMD-17,PDCH标签99人,GLM-5.2,思考,15,疑病,8,0.10596743815469377,15.0,0.09707973723289061,0.00888770092180316,max_corrected_rho,79,0,3,repeated_10x5_oof,79,20
HAMD-17,PDCH标签99人,GLM-5.2,思考,16,体重减轻,7,0.2514905651495812,8.0,0.22530035915398913,0.026190205995592047,max_corrected_rho,79,0,3,repeated_10x5_oof,79,20
HAMD-17,PDCH标签99人,GLM-5.2,思考,17,自知力,3,-0.005871171565950354,11.0,-0.03032006518996437,0.024448893624014017,max_corrected_rho,79,0,3,repeated_10x5_oof,79,20
HAMD-17,PDCH标签99人,Kimi-K2.6,思考,1,抑郁情绪,11,0.5554687589350368,7.0,0.5521180730197544,0.0033506859152824253,max_corrected_rho,79,0,3,repeated_10x5_oof,79,20
HAMD-17,PDCH标签99人,Kimi-K2.6,思考,2,有罪感,3,0.3639111306323468,8.0,0.2967069653821313,0.0672041652502155,max_corrected_rho,79,0,3,repeated_10x5_oof,79,20
HAMD-17,PDCH标签99人,Kimi-K2.6,思考,3,自杀,16,0.39659097216219313,7.0,0.3467057549960609,0.049885217166132256,max_corrected_rho,79,0,3,repeated_10x5_oof,79,20
HAMD-17,PDCH标签99人,Kimi-K2.6,思考,4,入睡困难,3,0.4804950886374581,12.0,0.3973346562004001,0.08316043243705801,max_corrected_rho,79,0,3,repeated_10x5_oof,79,20
HAMD-17,PDCH标签99人,Kimi-K2.6,思考,5,睡眠不深,3,0.24050666029650888,8.0,0.21472643703265207,0.025780223263856816,max_corrected_rho,79,0,3,repeated_10x5_oof,79,20
HAMD-17,PDCH标签99人,Kimi-K2.6,思考,6,早醒,16,0.31154893609086304,15.0,0.3052940329024777,0.006254903188385341,max_corrected_rho,79,0,3,repeated_10x5_oof,79,20
HAMD-17,PDCH标签99人,Kimi-K2.6,思考,7,工作和活动,3,0.633229288799071,7.0,0.6126406879306336,0.02058860086843739,max_corrected_rho,79,0,3,repeated_10x5_oof,79,20
HAMD-17,PDCH标签99人,Kimi-K2.6,思考,8,迟滞,15,0.3537372457986929,16.0,0.35189009861522363,0.0018471471834692887,max_corrected_rho,79,0,3,repeated_10x5_oof,79,20
HAMD-17,PDCH标签99人,Kimi-K2.6,思考,9,激越,15,0.3749227422576578,8.0,0.3006408041231748,0.07428193813448303,max_corrected_rho,79,0,3,repeated_10x5_oof,79,20
HAMD-17,PDCH标签99人,Kimi-K2.6,思考,10,精神性焦虑,8,0.43755765366181804,12.0,0.4364448833977223,0.0011127702640957304,max_corrected_rho,79,0,3,repeated_10x5_oof,79,20
HAMD-17,PDCH标签99人,Kimi-K2.6,思考,11,躯体性焦虑,7,0.5916473241724092,4.0,0.5570239075385928,0.034623416633816406,max_corrected_rho,79,0,3,repeated_10x5_oof,79,20
HAMD-17,PDCH标签99人,Kimi-K2.6,思考,12,胃肠道症状,8,0.4863803822577062,7.0,0.41426872120648833,0.07211166105121786,max_corrected_rho,79,0,3,repeated_10x5_oof,79,20
HAMD-17,PDCH标签99人,Kimi-K2.6,思考,13,全身症状,11,0.6482459801170567,12.0,0.6130207234244289,0.03522525669262777,max_corrected_rho,79,0,3,repeated_10x5_oof,79,20
HAMD-17,PDCH标签99人,Kimi-K2.6,思考,14,性症状,4,0.25272933677668863,12.0,0.18823431590580492,0.06449502087088371,max_corrected_rho,33,0,3,repeated_10x5_oof,79,20
HAMD-17,PDCH标签99人,Kimi-K2.6,思考,15,疑病,4,0.09643845146175896,16.0,0.06855860953073341,0.02787984193102555,max_corrected_rho,79,0,3,repeated_10x5_oof,79,20
HAMD-17,PDCH标签99人,Kimi-K2.6,思考,16,体重减轻,7,0.2735415783874943,15.0,0.236435253387531,0.03710632499996333,max_corrected_rho,79,0,3,repeated_10x5_oof,79,20
HAMD-17,PDCH标签99人,Kimi-K2.6,思考,17,自知力,8,0.2795820326299098,7.0,0.18751278933048485,0.09206924329942498,max_corrected_rho,79,0,3,repeated_10x5_oof,79,20
HAMD-17,PDCH标签99人,Qwen3.7-Max,思考,1,抑郁情绪,8,0.5174106839947799,7.0,0.5171584984795037,0.00025218551527617095,max_corrected_rho,79,0,3,repeated_10x5_oof,79,20
HAMD-17,PDCH标签99人,Qwen3.7-Max,思考,2,有罪感,11,0.3316930853027583,4.0,0.3263783096996244,0.0053147756031339255,max_corrected_rho,79,0,3,repeated_10x5_oof,79,20
HAMD-17,PDCH标签99人,Qwen3.7-Max,思考,3,自杀,16,0.3729635560968202,8.0,0.3373661939770106,0.03559736211980957,max_corrected_rho,79,0,3,repeated_10x5_oof,79,20
HAMD-17,PDCH标签99人,Qwen3.7-Max,思考,4,入睡困难,7,0.4287402742624629,12.0,0.40942885539513185,0.019311418867331065,max_corrected_rho,79,0,3,repeated_10x5_oof,79,20
HAMD-17,PDCH标签99人,Qwen3.7-Max,思考,5,睡眠不深,15,0.3201123328686766,11.0,0.28107103969323505,0.03904129317544153,max_corrected_rho,79,0,3,repeated_10x5_oof,79,20
HAMD-17,PDCH标签99人,Qwen3.7-Max,思考,6,早醒,3,0.30538351068654523,4.0,0.28258003900996714,0.02280347167657809,max_corrected_rho,79,0,3,repeated_10x5_oof,79,20
HAMD-17,PDCH标签99人,Qwen3.7-Max,思考,7,工作和活动,3,0.6154987970154587,7.0,0.6060578060187484,0.009440990996710363,max_corrected_rho,79,0,3,repeated_10x5_oof,79,20
HAMD-17,PDCH标签99人,Qwen3.7-Max,思考,8,迟滞,15,0.42648198376663427,7.0,0.3713975844292717,0.05508439933736259,max_corrected_rho,79,0,3,repeated_10x5_oof,79,20
HAMD-17,PDCH标签99人,Qwen3.7-Max,思考,9,激越,11,0.41154370924401534,3.0,0.405327880835546,0.006215828408469348,max_corrected_rho,79,0,3,repeated_10x5_oof,79,20
HAMD-17,PDCH标签99人,Qwen3.7-Max,思考,10,精神性焦虑,4,0.5060946606797436,11.0,0.4719042628616175,0.034190397818126106,max_corrected_rho,79,0,3,repeated_10x5_oof,79,20
HAMD-17,PDCH标签99人,Qwen3.7-Max,思考,11,躯体性焦虑,11,0.6437142128656389,7.0,0.624535352358436,0.019178860507202855,max_corrected_rho,79,0,3,repeated_10x5_oof,79,20
HAMD-17,PDCH标签99人,Qwen3.7-Max,思考,12,胃肠道症状,7,0.5178372658027226,3.0,0.45043087711935476,0.06740638868336785,max_corrected_rho,79,0,3,repeated_10x5_oof,79,20
HAMD-17,PDCH标签99人,Qwen3.7-Max,思考,13,全身症状,3,0.6324021809181372,11.0,0.5479389815617209,0.08446319935641622,max_corrected_rho,79,0,3,repeated_10x5_oof,79,20
HAMD-17,PDCH标签99人,Qwen3.7-Max,思考,14,性症状,7,0.3236575224523694,3.0,0.3133848791641129,0.0102726432882565,max_corrected_rho,42,0,3,repeated_10x5_oof,79,20
HAMD-17,PDCH标签99人,Qwen3.7-Max,思考,15,疑病,15,0.12151553733661909,16.0,0.1132186011158688,0.008296936220750284,max_corrected_rho,79,0,3,repeated_10x5_oof,79,20
HAMD-17,PDCH标签99人,Qwen3.7-Max,思考,16,体重减轻,7,0.31908260903540525,3.0,0.25134261456434914,0.06773999447105611,max_corrected_rho,79,0,3,repeated_10x5_oof,79,20
HAMD-17,PDCH标签99人,Qwen3.7-Max,思考,17,自知力,8,0.1848679833854429,3.0,-0.02886985419010868,0.2137378375755516,max_corrected_rho,79,0,3,repeated_10x5_oof,79,20
HAMD-17,PDCH标签99人,GLM-5.2,思考,1,抑郁情绪,16,0.6551311199604297,3.0,0.631766307102181,0.023364812858248762,max_corrected_rho,80,0,4,repeated_10x5_oof,80,19
HAMD-17,PDCH标签99人,GLM-5.2,思考,2,有罪感,4,0.3521938777892642,12.0,0.33980235521741525,0.012391522571848945,max_corrected_rho,80,0,4,repeated_10x5_oof,80,19
HAMD-17,PDCH标签99人,GLM-5.2,思考,3,自杀,15,0.5011280056085167,3.0,0.48999823134323356,0.01112977426528311,max_corrected_rho,80,0,4,repeated_10x5_oof,80,19
HAMD-17,PDCH标签99人,GLM-5.2,思考,4,入睡困难,11,0.4982121403203591,3.0,0.4610655612211594,0.03714657909919972,max_corrected_rho,80,0,4,repeated_10x5_oof,80,19
HAMD-17,PDCH标签99人,GLM-5.2,思考,5,睡眠不深,3,0.25895507254731565,7.0,0.24043702715499765,0.018518045392317994,max_corrected_rho,80,0,4,repeated_10x5_oof,80,19
HAMD-17,PDCH标签99人,GLM-5.2,思考,6,早醒,3,0.4119012633673896,12.0,0.3824785361604094,0.029422727206980193,max_corrected_rho,80,0,4,repeated_10x5_oof,80,19
HAMD-17,PDCH标签99人,GLM-5.2,思考,7,工作和活动,15,0.6790352872784664,8.0,0.6658111086340297,0.013224178644436702,max_corrected_rho,80,0,4,repeated_10x5_oof,80,19
HAMD-17,PDCH标签99人,GLM-5.2,思考,8,迟滞,11,0.5552018429241828,7.0,0.5268200882871152,0.028381754637067602,max_corrected_rho,80,0,4,repeated_10x5_oof,80,19
HAMD-17,PDCH标签99人,GLM-5.2,思考,9,激越,15,0.4257686555343422,7.0,0.3686913236877335,0.05707733184660868,max_corrected_rho,80,0,4,repeated_10x5_oof,80,19
HAMD-17,PDCH标签99人,GLM-5.2,思考,10,精神性焦虑,16,0.5568175167143465,3.0,0.5295435694819977,0.027273947232348883,max_corrected_rho,80,0,4,repeated_10x5_oof,80,19
HAMD-17,PDCH标签99人,GLM-5.2,思考,11,躯体性焦虑,7,0.5798852337500646,15.0,0.5288611668711477,0.05102406687891692,max_corrected_rho,80,0,4,repeated_10x5_oof,80,19
HAMD-17,PDCH标签99人,GLM-5.2,思考,12,胃肠道症状,11,0.5380015575620065,12.0,0.5377777967985088,0.00022376076349772678,max_corrected_rho,80,0,4,repeated_10x5_oof,80,19
HAMD-17,PDCH标签99人,GLM-5.2,思考,13,全身症状,15,0.6275181634292054,11.0,0.5943911755988059,0.03312698783039947,max_corrected_rho,80,0,4,repeated_10x5_oof,80,19
HAMD-17,PDCH标签99人,GLM-5.2,思考,14,性症状,7,0.5793978125968547,8.0,0.5640273582675512,0.015370454329303507,max_corrected_rho,39,0,4,repeated_10x5_oof,80,19
HAMD-17,PDCH标签99人,GLM-5.2,思考,15,疑病,15,0.1369441181419347,16.0,0.06264739844080962,0.07429671970112507,max_corrected_rho,80,0,4,repeated_10x5_oof,80,19
HAMD-17,PDCH标签99人,GLM-5.2,思考,16,体重减轻,8,0.3004803931420211,7.0,0.29953724957021577,0.000943143571805305,max_corrected_rho,80,0,4,repeated_10x5_oof,80,19
HAMD-17,PDCH标签99人,GLM-5.2,思考,17,自知力,3,0.1300868615363567,8.0,0.04448575855135426,0.08560110298500245,max_corrected_rho,80,0,4,repeated_10x5_oof,80,19
HAMD-17,PDCH标签99人,Kimi-K2.6,思考,1,抑郁情绪,11,0.6518042478773597,16.0,0.5945743268333644,0.05722992104399527,max_corrected_rho,80,0,4,repeated_10x5_oof,80,19
HAMD-17,PDCH标签99人,Kimi-K2.6,思考,2,有罪感,8,0.32133627871068215,3.0,0.3052750244928449,0.016061254217837273,max_corrected_rho,80,0,4,repeated_10x5_oof,80,19
HAMD-17,PDCH标签99人,Kimi-K2.6,思考,3,自杀,16,0.4631536913642058,7.0,0.4264475972302983,0.03670609413390752,max_corrected_rho,80,0,4,repeated_10x5_oof,80,19
HAMD-17,PDCH标签99人,Kimi-K2.6,思考,4,入睡困难,3,0.5294715377526527,4.0,0.46646133895377573,0.06301019879887693,max_corrected_rho,80,0,4,repeated_10x5_oof,80,19
HAMD-17,PDCH标签99人,Kimi-K2.6,思考,5,睡眠不深,16,0.2591774279864147,3.0,0.19671449597579113,0.062462932010623556,max_corrected_rho,80,0,4,repeated_10x5_oof,80,19
HAMD-17,PDCH标签99人,Kimi-K2.6,思考,6,早醒,16,0.45815924817305176,4.0,0.415431892411307,0.042727355761744745,max_corrected_rho,80,0,4,repeated_10x5_oof,80,19
HAMD-17,PDCH标签99人,Kimi-K2.6,思考,7,工作和活动,3,0.693375950184824,4.0,0.6711542224788408,0.022221727705983185,max_corrected_rho,80,0,4,repeated_10x5_oof,80,19
HAMD-17,PDCH标签99人,Kimi-K2.6,思考,8,迟滞,15,0.35788560922580437,16.0,0.29221438472631384,0.06567122449949053,max_corrected_rho,80,0,4,repeated_10x5_oof,80,19
HAMD-17,PDCH标签99人,Kimi-K2.6,思考,9,激越,11,0.31151852419750975,7.0,0.27790212992596264,0.03361639427154711,max_corrected_rho,80,0,4,repeated_10x5_oof,80,19
HAMD-17,PDCH标签99人,Kimi-K2.6,思考,10,精神性焦虑,8,0.4960610230189144,11.0,0.4298543893710432,0.06620663364787122,max_corrected_rho,80,0,4,repeated_10x5_oof,80,19
HAMD-17,PDCH标签99人,Kimi-K2.6,思考,11,躯体性焦虑,7,0.5866763386687708,16.0,0.5151223053963516,0.07155403327241916,max_corrected_rho,80,0,4,repeated_10x5_oof,80,19
HAMD-17,PDCH标签99人,Kimi-K2.6,思考,12,胃肠道症状,3,0.4997304981190939,8.0,0.4826158207280123,0.017114677391081634,max_corrected_rho,80,0,4,repeated_10x5_oof,80,19
HAMD-17,PDCH标签99人,Kimi-K2.6,思考,13,全身症状,11,0.6399423926708105,3.0,0.5926911905154768,0.04725120215533374,max_corrected_rho,80,0,4,repeated_10x5_oof,80,19
HAMD-17,PDCH标签99人,Kimi-K2.6,思考,14,性症状,3,0.39847478585970764,7.0,0.368936090651004,0.029538695208703614,max_corrected_rho,31,0,4,repeated_10x5_oof,80,19
HAMD-17,PDCH标签99人,Kimi-K2.6,思考,15,疑病,4,0.14492040599113495,11.0,0.1120583659007535,0.03286204009038145,max_corrected_rho,80,0,4,repeated_10x5_oof,80,19
HAMD-17,PDCH标签99人,Kimi-K2.6,思考,16,体重减轻,7,0.36320440546775673,16.0,0.3196118938239913,0.04359251164376543,max_corrected_rho,80,0,4,repeated_10x5_oof,80,19
HAMD-17,PDCH标签99人,Kimi-K2.6,思考,17,自知力,8,0.35401343291878423,12.0,0.2150555420253244,0.13895789089345983,max_corrected_rho,80,0,4,repeated_10x5_oof,80,19
HAMD-17,PDCH标签99人,Qwen3.7-Max,思考,1,抑郁情绪,4,0.6139093982922683,3.0,0.6133135725734882,0.0005958257187801408,max_corrected_rho,80,0,4,repeated_10x5_oof,80,19
HAMD-17,PDCH标签99人,Qwen3.7-Max,思考,2,有罪感,4,0.3302824797099739,3.0,0.28343569059939766,0.046846789110576215,max_corrected_rho,80,0,4,repeated_10x5_oof,80,19
HAMD-17,PDCH标签99人,Qwen3.7-Max,思考,3,自杀,4,0.49091352996145193,12.0,0.4639523306318943,0.02696119932955765,max_corrected_rho,80,0,4,repeated_10x5_oof,80,19
HAMD-17,PDCH标签99人,Qwen3.7-Max,思考,4,入睡困难,12,0.4621219164650478,3.0,0.4588442290478687,0.003277687417179098,max_corrected_rho,80,0,4,repeated_10x5_oof,80,19
HAMD-17,PDCH标签99人,Qwen3.7-Max,思考,5,睡眠不深,15,0.2875314475225268,16.0,0.20773215306663295,0.07979929445589384,max_corrected_rho,80,0,4,repeated_10x5_oof,80,19
HAMD-17,PDCH标签99人,Qwen3.7-Max,思考,6,早醒,4,0.40841043507398356,3.0,0.3829883938863757,0.02542204118760788,max_corrected_rho,80,0,4,repeated_10x5_oof,80,19
HAMD-17,PDCH标签99人,Qwen3.7-Max,思考,7,工作和活动,3,0.6888257694161988,11.0,0.6601044914860847,0.02872127793011403,max_corrected_rho,80,0,4,repeated_10x5_oof,80,19
HAMD-17,PDCH标签99人,Qwen3.7-Max,思考,8,迟滞,15,0.4452492923847609,3.0,0.38555390863312544,0.05969538375163547,max_corrected_rho,80,0,4,repeated_10x5_oof,80,19
HAMD-17,PDCH标签99人,Qwen3.7-Max,思考,9,激越,3,0.35808197201541786,11.0,0.34294019304649126,0.0151417789689266,max_corrected_rho,80,0,4,repeated_10x5_oof,80,19
HAMD-17,PDCH标签99人,Qwen3.7-Max,思考,10,精神性焦虑,4,0.5198570862742323,3.0,0.47436063533232614,0.045496450941906186,max_corrected_rho,80,0,4,repeated_10x5_oof,80,19
HAMD-17,PDCH标签99人,Qwen3.7-Max,思考,11,躯体性焦虑,11,0.5807966036139754,3.0,0.5695040973736331,0.011292506240342393,max_corrected_rho,80,0,4,repeated_10x5_oof,80,19
HAMD-17,PDCH标签99人,Qwen3.7-Max,思考,12,胃肠道症状,11,0.5281534448952973,7.0,0.5082586670793585,0.019894777815938736,max_corrected_rho,80,0,4,repeated_10x5_oof,80,19
HAMD-17,PDCH标签99人,Qwen3.7-Max,思考,13,全身症状,3,0.6252868303761008,4.0,0.5729120302227455,0.05237480015335527,max_corrected_rho,80,0,4,repeated_10x5_oof,80,19
HAMD-17,PDCH标签99人,Qwen3.7-Max,思考,14,性症状,4,0.48404924731547017,7.0,0.48404924731547017,0.0,max_corrected_rho_tie_condition_order,38,0,4,repeated_10x5_oof,80,19
HAMD-17,PDCH标签99人,Qwen3.7-Max,思考,15,疑病,11,0.14360878469479169,4.0,0.14139475644766827,0.002214028247123412,max_corrected_rho,80,0,4,repeated_10x5_oof,80,19
HAMD-17,PDCH标签99人,Qwen3.7-Max,思考,16,体重减轻,12,0.30614506071198705,8.0,0.2987187338603947,0.007426326851592335,max_corrected_rho,80,0,4,repeated_10x5_oof,80,19
HAMD-17,PDCH标签99人,Qwen3.7-Max,思考,17,自知力,8,0.1935637863599085,3.0,0.09917918355051825,0.09438460280939026,max_corrected_rho,80,0,4,repeated_10x5_oof,80,19
HAMD-17,PDCH标签99人,GLM-5.2,思考,1,抑郁情绪,16,0.6062613791691029,15.0,0.5986148812386181,0.007646497930484886,max_corrected_rho,79,1,0,repeated_10x5_oof,79,20
HAMD-17,PDCH标签99人,GLM-5.2,思考,2,有罪感,4,0.4900370956069455,12.0,0.42672423447951174,0.06331286112743378,max_corrected_rho,79,1,0,repeated_10x5_oof,79,20
HAMD-17,PDCH标签99人,GLM-5.2,思考,3,自杀,15,0.49704921571970717,3.0,0.4813527826429724,0.015696433076734795,max_corrected_rho,79,1,0,repeated_10x5_oof,79,20
HAMD-17,PDCH标签99人,GLM-5.2,思考,4,入睡困难,16,0.45803709413918964,3.0,0.4579474265885284,8.966755066125431e-05,max_corrected_rho,79,1,0,repeated_10x5_oof,79,20
HAMD-17,PDCH标签99人,GLM-5.2,思考,5,睡眠不深,8,0.22072183110630927,3.0,0.21060022206307027,0.010121609043239,max_corrected_rho,79,1,0,repeated_10x5_oof,79,20
HAMD-17,PDCH标签99人,GLM-5.2,思考,6,早醒,3,0.3154798602477173,4.0,0.29549393588883294,0.019985924358884355,max_corrected_rho,79,1,0,repeated_10x5_oof,79,20
HAMD-17,PDCH标签99人,GLM-5.2,思考,7,工作和活动,8,0.6254546390489947,7.0,0.6203969951105551,0.005057643938439549,max_corrected_rho,79,1,0,repeated_10x5_oof,79,20
HAMD-17,PDCH标签99人,GLM-5.2,思考,8,迟滞,11,0.601832272571488,7.0,0.590245738218876,0.011586534352611921,max_corrected_rho,79,1,0,repeated_10x5_oof,79,20
HAMD-17,PDCH标签99人,GLM-5.2,思考,9,激越,15,0.4895138180635035,11.0,0.43454997271881607,0.054963845344687456,max_corrected_rho,79,1,0,repeated_10x5_oof,79,20
HAMD-17,PDCH标签99人,GLM-5.2,思考,10,精神性焦虑,16,0.5953847047577319,3.0,0.548558542313343,0.046826162444388864,max_corrected_rho,79,1,0,repeated_10x5_oof,79,20
HAMD-17,PDCH标签99人,GLM-5.2,思考,11,躯体性焦虑,7,0.5834143066800492,3.0,0.5705548901700995,0.012859416509949706,max_corrected_rho,79,1,0,repeated_10x5_oof,79,20
HAMD-17,PDCH标签99人,GLM-5.2,思考,12,胃肠道症状,12,0.4674266460524571,11.0,0.4260151566624485,0.041411489390008605,max_corrected_rho,79,1,0,repeated_10x5_oof,79,20
HAMD-17,PDCH标签99人,GLM-5.2,思考,13,全身症状,15,0.6314177425765635,11.0,0.607572270355815,0.02384547222074851,max_corrected_rho,79,1,0,repeated_10x5_oof,79,20
HAMD-17,PDCH标签99人,GLM-5.2,思考,14,性症状,7,0.5572299137991218,16.0,0.5335528252355014,0.023677088563620385,max_corrected_rho,39,1,0,repeated_10x5_oof,79,20
HAMD-17,PDCH标签99人,GLM-5.2,思考,15,疑病,15,0.20152185547532298,8.0,0.17993026040801374,0.021591595067309233,max_corrected_rho,79,1,0,repeated_10x5_oof,79,20
HAMD-17,PDCH标签99人,GLM-5.2,思考,16,体重减轻,7,0.2006072702360597,15.0,0.15304223500272984,0.04756503523332986,max_corrected_rho,79,1,0,repeated_10x5_oof,79,20
HAMD-17,PDCH标签99人,GLM-5.2,思考,17,自知力,3,0.02641010623163389,8.0,0.018986132590987654,0.007423973640646234,max_corrected_rho,79,1,0,repeated_10x5_oof,79,20
HAMD-17,PDCH标签99人,Kimi-K2.6,思考,1,抑郁情绪,11,0.6772592684068512,3.0,0.5910130285363732,0.08624623987047808,max_corrected_rho,79,1,0,repeated_10x5_oof,79,20
HAMD-17,PDCH标签99人,Kimi-K2.6,思考,2,有罪感,3,0.44017697535099676,8.0,0.4082455634853294,0.031931411865667336,max_corrected_rho,79,1,0,repeated_10x5_oof,79,20
HAMD-17,PDCH标签99人,Kimi-K2.6,思考,3,自杀,16,0.4589622512973357,11.0,0.4273025789709383,0.03165967232639738,max_corrected_rho,79,1,0,repeated_10x5_oof,79,20
HAMD-17,PDCH标签99人,Kimi-K2.6,思考,4,入睡困难,3,0.5353875498530514,12.0,0.46280110381522227,0.0725864460378291,max_corrected_rho,79,1,0,repeated_10x5_oof,79,20
HAMD-17,PDCH标签99人,Kimi-K2.6,思考,5,睡眠不深,3,0.19375980900578443,11.0,0.16714955646040672,0.026610252545377716,max_corrected_rho,79,1,0,repeated_10x5_oof,79,20
HAMD-17,PDCH标签99人,Kimi-K2.6,思考,6,早醒,16,0.34519857034106066,15.0,0.32595541725776694,0.019243153083293718,max_corrected_rho,79,1,0,repeated_10x5_oof,79,20
HAMD-17,PDCH标签99人,Kimi-K2.6,思考,7,工作和活动,3,0.6256565062093457,7.0,0.6200293466764066,0.005627159532939019,max_corrected_rho,79,1,0,repeated_10x5_oof,79,20
HAMD-17,PDCH标签99人,Kimi-K2.6,思考,8,迟滞,7,0.35624551572182317,8.0,0.3443396723121268,0.01190584340969636,max_corrected_rho,79,1,0,repeated_10x5_oof,79,20
HAMD-17,PDCH标签99人,Kimi-K2.6,思考,9,激越,11,0.3344763084544616,7.0,0.20598746784329425,0.12848884061116733,max_corrected_rho,79,1,0,repeated_10x5_oof,79,20
HAMD-17,PDCH标签99人,Kimi-K2.6,思考,10,精神性焦虑,8,0.4777739026895711,15.0,0.42800788782366017,0.049766014865910924,max_corrected_rho,79,1,0,repeated_10x5_oof,79,20
HAMD-17,PDCH标签99人,Kimi-K2.6,思考,11,躯体性焦虑,7,0.5785581748099698,16.0,0.5219917072467738,0.056566467563196055,max_corrected_rho,79,1,0,repeated_10x5_oof,79,20
HAMD-17,PDCH标签99人,Kimi-K2.6,思考,12,胃肠道症状,8,0.4589688736865981,3.0,0.4363628064633959,0.022606067223202186,max_corrected_rho,79,1,0,repeated_10x5_oof,79,20
HAMD-17,PDCH标签99人,Kimi-K2.6,思考,13,全身症状,11,0.63359387929877,3.0,0.6246169086323021,0.008976970666467854,max_corrected_rho,79,1,0,repeated_10x5_oof,79,20
HAMD-17,PDCH标签99人,Kimi-K2.6,思考,14,性症状,3,0.33871654047528643,4.0,0.3334012051012582,0.005315335374028229,max_corrected_rho,31,1,0,repeated_10x5_oof,79,20
HAMD-17,PDCH标签99人,Kimi-K2.6,思考,15,疑病,4,0.170393863895067,7.0,0.13904455038089028,0.03134931351417672,max_corrected_rho,79,1,0,repeated_10x5_oof,79,20
HAMD-17,PDCH标签99人,Kimi-K2.6,思考,16,体重减轻,7,0.2399164447738382,16.0,0.20319841399748123,0.036718030776356964,max_corrected_rho,79,1,0,repeated_10x5_oof,79,20
HAMD-17,PDCH标签99人,Kimi-K2.6,思考,17,自知力,8,0.23591562390668666,7.0,0.2183045039377025,0.01761111996898415,max_corrected_rho,79,1,0,repeated_10x5_oof,79,20
HAMD-17,PDCH标签99人,Qwen3.7-Max,思考,1,抑郁情绪,3,0.6172926788705433,4.0,0.5948675822161055,0.022425096654437815,max_corrected_rho,79,1,0,repeated_10x5_oof,79,20
HAMD-17,PDCH标签99人,Qwen3.7-Max,思考,2,有罪感,8,0.39016986348108346,15.0,0.38581122355575115,0.004358639925332308,max_corrected_rho,79,1,0,repeated_10x5_oof,79,20
HAMD-17,PDCH标签99人,Qwen3.7-Max,思考,3,自杀,16,0.46397535022991376,4.0,0.4430276683884407,0.020947681841473054,max_corrected_rho,79,1,0,repeated_10x5_oof,79,20
HAMD-17,PDCH标签99人,Qwen3.7-Max,思考,4,入睡困难,12,0.46961973993666284,3.0,0.46534067453943845,0.004279065397224391,max_corrected_rho,79,1,0,repeated_10x5_oof,79,20
HAMD-17,PDCH标签99人,Qwen3.7-Max,思考,5,睡眠不深,15,0.261624595224001,16.0,0.19937704419717053,0.06224755102683047,max_corrected_rho,79,1,0,repeated_10x5_oof,79,20
HAMD-17,PDCH标签99人,Qwen3.7-Max,思考,6,早醒,4,0.32785863962505335,3.0,0.2816316196889393,0.046227019936114055,max_corrected_rho,79,1,0,repeated_10x5_oof,79,20
HAMD-17,PDCH标签99人,Qwen3.7-Max,思考,7,工作和活动,3,0.6300032047321045,8.0,0.6149824162143666,0.015020788517737915,max_corrected_rho,79,1,0,repeated_10x5_oof,79,20
HAMD-17,PDCH标签99人,Qwen3.7-Max,思考,8,迟滞,15,0.5893611497442093,3.0,0.4844197160992049,0.10494143364500436,max_corrected_rho,79,1,0,repeated_10x5_oof,79,20
HAMD-17,PDCH标签99人,Qwen3.7-Max,思考,9,激越,3,0.429408338179235,11.0,0.4193755370451793,0.010032801134055691,max_corrected_rho,79,1,0,repeated_10x5_oof,79,20
HAMD-17,PDCH标签99人,Qwen3.7-Max,思考,10,精神性焦虑,4,0.524060020427655,3.0,0.47225863645540345,0.051801383972251536,max_corrected_rho,79,1,0,repeated_10x5_oof,79,20
HAMD-17,PDCH标签99人,Qwen3.7-Max,思考,11,躯体性焦虑,11,0.5781568038249597,3.0,0.5639006454766274,0.01425615834833227,max_corrected_rho,79,1,0,repeated_10x5_oof,79,20
HAMD-17,PDCH标签99人,Qwen3.7-Max,思考,12,胃肠道症状,7,0.4978065052163552,11.0,0.473643792418276,0.024162712798079244,max_corrected_rho,79,1,0,repeated_10x5_oof,79,20
HAMD-17,PDCH标签99人,Qwen3.7-Max,思考,13,全身症状,3,0.590372799296465,4.0,0.5357289256097368,0.054643873686728184,max_corrected_rho,79,1,0,repeated_10x5_oof,79,20
HAMD-17,PDCH标签99人,Qwen3.7-Max,思考,14,性症状,7,0.5063491153609925,3.0,0.49673566817617887,0.009613447184813606,max_corrected_rho,39,1,0,repeated_10x5_oof,79,20
HAMD-17,PDCH标签99人,Qwen3.7-Max,思考,15,疑病,16,0.20479779862428701,15.0,0.18605438944751101,0.018743409176776,max_corrected_rho,79,1,0,repeated_10x5_oof,79,20
HAMD-17,PDCH标签99人,Qwen3.7-Max,思考,16,体重减轻,7,0.24937823073655846,12.0,0.24157017470221653,0.007808056034341926,max_corrected_rho,79,1,0,repeated_10x5_oof,79,20
HAMD-17,PDCH标签99人,Qwen3.7-Max,思考,17,自知力,8,0.15066908527355702,3.0,0.04489981587065176,0.10576926940290526,max_corrected_rho,79,1,0,repeated_10x5_oof,79,20
HAMD-17,PDCH标签99人,GLM-5.2,思考,1,抑郁情绪,7,0.5433198961243282,16.0,0.5414919233914579,0.0018279727328702755,max_corrected_rho,79,1,1,repeated_10x5_oof,79,20
HAMD-17,PDCH标签99人,GLM-5.2,思考,2,有罪感,4,0.3938190023264579,16.0,0.3567159585348915,0.03710304379156637,max_corrected_rho,79,1,1,repeated_10x5_oof,79,20
HAMD-17,PDCH标签99人,GLM-5.2,思考,3,自杀,15,0.44773423267731255,3.0,0.43040805626547796,0.017326176411834593,max_corrected_rho,79,1,1,repeated_10x5_oof,79,20
HAMD-17,PDCH标签99人,GLM-5.2,思考,4,入睡困难,3,0.43643148316116565,16.0,0.4076884934774222,0.028742989683743447,max_corrected_rho,79,1,1,repeated_10x5_oof,79,20
HAMD-17,PDCH标签99人,GLM-5.2,思考,5,睡眠不深,3,0.19960881013576662,7.0,0.18328054987888193,0.01632826025688469,max_corrected_rho,79,1,1,repeated_10x5_oof,79,20
HAMD-17,PDCH标签99人,GLM-5.2,思考,6,早醒,7,0.3628539984774564,3.0,0.35817142179379574,0.0046825766836606775,max_corrected_rho,79,1,1,repeated_10x5_oof,79,20
HAMD-17,PDCH标签99人,GLM-5.2,思考,7,工作和活动,8,0.6360526459295246,15.0,0.5977357543083932,0.03831689162113139,max_corrected_rho,79,1,1,repeated_10x5_oof,79,20
HAMD-17,PDCH标签99人,GLM-5.2,思考,8,迟滞,7,0.4904551834959495,11.0,0.43751320605045907,0.05294197744549045,max_corrected_rho,79,1,1,repeated_10x5_oof,79,20
HAMD-17,PDCH标签99人,GLM-5.2,思考,9,激越,7,0.3480201421175809,15.0,0.3426054328818024,0.005414709235778525,max_corrected_rho,79,1,1,repeated_10x5_oof,79,20
HAMD-17,PDCH标签99人,GLM-5.2,思考,10,精神性焦虑,16,0.5640928189577002,7.0,0.5038132909963324,0.06027952796136782,max_corrected_rho,79,1,1,repeated_10x5_oof,79,20
HAMD-17,PDCH标签99人,GLM-5.2,思考,11,躯体性焦虑,7,0.5764580237560311,16.0,0.5230607049685121,0.053397318787518966,max_corrected_rho,79,1,1,repeated_10x5_oof,79,20
HAMD-17,PDCH标签99人,GLM-5.2,思考,12,胃肠道症状,11,0.4400112568760336,7.0,0.4378044350752437,0.0022068218007899043,max_corrected_rho,79,1,1,repeated_10x5_oof,79,20
HAMD-17,PDCH标签99人,GLM-5.2,思考,13,全身症状,15,0.5064143529586957,11.0,0.5038682356878671,0.0025461172708286517,max_corrected_rho,79,1,1,repeated_10x5_oof,79,20
HAMD-17,PDCH标签99人,GLM-5.2,思考,14,性症状,3,0.48511880780133454,7.0,0.47885237891768284,0.006266428883651698,max_corrected_rho,37,1,1,repeated_10x5_oof,79,20
HAMD-17,PDCH标签99人,GLM-5.2,思考,15,疑病,8,0.1094943284168245,15.0,0.10825365771030172,0.0012406707065227701,max_corrected_rho,79,1,1,repeated_10x5_oof,79,20
HAMD-17,PDCH标签99人,GLM-5.2,思考,16,体重减轻,7,0.21059578162152762,8.0,0.20461601282351902,0.0059797687980086,max_corrected_rho,79,1,1,repeated_10x5_oof,79,20
HAMD-17,PDCH标签99人,GLM-5.2,思考,17,自知力,3,0.04181332169490962,11.0,0.012812808199663262,0.029000513495246363,max_corrected_rho,79,1,1,repeated_10x5_oof,79,20
HAMD-17,PDCH标签99人,Kimi-K2.6,思考,1,抑郁情绪,11,0.5648984538529231,8.0,0.5224021589980105,0.042496294854912686,max_corrected_rho,79,1,1,repeated_10x5_oof,79,20
HAMD-17,PDCH标签99人,Kimi-K2.6,思考,2,有罪感,3,0.3645283080882665,11.0,0.3382582116800487,0.026270096408217758,max_corrected_rho,79,1,1,repeated_10x5_oof,79,20
HAMD-17,PDCH标签99人,Kimi-K2.6,思考,3,自杀,16,0.36571993464077135,7.0,0.36154610781962704,0.004173826821144311,max_corrected_rho,79,1,1,repeated_10x5_oof,79,20
HAMD-17,PDCH标签99人,Kimi-K2.6,思考,4,入睡困难,3,0.46982920269971945,12.0,0.40591883462169764,0.0639103680780218,max_corrected_rho,79,1,1,repeated_10x5_oof,79,20
HAMD-17,PDCH标签99人,Kimi-K2.6,思考,5,睡眠不深,3,0.1744290669226289,16.0,0.16081499191158835,0.01361407501104056,max_corrected_rho,79,1,1,repeated_10x5_oof,79,20
HAMD-17,PDCH标签99人,Kimi-K2.6,思考,6,早醒,16,0.34829740555156913,15.0,0.34017375147911205,0.008123654072457076,max_corrected_rho,79,1,1,repeated_10x5_oof,79,20
HAMD-17,PDCH标签99人,Kimi-K2.6,思考,7,工作和活动,7,0.6355149321519541,3.0,0.5947462227226956,0.040768709429258476,max_corrected_rho,79,1,1,repeated_10x5_oof,79,20
HAMD-17,PDCH标签99人,Kimi-K2.6,思考,8,迟滞,15,0.27826657098748314,16.0,0.23370108698764042,0.044565483999842725,max_corrected_rho,79,1,1,repeated_10x5_oof,79,20
HAMD-17,PDCH标签99人,Kimi-K2.6,思考,9,激越,12,0.2552509721545013,15.0,0.2508819047921984,0.004369067362302914,max_corrected_rho,79,1,1,repeated_10x5_oof,79,20
HAMD-17,PDCH标签99人,Kimi-K2.6,思考,10,精神性焦虑,8,0.4472105950125676,12.0,0.38630507185956964,0.060905523152997965,max_corrected_rho,79,1,1,repeated_10x5_oof,79,20
HAMD-17,PDCH标签99人,Kimi-K2.6,思考,11,躯体性焦虑,15,0.5077098139871267,7.0,0.49881115793997843,0.008898656047148235,max_corrected_rho,79,1,1,repeated_10x5_oof,79,20
HAMD-17,PDCH标签99人,Kimi-K2.6,思考,12,胃肠道症状,7,0.4155927271907003,8.0,0.4130421996925255,0.002550527498174804,max_corrected_rho,79,1,1,repeated_10x5_oof,79,20
HAMD-17,PDCH标签99人,Kimi-K2.6,思考,13,全身症状,11,0.5771747871383449,3.0,0.5153374006894001,0.061837386448944764,max_corrected_rho,79,1,1,repeated_10x5_oof,79,20
HAMD-17,PDCH标签99人,Kimi-K2.6,思考,14,性症状,7,0.2774853446363871,4.0,0.27620043878414197,0.0012849058522451107,max_corrected_rho,31,1,1,repeated_10x5_oof,79,20
HAMD-17,PDCH标签99人,Kimi-K2.6,思考,15,疑病,4,0.11060308781242717,7.0,0.05955189582439852,0.05105119198802865,max_corrected_rho,79,1,1,repeated_10x5_oof,79,20
HAMD-17,PDCH标签99人,Kimi-K2.6,思考,16,体重减轻,7,0.23743540295091978,11.0,0.21138038304978288,0.0260550199011369,max_corrected_rho,79,1,1,repeated_10x5_oof,79,20
HAMD-17,PDCH标签99人,Kimi-K2.6,思考,17,自知力,8,0.3210662801256901,7.0,0.2011630374488089,0.11990324267688121,max_corrected_rho,79,1,1,repeated_10x5_oof,79,20
HAMD-17,PDCH标签99人,Qwen3.7-Max,思考,1,抑郁情绪,4,0.5135628732248261,3.0,0.5040527484665422,0.009510124758283833,max_corrected_rho,79,1,1,repeated_10x5_oof,79,20
HAMD-17,PDCH标签99人,Qwen3.7-Max,思考,2,有罪感,15,0.35151487015276145,8.0,0.3367310723404495,0.014783797812311927,max_corrected_rho,79,1,1,repeated_10x5_oof,79,20
HAMD-17,PDCH标签99人,Qwen3.7-Max,思考,3,自杀,16,0.4158403580363594,8.0,0.37119618030393225,0.044644177732427126,max_corrected_rho,79,1,1,repeated_10x5_oof,79,20
HAMD-17,PDCH标签99人,Qwen3.7-Max,思考,4,入睡困难,12,0.43284328327014615,3.0,0.4031186595640898,0.02972462370605633,max_corrected_rho,79,1,1,repeated_10x5_oof,79,20
HAMD-17,PDCH标签99人,Qwen3.7-Max,思考,5,睡眠不深,15,0.2809345129951066,16.0,0.2430466830554753,0.03788782993963127,max_corrected_rho,79,1,1,repeated_10x5_oof,79,20
HAMD-17,PDCH标签99人,Qwen3.7-Max,思考,6,早醒,3,0.3332534187250899,4.0,0.31478589552849146,0.018467523196598445,max_corrected_rho,79,1,1,repeated_10x5_oof,79,20
HAMD-17,PDCH标签99人,Qwen3.7-Max,思考,7,工作和活动,3,0.6098298940013891,11.0,0.5828973739344353,0.02693252006695379,max_corrected_rho,79,1,1,repeated_10x5_oof,79,20
HAMD-17,PDCH标签99人,Qwen3.7-Max,思考,8,迟滞,15,0.38042563900400755,3.0,0.30274907357559205,0.0776765654284155,max_corrected_rho,79,1,1,repeated_10x5_oof,79,20
HAMD-17,PDCH标签99人,Qwen3.7-Max,思考,9,激越,11,0.341812065993667,4.0,0.33269359059957426,0.009118475394092718,max_corrected_rho,79,1,1,repeated_10x5_oof,79,20
HAMD-17,PDCH标签99人,Qwen3.7-Max,思考,10,精神性焦虑,4,0.4455464524652864,11.0,0.4173640983538007,0.028182354111485675,max_corrected_rho,79,1,1,repeated_10x5_oof,79,20
HAMD-17,PDCH标签99人,Qwen3.7-Max,思考,11,躯体性焦虑,11,0.5741567204801229,3.0,0.5228986274744277,0.05125809300569517,max_corrected_rho,79,1,1,repeated_10x5_oof,79,20
HAMD-17,PDCH标签99人,Qwen3.7-Max,思考,12,胃肠道症状,7,0.4617616902110907,3.0,0.4359610495390428,0.025800640672047903,max_corrected_rho,79,1,1,repeated_10x5_oof,79,20
HAMD-17,PDCH标签99人,Qwen3.7-Max,思考,13,全身症状,3,0.5657396986651887,4.0,0.49142172106622933,0.07431797759895936,max_corrected_rho,79,1,1,repeated_10x5_oof,79,20
HAMD-17,PDCH标签99人,Qwen3.7-Max,思考,14,性症状,7,0.33324876119435975,3.0,0.3224245581975016,0.010824202996858157,max_corrected_rho,39,1,1,repeated_10x5_oof,79,20
HAMD-17,PDCH标签99人,Qwen3.7-Max,思考,15,疑病,4,0.09595754751681237,11.0,0.09261037693142109,0.0033471705853912875,max_corrected_rho,79,1,1,repeated_10x5_oof,79,20
HAMD-17,PDCH标签99人,Qwen3.7-Max,思考,16,体重减轻,7,0.24596233689759675,3.0,0.23494209626842036,0.011020240629176392,max_corrected_rho,79,1,1,repeated_10x5_oof,79,20
HAMD-17,PDCH标签99人,Qwen3.7-Max,思考,17,自知力,8,0.1569979081042067,3.0,0.016621935810274744,0.14037597229393195,max_corrected_rho,79,1,1,repeated_10x5_oof,79,20
HAMD-17,PDCH标签99人,GLM-5.2,思考,1,抑郁情绪,16,0.6146019870951339,8.0,0.590026626897224,0.024575360197909957,max_corrected_rho,79,1,2,repeated_10x5_oof,79,20
HAMD-17,PDCH标签99人,GLM-5.2,思考,2,有罪感,12,0.457155895196822,4.0,0.4475523305827804,0.009603564614041604,max_corrected_rho,79,1,2,repeated_10x5_oof,79,20
HAMD-17,PDCH标签99人,GLM-5.2,思考,3,自杀,16,0.42575627813589995,15.0,0.4015191436838379,0.024237134452062048,max_corrected_rho,79,1,2,repeated_10x5_oof,79,20
HAMD-17,PDCH标签99人,GLM-5.2,思考,4,入睡困难,3,0.48603078788503595,4.0,0.48451807633213606,0.0015127115528998925,max_corrected_rho,79,1,2,repeated_10x5_oof,79,20
HAMD-17,PDCH标签99人,GLM-5.2,思考,5,睡眠不深,8,0.2814226142450495,3.0,0.26326837489359084,0.018154239351458656,max_corrected_rho,79,1,2,repeated_10x5_oof,79,20
HAMD-17,PDCH标签99人,GLM-5.2,思考,6,早醒,3,0.3519074619178431,4.0,0.3056735273006742,0.046233934617168904,max_corrected_rho,79,1,2,repeated_10x5_oof,79,20
HAMD-17,PDCH标签99人,GLM-5.2,思考,7,工作和活动,15,0.672299454830316,8.0,0.6648196459766726,0.007479808853643299,max_corrected_rho,79,1,2,repeated_10x5_oof,79,20
HAMD-17,PDCH标签99人,GLM-5.2,思考,8,迟滞,11,0.5242643698075643,4.0,0.5103056995146223,0.013958670292941955,max_corrected_rho,79,1,2,repeated_10x5_oof,79,20
HAMD-17,PDCH标签99人,GLM-5.2,思考,9,激越,7,0.42378052594380555,15.0,0.3547201656241345,0.06906036031967105,max_corrected_rho,79,1,2,repeated_10x5_oof,79,20
HAMD-17,PDCH标签99人,GLM-5.2,思考,10,精神性焦虑,16,0.5013523818147968,8.0,0.48015096212877956,0.021201419686017242,max_corrected_rho,79,1,2,repeated_10x5_oof,79,20
HAMD-17,PDCH标签99人,GLM-5.2,思考,11,躯体性焦虑,7,0.6138690451279383,3.0,0.5453576644893319,0.0685113806386064,max_corrected_rho,79,1,2,repeated_10x5_oof,79,20
HAMD-17,PDCH标签99人,GLM-5.2,思考,12,胃肠道症状,11,0.549532691109105,12.0,0.5357578975518024,0.0137747935573026,max_corrected_rho,79,1,2,repeated_10x5_oof,79,20
HAMD-17,PDCH标签99人,GLM-5.2,思考,13,全身症状,15,0.6162224448124333,3.0,0.5959036004536954,0.020318844358737875,max_corrected_rho,79,1,2,repeated_10x5_oof,79,20
HAMD-17,PDCH标签99人,GLM-5.2,思考,14,性症状,7,0.5326864283010072,8.0,0.5198472930618893,0.01283913523911795,max_corrected_rho,38,1,2,repeated_10x5_oof,79,20
HAMD-17,PDCH标签99人,GLM-5.2,思考,15,疑病,15,0.08651183135184849,16.0,0.06921481864586253,0.017297012705985965,max_corrected_rho,79,1,2,repeated_10x5_oof,79,20
HAMD-17,PDCH标签99人,GLM-5.2,思考,16,体重减轻,8,0.29848450676729377,7.0,0.2922015531074251,0.00628295365986864,max_corrected_rho,79,1,2,repeated_10x5_oof,79,20
HAMD-17,PDCH标签99人,GLM-5.2,思考,17,自知力,3,0.07684709139896108,8.0,-0.009939837148135958,0.08678692854709703,max_corrected_rho,79,1,2,repeated_10x5_oof,79,20
HAMD-17,PDCH标签99人,Kimi-K2.6,思考,1,抑郁情绪,7,0.599186105671637,11.0,0.5920016174613568,0.007184488210280171,max_corrected_rho,79,1,2,repeated_10x5_oof,79,20
HAMD-17,PDCH标签99人,Kimi-K2.6,思考,2,有罪感,3,0.43081354591483406,8.0,0.40156195341397877,0.029251592500855295,max_corrected_rho,79,1,2,repeated_10x5_oof,79,20
HAMD-17,PDCH标签99人,Kimi-K2.6,思考,3,自杀,7,0.43394869416574455,16.0,0.3693751325106418,0.06457356165510275,max_corrected_rho,79,1,2,repeated_10x5_oof,79,20
HAMD-17,PDCH标签99人,Kimi-K2.6,思考,4,入睡困难,3,0.5561524976563088,4.0,0.5164790075952369,0.0396734900610719,max_corrected_rho,79,1,2,repeated_10x5_oof,79,20
HAMD-17,PDCH标签99人,Kimi-K2.6,思考,5,睡眠不深,16,0.2991066832467905,4.0,0.24154867566865074,0.05755800757813978,max_corrected_rho,79,1,2,repeated_10x5_oof,79,20
HAMD-17,PDCH标签99人,Kimi-K2.6,思考,6,早醒,3,0.3174759324563303,7.0,0.3060517672842453,0.011424165172084999,max_corrected_rho,79,1,2,repeated_10x5_oof,79,20
HAMD-17,PDCH标签99人,Kimi-K2.6,思考,7,工作和活动,3,0.6915450247378472,4.0,0.6740446558618839,0.01750036887596329,max_corrected_rho,79,1,2,repeated_10x5_oof,79,20
HAMD-17,PDCH标签99人,Kimi-K2.6,思考,8,迟滞,15,0.4139236519052804,8.0,0.38404161000374815,0.029882041901532264,max_corrected_rho,79,1,2,repeated_10x5_oof,79,20
HAMD-17,PDCH标签99人,Kimi-K2.6,思考,9,激越,11,0.2566470851540111,7.0,0.23889591112999836,0.017751174024012717,max_corrected_rho,79,1,2,repeated_10x5_oof,79,20
HAMD-17,PDCH标签99人,Kimi-K2.6,思考,10,精神性焦虑,8,0.45970327514069054,12.0,0.43204821297950086,0.02765506216118968,max_corrected_rho,79,1,2,repeated_10x5_oof,79,20
HAMD-17,PDCH标签99人,Kimi-K2.6,思考,11,躯体性焦虑,7,0.5186361868470994,4.0,0.5065681684925107,0.012068018354588705,max_corrected_rho,79,1,2,repeated_10x5_oof,79,20
HAMD-17,PDCH标签99人,Kimi-K2.6,思考,12,胃肠道症状,8,0.4899355060672776,7.0,0.48787817249901816,0.002057333568259434,max_corrected_rho,79,1,2,repeated_10x5_oof,79,20
HAMD-17,PDCH标签99人,Kimi-K2.6,思考,13,全身症状,7,0.6422571199305805,11.0,0.6273613354881096,0.014895784442470972,max_corrected_rho,79,1,2,repeated_10x5_oof,79,20
HAMD-17,PDCH标签99人,Kimi-K2.6,思考,14,性症状,3,0.3941209866006211,4.0,0.3941209866006211,0.0,max_corrected_rho_tie_prefer_c03,33,1,2,repeated_10x5_oof,79,20
HAMD-17,PDCH标签99人,Kimi-K2.6,思考,15,疑病,4,0.17204529400557328,7.0,0.13367764443320915,0.03836764957236413,max_corrected_rho,79,1,2,repeated_10x5_oof,79,20
HAMD-17,PDCH标签99人,Kimi-K2.6,思考,16,体重减轻,7,0.36752581759031133,16.0,0.3050224306282011,0.06250338696211022,max_corrected_rho,79,1,2,repeated_10x5_oof,79,20
HAMD-17,PDCH标签99人,Kimi-K2.6,思考,17,自知力,8,0.34852913036133515,12.0,0.2053670407418878,0.14316208961944735,max_corrected_rho,79,1,2,repeated_10x5_oof,79,20
HAMD-17,PDCH标签99人,Qwen3.7-Max,思考,1,抑郁情绪,4,0.6043683681631045,8.0,0.5953952250875434,0.008973143075561074,max_corrected_rho,79,1,2,repeated_10x5_oof,79,20
HAMD-17,PDCH标签99人,Qwen3.7-Max,思考,2,有罪感,15,0.42782083947226196,4.0,0.4116629739730124,0.01615786549924958,max_corrected_rho,79,1,2,repeated_10x5_oof,79,20
HAMD-17,PDCH标签99人,Qwen3.7-Max,思考,3,自杀,4,0.42691651740188685,12.0,0.40888284676144376,0.01803367064044309,max_corrected_rho,79,1,2,repeated_10x5_oof,79,20
HAMD-17,PDCH标签99人,Qwen3.7-Max,思考,4,入睡困难,4,0.4999718580376769,3.0,0.494130957973386,0.005840900064290888,max_corrected_rho,79,1,2,repeated_10x5_oof,79,20
HAMD-17,PDCH标签99人,Qwen3.7-Max,思考,5,睡眠不深,15,0.3296807962771187,11.0,0.28335038844897226,0.04633040782814646,max_corrected_rho,79,1,2,repeated_10x5_oof,79,20
HAMD-17,PDCH标签99人,Qwen3.7-Max,思考,6,早醒,3,0.34847400051510435,4.0,0.27827126690001647,0.07020273361508789,max_corrected_rho,79,1,2,repeated_10x5_oof,79,20
HAMD-17,PDCH标签99人,Qwen3.7-Max,思考,7,工作和活动,3,0.6494483698621951,4.0,0.6457337790252684,0.003714590836926712,max_corrected_rho,79,1,2,repeated_10x5_oof,79,20
HAMD-17,PDCH标签99人,Qwen3.7-Max,思考,8,迟滞,16,0.44712770879178193,15.0,0.43377066924602165,0.013357039545760285,max_corrected_rho,79,1,2,repeated_10x5_oof,79,20
HAMD-17,PDCH标签99人,Qwen3.7-Max,思考,9,激越,3,0.3352495618883246,11.0,0.2843327368173711,0.05091682507095352,max_corrected_rho,79,1,2,repeated_10x5_oof,79,20
HAMD-17,PDCH标签99人,Qwen3.7-Max,思考,10,精神性焦虑,4,0.4952246171064629,3.0,0.4556071271733103,0.039617489933152616,max_corrected_rho,79,1,2,repeated_10x5_oof,79,20
HAMD-17,PDCH标签99人,Qwen3.7-Max,思考,11,躯体性焦虑,3,0.619628348896022,12.0,0.6025954295164512,0.017032919379570854,max_corrected_rho,79,1,2,repeated_10x5_oof,79,20
HAMD-17,PDCH标签99人,Qwen3.7-Max,思考,12,胃肠道症状,3,0.5200950223091869,11.0,0.5133632865143768,0.006731735794810123,max_corrected_rho,79,1,2,repeated_10x5_oof,79,20
HAMD-17,PDCH标签99人,Qwen3.7-Max,思考,13,全身症状,3,0.6163294730623535,4.0,0.544966645522222,0.07136282754013157,max_corrected_rho,79,1,2,repeated_10x5_oof,79,20
HAMD-17,PDCH标签99人,Qwen3.7-Max,思考,14,性症状,3,0.4028147114174,7.0,0.4028147114174,0.0,max_corrected_rho_tie_prefer_c03,41,1,2,repeated_10x5_oof,79,20
HAMD-17,PDCH标签99人,Qwen3.7-Max,思考,15,疑病,11,0.161275905312477,15.0,0.1336042183874203,0.027671686925056727,max_corrected_rho,79,1,2,repeated_10x5_oof,79,20
HAMD-17,PDCH标签99人,Qwen3.7-Max,思考,16,体重减轻,12,0.32247714804970146,7.0,0.296759144316536,0.025718003733165462,max_corrected_rho,79,1,2,repeated_10x5_oof,79,20
HAMD-17,PDCH标签99人,Qwen3.7-Max,思考,17,自知力,8,0.1308863785093908,3.0,0.0898166150197331,0.0410697634896577,max_corrected_rho,79,1,2,repeated_10x5_oof,79,20
HAMD-17,PDCH标签99人,GLM-5.2,思考,1,抑郁情绪,16,0.5501614298644502,15.0,0.5210870912481401,0.029074338616310036,max_corrected_rho,79,1,3,repeated_10x5_oof,79,20
HAMD-17,PDCH标签99人,GLM-5.2,思考,2,有罪感,12,0.39501404422176917,4.0,0.39299984191717363,0.002014202304595536,max_corrected_rho,79,1,3,repeated_10x5_oof,79,20
HAMD-17,PDCH标签99人,GLM-5.2,思考,3,自杀,15,0.4347958153054397,16.0,0.4097449813495471,0.025050833955892582,max_corrected_rho,79,1,3,repeated_10x5_oof,79,20
HAMD-17,PDCH标签99人,GLM-5.2,思考,4,入睡困难,16,0.507803028251745,15.0,0.49803836980664473,0.009764658445100216,max_corrected_rho,79,1,3,repeated_10x5_oof,79,20
HAMD-17,PDCH标签99人,GLM-5.2,思考,5,睡眠不深,3,0.24970735666472904,11.0,0.2032099887987003,0.04649736786602873,max_corrected_rho,79,1,3,repeated_10x5_oof,79,20
HAMD-17,PDCH标签99人,GLM-5.2,思考,6,早醒,3,0.42172046785101935,4.0,0.3502111671928358,0.07150930065818356,max_corrected_rho,79,1,3,repeated_10x5_oof,79,20
HAMD-17,PDCH标签99人,GLM-5.2,思考,7,工作和活动,8,0.630405947622887,3.0,0.6164504067410871,0.013955540881799955,max_corrected_rho,79,1,3,repeated_10x5_oof,79,20
HAMD-17,PDCH标签99人,GLM-5.2,思考,8,迟滞,7,0.4642809058233287,15.0,0.43211563821195176,0.032165267611376946,max_corrected_rho,79,1,3,repeated_10x5_oof,79,20
HAMD-17,PDCH标签99人,GLM-5.2,思考,9,激越,7,0.406114265741857,15.0,0.3982205006613069,0.00789376508055012,max_corrected_rho,79,1,3,repeated_10x5_oof,79,20
HAMD-17,PDCH标签99人,GLM-5.2,思考,10,精神性焦虑,16,0.529342658077544,15.0,0.5070624665851302,0.02228019149241378,max_corrected_rho,79,1,3,repeated_10x5_oof,79,20
HAMD-17,PDCH标签99人,GLM-5.2,思考,11,躯体性焦虑,3,0.5991052513967489,7.0,0.5972524954640522,0.0018527559326966259,max_corrected_rho,79,1,3,repeated_10x5_oof,79,20
HAMD-17,PDCH标签99人,GLM-5.2,思考,12,胃肠道症状,11,0.4891376150267183,12.0,0.47821150264918194,0.010926112377536379,max_corrected_rho,79,1,3,repeated_10x5_oof,79,20
HAMD-17,PDCH标签99人,GLM-5.2,思考,13,全身症状,11,0.5853710702748756,15.0,0.5768155300324812,0.008555540242394355,max_corrected_rho,79,1,3,repeated_10x5_oof,79,20
HAMD-17,PDCH标签99人,GLM-5.2,思考,14,性症状,7,0.5106815530816315,3.0,0.473656335777029,0.037025217304602565,max_corrected_rho,38,1,3,repeated_10x5_oof,79,20
HAMD-17,PDCH标签99人,GLM-5.2,思考,15,疑病,8,0.21126516799318615,16.0,0.20114406690383171,0.010121101089354434,max_corrected_rho,79,1,3,repeated_10x5_oof,79,20
HAMD-17,PDCH标签99人,GLM-5.2,思考,16,体重减轻,7,0.21899379753930645,8.0,0.18762070555959307,0.031373091979713386,max_corrected_rho,79,1,3,repeated_10x5_oof,79,20
HAMD-17,PDCH标签99人,GLM-5.2,思考,17,自知力,11,0.1988264067665944,3.0,0.11799442953608928,0.08083197723050513,max_corrected_rho,79,1,3,repeated_10x5_oof,79,20
HAMD-17,PDCH标签99人,Kimi-K2.6,思考,1,抑郁情绪,11,0.5463401456283934,3.0,0.5051515062324115,0.04118863939598194,max_corrected_rho,79,1,3,repeated_10x5_oof,79,20
HAMD-17,PDCH标签99人,Kimi-K2.6,思考,2,有罪感,3,0.3977657203556501,11.0,0.3294298997029992,0.06833582065265092,max_corrected_rho,79,1,3,repeated_10x5_oof,79,20
HAMD-17,PDCH标签99人,Kimi-K2.6,思考,3,自杀,7,0.3765253701077195,3.0,0.33885790114842207,0.03766746895929746,max_corrected_rho,79,1,3,repeated_10x5_oof,79,20
HAMD-17,PDCH标签99人,Kimi-K2.6,思考,4,入睡困难,3,0.5503950758871728,11.0,0.477728265234901,0.07266681065227187,max_corrected_rho,79,1,3,repeated_10x5_oof,79,20
HAMD-17,PDCH标签99人,Kimi-K2.6,思考,5,睡眠不深,3,0.2824067769077904,16.0,0.22849903995868062,0.0539077369491098,max_corrected_rho,79,1,3,repeated_10x5_oof,79,20
HAMD-17,PDCH标签99人,Kimi-K2.6,思考,6,早醒,11,0.3910742954362398,16.0,0.38139851707140904,0.009675778364830745,max_corrected_rho,79,1,3,repeated_10x5_oof,79,20
HAMD-17,PDCH标签99人,Kimi-K2.6,思考,7,工作和活动,3,0.6327304824380409,7.0,0.6290850224945124,0.003645459943528495,max_corrected_rho,79,1,3,repeated_10x5_oof,79,20
HAMD-17,PDCH标签99人,Kimi-K2.6,思考,8,迟滞,16,0.2819077767600729,15.0,0.2801380457162772,0.001769731043795686,max_corrected_rho,79,1,3,repeated_10x5_oof,79,20
HAMD-17,PDCH标签99人,Kimi-K2.6,思考,9,激越,8,0.2951779828423153,7.0,0.2902036267744734,0.004974356067841856,max_corrected_rho,79,1,3,repeated_10x5_oof,79,20
HAMD-17,PDCH标签99人,Kimi-K2.6,思考,10,精神性焦虑,8,0.46662009787487985,11.0,0.36992313267132626,0.09669696520355359,max_corrected_rho,79,1,3,repeated_10x5_oof,79,20
HAMD-17,PDCH标签99人,Kimi-K2.6,思考,11,躯体性焦虑,7,0.552722459080806,16.0,0.4883570220018245,0.06436543707898146,max_corrected_rho,79,1,3,repeated_10x5_oof,79,20
HAMD-17,PDCH标签99人,Kimi-K2.6,思考,12,胃肠道症状,8,0.4636058331627183,7.0,0.44997956500337566,0.013626268159342647,max_corrected_rho,79,1,3,repeated_10x5_oof,79,20
HAMD-17,PDCH标签99人,Kimi-K2.6,思考,13,全身症状,11,0.5936279553704954,3.0,0.5681363098699286,0.025491645500566817,max_corrected_rho,79,1,3,repeated_10x5_oof,79,20
HAMD-17,PDCH标签99人,Kimi-K2.6,思考,14,性症状,3,0.37077968276720946,4.0,0.2895975149765192,0.08118216779069026,max_corrected_rho,31,1,3,repeated_10x5_oof,79,20
HAMD-17,PDCH标签99人,Kimi-K2.6,思考,15,疑病,4,0.24144577705178244,11.0,0.1971390483047804,0.04430672874700203,max_corrected_rho,79,1,3,repeated_10x5_oof,79,20
HAMD-17,PDCH标签99人,Kimi-K2.6,思考,16,体重减轻,7,0.25416089583362,16.0,0.20694256840355502,0.04721832743006499,max_corrected_rho,79,1,3,repeated_10x5_oof,79,20
HAMD-17,PDCH标签99人,Kimi-K2.6,思考,17,自知力,8,0.3911223858223103,12.0,0.34698658888881584,0.04413579693349445,max_corrected_rho,79,1,3,repeated_10x5_oof,79,20
HAMD-17,PDCH标签99人,Qwen3.7-Max,思考,1,抑郁情绪,4,0.5287727011753939,3.0,0.509029002863302,0.019743698312091884,max_corrected_rho,79,1,3,repeated_10x5_oof,79,20
HAMD-17,PDCH标签99人,Qwen3.7-Max,思考,2,有罪感,3,0.35577773990075845,4.0,0.3505820532011772,0.005195686699581259,max_corrected_rho,79,1,3,repeated_10x5_oof,79,20
HAMD-17,PDCH标签99人,Qwen3.7-Max,思考,3,自杀,8,0.39923735072474914,16.0,0.3970387383928753,0.0021986123318738504,max_corrected_rho,79,1,3,repeated_10x5_oof,79,20
HAMD-17,PDCH标签99人,Qwen3.7-Max,思考,4,入睡困难,3,0.5216528190846064,12.0,0.517150033780205,0.004502785304401402,max_corrected_rho,79,1,3,repeated_10x5_oof,79,20
HAMD-17,PDCH标签99人,Qwen3.7-Max,思考,5,睡眠不深,15,0.2646084970887573,3.0,0.23641284621804012,0.028195650870717154,max_corrected_rho,79,1,3,repeated_10x5_oof,79,20
HAMD-17,PDCH标签99人,Qwen3.7-Max,思考,6,早醒,4,0.3726769694350551,3.0,0.348431619757872,0.024245349677183115,max_corrected_rho,79,1,3,repeated_10x5_oof,79,20
HAMD-17,PDCH标签99人,Qwen3.7-Max,思考,7,工作和活动,3,0.6717641047663873,8.0,0.6187123481454953,0.05305175662089201,max_corrected_rho,79,1,3,repeated_10x5_oof,79,20
HAMD-17,PDCH标签99人,Qwen3.7-Max,思考,8,迟滞,15,0.4029400050883792,3.0,0.3193166426631989,0.08362336242518026,max_corrected_rho,79,1,3,repeated_10x5_oof,79,20
HAMD-17,PDCH标签99人,Qwen3.7-Max,思考,9,激越,11,0.40416076854518496,3.0,0.3675280801634023,0.03663268838178263,max_corrected_rho,79,1,3,repeated_10x5_oof,79,20
HAMD-17,PDCH标签99人,Qwen3.7-Max,思考,10,精神性焦虑,4,0.4692208361137414,3.0,0.4022820621751351,0.06693877393860626,max_corrected_rho,79,1,3,repeated_10x5_oof,79,20
HAMD-17,PDCH标签99人,Qwen3.7-Max,思考,11,躯体性焦虑,11,0.5553666379500325,12.0,0.5407009126801737,0.014665725269858765,max_corrected_rho,79,1,3,repeated_10x5_oof,79,20
HAMD-17,PDCH标签99人,Qwen3.7-Max,思考,12,胃肠道症状,3,0.4718083098039974,7.0,0.45130062858914993,0.020507681214847473,max_corrected_rho,79,1,3,repeated_10x5_oof,79,20
HAMD-17,PDCH标签99人,Qwen3.7-Max,思考,13,全身症状,3,0.6134783924371686,4.0,0.5483168523449261,0.06516154009224251,max_corrected_rho,79,1,3,repeated_10x5_oof,79,20
HAMD-17,PDCH标签99人,Qwen3.7-Max,思考,14,性症状,7,0.39467441162366185,3.0,0.39019785120109796,0.004476560422563891,max_corrected_rho,39,1,3,repeated_10x5_oof,79,20
HAMD-17,PDCH标签99人,Qwen3.7-Max,思考,15,疑病,11,0.22268886100146978,16.0,0.1788075483471028,0.04388131265436698,max_corrected_rho,79,1,3,repeated_10x5_oof,79,20
HAMD-17,PDCH标签99人,Qwen3.7-Max,思考,16,体重减轻,12,0.22987319009115445,7.0,0.20921532532601814,0.020657864765136313,max_corrected_rho,79,1,3,repeated_10x5_oof,79,20
HAMD-17,PDCH标签99人,Qwen3.7-Max,思考,17,自知力,8,0.24660703645905335,3.0,0.1997622051711675,0.04684483128788586,max_corrected_rho,79,1,3,repeated_10x5_oof,79,20
HAMD-17,PDCH标签99人,GLM-5.2,思考,1,抑郁情绪,16,0.5625811789807519,15.0,0.5461152962106005,0.016465882770151374,max_corrected_rho,80,1,4,repeated_10x5_oof,80,19
HAMD-17,PDCH标签99人,GLM-5.2,思考,2,有罪感,8,0.36098686982508427,12.0,0.3498920033445188,0.011094866480565457,max_corrected_rho,80,1,4,repeated_10x5_oof,80,19
HAMD-17,PDCH标签99人,GLM-5.2,思考,3,自杀,15,0.42140994172626606,3.0,0.39691629507946175,0.024493646646804312,max_corrected_rho,80,1,4,repeated_10x5_oof,80,19
HAMD-17,PDCH标签99人,GLM-5.2,思考,4,入睡困难,16,0.4298026979583498,3.0,0.41147377607108526,0.018328921887264538,max_corrected_rho,80,1,4,repeated_10x5_oof,80,19
HAMD-17,PDCH标签99人,GLM-5.2,思考,5,睡眠不深,8,0.27474320710866407,7.0,0.27339601435519517,0.0013471927534688954,max_corrected_rho,80,1,4,repeated_10x5_oof,80,19
HAMD-17,PDCH标签99人,GLM-5.2,思考,6,早醒,4,0.39027156808139096,3.0,0.38115897210795113,0.00911259597343983,max_corrected_rho,80,1,4,repeated_10x5_oof,80,19
HAMD-17,PDCH标签99人,GLM-5.2,思考,7,工作和活动,3,0.6595969252458136,11.0,0.6501970868671977,0.00939983837861591,max_corrected_rho,80,1,4,repeated_10x5_oof,80,19
HAMD-17,PDCH标签99人,GLM-5.2,思考,8,迟滞,7,0.4880027003313179,11.0,0.47726912164002155,0.01073357869129632,max_corrected_rho,80,1,4,repeated_10x5_oof,80,19
HAMD-17,PDCH标签99人,GLM-5.2,思考,9,激越,7,0.4457702755999748,15.0,0.4389314428820829,0.006838832717891874,max_corrected_rho,80,1,4,repeated_10x5_oof,80,19
HAMD-17,PDCH标签99人,GLM-5.2,思考,10,精神性焦虑,16,0.580206205365559,15.0,0.5560062663506037,0.02419993901495532,max_corrected_rho,80,1,4,repeated_10x5_oof,80,19
HAMD-17,PDCH标签99人,GLM-5.2,思考,11,躯体性焦虑,7,0.5736661547357542,3.0,0.5394842509758841,0.03418190375987007,max_corrected_rho,80,1,4,repeated_10x5_oof,80,19
HAMD-17,PDCH标签99人,GLM-5.2,思考,12,胃肠道症状,12,0.4573126600649224,4.0,0.4397483311132558,0.017564328951666597,max_corrected_rho,80,1,4,repeated_10x5_oof,80,19
HAMD-17,PDCH标签99人,GLM-5.2,思考,13,全身症状,15,0.5724816830910647,11.0,0.5312412855764389,0.041240397514625826,max_corrected_rho,80,1,4,repeated_10x5_oof,80,19
HAMD-17,PDCH标签99人,GLM-5.2,思考,14,性症状,7,0.5167414253913223,8.0,0.5165206213501798,0.00022080404114244168,max_corrected_rho,36,1,4,repeated_10x5_oof,80,19
HAMD-17,PDCH标签99人,GLM-5.2,思考,15,疑病,15,0.1248470785613024,16.0,0.06333966134102764,0.06150741722027475,max_corrected_rho,80,1,4,repeated_10x5_oof,80,19
HAMD-17,PDCH标签99人,GLM-5.2,思考,16,体重减轻,7,0.2993138063706853,8.0,0.2701515747195028,0.02916223165118248,max_corrected_rho,80,1,4,repeated_10x5_oof,80,19
HAMD-17,PDCH标签99人,GLM-5.2,思考,17,自知力,11,0.10926151354968514,3.0,0.060379298930444164,0.04888221461924097,max_corrected_rho,80,1,4,repeated_10x5_oof,80,19
HAMD-17,PDCH标签99人,Kimi-K2.6,思考,1,抑郁情绪,8,0.584478067577318,11.0,0.5274346535572719,0.05704341402004609,max_corrected_rho,80,1,4,repeated_10x5_oof,80,19
HAMD-17,PDCH标签99人,Kimi-K2.6,思考,2,有罪感,8,0.34417724263060107,3.0,0.29237851906673656,0.0517987235638645,max_corrected_rho,80,1,4,repeated_10x5_oof,80,19
HAMD-17,PDCH标签99人,Kimi-K2.6,思考,3,自杀,16,0.360641206057427,7.0,0.3400925534970538,0.020548652560373193,max_corrected_rho,80,1,4,repeated_10x5_oof,80,19
HAMD-17,PDCH标签99人,Kimi-K2.6,思考,4,入睡困难,3,0.4681206908594998,12.0,0.3943050252417081,0.07381566561779174,max_corrected_rho,80,1,4,repeated_10x5_oof,80,19
HAMD-17,PDCH标签99人,Kimi-K2.6,思考,5,睡眠不深,16,0.2780299301634811,3.0,0.268125899326414,0.00990403083706709,max_corrected_rho,80,1,4,repeated_10x5_oof,80,19
HAMD-17,PDCH标签99人,Kimi-K2.6,思考,6,早醒,8,0.391749082082684,4.0,0.3757632218173843,0.01598586026529969,max_corrected_rho,80,1,4,repeated_10x5_oof,80,19
HAMD-17,PDCH标签99人,Kimi-K2.6,思考,7,工作和活动,3,0.6708962527277075,7.0,0.6263725698569641,0.044523682870743375,max_corrected_rho,80,1,4,repeated_10x5_oof,80,19
HAMD-17,PDCH标签99人,Kimi-K2.6,思考,8,迟滞,16,0.25952422327369523,15.0,0.25884219266222724,0.0006820306114679875,max_corrected_rho,80,1,4,repeated_10x5_oof,80,19
HAMD-17,PDCH标签99人,Kimi-K2.6,思考,9,激越,15,0.31959340989167784,16.0,0.3155038429909708,0.004089566900707053,max_corrected_rho,80,1,4,repeated_10x5_oof,80,19
HAMD-17,PDCH标签99人,Kimi-K2.6,思考,10,精神性焦虑,15,0.5248537018455118,8.0,0.49690533894663874,0.02794836289887309,max_corrected_rho,80,1,4,repeated_10x5_oof,80,19
HAMD-17,PDCH标签99人,Kimi-K2.6,思考,11,躯体性焦虑,7,0.6110374808690588,8.0,0.4625033077692966,0.14853417309976225,max_corrected_rho,80,1,4,repeated_10x5_oof,80,19
HAMD-17,PDCH标签99人,Kimi-K2.6,思考,12,胃肠道症状,7,0.40008215894308385,8.0,0.39342329296097694,0.00665886598210691,max_corrected_rho,80,1,4,repeated_10x5_oof,80,19
HAMD-17,PDCH标签99人,Kimi-K2.6,思考,13,全身症状,11,0.6139689182816567,3.0,0.5529708171281494,0.060998101153507234,max_corrected_rho,80,1,4,repeated_10x5_oof,80,19
HAMD-17,PDCH标签99人,Kimi-K2.6,思考,14,性症状,3,,,,,all_not_estimable_fallback_c03,26,1,4,repeated_10x5_oof,80,19
HAMD-17,PDCH标签99人,Kimi-K2.6,思考,15,疑病,7,0.11087099919347956,16.0,0.10943335217331836,0.0014376470201612063,max_corrected_rho,80,1,4,repeated_10x5_oof,80,19
HAMD-17,PDCH标签99人,Kimi-K2.6,思考,16,体重减轻,7,0.3566648810384942,8.0,0.2885963844806366,0.06806849655785757,max_corrected_rho,80,1,4,repeated_10x5_oof,80,19
HAMD-17,PDCH标签99人,Kimi-K2.6,思考,17,自知力,8,0.24569195911248481,7.0,0.18877469918602757,0.05691725992645724,max_corrected_rho,80,1,4,repeated_10x5_oof,80,19
HAMD-17,PDCH标签99人,Qwen3.7-Max,思考,1,抑郁情绪,4,0.5012908365070128,3.0,0.5010656055164224,0.00022523099059035268,max_corrected_rho,80,1,4,repeated_10x5_oof,80,19
HAMD-17,PDCH标签99人,Qwen3.7-Max,思考,2,有罪感,4,0.3191910252982146,8.0,0.3064076141715392,0.01278341112667536,max_corrected_rho,80,1,4,repeated_10x5_oof,80,19
HAMD-17,PDCH标签99人,Qwen3.7-Max,思考,3,自杀,12,0.3688731993755461,4.0,0.36222520438272243,0.006647994992823647,max_corrected_rho,80,1,4,repeated_10x5_oof,80,19
HAMD-17,PDCH标签99人,Qwen3.7-Max,思考,4,入睡困难,3,0.416940409682719,12.0,0.4068441039854429,0.010096305697276098,max_corrected_rho,80,1,4,repeated_10x5_oof,80,19
HAMD-17,PDCH标签99人,Qwen3.7-Max,思考,5,睡眠不深,15,0.3355386942273049,3.0,0.26845380688545917,0.06708488734184576,max_corrected_rho,80,1,4,repeated_10x5_oof,80,19
HAMD-17,PDCH标签99人,Qwen3.7-Max,思考,6,早醒,3,0.40474935065377965,4.0,0.35729295819767104,0.04745639245610861,max_corrected_rho,80,1,4,repeated_10x5_oof,80,19
HAMD-17,PDCH标签99人,Qwen3.7-Max,思考,7,工作和活动,11,0.6480274446350686,3.0,0.6429802153122071,0.005047229322861502,max_corrected_rho,80,1,4,repeated_10x5_oof,80,19
HAMD-17,PDCH标签99人,Qwen3.7-Max,思考,8,迟滞,15,0.3968498677368319,16.0,0.33510384457446846,0.06174602316236344,max_corrected_rho,80,1,4,repeated_10x5_oof,80,19
HAMD-17,PDCH标签99人,Qwen3.7-Max,思考,9,激越,15,0.37523015924615744,12.0,0.3345831945052828,0.04064696474087465,max_corrected_rho,80,1,4,repeated_10x5_oof,80,19
HAMD-17,PDCH标签99人,Qwen3.7-Max,思考,10,精神性焦虑,4,0.48375252355881143,3.0,0.4683870888927575,0.015365434666053945,max_corrected_rho,80,1,4,repeated_10x5_oof,80,19
HAMD-17,PDCH标签99人,Qwen3.7-Max,思考,11,躯体性焦虑,11,0.5664295964854564,3.0,0.5255691377356826,0.04086045874977384,max_corrected_rho,80,1,4,repeated_10x5_oof,80,19
HAMD-17,PDCH标签99人,Qwen3.7-Max,思考,12,胃肠道症状,11,0.4157056434910179,8.0,0.4105108665967994,0.005194776894218489,max_corrected_rho,80,1,4,repeated_10x5_oof,80,19
HAMD-17,PDCH标签99人,Qwen3.7-Max,思考,13,全身症状,3,0.6075532312204865,4.0,0.5541647339993545,0.053388497221132036,max_corrected_rho,80,1,4,repeated_10x5_oof,80,19
HAMD-17,PDCH标签99人,Qwen3.7-Max,思考,14,性症状,4,0.40091666665171954,7.0,0.40091666665171954,0.0,max_corrected_rho_tie_condition_order,38,1,4,repeated_10x5_oof,80,19
HAMD-17,PDCH标签99人,Qwen3.7-Max,思考,15,疑病,15,0.14397663143067782,16.0,0.12469768670197728,0.019278944728700537,max_corrected_rho,80,1,4,repeated_10x5_oof,80,19
HAMD-17,PDCH标签99人,Qwen3.7-Max,思考,16,体重减轻,12,0.3214829210155459,8.0,0.28363067647992773,0.03785224453561814,max_corrected_rho,80,1,4,repeated_10x5_oof,80,19
HAMD-17,PDCH标签99人,Qwen3.7-Max,思考,17,自知力,8,0.3001959093086747,3.0,0.03748068836734323,0.26271522094133143,max_corrected_rho,80,1,4,repeated_10x5_oof,80,19
HAMD-17,PDCH标签99人,GLM-5.2,思考,1,抑郁情绪,15,0.5739704585418628,16.0,0.5678567843892081,0.006113674152654736,max_corrected_rho,79,2,0,repeated_10x5_oof,79,20
HAMD-17,PDCH标签99人,GLM-5.2,思考,2,有罪感,4,0.4561218692974496,15.0,0.44918542286075036,0.006936446436699217,max_corrected_rho,79,2,0,repeated_10x5_oof,79,20
HAMD-17,PDCH标签99人,GLM-5.2,思考,3,自杀,15,0.437798813414484,16.0,0.428235327834862,0.009563485579622,max_corrected_rho,79,2,0,repeated_10x5_oof,79,20
HAMD-17,PDCH标签99人,GLM-5.2,思考,4,入睡困难,3,0.45503461971866976,16.0,0.43244561910014684,0.022589000618522925,max_corrected_rho,79,2,0,repeated_10x5_oof,79,20
HAMD-17,PDCH标签99人,GLM-5.2,思考,5,睡眠不深,3,0.2031746473082482,8.0,0.1534612741233672,0.049713373184881005,max_corrected_rho,79,2,0,repeated_10x5_oof,79,20
HAMD-17,PDCH标签99人,GLM-5.2,思考,6,早醒,3,0.45256123453404234,4.0,0.38586117073461745,0.06670006379942489,max_corrected_rho,79,2,0,repeated_10x5_oof,79,20
HAMD-17,PDCH标签99人,GLM-5.2,思考,7,工作和活动,8,0.6282886766692451,15.0,0.6107628894023938,0.01752578726685139,max_corrected_rho,79,2,0,repeated_10x5_oof,79,20
HAMD-17,PDCH标签99人,GLM-5.2,思考,8,迟滞,15,0.5261889102605057,7.0,0.5066016486112815,0.019587261649224197,max_corrected_rho,79,2,0,repeated_10x5_oof,79,20
HAMD-17,PDCH标签99人,GLM-5.2,思考,9,激越,15,0.4750589240862763,7.0,0.4032418378308664,0.07181708625540989,max_corrected_rho,79,2,0,repeated_10x5_oof,79,20
HAMD-17,PDCH标签99人,GLM-5.2,思考,10,精神性焦虑,16,0.5719157144839712,15.0,0.5262164733192595,0.04569924116471169,max_corrected_rho,79,2,0,repeated_10x5_oof,79,20
HAMD-17,PDCH标签99人,GLM-5.2,思考,11,躯体性焦虑,7,0.5328270667866689,3.0,0.5136962605142853,0.019130806272383616,max_corrected_rho,79,2,0,repeated_10x5_oof,79,20
HAMD-17,PDCH标签99人,GLM-5.2,思考,12,胃肠道症状,12,0.45477030367048665,11.0,0.44730199494104766,0.007468308729438988,max_corrected_rho,79,2,0,repeated_10x5_oof,79,20
HAMD-17,PDCH标签99人,GLM-5.2,思考,13,全身症状,15,0.574304438223983,11.0,0.5280678212105094,0.04623661701347359,max_corrected_rho,79,2,0,repeated_10x5_oof,79,20
HAMD-17,PDCH标签99人,GLM-5.2,思考,14,性症状,7,0.4716048624232621,3.0,0.47003990132299733,0.0015649611002647723,max_corrected_rho,41,2,0,repeated_10x5_oof,79,20
HAMD-17,PDCH标签99人,GLM-5.2,思考,15,疑病,16,0.16550998950184373,8.0,0.15903231389087663,0.0064776756109670985,max_corrected_rho,79,2,0,repeated_10x5_oof,79,20
HAMD-17,PDCH标签99人,GLM-5.2,思考,16,体重减轻,7,0.2572743632654137,15.0,0.24959186491790483,0.007682498347508865,max_corrected_rho,79,2,0,repeated_10x5_oof,79,20
HAMD-17,PDCH标签99人,GLM-5.2,思考,17,自知力,11,0.02533685475119121,3.0,0.019136311530607446,0.006200543220583762,max_corrected_rho,79,2,0,repeated_10x5_oof,79,20
HAMD-17,PDCH标签99人,Kimi-K2.6,思考,1,抑郁情绪,11,0.5724130679641776,3.0,0.5404064644630974,0.0320066035010802,max_corrected_rho,79,2,0,repeated_10x5_oof,79,20
HAMD-17,PDCH标签99人,Kimi-K2.6,思考,2,有罪感,3,0.49431708787608364,8.0,0.42565238959252283,0.06866469828356081,max_corrected_rho,79,2,0,repeated_10x5_oof,79,20
HAMD-17,PDCH标签99人,Kimi-K2.6,思考,3,自杀,11,0.3790274853138461,7.0,0.36866601450986364,0.010361470803982475,max_corrected_rho,79,2,0,repeated_10x5_oof,79,20
HAMD-17,PDCH标签99人,Kimi-K2.6,思考,4,入睡困难,3,0.5381872831958281,12.0,0.5126775895585823,0.025509693637245756,max_corrected_rho,79,2,0,repeated_10x5_oof,79,20
HAMD-17,PDCH标签99人,Kimi-K2.6,思考,5,睡眠不深,3,0.2326263360068077,16.0,0.18934600965206688,0.04328032635474083,max_corrected_rho,79,2,0,repeated_10x5_oof,79,20
HAMD-17,PDCH标签99人,Kimi-K2.6,思考,6,早醒,15,0.42981586836293084,11.0,0.4292884519971775,0.0005274163657533193,max_corrected_rho,79,2,0,repeated_10x5_oof,79,20
HAMD-17,PDCH标签99人,Kimi-K2.6,思考,7,工作和活动,3,0.6290457888267498,7.0,0.611610137193089,0.017435651633660787,max_corrected_rho,79,2,0,repeated_10x5_oof,79,20
HAMD-17,PDCH标签99人,Kimi-K2.6,思考,8,迟滞,16,0.38263561766111875,12.0,0.3738806017608368,0.008755015900281937,max_corrected_rho,79,2,0,repeated_10x5_oof,79,20
HAMD-17,PDCH标签99人,Kimi-K2.6,思考,9,激越,15,0.2773083383418279,3.0,0.264023565963157,0.013284772378670873,max_corrected_rho,79,2,0,repeated_10x5_oof,79,20
HAMD-17,PDCH标签99人,Kimi-K2.6,思考,10,精神性焦虑,8,0.4510920825488839,11.0,0.44735699526825706,0.0037350872806268254,max_corrected_rho,79,2,0,repeated_10x5_oof,79,20
HAMD-17,PDCH标签99人,Kimi-K2.6,思考,11,躯体性焦虑,7,0.511736649380809,3.0,0.47457028837733084,0.03716636100347814,max_corrected_rho,79,2,0,repeated_10x5_oof,79,20
HAMD-17,PDCH标签99人,Kimi-K2.6,思考,12,胃肠道症状,7,0.45593322261583386,8.0,0.4307273944051886,0.025205828210645265,max_corrected_rho,79,2,0,repeated_10x5_oof,79,20
HAMD-17,PDCH标签99人,Kimi-K2.6,思考,13,全身症状,11,0.5845018675560784,12.0,0.5739167829618902,0.010585084594188165,max_corrected_rho,79,2,0,repeated_10x5_oof,79,20
HAMD-17,PDCH标签99人,Kimi-K2.6,思考,14,性症状,4,0.3094497507202579,3.0,0.30637804330036417,0.00307170741989371,max_corrected_rho,33,2,0,repeated_10x5_oof,79,20
HAMD-17,PDCH标签99人,Kimi-K2.6,思考,15,疑病,11,0.14896371763365962,4.0,0.1469879420105123,0.0019757756231473245,max_corrected_rho,79,2,0,repeated_10x5_oof,79,20
HAMD-17,PDCH标签99人,Kimi-K2.6,思考,16,体重减轻,7,0.32744428386796315,16.0,0.2429140247913078,0.08453025907665535,max_corrected_rho,79,2,0,repeated_10x5_oof,79,20
HAMD-17,PDCH标签99人,Kimi-K2.6,思考,17,自知力,8,0.3507294880817917,12.0,0.21615249355721908,0.13457699452457264,max_corrected_rho,79,2,0,repeated_10x5_oof,79,20
HAMD-17,PDCH标签99人,Qwen3.7-Max,思考,1,抑郁情绪,7,0.5213809785470216,8.0,0.5207288469453165,0.0006521316017050749,max_corrected_rho,79,2,0,repeated_10x5_oof,79,20
HAMD-17,PDCH标签99人,Qwen3.7-Max,思考,2,有罪感,4,0.414261659278688,8.0,0.3762782016446813,0.037983457634006734,max_corrected_rho,79,2,0,repeated_10x5_oof,79,20
HAMD-17,PDCH标签99人,Qwen3.7-Max,思考,3,自杀,16,0.4182380377459605,4.0,0.3977507499680202,0.020487287777940344,max_corrected_rho,79,2,0,repeated_10x5_oof,79,20
HAMD-17,PDCH标签99人,Qwen3.7-Max,思考,4,入睡困难,3,0.5054739396161341,12.0,0.4585640070445684,0.04690993257156567,max_corrected_rho,79,2,0,repeated_10x5_oof,79,20
HAMD-17,PDCH标签99人,Qwen3.7-Max,思考,5,睡眠不深,15,0.2888866465072587,16.0,0.21350534397729296,0.07538130252996575,max_corrected_rho,79,2,0,repeated_10x5_oof,79,20
HAMD-17,PDCH标签99人,Qwen3.7-Max,思考,6,早醒,12,0.4055968965975053,3.0,0.40004876457921223,0.005548132018293073,max_corrected_rho,79,2,0,repeated_10x5_oof,79,20
HAMD-17,PDCH标签99人,Qwen3.7-Max,思考,7,工作和活动,3,0.6113599354388264,11.0,0.5628895503608106,0.04847038507801582,max_corrected_rho,79,2,0,repeated_10x5_oof,79,20
HAMD-17,PDCH标签99人,Qwen3.7-Max,思考,8,迟滞,15,0.4548451609085618,7.0,0.39273831355151045,0.062106847357051354,max_corrected_rho,79,2,0,repeated_10x5_oof,79,20
HAMD-17,PDCH标签99人,Qwen3.7-Max,思考,9,激越,3,0.4084876230012884,15.0,0.396130150267649,0.012357472733639407,max_corrected_rho,79,2,0,repeated_10x5_oof,79,20
HAMD-17,PDCH标签99人,Qwen3.7-Max,思考,10,精神性焦虑,3,0.5134382055683857,4.0,0.49622425686891547,0.01721394869947024,max_corrected_rho,79,2,0,repeated_10x5_oof,79,20
HAMD-17,PDCH标签99人,Qwen3.7-Max,思考,11,躯体性焦虑,11,0.5476951108847973,3.0,0.530272199046771,0.017422911838026245,max_corrected_rho,79,2,0,repeated_10x5_oof,79,20
HAMD-17,PDCH标签99人,Qwen3.7-Max,思考,12,胃肠道症状,7,0.5178956228540967,3.0,0.46681684735885565,0.05107877549524109,max_corrected_rho,79,2,0,repeated_10x5_oof,79,20
HAMD-17,PDCH标签99人,Qwen3.7-Max,思考,13,全身症状,3,0.5826971648997584,4.0,0.5205631284543327,0.0621340364454257,max_corrected_rho,79,2,0,repeated_10x5_oof,79,20
HAMD-17,PDCH标签99人,Qwen3.7-Max,思考,14,性症状,7,0.3856991199908618,3.0,0.3802411438915234,0.005457976099338402,max_corrected_rho,46,2,0,repeated_10x5_oof,79,20
HAMD-17,PDCH标签99人,Qwen3.7-Max,思考,15,疑病,11,0.13350847281633563,3.0,0.12164921802553869,0.011859254790796941,max_corrected_rho,79,2,0,repeated_10x5_oof,79,20
HAMD-17,PDCH标签99人,Qwen3.7-Max,思考,16,体重减轻,7,0.31116734762527143,12.0,0.2754469907378926,0.035720356887378846,max_corrected_rho,79,2,0,repeated_10x5_oof,79,20
HAMD-17,PDCH标签99人,Qwen3.7-Max,思考,17,自知力,8,0.12657586632664727,3.0,0.035947938916586035,0.09062792741006123,max_corrected_rho,79,2,0,repeated_10x5_oof,79,20
HAMD-17,PDCH标签99人,GLM-5.2,思考,1,抑郁情绪,16,0.5368427180517457,15.0,0.5101823064593278,0.026660411592417832,max_corrected_rho,79,2,1,repeated_10x5_oof,79,20
HAMD-17,PDCH标签99人,GLM-5.2,思考,2,有罪感,4,0.4822839448227127,3.0,0.45884323054898196,0.023440714273730734,max_corrected_rho,79,2,1,repeated_10x5_oof,79,20
HAMD-17,PDCH标签99人,GLM-5.2,思考,3,自杀,15,0.3972378764896714,16.0,0.367426289462107,0.029811587027564423,max_corrected_rho,79,2,1,repeated_10x5_oof,79,20
HAMD-17,PDCH标签99人,GLM-5.2,思考,4,入睡困难,3,0.47663164699429256,16.0,0.4713463196159681,0.005285327378324434,max_corrected_rho,79,2,1,repeated_10x5_oof,79,20
HAMD-17,PDCH标签99人,GLM-5.2,思考,5,睡眠不深,11,0.29840568847939025,7.0,0.2899822307328256,0.008423457746564667,max_corrected_rho,79,2,1,repeated_10x5_oof,79,20
HAMD-17,PDCH标签99人,GLM-5.2,思考,6,早醒,3,0.36979111339943194,7.0,0.32791379556385936,0.04187731783557258,max_corrected_rho,79,2,1,repeated_10x5_oof,79,20
HAMD-17,PDCH标签99人,GLM-5.2,思考,7,工作和活动,8,0.6580357458220929,15.0,0.6406338973055671,0.01740184851652582,max_corrected_rho,79,2,1,repeated_10x5_oof,79,20
HAMD-17,PDCH标签99人,GLM-5.2,思考,8,迟滞,7,0.47497854299245434,15.0,0.4749573845022411,2.1158490213224468e-05,max_corrected_rho,79,2,1,repeated_10x5_oof,79,20
HAMD-17,PDCH标签99人,GLM-5.2,思考,9,激越,15,0.4179660703848239,11.0,0.39749381271590734,0.020472257668916582,max_corrected_rho,79,2,1,repeated_10x5_oof,79,20
HAMD-17,PDCH标签99人,GLM-5.2,思考,10,精神性焦虑,16,0.5506900141726974,15.0,0.528782727240557,0.02190728693214039,max_corrected_rho,79,2,1,repeated_10x5_oof,79,20
HAMD-17,PDCH标签99人,GLM-5.2,思考,11,躯体性焦虑,7,0.6146523795451208,3.0,0.5861953252010415,0.028457054344079302,max_corrected_rho,79,2,1,repeated_10x5_oof,79,20
HAMD-17,PDCH标签99人,GLM-5.2,思考,12,胃肠道症状,12,0.45197101659259326,4.0,0.4294871513267605,0.022483865265832736,max_corrected_rho,79,2,1,repeated_10x5_oof,79,20
HAMD-17,PDCH标签99人,GLM-5.2,思考,13,全身症状,11,0.5620903163814807,15.0,0.5449477299076854,0.017142586473795296,max_corrected_rho,79,2,1,repeated_10x5_oof,79,20
HAMD-17,PDCH标签99人,GLM-5.2,思考,14,性症状,7,0.5525214316122656,3.0,0.5245928453643637,0.027928586247901954,max_corrected_rho,39,2,1,repeated_10x5_oof,79,20
HAMD-17,PDCH标签99人,GLM-5.2,思考,15,疑病,15,0.21903236941821003,16.0,0.1991143618064794,0.019918007611730626,max_corrected_rho,79,2,1,repeated_10x5_oof,79,20
HAMD-17,PDCH标签99人,GLM-5.2,思考,16,体重减轻,7,0.25865643868595883,15.0,0.23213581507358516,0.026520623612373673,max_corrected_rho,79,2,1,repeated_10x5_oof,79,20
HAMD-17,PDCH标签99人,GLM-5.2,思考,17,自知力,11,0.0952310430555436,3.0,0.05260544167272305,0.04262560138282055,max_corrected_rho,79,2,1,repeated_10x5_oof,79,20
HAMD-17,PDCH标签99人,Kimi-K2.6,思考,1,抑郁情绪,11,0.542701182970947,7.0,0.525235145862765,0.017466037108182064,max_corrected_rho,79,2,1,repeated_10x5_oof,79,20
HAMD-17,PDCH标签99人,Kimi-K2.6,思考,2,有罪感,11,0.41393478986066634,3.0,0.4116581484830734,0.002276641377592925,max_corrected_rho,79,2,1,repeated_10x5_oof,79,20
HAMD-17,PDCH标签99人,Kimi-K2.6,思考,3,自杀,7,0.31696185133787297,16.0,0.2620359827013419,0.054925868636531094,max_corrected_rho,79,2,1,repeated_10x5_oof,79,20
HAMD-17,PDCH标签99人,Kimi-K2.6,思考,4,入睡困难,3,0.5221720490447205,12.0,0.4496396765983298,0.07253237244639066,max_corrected_rho,79,2,1,repeated_10x5_oof,79,20
HAMD-17,PDCH标签99人,Kimi-K2.6,思考,5,睡眠不深,3,0.27376024361589113,11.0,0.2305641757550087,0.043196067860882426,max_corrected_rho,79,2,1,repeated_10x5_oof,79,20
HAMD-17,PDCH标签99人,Kimi-K2.6,思考,6,早醒,8,0.35187972018627894,7.0,0.3489794246330353,0.0029002955532436703,max_corrected_rho,79,2,1,repeated_10x5_oof,79,20
HAMD-17,PDCH标签99人,Kimi-K2.6,思考,7,工作和活动,7,0.6635002933838229,3.0,0.6080050866090593,0.055495206774763606,max_corrected_rho,79,2,1,repeated_10x5_oof,79,20
HAMD-17,PDCH标签99人,Kimi-K2.6,思考,8,迟滞,15,0.25244963729178654,7.0,0.23762423496412052,0.01482540232766602,max_corrected_rho,79,2,1,repeated_10x5_oof,79,20
HAMD-17,PDCH标签99人,Kimi-K2.6,思考,9,激越,11,0.352067093534864,12.0,0.3158006018752781,0.0362664916595859,max_corrected_rho,79,2,1,repeated_10x5_oof,79,20
HAMD-17,PDCH标签99人,Kimi-K2.6,思考,10,精神性焦虑,8,0.5077142545528656,12.0,0.43204866530820385,0.07566558924466171,max_corrected_rho,79,2,1,repeated_10x5_oof,79,20
HAMD-17,PDCH标签99人,Kimi-K2.6,思考,11,躯体性焦虑,7,0.5793576163188844,4.0,0.5178251721162354,0.06153244420264903,max_corrected_rho,79,2,1,repeated_10x5_oof,79,20
HAMD-17,PDCH标签99人,Kimi-K2.6,思考,12,胃肠道症状,7,0.4512338043351156,8.0,0.42002091401007996,0.031212890325035658,max_corrected_rho,79,2,1,repeated_10x5_oof,79,20
HAMD-17,PDCH标签99人,Kimi-K2.6,思考,13,全身症状,11,0.6043860530188823,3.0,0.5901393224251835,0.014246730593698742,max_corrected_rho,79,2,1,repeated_10x5_oof,79,20
HAMD-17,PDCH标签99人,Kimi-K2.6,思考,14,性症状,3,0.3661890294797358,7.0,0.36001456967551576,0.006174459804220045,max_corrected_rho,30,2,1,repeated_10x5_oof,79,20
HAMD-17,PDCH标签99人,Kimi-K2.6,思考,15,疑病,4,0.19131072300383295,7.0,0.18857368685008735,0.002737036153745598,max_corrected_rho,79,2,1,repeated_10x5_oof,79,20
HAMD-17,PDCH标签99人,Kimi-K2.6,思考,16,体重减轻,7,0.2787627791471462,11.0,0.2375551410490641,0.04120763809808209,max_corrected_rho,79,2,1,repeated_10x5_oof,79,20
HAMD-17,PDCH标签99人,Kimi-K2.6,思考,17,自知力,8,0.36580473005035563,7.0,0.36465228706808384,0.0011524429822717952,max_corrected_rho,79,2,1,repeated_10x5_oof,79,20
HAMD-17,PDCH标签99人,Qwen3.7-Max,思考,1,抑郁情绪,3,0.5219566168212673,8.0,0.518090626367963,0.003865990453304269,max_corrected_rho,79,2,1,repeated_10x5_oof,79,20
HAMD-17,PDCH标签99人,Qwen3.7-Max,思考,2,有罪感,11,0.46044258046355063,15.0,0.44537372892824906,0.015068851535301575,max_corrected_rho,79,2,1,repeated_10x5_oof,79,20
HAMD-17,PDCH标签99人,Qwen3.7-Max,思考,3,自杀,8,0.3428857761779148,16.0,0.33493025432536133,0.007955521852553493,max_corrected_rho,79,2,1,repeated_10x5_oof,79,20
HAMD-17,PDCH标签99人,Qwen3.7-Max,思考,4,入睡困难,12,0.47599135190875336,3.0,0.4742770736289854,0.0017142782797679446,max_corrected_rho,79,2,1,repeated_10x5_oof,79,20
HAMD-17,PDCH标签99人,Qwen3.7-Max,思考,5,睡眠不深,15,0.31312081397072816,3.0,0.2799250855277438,0.03319572844298435,max_corrected_rho,79,2,1,repeated_10x5_oof,79,20
HAMD-17,PDCH标签99人,Qwen3.7-Max,思考,6,早醒,4,0.33081733776766775,3.0,0.3273687835839756,0.003448554183692165,max_corrected_rho,79,2,1,repeated_10x5_oof,79,20
HAMD-17,PDCH标签99人,Qwen3.7-Max,思考,7,工作和活动,3,0.6483372091175107,11.0,0.6416357122707573,0.006701496846753363,max_corrected_rho,79,2,1,repeated_10x5_oof,79,20
HAMD-17,PDCH标签99人,Qwen3.7-Max,思考,8,迟滞,15,0.4246055519645801,3.0,0.3349007122422477,0.0897048397223324,max_corrected_rho,79,2,1,repeated_10x5_oof,79,20
HAMD-17,PDCH标签99人,Qwen3.7-Max,思考,9,激越,11,0.39520558327869776,3.0,0.37985102318214625,0.015354560096551506,max_corrected_rho,79,2,1,repeated_10x5_oof,79,20
HAMD-17,PDCH标签99人,Qwen3.7-Max,思考,10,精神性焦虑,4,0.4642391239581966,16.0,0.4153440348915667,0.048895089066629926,max_corrected_rho,79,2,1,repeated_10x5_oof,79,20
HAMD-17,PDCH标签99人,Qwen3.7-Max,思考,11,躯体性焦虑,11,0.5762816868571372,4.0,0.5549244599465666,0.021357226910570626,max_corrected_rho,79,2,1,repeated_10x5_oof,79,20
HAMD-17,PDCH标签99人,Qwen3.7-Max,思考,12,胃肠道症状,3,0.4457809332764293,7.0,0.444244282538464,0.0015366507379653283,max_corrected_rho,79,2,1,repeated_10x5_oof,79,20
HAMD-17,PDCH标签99人,Qwen3.7-Max,思考,13,全身症状,3,0.5883064595771078,4.0,0.5073758405717795,0.08093061900532827,max_corrected_rho,79,2,1,repeated_10x5_oof,79,20
HAMD-17,PDCH标签99人,Qwen3.7-Max,思考,14,性症状,7,0.4752066169254493,3.0,0.473469650144646,0.0017369667808033173,max_corrected_rho,39,2,1,repeated_10x5_oof,79,20
HAMD-17,PDCH标签99人,Qwen3.7-Max,思考,15,疑病,11,0.20519187943818368,16.0,0.20007928386502633,0.0051125955731573525,max_corrected_rho,79,2,1,repeated_10x5_oof,79,20
HAMD-17,PDCH标签99人,Qwen3.7-Max,思考,16,体重减轻,7,0.27124054362584255,8.0,0.2482534361213829,0.022987107504459647,max_corrected_rho,79,2,1,repeated_10x5_oof,79,20
HAMD-17,PDCH标签99人,Qwen3.7-Max,思考,17,自知力,8,0.2994379193076663,3.0,0.2589111804327011,0.04052673887496516,max_corrected_rho,79,2,1,repeated_10x5_oof,79,20
HAMD-17,PDCH标签99人,GLM-5.2,思考,1,抑郁情绪,3,0.6002692752226934,11.0,0.5938988349399682,0.006370440282725154,max_corrected_rho,79,2,2,repeated_10x5_oof,79,20
HAMD-17,PDCH标签99人,GLM-5.2,思考,2,有罪感,8,0.3883034705198523,4.0,0.38186959289641437,0.006433877623437945,max_corrected_rho,79,2,2,repeated_10x5_oof,79,20
HAMD-17,PDCH标签99人,GLM-5.2,思考,3,自杀,15,0.4178522275479019,7.0,0.40742748160776265,0.010424745940139257,max_corrected_rho,79,2,2,repeated_10x5_oof,79,20
HAMD-17,PDCH标签99人,GLM-5.2,思考,4,入睡困难,16,0.431899427408611,3.0,0.4262309572789582,0.0056684701296527695,max_corrected_rho,79,2,2,repeated_10x5_oof,79,20
HAMD-17,PDCH标签99人,GLM-5.2,思考,5,睡眠不深,8,0.2980652230701589,3.0,0.29268878676828275,0.005376436301876175,max_corrected_rho,79,2,2,repeated_10x5_oof,79,20
HAMD-17,PDCH标签99人,GLM-5.2,思考,6,早醒,3,0.2996640931071843,4.0,0.29632610537758025,0.0033379877296040306,max_corrected_rho,79,2,2,repeated_10x5_oof,79,20
HAMD-17,PDCH标签99人,GLM-5.2,思考,7,工作和活动,8,0.6184157659446394,7.0,0.6129724863692928,0.005443279575346627,max_corrected_rho,79,2,2,repeated_10x5_oof,79,20
HAMD-17,PDCH标签99人,GLM-5.2,思考,8,迟滞,11,0.5491983564939484,7.0,0.5419557578240216,0.007242598669926825,max_corrected_rho,79,2,2,repeated_10x5_oof,79,20
HAMD-17,PDCH标签99人,GLM-5.2,思考,9,激越,7,0.4739386715745138,12.0,0.4479024748506835,0.026036196723830285,max_corrected_rho,79,2,2,repeated_10x5_oof,79,20
HAMD-17,PDCH标签99人,GLM-5.2,思考,10,精神性焦虑,3,0.5996780123436276,16.0,0.5917020063207705,0.007976006022857085,max_corrected_rho,79,2,2,repeated_10x5_oof,79,20
HAMD-17,PDCH标签99人,GLM-5.2,思考,11,躯体性焦虑,7,0.6463680747644632,8.0,0.5629907701960587,0.08337730456840453,max_corrected_rho,79,2,2,repeated_10x5_oof,79,20
HAMD-17,PDCH标签99人,GLM-5.2,思考,12,胃肠道症状,3,0.47463681241747374,12.0,0.47192711572882173,0.002709696688652008,max_corrected_rho,79,2,2,repeated_10x5_oof,79,20
HAMD-17,PDCH标签99人,GLM-5.2,思考,13,全身症状,15,0.6024539995671123,3.0,0.5908479130993348,0.011606086467777499,max_corrected_rho,79,2,2,repeated_10x5_oof,79,20
HAMD-17,PDCH标签99人,GLM-5.2,思考,14,性症状,7,0.5095953053327521,8.0,0.4953638769668829,0.014231428365869214,max_corrected_rho,34,2,2,repeated_10x5_oof,79,20
HAMD-17,PDCH标签99人,GLM-5.2,思考,15,疑病,15,0.13627177274357402,16.0,0.08116098065864932,0.0551107920849247,max_corrected_rho,79,2,2,repeated_10x5_oof,79,20
HAMD-17,PDCH标签99人,GLM-5.2,思考,16,体重减轻,7,0.24129282776880623,12.0,0.23428664610435554,0.007006181664450689,max_corrected_rho,79,2,2,repeated_10x5_oof,79,20
HAMD-17,PDCH标签99人,GLM-5.2,思考,17,自知力,11,0.1351869646315943,3.0,0.12768435042370893,0.007502614207885366,max_corrected_rho,79,2,2,repeated_10x5_oof,79,20
HAMD-17,PDCH标签99人,Kimi-K2.6,思考,1,抑郁情绪,11,0.6421507838604812,8.0,0.5750357957171592,0.06711498814332195,max_corrected_rho,79,2,2,repeated_10x5_oof,79,20
HAMD-17,PDCH标签99人,Kimi-K2.6,思考,2,有罪感,8,0.3732174393889786,3.0,0.3316116783065241,0.04160576108245451,max_corrected_rho,79,2,2,repeated_10x5_oof,79,20
HAMD-17,PDCH标签99人,Kimi-K2.6,思考,3,自杀,7,0.4144614994392364,16.0,0.3775633430599292,0.036898156379307157,max_corrected_rho,79,2,2,repeated_10x5_oof,79,20
HAMD-17,PDCH标签99人,Kimi-K2.6,思考,4,入睡困难,3,0.46855908815143105,4.0,0.4304431909560474,0.03811589719538366,max_corrected_rho,79,2,2,repeated_10x5_oof,79,20
HAMD-17,PDCH标签99人,Kimi-K2.6,思考,5,睡眠不深,8,0.3202494672785298,16.0,0.2992942287823932,0.02095523849613662,max_corrected_rho,79,2,2,repeated_10x5_oof,79,20
HAMD-17,PDCH标签99人,Kimi-K2.6,思考,6,早醒,16,0.3080192403305673,3.0,0.28176317006413243,0.026256070266434894,max_corrected_rho,79,2,2,repeated_10x5_oof,79,20
HAMD-17,PDCH标签99人,Kimi-K2.6,思考,7,工作和活动,3,0.6322767080164766,7.0,0.6278649886610097,0.004411719355466914,max_corrected_rho,79,2,2,repeated_10x5_oof,79,20
HAMD-17,PDCH标签99人,Kimi-K2.6,思考,8,迟滞,15,0.3626498601725545,16.0,0.34262893378417775,0.02002092638837677,max_corrected_rho,79,2,2,repeated_10x5_oof,79,20
HAMD-17,PDCH标签99人,Kimi-K2.6,思考,9,激越,11,0.29917405926316515,7.0,0.26152982576623196,0.03764423349693319,max_corrected_rho,79,2,2,repeated_10x5_oof,79,20
HAMD-17,PDCH标签99人,Kimi-K2.6,思考,10,精神性焦虑,11,0.5400861392327255,15.0,0.536140669280183,0.003945469952542524,max_corrected_rho,79,2,2,repeated_10x5_oof,79,20
HAMD-17,PDCH标签99人,Kimi-K2.6,思考,11,躯体性焦虑,7,0.6082227140337765,4.0,0.5770923635311034,0.0311303505026731,max_corrected_rho,79,2,2,repeated_10x5_oof,79,20
HAMD-17,PDCH标签99人,Kimi-K2.6,思考,12,胃肠道症状,8,0.4602121589119444,3.0,0.4381836963192456,0.022028462592698805,max_corrected_rho,79,2,2,repeated_10x5_oof,79,20
HAMD-17,PDCH标签99人,Kimi-K2.6,思考,13,全身症状,11,0.6291531817960316,3.0,0.580712698738511,0.04844048305752069,max_corrected_rho,79,2,2,repeated_10x5_oof,79,20
HAMD-17,PDCH标签99人,Kimi-K2.6,思考,14,性症状,3,,,,,all_not_estimable_fallback_c03,28,2,2,repeated_10x5_oof,79,20
HAMD-17,PDCH标签99人,Kimi-K2.6,思考,15,疑病,7,0.14627183927649182,4.0,0.13453624254579355,0.011735596730698267,max_corrected_rho,79,2,2,repeated_10x5_oof,79,20
HAMD-17,PDCH标签99人,Kimi-K2.6,思考,16,体重减轻,7,0.28586550995054766,8.0,0.26163339089938253,0.024232119051165124,max_corrected_rho,79,2,2,repeated_10x5_oof,79,20
HAMD-17,PDCH标签99人,Kimi-K2.6,思考,17,自知力,8,0.24652185297456913,7.0,0.18194787491852013,0.064573978056049,max_corrected_rho,79,2,2,repeated_10x5_oof,79,20
HAMD-17,PDCH标签99人,Qwen3.7-Max,思考,1,抑郁情绪,4,0.5871573858294221,3.0,0.5761135807393953,0.011043805090026781,max_corrected_rho,79,2,2,repeated_10x5_oof,79,20
HAMD-17,PDCH标签99人,Qwen3.7-Max,思考,2,有罪感,8,0.3270771203275844,15.0,0.3130433179554834,0.014033802372101,max_corrected_rho,79,2,2,repeated_10x5_oof,79,20
HAMD-17,PDCH标签99人,Qwen3.7-Max,思考,3,自杀,8,0.4048773112772142,4.0,0.400701686285721,0.00417562499149321,max_corrected_rho,79,2,2,repeated_10x5_oof,79,20
HAMD-17,PDCH标签99人,Qwen3.7-Max,思考,4,入睡困难,12,0.4245219655592387,3.0,0.4124542944518267,0.012067671107412026,max_corrected_rho,79,2,2,repeated_10x5_oof,79,20
HAMD-17,PDCH标签99人,Qwen3.7-Max,思考,5,睡眠不深,11,0.3013172446771917,15.0,0.27575644783182146,0.025560796845370215,max_corrected_rho,79,2,2,repeated_10x5_oof,79,20
HAMD-17,PDCH标签99人,Qwen3.7-Max,思考,6,早醒,3,0.30836889574855386,4.0,0.2780721730469657,0.030296722701588175,max_corrected_rho,79,2,2,repeated_10x5_oof,79,20
HAMD-17,PDCH标签99人,Qwen3.7-Max,思考,7,工作和活动,3,0.604308980374334,8.0,0.595130467615265,0.009178512759069002,max_corrected_rho,79,2,2,repeated_10x5_oof,79,20
HAMD-17,PDCH标签99人,Qwen3.7-Max,思考,8,迟滞,15,0.4792529891346599,16.0,0.3958645646258985,0.08338842450876144,max_corrected_rho,79,2,2,repeated_10x5_oof,79,20
HAMD-17,PDCH标签99人,Qwen3.7-Max,思考,9,激越,11,0.39204770159335367,4.0,0.3736011056996155,0.01844659589373815,max_corrected_rho,79,2,2,repeated_10x5_oof,79,20
HAMD-17,PDCH标签99人,Qwen3.7-Max,思考,10,精神性焦虑,4,0.5754678113304466,11.0,0.5052930415255115,0.07017476980493509,max_corrected_rho,79,2,2,repeated_10x5_oof,79,20
HAMD-17,PDCH标签99人,Qwen3.7-Max,思考,11,躯体性焦虑,3,0.6286061638808281,11.0,0.6221619914659587,0.006444172414869387,max_corrected_rho,79,2,2,repeated_10x5_oof,79,20
HAMD-17,PDCH标签99人,Qwen3.7-Max,思考,12,胃肠道症状,11,0.4699705634205528,3.0,0.4547796230902728,0.015190940330280012,max_corrected_rho,79,2,2,repeated_10x5_oof,79,20
HAMD-17,PDCH标签99人,Qwen3.7-Max,思考,13,全身症状,3,0.6108307822179145,4.0,0.5613061426886476,0.04952463952926689,max_corrected_rho,79,2,2,repeated_10x5_oof,79,20
HAMD-17,PDCH标签99人,Qwen3.7-Max,思考,14,性症状,3,0.4709328914839938,7.0,0.4709328914839938,0.0,max_corrected_rho_tie_prefer_c03,35,2,2,repeated_10x5_oof,79,20
HAMD-17,PDCH标签99人,Qwen3.7-Max,思考,15,疑病,15,0.18342954499051498,16.0,0.1655788247475417,0.017850720242973267,max_corrected_rho,79,2,2,repeated_10x5_oof,79,20
HAMD-17,PDCH标签99人,Qwen3.7-Max,思考,16,体重减轻,12,0.28422472823479544,4.0,0.22577402560521273,0.05845070262958271,max_corrected_rho,79,2,2,repeated_10x5_oof,79,20
HAMD-17,PDCH标签99人,Qwen3.7-Max,思考,17,自知力,8,0.18721703141176058,4.0,0.05583335838138457,0.131383673030376,max_corrected_rho,79,2,2,repeated_10x5_oof,79,20
HAMD-17,PDCH标签99人,GLM-5.2,思考,1,抑郁情绪,16,0.5685121971129925,3.0,0.5461448756814805,0.02236732143151199,max_corrected_rho,79,2,3,repeated_10x5_oof,79,20
HAMD-17,PDCH标签99人,GLM-5.2,思考,2,有罪感,4,0.3896988202530567,12.0,0.3776051918097133,0.012093628443343385,max_corrected_rho,79,2,3,repeated_10x5_oof,79,20
HAMD-17,PDCH标签99人,GLM-5.2,思考,3,自杀,15,0.46547924361973925,16.0,0.452728902512339,0.012750341107400254,max_corrected_rho,79,2,3,repeated_10x5_oof,79,20
HAMD-17,PDCH标签99人,GLM-5.2,思考,4,入睡困难,11,0.4795700858404741,15.0,0.47925864931690615,0.00031143652356796503,max_corrected_rho,79,2,3,repeated_10x5_oof,79,20
HAMD-17,PDCH标签99人,GLM-5.2,思考,5,睡眠不深,7,0.22952166086941433,8.0,0.22011768382309732,0.009403977046317014,max_corrected_rho,79,2,3,repeated_10x5_oof,79,20
HAMD-17,PDCH标签99人,GLM-5.2,思考,6,早醒,3,0.3882439813720562,8.0,0.3390702597638041,0.04917372160825206,max_corrected_rho,79,2,3,repeated_10x5_oof,79,20
HAMD-17,PDCH标签99人,GLM-5.2,思考,7,工作和活动,8,0.6619978939240238,15.0,0.6315947775739966,0.030403116350027126,max_corrected_rho,79,2,3,repeated_10x5_oof,79,20
HAMD-17,PDCH标签99人,GLM-5.2,思考,8,迟滞,7,0.5426314795777086,11.0,0.5360521405365015,0.006579339041207111,max_corrected_rho,79,2,3,repeated_10x5_oof,79,20
HAMD-17,PDCH标签99人,GLM-5.2,思考,9,激越,7,0.3701199633885309,15.0,0.33993912695268647,0.03018083643584446,max_corrected_rho,79,2,3,repeated_10x5_oof,79,20
HAMD-17,PDCH标签99人,GLM-5.2,思考,10,精神性焦虑,16,0.4925097316616528,15.0,0.4454279837224561,0.04708174793919667,max_corrected_rho,79,2,3,repeated_10x5_oof,79,20
HAMD-17,PDCH标签99人,GLM-5.2,思考,11,躯体性焦虑,7,0.5394175521439499,3.0,0.5388240945986731,0.0005934575452768431,max_corrected_rho,79,2,3,repeated_10x5_oof,79,20
HAMD-17,PDCH标签99人,GLM-5.2,思考,12,胃肠道症状,12,0.5026406865185276,11.0,0.49394258180042117,0.008698104718106392,max_corrected_rho,79,2,3,repeated_10x5_oof,79,20
HAMD-17,PDCH标签99人,GLM-5.2,思考,13,全身症状,15,0.6332012843768794,11.0,0.6168072623841218,0.016394021992757635,max_corrected_rho,79,2,3,repeated_10x5_oof,79,20
HAMD-17,PDCH标签99人,GLM-5.2,思考,14,性症状,7,0.5579196376619928,3.0,0.524060521206754,0.03385911645523887,max_corrected_rho,35,2,3,repeated_10x5_oof,79,20
HAMD-17,PDCH标签99人,GLM-5.2,思考,15,疑病,15,0.14579915182052228,8.0,0.14304466511413788,0.002754486706384396,max_corrected_rho,79,2,3,repeated_10x5_oof,79,20
HAMD-17,PDCH标签99人,GLM-5.2,思考,16,体重减轻,7,0.20702538485246783,8.0,0.20156329107323123,0.005462093779236593,max_corrected_rho,79,2,3,repeated_10x5_oof,79,20
HAMD-17,PDCH标签99人,GLM-5.2,思考,17,自知力,3,0.11087053919874709,8.0,0.039046210786529804,0.07182432841221728,max_corrected_rho,79,2,3,repeated_10x5_oof,79,20
HAMD-17,PDCH标签99人,Kimi-K2.6,思考,1,抑郁情绪,11,0.5701479137817204,3.0,0.5608877359611294,0.009260177820590965,max_corrected_rho,79,2,3,repeated_10x5_oof,79,20
HAMD-17,PDCH标签99人,Kimi-K2.6,思考,2,有罪感,3,0.36103181157503783,8.0,0.3503829877184615,0.01064882385657634,max_corrected_rho,79,2,3,repeated_10x5_oof,79,20
HAMD-17,PDCH标签99人,Kimi-K2.6,思考,3,自杀,3,0.44774210916467694,16.0,0.4133714967665019,0.034370612398175016,max_corrected_rho,79,2,3,repeated_10x5_oof,79,20
HAMD-17,PDCH标签99人,Kimi-K2.6,思考,4,入睡困难,3,0.5426913841729696,12.0,0.45886454988182945,0.08382683429114013,max_corrected_rho,79,2,3,repeated_10x5_oof,79,20
HAMD-17,PDCH标签99人,Kimi-K2.6,思考,5,睡眠不深,16,0.21102053235631005,3.0,0.1852419611366998,0.025778571219610247,max_corrected_rho,79,2,3,repeated_10x5_oof,79,20
HAMD-17,PDCH标签99人,Kimi-K2.6,思考,6,早醒,16,0.37063729186494493,15.0,0.33834528857369883,0.032292003291246096,max_corrected_rho,79,2,3,repeated_10x5_oof,79,20
HAMD-17,PDCH标签99人,Kimi-K2.6,思考,7,工作和活动,3,0.6814459980617188,7.0,0.6352663662611229,0.04617963180059592,max_corrected_rho,79,2,3,repeated_10x5_oof,79,20
HAMD-17,PDCH标签99人,Kimi-K2.6,思考,8,迟滞,15,0.311966466695127,8.0,0.29509770457046747,0.016868762124659542,max_corrected_rho,79,2,3,repeated_10x5_oof,79,20
HAMD-17,PDCH标签99人,Kimi-K2.6,思考,9,激越,7,0.25546274619084325,11.0,0.23358551628127341,0.021877229909569834,max_corrected_rho,79,2,3,repeated_10x5_oof,79,20
HAMD-17,PDCH标签99人,Kimi-K2.6,思考,10,精神性焦虑,8,0.4140061722143304,15.0,0.33418901639941695,0.07981715581491344,max_corrected_rho,79,2,3,repeated_10x5_oof,79,20
HAMD-17,PDCH标签99人,Kimi-K2.6,思考,11,躯体性焦虑,7,0.5285260228386144,16.0,0.4992429147504749,0.029283108088139498,max_corrected_rho,79,2,3,repeated_10x5_oof,79,20
HAMD-17,PDCH标签99人,Kimi-K2.6,思考,12,胃肠道症状,8,0.46128526917896856,7.0,0.4355113536527512,0.025773915526217384,max_corrected_rho,79,2,3,repeated_10x5_oof,79,20
HAMD-17,PDCH标签99人,Kimi-K2.6,思考,13,全身症状,11,0.6129221500187325,3.0,0.5850205798059217,0.02790157021281081,max_corrected_rho,79,2,3,repeated_10x5_oof,79,20
HAMD-17,PDCH标签99人,Kimi-K2.6,思考,14,性症状,3,,,,,all_not_estimable_fallback_c03,29,2,3,repeated_10x5_oof,79,20
HAMD-17,PDCH标签99人,Kimi-K2.6,思考,15,疑病,4,0.18627433239505914,11.0,0.18043981126156453,0.005834521133494613,max_corrected_rho,79,2,3,repeated_10x5_oof,79,20
HAMD-17,PDCH标签99人,Kimi-K2.6,思考,16,体重减轻,7,0.24815486014052418,8.0,0.20592284698968577,0.04223201315083841,max_corrected_rho,79,2,3,repeated_10x5_oof,79,20
HAMD-17,PDCH标签99人,Kimi-K2.6,思考,17,自知力,8,0.31469740256670986,7.0,0.20537960005094605,0.10931780251576381,max_corrected_rho,79,2,3,repeated_10x5_oof,79,20
HAMD-17,PDCH标签99人,Qwen3.7-Max,思考,1,抑郁情绪,4,0.566725013795915,3.0,0.5627594787751657,0.003965535020749256,max_corrected_rho,79,2,3,repeated_10x5_oof,79,20
HAMD-17,PDCH标签99人,Qwen3.7-Max,思考,2,有罪感,8,0.35525675119888017,4.0,0.33056970003596375,0.024687051162916418,max_corrected_rho,79,2,3,repeated_10x5_oof,79,20
HAMD-17,PDCH标签99人,Qwen3.7-Max,思考,3,自杀,12,0.477529112288281,4.0,0.47232655007833957,0.005202562209941419,max_corrected_rho,79,2,3,repeated_10x5_oof,79,20
HAMD-17,PDCH标签99人,Qwen3.7-Max,思考,4,入睡困难,12,0.504317782467255,3.0,0.4671262570978984,0.037191525369356604,max_corrected_rho,79,2,3,repeated_10x5_oof,79,20
HAMD-17,PDCH标签99人,Qwen3.7-Max,思考,5,睡眠不深,15,0.3069335184431969,16.0,0.2305329652263564,0.07640055321684047,max_corrected_rho,79,2,3,repeated_10x5_oof,79,20
HAMD-17,PDCH标签99人,Qwen3.7-Max,思考,6,早醒,4,0.3542317231301695,3.0,0.3328911752058754,0.021340547924294073,max_corrected_rho,79,2,3,repeated_10x5_oof,79,20
HAMD-17,PDCH标签99人,Qwen3.7-Max,思考,7,工作和活动,3,0.6621421704715635,12.0,0.6342017086427301,0.027940461828833474,max_corrected_rho,79,2,3,repeated_10x5_oof,79,20
HAMD-17,PDCH标签99人,Qwen3.7-Max,思考,8,迟滞,15,0.4162601519169507,3.0,0.398511700505805,0.017748451411145727,max_corrected_rho,79,2,3,repeated_10x5_oof,79,20
HAMD-17,PDCH标签99人,Qwen3.7-Max,思考,9,激越,3,0.2865350767562645,11.0,0.2670112022789495,0.019523874477315017,max_corrected_rho,79,2,3,repeated_10x5_oof,79,20
HAMD-17,PDCH标签99人,Qwen3.7-Max,思考,10,精神性焦虑,4,0.4161038765737782,15.0,0.4133322548919096,0.0027716216818685635,max_corrected_rho,79,2,3,repeated_10x5_oof,79,20
HAMD-17,PDCH标签99人,Qwen3.7-Max,思考,11,躯体性焦虑,11,0.5212790587656412,3.0,0.5156237305637729,0.005655328201868315,max_corrected_rho,79,2,3,repeated_10x5_oof,79,20
HAMD-17,PDCH标签99人,Qwen3.7-Max,思考,12,胃肠道症状,11,0.46572518349295705,3.0,0.4520769783579,0.013648205135057045,max_corrected_rho,79,2,3,repeated_10x5_oof,79,20
HAMD-17,PDCH标签99人,Qwen3.7-Max,思考,13,全身症状,3,0.5874732825433072,4.0,0.5628673122692109,0.024605970274096278,max_corrected_rho,79,2,3,repeated_10x5_oof,79,20
HAMD-17,PDCH标签99人,Qwen3.7-Max,思考,14,性症状,7,0.36335054571797837,3.0,0.3553364344698952,0.008014111248083156,max_corrected_rho,37,2,3,repeated_10x5_oof,79,20
HAMD-17,PDCH标签99人,Qwen3.7-Max,思考,15,疑病,11,0.17140608428852555,16.0,0.1605994916802124,0.010806592608313154,max_corrected_rho,79,2,3,repeated_10x5_oof,79,20
HAMD-17,PDCH标签99人,Qwen3.7-Max,思考,16,体重减轻,7,0.2300468918532643,12.0,0.2284460323792191,0.001600859474045202,max_corrected_rho,79,2,3,repeated_10x5_oof,79,20
HAMD-17,PDCH标签99人,Qwen3.7-Max,思考,17,自知力,8,0.15665346965325078,3.0,0.09315142347793391,0.06350204617531686,max_corrected_rho,79,2,3,repeated_10x5_oof,79,20
HAMD-17,PDCH标签99人,GLM-5.2,思考,1,抑郁情绪,16,0.6104814167911562,15.0,0.5803031359643231,0.030178280826833048,max_corrected_rho,80,2,4,repeated_10x5_oof,80,19
HAMD-17,PDCH标签99人,GLM-5.2,思考,2,有罪感,12,0.3626677009044292,4.0,0.3526406096354694,0.010027091268959787,max_corrected_rho,80,2,4,repeated_10x5_oof,80,19
HAMD-17,PDCH标签99人,GLM-5.2,思考,3,自杀,15,0.4811472782452311,3.0,0.46792299838564705,0.013224279859584076,max_corrected_rho,80,2,4,repeated_10x5_oof,80,19
HAMD-17,PDCH标签99人,GLM-5.2,思考,4,入睡困难,16,0.4699564977878446,3.0,0.43323704144602193,0.036719456341822665,max_corrected_rho,80,2,4,repeated_10x5_oof,80,19
HAMD-17,PDCH标签99人,GLM-5.2,思考,5,睡眠不深,8,0.1981859235103456,3.0,0.17967707608612038,0.018508847424225233,max_corrected_rho,80,2,4,repeated_10x5_oof,80,19
HAMD-17,PDCH标签99人,GLM-5.2,思考,6,早醒,4,0.32937170228290275,3.0,0.3138481504155323,0.015523551867370422,max_corrected_rho,80,2,4,repeated_10x5_oof,80,19
HAMD-17,PDCH标签99人,GLM-5.2,思考,7,工作和活动,11,0.6405804005313283,3.0,0.6396417689105663,0.0009386316207619094,max_corrected_rho,80,2,4,repeated_10x5_oof,80,19
HAMD-17,PDCH标签99人,GLM-5.2,思考,8,迟滞,4,0.5010668887970194,11.0,0.4830137236733065,0.01805316512371291,max_corrected_rho,80,2,4,repeated_10x5_oof,80,19
HAMD-17,PDCH标签99人,GLM-5.2,思考,9,激越,15,0.3972376349578189,12.0,0.370835232697343,0.02640240226047591,max_corrected_rho,80,2,4,repeated_10x5_oof,80,19
HAMD-17,PDCH标签99人,GLM-5.2,思考,10,精神性焦虑,16,0.569485188508916,8.0,0.48355678104419875,0.0859284074647173,max_corrected_rho,80,2,4,repeated_10x5_oof,80,19
HAMD-17,PDCH标签99人,GLM-5.2,思考,11,躯体性焦虑,7,0.6080320316122313,3.0,0.5695730618653401,0.038458969746891225,max_corrected_rho,80,2,4,repeated_10x5_oof,80,19
HAMD-17,PDCH标签99人,GLM-5.2,思考,12,胃肠道症状,4,0.5077856255932856,11.0,0.4989957172984454,0.008789908294840165,max_corrected_rho,80,2,4,repeated_10x5_oof,80,19
HAMD-17,PDCH标签99人,GLM-5.2,思考,13,全身症状,15,0.5394800463082926,11.0,0.5344236746507602,0.005056371657532366,max_corrected_rho,80,2,4,repeated_10x5_oof,80,19
HAMD-17,PDCH标签99人,GLM-5.2,思考,14,性症状,7,0.5353096553373377,3.0,0.5173456534383517,0.01796400189898595,max_corrected_rho,39,2,4,repeated_10x5_oof,80,19
HAMD-17,PDCH标签99人,GLM-5.2,思考,15,疑病,15,0.04060714857996106,16.0,0.03457200950367352,0.006035139076287541,max_corrected_rho,80,2,4,repeated_10x5_oof,80,19
HAMD-17,PDCH标签99人,GLM-5.2,思考,16,体重减轻,7,0.24913329236215895,3.0,0.2366501307732275,0.012483161588931452,max_corrected_rho,80,2,4,repeated_10x5_oof,80,19
HAMD-17,PDCH标签99人,GLM-5.2,思考,17,自知力,7,0.06208353624695033,3.0,0.0210767756837918,0.04100676056315853,max_corrected_rho,80,2,4,repeated_10x5_oof,80,19
HAMD-17,PDCH标签99人,Kimi-K2.6,思考,1,抑郁情绪,11,0.5802503026658475,3.0,0.5361059722489415,0.04414433041690602,max_corrected_rho,80,2,4,repeated_10x5_oof,80,19
HAMD-17,PDCH标签99人,Kimi-K2.6,思考,2,有罪感,3,0.32909219921345856,8.0,0.30212731744052124,0.02696488177293732,max_corrected_rho,80,2,4,repeated_10x5_oof,80,19
HAMD-17,PDCH标签99人,Kimi-K2.6,思考,3,自杀,16,0.4485344953376993,7.0,0.4075024290813141,0.04103206625638517,max_corrected_rho,80,2,4,repeated_10x5_oof,80,19
HAMD-17,PDCH标签99人,Kimi-K2.6,思考,4,入睡困难,3,0.5061498004879859,12.0,0.4050912794732619,0.10105852101472396,max_corrected_rho,80,2,4,repeated_10x5_oof,80,19
HAMD-17,PDCH标签99人,Kimi-K2.6,思考,5,睡眠不深,16,0.2091467294901177,8.0,0.18902238880687797,0.020124340683239733,max_corrected_rho,80,2,4,repeated_10x5_oof,80,19
HAMD-17,PDCH标签99人,Kimi-K2.6,思考,6,早醒,3,0.30755766590433553,16.0,0.30488072881042627,0.0026769370939092596,max_corrected_rho,80,2,4,repeated_10x5_oof,80,19
HAMD-17,PDCH标签99人,Kimi-K2.6,思考,7,工作和活动,3,0.6493787692795348,7.0,0.6252900927302355,0.02408867654929925,max_corrected_rho,80,2,4,repeated_10x5_oof,80,19
HAMD-17,PDCH标签99人,Kimi-K2.6,思考,8,迟滞,15,0.27937257639489615,7.0,0.26283186714681006,0.016540709248086094,max_corrected_rho,80,2,4,repeated_10x5_oof,80,19
HAMD-17,PDCH标签99人,Kimi-K2.6,思考,9,激越,15,0.25510174745382835,11.0,0.23875883092620226,0.016342916527626095,max_corrected_rho,80,2,4,repeated_10x5_oof,80,19
HAMD-17,PDCH标签99人,Kimi-K2.6,思考,10,精神性焦虑,8,0.4835015374128419,12.0,0.3913677613500153,0.09213377606282663,max_corrected_rho,80,2,4,repeated_10x5_oof,80,19
HAMD-17,PDCH标签99人,Kimi-K2.6,思考,11,躯体性焦虑,7,0.5286489312163305,15.0,0.5091796673465723,0.019469263869758224,max_corrected_rho,80,2,4,repeated_10x5_oof,80,19
HAMD-17,PDCH标签99人,Kimi-K2.6,思考,12,胃肠道症状,8,0.45110003753359557,11.0,0.4175818730709836,0.033518164462611966,max_corrected_rho,80,2,4,repeated_10x5_oof,80,19
HAMD-17,PDCH标签99人,Kimi-K2.6,思考,13,全身症状,11,0.6103664655912779,3.0,0.540859704716634,0.06950676087464391,max_corrected_rho,80,2,4,repeated_10x5_oof,80,19
HAMD-17,PDCH标签99人,Kimi-K2.6,思考,14,性症状,4,0.5135556224892884,16.0,0.4433025999123534,0.07025302257693505,max_corrected_rho,32,2,4,repeated_10x5_oof,80,19
HAMD-17,PDCH标签99人,Kimi-K2.6,思考,15,疑病,4,0.10578948000607266,16.0,0.034014488158256063,0.0717749918478166,max_corrected_rho,80,2,4,repeated_10x5_oof,80,19
HAMD-17,PDCH标签99人,Kimi-K2.6,思考,16,体重减轻,7,0.30828007773997085,3.0,0.2711803478471866,0.03709972989278426,max_corrected_rho,80,2,4,repeated_10x5_oof,80,19
HAMD-17,PDCH标签99人,Kimi-K2.6,思考,17,自知力,8,0.2512395653760079,12.0,0.14671075591891772,0.10452880945709017,max_corrected_rho,80,2,4,repeated_10x5_oof,80,19
HAMD-17,PDCH标签99人,Qwen3.7-Max,思考,1,抑郁情绪,4,0.5707950553565762,3.0,0.5374412014771595,0.033353853879416695,max_corrected_rho,80,2,4,repeated_10x5_oof,80,19
HAMD-17,PDCH标签99人,Qwen3.7-Max,思考,2,有罪感,3,0.31583376441530486,4.0,0.3106463070764379,0.005187457338866941,max_corrected_rho,80,2,4,repeated_10x5_oof,80,19
HAMD-17,PDCH标签99人,Qwen3.7-Max,思考,3,自杀,16,0.440784461646746,12.0,0.42118379905636977,0.01960066259037624,max_corrected_rho,80,2,4,repeated_10x5_oof,80,19
HAMD-17,PDCH标签99人,Qwen3.7-Max,思考,4,入睡困难,12,0.45228091864154485,3.0,0.43562136381189065,0.0166595548296542,max_corrected_rho,80,2,4,repeated_10x5_oof,80,19
HAMD-17,PDCH标签99人,Qwen3.7-Max,思考,5,睡眠不深,15,0.28313357309487175,16.0,0.20861400217464265,0.0745195709202291,max_corrected_rho,80,2,4,repeated_10x5_oof,80,19
HAMD-17,PDCH标签99人,Qwen3.7-Max,思考,6,早醒,3,0.34269104958111923,4.0,0.30512825882114597,0.037562790759973264,max_corrected_rho,80,2,4,repeated_10x5_oof,80,19
HAMD-17,PDCH标签99人,Qwen3.7-Max,思考,7,工作和活动,3,0.6679819023032406,11.0,0.6444308443103494,0.023551057992891256,max_corrected_rho,80,2,4,repeated_10x5_oof,80,19
HAMD-17,PDCH标签99人,Qwen3.7-Max,思考,8,迟滞,15,0.4065340482515077,16.0,0.3470471206410301,0.05948692761047758,max_corrected_rho,80,2,4,repeated_10x5_oof,80,19
HAMD-17,PDCH标签99人,Qwen3.7-Max,思考,9,激越,4,0.3298776853099026,11.0,0.3217597435971835,0.008117941712719068,max_corrected_rho,80,2,4,repeated_10x5_oof,80,19
HAMD-17,PDCH标签99人,Qwen3.7-Max,思考,10,精神性焦虑,4,0.4666190909589208,11.0,0.4180048396310321,0.04861425132788871,max_corrected_rho,80,2,4,repeated_10x5_oof,80,19
HAMD-17,PDCH标签99人,Qwen3.7-Max,思考,11,躯体性焦虑,11,0.6002142742606418,3.0,0.5600607977412191,0.04015347651942269,max_corrected_rho,80,2,4,repeated_10x5_oof,80,19
HAMD-17,PDCH标签99人,Qwen3.7-Max,思考,12,胃肠道症状,11,0.4696372323082319,12.0,0.4655734165077497,0.004063815800482207,max_corrected_rho,80,2,4,repeated_10x5_oof,80,19
HAMD-17,PDCH标签99人,Qwen3.7-Max,思考,13,全身症状,3,0.6151709224476468,4.0,0.518334777177326,0.0968361452703208,max_corrected_rho,80,2,4,repeated_10x5_oof,80,19
HAMD-17,PDCH标签99人,Qwen3.7-Max,思考,14,性症状,4,0.3570483980857662,7.0,0.3570483980857662,0.0,max_corrected_rho_tie_condition_order,39,2,4,repeated_10x5_oof,80,19
HAMD-17,PDCH标签99人,Qwen3.7-Max,思考,15,疑病,15,0.08324115240885761,16.0,0.06306618293751565,0.020174969471341966,max_corrected_rho,80,2,4,repeated_10x5_oof,80,19
HAMD-17,PDCH标签99人,Qwen3.7-Max,思考,16,体重减轻,12,0.28947859253665253,8.0,0.26658587088948216,0.022892721647170378,max_corrected_rho,80,2,4,repeated_10x5_oof,80,19
HAMD-17,PDCH标签99人,Qwen3.7-Max,思考,17,自知力,8,0.2095250958554275,3.0,-0.014748240952559308,0.2242733368079868,max_corrected_rho,80,2,4,repeated_10x5_oof,80,19
HAMD-17,PDCH标签99人,GLM-5.2,思考,1,抑郁情绪,16,0.5561903377387387,8.0,0.5515848514506941,0.00460548628804458,max_corrected_rho,79,3,0,repeated_10x5_oof,79,20
HAMD-17,PDCH标签99人,GLM-5.2,思考,2,有罪感,4,0.4411283078825341,12.0,0.4165547434319205,0.024573564450613594,max_corrected_rho,79,3,0,repeated_10x5_oof,79,20
HAMD-17,PDCH标签99人,GLM-5.2,思考,3,自杀,15,0.4763818471894286,3.0,0.4535086238148595,0.022873223374569096,max_corrected_rho,79,3,0,repeated_10x5_oof,79,20
HAMD-17,PDCH标签99人,GLM-5.2,思考,4,入睡困难,11,0.4525592831629179,3.0,0.44500864202354606,0.0075506411393718165,max_corrected_rho,79,3,0,repeated_10x5_oof,79,20
HAMD-17,PDCH标签99人,GLM-5.2,思考,5,睡眠不深,8,0.1363711410060641,11.0,0.12733280983489353,0.00903833117117056,max_corrected_rho,79,3,0,repeated_10x5_oof,79,20
HAMD-17,PDCH标签99人,GLM-5.2,思考,6,早醒,3,0.3434435679175313,4.0,0.30330745193909087,0.04013611597844041,max_corrected_rho,79,3,0,repeated_10x5_oof,79,20
HAMD-17,PDCH标签99人,GLM-5.2,思考,7,工作和活动,8,0.6365374710661098,11.0,0.5795269746864143,0.05701049637969546,max_corrected_rho,79,3,0,repeated_10x5_oof,79,20
HAMD-17,PDCH标签99人,GLM-5.2,思考,8,迟滞,11,0.47460462848694157,15.0,0.46341315502561986,0.01119147346132171,max_corrected_rho,79,3,0,repeated_10x5_oof,79,20
HAMD-17,PDCH标签99人,GLM-5.2,思考,9,激越,15,0.44395167462526597,11.0,0.3928309949406651,0.05112067968460088,max_corrected_rho,79,3,0,repeated_10x5_oof,79,20
HAMD-17,PDCH标签99人,GLM-5.2,思考,10,精神性焦虑,16,0.5198712903143553,8.0,0.48565399617760296,0.03421729413675234,max_corrected_rho,79,3,0,repeated_10x5_oof,79,20
HAMD-17,PDCH标签99人,GLM-5.2,思考,11,躯体性焦虑,7,0.5991176486434835,3.0,0.5084756856029492,0.09064196304053429,max_corrected_rho,79,3,0,repeated_10x5_oof,79,20
HAMD-17,PDCH标签99人,GLM-5.2,思考,12,胃肠道症状,11,0.5318939197365951,12.0,0.5166446252015198,0.015249294535075286,max_corrected_rho,79,3,0,repeated_10x5_oof,79,20
HAMD-17,PDCH标签99人,GLM-5.2,思考,13,全身症状,3,0.6188088188414648,11.0,0.5646549973826994,0.05415382145876535,max_corrected_rho,79,3,0,repeated_10x5_oof,79,20
HAMD-17,PDCH标签99人,GLM-5.2,思考,14,性症状,3,0.45966716343999703,7.0,0.45343050299683796,0.00623666044315907,max_corrected_rho,36,3,0,repeated_10x5_oof,79,20
HAMD-17,PDCH标签99人,GLM-5.2,思考,15,疑病,16,0.20222113325949248,8.0,0.18255736263557118,0.0196637706239213,max_corrected_rho,79,3,0,repeated_10x5_oof,79,20
HAMD-17,PDCH标签99人,GLM-5.2,思考,16,体重减轻,8,0.2623680252914931,7.0,0.2559391382555707,0.006428887035922426,max_corrected_rho,79,3,0,repeated_10x5_oof,79,20
HAMD-17,PDCH标签99人,GLM-5.2,思考,17,自知力,11,-0.024526273266644444,7.0,-0.06617634020536828,0.041650066938723834,max_corrected_rho,79,3,0,repeated_10x5_oof,79,20
HAMD-17,PDCH标签99人,Kimi-K2.6,思考,1,抑郁情绪,11,0.6017668636295593,7.0,0.5788158028486546,0.022951060780904697,max_corrected_rho,79,3,0,repeated_10x5_oof,79,20
HAMD-17,PDCH标签99人,Kimi-K2.6,思考,2,有罪感,3,0.40341091547904906,11.0,0.3792807921890718,0.024130123289977268,max_corrected_rho,79,3,0,repeated_10x5_oof,79,20
HAMD-17,PDCH标签99人,Kimi-K2.6,思考,3,自杀,16,0.4026360246496318,7.0,0.4008586126691343,0.0017774119804974675,max_corrected_rho,79,3,0,repeated_10x5_oof,79,20
HAMD-17,PDCH标签99人,Kimi-K2.6,思考,4,入睡困难,3,0.515741308986594,12.0,0.4773618139099654,0.03837949507662858,max_corrected_rho,79,3,0,repeated_10x5_oof,79,20
HAMD-17,PDCH标签99人,Kimi-K2.6,思考,5,睡眠不深,3,0.1632866395352569,8.0,0.13191596492501542,0.031370674610241484,max_corrected_rho,79,3,0,repeated_10x5_oof,79,20
HAMD-17,PDCH标签99人,Kimi-K2.6,思考,6,早醒,16,0.31505684373793846,15.0,0.2995059817204731,0.015550862017465361,max_corrected_rho,79,3,0,repeated_10x5_oof,79,20
HAMD-17,PDCH标签99人,Kimi-K2.6,思考,7,工作和活动,7,0.6170019702294403,3.0,0.6025819830090966,0.014419987220343655,max_corrected_rho,79,3,0,repeated_10x5_oof,79,20
HAMD-17,PDCH标签99人,Kimi-K2.6,思考,8,迟滞,15,0.34642418266190417,16.0,0.3125641648847767,0.033860017777127493,max_corrected_rho,79,3,0,repeated_10x5_oof,79,20
HAMD-17,PDCH标签99人,Kimi-K2.6,思考,9,激越,8,0.23965448437296286,7.0,0.20957653092723974,0.030077953445723116,max_corrected_rho,79,3,0,repeated_10x5_oof,79,20
HAMD-17,PDCH标签99人,Kimi-K2.6,思考,10,精神性焦虑,8,0.4406733143781363,11.0,0.4176178230098777,0.023055491368258574,max_corrected_rho,79,3,0,repeated_10x5_oof,79,20
HAMD-17,PDCH标签99人,Kimi-K2.6,思考,11,躯体性焦虑,15,0.4903390980151005,7.0,0.47973510597635627,0.010603992038744237,max_corrected_rho,79,3,0,repeated_10x5_oof,79,20
HAMD-17,PDCH标签99人,Kimi-K2.6,思考,12,胃肠道症状,8,0.49191161336336064,3.0,0.4650088079622224,0.026902805401138263,max_corrected_rho,79,3,0,repeated_10x5_oof,79,20
HAMD-17,PDCH标签99人,Kimi-K2.6,思考,13,全身症状,11,0.6282228214149846,3.0,0.5902938220059144,0.03792899940907024,max_corrected_rho,79,3,0,repeated_10x5_oof,79,20
HAMD-17,PDCH标签99人,Kimi-K2.6,思考,14,性症状,3,0.36692761754144937,4.0,0.34283998785831454,0.024087629683134826,max_corrected_rho,30,3,0,repeated_10x5_oof,79,20
HAMD-17,PDCH标签99人,Kimi-K2.6,思考,15,疑病,4,0.1726685329501764,11.0,0.1367034131346864,0.03596511981549,max_corrected_rho,79,3,0,repeated_10x5_oof,79,20
HAMD-17,PDCH标签99人,Kimi-K2.6,思考,16,体重减轻,7,0.33343689199689647,3.0,0.2676445586248248,0.06579233337207169,max_corrected_rho,79,3,0,repeated_10x5_oof,79,20
HAMD-17,PDCH标签99人,Kimi-K2.6,思考,17,自知力,8,0.2604330588495925,12.0,0.21692486500260194,0.04350819384699056,max_corrected_rho,79,3,0,repeated_10x5_oof,79,20
HAMD-17,PDCH标签99人,Qwen3.7-Max,思考,1,抑郁情绪,7,0.5620921209136632,4.0,0.5384925268940672,0.023599594019595993,max_corrected_rho,79,3,0,repeated_10x5_oof,79,20
HAMD-17,PDCH标签99人,Qwen3.7-Max,思考,2,有罪感,8,0.4053067617235077,11.0,0.3744091241701485,0.030897637553359225,max_corrected_rho,79,3,0,repeated_10x5_oof,79,20
HAMD-17,PDCH标签99人,Qwen3.7-Max,思考,3,自杀,16,0.44878094033825866,4.0,0.43909403092856486,0.0096869094096938,max_corrected_rho,79,3,0,repeated_10x5_oof,79,20
HAMD-17,PDCH标签99人,Qwen3.7-Max,思考,4,入睡困难,3,0.47086959071260287,12.0,0.4477604350202848,0.023109155692318084,max_corrected_rho,79,3,0,repeated_10x5_oof,79,20
HAMD-17,PDCH标签99人,Qwen3.7-Max,思考,5,睡眠不深,15,0.21217557016627533,16.0,0.16360706637434658,0.04856850379192876,max_corrected_rho,79,3,0,repeated_10x5_oof,79,20
HAMD-17,PDCH标签99人,Qwen3.7-Max,思考,6,早醒,3,0.31741431326110414,4.0,0.30687215231411386,0.010542160946990287,max_corrected_rho,79,3,0,repeated_10x5_oof,79,20
HAMD-17,PDCH标签99人,Qwen3.7-Max,思考,7,工作和活动,3,0.5886864255858063,7.0,0.5797332609152285,0.008953164670577829,max_corrected_rho,79,3,0,repeated_10x5_oof,79,20
HAMD-17,PDCH标签99人,Qwen3.7-Max,思考,8,迟滞,15,0.3937432017130381,7.0,0.38895745064090387,0.004785751072134248,max_corrected_rho,79,3,0,repeated_10x5_oof,79,20
HAMD-17,PDCH标签99人,Qwen3.7-Max,思考,9,激越,4,0.3531719916861325,3.0,0.32576424336895293,0.02740774831717957,max_corrected_rho,79,3,0,repeated_10x5_oof,79,20
HAMD-17,PDCH标签99人,Qwen3.7-Max,思考,10,精神性焦虑,4,0.46234586225617796,11.0,0.42855075989438207,0.03379510236179589,max_corrected_rho,79,3,0,repeated_10x5_oof,79,20
HAMD-17,PDCH标签99人,Qwen3.7-Max,思考,11,躯体性焦虑,11,0.566880572006924,3.0,0.5492128243822731,0.017667747624650842,max_corrected_rho,79,3,0,repeated_10x5_oof,79,20
HAMD-17,PDCH标签99人,Qwen3.7-Max,思考,12,胃肠道症状,3,0.5230808964927436,11.0,0.5212831357203559,0.001797760772387691,max_corrected_rho,79,3,0,repeated_10x5_oof,79,20
HAMD-17,PDCH标签99人,Qwen3.7-Max,思考,13,全身症状,3,0.5862126250430876,11.0,0.5523478649548683,0.03386476008821926,max_corrected_rho,79,3,0,repeated_10x5_oof,79,20
HAMD-17,PDCH标签99人,Qwen3.7-Max,思考,14,性症状,7,0.3637534644205316,3.0,0.3539746403295684,0.0097788240909632,max_corrected_rho,40,3,0,repeated_10x5_oof,79,20
HAMD-17,PDCH标签99人,Qwen3.7-Max,思考,15,疑病,11,0.17045184967718038,4.0,0.14954155253734958,0.020910297139830808,max_corrected_rho,79,3,0,repeated_10x5_oof,79,20
HAMD-17,PDCH标签99人,Qwen3.7-Max,思考,16,体重减轻,12,0.2926402624601512,7.0,0.25739711452773584,0.03524314793241534,max_corrected_rho,79,3,0,repeated_10x5_oof,79,20
HAMD-17,PDCH标签99人,Qwen3.7-Max,思考,17,自知力,8,0.17828208597802825,11.0,0.024245438854197086,0.15403664712383117,max_corrected_rho,79,3,0,repeated_10x5_oof,79,20
HAMD-17,PDCH标签99人,GLM-5.2,思考,1,抑郁情绪,16,0.5497964466227389,8.0,0.5350737921663955,0.014722654456343354,max_corrected_rho,79,3,1,repeated_10x5_oof,79,20
HAMD-17,PDCH标签99人,GLM-5.2,思考,2,有罪感,4,0.4896285509612724,12.0,0.4692605208525436,0.020368030108728785,max_corrected_rho,79,3,1,repeated_10x5_oof,79,20
HAMD-17,PDCH标签99人,GLM-5.2,思考,3,自杀,15,0.4609827117566404,16.0,0.4353564126901335,0.02562629906650693,max_corrected_rho,79,3,1,repeated_10x5_oof,79,20
HAMD-17,PDCH标签99人,GLM-5.2,思考,4,入睡困难,16,0.4679684729734959,3.0,0.4530444502488443,0.014924022724651598,max_corrected_rho,79,3,1,repeated_10x5_oof,79,20
HAMD-17,PDCH标签99人,GLM-5.2,思考,5,睡眠不深,8,0.22172264649861337,3.0,0.17340584718846622,0.04831679931014715,max_corrected_rho,79,3,1,repeated_10x5_oof,79,20
HAMD-17,PDCH标签99人,GLM-5.2,思考,6,早醒,3,0.3735655141525127,4.0,0.3554997083526103,0.018065805799902412,max_corrected_rho,79,3,1,repeated_10x5_oof,79,20
HAMD-17,PDCH标签99人,GLM-5.2,思考,7,工作和活动,8,0.6593019301979106,11.0,0.644880813197103,0.014421117000807615,max_corrected_rho,79,3,1,repeated_10x5_oof,79,20
HAMD-17,PDCH标签99人,GLM-5.2,思考,8,迟滞,11,0.5005478999039907,7.0,0.4942867294136694,0.006261170490321322,max_corrected_rho,79,3,1,repeated_10x5_oof,79,20
HAMD-17,PDCH标签99人,GLM-5.2,思考,9,激越,15,0.40092059869713526,7.0,0.3793025519255404,0.021618046771594845,max_corrected_rho,79,3,1,repeated_10x5_oof,79,20
HAMD-17,PDCH标签99人,GLM-5.2,思考,10,精神性焦虑,16,0.5552329144950917,15.0,0.5248843773541438,0.030348537140947873,max_corrected_rho,79,3,1,repeated_10x5_oof,79,20
HAMD-17,PDCH标签99人,GLM-5.2,思考,11,躯体性焦虑,7,0.5993438378914377,3.0,0.5907328242654653,0.008611013625972497,max_corrected_rho,79,3,1,repeated_10x5_oof,79,20
HAMD-17,PDCH标签99人,GLM-5.2,思考,12,胃肠道症状,12,0.4672778389211383,11.0,0.44319001273258907,0.02408782618854921,max_corrected_rho,79,3,1,repeated_10x5_oof,79,20
HAMD-17,PDCH标签99人,GLM-5.2,思考,13,全身症状,11,0.5714157993824251,15.0,0.5473603334420422,0.024055465940382992,max_corrected_rho,79,3,1,repeated_10x5_oof,79,20
HAMD-17,PDCH标签99人,GLM-5.2,思考,14,性症状,7,0.5513736550868635,8.0,0.524206045873706,0.02716760921315753,max_corrected_rho,38,3,1,repeated_10x5_oof,79,20
HAMD-17,PDCH标签99人,GLM-5.2,思考,15,疑病,8,0.11873312720795207,15.0,0.08238530545881863,0.03634782174913344,max_corrected_rho,79,3,1,repeated_10x5_oof,79,20
HAMD-17,PDCH标签99人,GLM-5.2,思考,16,体重减轻,7,0.20921681487698246,8.0,0.18321173893591938,0.026005075941063077,max_corrected_rho,79,3,1,repeated_10x5_oof,79,20
HAMD-17,PDCH标签99人,GLM-5.2,思考,17,自知力,11,0.01592188651192734,3.0,0.014752842713903765,0.0011690437980235759,max_corrected_rho,79,3,1,repeated_10x5_oof,79,20
HAMD-17,PDCH标签99人,Kimi-K2.6,思考,1,抑郁情绪,7,0.5429400976181327,11.0,0.5277876113995122,0.01515248621862042,max_corrected_rho,79,3,1,repeated_10x5_oof,79,20
HAMD-17,PDCH标签99人,Kimi-K2.6,思考,2,有罪感,3,0.4601304147746744,8.0,0.4198107388276169,0.04031967594705754,max_corrected_rho,79,3,1,repeated_10x5_oof,79,20
HAMD-17,PDCH标签99人,Kimi-K2.6,思考,3,自杀,7,0.41741569589044547,11.0,0.40909688894643975,0.008318806944005719,max_corrected_rho,79,3,1,repeated_10x5_oof,79,20
HAMD-17,PDCH标签99人,Kimi-K2.6,思考,4,入睡困难,3,0.49282742847691563,8.0,0.39848658938889814,0.09434083908801749,max_corrected_rho,79,3,1,repeated_10x5_oof,79,20
HAMD-17,PDCH标签99人,Kimi-K2.6,思考,5,睡眠不深,3,0.24306015276145967,8.0,0.20901220243732818,0.03404795032413149,max_corrected_rho,79,3,1,repeated_10x5_oof,79,20
HAMD-17,PDCH标签99人,Kimi-K2.6,思考,6,早醒,16,0.38251521487657864,4.0,0.35747327156211334,0.025041943314465298,max_corrected_rho,79,3,1,repeated_10x5_oof,79,20
HAMD-17,PDCH标签99人,Kimi-K2.6,思考,7,工作和活动,7,0.673600545912985,3.0,0.6670752354907475,0.006525310422237474,max_corrected_rho,79,3,1,repeated_10x5_oof,79,20
HAMD-17,PDCH标签99人,Kimi-K2.6,思考,8,迟滞,15,0.2823467367912114,16.0,0.27923040552089384,0.003116331270317574,max_corrected_rho,79,3,1,repeated_10x5_oof,79,20
HAMD-17,PDCH标签99人,Kimi-K2.6,思考,9,激越,8,0.3369790380424319,11.0,0.3229213938143216,0.014057644228110289,max_corrected_rho,79,3,1,repeated_10x5_oof,79,20
HAMD-17,PDCH标签99人,Kimi-K2.6,思考,10,精神性焦虑,8,0.5244994510221439,15.0,0.4025315578960289,0.121967893126115,max_corrected_rho,79,3,1,repeated_10x5_oof,79,20
HAMD-17,PDCH标签99人,Kimi-K2.6,思考,11,躯体性焦虑,7,0.5872100198742778,4.0,0.530996061566605,0.05621395830767284,max_corrected_rho,79,3,1,repeated_10x5_oof,79,20
HAMD-17,PDCH标签99人,Kimi-K2.6,思考,12,胃肠道症状,7,0.42045427644415195,8.0,0.4073997099553528,0.013054566488799157,max_corrected_rho,79,3,1,repeated_10x5_oof,79,20
HAMD-17,PDCH标签99人,Kimi-K2.6,思考,13,全身症状,11,0.6112704936733881,3.0,0.5918595461429118,0.01941094753047634,max_corrected_rho,79,3,1,repeated_10x5_oof,79,20
HAMD-17,PDCH标签99人,Kimi-K2.6,思考,14,性症状,3,,,,,all_not_estimable_fallback_c03,28,3,1,repeated_10x5_oof,79,20
HAMD-17,PDCH标签99人,Kimi-K2.6,思考,15,疑病,7,0.1499942578431135,4.0,0.14407428150470197,0.0059199763384115145,max_corrected_rho,79,3,1,repeated_10x5_oof,79,20
HAMD-17,PDCH标签99人,Kimi-K2.6,思考,16,体重减轻,7,0.23947482665701753,11.0,0.18701342975344776,0.05246139690356977,max_corrected_rho,79,3,1,repeated_10x5_oof,79,20
HAMD-17,PDCH标签99人,Kimi-K2.6,思考,17,自知力,8,0.3282255784582976,7.0,0.2534820954521861,0.0747434830061115,max_corrected_rho,79,3,1,repeated_10x5_oof,79,20
HAMD-17,PDCH标签99人,Qwen3.7-Max,思考,1,抑郁情绪,8,0.540534275920039,4.0,0.5182914603334418,0.022242815586597242,max_corrected_rho,79,3,1,repeated_10x5_oof,79,20
HAMD-17,PDCH标签99人,Qwen3.7-Max,思考,2,有罪感,3,0.45537386656515255,11.0,0.4402361729407447,0.015137693624407866,max_corrected_rho,79,3,1,repeated_10x5_oof,79,20
HAMD-17,PDCH标签99人,Qwen3.7-Max,思考,3,自杀,8,0.44972965231118023,16.0,0.40005073925370244,0.04967891305747779,max_corrected_rho,79,3,1,repeated_10x5_oof,79,20
HAMD-17,PDCH标签99人,Qwen3.7-Max,思考,4,入睡困难,12,0.46981540897679885,3.0,0.45303885569650837,0.016776553280290485,max_corrected_rho,79,3,1,repeated_10x5_oof,79,20
HAMD-17,PDCH标签99人,Qwen3.7-Max,思考,5,睡眠不深,15,0.28846542380003043,16.0,0.22982234810280927,0.05864307569722116,max_corrected_rho,79,3,1,repeated_10x5_oof,79,20
HAMD-17,PDCH标签99人,Qwen3.7-Max,思考,6,早醒,3,0.36739247006469816,4.0,0.3158139038469964,0.05157856621770174,max_corrected_rho,79,3,1,repeated_10x5_oof,79,20
HAMD-17,PDCH标签99人,Qwen3.7-Max,思考,7,工作和活动,3,0.7022926340296148,8.0,0.6770368955765458,0.025255738453069054,max_corrected_rho,79,3,1,repeated_10x5_oof,79,20
HAMD-17,PDCH标签99人,Qwen3.7-Max,思考,8,迟滞,15,0.44968106292014415,16.0,0.3683730729950919,0.08130798992505223,max_corrected_rho,79,3,1,repeated_10x5_oof,79,20
HAMD-17,PDCH标签99人,Qwen3.7-Max,思考,9,激越,11,0.3887051689649374,3.0,0.37447547556632266,0.01422969339861474,max_corrected_rho,79,3,1,repeated_10x5_oof,79,20
HAMD-17,PDCH标签99人,Qwen3.7-Max,思考,10,精神性焦虑,4,0.4715485415848327,11.0,0.4229470207661805,0.04860152081865221,max_corrected_rho,79,3,1,repeated_10x5_oof,79,20
HAMD-17,PDCH标签99人,Qwen3.7-Max,思考,11,躯体性焦虑,11,0.5933602456648139,4.0,0.5687332575296661,0.024626988135147854,max_corrected_rho,79,3,1,repeated_10x5_oof,79,20
HAMD-17,PDCH标签99人,Qwen3.7-Max,思考,12,胃肠道症状,7,0.4299304458690793,11.0,0.4082632400037013,0.021667205865378014,max_corrected_rho,79,3,1,repeated_10x5_oof,79,20
HAMD-17,PDCH标签99人,Qwen3.7-Max,思考,13,全身症状,3,0.6033427202277603,4.0,0.5554253050474897,0.047917415180270595,max_corrected_rho,79,3,1,repeated_10x5_oof,79,20
HAMD-17,PDCH标签99人,Qwen3.7-Max,思考,14,性症状,4,0.4269155362392312,7.0,0.4269155362392312,0.0,max_corrected_rho_tie_condition_order,40,3,1,repeated_10x5_oof,79,20
HAMD-17,PDCH标签99人,Qwen3.7-Max,思考,15,疑病,11,0.15241068161417626,4.0,0.12343592341736219,0.02897475819681407,max_corrected_rho,79,3,1,repeated_10x5_oof,79,20
HAMD-17,PDCH标签99人,Qwen3.7-Max,思考,16,体重减轻,8,0.211400057354977,12.0,0.20887513846415162,0.002524918890825373,max_corrected_rho,79,3,1,repeated_10x5_oof,79,20
HAMD-17,PDCH标签99人,Qwen3.7-Max,思考,17,自知力,8,0.18720323821767534,3.0,0.13707699352649674,0.0501262446911786,max_corrected_rho,79,3,1,repeated_10x5_oof,79,20
HAMD-17,PDCH标签99人,GLM-5.2,思考,1,抑郁情绪,3,0.5873777707675981,16.0,0.5843769200818796,0.003000850685718537,max_corrected_rho,79,3,2,repeated_10x5_oof,79,20
HAMD-17,PDCH标签99人,GLM-5.2,思考,2,有罪感,12,0.36746853628038184,4.0,0.3608329066651177,0.006635629615264149,max_corrected_rho,79,3,2,repeated_10x5_oof,79,20
HAMD-17,PDCH标签99人,GLM-5.2,思考,3,自杀,15,0.4495076929435413,3.0,0.4334054937082889,0.016102199235252412,max_corrected_rho,79,3,2,repeated_10x5_oof,79,20
HAMD-17,PDCH标签99人,GLM-5.2,思考,4,入睡困难,3,0.4670942968319698,16.0,0.43864119845826466,0.028453098373705132,max_corrected_rho,79,3,2,repeated_10x5_oof,79,20
HAMD-17,PDCH标签99人,GLM-5.2,思考,5,睡眠不深,3,0.3183122594519104,7.0,0.2969362770405248,0.021375982411385608,max_corrected_rho,79,3,2,repeated_10x5_oof,79,20
HAMD-17,PDCH标签99人,GLM-5.2,思考,6,早醒,3,0.3907641515938056,4.0,0.3870340818500918,0.0037300697437138153,max_corrected_rho,79,3,2,repeated_10x5_oof,79,20
HAMD-17,PDCH标签99人,GLM-5.2,思考,7,工作和活动,8,0.6310270647504395,15.0,0.6277081577694138,0.00331890698102566,max_corrected_rho,79,3,2,repeated_10x5_oof,79,20
HAMD-17,PDCH标签99人,GLM-5.2,思考,8,迟滞,7,0.47655608825655527,16.0,0.4750314362411264,0.00152465201542884,max_corrected_rho,79,3,2,repeated_10x5_oof,79,20
HAMD-17,PDCH标签99人,GLM-5.2,思考,9,激越,12,0.4610003718536621,7.0,0.445114237685506,0.015886134168156096,max_corrected_rho,79,3,2,repeated_10x5_oof,79,20
HAMD-17,PDCH标签99人,GLM-5.2,思考,10,精神性焦虑,16,0.6181971197241272,7.0,0.5356294604409909,0.08256765928313625,max_corrected_rho,79,3,2,repeated_10x5_oof,79,20
HAMD-17,PDCH标签99人,GLM-5.2,思考,11,躯体性焦虑,7,0.5745463846925216,15.0,0.5463539074949222,0.02819247719759943,max_corrected_rho,79,3,2,repeated_10x5_oof,79,20
HAMD-17,PDCH标签99人,GLM-5.2,思考,12,胃肠道症状,12,0.4424544364277323,16.0,0.4422860561590252,0.00016838026870708012,max_corrected_rho,79,3,2,repeated_10x5_oof,79,20
HAMD-17,PDCH标签99人,GLM-5.2,思考,13,全身症状,15,0.5445027438814801,11.0,0.4988341938833685,0.045668549998111596,max_corrected_rho,79,3,2,repeated_10x5_oof,79,20
HAMD-17,PDCH标签99人,GLM-5.2,思考,14,性症状,7,0.45489412544538516,8.0,0.44688578796594886,0.0080083374794363,max_corrected_rho,40,3,2,repeated_10x5_oof,79,20
HAMD-17,PDCH标签99人,GLM-5.2,思考,15,疑病,15,0.16396447438899905,16.0,0.15213666596567224,0.011827808423326813,max_corrected_rho,79,3,2,repeated_10x5_oof,79,20
HAMD-17,PDCH标签99人,GLM-5.2,思考,16,体重减轻,7,0.23075179611988017,15.0,0.21250961540684307,0.0182421807130371,max_corrected_rho,79,3,2,repeated_10x5_oof,79,20
HAMD-17,PDCH标签99人,GLM-5.2,思考,17,自知力,3,0.12350756371283203,11.0,0.07794159140387309,0.04556597230895894,max_corrected_rho,79,3,2,repeated_10x5_oof,79,20
HAMD-17,PDCH标签99人,Kimi-K2.6,思考,1,抑郁情绪,11,0.617304487295479,3.0,0.5464926675123638,0.07081181978311524,max_corrected_rho,79,3,2,repeated_10x5_oof,79,20
HAMD-17,PDCH标签99人,Kimi-K2.6,思考,2,有罪感,3,0.3691326909685958,8.0,0.3663048723492587,0.002827818619337119,max_corrected_rho,79,3,2,repeated_10x5_oof,79,20
HAMD-17,PDCH标签99人,Kimi-K2.6,思考,3,自杀,7,0.40848953165633844,12.0,0.4060752490973498,0.002414282558988623,max_corrected_rho,79,3,2,repeated_10x5_oof,79,20
HAMD-17,PDCH标签99人,Kimi-K2.6,思考,4,入睡困难,3,0.5372503503136123,12.0,0.4970048736923709,0.04024547662124145,max_corrected_rho,79,3,2,repeated_10x5_oof,79,20
HAMD-17,PDCH标签99人,Kimi-K2.6,思考,5,睡眠不深,16,0.28927640971500923,3.0,0.28924867874992477,2.773096508446038e-05,max_corrected_rho,79,3,2,repeated_10x5_oof,79,20
HAMD-17,PDCH标签99人,Kimi-K2.6,思考,6,早醒,16,0.37860736367248055,3.0,0.3547996866452997,0.02380767702718084,max_corrected_rho,79,3,2,repeated_10x5_oof,79,20
HAMD-17,PDCH标签99人,Kimi-K2.6,思考,7,工作和活动,7,0.6524947195898715,3.0,0.6310105809124219,0.021484138677449582,max_corrected_rho,79,3,2,repeated_10x5_oof,79,20
HAMD-17,PDCH标签99人,Kimi-K2.6,思考,8,迟滞,15,0.2642836051145693,8.0,0.25268787340953974,0.011595731705029533,max_corrected_rho,79,3,2,repeated_10x5_oof,79,20
HAMD-17,PDCH标签99人,Kimi-K2.6,思考,9,激越,11,0.3397854893201126,15.0,0.2742595795823298,0.06552590973778277,max_corrected_rho,79,3,2,repeated_10x5_oof,79,20
HAMD-17,PDCH标签99人,Kimi-K2.6,思考,10,精神性焦虑,8,0.45719704159452446,15.0,0.4440509048254342,0.013146136769090266,max_corrected_rho,79,3,2,repeated_10x5_oof,79,20
HAMD-17,PDCH标签99人,Kimi-K2.6,思考,11,躯体性焦虑,7,0.5564173314550743,16.0,0.5520368904059056,0.004380441049168682,max_corrected_rho,79,3,2,repeated_10x5_oof,79,20
HAMD-17,PDCH标签99人,Kimi-K2.6,思考,12,胃肠道症状,7,0.45211938881640057,3.0,0.4402646804554789,0.011854708360921673,max_corrected_rho,79,3,2,repeated_10x5_oof,79,20
HAMD-17,PDCH标签99人,Kimi-K2.6,思考,13,全身症状,11,0.5675657407891728,12.0,0.528505188690187,0.039060552098985735,max_corrected_rho,79,3,2,repeated_10x5_oof,79,20
HAMD-17,PDCH标签99人,Kimi-K2.6,思考,14,性症状,7,0.3659198505762742,3.0,0.31612899700812425,0.04979085356814994,max_corrected_rho,32,3,2,repeated_10x5_oof,79,20
HAMD-17,PDCH标签99人,Kimi-K2.6,思考,15,疑病,11,0.18373591634813127,4.0,0.17332070247846942,0.010415213869661849,max_corrected_rho,79,3,2,repeated_10x5_oof,79,20
HAMD-17,PDCH标签99人,Kimi-K2.6,思考,16,体重减轻,7,0.24101676835354538,11.0,0.22346905376393145,0.017547714589613933,max_corrected_rho,79,3,2,repeated_10x5_oof,79,20
HAMD-17,PDCH标签99人,Kimi-K2.6,思考,17,自知力,8,0.3011674510948041,11.0,0.22676613427376419,0.0744013168210399,max_corrected_rho,79,3,2,repeated_10x5_oof,79,20
HAMD-17,PDCH标签99人,Qwen3.7-Max,思考,1,抑郁情绪,4,0.5675712674341101,3.0,0.5567853546172435,0.010785912816866583,max_corrected_rho,79,3,2,repeated_10x5_oof,79,20
HAMD-17,PDCH标签99人,Qwen3.7-Max,思考,2,有罪感,15,0.333649008758633,4.0,0.32596829550512113,0.007680713253511884,max_corrected_rho,79,3,2,repeated_10x5_oof,79,20
HAMD-17,PDCH标签99人,Qwen3.7-Max,思考,3,自杀,16,0.42310900833466153,12.0,0.4071923435268505,0.01591666480781101,max_corrected_rho,79,3,2,repeated_10x5_oof,79,20
HAMD-17,PDCH标签99人,Qwen3.7-Max,思考,4,入睡困难,12,0.4833342068927762,3.0,0.4742875135814205,0.009046693311355658,max_corrected_rho,79,3,2,repeated_10x5_oof,79,20
HAMD-17,PDCH标签99人,Qwen3.7-Max,思考,5,睡眠不深,15,0.310171791061912,16.0,0.24375824758269454,0.06641354347921746,max_corrected_rho,79,3,2,repeated_10x5_oof,79,20
HAMD-17,PDCH标签99人,Qwen3.7-Max,思考,6,早醒,4,0.38732398368952375,3.0,0.37105784840212624,0.01626613528739751,max_corrected_rho,79,3,2,repeated_10x5_oof,79,20
HAMD-17,PDCH标签99人,Qwen3.7-Max,思考,7,工作和活动,3,0.6273192426982565,8.0,0.6272223242692302,9.691842902626036e-05,max_corrected_rho,79,3,2,repeated_10x5_oof,79,20
HAMD-17,PDCH标签99人,Qwen3.7-Max,思考,8,迟滞,15,0.45550152394081744,16.0,0.38189736108928657,0.07360416285153087,max_corrected_rho,79,3,2,repeated_10x5_oof,79,20
HAMD-17,PDCH标签99人,Qwen3.7-Max,思考,9,激越,11,0.39401303985974523,4.0,0.3704443763351224,0.023568663524622835,max_corrected_rho,79,3,2,repeated_10x5_oof,79,20
HAMD-17,PDCH标签99人,Qwen3.7-Max,思考,10,精神性焦虑,4,0.5232381127490124,3.0,0.4596354312088975,0.06360268154011495,max_corrected_rho,79,3,2,repeated_10x5_oof,79,20
HAMD-17,PDCH标签99人,Qwen3.7-Max,思考,11,躯体性焦虑,11,0.5720699043367587,3.0,0.5614466014281736,0.010623302908585153,max_corrected_rho,79,3,2,repeated_10x5_oof,79,20
HAMD-17,PDCH标签99人,Qwen3.7-Max,思考,12,胃肠道症状,11,0.465922425735285,3.0,0.455252790048835,0.010669635686449963,max_corrected_rho,79,3,2,repeated_10x5_oof,79,20
HAMD-17,PDCH标签99人,Qwen3.7-Max,思考,13,全身症状,3,0.5537102515373143,4.0,0.48444275068066295,0.0692675008566514,max_corrected_rho,79,3,2,repeated_10x5_oof,79,20
HAMD-17,PDCH标签99人,Qwen3.7-Max,思考,14,性症状,7,0.43450045049030056,3.0,0.4315946374459904,0.002905813044310146,max_corrected_rho,38,3,2,repeated_10x5_oof,79,20
HAMD-17,PDCH标签99人,Qwen3.7-Max,思考,15,疑病,15,0.17003151195690885,16.0,0.16970450238831974,0.00032700956858910946,max_corrected_rho,79,3,2,repeated_10x5_oof,79,20
HAMD-17,PDCH标签99人,Qwen3.7-Max,思考,16,体重减轻,12,0.2450374591438519,8.0,0.199548217514333,0.045489241629518895,max_corrected_rho,79,3,2,repeated_10x5_oof,79,20
HAMD-17,PDCH标签99人,Qwen3.7-Max,思考,17,自知力,8,0.2227873173508143,3.0,0.05537804056983586,0.16740927678097844,max_corrected_rho,79,3,2,repeated_10x5_oof,79,20
HAMD-17,PDCH标签99人,GLM-5.2,思考,1,抑郁情绪,16,0.6164864594116347,15.0,0.566732732281673,0.04975372712996173,max_corrected_rho,79,3,3,repeated_10x5_oof,79,20
HAMD-17,PDCH标签99人,GLM-5.2,思考,2,有罪感,4,0.35334869710258776,3.0,0.30998202484710025,0.043366672255487515,max_corrected_rho,79,3,3,repeated_10x5_oof,79,20
HAMD-17,PDCH标签99人,GLM-5.2,思考,3,自杀,16,0.39432447462033837,15.0,0.3885940949415486,0.005730379678789754,max_corrected_rho,79,3,3,repeated_10x5_oof,79,20
HAMD-17,PDCH标签99人,GLM-5.2,思考,4,入睡困难,11,0.49245994520746045,3.0,0.48276626564999076,0.009693679557469692,max_corrected_rho,79,3,3,repeated_10x5_oof,79,20
HAMD-17,PDCH标签99人,GLM-5.2,思考,5,睡眠不深,8,0.29529327716437276,7.0,0.28580544979111794,0.00948782737325482,max_corrected_rho,79,3,3,repeated_10x5_oof,79,20
HAMD-17,PDCH标签99人,GLM-5.2,思考,6,早醒,3,0.3824501321067833,7.0,0.3433749358934701,0.03907519621331318,max_corrected_rho,79,3,3,repeated_10x5_oof,79,20
HAMD-17,PDCH标签99人,GLM-5.2,思考,7,工作和活动,8,0.6329911124125861,15.0,0.621670383042707,0.011320729369879046,max_corrected_rho,79,3,3,repeated_10x5_oof,79,20
HAMD-17,PDCH标签99人,GLM-5.2,思考,8,迟滞,7,0.5894125793116636,15.0,0.5058992582522138,0.08351332105944975,max_corrected_rho,79,3,3,repeated_10x5_oof,79,20
HAMD-17,PDCH标签99人,GLM-5.2,思考,9,激越,7,0.3647311357823428,15.0,0.3299070919385596,0.03482404384378318,max_corrected_rho,79,3,3,repeated_10x5_oof,79,20
HAMD-17,PDCH标签99人,GLM-5.2,思考,10,精神性焦虑,16,0.5296145865902439,15.0,0.4992651088929834,0.03034947769726043,max_corrected_rho,79,3,3,repeated_10x5_oof,79,20
HAMD-17,PDCH标签99人,GLM-5.2,思考,11,躯体性焦虑,7,0.5964597759312504,3.0,0.5782366703216731,0.018223105609577295,max_corrected_rho,79,3,3,repeated_10x5_oof,79,20
HAMD-17,PDCH标签99人,GLM-5.2,思考,12,胃肠道症状,11,0.5225532827454104,12.0,0.500558793017459,0.021994489727951372,max_corrected_rho,79,3,3,repeated_10x5_oof,79,20
HAMD-17,PDCH标签99人,GLM-5.2,思考,13,全身症状,15,0.6502287642282413,11.0,0.5939972352181937,0.056231529010047576,max_corrected_rho,79,3,3,repeated_10x5_oof,79,20
HAMD-17,PDCH标签99人,GLM-5.2,思考,14,性症状,7,0.6355280923158352,3.0,0.6074609749851867,0.028067117330648483,max_corrected_rho,37,3,3,repeated_10x5_oof,79,20
HAMD-17,PDCH标签99人,GLM-5.2,思考,15,疑病,15,0.16859388594353997,8.0,0.14784515295510933,0.020748732988430635,max_corrected_rho,79,3,3,repeated_10x5_oof,79,20
HAMD-17,PDCH标签99人,GLM-5.2,思考,16,体重减轻,7,0.25871471352263675,8.0,0.2526648474756932,0.006049866046943575,max_corrected_rho,79,3,3,repeated_10x5_oof,79,20
HAMD-17,PDCH标签99人,GLM-5.2,思考,17,自知力,3,0.22548804150280508,11.0,0.13060565768301224,0.09488238381979283,max_corrected_rho,79,3,3,repeated_10x5_oof,79,20
HAMD-17,PDCH标签99人,Kimi-K2.6,思考,1,抑郁情绪,11,0.5826973085218917,3.0,0.5700190298986051,0.012678278623286632,max_corrected_rho,79,3,3,repeated_10x5_oof,79,20
HAMD-17,PDCH标签99人,Kimi-K2.6,思考,2,有罪感,3,0.34491668500242145,12.0,0.25458870856448307,0.09032797643793838,max_corrected_rho,79,3,3,repeated_10x5_oof,79,20
HAMD-17,PDCH标签99人,Kimi-K2.6,思考,3,自杀,3,0.3128750126515502,16.0,0.3106230413177591,0.002251971333791125,max_corrected_rho,79,3,3,repeated_10x5_oof,79,20
HAMD-17,PDCH标签99人,Kimi-K2.6,思考,4,入睡困难,3,0.563831659095159,12.0,0.47617651484886137,0.08765514424629761,max_corrected_rho,79,3,3,repeated_10x5_oof,79,20
HAMD-17,PDCH标签99人,Kimi-K2.6,思考,5,睡眠不深,16,0.2740906730791407,8.0,0.2214716502808723,0.05261902279826841,max_corrected_rho,79,3,3,repeated_10x5_oof,79,20
HAMD-17,PDCH标签99人,Kimi-K2.6,思考,6,早醒,16,0.35457333277523123,3.0,0.3189930845082707,0.035580248266960546,max_corrected_rho,79,3,3,repeated_10x5_oof,79,20
HAMD-17,PDCH标签99人,Kimi-K2.6,思考,7,工作和活动,3,0.6444004032274427,4.0,0.601174047732399,0.04322635549504372,max_corrected_rho,79,3,3,repeated_10x5_oof,79,20
HAMD-17,PDCH标签99人,Kimi-K2.6,思考,8,迟滞,15,0.32622261321366275,8.0,0.27619985765995425,0.0500227555537085,max_corrected_rho,79,3,3,repeated_10x5_oof,79,20
HAMD-17,PDCH标签99人,Kimi-K2.6,思考,9,激越,11,0.21441210902459498,7.0,0.20249324157814452,0.01191886744645046,max_corrected_rho,79,3,3,repeated_10x5_oof,79,20
HAMD-17,PDCH标签99人,Kimi-K2.6,思考,10,精神性焦虑,8,0.4644196940977359,15.0,0.4432945588633242,0.02112513523441173,max_corrected_rho,79,3,3,repeated_10x5_oof,79,20
HAMD-17,PDCH标签99人,Kimi-K2.6,思考,11,躯体性焦虑,7,0.5553214971459984,3.0,0.5101203705072651,0.045201126638733324,max_corrected_rho,79,3,3,repeated_10x5_oof,79,20
HAMD-17,PDCH标签99人,Kimi-K2.6,思考,12,胃肠道症状,7,0.46310326291178094,8.0,0.45827811757155956,0.004825145340221382,max_corrected_rho,79,3,3,repeated_10x5_oof,79,20
HAMD-17,PDCH标签99人,Kimi-K2.6,思考,13,全身症状,11,0.6196932669390525,3.0,0.5681347824386312,0.05155848450042122,max_corrected_rho,79,3,3,repeated_10x5_oof,79,20
HAMD-17,PDCH标签99人,Kimi-K2.6,思考,14,性症状,4,0.33052043962428024,7.0,0.32698296658845577,0.0035374730358244677,max_corrected_rho,30,3,3,repeated_10x5_oof,79,20
HAMD-17,PDCH标签99人,Kimi-K2.6,思考,15,疑病,4,0.2101397762926969,16.0,0.14221093329818654,0.06792884299451035,max_corrected_rho,79,3,3,repeated_10x5_oof,79,20
HAMD-17,PDCH标签99人,Kimi-K2.6,思考,16,体重减轻,7,0.3217400203989774,16.0,0.2674791561496352,0.05426086424934223,max_corrected_rho,79,3,3,repeated_10x5_oof,79,20
HAMD-17,PDCH标签99人,Kimi-K2.6,思考,17,自知力,8,0.33408314196356204,12.0,0.20537706561482946,0.12870607634873257,max_corrected_rho,79,3,3,repeated_10x5_oof,79,20
HAMD-17,PDCH标签99人,Qwen3.7-Max,思考,1,抑郁情绪,4,0.5978680337621755,3.0,0.5756874713581382,0.022180562404037207,max_corrected_rho,79,3,3,repeated_10x5_oof,79,20
HAMD-17,PDCH标签99人,Qwen3.7-Max,思考,2,有罪感,4,0.30940677738630123,15.0,0.28318984312526485,0.026216934261036384,max_corrected_rho,79,3,3,repeated_10x5_oof,79,20
HAMD-17,PDCH标签99人,Qwen3.7-Max,思考,3,自杀,4,0.35236858021691975,12.0,0.3420894434834422,0.010279136733477523,max_corrected_rho,79,3,3,repeated_10x5_oof,79,20
HAMD-17,PDCH标签99人,Qwen3.7-Max,思考,4,入睡困难,12,0.4823235446476807,4.0,0.46268822401463866,0.01963532063304202,max_corrected_rho,79,3,3,repeated_10x5_oof,79,20
HAMD-17,PDCH标签99人,Qwen3.7-Max,思考,5,睡眠不深,15,0.3204576347928677,7.0,0.29877584277903646,0.021681792013831247,max_corrected_rho,79,3,3,repeated_10x5_oof,79,20
HAMD-17,PDCH标签99人,Qwen3.7-Max,思考,6,早醒,3,0.3362170006154919,4.0,0.32465419591012556,0.011562804705366359,max_corrected_rho,79,3,3,repeated_10x5_oof,79,20
HAMD-17,PDCH标签99人,Qwen3.7-Max,思考,7,工作和活动,3,0.6218682022036294,11.0,0.5964238802098771,0.02544432199375224,max_corrected_rho,79,3,3,repeated_10x5_oof,79,20
HAMD-17,PDCH标签99人,Qwen3.7-Max,思考,8,迟滞,15,0.40340695543141036,3.0,0.3941156438910548,0.009291311540355562,max_corrected_rho,79,3,3,repeated_10x5_oof,79,20
HAMD-17,PDCH标签99人,Qwen3.7-Max,思考,9,激越,3,0.3056799692550142,11.0,0.30216054565218636,0.003519423602827809,max_corrected_rho,79,3,3,repeated_10x5_oof,79,20
HAMD-17,PDCH标签99人,Qwen3.7-Max,思考,10,精神性焦虑,4,0.4920758409776772,15.0,0.4573052677029053,0.0347705732747719,max_corrected_rho,79,3,3,repeated_10x5_oof,79,20
HAMD-17,PDCH标签99人,Qwen3.7-Max,思考,11,躯体性焦虑,3,0.5798768018626016,11.0,0.5785179630061182,0.0013588388564833576,max_corrected_rho,79,3,3,repeated_10x5_oof,79,20
HAMD-17,PDCH标签99人,Qwen3.7-Max,思考,12,胃肠道症状,7,0.5188903825041721,12.0,0.48286351273399114,0.036026869770180936,max_corrected_rho,79,3,3,repeated_10x5_oof,79,20
HAMD-17,PDCH标签99人,Qwen3.7-Max,思考,13,全身症状,3,0.6126465699142557,4.0,0.5379384892803677,0.07470808063388801,max_corrected_rho,79,3,3,repeated_10x5_oof,79,20
HAMD-17,PDCH标签99人,Qwen3.7-Max,思考,14,性症状,7,0.4590787334197262,3.0,0.4510094698171428,0.00806926360258342,max_corrected_rho,39,3,3,repeated_10x5_oof,79,20
HAMD-17,PDCH标签99人,Qwen3.7-Max,思考,15,疑病,15,0.17753315430750163,16.0,0.17526609920087347,0.0022670551066281686,max_corrected_rho,79,3,3,repeated_10x5_oof,79,20
HAMD-17,PDCH标签99人,Qwen3.7-Max,思考,16,体重减轻,7,0.34381232077883145,12.0,0.28472492184778597,0.059087398931045476,max_corrected_rho,79,3,3,repeated_10x5_oof,79,20
HAMD-17,PDCH标签99人,Qwen3.7-Max,思考,17,自知力,8,0.17398871970381175,3.0,0.14557196448921278,0.028416755214598965,max_corrected_rho,79,3,3,repeated_10x5_oof,79,20
HAMD-17,PDCH标签99人,GLM-5.2,思考,1,抑郁情绪,16,0.5641901565308055,15.0,0.5270866544359387,0.03710350209486679,max_corrected_rho,80,3,4,repeated_10x5_oof,80,19
HAMD-17,PDCH标签99人,GLM-5.2,思考,2,有罪感,4,0.41255853940447645,3.0,0.38757219310568836,0.024986346298788098,max_corrected_rho,80,3,4,repeated_10x5_oof,80,19
HAMD-17,PDCH标签99人,GLM-5.2,思考,3,自杀,15,0.4194003335926539,16.0,0.4133828828222968,0.006017450770357091,max_corrected_rho,80,3,4,repeated_10x5_oof,80,19
HAMD-17,PDCH标签99人,GLM-5.2,思考,4,入睡困难,16,0.4621121422096545,3.0,0.42979711203995613,0.03231503016969839,max_corrected_rho,80,3,4,repeated_10x5_oof,80,19
HAMD-17,PDCH标签99人,GLM-5.2,思考,5,睡眠不深,8,0.2710137069426156,11.0,0.2618200019882204,0.009193704954395199,max_corrected_rho,80,3,4,repeated_10x5_oof,80,19
HAMD-17,PDCH标签99人,GLM-5.2,思考,6,早醒,3,0.32949683377522193,4.0,0.30583699455629143,0.0236598392189305,max_corrected_rho,80,3,4,repeated_10x5_oof,80,19
HAMD-17,PDCH标签99人,GLM-5.2,思考,7,工作和活动,11,0.6332387555131828,8.0,0.6309767234401096,0.0022620320730731835,max_corrected_rho,80,3,4,repeated_10x5_oof,80,19
HAMD-17,PDCH标签99人,GLM-5.2,思考,8,迟滞,15,0.5448137814141464,11.0,0.5278216649411779,0.0169921164729685,max_corrected_rho,80,3,4,repeated_10x5_oof,80,19
HAMD-17,PDCH标签99人,GLM-5.2,思考,9,激越,7,0.41979910787246316,15.0,0.4117926886469298,0.008006419225533357,max_corrected_rho,80,3,4,repeated_10x5_oof,80,19
HAMD-17,PDCH标签99人,GLM-5.2,思考,10,精神性焦虑,16,0.5357795089251679,8.0,0.528391264424367,0.007388244500800889,max_corrected_rho,80,3,4,repeated_10x5_oof,80,19
HAMD-17,PDCH标签99人,GLM-5.2,思考,11,躯体性焦虑,7,0.5688458529459544,3.0,0.540686397233264,0.028159455712690407,max_corrected_rho,80,3,4,repeated_10x5_oof,80,19
HAMD-17,PDCH标签99人,GLM-5.2,思考,12,胃肠道症状,12,0.4419605127718387,11.0,0.43677890427093946,0.005181608500899215,max_corrected_rho,80,3,4,repeated_10x5_oof,80,19
HAMD-17,PDCH标签99人,GLM-5.2,思考,13,全身症状,11,0.5968493409597816,15.0,0.5963906891246095,0.00045865183517213026,max_corrected_rho,80,3,4,repeated_10x5_oof,80,19
HAMD-17,PDCH标签99人,GLM-5.2,思考,14,性症状,7,0.5109818417176062,16.0,0.48033807562681,0.030643766090796165,max_corrected_rho,37,3,4,repeated_10x5_oof,80,19
HAMD-17,PDCH标签99人,GLM-5.2,思考,15,疑病,15,0.09168118424175431,7.0,0.06705640716948567,0.024624777072268636,max_corrected_rho,80,3,4,repeated_10x5_oof,80,19
HAMD-17,PDCH标签99人,GLM-5.2,思考,16,体重减轻,7,0.26900902363904194,8.0,0.24292686161938154,0.026082162019660404,max_corrected_rho,80,3,4,repeated_10x5_oof,80,19
HAMD-17,PDCH标签99人,GLM-5.2,思考,17,自知力,11,0.0900350892786137,3.0,0.04897957702184375,0.04105551225676995,max_corrected_rho,80,3,4,repeated_10x5_oof,80,19
HAMD-17,PDCH标签99人,Kimi-K2.6,思考,1,抑郁情绪,11,0.5769723060706976,3.0,0.542403937265962,0.03456836880473557,max_corrected_rho,80,3,4,repeated_10x5_oof,80,19
HAMD-17,PDCH标签99人,Kimi-K2.6,思考,2,有罪感,8,0.3818197591760169,3.0,0.3399059012209177,0.04191385795509922,max_corrected_rho,80,3,4,repeated_10x5_oof,80,19
HAMD-17,PDCH标签99人,Kimi-K2.6,思考,3,自杀,16,0.4093769434478693,7.0,0.3873448942727261,0.022032049175143176,max_corrected_rho,80,3,4,repeated_10x5_oof,80,19
HAMD-17,PDCH标签99人,Kimi-K2.6,思考,4,入睡困难,3,0.478897696136886,12.0,0.40698294798156637,0.07191474815531962,max_corrected_rho,80,3,4,repeated_10x5_oof,80,19
HAMD-17,PDCH标签99人,Kimi-K2.6,思考,5,睡眠不深,16,0.26569625305946853,3.0,0.26421494876094725,0.0014813042985212799,max_corrected_rho,80,3,4,repeated_10x5_oof,80,19
HAMD-17,PDCH标签99人,Kimi-K2.6,思考,6,早醒,15,0.3096331728808698,8.0,0.29892612654121786,0.010707046339651916,max_corrected_rho,80,3,4,repeated_10x5_oof,80,19
HAMD-17,PDCH标签99人,Kimi-K2.6,思考,7,工作和活动,3,0.6614089496994647,4.0,0.6275523081838795,0.033856641515585206,max_corrected_rho,80,3,4,repeated_10x5_oof,80,19
HAMD-17,PDCH标签99人,Kimi-K2.6,思考,8,迟滞,16,0.364495981572713,15.0,0.33450373170022685,0.029992249872486165,max_corrected_rho,80,3,4,repeated_10x5_oof,80,19
HAMD-17,PDCH标签99人,Kimi-K2.6,思考,9,激越,11,0.2876135023210761,7.0,0.27255771216167807,0.015055790159398008,max_corrected_rho,80,3,4,repeated_10x5_oof,80,19
HAMD-17,PDCH标签99人,Kimi-K2.6,思考,10,精神性焦虑,8,0.45394943523193687,12.0,0.39594841121898144,0.05800102401295543,max_corrected_rho,80,3,4,repeated_10x5_oof,80,19
HAMD-17,PDCH标签99人,Kimi-K2.6,思考,11,躯体性焦虑,7,0.5734523329478775,8.0,0.4612838707823904,0.11216846216548704,max_corrected_rho,80,3,4,repeated_10x5_oof,80,19
HAMD-17,PDCH标签99人,Kimi-K2.6,思考,12,胃肠道症状,8,0.44731588678070394,7.0,0.4108658315859401,0.03645005519476385,max_corrected_rho,80,3,4,repeated_10x5_oof,80,19
HAMD-17,PDCH标签99人,Kimi-K2.6,思考,13,全身症状,11,0.6203821921846647,3.0,0.5853912717739715,0.03499092041069318,max_corrected_rho,80,3,4,repeated_10x5_oof,80,19
HAMD-17,PDCH标签99人,Kimi-K2.6,思考,14,性症状,4,0.3651142017522177,11.0,0.35868146795043343,0.006432733801784274,max_corrected_rho,32,3,4,repeated_10x5_oof,80,19
HAMD-17,PDCH标签99人,Kimi-K2.6,思考,15,疑病,7,0.09802197239740511,4.0,0.06442882099838387,0.033593151399021234,max_corrected_rho,80,3,4,repeated_10x5_oof,80,19
HAMD-17,PDCH标签99人,Kimi-K2.6,思考,16,体重减轻,7,0.3294900914341826,8.0,0.3154754005635999,0.014014690870582713,max_corrected_rho,80,3,4,repeated_10x5_oof,80,19
HAMD-17,PDCH标签99人,Kimi-K2.6,思考,17,自知力,8,0.3073438892507023,7.0,0.1947206911054351,0.11262319814526717,max_corrected_rho,80,3,4,repeated_10x5_oof,80,19
HAMD-17,PDCH标签99人,Qwen3.7-Max,思考,1,抑郁情绪,3,0.5228355810590121,4.0,0.5218233845415933,0.0010121965174187952,max_corrected_rho,80,3,4,repeated_10x5_oof,80,19
HAMD-17,PDCH标签99人,Qwen3.7-Max,思考,2,有罪感,4,0.3602006691636174,15.0,0.33865756019047966,0.02154310897313777,max_corrected_rho,80,3,4,repeated_10x5_oof,80,19
HAMD-17,PDCH标签99人,Qwen3.7-Max,思考,3,自杀,4,0.39691526572813973,16.0,0.39297616201221053,0.003939103715929204,max_corrected_rho,80,3,4,repeated_10x5_oof,80,19
HAMD-17,PDCH标签99人,Qwen3.7-Max,思考,4,入睡困难,3,0.45593700310392504,12.0,0.4415288477502355,0.014408155353689556,max_corrected_rho,80,3,4,repeated_10x5_oof,80,19
HAMD-17,PDCH标签99人,Qwen3.7-Max,思考,5,睡眠不深,15,0.34174573874189706,16.0,0.29303118579526793,0.04871455294662913,max_corrected_rho,80,3,4,repeated_10x5_oof,80,19
HAMD-17,PDCH标签99人,Qwen3.7-Max,思考,6,早醒,4,0.31454148992177305,3.0,0.31313142567755725,0.001410064244215803,max_corrected_rho,80,3,4,repeated_10x5_oof,80,19
HAMD-17,PDCH标签99人,Qwen3.7-Max,思考,7,工作和活动,3,0.6595624984055323,11.0,0.6253976918309789,0.03416480657455334,max_corrected_rho,80,3,4,repeated_10x5_oof,80,19
HAMD-17,PDCH标签99人,Qwen3.7-Max,思考,8,迟滞,15,0.4949124991682067,3.0,0.39716612546362934,0.09774637370457734,max_corrected_rho,80,3,4,repeated_10x5_oof,80,19
HAMD-17,PDCH标签99人,Qwen3.7-Max,思考,9,激越,3,0.37449951463312486,15.0,0.3726780556190369,0.0018214590140879783,max_corrected_rho,80,3,4,repeated_10x5_oof,80,19
HAMD-17,PDCH标签99人,Qwen3.7-Max,思考,10,精神性焦虑,4,0.4682639780580064,3.0,0.44232263062635035,0.025941347431656048,max_corrected_rho,80,3,4,repeated_10x5_oof,80,19
HAMD-17,PDCH标签99人,Qwen3.7-Max,思考,11,躯体性焦虑,11,0.5591090007864821,3.0,0.538827463625592,0.020281537160890095,max_corrected_rho,80,3,4,repeated_10x5_oof,80,19
HAMD-17,PDCH标签99人,Qwen3.7-Max,思考,12,胃肠道症状,7,0.4247273754923018,3.0,0.42380035869935184,0.0009270167929499307,max_corrected_rho,80,3,4,repeated_10x5_oof,80,19
HAMD-17,PDCH标签99人,Qwen3.7-Max,思考,13,全身症状,3,0.632966179697072,4.0,0.5460646634278824,0.08690151626918963,max_corrected_rho,80,3,4,repeated_10x5_oof,80,19
HAMD-17,PDCH标签99人,Qwen3.7-Max,思考,14,性症状,3,0.3409388130504255,7.0,0.3409388130504255,0.0,max_corrected_rho_tie_prefer_c03,39,3,4,repeated_10x5_oof,80,19
HAMD-17,PDCH标签99人,Qwen3.7-Max,思考,15,疑病,16,0.12118169688991665,15.0,0.12082621050665078,0.00035548638326586557,max_corrected_rho,80,3,4,repeated_10x5_oof,80,19
HAMD-17,PDCH标签99人,Qwen3.7-Max,思考,16,体重减轻,12,0.30135164866166736,7.0,0.2786169879318682,0.022734660729799183,max_corrected_rho,80,3,4,repeated_10x5_oof,80,19
HAMD-17,PDCH标签99人,Qwen3.7-Max,思考,17,自知力,8,0.21588138675842494,3.0,0.04775743060748412,0.16812395615094083,max_corrected_rho,80,3,4,repeated_10x5_oof,80,19
HAMD-17,PDCH标签99人,GLM-5.2,思考,1,抑郁情绪,16,0.6083562526158514,15.0,0.5344248525996156,0.07393140001623577,max_corrected_rho,79,4,0,repeated_10x5_oof,79,20
HAMD-17,PDCH标签99人,GLM-5.2,思考,2,有罪感,4,0.38512948504735417,12.0,0.3741910298749679,0.010938455172386286,max_corrected_rho,79,4,0,repeated_10x5_oof,79,20
HAMD-17,PDCH标签99人,GLM-5.2,思考,3,自杀,15,0.41440859736198765,16.0,0.40515094685030373,0.009257650511683924,max_corrected_rho,79,4,0,repeated_10x5_oof,79,20
HAMD-17,PDCH标签99人,GLM-5.2,思考,4,入睡困难,16,0.4835647745925407,3.0,0.47993786290866786,0.0036269116838728577,max_corrected_rho,79,4,0,repeated_10x5_oof,79,20
HAMD-17,PDCH标签99人,GLM-5.2,思考,5,睡眠不深,3,0.32715663921276134,7.0,0.30062705977375037,0.026529579439010964,max_corrected_rho,79,4,0,repeated_10x5_oof,79,20
HAMD-17,PDCH标签99人,GLM-5.2,思考,6,早醒,3,0.4147604614515832,4.0,0.38738134841845767,0.027379113033125513,max_corrected_rho,79,4,0,repeated_10x5_oof,79,20
HAMD-17,PDCH标签99人,GLM-5.2,思考,7,工作和活动,8,0.6604955616842995,7.0,0.6242306450250485,0.03626491665925091,max_corrected_rho,79,4,0,repeated_10x5_oof,79,20
HAMD-17,PDCH标签99人,GLM-5.2,思考,8,迟滞,7,0.5152845381574706,15.0,0.5150416246720371,0.00024291348543348246,max_corrected_rho,79,4,0,repeated_10x5_oof,79,20
HAMD-17,PDCH标签99人,GLM-5.2,思考,9,激越,7,0.436427845570137,15.0,0.34901439340432594,0.08741345216581103,max_corrected_rho,79,4,0,repeated_10x5_oof,79,20
HAMD-17,PDCH标签99人,GLM-5.2,思考,10,精神性焦虑,16,0.5582633349299432,15.0,0.4962051284247728,0.062058206505170355,max_corrected_rho,79,4,0,repeated_10x5_oof,79,20
HAMD-17,PDCH标签99人,GLM-5.2,思考,11,躯体性焦虑,7,0.5598747961816701,3.0,0.5377250120632127,0.022149784118457472,max_corrected_rho,79,4,0,repeated_10x5_oof,79,20
HAMD-17,PDCH标签99人,GLM-5.2,思考,12,胃肠道症状,12,0.4959257523358227,11.0,0.4910489953786501,0.004876756957172601,max_corrected_rho,79,4,0,repeated_10x5_oof,79,20
HAMD-17,PDCH标签99人,GLM-5.2,思考,13,全身症状,15,0.6592408801174311,11.0,0.5955245272616345,0.06371635285579658,max_corrected_rho,79,4,0,repeated_10x5_oof,79,20
HAMD-17,PDCH标签99人,GLM-5.2,思考,14,性症状,7,0.5594702818264028,3.0,0.5261421126582844,0.03332816916811843,max_corrected_rho,38,4,0,repeated_10x5_oof,79,20
HAMD-17,PDCH标签99人,GLM-5.2,思考,15,疑病,15,0.1786932670153861,16.0,0.17161319861476867,0.007080068400617423,max_corrected_rho,79,4,0,repeated_10x5_oof,79,20
HAMD-17,PDCH标签99人,GLM-5.2,思考,16,体重减轻,7,0.3310195886214688,8.0,0.302077221992576,0.028942366628892824,max_corrected_rho,79,4,0,repeated_10x5_oof,79,20
HAMD-17,PDCH标签99人,GLM-5.2,思考,17,自知力,3,0.20300838738409108,11.0,0.13495555447642707,0.06805283290766401,max_corrected_rho,79,4,0,repeated_10x5_oof,79,20
HAMD-17,PDCH标签99人,Kimi-K2.6,思考,1,抑郁情绪,11,0.5994377942973066,8.0,0.5705110492874679,0.028926745009838717,max_corrected_rho,79,4,0,repeated_10x5_oof,79,20
HAMD-17,PDCH标签99人,Kimi-K2.6,思考,2,有罪感,3,0.34739730684238074,8.0,0.3232029821268035,0.024194324715577253,max_corrected_rho,79,4,0,repeated_10x5_oof,79,20
HAMD-17,PDCH标签99人,Kimi-K2.6,思考,3,自杀,7,0.3717237597219802,16.0,0.3079707933124403,0.06375296640953987,max_corrected_rho,79,4,0,repeated_10x5_oof,79,20
HAMD-17,PDCH标签99人,Kimi-K2.6,思考,4,入睡困难,3,0.5766370714919902,12.0,0.47462727860025905,0.10200979289173112,max_corrected_rho,79,4,0,repeated_10x5_oof,79,20
HAMD-17,PDCH标签99人,Kimi-K2.6,思考,5,睡眠不深,16,0.2968323960274129,3.0,0.2735002113716106,0.02333218465580228,max_corrected_rho,79,4,0,repeated_10x5_oof,79,20
HAMD-17,PDCH标签99人,Kimi-K2.6,思考,6,早醒,3,0.40032289589819775,16.0,0.3876590601951228,0.012663835703074944,max_corrected_rho,79,4,0,repeated_10x5_oof,79,20
HAMD-17,PDCH标签99人,Kimi-K2.6,思考,7,工作和活动,7,0.6739699321279421,3.0,0.6270107514803671,0.04695918064757498,max_corrected_rho,79,4,0,repeated_10x5_oof,79,20
HAMD-17,PDCH标签99人,Kimi-K2.6,思考,8,迟滞,15,0.3287178902755242,16.0,0.2734678215853175,0.05525006869020671,max_corrected_rho,79,4,0,repeated_10x5_oof,79,20
HAMD-17,PDCH标签99人,Kimi-K2.6,思考,9,激越,11,0.2786625231235313,7.0,0.22996646613523786,0.048696056988293435,max_corrected_rho,79,4,0,repeated_10x5_oof,79,20
HAMD-17,PDCH标签99人,Kimi-K2.6,思考,10,精神性焦虑,8,0.4555253558373176,12.0,0.4057058959137559,0.04981945992356174,max_corrected_rho,79,4,0,repeated_10x5_oof,79,20
HAMD-17,PDCH标签99人,Kimi-K2.6,思考,11,躯体性焦虑,7,0.5633779280228146,15.0,0.48816890376771843,0.07520902425509618,max_corrected_rho,79,4,0,repeated_10x5_oof,79,20
HAMD-17,PDCH标签99人,Kimi-K2.6,思考,12,胃肠道症状,8,0.4660119411626422,7.0,0.4347313395990537,0.03128060156358853,max_corrected_rho,79,4,0,repeated_10x5_oof,79,20
HAMD-17,PDCH标签99人,Kimi-K2.6,思考,13,全身症状,11,0.6402538578651462,3.0,0.5924495268182182,0.04780433104692805,max_corrected_rho,79,4,0,repeated_10x5_oof,79,20
HAMD-17,PDCH标签99人,Kimi-K2.6,思考,14,性症状,3,0.32753016958720527,4.0,0.3147063374018521,0.012823832185353157,max_corrected_rho,32,4,0,repeated_10x5_oof,79,20
HAMD-17,PDCH标签99人,Kimi-K2.6,思考,15,疑病,4,0.2043010381531991,7.0,0.15936078123025754,0.04494025692294157,max_corrected_rho,79,4,0,repeated_10x5_oof,79,20
HAMD-17,PDCH标签99人,Kimi-K2.6,思考,16,体重减轻,7,0.3716534699581752,3.0,0.29629654645617143,0.07535692350200379,max_corrected_rho,79,4,0,repeated_10x5_oof,79,20
HAMD-17,PDCH标签99人,Kimi-K2.6,思考,17,自知力,8,0.35899799467920196,12.0,0.26958206247186867,0.08941593220733329,max_corrected_rho,79,4,0,repeated_10x5_oof,79,20
HAMD-17,PDCH标签99人,Qwen3.7-Max,思考,1,抑郁情绪,4,0.577578310764672,8.0,0.556710031281657,0.020868279483015062,max_corrected_rho,79,4,0,repeated_10x5_oof,79,20
HAMD-17,PDCH标签99人,Qwen3.7-Max,思考,2,有罪感,15,0.3842838497207244,3.0,0.3440609336478639,0.04022291607286049,max_corrected_rho,79,4,0,repeated_10x5_oof,79,20
HAMD-17,PDCH标签99人,Qwen3.7-Max,思考,3,自杀,16,0.3890706760943146,12.0,0.3721318557326591,0.016938820361655504,max_corrected_rho,79,4,0,repeated_10x5_oof,79,20
HAMD-17,PDCH标签99人,Qwen3.7-Max,思考,4,入睡困难,3,0.5129578403704934,12.0,0.49027352435099203,0.022684316019501383,max_corrected_rho,79,4,0,repeated_10x5_oof,79,20
HAMD-17,PDCH标签99人,Qwen3.7-Max,思考,5,睡眠不深,15,0.4051072469995961,16.0,0.36086638794380316,0.04424085905579295,max_corrected_rho,79,4,0,repeated_10x5_oof,79,20
HAMD-17,PDCH标签99人,Qwen3.7-Max,思考,6,早醒,4,0.3955162917649833,3.0,0.37153862215327255,0.023977669611710772,max_corrected_rho,79,4,0,repeated_10x5_oof,79,20
HAMD-17,PDCH标签99人,Qwen3.7-Max,思考,7,工作和活动,3,0.6700804651109293,11.0,0.642423390162627,0.027657074948302385,max_corrected_rho,79,4,0,repeated_10x5_oof,79,20
HAMD-17,PDCH标签99人,Qwen3.7-Max,思考,8,迟滞,15,0.43139606852819695,16.0,0.4041370710319513,0.027258997496245663,max_corrected_rho,79,4,0,repeated_10x5_oof,79,20
HAMD-17,PDCH标签99人,Qwen3.7-Max,思考,9,激越,3,0.3157850133583392,11.0,0.29981125463863284,0.015973758719706355,max_corrected_rho,79,4,0,repeated_10x5_oof,79,20
HAMD-17,PDCH标签99人,Qwen3.7-Max,思考,10,精神性焦虑,4,0.4733826974894336,16.0,0.4186279500309515,0.054754747458482134,max_corrected_rho,79,4,0,repeated_10x5_oof,79,20
HAMD-17,PDCH标签99人,Qwen3.7-Max,思考,11,躯体性焦虑,11,0.5642258139110206,3.0,0.5269035292582769,0.037322284652743676,max_corrected_rho,79,4,0,repeated_10x5_oof,79,20
HAMD-17,PDCH标签99人,Qwen3.7-Max,思考,12,胃肠道症状,3,0.47049133334186033,11.0,0.4688624406492765,0.0016288926925838165,max_corrected_rho,79,4,0,repeated_10x5_oof,79,20
HAMD-17,PDCH标签99人,Qwen3.7-Max,思考,13,全身症状,3,0.6302987338601114,4.0,0.5374221672571542,0.09287656660295718,max_corrected_rho,79,4,0,repeated_10x5_oof,79,20
HAMD-17,PDCH标签99人,Qwen3.7-Max,思考,14,性症状,7,0.40321110289979467,3.0,0.3977595971699433,0.005451505729851369,max_corrected_rho,38,4,0,repeated_10x5_oof,79,20
HAMD-17,PDCH标签99人,Qwen3.7-Max,思考,15,疑病,16,0.180945728943831,15.0,0.16515965690651746,0.015786072037313553,max_corrected_rho,79,4,0,repeated_10x5_oof,79,20
HAMD-17,PDCH标签99人,Qwen3.7-Max,思考,16,体重减轻,12,0.35506475818439626,7.0,0.3296820998773194,0.025382658307076866,max_corrected_rho,79,4,0,repeated_10x5_oof,79,20
HAMD-17,PDCH标签99人,Qwen3.7-Max,思考,17,自知力,8,0.24275602904115282,3.0,0.17729740596824678,0.06545862307290604,max_corrected_rho,79,4,0,repeated_10x5_oof,79,20
HAMD-17,PDCH标签99人,GLM-5.2,思考,1,抑郁情绪,16,0.5415701614912449,8.0,0.5063675700494599,0.03520259144178506,max_corrected_rho,79,4,1,repeated_10x5_oof,79,20
HAMD-17,PDCH标签99人,GLM-5.2,思考,2,有罪感,4,0.42286506528392237,11.0,0.4216424633232058,0.0012226019607165517,max_corrected_rho,79,4,1,repeated_10x5_oof,79,20
HAMD-17,PDCH标签99人,GLM-5.2,思考,3,自杀,15,0.4626322585019628,16.0,0.43472451329303974,0.027907745208923085,max_corrected_rho,79,4,1,repeated_10x5_oof,79,20
HAMD-17,PDCH标签99人,GLM-5.2,思考,4,入睡困难,11,0.5099693350283359,3.0,0.4961277543027099,0.013841580725625968,max_corrected_rho,79,4,1,repeated_10x5_oof,79,20
HAMD-17,PDCH标签99人,GLM-5.2,思考,5,睡眠不深,7,0.1705822010700356,8.0,0.16967417513789299,0.0009080259321426198,max_corrected_rho,79,4,1,repeated_10x5_oof,79,20
HAMD-17,PDCH标签99人,GLM-5.2,思考,6,早醒,3,0.35230802935667993,12.0,0.30354194995378647,0.04876607940289346,max_corrected_rho,79,4,1,repeated_10x5_oof,79,20
HAMD-17,PDCH标签99人,GLM-5.2,思考,7,工作和活动,8,0.5805264350153577,7.0,0.5756785581350451,0.004847876880312629,max_corrected_rho,79,4,1,repeated_10x5_oof,79,20
HAMD-17,PDCH标签99人,GLM-5.2,思考,8,迟滞,7,0.5442653636084515,15.0,0.5225892177639828,0.02167614584446864,max_corrected_rho,79,4,1,repeated_10x5_oof,79,20
HAMD-17,PDCH标签99人,GLM-5.2,思考,9,激越,15,0.4625572909619351,11.0,0.3566206957627759,0.10593659519915921,max_corrected_rho,79,4,1,repeated_10x5_oof,79,20
HAMD-17,PDCH标签99人,GLM-5.2,思考,10,精神性焦虑,15,0.5398686538870477,16.0,0.529742498479218,0.010126155407829796,max_corrected_rho,79,4,1,repeated_10x5_oof,79,20
HAMD-17,PDCH标签99人,GLM-5.2,思考,11,躯体性焦虑,7,0.5893834726130336,3.0,0.5467814857929946,0.04260198682003902,max_corrected_rho,79,4,1,repeated_10x5_oof,79,20
HAMD-17,PDCH标签99人,GLM-5.2,思考,12,胃肠道症状,11,0.4959749411739609,12.0,0.4845839923133033,0.011390948860657613,max_corrected_rho,79,4,1,repeated_10x5_oof,79,20
HAMD-17,PDCH标签99人,GLM-5.2,思考,13,全身症状,15,0.5621524286344319,11.0,0.56019957481781,0.0019528538166219134,max_corrected_rho,79,4,1,repeated_10x5_oof,79,20
HAMD-17,PDCH标签99人,GLM-5.2,思考,14,性症状,7,0.5388178591075231,3.0,0.5153909956680656,0.023426863439457546,max_corrected_rho,34,4,1,repeated_10x5_oof,79,20
HAMD-17,PDCH标签99人,GLM-5.2,思考,15,疑病,16,0.2307819917923408,15.0,0.19415380548616534,0.03662818630617545,max_corrected_rho,79,4,1,repeated_10x5_oof,79,20
HAMD-17,PDCH标签99人,GLM-5.2,思考,16,体重减轻,15,0.24880298866095157,8.0,0.24273085736465033,0.006072131296301242,max_corrected_rho,79,4,1,repeated_10x5_oof,79,20
HAMD-17,PDCH标签99人,GLM-5.2,思考,17,自知力,11,0.07426667427863191,3.0,0.02507773949114147,0.049188934787490445,max_corrected_rho,79,4,1,repeated_10x5_oof,79,20
HAMD-17,PDCH标签99人,Kimi-K2.6,思考,1,抑郁情绪,8,0.5501360805520542,11.0,0.5448562777910385,0.005279802761015695,max_corrected_rho,79,4,1,repeated_10x5_oof,79,20
HAMD-17,PDCH标签99人,Kimi-K2.6,思考,2,有罪感,8,0.4416384385391887,3.0,0.43703606344458606,0.004602375094602651,max_corrected_rho,79,4,1,repeated_10x5_oof,79,20
HAMD-17,PDCH标签99人,Kimi-K2.6,思考,3,自杀,7,0.3742112050891292,16.0,0.37252903756089306,0.0016821675282361337,max_corrected_rho,79,4,1,repeated_10x5_oof,79,20
HAMD-17,PDCH标签99人,Kimi-K2.6,思考,4,入睡困难,3,0.5345584109155228,4.0,0.46965461868693553,0.06490379222858728,max_corrected_rho,79,4,1,repeated_10x5_oof,79,20
HAMD-17,PDCH标签99人,Kimi-K2.6,思考,5,睡眠不深,16,0.21265039274906325,3.0,0.2012413144443934,0.011409078304669862,max_corrected_rho,79,4,1,repeated_10x5_oof,79,20
HAMD-17,PDCH标签99人,Kimi-K2.6,思考,6,早醒,16,0.3339839284218387,8.0,0.33244420550103093,0.0015397229208077845,max_corrected_rho,79,4,1,repeated_10x5_oof,79,20
HAMD-17,PDCH标签99人,Kimi-K2.6,思考,7,工作和活动,4,0.6005088746823468,3.0,0.5910313441031175,0.009477530579229287,max_corrected_rho,79,4,1,repeated_10x5_oof,79,20
HAMD-17,PDCH标签99人,Kimi-K2.6,思考,8,迟滞,12,0.34194739270105334,15.0,0.34175017838411476,0.0001972143169385876,max_corrected_rho,79,4,1,repeated_10x5_oof,79,20
HAMD-17,PDCH标签99人,Kimi-K2.6,思考,9,激越,3,0.26330988179951953,7.0,0.2576263996289683,0.005683482170551257,max_corrected_rho,79,4,1,repeated_10x5_oof,79,20
HAMD-17,PDCH标签99人,Kimi-K2.6,思考,10,精神性焦虑,8,0.5101556669372451,12.0,0.4171087351840254,0.09304693175321971,max_corrected_rho,79,4,1,repeated_10x5_oof,79,20
HAMD-17,PDCH标签99人,Kimi-K2.6,思考,11,躯体性焦虑,7,0.5556281013793873,16.0,0.4647921604589771,0.09083594092041025,max_corrected_rho,79,4,1,repeated_10x5_oof,79,20
HAMD-17,PDCH标签99人,Kimi-K2.6,思考,12,胃肠道症状,7,0.4431416504701824,8.0,0.43876352725999757,0.0043781232101848255,max_corrected_rho,79,4,1,repeated_10x5_oof,79,20
HAMD-17,PDCH标签99人,Kimi-K2.6,思考,13,全身症状,11,0.6035168316518356,12.0,0.5787902480811769,0.02472658357065871,max_corrected_rho,79,4,1,repeated_10x5_oof,79,20
HAMD-17,PDCH标签99人,Kimi-K2.6,思考,14,性症状,3,,,,,all_not_estimable_fallback_c03,27,4,1,repeated_10x5_oof,79,20
HAMD-17,PDCH标签99人,Kimi-K2.6,思考,15,疑病,11,0.21312881588103272,7.0,0.21055708852072905,0.0025717273603036717,max_corrected_rho,79,4,1,repeated_10x5_oof,79,20
HAMD-17,PDCH标签99人,Kimi-K2.6,思考,16,体重减轻,7,0.3191051769041114,16.0,0.2832620742604356,0.035843102643675795,max_corrected_rho,79,4,1,repeated_10x5_oof,79,20
HAMD-17,PDCH标签99人,Kimi-K2.6,思考,17,自知力,8,0.3050322775145159,7.0,0.25398924554376473,0.05104303197075116,max_corrected_rho,79,4,1,repeated_10x5_oof,79,20
HAMD-17,PDCH标签99人,Qwen3.7-Max,思考,1,抑郁情绪,7,0.5181618728765945,3.0,0.5123875702166735,0.005774302659921071,max_corrected_rho,79,4,1,repeated_10x5_oof,79,20
HAMD-17,PDCH标签99人,Qwen3.7-Max,思考,2,有罪感,4,0.40141781552814,8.0,0.3878097646537754,0.013608050874364563,max_corrected_rho,79,4,1,repeated_10x5_oof,79,20
HAMD-17,PDCH标签99人,Qwen3.7-Max,思考,3,自杀,4,0.43612682719696905,8.0,0.4245614287081071,0.011565398488861955,max_corrected_rho,79,4,1,repeated_10x5_oof,79,20
HAMD-17,PDCH标签99人,Qwen3.7-Max,思考,4,入睡困难,12,0.5064741944410023,4.0,0.4788219843577438,0.027652210083258466,max_corrected_rho,79,4,1,repeated_10x5_oof,79,20
HAMD-17,PDCH标签99人,Qwen3.7-Max,思考,5,睡眠不深,15,0.18737132266084144,7.0,0.16986073493525095,0.0175105877255905,max_corrected_rho,79,4,1,repeated_10x5_oof,79,20
HAMD-17,PDCH标签99人,Qwen3.7-Max,思考,6,早醒,4,0.29681619949599214,3.0,0.29354861862495335,0.003267580871038789,max_corrected_rho,79,4,1,repeated_10x5_oof,79,20
HAMD-17,PDCH标签99人,Qwen3.7-Max,思考,7,工作和活动,3,0.5691542226694295,8.0,0.563073356277637,0.006080866391792505,max_corrected_rho,79,4,1,repeated_10x5_oof,79,20
HAMD-17,PDCH标签99人,Qwen3.7-Max,思考,8,迟滞,15,0.45743916893620173,11.0,0.4008317320429351,0.05660743689326664,max_corrected_rho,79,4,1,repeated_10x5_oof,79,20
HAMD-17,PDCH标签99人,Qwen3.7-Max,思考,9,激越,11,0.38699701976478385,3.0,0.3626072878674835,0.02438973189730037,max_corrected_rho,79,4,1,repeated_10x5_oof,79,20
HAMD-17,PDCH标签99人,Qwen3.7-Max,思考,10,精神性焦虑,4,0.5048663312570892,3.0,0.4626883306518857,0.04217800060520355,max_corrected_rho,79,4,1,repeated_10x5_oof,79,20
HAMD-17,PDCH标签99人,Qwen3.7-Max,思考,11,躯体性焦虑,11,0.5544502700719739,3.0,0.5321654199588045,0.022284850113169385,max_corrected_rho,79,4,1,repeated_10x5_oof,79,20
HAMD-17,PDCH标签99人,Qwen3.7-Max,思考,12,胃肠道症状,3,0.46273924125987603,7.0,0.45514584992474183,0.007593391335134203,max_corrected_rho,79,4,1,repeated_10x5_oof,79,20
HAMD-17,PDCH标签99人,Qwen3.7-Max,思考,13,全身症状,3,0.570425448364165,4.0,0.5485298103839544,0.021895637980210547,max_corrected_rho,79,4,1,repeated_10x5_oof,79,20
HAMD-17,PDCH标签99人,Qwen3.7-Max,思考,14,性症状,7,0.43735052930137963,3.0,0.42858500914181885,0.00876552015956078,max_corrected_rho,37,4,1,repeated_10x5_oof,79,20
HAMD-17,PDCH标签99人,Qwen3.7-Max,思考,15,疑病,11,0.20036871606571507,16.0,0.14987427980199453,0.05049443626372055,max_corrected_rho,79,4,1,repeated_10x5_oof,79,20
HAMD-17,PDCH标签99人,Qwen3.7-Max,思考,16,体重减轻,12,0.2442173218424807,7.0,0.2307801215885156,0.01343720025396511,max_corrected_rho,79,4,1,repeated_10x5_oof,79,20
HAMD-17,PDCH标签99人,Qwen3.7-Max,思考,17,自知力,8,0.23431226199481203,3.0,0.05398057364928686,0.18033168834552518,max_corrected_rho,79,4,1,repeated_10x5_oof,79,20
HAMD-17,PDCH标签99人,GLM-5.2,思考,1,抑郁情绪,16,0.6077491474754287,7.0,0.6066274617470492,0.0011216857283795623,max_corrected_rho,79,4,2,repeated_10x5_oof,79,20
HAMD-17,PDCH标签99人,GLM-5.2,思考,2,有罪感,4,0.4289482606766256,16.0,0.3646331974540497,0.06431506322257591,max_corrected_rho,79,4,2,repeated_10x5_oof,79,20
HAMD-17,PDCH标签99人,GLM-5.2,思考,3,自杀,15,0.47664929972457465,3.0,0.4507856154596,0.02586368426497465,max_corrected_rho,79,4,2,repeated_10x5_oof,79,20
HAMD-17,PDCH标签99人,GLM-5.2,思考,4,入睡困难,3,0.4801612919588717,16.0,0.44486949948629706,0.035291792472574635,max_corrected_rho,79,4,2,repeated_10x5_oof,79,20
HAMD-17,PDCH标签99人,GLM-5.2,思考,5,睡眠不深,3,0.3083024630365568,8.0,0.2741574312962954,0.0341450317402614,max_corrected_rho,79,4,2,repeated_10x5_oof,79,20
HAMD-17,PDCH标签99人,GLM-5.2,思考,6,早醒,3,0.34117170025677224,4.0,0.34086022629999085,0.0003114739567813829,max_corrected_rho,79,4,2,repeated_10x5_oof,79,20
HAMD-17,PDCH标签99人,GLM-5.2,思考,7,工作和活动,8,0.6412233674901633,3.0,0.6197113349035881,0.02151203258657519,max_corrected_rho,79,4,2,repeated_10x5_oof,79,20
HAMD-17,PDCH标签99人,GLM-5.2,思考,8,迟滞,11,0.4970082580471309,7.0,0.4792685469314927,0.017739711115638213,max_corrected_rho,79,4,2,repeated_10x5_oof,79,20
HAMD-17,PDCH标签99人,GLM-5.2,思考,9,激越,3,0.3697079663006484,7.0,0.36658326663404917,0.003124699666599229,max_corrected_rho,79,4,2,repeated_10x5_oof,79,20
HAMD-17,PDCH标签99人,GLM-5.2,思考,10,精神性焦虑,16,0.5529863004824732,3.0,0.5170952828141578,0.03589101766831537,max_corrected_rho,79,4,2,repeated_10x5_oof,79,20
HAMD-17,PDCH标签99人,GLM-5.2,思考,11,躯体性焦虑,7,0.6173567706686411,4.0,0.5691556349452274,0.04820113572341378,max_corrected_rho,79,4,2,repeated_10x5_oof,79,20
HAMD-17,PDCH标签99人,GLM-5.2,思考,12,胃肠道症状,8,0.49030662438361305,11.0,0.4773459673771872,0.012960657006425846,max_corrected_rho,79,4,2,repeated_10x5_oof,79,20
HAMD-17,PDCH标签99人,GLM-5.2,思考,13,全身症状,15,0.5700177772808361,3.0,0.5673557541674974,0.0026620231133387406,max_corrected_rho,79,4,2,repeated_10x5_oof,79,20
HAMD-17,PDCH标签99人,GLM-5.2,思考,14,性症状,16,0.4510479666171984,3.0,0.45100603924579585,4.192737140257252e-05,max_corrected_rho,39,4,2,repeated_10x5_oof,79,20
HAMD-17,PDCH标签99人,GLM-5.2,思考,15,疑病,8,0.026045788599720048,15.0,0.01993668296551574,0.006109105634204307,max_corrected_rho,79,4,2,repeated_10x5_oof,79,20
HAMD-17,PDCH标签99人,GLM-5.2,思考,16,体重减轻,3,0.21435537503252883,7.0,0.21122017441318186,0.0031352006193469673,max_corrected_rho,79,4,2,repeated_10x5_oof,79,20
HAMD-17,PDCH标签99人,GLM-5.2,思考,17,自知力,11,0.09463116451080672,3.0,0.048043514290101876,0.046587650220704845,max_corrected_rho,79,4,2,repeated_10x5_oof,79,20
HAMD-17,PDCH标签99人,Kimi-K2.6,思考,1,抑郁情绪,11,0.640092182462084,3.0,0.5869827505574611,0.05310943190462292,max_corrected_rho,79,4,2,repeated_10x5_oof,79,20
HAMD-17,PDCH标签99人,Kimi-K2.6,思考,2,有罪感,3,0.35319999528689516,8.0,0.32166178573317494,0.03153820955372022,max_corrected_rho,79,4,2,repeated_10x5_oof,79,20
HAMD-17,PDCH标签99人,Kimi-K2.6,思考,3,自杀,16,0.38541008325198267,7.0,0.37407307378579957,0.011337009466183101,max_corrected_rho,79,4,2,repeated_10x5_oof,79,20
HAMD-17,PDCH标签99人,Kimi-K2.6,思考,4,入睡困难,3,0.49611603475207644,12.0,0.44639524748084236,0.04972078727123408,max_corrected_rho,79,4,2,repeated_10x5_oof,79,20
HAMD-17,PDCH标签99人,Kimi-K2.6,思考,5,睡眠不深,3,0.22319215360873615,8.0,0.21607605170420108,0.0071161019045350715,max_corrected_rho,79,4,2,repeated_10x5_oof,79,20
HAMD-17,PDCH标签99人,Kimi-K2.6,思考,6,早醒,16,0.3383202666635777,3.0,0.3237037379201597,0.014616528743417956,max_corrected_rho,79,4,2,repeated_10x5_oof,79,20
HAMD-17,PDCH标签99人,Kimi-K2.6,思考,7,工作和活动,7,0.6377422954321125,3.0,0.6341646856790891,0.0035776097530233475,max_corrected_rho,79,4,2,repeated_10x5_oof,79,20
HAMD-17,PDCH标签99人,Kimi-K2.6,思考,8,迟滞,16,0.26524172968064297,3.0,0.24637312594751018,0.01886860373313279,max_corrected_rho,79,4,2,repeated_10x5_oof,79,20
HAMD-17,PDCH标签99人,Kimi-K2.6,思考,9,激越,11,0.2507785060915592,12.0,0.23315074843379968,0.017627757657759535,max_corrected_rho,79,4,2,repeated_10x5_oof,79,20
HAMD-17,PDCH标签99人,Kimi-K2.6,思考,10,精神性焦虑,8,0.4594922755173024,11.0,0.4347689484906098,0.024723327026692554,max_corrected_rho,79,4,2,repeated_10x5_oof,79,20
HAMD-17,PDCH标签99人,Kimi-K2.6,思考,11,躯体性焦虑,15,0.5132576004635229,16.0,0.5109138811426575,0.0023437193208654117,max_corrected_rho,79,4,2,repeated_10x5_oof,79,20
HAMD-17,PDCH标签99人,Kimi-K2.6,思考,12,胃肠道症状,8,0.4955060408851932,3.0,0.4731612679836264,0.02234477290156678,max_corrected_rho,79,4,2,repeated_10x5_oof,79,20
HAMD-17,PDCH标签99人,Kimi-K2.6,思考,13,全身症状,11,0.6071510529168012,12.0,0.5721864701130459,0.03496458280375525,max_corrected_rho,79,4,2,repeated_10x5_oof,79,20
HAMD-17,PDCH标签99人,Kimi-K2.6,思考,14,性症状,4,0.33553505247380216,3.0,0.3247422375746071,0.010792814899195091,max_corrected_rho,34,4,2,repeated_10x5_oof,79,20
HAMD-17,PDCH标签99人,Kimi-K2.6,思考,15,疑病,4,0.07330937217875698,11.0,0.011645001299512152,0.061664370879244826,max_corrected_rho,79,4,2,repeated_10x5_oof,79,20
HAMD-17,PDCH标签99人,Kimi-K2.6,思考,16,体重减轻,7,0.220285378684828,15.0,0.21806671962576032,0.002218659059067679,max_corrected_rho,79,4,2,repeated_10x5_oof,79,20
HAMD-17,PDCH标签99人,Kimi-K2.6,思考,17,自知力,8,0.34236607404929775,7.0,0.21757291190822362,0.12479316214107414,max_corrected_rho,79,4,2,repeated_10x5_oof,79,20
HAMD-17,PDCH标签99人,Qwen3.7-Max,思考,1,抑郁情绪,8,0.5672851194185885,4.0,0.5663852101176193,0.0008999093009691705,max_corrected_rho,79,4,2,repeated_10x5_oof,79,20
HAMD-17,PDCH标签99人,Qwen3.7-Max,思考,2,有罪感,8,0.33376734139664266,15.0,0.32378313771983835,0.009984203676804304,max_corrected_rho,79,4,2,repeated_10x5_oof,79,20
HAMD-17,PDCH标签99人,Qwen3.7-Max,思考,3,自杀,16,0.4082977289904833,12.0,0.3858881145692606,0.02240961442122269,max_corrected_rho,79,4,2,repeated_10x5_oof,79,20
HAMD-17,PDCH标签99人,Qwen3.7-Max,思考,4,入睡困难,12,0.45992991533382976,3.0,0.4366953903888584,0.023234524944971358,max_corrected_rho,79,4,2,repeated_10x5_oof,79,20
HAMD-17,PDCH标签99人,Qwen3.7-Max,思考,5,睡眠不深,15,0.299846511767254,16.0,0.25841726966740663,0.041429242099847385,max_corrected_rho,79,4,2,repeated_10x5_oof,79,20
HAMD-17,PDCH标签99人,Qwen3.7-Max,思考,6,早醒,3,0.32312091901656875,4.0,0.30358341229725627,0.01953750671931248,max_corrected_rho,79,4,2,repeated_10x5_oof,79,20
HAMD-17,PDCH标签99人,Qwen3.7-Max,思考,7,工作和活动,3,0.6254910258235716,12.0,0.6053135066733868,0.02017751915018484,max_corrected_rho,79,4,2,repeated_10x5_oof,79,20
HAMD-17,PDCH标签99人,Qwen3.7-Max,思考,8,迟滞,15,0.42525968520651075,16.0,0.3262140492805794,0.09904563592593135,max_corrected_rho,79,4,2,repeated_10x5_oof,79,20
HAMD-17,PDCH标签99人,Qwen3.7-Max,思考,9,激越,11,0.3471426400201882,4.0,0.3451459971329135,0.001996642887274691,max_corrected_rho,79,4,2,repeated_10x5_oof,79,20
HAMD-17,PDCH标签99人,Qwen3.7-Max,思考,10,精神性焦虑,11,0.4530311669864533,4.0,0.44404892362607895,0.008982243360374342,max_corrected_rho,79,4,2,repeated_10x5_oof,79,20
HAMD-17,PDCH标签99人,Qwen3.7-Max,思考,11,躯体性焦虑,11,0.5944104384223984,3.0,0.540700532430642,0.0537099059917564,max_corrected_rho,79,4,2,repeated_10x5_oof,79,20
HAMD-17,PDCH标签99人,Qwen3.7-Max,思考,12,胃肠道症状,11,0.5041989997641693,3.0,0.49427369323645665,0.009925306527712618,max_corrected_rho,79,4,2,repeated_10x5_oof,79,20
HAMD-17,PDCH标签99人,Qwen3.7-Max,思考,13,全身症状,3,0.566890195009445,4.0,0.508735317883788,0.058154877125657034,max_corrected_rho,79,4,2,repeated_10x5_oof,79,20
HAMD-17,PDCH标签99人,Qwen3.7-Max,思考,14,性症状,7,0.39234045432431786,3.0,0.38240047399322485,0.009939980331093001,max_corrected_rho,40,4,2,repeated_10x5_oof,79,20
HAMD-17,PDCH标签99人,Qwen3.7-Max,思考,15,疑病,15,0.07181420544760839,11.0,0.06717694719559446,0.004637258252013929,max_corrected_rho,79,4,2,repeated_10x5_oof,79,20
HAMD-17,PDCH标签99人,Qwen3.7-Max,思考,16,体重减轻,8,0.2448774207172877,3.0,0.2336348708865005,0.011242549830787207,max_corrected_rho,79,4,2,repeated_10x5_oof,79,20
HAMD-17,PDCH标签99人,Qwen3.7-Max,思考,17,自知力,8,0.1832850896108328,3.0,0.04179814298357865,0.14148694662725417,max_corrected_rho,79,4,2,repeated_10x5_oof,79,20
HAMD-17,PDCH标签99人,GLM-5.2,思考,1,抑郁情绪,3,0.5862398637089653,16.0,0.5700712081760744,0.01616865553289093,max_corrected_rho,79,4,3,repeated_10x5_oof,79,20
HAMD-17,PDCH标签99人,GLM-5.2,思考,2,有罪感,4,0.3648594494597832,12.0,0.3589783891913335,0.0058810602684497,max_corrected_rho,79,4,3,repeated_10x5_oof,79,20
HAMD-17,PDCH标签99人,GLM-5.2,思考,3,自杀,15,0.4044817553537265,3.0,0.40253601607677975,0.0019457392769467452,max_corrected_rho,79,4,3,repeated_10x5_oof,79,20
HAMD-17,PDCH标签99人,GLM-5.2,思考,4,入睡困难,16,0.43416992322833764,3.0,0.4239123459070548,0.010257577321282851,max_corrected_rho,79,4,3,repeated_10x5_oof,79,20
HAMD-17,PDCH标签99人,GLM-5.2,思考,5,睡眠不深,7,0.23387531065430664,3.0,0.22354413887086277,0.010331171783443865,max_corrected_rho,79,4,3,repeated_10x5_oof,79,20
HAMD-17,PDCH标签99人,GLM-5.2,思考,6,早醒,3,0.35877323253763066,4.0,0.3303800348079425,0.02839319772968818,max_corrected_rho,79,4,3,repeated_10x5_oof,79,20
HAMD-17,PDCH标签99人,GLM-5.2,思考,7,工作和活动,8,0.652051491277674,15.0,0.6518167089826062,0.00023478229506779247,max_corrected_rho,79,4,3,repeated_10x5_oof,79,20
HAMD-17,PDCH标签99人,GLM-5.2,思考,8,迟滞,7,0.519992812231538,11.0,0.49888109762469696,0.02111171460684108,max_corrected_rho,79,4,3,repeated_10x5_oof,79,20
HAMD-17,PDCH标签99人,GLM-5.2,思考,9,激越,7,0.4750725373261536,3.0,0.4560762268170095,0.018996310509144132,max_corrected_rho,79,4,3,repeated_10x5_oof,79,20
HAMD-17,PDCH标签99人,GLM-5.2,思考,10,精神性焦虑,16,0.5981066607532065,8.0,0.5311990723357032,0.06690758841750333,max_corrected_rho,79,4,3,repeated_10x5_oof,79,20
HAMD-17,PDCH标签99人,GLM-5.2,思考,11,躯体性焦虑,7,0.6068211565675709,15.0,0.5883358850327289,0.01848527153484192,max_corrected_rho,79,4,3,repeated_10x5_oof,79,20
HAMD-17,PDCH标签99人,GLM-5.2,思考,12,胃肠道症状,12,0.47890320938912306,11.0,0.47434339313328655,0.004559816255836513,max_corrected_rho,79,4,3,repeated_10x5_oof,79,20
HAMD-17,PDCH标签99人,GLM-5.2,思考,13,全身症状,15,0.5718036108659912,11.0,0.5494442271195377,0.02235938374645352,max_corrected_rho,79,4,3,repeated_10x5_oof,79,20
HAMD-17,PDCH标签99人,GLM-5.2,思考,14,性症状,7,0.5998578746866275,8.0,0.5973735788659109,0.002484295820716631,max_corrected_rho,38,4,3,repeated_10x5_oof,79,20
HAMD-17,PDCH标签99人,GLM-5.2,思考,15,疑病,15,0.21356322237626424,8.0,0.17322866758908584,0.0403345547871784,max_corrected_rho,79,4,3,repeated_10x5_oof,79,20
HAMD-17,PDCH标签99人,GLM-5.2,思考,16,体重减轻,7,0.18454965856768366,8.0,0.17935266932596963,0.005196989241714023,max_corrected_rho,79,4,3,repeated_10x5_oof,79,20
HAMD-17,PDCH标签99人,GLM-5.2,思考,17,自知力,3,0.07646570993360674,11.0,0.026750870480527166,0.04971483945307957,max_corrected_rho,79,4,3,repeated_10x5_oof,79,20
HAMD-17,PDCH标签99人,Kimi-K2.6,思考,1,抑郁情绪,11,0.5644353974667587,3.0,0.5314242304990504,0.03301116696770834,max_corrected_rho,79,4,3,repeated_10x5_oof,79,20
HAMD-17,PDCH标签99人,Kimi-K2.6,思考,2,有罪感,3,0.3461995826176567,8.0,0.3347672466739982,0.0114323359436585,max_corrected_rho,79,4,3,repeated_10x5_oof,79,20
HAMD-17,PDCH标签99人,Kimi-K2.6,思考,3,自杀,16,0.3675660228531014,7.0,0.3486647244770832,0.018901298376018227,max_corrected_rho,79,4,3,repeated_10x5_oof,79,20
HAMD-17,PDCH标签99人,Kimi-K2.6,思考,4,入睡困难,3,0.49067958019781727,12.0,0.454602870447699,0.036076709750118285,max_corrected_rho,79,4,3,repeated_10x5_oof,79,20
HAMD-17,PDCH标签99人,Kimi-K2.6,思考,5,睡眠不深,16,0.25470718428262873,3.0,0.253927720861911,0.0007794634207177187,max_corrected_rho,79,4,3,repeated_10x5_oof,79,20
HAMD-17,PDCH标签99人,Kimi-K2.6,思考,6,早醒,16,0.35847280700809975,11.0,0.3145765962236467,0.04389621078445305,max_corrected_rho,79,4,3,repeated_10x5_oof,79,20
HAMD-17,PDCH标签99人,Kimi-K2.6,思考,7,工作和活动,3,0.6765464298038186,4.0,0.6574455447598797,0.01910088504393892,max_corrected_rho,79,4,3,repeated_10x5_oof,79,20
HAMD-17,PDCH标签99人,Kimi-K2.6,思考,8,迟滞,15,0.28970320738023975,8.0,0.2825487537864672,0.007154453593772536,max_corrected_rho,79,4,3,repeated_10x5_oof,79,20
HAMD-17,PDCH标签99人,Kimi-K2.6,思考,9,激越,7,0.31252884903656336,11.0,0.306708400847231,0.005820448189332361,max_corrected_rho,79,4,3,repeated_10x5_oof,79,20
HAMD-17,PDCH标签99人,Kimi-K2.6,思考,10,精神性焦虑,15,0.464481445893061,16.0,0.443187806459761,0.021293639433299982,max_corrected_rho,79,4,3,repeated_10x5_oof,79,20
HAMD-17,PDCH标签99人,Kimi-K2.6,思考,11,躯体性焦虑,7,0.5823279761968017,16.0,0.5554034660355095,0.02692451016129216,max_corrected_rho,79,4,3,repeated_10x5_oof,79,20
HAMD-17,PDCH标签99人,Kimi-K2.6,思考,12,胃肠道症状,7,0.4563668282065237,8.0,0.42131291139239324,0.03505391681413045,max_corrected_rho,79,4,3,repeated_10x5_oof,79,20
HAMD-17,PDCH标签99人,Kimi-K2.6,思考,13,全身症状,11,0.6124932936539492,3.0,0.5793424093872563,0.03315088426669288,max_corrected_rho,79,4,3,repeated_10x5_oof,79,20
HAMD-17,PDCH标签99人,Kimi-K2.6,思考,14,性症状,3,0.3462251925160249,4.0,0.3411623175850222,0.005062874931002714,max_corrected_rho,30,4,3,repeated_10x5_oof,79,20
HAMD-17,PDCH标签99人,Kimi-K2.6,思考,15,疑病,4,0.23210115343816198,16.0,0.19988137079089832,0.03221978264726366,max_corrected_rho,79,4,3,repeated_10x5_oof,79,20
HAMD-17,PDCH标签99人,Kimi-K2.6,思考,16,体重减轻,7,0.2713794028530062,3.0,0.20018255657941192,0.0711968462735943,max_corrected_rho,79,4,3,repeated_10x5_oof,79,20
HAMD-17,PDCH标签99人,Kimi-K2.6,思考,17,自知力,8,0.2344775198453488,11.0,0.18466024029574687,0.04981727954960191,max_corrected_rho,79,4,3,repeated_10x5_oof,79,20
HAMD-17,PDCH标签99人,Qwen3.7-Max,思考,1,抑郁情绪,4,0.570992897133235,3.0,0.5600350849352614,0.010957812197973538,max_corrected_rho,79,4,3,repeated_10x5_oof,79,20
HAMD-17,PDCH标签99人,Qwen3.7-Max,思考,2,有罪感,4,0.29454368392762276,3.0,0.2892270141119731,0.005316669815649655,max_corrected_rho,79,4,3,repeated_10x5_oof,79,20
HAMD-17,PDCH标签99人,Qwen3.7-Max,思考,3,自杀,4,0.3823075073228802,16.0,0.3580818927564598,0.024225614566420417,max_corrected_rho,79,4,3,repeated_10x5_oof,79,20
HAMD-17,PDCH标签99人,Qwen3.7-Max,思考,4,入睡困难,3,0.44946576301911895,12.0,0.4440524066862358,0.005413356332883146,max_corrected_rho,79,4,3,repeated_10x5_oof,79,20
HAMD-17,PDCH标签99人,Qwen3.7-Max,思考,5,睡眠不深,15,0.2730884821154729,3.0,0.21012212110414202,0.06296636101133085,max_corrected_rho,79,4,3,repeated_10x5_oof,79,20
HAMD-17,PDCH标签99人,Qwen3.7-Max,思考,6,早醒,3,0.3868036981340927,4.0,0.36042541376246917,0.02637828437162354,max_corrected_rho,79,4,3,repeated_10x5_oof,79,20
HAMD-17,PDCH标签99人,Qwen3.7-Max,思考,7,工作和活动,3,0.6621895416105762,7.0,0.6288852865873621,0.0333042550232141,max_corrected_rho,79,4,3,repeated_10x5_oof,79,20
HAMD-17,PDCH标签99人,Qwen3.7-Max,思考,8,迟滞,15,0.4021034148808569,16.0,0.34428015273990337,0.05782326214095351,max_corrected_rho,79,4,3,repeated_10x5_oof,79,20
HAMD-17,PDCH标签99人,Qwen3.7-Max,思考,9,激越,11,0.3727656737990777,4.0,0.36179171657363624,0.010973957225441477,max_corrected_rho,79,4,3,repeated_10x5_oof,79,20
HAMD-17,PDCH标签99人,Qwen3.7-Max,思考,10,精神性焦虑,4,0.5364654215164661,3.0,0.49539878972939977,0.04106663178706638,max_corrected_rho,79,4,3,repeated_10x5_oof,79,20
HAMD-17,PDCH标签99人,Qwen3.7-Max,思考,11,躯体性焦虑,3,0.6295469660182996,11.0,0.5904613688215936,0.03908559719670601,max_corrected_rho,79,4,3,repeated_10x5_oof,79,20
HAMD-17,PDCH标签99人,Qwen3.7-Max,思考,12,胃肠道症状,7,0.5296120438501256,3.0,0.46193491339973847,0.06767713045038715,max_corrected_rho,79,4,3,repeated_10x5_oof,79,20
HAMD-17,PDCH标签99人,Qwen3.7-Max,思考,13,全身症状,3,0.6094539853685299,4.0,0.5231606370857538,0.08629334828277613,max_corrected_rho,79,4,3,repeated_10x5_oof,79,20
HAMD-17,PDCH标签99人,Qwen3.7-Max,思考,14,性症状,7,0.519626753221024,3.0,0.514935936123695,0.004690817097328992,max_corrected_rho,41,4,3,repeated_10x5_oof,79,20
HAMD-17,PDCH标签99人,Qwen3.7-Max,思考,15,疑病,4,0.24108610975765252,16.0,0.22316728967741264,0.017918820080239872,max_corrected_rho,79,4,3,repeated_10x5_oof,79,20
HAMD-17,PDCH标签99人,Qwen3.7-Max,思考,16,体重减轻,7,0.27067941117932265,12.0,0.23997449556609968,0.03070491561322297,max_corrected_rho,79,4,3,repeated_10x5_oof,79,20
HAMD-17,PDCH标签99人,Qwen3.7-Max,思考,17,自知力,8,0.12335049541028022,4.0,0.019882159294050943,0.10346833611622927,max_corrected_rho,79,4,3,repeated_10x5_oof,79,20
HAMD-17,PDCH标签99人,GLM-5.2,思考,1,抑郁情绪,15,0.558276901260699,16.0,0.5487781886121785,0.009498712648520424,max_corrected_rho,80,4,4,repeated_10x5_oof,80,19
HAMD-17,PDCH标签99人,GLM-5.2,思考,2,有罪感,4,0.46097797527676054,12.0,0.45759384997522523,0.0033841253015353123,max_corrected_rho,80,4,4,repeated_10x5_oof,80,19
HAMD-17,PDCH标签99人,GLM-5.2,思考,3,自杀,16,0.4576277798431525,15.0,0.44683146002619,0.010796319816962496,max_corrected_rho,80,4,4,repeated_10x5_oof,80,19
HAMD-17,PDCH标签99人,GLM-5.2,思考,4,入睡困难,16,0.4487081446311343,15.0,0.40448959301101794,0.04421855162011634,max_corrected_rho,80,4,4,repeated_10x5_oof,80,19
HAMD-17,PDCH标签99人,GLM-5.2,思考,5,睡眠不深,8,0.20795450293307224,7.0,0.13385332393579769,0.07410117899727456,max_corrected_rho,80,4,4,repeated_10x5_oof,80,19
HAMD-17,PDCH标签99人,GLM-5.2,思考,6,早醒,3,0.3611009560110406,4.0,0.323783659789572,0.037317296221468566,max_corrected_rho,80,4,4,repeated_10x5_oof,80,19
HAMD-17,PDCH标签99人,GLM-5.2,思考,7,工作和活动,8,0.6537375692587734,3.0,0.6493114469601177,0.004426122298655688,max_corrected_rho,80,4,4,repeated_10x5_oof,80,19
HAMD-17,PDCH标签99人,GLM-5.2,思考,8,迟滞,11,0.5368908154209041,3.0,0.5219262137384102,0.014964601682493917,max_corrected_rho,80,4,4,repeated_10x5_oof,80,19
HAMD-17,PDCH标签99人,GLM-5.2,思考,9,激越,15,0.44225068648242744,16.0,0.3653120912956538,0.07693859518677365,max_corrected_rho,80,4,4,repeated_10x5_oof,80,19
HAMD-17,PDCH标签99人,GLM-5.2,思考,10,精神性焦虑,16,0.5247439356764741,15.0,0.4596651930893939,0.06507874258708024,max_corrected_rho,80,4,4,repeated_10x5_oof,80,19
HAMD-17,PDCH标签99人,GLM-5.2,思考,11,躯体性焦虑,7,0.5714708605092843,3.0,0.5714248321271074,4.60283821769325e-05,max_corrected_rho,80,4,4,repeated_10x5_oof,80,19
HAMD-17,PDCH标签99人,GLM-5.2,思考,12,胃肠道症状,12,0.4320691141040309,11.0,0.4059804916597069,0.026088622444324028,max_corrected_rho,80,4,4,repeated_10x5_oof,80,19
HAMD-17,PDCH标签99人,GLM-5.2,思考,13,全身症状,11,0.5887891516303695,15.0,0.5378452972385809,0.05094385439178861,max_corrected_rho,80,4,4,repeated_10x5_oof,80,19
HAMD-17,PDCH标签99人,GLM-5.2,思考,14,性症状,7,0.4766533696075401,3.0,0.4481654993378887,0.02848787026965144,max_corrected_rho,39,4,4,repeated_10x5_oof,80,19
HAMD-17,PDCH标签99人,GLM-5.2,思考,15,疑病,8,0.08572324944895732,15.0,0.0646280582343666,0.02109519121459072,max_corrected_rho,80,4,4,repeated_10x5_oof,80,19
HAMD-17,PDCH标签99人,GLM-5.2,思考,16,体重减轻,7,0.25246484817165976,8.0,0.22610176796235765,0.026363080209302114,max_corrected_rho,80,4,4,repeated_10x5_oof,80,19
HAMD-17,PDCH标签99人,GLM-5.2,思考,17,自知力,7,0.0037924078759449345,3.0,-0.01463144265062393,0.018423850526568863,max_corrected_rho,80,4,4,repeated_10x5_oof,80,19
HAMD-17,PDCH标签99人,Kimi-K2.6,思考,1,抑郁情绪,11,0.5562771716340796,7.0,0.5215175146233911,0.034759657010688505,max_corrected_rho,80,4,4,repeated_10x5_oof,80,19
HAMD-17,PDCH标签99人,Kimi-K2.6,思考,2,有罪感,3,0.44849189205905104,8.0,0.38669802196703973,0.061793870092011316,max_corrected_rho,80,4,4,repeated_10x5_oof,80,19
HAMD-17,PDCH标签99人,Kimi-K2.6,思考,3,自杀,7,0.44869838657623135,16.0,0.4282369399670152,0.020461446609216172,max_corrected_rho,80,4,4,repeated_10x5_oof,80,19
HAMD-17,PDCH标签99人,Kimi-K2.6,思考,4,入睡困难,3,0.48446913007906456,12.0,0.4030505115545951,0.08141861852446947,max_corrected_rho,80,4,4,repeated_10x5_oof,80,19
HAMD-17,PDCH标签99人,Kimi-K2.6,思考,5,睡眠不深,3,0.19083267106003957,16.0,0.18117429004256502,0.009658381017474543,max_corrected_rho,80,4,4,repeated_10x5_oof,80,19
HAMD-17,PDCH标签99人,Kimi-K2.6,思考,6,早醒,7,0.3262706798107226,16.0,0.3078470013542528,0.018423678456469805,max_corrected_rho,80,4,4,repeated_10x5_oof,80,19
HAMD-17,PDCH标签99人,Kimi-K2.6,思考,7,工作和活动,3,0.6766026728457962,7.0,0.6709319433477083,0.00567072949808789,max_corrected_rho,80,4,4,repeated_10x5_oof,80,19
HAMD-17,PDCH标签99人,Kimi-K2.6,思考,8,迟滞,15,0.35642307807044277,8.0,0.33362636709725035,0.022796710973192413,max_corrected_rho,80,4,4,repeated_10x5_oof,80,19
HAMD-17,PDCH标签99人,Kimi-K2.6,思考,9,激越,11,0.30903401854592716,7.0,0.29157956956773273,0.017454448978194426,max_corrected_rho,80,4,4,repeated_10x5_oof,80,19
HAMD-17,PDCH标签99人,Kimi-K2.6,思考,10,精神性焦虑,8,0.5045901581695236,11.0,0.37432723000226287,0.1302629281672607,max_corrected_rho,80,4,4,repeated_10x5_oof,80,19
HAMD-17,PDCH标签99人,Kimi-K2.6,思考,11,躯体性焦虑,7,0.5502316467929936,4.0,0.47341629191842766,0.07681535487456598,max_corrected_rho,80,4,4,repeated_10x5_oof,80,19
HAMD-17,PDCH标签99人,Kimi-K2.6,思考,12,胃肠道症状,7,0.41002259727268053,8.0,0.406647594392123,0.0033750028805575316,max_corrected_rho,80,4,4,repeated_10x5_oof,80,19
HAMD-17,PDCH标签99人,Kimi-K2.6,思考,13,全身症状,11,0.5867778936145646,3.0,0.5736595540178806,0.013118339596683959,max_corrected_rho,80,4,4,repeated_10x5_oof,80,19
HAMD-17,PDCH标签99人,Kimi-K2.6,思考,14,性症状,3,,,,,all_not_estimable_fallback_c03,29,4,4,repeated_10x5_oof,80,19
HAMD-17,PDCH标签99人,Kimi-K2.6,思考,15,疑病,7,0.11467216383990292,16.0,0.09568679993760394,0.018985363902298977,max_corrected_rho,80,4,4,repeated_10x5_oof,80,19
HAMD-17,PDCH标签99人,Kimi-K2.6,思考,16,体重减轻,7,0.27742666314013686,16.0,0.2481867290984546,0.029239934041682264,max_corrected_rho,80,4,4,repeated_10x5_oof,80,19
HAMD-17,PDCH标签99人,Kimi-K2.6,思考,17,自知力,8,0.2966199503137155,7.0,0.18285015776493133,0.1137697925487842,max_corrected_rho,80,4,4,repeated_10x5_oof,80,19
HAMD-17,PDCH标签99人,Qwen3.7-Max,思考,1,抑郁情绪,8,0.5621797501452056,3.0,0.5425749259807798,0.01960482416442577,max_corrected_rho,80,4,4,repeated_10x5_oof,80,19
HAMD-17,PDCH标签99人,Qwen3.7-Max,思考,2,有罪感,3,0.46933395687077367,4.0,0.42960411996755704,0.03972983690321663,max_corrected_rho,80,4,4,repeated_10x5_oof,80,19
HAMD-17,PDCH标签99人,Qwen3.7-Max,思考,3,自杀,8,0.47209811813177815,12.0,0.44651474233692895,0.025583375794849206,max_corrected_rho,80,4,4,repeated_10x5_oof,80,19
HAMD-17,PDCH标签99人,Qwen3.7-Max,思考,4,入睡困难,3,0.426475164506525,12.0,0.41304238305376406,0.013432781452760945,max_corrected_rho,80,4,4,repeated_10x5_oof,80,19
HAMD-17,PDCH标签99人,Qwen3.7-Max,思考,5,睡眠不深,15,0.29030342021472727,16.0,0.2236508532791139,0.06665256693561336,max_corrected_rho,80,4,4,repeated_10x5_oof,80,19
HAMD-17,PDCH标签99人,Qwen3.7-Max,思考,6,早醒,3,0.34870343774862933,4.0,0.30144240259025645,0.04726103515837288,max_corrected_rho,80,4,4,repeated_10x5_oof,80,19
HAMD-17,PDCH标签99人,Qwen3.7-Max,思考,7,工作和活动,3,0.6682515840997943,4.0,0.6505942291550535,0.017657354944740855,max_corrected_rho,80,4,4,repeated_10x5_oof,80,19
HAMD-17,PDCH标签99人,Qwen3.7-Max,思考,8,迟滞,15,0.4835071059248727,3.0,0.41479570058351933,0.0687114053413534,max_corrected_rho,80,4,4,repeated_10x5_oof,80,19
HAMD-17,PDCH标签99人,Qwen3.7-Max,思考,9,激越,11,0.3680959355407085,3.0,0.35397026666319614,0.014125668877512376,max_corrected_rho,80,4,4,repeated_10x5_oof,80,19
HAMD-17,PDCH标签99人,Qwen3.7-Max,思考,10,精神性焦虑,4,0.45713032133473275,11.0,0.4284803279799075,0.028649993354825265,max_corrected_rho,80,4,4,repeated_10x5_oof,80,19
HAMD-17,PDCH标签99人,Qwen3.7-Max,思考,11,躯体性焦虑,11,0.566778530611071,12.0,0.5454207286917734,0.021357801919297592,max_corrected_rho,80,4,4,repeated_10x5_oof,80,19
HAMD-17,PDCH标签99人,Qwen3.7-Max,思考,12,胃肠道症状,8,0.40461911378045734,11.0,0.40160106393034156,0.003018049850115778,max_corrected_rho,80,4,4,repeated_10x5_oof,80,19
HAMD-17,PDCH标签99人,Qwen3.7-Max,思考,13,全身症状,3,0.6119339529015598,4.0,0.5565361360672738,0.05539781683428602,max_corrected_rho,80,4,4,repeated_10x5_oof,80,19
HAMD-17,PDCH标签99人,Qwen3.7-Max,思考,14,性症状,3,0.28567728846813817,4.0,0.28567728846813817,0.0,max_corrected_rho_tie_prefer_c03,40,4,4,repeated_10x5_oof,80,19
HAMD-17,PDCH标签99人,Qwen3.7-Max,思考,15,疑病,15,0.1267904245210886,16.0,0.12175355603862623,0.0050368684824623755,max_corrected_rho,80,4,4,repeated_10x5_oof,80,19
HAMD-17,PDCH标签99人,Qwen3.7-Max,思考,16,体重减轻,12,0.26977610768936866,8.0,0.24272946214540606,0.027046645543962605,max_corrected_rho,80,4,4,repeated_10x5_oof,80,19
HAMD-17,PDCH标签99人,Qwen3.7-Max,思考,17,自知力,8,0.19138809085574335,3.0,0.09032711453099437,0.10106097632474897,max_corrected_rho,80,4,4,repeated_10x5_oof,80,19
HAMD-17,PDCH标签99人,GLM-5.2,思考,1,抑郁情绪,16,0.5749736113063925,15.0,0.5405170821890498,0.03445652911734265,max_corrected_rho,79,5,0,repeated_10x5_oof,79,20
HAMD-17,PDCH标签99人,GLM-5.2,思考,2,有罪感,15,0.4114905192710323,16.0,0.38175369302207024,0.029736826248962067,max_corrected_rho,79,5,0,repeated_10x5_oof,79,20
HAMD-17,PDCH标签99人,GLM-5.2,思考,3,自杀,16,0.44788948777183457,15.0,0.41296686891269185,0.03492261885914272,max_corrected_rho,79,5,0,repeated_10x5_oof,79,20
HAMD-17,PDCH标签99人,GLM-5.2,思考,4,入睡困难,3,0.5096191153542882,16.0,0.46565082025762167,0.0439682950966665,max_corrected_rho,79,5,0,repeated_10x5_oof,79,20
HAMD-17,PDCH标签99人,GLM-5.2,思考,5,睡眠不深,3,0.2248824720070558,8.0,0.21242127346051498,0.01246119854654082,max_corrected_rho,79,5,0,repeated_10x5_oof,79,20
HAMD-17,PDCH标签99人,GLM-5.2,思考,6,早醒,3,0.4925281349092355,4.0,0.4397327476806938,0.05279538722854171,max_corrected_rho,79,5,0,repeated_10x5_oof,79,20
HAMD-17,PDCH标签99人,GLM-5.2,思考,7,工作和活动,8,0.630511687004739,3.0,0.6106349258902709,0.019876761114468122,max_corrected_rho,79,5,0,repeated_10x5_oof,79,20
HAMD-17,PDCH标签99人,GLM-5.2,思考,8,迟滞,15,0.4911391681492095,7.0,0.4468634830053729,0.04427568514383662,max_corrected_rho,79,5,0,repeated_10x5_oof,79,20
HAMD-17,PDCH标签99人,GLM-5.2,思考,9,激越,7,0.4029229191728838,15.0,0.390577939952878,0.012344979220005825,max_corrected_rho,79,5,0,repeated_10x5_oof,79,20
HAMD-17,PDCH标签99人,GLM-5.2,思考,10,精神性焦虑,16,0.5596561109315851,15.0,0.49949430470121764,0.06016180623036743,max_corrected_rho,79,5,0,repeated_10x5_oof,79,20
HAMD-17,PDCH标签99人,GLM-5.2,思考,11,躯体性焦虑,7,0.5734356768397905,3.0,0.540464272234848,0.03297140460494241,max_corrected_rho,79,5,0,repeated_10x5_oof,79,20
HAMD-17,PDCH标签99人,GLM-5.2,思考,12,胃肠道症状,12,0.4680307583118706,11.0,0.4660026605369645,0.0020280977749060902,max_corrected_rho,79,5,0,repeated_10x5_oof,79,20
HAMD-17,PDCH标签99人,GLM-5.2,思考,13,全身症状,15,0.5344701314461127,3.0,0.523317249809954,0.011152881636158685,max_corrected_rho,79,5,0,repeated_10x5_oof,79,20
HAMD-17,PDCH标签99人,GLM-5.2,思考,14,性症状,3,0.49564328738534597,16.0,0.49564328738534597,0.0,max_corrected_rho_tie_prefer_c03,35,5,0,repeated_10x5_oof,79,20
HAMD-17,PDCH标签99人,GLM-5.2,思考,15,疑病,8,0.10605901002950348,16.0,0.09743860942931322,0.008620400600190259,max_corrected_rho,79,5,0,repeated_10x5_oof,79,20
HAMD-17,PDCH标签99人,GLM-5.2,思考,16,体重减轻,15,0.332343389373113,7.0,0.30470620725383335,0.027637182119279624,max_corrected_rho,79,5,0,repeated_10x5_oof,79,20
HAMD-17,PDCH标签99人,GLM-5.2,思考,17,自知力,11,0.02481607956839958,3.0,-0.0021834762706496418,0.02699955583904922,max_corrected_rho,79,5,0,repeated_10x5_oof,79,20
HAMD-17,PDCH标签99人,Kimi-K2.6,思考,1,抑郁情绪,7,0.543965687888537,8.0,0.5429456647450214,0.0010200231435156804,max_corrected_rho,79,5,0,repeated_10x5_oof,79,20
HAMD-17,PDCH标签99人,Kimi-K2.6,思考,2,有罪感,12,0.33835536835008245,8.0,0.3261359520596365,0.012219416290445928,max_corrected_rho,79,5,0,repeated_10x5_oof,79,20
HAMD-17,PDCH标签99人,Kimi-K2.6,思考,3,自杀,16,0.4055013473366993,7.0,0.3880798448270911,0.017421502509608167,max_corrected_rho,79,5,0,repeated_10x5_oof,79,20
HAMD-17,PDCH标签99人,Kimi-K2.6,思考,4,入睡困难,3,0.5613056247129938,12.0,0.5406963764565549,0.02060924825643895,max_corrected_rho,79,5,0,repeated_10x5_oof,79,20
HAMD-17,PDCH标签99人,Kimi-K2.6,思考,5,睡眠不深,16,0.23353701973302743,8.0,0.2141061937203951,0.019430826012632324,max_corrected_rho,79,5,0,repeated_10x5_oof,79,20
HAMD-17,PDCH标签99人,Kimi-K2.6,思考,6,早醒,8,0.4171542414500186,3.0,0.41129188027211183,0.005862361177906783,max_corrected_rho,79,5,0,repeated_10x5_oof,79,20
HAMD-17,PDCH标签99人,Kimi-K2.6,思考,7,工作和活动,3,0.6186801622851517,4.0,0.6041133638694359,0.014566798415715732,max_corrected_rho,79,5,0,repeated_10x5_oof,79,20
HAMD-17,PDCH标签99人,Kimi-K2.6,思考,8,迟滞,16,0.3382077075911452,15.0,0.28853080576050816,0.049676901830637055,max_corrected_rho,79,5,0,repeated_10x5_oof,79,20
HAMD-17,PDCH标签99人,Kimi-K2.6,思考,9,激越,11,0.31261060554673703,15.0,0.24155815638091538,0.07105244916582165,max_corrected_rho,79,5,0,repeated_10x5_oof,79,20
HAMD-17,PDCH标签99人,Kimi-K2.6,思考,10,精神性焦虑,8,0.42121965672993983,11.0,0.3996378797433196,0.021581776986620227,max_corrected_rho,79,5,0,repeated_10x5_oof,79,20
HAMD-17,PDCH标签99人,Kimi-K2.6,思考,11,躯体性焦虑,7,0.5548913314961187,16.0,0.5140307369054267,0.04086059459069202,max_corrected_rho,79,5,0,repeated_10x5_oof,79,20
HAMD-17,PDCH标签99人,Kimi-K2.6,思考,12,胃肠道症状,8,0.4515349413353013,7.0,0.4248401481332204,0.026694793202080902,max_corrected_rho,79,5,0,repeated_10x5_oof,79,20
HAMD-17,PDCH标签99人,Kimi-K2.6,思考,13,全身症状,11,0.6022762227332387,12.0,0.5661120463092675,0.036164176423971184,max_corrected_rho,79,5,0,repeated_10x5_oof,79,20
HAMD-17,PDCH标签99人,Kimi-K2.6,思考,14,性症状,3,,,,,all_not_estimable_fallback_c03,29,5,0,repeated_10x5_oof,79,20
HAMD-17,PDCH标签99人,Kimi-K2.6,思考,15,疑病,4,0.1258657487050965,16.0,0.09544523725789017,0.03042051144720634,max_corrected_rho,79,5,0,repeated_10x5_oof,79,20
HAMD-17,PDCH标签99人,Kimi-K2.6,思考,16,体重减轻,7,0.3445024379940327,12.0,0.3056563529063333,0.03884608508769938,max_corrected_rho,79,5,0,repeated_10x5_oof,79,20
HAMD-17,PDCH标签99人,Kimi-K2.6,思考,17,自知力,8,0.3524993984420574,12.0,0.21002204306530348,0.14247735537675393,max_corrected_rho,79,5,0,repeated_10x5_oof,79,20
HAMD-17,PDCH标签99人,Qwen3.7-Max,思考,1,抑郁情绪,4,0.5137250793444874,8.0,0.4901063746118684,0.02361870473261901,max_corrected_rho,79,5,0,repeated_10x5_oof,79,20
HAMD-17,PDCH标签99人,Qwen3.7-Max,思考,2,有罪感,15,0.34530531136362996,4.0,0.32322697888922236,0.022078332474407603,max_corrected_rho,79,5,0,repeated_10x5_oof,79,20
HAMD-17,PDCH标签99人,Qwen3.7-Max,思考,3,自杀,16,0.4341521138830329,12.0,0.4200357328434562,0.014116381039576686,max_corrected_rho,79,5,0,repeated_10x5_oof,79,20
HAMD-17,PDCH标签99人,Qwen3.7-Max,思考,4,入睡困难,3,0.5419609206243224,12.0,0.4934870612622479,0.048473859362074545,max_corrected_rho,79,5,0,repeated_10x5_oof,79,20
HAMD-17,PDCH标签99人,Qwen3.7-Max,思考,5,睡眠不深,15,0.321435437139837,16.0,0.25843959215144474,0.06299584498839228,max_corrected_rho,79,5,0,repeated_10x5_oof,79,20
HAMD-17,PDCH标签99人,Qwen3.7-Max,思考,6,早醒,3,0.4663209665614494,4.0,0.4165425310802466,0.04977843548120281,max_corrected_rho,79,5,0,repeated_10x5_oof,79,20
HAMD-17,PDCH标签99人,Qwen3.7-Max,思考,7,工作和活动,3,0.6152275165506439,11.0,0.5795695490830833,0.03565796746756056,max_corrected_rho,79,5,0,repeated_10x5_oof,79,20
HAMD-17,PDCH标签99人,Qwen3.7-Max,思考,8,迟滞,15,0.43146044091772245,3.0,0.3327147092435998,0.09874573167412265,max_corrected_rho,79,5,0,repeated_10x5_oof,79,20
HAMD-17,PDCH标签99人,Qwen3.7-Max,思考,9,激越,3,0.33169730923325413,15.0,0.3147866789702962,0.016910630262957915,max_corrected_rho,79,5,0,repeated_10x5_oof,79,20
HAMD-17,PDCH标签99人,Qwen3.7-Max,思考,10,精神性焦虑,4,0.4503165916552551,3.0,0.44535121747455014,0.004965374180704973,max_corrected_rho,79,5,0,repeated_10x5_oof,79,20
HAMD-17,PDCH标签99人,Qwen3.7-Max,思考,11,躯体性焦虑,11,0.5776730050669904,3.0,0.5348374917790919,0.042835513287898475,max_corrected_rho,79,5,0,repeated_10x5_oof,79,20
HAMD-17,PDCH标签99人,Qwen3.7-Max,思考,12,胃肠道症状,7,0.46476564515376395,11.0,0.44905291389380403,0.015712731259959922,max_corrected_rho,79,5,0,repeated_10x5_oof,79,20
HAMD-17,PDCH标签99人,Qwen3.7-Max,思考,13,全身症状,3,0.5740855410506219,4.0,0.49483345604690554,0.07925208500371639,max_corrected_rho,79,5,0,repeated_10x5_oof,79,20
HAMD-17,PDCH标签99人,Qwen3.7-Max,思考,14,性症状,7,0.36257875525576305,3.0,0.3520926902059082,0.010486065049854831,max_corrected_rho,39,5,0,repeated_10x5_oof,79,20
HAMD-17,PDCH标签99人,Qwen3.7-Max,思考,15,疑病,11,0.10923900794853325,16.0,0.0953500033306997,0.013889004617833545,max_corrected_rho,79,5,0,repeated_10x5_oof,79,20
HAMD-17,PDCH标签99人,Qwen3.7-Max,思考,16,体重减轻,7,0.3304456367852498,8.0,0.31586380263000924,0.014581834155240558,max_corrected_rho,79,5,0,repeated_10x5_oof,79,20
HAMD-17,PDCH标签99人,Qwen3.7-Max,思考,17,自知力,8,0.23323268468346656,11.0,0.04811055121024882,0.18512213347321774,max_corrected_rho,79,5,0,repeated_10x5_oof,79,20
HAMD-17,PDCH标签99人,GLM-5.2,思考,1,抑郁情绪,8,0.5602711731832121,7.0,0.5595515407215657,0.0007196324616464134,max_corrected_rho,79,5,1,repeated_10x5_oof,79,20
HAMD-17,PDCH标签99人,GLM-5.2,思考,2,有罪感,4,0.4515347467607747,7.0,0.4397492409536094,0.011785505807165308,max_corrected_rho,79,5,1,repeated_10x5_oof,79,20
HAMD-17,PDCH标签99人,GLM-5.2,思考,3,自杀,15,0.4643198879778414,16.0,0.44244349999405647,0.02187638798378494,max_corrected_rho,79,5,1,repeated_10x5_oof,79,20
HAMD-17,PDCH标签99人,GLM-5.2,思考,4,入睡困难,16,0.4761641699841373,7.0,0.4694544608296497,0.0067097091544875975,max_corrected_rho,79,5,1,repeated_10x5_oof,79,20
HAMD-17,PDCH标签99人,GLM-5.2,思考,5,睡眠不深,8,0.22567489627418374,3.0,0.20832344440453593,0.017351451869647816,max_corrected_rho,79,5,1,repeated_10x5_oof,79,20
HAMD-17,PDCH标签99人,GLM-5.2,思考,6,早醒,4,0.3537995038091352,3.0,0.342873203013146,0.010926300795989219,max_corrected_rho,79,5,1,repeated_10x5_oof,79,20
HAMD-17,PDCH标签99人,GLM-5.2,思考,7,工作和活动,8,0.6511915819486086,3.0,0.6299419829532118,0.0212495989953968,max_corrected_rho,79,5,1,repeated_10x5_oof,79,20
HAMD-17,PDCH标签99人,GLM-5.2,思考,8,迟滞,4,0.5368847070225229,7.0,0.5171077831856462,0.01977692383687668,max_corrected_rho,79,5,1,repeated_10x5_oof,79,20
HAMD-17,PDCH标签99人,GLM-5.2,思考,9,激越,7,0.43563509593688104,15.0,0.3940669560480732,0.041568139888807865,max_corrected_rho,79,5,1,repeated_10x5_oof,79,20
HAMD-17,PDCH标签99人,GLM-5.2,思考,10,精神性焦虑,16,0.5602266128860528,7.0,0.498375119123314,0.061851493762738796,max_corrected_rho,79,5,1,repeated_10x5_oof,79,20
HAMD-17,PDCH标签99人,GLM-5.2,思考,11,躯体性焦虑,7,0.5995197960897456,3.0,0.5410728506577483,0.058446945431997244,max_corrected_rho,79,5,1,repeated_10x5_oof,79,20
HAMD-17,PDCH标签99人,GLM-5.2,思考,12,胃肠道症状,8,0.4710875576194076,4.0,0.45788635437211167,0.013201203247295956,max_corrected_rho,79,5,1,repeated_10x5_oof,79,20
HAMD-17,PDCH标签99人,GLM-5.2,思考,13,全身症状,15,0.5821500276302515,3.0,0.5621935021053692,0.01995652552488225,max_corrected_rho,79,5,1,repeated_10x5_oof,79,20
HAMD-17,PDCH标签99人,GLM-5.2,思考,14,性症状,7,0.5408401408021811,3.0,0.5134906151724555,0.02734952562972559,max_corrected_rho,42,5,1,repeated_10x5_oof,79,20
HAMD-17,PDCH标签99人,GLM-5.2,思考,15,疑病,8,0.16740921648614068,16.0,0.12864480601427697,0.038764410471863714,max_corrected_rho,79,5,1,repeated_10x5_oof,79,20
HAMD-17,PDCH标签99人,GLM-5.2,思考,16,体重减轻,7,0.16979335430746983,8.0,0.1423991543578538,0.027394199949616033,max_corrected_rho,79,5,1,repeated_10x5_oof,79,20
HAMD-17,PDCH标签99人,GLM-5.2,思考,17,自知力,3,0.09734245727497044,7.0,0.08956148971582747,0.007780967559142968,max_corrected_rho,79,5,1,repeated_10x5_oof,79,20
HAMD-17,PDCH标签99人,Kimi-K2.6,思考,1,抑郁情绪,11,0.5790268932097873,7.0,0.5611529555524786,0.017873937657308714,max_corrected_rho,79,5,1,repeated_10x5_oof,79,20
HAMD-17,PDCH标签99人,Kimi-K2.6,思考,2,有罪感,3,0.49661386976492317,8.0,0.4037804964455603,0.09283337331936287,max_corrected_rho,79,5,1,repeated_10x5_oof,79,20
HAMD-17,PDCH标签99人,Kimi-K2.6,思考,3,自杀,7,0.43579042464147205,3.0,0.39699762357129503,0.03879280107017702,max_corrected_rho,79,5,1,repeated_10x5_oof,79,20
HAMD-17,PDCH标签99人,Kimi-K2.6,思考,4,入睡困难,3,0.5006517081578334,12.0,0.4282075906207952,0.07244411753703822,max_corrected_rho,79,5,1,repeated_10x5_oof,79,20
HAMD-17,PDCH标签99人,Kimi-K2.6,思考,5,睡眠不深,3,0.3262129802191863,11.0,0.2250363908372398,0.10117658938194651,max_corrected_rho,79,5,1,repeated_10x5_oof,79,20
HAMD-17,PDCH标签99人,Kimi-K2.6,思考,6,早醒,16,0.3865290301183239,11.0,0.33950932865255745,0.04701970146576645,max_corrected_rho,79,5,1,repeated_10x5_oof,79,20
HAMD-17,PDCH标签99人,Kimi-K2.6,思考,7,工作和活动,3,0.6787183237266264,7.0,0.630104142977145,0.04861418074948143,max_corrected_rho,79,5,1,repeated_10x5_oof,79,20
HAMD-17,PDCH标签99人,Kimi-K2.6,思考,8,迟滞,3,0.33611040662577374,11.0,0.3183771448937742,0.017733261731999517,max_corrected_rho,79,5,1,repeated_10x5_oof,79,20
HAMD-17,PDCH标签99人,Kimi-K2.6,思考,9,激越,8,0.2841280546595102,7.0,0.26556625269287776,0.01856180196663243,max_corrected_rho,79,5,1,repeated_10x5_oof,79,20
HAMD-17,PDCH标签99人,Kimi-K2.6,思考,10,精神性焦虑,8,0.5269723670933706,12.0,0.4319696552766778,0.09500271181669279,max_corrected_rho,79,5,1,repeated_10x5_oof,79,20
HAMD-17,PDCH标签99人,Kimi-K2.6,思考,11,躯体性焦虑,7,0.5204258122858887,16.0,0.4631735097137546,0.057252302572134095,max_corrected_rho,79,5,1,repeated_10x5_oof,79,20
HAMD-17,PDCH标签99人,Kimi-K2.6,思考,12,胃肠道症状,8,0.46330229060980566,7.0,0.4287838648539839,0.03451842575582176,max_corrected_rho,79,5,1,repeated_10x5_oof,79,20
HAMD-17,PDCH标签99人,Kimi-K2.6,思考,13,全身症状,11,0.608043115338545,3.0,0.5590750503204931,0.048968065018051954,max_corrected_rho,79,5,1,repeated_10x5_oof,79,20
HAMD-17,PDCH标签99人,Kimi-K2.6,思考,14,性症状,4,0.3231295321170923,3.0,0.31107450692906424,0.012055025188028035,max_corrected_rho,35,5,1,repeated_10x5_oof,79,20
HAMD-17,PDCH标签99人,Kimi-K2.6,思考,15,疑病,4,0.19047326052077515,11.0,0.17554793324039172,0.014925327280383427,max_corrected_rho,79,5,1,repeated_10x5_oof,79,20
HAMD-17,PDCH标签99人,Kimi-K2.6,思考,16,体重减轻,7,0.21401271619989196,16.0,0.1512724465911956,0.06274026960869636,max_corrected_rho,79,5,1,repeated_10x5_oof,79,20
HAMD-17,PDCH标签99人,Kimi-K2.6,思考,17,自知力,8,0.32933366577621265,7.0,0.28830360652554077,0.04103005925067188,max_corrected_rho,79,5,1,repeated_10x5_oof,79,20
HAMD-17,PDCH标签99人,Qwen3.7-Max,思考,1,抑郁情绪,8,0.5370990081645907,4.0,0.5307066244222153,0.006392383742375385,max_corrected_rho,79,5,1,repeated_10x5_oof,79,20
HAMD-17,PDCH标签99人,Qwen3.7-Max,思考,2,有罪感,15,0.3971544223458968,8.0,0.38834158603980573,0.008812836306091087,max_corrected_rho,79,5,1,repeated_10x5_oof,79,20
HAMD-17,PDCH标签99人,Qwen3.7-Max,思考,3,自杀,16,0.42424725295318116,8.0,0.40714245064922056,0.01710480230396061,max_corrected_rho,79,5,1,repeated_10x5_oof,79,20
HAMD-17,PDCH标签99人,Qwen3.7-Max,思考,4,入睡困难,12,0.4558619910111273,3.0,0.45013689412149416,0.00572509688963313,max_corrected_rho,79,5,1,repeated_10x5_oof,79,20
HAMD-17,PDCH标签99人,Qwen3.7-Max,思考,5,睡眠不深,15,0.26749110945016497,16.0,0.23460562013466424,0.03288548931550073,max_corrected_rho,79,5,1,repeated_10x5_oof,79,20
HAMD-17,PDCH标签99人,Qwen3.7-Max,思考,6,早醒,3,0.3671606437670789,4.0,0.34726772369458947,0.01989292007248944,max_corrected_rho,79,5,1,repeated_10x5_oof,79,20
HAMD-17,PDCH标签99人,Qwen3.7-Max,思考,7,工作和活动,3,0.6571000576281564,11.0,0.6532279113739988,0.003872146254157549,max_corrected_rho,79,5,1,repeated_10x5_oof,79,20
HAMD-17,PDCH标签99人,Qwen3.7-Max,思考,8,迟滞,15,0.4650065688590249,16.0,0.4392292656396476,0.025777303219377323,max_corrected_rho,79,5,1,repeated_10x5_oof,79,20
HAMD-17,PDCH标签99人,Qwen3.7-Max,思考,9,激越,11,0.403323917887297,3.0,0.3906429640598434,0.0126809538274536,max_corrected_rho,79,5,1,repeated_10x5_oof,79,20
HAMD-17,PDCH标签99人,Qwen3.7-Max,思考,10,精神性焦虑,4,0.48991983928691396,11.0,0.48054464247129614,0.009375196815617826,max_corrected_rho,79,5,1,repeated_10x5_oof,79,20
HAMD-17,PDCH标签99人,Qwen3.7-Max,思考,11,躯体性焦虑,11,0.5799312505753079,12.0,0.5507609577728958,0.029170292802412123,max_corrected_rho,79,5,1,repeated_10x5_oof,79,20
HAMD-17,PDCH标签99人,Qwen3.7-Max,思考,12,胃肠道症状,3,0.4467300383871026,11.0,0.44439869075447636,0.0023313476326262683,max_corrected_rho,79,5,1,repeated_10x5_oof,79,20
HAMD-17,PDCH标签99人,Qwen3.7-Max,思考,13,全身症状,3,0.5773750444578385,4.0,0.5358820027432077,0.04149304171463075,max_corrected_rho,79,5,1,repeated_10x5_oof,79,20
HAMD-17,PDCH标签99人,Qwen3.7-Max,思考,14,性症状,3,0.3943032131323752,7.0,0.3943032131323752,0.0,max_corrected_rho_tie_prefer_c03,42,5,1,repeated_10x5_oof,79,20
HAMD-17,PDCH标签99人,Qwen3.7-Max,思考,15,疑病,11,0.18900401999166644,16.0,0.13331234575340165,0.05569167423826479,max_corrected_rho,79,5,1,repeated_10x5_oof,79,20
HAMD-17,PDCH标签99人,Qwen3.7-Max,思考,16,体重减轻,12,0.1937151173448343,7.0,0.16918326993775734,0.02453184740707695,max_corrected_rho,79,5,1,repeated_10x5_oof,79,20
HAMD-17,PDCH标签99人,Qwen3.7-Max,思考,17,自知力,8,0.20140136008970727,3.0,0.1147885866586011,0.08661277343110617,max_corrected_rho,79,5,1,repeated_10x5_oof,79,20
HAMD-17,PDCH标签99人,GLM-5.2,思考,1,抑郁情绪,16,0.5833047827363623,15.0,0.5645499305062389,0.01875485223012341,max_corrected_rho,79,5,2,repeated_10x5_oof,79,20
HAMD-17,PDCH标签99人,GLM-5.2,思考,2,有罪感,4,0.45597050076525997,12.0,0.4345645937861997,0.021405906979060252,max_corrected_rho,79,5,2,repeated_10x5_oof,79,20
HAMD-17,PDCH标签99人,GLM-5.2,思考,3,自杀,15,0.4589544513858342,3.0,0.4206442641075684,0.038310187278265795,max_corrected_rho,79,5,2,repeated_10x5_oof,79,20
HAMD-17,PDCH标签99人,GLM-5.2,思考,4,入睡困难,11,0.4594444482736333,4.0,0.43802549436872684,0.021418953904906446,max_corrected_rho,79,5,2,repeated_10x5_oof,79,20
HAMD-17,PDCH标签99人,GLM-5.2,思考,5,睡眠不深,11,0.249496650694073,3.0,0.24347051109370593,0.006026139600367075,max_corrected_rho,79,5,2,repeated_10x5_oof,79,20
HAMD-17,PDCH标签99人,GLM-5.2,思考,6,早醒,3,0.3742426247749018,12.0,0.3082308905438812,0.06601173423102058,max_corrected_rho,79,5,2,repeated_10x5_oof,79,20
HAMD-17,PDCH标签99人,GLM-5.2,思考,7,工作和活动,8,0.6674430305515653,11.0,0.613827248827327,0.05361578172423831,max_corrected_rho,79,5,2,repeated_10x5_oof,79,20
HAMD-17,PDCH标签99人,GLM-5.2,思考,8,迟滞,11,0.5094351327428124,7.0,0.5063577087019503,0.0030774240408620868,max_corrected_rho,79,5,2,repeated_10x5_oof,79,20
HAMD-17,PDCH标签99人,GLM-5.2,思考,9,激越,15,0.4528923778407891,11.0,0.39991759591794523,0.05297478192284388,max_corrected_rho,79,5,2,repeated_10x5_oof,79,20
HAMD-17,PDCH标签99人,GLM-5.2,思考,10,精神性焦虑,16,0.5292155328615804,8.0,0.4949003970156677,0.034315135845912725,max_corrected_rho,79,5,2,repeated_10x5_oof,79,20
HAMD-17,PDCH标签99人,GLM-5.2,思考,11,躯体性焦虑,7,0.5760666533286984,3.0,0.5739207504431107,0.0021459028855876916,max_corrected_rho,79,5,2,repeated_10x5_oof,79,20
HAMD-17,PDCH标签99人,GLM-5.2,思考,12,胃肠道症状,11,0.4330525101697723,12.0,0.4317067980831731,0.0013457120865992267,max_corrected_rho,79,5,2,repeated_10x5_oof,79,20
HAMD-17,PDCH标签99人,GLM-5.2,思考,13,全身症状,15,0.6127462159678779,3.0,0.5678430717811118,0.04490314418676611,max_corrected_rho,79,5,2,repeated_10x5_oof,79,20
HAMD-17,PDCH标签99人,GLM-5.2,思考,14,性症状,7,0.5486121952251941,8.0,0.5478245592019527,0.0007876360232413893,max_corrected_rho,40,5,2,repeated_10x5_oof,79,20
HAMD-17,PDCH标签99人,GLM-5.2,思考,15,疑病,15,0.08454048885709965,16.0,0.06341196518238587,0.02112852367471378,max_corrected_rho,79,5,2,repeated_10x5_oof,79,20
HAMD-17,PDCH标签99人,GLM-5.2,思考,16,体重减轻,8,0.3066810981627066,7.0,0.2790863534039932,0.02759474475871343,max_corrected_rho,79,5,2,repeated_10x5_oof,79,20
HAMD-17,PDCH标签99人,GLM-5.2,思考,17,自知力,11,0.09017525332965938,3.0,0.07933548226920512,0.010839771060454265,max_corrected_rho,79,5,2,repeated_10x5_oof,79,20
HAMD-17,PDCH标签99人,Kimi-K2.6,思考,1,抑郁情绪,11,0.6015917017986999,3.0,0.5401346493895419,0.061457052409158,max_corrected_rho,79,5,2,repeated_10x5_oof,79,20
HAMD-17,PDCH标签99人,Kimi-K2.6,思考,2,有罪感,8,0.3873778531583667,11.0,0.37064305560800226,0.016734797550364444,max_corrected_rho,79,5,2,repeated_10x5_oof,79,20
HAMD-17,PDCH标签99人,Kimi-K2.6,思考,3,自杀,16,0.3794869631260221,7.0,0.3697546290522544,0.009732334073767668,max_corrected_rho,79,5,2,repeated_10x5_oof,79,20
HAMD-17,PDCH标签99人,Kimi-K2.6,思考,4,入睡困难,3,0.5316472692071993,4.0,0.435636899908748,0.0960103692984513,max_corrected_rho,79,5,2,repeated_10x5_oof,79,20
HAMD-17,PDCH标签99人,Kimi-K2.6,思考,5,睡眠不深,16,0.24202253321678793,8.0,0.22468533908681282,0.017337194129975114,max_corrected_rho,79,5,2,repeated_10x5_oof,79,20
HAMD-17,PDCH标签99人,Kimi-K2.6,思考,6,早醒,16,0.35002215069080483,3.0,0.3148778272882089,0.035144323402595934,max_corrected_rho,79,5,2,repeated_10x5_oof,79,20
HAMD-17,PDCH标签99人,Kimi-K2.6,思考,7,工作和活动,7,0.6723804569587009,3.0,0.6329255551510767,0.03945490180762412,max_corrected_rho,79,5,2,repeated_10x5_oof,79,20
HAMD-17,PDCH标签99人,Kimi-K2.6,思考,8,迟滞,15,0.33095643366453603,8.0,0.3005824079984348,0.030374025666101256,max_corrected_rho,79,5,2,repeated_10x5_oof,79,20
HAMD-17,PDCH标签99人,Kimi-K2.6,思考,9,激越,11,0.2718673713443779,7.0,0.26689931742067247,0.004968053923705418,max_corrected_rho,79,5,2,repeated_10x5_oof,79,20
HAMD-17,PDCH标签99人,Kimi-K2.6,思考,10,精神性焦虑,8,0.4201372858144836,15.0,0.40614563545579285,0.013991650358690766,max_corrected_rho,79,5,2,repeated_10x5_oof,79,20
HAMD-17,PDCH标签99人,Kimi-K2.6,思考,11,躯体性焦虑,7,0.5633128977954788,16.0,0.5021484966517374,0.06116440114374133,max_corrected_rho,79,5,2,repeated_10x5_oof,79,20
HAMD-17,PDCH标签99人,Kimi-K2.6,思考,12,胃肠道症状,8,0.38588887162657065,3.0,0.37796946828093236,0.007919403345638287,max_corrected_rho,79,5,2,repeated_10x5_oof,79,20
HAMD-17,PDCH标签99人,Kimi-K2.6,思考,13,全身症状,11,0.6072266802316015,3.0,0.5695161533648027,0.03771052686679888,max_corrected_rho,79,5,2,repeated_10x5_oof,79,20
HAMD-17,PDCH标签99人,Kimi-K2.6,思考,14,性症状,3,0.3775981651913924,4.0,0.3495433170545006,0.028054848136891797,max_corrected_rho,32,5,2,repeated_10x5_oof,79,20
HAMD-17,PDCH标签99人,Kimi-K2.6,思考,15,疑病,4,0.15534422358438305,7.0,0.060592154754332765,0.09475206883005027,max_corrected_rho,79,5,2,repeated_10x5_oof,79,20
HAMD-17,PDCH标签99人,Kimi-K2.6,思考,16,体重减轻,7,0.3744817471823128,16.0,0.31043904607825074,0.06404270110406207,max_corrected_rho,79,5,2,repeated_10x5_oof,79,20
HAMD-17,PDCH标签99人,Kimi-K2.6,思考,17,自知力,8,0.2909657496499904,12.0,0.2643453385312323,0.02662041111875807,max_corrected_rho,79,5,2,repeated_10x5_oof,79,20
HAMD-17,PDCH标签99人,Qwen3.7-Max,思考,1,抑郁情绪,4,0.5807658182916107,3.0,0.5565919756132339,0.024173842678376745,max_corrected_rho,79,5,2,repeated_10x5_oof,79,20
HAMD-17,PDCH标签99人,Qwen3.7-Max,思考,2,有罪感,8,0.39914910041858437,11.0,0.39560551089192925,0.003543589526655122,max_corrected_rho,79,5,2,repeated_10x5_oof,79,20
HAMD-17,PDCH标签99人,Qwen3.7-Max,思考,3,自杀,4,0.43663188514335577,16.0,0.39862689399145473,0.038004991151901035,max_corrected_rho,79,5,2,repeated_10x5_oof,79,20
HAMD-17,PDCH标签99人,Qwen3.7-Max,思考,4,入睡困难,12,0.4386753731167138,4.0,0.4383721045024274,0.0003032686142863672,max_corrected_rho,79,5,2,repeated_10x5_oof,79,20
HAMD-17,PDCH标签99人,Qwen3.7-Max,思考,5,睡眠不深,15,0.3410833317816167,16.0,0.2673225092795515,0.07376082250206523,max_corrected_rho,79,5,2,repeated_10x5_oof,79,20
HAMD-17,PDCH标签99人,Qwen3.7-Max,思考,6,早醒,4,0.34970802100875165,3.0,0.3130485120712107,0.03665950893754094,max_corrected_rho,79,5,2,repeated_10x5_oof,79,20
HAMD-17,PDCH标签99人,Qwen3.7-Max,思考,7,工作和活动,3,0.649209728333488,7.0,0.6102389382979223,0.038970790035565694,max_corrected_rho,79,5,2,repeated_10x5_oof,79,20
HAMD-17,PDCH标签99人,Qwen3.7-Max,思考,8,迟滞,15,0.38349052294875857,4.0,0.3755030324799213,0.007987490468837288,max_corrected_rho,79,5,2,repeated_10x5_oof,79,20
HAMD-17,PDCH标签99人,Qwen3.7-Max,思考,9,激越,11,0.32160087794965125,3.0,0.3099349882206913,0.011665889728959933,max_corrected_rho,79,5,2,repeated_10x5_oof,79,20
HAMD-17,PDCH标签99人,Qwen3.7-Max,思考,10,精神性焦虑,4,0.48648145602169846,3.0,0.4225983348925585,0.06388312112913996,max_corrected_rho,79,5,2,repeated_10x5_oof,79,20
HAMD-17,PDCH标签99人,Qwen3.7-Max,思考,11,躯体性焦虑,11,0.5769025649219087,3.0,0.5306943682408997,0.04620819668100906,max_corrected_rho,79,5,2,repeated_10x5_oof,79,20
HAMD-17,PDCH标签99人,Qwen3.7-Max,思考,12,胃肠道症状,11,0.419132603594157,3.0,0.41534713517886196,0.0037854684152950346,max_corrected_rho,79,5,2,repeated_10x5_oof,79,20
HAMD-17,PDCH标签99人,Qwen3.7-Max,思考,13,全身症状,3,0.5968981543603369,4.0,0.5416853001829297,0.05521285417740718,max_corrected_rho,79,5,2,repeated_10x5_oof,79,20
HAMD-17,PDCH标签99人,Qwen3.7-Max,思考,14,性症状,4,0.41867748092832624,7.0,0.41867748092832624,0.0,max_corrected_rho_tie_condition_order,39,5,2,repeated_10x5_oof,79,20
HAMD-17,PDCH标签99人,Qwen3.7-Max,思考,15,疑病,15,0.11241799463821056,16.0,0.10575654181383624,0.006661452824374317,max_corrected_rho,79,5,2,repeated_10x5_oof,79,20
HAMD-17,PDCH标签99人,Qwen3.7-Max,思考,16,体重减轻,12,0.31338776880847397,8.0,0.27205154378156093,0.04133622502691303,max_corrected_rho,79,5,2,repeated_10x5_oof,79,20
HAMD-17,PDCH标签99人,Qwen3.7-Max,思考,17,自知力,8,0.19175366379820238,3.0,0.11149172595762459,0.0802619378405778,max_corrected_rho,79,5,2,repeated_10x5_oof,79,20
HAMD-17,PDCH标签99人,GLM-5.2,思考,1,抑郁情绪,16,0.5702941675393679,15.0,0.5691577645738952,0.0011364029654726826,max_corrected_rho,79,5,3,repeated_10x5_oof,79,20
HAMD-17,PDCH标签99人,GLM-5.2,思考,2,有罪感,4,0.3905242408780847,3.0,0.38847774198326207,0.0020464988948226126,max_corrected_rho,79,5,3,repeated_10x5_oof,79,20
HAMD-17,PDCH标签99人,GLM-5.2,思考,3,自杀,15,0.4344302974627016,3.0,0.42175115629295357,0.012679141169748054,max_corrected_rho,79,5,3,repeated_10x5_oof,79,20
HAMD-17,PDCH标签99人,GLM-5.2,思考,4,入睡困难,3,0.4616052277144399,16.0,0.43123912046916835,0.030366107245271556,max_corrected_rho,79,5,3,repeated_10x5_oof,79,20
HAMD-17,PDCH标签99人,GLM-5.2,思考,5,睡眠不深,3,0.23151818566953264,11.0,0.2299630683975545,0.0015551172719781292,max_corrected_rho,79,5,3,repeated_10x5_oof,79,20
HAMD-17,PDCH标签99人,GLM-5.2,思考,6,早醒,3,0.302029018892699,7.0,0.2670479067280487,0.03498111216465033,max_corrected_rho,79,5,3,repeated_10x5_oof,79,20
HAMD-17,PDCH标签99人,GLM-5.2,思考,7,工作和活动,11,0.5985152048566675,8.0,0.5962745656083327,0.0022406392483348414,max_corrected_rho,79,5,3,repeated_10x5_oof,79,20
HAMD-17,PDCH标签99人,GLM-5.2,思考,8,迟滞,7,0.5506187283303039,11.0,0.5165763545466148,0.03404237378368913,max_corrected_rho,79,5,3,repeated_10x5_oof,79,20
HAMD-17,PDCH标签99人,GLM-5.2,思考,9,激越,15,0.3545675507952605,7.0,0.33747939562243445,0.017088155172826025,max_corrected_rho,79,5,3,repeated_10x5_oof,79,20
HAMD-17,PDCH标签99人,GLM-5.2,思考,10,精神性焦虑,15,0.52748020153673,16.0,0.5163892176876684,0.011090983849061598,max_corrected_rho,79,5,3,repeated_10x5_oof,79,20
HAMD-17,PDCH标签99人,GLM-5.2,思考,11,躯体性焦虑,7,0.5652509286070589,3.0,0.557665688133609,0.0075852404734499945,max_corrected_rho,79,5,3,repeated_10x5_oof,79,20
HAMD-17,PDCH标签99人,GLM-5.2,思考,12,胃肠道症状,11,0.4547416115758807,12.0,0.4321251323762356,0.0226164791996451,max_corrected_rho,79,5,3,repeated_10x5_oof,79,20
HAMD-17,PDCH标签99人,GLM-5.2,思考,13,全身症状,11,0.6135144123340854,15.0,0.5882300625538094,0.02528434978027605,max_corrected_rho,79,5,3,repeated_10x5_oof,79,20
HAMD-17,PDCH标签99人,GLM-5.2,思考,14,性症状,7,0.5530498150311907,3.0,0.5279138583622678,0.025135956668922876,max_corrected_rho,32,5,3,repeated_10x5_oof,79,20
HAMD-17,PDCH标签99人,GLM-5.2,思考,15,疑病,15,0.16259345932653346,16.0,0.10933452395634817,0.05325893537018529,max_corrected_rho,79,5,3,repeated_10x5_oof,79,20
HAMD-17,PDCH标签99人,GLM-5.2,思考,16,体重减轻,7,0.22757930749918637,3.0,0.21898672154108484,0.008592585958101528,max_corrected_rho,79,5,3,repeated_10x5_oof,79,20
HAMD-17,PDCH标签99人,GLM-5.2,思考,17,自知力,11,0.08680246049476519,3.0,0.03615301328041937,0.05064944721434581,max_corrected_rho,79,5,3,repeated_10x5_oof,79,20
HAMD-17,PDCH标签99人,Kimi-K2.6,思考,1,抑郁情绪,11,0.5683877762553954,8.0,0.5539975584333355,0.014390217822059848,max_corrected_rho,79,5,3,repeated_10x5_oof,79,20
HAMD-17,PDCH标签99人,Kimi-K2.6,思考,2,有罪感,3,0.35038896339260794,8.0,0.341085073436742,0.009303889955865952,max_corrected_rho,79,5,3,repeated_10x5_oof,79,20
HAMD-17,PDCH标签99人,Kimi-K2.6,思考,3,自杀,16,0.35567286449818364,7.0,0.342986593734943,0.012686270763240637,max_corrected_rho,79,5,3,repeated_10x5_oof,79,20
HAMD-17,PDCH标签99人,Kimi-K2.6,思考,4,入睡困难,3,0.5146710537094039,12.0,0.4457191886030044,0.0689518651063995,max_corrected_rho,79,5,3,repeated_10x5_oof,79,20
HAMD-17,PDCH标签99人,Kimi-K2.6,思考,5,睡眠不深,3,0.21523606895688369,8.0,0.21277786962284229,0.0024581993340414,max_corrected_rho,79,5,3,repeated_10x5_oof,79,20
HAMD-17,PDCH标签99人,Kimi-K2.6,思考,6,早醒,8,0.3128034002624054,16.0,0.28475781056776384,0.02804558969464155,max_corrected_rho,79,5,3,repeated_10x5_oof,79,20
HAMD-17,PDCH标签99人,Kimi-K2.6,思考,7,工作和活动,3,0.6470147939682926,4.0,0.6243075899628102,0.02270720400548243,max_corrected_rho,79,5,3,repeated_10x5_oof,79,20
HAMD-17,PDCH标签99人,Kimi-K2.6,思考,8,迟滞,15,0.31142210248086205,3.0,0.27222833081858244,0.03919377166227961,max_corrected_rho,79,5,3,repeated_10x5_oof,79,20
HAMD-17,PDCH标签99人,Kimi-K2.6,思考,9,激越,7,0.23831118702431875,12.0,0.23666807720367594,0.0016431098206428074,max_corrected_rho,79,5,3,repeated_10x5_oof,79,20
HAMD-17,PDCH标签99人,Kimi-K2.6,思考,10,精神性焦虑,8,0.5142629917008775,15.0,0.4594806436286319,0.054782348072245635,max_corrected_rho,79,5,3,repeated_10x5_oof,79,20
HAMD-17,PDCH标签99人,Kimi-K2.6,思考,11,躯体性焦虑,7,0.5830835507450447,4.0,0.4816049029378888,0.10147864780715588,max_corrected_rho,79,5,3,repeated_10x5_oof,79,20
HAMD-17,PDCH标签99人,Kimi-K2.6,思考,12,胃肠道症状,8,0.4387035586179686,3.0,0.39850290969899577,0.04020064891897285,max_corrected_rho,79,5,3,repeated_10x5_oof,79,20
HAMD-17,PDCH标签99人,Kimi-K2.6,思考,13,全身症状,11,0.61880796108344,3.0,0.596959500627245,0.02184846045619504,max_corrected_rho,79,5,3,repeated_10x5_oof,79,20
HAMD-17,PDCH标签99人,Kimi-K2.6,思考,14,性症状,3,,,,,all_not_estimable_fallback_c03,26,5,3,repeated_10x5_oof,79,20
HAMD-17,PDCH标签99人,Kimi-K2.6,思考,15,疑病,16,0.11769472736835378,7.0,0.10606448906892006,0.011630238299433715,max_corrected_rho,79,5,3,repeated_10x5_oof,79,20
HAMD-17,PDCH标签99人,Kimi-K2.6,思考,16,体重减轻,7,0.2624787652544078,3.0,0.24293986653200908,0.019538898722398695,max_corrected_rho,79,5,3,repeated_10x5_oof,79,20
HAMD-17,PDCH标签99人,Kimi-K2.6,思考,17,自知力,8,0.2634848158136293,7.0,0.18768825007690307,0.07579656573672625,max_corrected_rho,79,5,3,repeated_10x5_oof,79,20
HAMD-17,PDCH标签99人,Qwen3.7-Max,思考,1,抑郁情绪,4,0.538961933900661,8.0,0.5355222116382375,0.0034397222624235058,max_corrected_rho,79,5,3,repeated_10x5_oof,79,20
HAMD-17,PDCH标签99人,Qwen3.7-Max,思考,2,有罪感,4,0.37179894183547435,8.0,0.36063248790840696,0.011166453927067388,max_corrected_rho,79,5,3,repeated_10x5_oof,79,20
HAMD-17,PDCH标签99人,Qwen3.7-Max,思考,3,自杀,12,0.38694538726704786,8.0,0.37701151812251077,0.009933869144537089,max_corrected_rho,79,5,3,repeated_10x5_oof,79,20
HAMD-17,PDCH标签99人,Qwen3.7-Max,思考,4,入睡困难,12,0.46796796439852634,3.0,0.43394272209682483,0.03402524230170151,max_corrected_rho,79,5,3,repeated_10x5_oof,79,20
HAMD-17,PDCH标签99人,Qwen3.7-Max,思考,5,睡眠不深,15,0.23874409743746094,3.0,0.22359165197837344,0.015152445459087505,max_corrected_rho,79,5,3,repeated_10x5_oof,79,20
HAMD-17,PDCH标签99人,Qwen3.7-Max,思考,6,早醒,3,0.25946547617495774,4.0,0.24688621453375353,0.012579261641204209,max_corrected_rho,79,5,3,repeated_10x5_oof,79,20
HAMD-17,PDCH标签99人,Qwen3.7-Max,思考,7,工作和活动,3,0.5911580996984347,8.0,0.580484103906028,0.010673995792406687,max_corrected_rho,79,5,3,repeated_10x5_oof,79,20
HAMD-17,PDCH标签99人,Qwen3.7-Max,思考,8,迟滞,15,0.41525944693898975,3.0,0.35845488044224494,0.05680456649674481,max_corrected_rho,79,5,3,repeated_10x5_oof,79,20
HAMD-17,PDCH标签99人,Qwen3.7-Max,思考,9,激越,11,0.3202910153697506,15.0,0.3091914649386252,0.011099550431125371,max_corrected_rho,79,5,3,repeated_10x5_oof,79,20
HAMD-17,PDCH标签99人,Qwen3.7-Max,思考,10,精神性焦虑,4,0.47792815441488284,3.0,0.43775767967193707,0.04017047474294577,max_corrected_rho,79,5,3,repeated_10x5_oof,79,20
HAMD-17,PDCH标签99人,Qwen3.7-Max,思考,11,躯体性焦虑,4,0.5277758438956428,3.0,0.52033287094542,0.0074429729502227815,max_corrected_rho,79,5,3,repeated_10x5_oof,79,20
HAMD-17,PDCH标签99人,Qwen3.7-Max,思考,12,胃肠道症状,7,0.47646955851284767,3.0,0.4441271262350617,0.03234243227778599,max_corrected_rho,79,5,3,repeated_10x5_oof,79,20
HAMD-17,PDCH标签99人,Qwen3.7-Max,思考,13,全身症状,3,0.6183868312155442,7.0,0.5932778730231197,0.025108958192424424,max_corrected_rho,79,5,3,repeated_10x5_oof,79,20
HAMD-17,PDCH标签99人,Qwen3.7-Max,思考,14,性症状,7,0.4232983289728413,8.0,0.4232983289728413,0.0,max_corrected_rho_tie_condition_order,37,5,3,repeated_10x5_oof,79,20
HAMD-17,PDCH标签99人,Qwen3.7-Max,思考,15,疑病,15,0.16685061373778232,16.0,0.14095647198212516,0.025894141755657157,max_corrected_rho,79,5,3,repeated_10x5_oof,79,20
HAMD-17,PDCH标签99人,Qwen3.7-Max,思考,16,体重减轻,7,0.28657522175942557,3.0,0.24386542155109386,0.042709800208331705,max_corrected_rho,79,5,3,repeated_10x5_oof,79,20
HAMD-17,PDCH标签99人,Qwen3.7-Max,思考,17,自知力,8,0.18331941239161717,3.0,0.08519900345083053,0.09812040894078664,max_corrected_rho,79,5,3,repeated_10x5_oof,79,20
HAMD-17,PDCH标签99人,GLM-5.2,思考,1,抑郁情绪,16,0.6002446003670888,3.0,0.5821672290336678,0.018077371333421022,max_corrected_rho,80,5,4,repeated_10x5_oof,80,19
HAMD-17,PDCH标签99人,GLM-5.2,思考,2,有罪感,12,0.4174759222291408,4.0,0.384878508134688,0.032597414094452826,max_corrected_rho,80,5,4,repeated_10x5_oof,80,19
HAMD-17,PDCH标签99人,GLM-5.2,思考,3,自杀,15,0.4311179705425927,3.0,0.4052914334777306,0.0258265370648621,max_corrected_rho,80,5,4,repeated_10x5_oof,80,19
HAMD-17,PDCH标签99人,GLM-5.2,思考,4,入睡困难,16,0.4796457761009331,15.0,0.46093014371391855,0.01871563238701457,max_corrected_rho,80,5,4,repeated_10x5_oof,80,19
HAMD-17,PDCH标签99人,GLM-5.2,思考,5,睡眠不深,3,0.22059355525627491,7.0,0.2142116335211276,0.006381921735147317,max_corrected_rho,80,5,4,repeated_10x5_oof,80,19
HAMD-17,PDCH标签99人,GLM-5.2,思考,6,早醒,3,0.311687178819856,4.0,0.2923091328716596,0.01937804594819642,max_corrected_rho,80,5,4,repeated_10x5_oof,80,19
HAMD-17,PDCH标签99人,GLM-5.2,思考,7,工作和活动,15,0.6924910600035923,7.0,0.6592766782851288,0.03321438171846347,max_corrected_rho,80,5,4,repeated_10x5_oof,80,19
HAMD-17,PDCH标签99人,GLM-5.2,思考,8,迟滞,15,0.5576072931521415,16.0,0.5259064061385368,0.03170088701360474,max_corrected_rho,80,5,4,repeated_10x5_oof,80,19
HAMD-17,PDCH标签99人,GLM-5.2,思考,9,激越,7,0.4536600565359842,15.0,0.42842223312063404,0.025237823415350136,max_corrected_rho,80,5,4,repeated_10x5_oof,80,19
HAMD-17,PDCH标签99人,GLM-5.2,思考,10,精神性焦虑,16,0.6055257778991201,15.0,0.535150427898944,0.07037535000017614,max_corrected_rho,80,5,4,repeated_10x5_oof,80,19
HAMD-17,PDCH标签99人,GLM-5.2,思考,11,躯体性焦虑,7,0.6318572722112191,15.0,0.5829801896525503,0.04887708255866885,max_corrected_rho,80,5,4,repeated_10x5_oof,80,19
HAMD-17,PDCH标签99人,GLM-5.2,思考,12,胃肠道症状,12,0.5799961194141195,3.0,0.5541996658072275,0.02579645360689209,max_corrected_rho,80,5,4,repeated_10x5_oof,80,19
HAMD-17,PDCH标签99人,GLM-5.2,思考,13,全身症状,15,0.5830229629500412,11.0,0.5691930030566045,0.013829959893436716,max_corrected_rho,80,5,4,repeated_10x5_oof,80,19
HAMD-17,PDCH标签99人,GLM-5.2,思考,14,性症状,7,0.47782263459814633,3.0,0.45736829744947943,0.0204543371486669,max_corrected_rho,39,5,4,repeated_10x5_oof,80,19
HAMD-17,PDCH标签99人,GLM-5.2,思考,15,疑病,15,0.2304530212800569,8.0,0.20830636397511026,0.022146657304946638,max_corrected_rho,80,5,4,repeated_10x5_oof,80,19
HAMD-17,PDCH标签99人,GLM-5.2,思考,16,体重减轻,7,0.2379938986766009,15.0,0.1855141597601196,0.052479738916481306,max_corrected_rho,80,5,4,repeated_10x5_oof,80,19
HAMD-17,PDCH标签99人,GLM-5.2,思考,17,自知力,3,0.1151444520965309,11.0,0.04275202800203409,0.07239242409449681,max_corrected_rho,80,5,4,repeated_10x5_oof,80,19
HAMD-17,PDCH标签99人,Kimi-K2.6,思考,1,抑郁情绪,11,0.6268760338610547,3.0,0.5690460908344253,0.05782994302662947,max_corrected_rho,80,5,4,repeated_10x5_oof,80,19
HAMD-17,PDCH标签99人,Kimi-K2.6,思考,2,有罪感,3,0.3943426861749114,8.0,0.3427242082123353,0.051618477962576126,max_corrected_rho,80,5,4,repeated_10x5_oof,80,19
HAMD-17,PDCH标签99人,Kimi-K2.6,思考,3,自杀,7,0.3816762884373465,16.0,0.3653163713139815,0.016359917123365042,max_corrected_rho,80,5,4,repeated_10x5_oof,80,19
HAMD-17,PDCH标签99人,Kimi-K2.6,思考,4,入睡困难,3,0.46774285481424616,12.0,0.3923291066032305,0.07541374821101565,max_corrected_rho,80,5,4,repeated_10x5_oof,80,19
HAMD-17,PDCH标签99人,Kimi-K2.6,思考,5,睡眠不深,3,0.2311053893842356,16.0,0.21628882715254633,0.014816562231689284,max_corrected_rho,80,5,4,repeated_10x5_oof,80,19
HAMD-17,PDCH标签99人,Kimi-K2.6,思考,6,早醒,16,0.3098466948851071,15.0,0.29216369341489556,0.017683001470211512,max_corrected_rho,80,5,4,repeated_10x5_oof,80,19
HAMD-17,PDCH标签99人,Kimi-K2.6,思考,7,工作和活动,7,0.6660570874039922,4.0,0.6412125876764955,0.024844499727496694,max_corrected_rho,80,5,4,repeated_10x5_oof,80,19
HAMD-17,PDCH标签99人,Kimi-K2.6,思考,8,迟滞,15,0.30982013924924234,8.0,0.2809444872541647,0.028875651995077634,max_corrected_rho,80,5,4,repeated_10x5_oof,80,19
HAMD-17,PDCH标签99人,Kimi-K2.6,思考,9,激越,11,0.3431412579312081,15.0,0.29761189872081295,0.04552935921039514,max_corrected_rho,80,5,4,repeated_10x5_oof,80,19
HAMD-17,PDCH标签99人,Kimi-K2.6,思考,10,精神性焦虑,8,0.46427852734792957,11.0,0.42436977777499735,0.03990874957293222,max_corrected_rho,80,5,4,repeated_10x5_oof,80,19
HAMD-17,PDCH标签99人,Kimi-K2.6,思考,11,躯体性焦虑,16,0.5411742540679741,7.0,0.5338558252662641,0.007318428801710075,max_corrected_rho,80,5,4,repeated_10x5_oof,80,19
HAMD-17,PDCH标签99人,Kimi-K2.6,思考,12,胃肠道症状,7,0.5598232826852316,11.0,0.5057722650857125,0.054051017599519136,max_corrected_rho,80,5,4,repeated_10x5_oof,80,19
HAMD-17,PDCH标签99人,Kimi-K2.6,思考,13,全身症状,11,0.6159962480465724,3.0,0.5619933660107129,0.054002882035859456,max_corrected_rho,80,5,4,repeated_10x5_oof,80,19
HAMD-17,PDCH标签99人,Kimi-K2.6,思考,14,性症状,7,0.34311963345773533,4.0,0.2861609940106546,0.05695863944708074,max_corrected_rho,30,5,4,repeated_10x5_oof,80,19
HAMD-17,PDCH标签99人,Kimi-K2.6,思考,15,疑病,4,0.23277722498634493,7.0,0.20784241868223777,0.02493480630410716,max_corrected_rho,80,5,4,repeated_10x5_oof,80,19
HAMD-17,PDCH标签99人,Kimi-K2.6,思考,16,体重减轻,7,0.26759721295731,11.0,0.2068696479177189,0.06072756503959109,max_corrected_rho,80,5,4,repeated_10x5_oof,80,19
HAMD-17,PDCH标签99人,Kimi-K2.6,思考,17,自知力,8,0.3004222174227001,11.0,0.18065795162330556,0.11976426579939453,max_corrected_rho,80,5,4,repeated_10x5_oof,80,19
HAMD-17,PDCH标签99人,Qwen3.7-Max,思考,1,抑郁情绪,3,0.6183757113158305,4.0,0.5812223119575124,0.03715339935831807,max_corrected_rho,80,5,4,repeated_10x5_oof,80,19
HAMD-17,PDCH标签99人,Qwen3.7-Max,思考,2,有罪感,4,0.3417902745767673,3.0,0.3389964456456266,0.0027938289311407183,max_corrected_rho,80,5,4,repeated_10x5_oof,80,19
HAMD-17,PDCH标签99人,Qwen3.7-Max,思考,3,自杀,8,0.412204187054161,16.0,0.39613372332898894,0.01607046372517207,max_corrected_rho,80,5,4,repeated_10x5_oof,80,19
HAMD-17,PDCH标签99人,Qwen3.7-Max,思考,4,入睡困难,12,0.45408982785488744,3.0,0.42704483744552213,0.02704499040936531,max_corrected_rho,80,5,4,repeated_10x5_oof,80,19
HAMD-17,PDCH标签99人,Qwen3.7-Max,思考,5,睡眠不深,15,0.288188951853543,16.0,0.22963026623312116,0.058558685620421824,max_corrected_rho,80,5,4,repeated_10x5_oof,80,19
HAMD-17,PDCH标签99人,Qwen3.7-Max,思考,6,早醒,3,0.30564515965061684,4.0,0.2910025975958511,0.014642562054765718,max_corrected_rho,80,5,4,repeated_10x5_oof,80,19
HAMD-17,PDCH标签99人,Qwen3.7-Max,思考,7,工作和活动,8,0.69121776731407,3.0,0.6841287545939067,0.007089012720163379,max_corrected_rho,80,5,4,repeated_10x5_oof,80,19
HAMD-17,PDCH标签99人,Qwen3.7-Max,思考,8,迟滞,15,0.5022855314437636,3.0,0.38302377370797563,0.11926175773578801,max_corrected_rho,80,5,4,repeated_10x5_oof,80,19
HAMD-17,PDCH标签99人,Qwen3.7-Max,思考,9,激越,11,0.44490820187236857,3.0,0.4053494797930595,0.03955872207930905,max_corrected_rho,80,5,4,repeated_10x5_oof,80,19
HAMD-17,PDCH标签99人,Qwen3.7-Max,思考,10,精神性焦虑,4,0.5065674363126217,3.0,0.4464289293694323,0.060138506943189396,max_corrected_rho,80,5,4,repeated_10x5_oof,80,19
HAMD-17,PDCH标签99人,Qwen3.7-Max,思考,11,躯体性焦虑,3,0.6335318795452396,11.0,0.621955001514626,0.01157687803061358,max_corrected_rho,80,5,4,repeated_10x5_oof,80,19
HAMD-17,PDCH标签99人,Qwen3.7-Max,思考,12,胃肠道症状,11,0.529708711681464,3.0,0.5214133591139032,0.008295352567560865,max_corrected_rho,80,5,4,repeated_10x5_oof,80,19
HAMD-17,PDCH标签99人,Qwen3.7-Max,思考,13,全身症状,3,0.6190560640670991,4.0,0.5138609690028606,0.10519509506423852,max_corrected_rho,80,5,4,repeated_10x5_oof,80,19
HAMD-17,PDCH标签99人,Qwen3.7-Max,思考,14,性症状,7,0.45746750189767116,3.0,0.4492880164871645,0.00817948541050667,max_corrected_rho,39,5,4,repeated_10x5_oof,80,19
HAMD-17,PDCH标签99人,Qwen3.7-Max,思考,15,疑病,15,0.238611893205793,16.0,0.23480065604348188,0.003811237162311132,max_corrected_rho,80,5,4,repeated_10x5_oof,80,19
HAMD-17,PDCH标签99人,Qwen3.7-Max,思考,16,体重减轻,12,0.27753186426700943,8.0,0.22632986794927878,0.05120199631773065,max_corrected_rho,80,5,4,repeated_10x5_oof,80,19
HAMD-17,PDCH标签99人,Qwen3.7-Max,思考,17,自知力,8,0.17584367111621763,3.0,0.05465619659936968,0.12118747451684794,max_corrected_rho,80,5,4,repeated_10x5_oof,80,19
HAMD-17,PDCH标签99人,GLM-5.2,思考,1,抑郁情绪,16,0.5569468215405967,15.0,0.5254584300844757,0.031488391456121034,max_corrected_rho,79,6,0,repeated_10x5_oof,79,20
HAMD-17,PDCH标签99人,GLM-5.2,思考,2,有罪感,8,0.3917759906011981,4.0,0.38637370310350794,0.0054022874976901725,max_corrected_rho,79,6,0,repeated_10x5_oof,79,20
HAMD-17,PDCH标签99人,GLM-5.2,思考,3,自杀,16,0.40483228234798185,15.0,0.39544748346632014,0.009384798881661716,max_corrected_rho,79,6,0,repeated_10x5_oof,79,20
HAMD-17,PDCH标签99人,GLM-5.2,思考,4,入睡困难,16,0.43167251779775395,3.0,0.42444989548094414,0.0072226223168098125,max_corrected_rho,79,6,0,repeated_10x5_oof,79,20
HAMD-17,PDCH标签99人,GLM-5.2,思考,5,睡眠不深,7,0.2862580601511374,3.0,0.28160297147076335,0.004655088680374064,max_corrected_rho,79,6,0,repeated_10x5_oof,79,20
HAMD-17,PDCH标签99人,GLM-5.2,思考,6,早醒,3,0.3184099660753313,4.0,0.28824634372858926,0.030163622346742025,max_corrected_rho,79,6,0,repeated_10x5_oof,79,20
HAMD-17,PDCH标签99人,GLM-5.2,思考,7,工作和活动,15,0.6044660993695951,8.0,0.6044171852572788,4.891411231622289e-05,max_corrected_rho,79,6,0,repeated_10x5_oof,79,20
HAMD-17,PDCH标签99人,GLM-5.2,思考,8,迟滞,7,0.524734659993285,11.0,0.4753512915622932,0.049383368430991725,max_corrected_rho,79,6,0,repeated_10x5_oof,79,20
HAMD-17,PDCH标签99人,GLM-5.2,思考,9,激越,3,0.4495967369008915,7.0,0.4450522985109252,0.004544438389966321,max_corrected_rho,79,6,0,repeated_10x5_oof,79,20
HAMD-17,PDCH标签99人,GLM-5.2,思考,10,精神性焦虑,16,0.5766255606444881,8.0,0.5538830663730425,0.02274249427144559,max_corrected_rho,79,6,0,repeated_10x5_oof,79,20
HAMD-17,PDCH标签99人,GLM-5.2,思考,11,躯体性焦虑,7,0.6030421909927896,4.0,0.5377874872819239,0.06525470371086561,max_corrected_rho,79,6,0,repeated_10x5_oof,79,20
HAMD-17,PDCH标签99人,GLM-5.2,思考,12,胃肠道症状,3,0.5082858330007688,12.0,0.5073645207147011,0.0009213122860677325,max_corrected_rho,79,6,0,repeated_10x5_oof,79,20
HAMD-17,PDCH标签99人,GLM-5.2,思考,13,全身症状,11,0.5738492046094047,15.0,0.5672935192025508,0.006555685406853917,max_corrected_rho,79,6,0,repeated_10x5_oof,79,20
HAMD-17,PDCH标签99人,GLM-5.2,思考,14,性症状,7,0.5188682091635065,3.0,0.4998357218748786,0.019032487288627886,max_corrected_rho,40,6,0,repeated_10x5_oof,79,20
HAMD-17,PDCH标签99人,GLM-5.2,思考,15,疑病,15,0.1768646932617619,8.0,0.14605356633702188,0.03081112692474003,max_corrected_rho,79,6,0,repeated_10x5_oof,79,20
HAMD-17,PDCH标签99人,GLM-5.2,思考,16,体重减轻,7,0.17993856511760206,8.0,0.15011175946451966,0.029826805653082406,max_corrected_rho,79,6,0,repeated_10x5_oof,79,20
HAMD-17,PDCH标签99人,GLM-5.2,思考,17,自知力,3,0.10653443827440723,11.0,0.09958504828652466,0.006949389987882568,max_corrected_rho,79,6,0,repeated_10x5_oof,79,20
HAMD-17,PDCH标签99人,Kimi-K2.6,思考,1,抑郁情绪,11,0.5462497362287602,8.0,0.5033087358482815,0.042941000380478656,max_corrected_rho,79,6,0,repeated_10x5_oof,79,20
HAMD-17,PDCH标签99人,Kimi-K2.6,思考,2,有罪感,3,0.39326894618630076,8.0,0.35935577950171854,0.03391316668458222,max_corrected_rho,79,6,0,repeated_10x5_oof,79,20
HAMD-17,PDCH标签99人,Kimi-K2.6,思考,3,自杀,7,0.36367329984130314,16.0,0.3520909256356669,0.011582374205636237,max_corrected_rho,79,6,0,repeated_10x5_oof,79,20
HAMD-17,PDCH标签99人,Kimi-K2.6,思考,4,入睡困难,3,0.4421455260493649,4.0,0.4101216349552164,0.03202389109414849,max_corrected_rho,79,6,0,repeated_10x5_oof,79,20
HAMD-17,PDCH标签99人,Kimi-K2.6,思考,5,睡眠不深,8,0.30496373610107236,3.0,0.2760249890577014,0.02893874704337096,max_corrected_rho,79,6,0,repeated_10x5_oof,79,20
HAMD-17,PDCH标签99人,Kimi-K2.6,思考,6,早醒,8,0.31731017000948003,7.0,0.30903001891182247,0.008280151097657562,max_corrected_rho,79,6,0,repeated_10x5_oof,79,20
HAMD-17,PDCH标签99人,Kimi-K2.6,思考,7,工作和活动,3,0.5979485081285145,4.0,0.5682787424590244,0.02966976566949009,max_corrected_rho,79,6,0,repeated_10x5_oof,79,20
HAMD-17,PDCH标签99人,Kimi-K2.6,思考,8,迟滞,16,0.2712529062486843,8.0,0.2682801186173931,0.0029727876312912183,max_corrected_rho,79,6,0,repeated_10x5_oof,79,20
HAMD-17,PDCH标签99人,Kimi-K2.6,思考,9,激越,11,0.3401949201974622,7.0,0.2962890560839452,0.043905864113517046,max_corrected_rho,79,6,0,repeated_10x5_oof,79,20
HAMD-17,PDCH标签99人,Kimi-K2.6,思考,10,精神性焦虑,8,0.4681261929744815,15.0,0.4615846743204501,0.0065415186540314085,max_corrected_rho,79,6,0,repeated_10x5_oof,79,20
HAMD-17,PDCH标签99人,Kimi-K2.6,思考,11,躯体性焦虑,7,0.5928840896790808,4.0,0.5348928089139132,0.057991280765167574,max_corrected_rho,79,6,0,repeated_10x5_oof,79,20
HAMD-17,PDCH标签99人,Kimi-K2.6,思考,12,胃肠道症状,7,0.5319298688722828,8.0,0.4727813715410601,0.05914849733122268,max_corrected_rho,79,6,0,repeated_10x5_oof,79,20
HAMD-17,PDCH标签99人,Kimi-K2.6,思考,13,全身症状,11,0.605832119631264,3.0,0.5644514555111578,0.041380664120106214,max_corrected_rho,79,6,0,repeated_10x5_oof,79,20
HAMD-17,PDCH标签99人,Kimi-K2.6,思考,14,性症状,3,0.3551424026022887,7.0,0.3514237868571236,0.003718615745165077,max_corrected_rho,30,6,0,repeated_10x5_oof,79,20
HAMD-17,PDCH标签99人,Kimi-K2.6,思考,15,疑病,4,0.16578566488394952,8.0,0.15241038852380043,0.013375276360149096,max_corrected_rho,79,6,0,repeated_10x5_oof,79,20
HAMD-17,PDCH标签99人,Kimi-K2.6,思考,16,体重减轻,7,0.20353603645059448,11.0,0.14002380563844755,0.06351223081214694,max_corrected_rho,79,6,0,repeated_10x5_oof,79,20
HAMD-17,PDCH标签99人,Kimi-K2.6,思考,17,自知力,8,0.2624171959152966,12.0,0.20735707943566903,0.05506011647962758,max_corrected_rho,79,6,0,repeated_10x5_oof,79,20
HAMD-17,PDCH标签99人,Qwen3.7-Max,思考,1,抑郁情绪,4,0.565102514832785,3.0,0.5196936725207265,0.04540884231205844,max_corrected_rho,79,6,0,repeated_10x5_oof,79,20
HAMD-17,PDCH标签99人,Qwen3.7-Max,思考,2,有罪感,4,0.3795882868780388,3.0,0.3550972862470949,0.024491000630943893,max_corrected_rho,79,6,0,repeated_10x5_oof,79,20
HAMD-17,PDCH标签99人,Qwen3.7-Max,思考,3,自杀,16,0.41481343170296303,8.0,0.3856417359149201,0.029171695788042906,max_corrected_rho,79,6,0,repeated_10x5_oof,79,20
HAMD-17,PDCH标签99人,Qwen3.7-Max,思考,4,入睡困难,3,0.41762704841929527,12.0,0.4134901069324333,0.004136941486861945,max_corrected_rho,79,6,0,repeated_10x5_oof,79,20
HAMD-17,PDCH标签99人,Qwen3.7-Max,思考,5,睡眠不深,15,0.3475725818983436,3.0,0.31206705712688726,0.035505524771456354,max_corrected_rho,79,6,0,repeated_10x5_oof,79,20
HAMD-17,PDCH标签99人,Qwen3.7-Max,思考,6,早醒,3,0.32215187085755065,4.0,0.2739941601669839,0.048157710690566735,max_corrected_rho,79,6,0,repeated_10x5_oof,79,20
HAMD-17,PDCH标签99人,Qwen3.7-Max,思考,7,工作和活动,3,0.601467599221182,4.0,0.5974631520078261,0.004004447213355911,max_corrected_rho,79,6,0,repeated_10x5_oof,79,20
HAMD-17,PDCH标签99人,Qwen3.7-Max,思考,8,迟滞,15,0.3745458298335959,3.0,0.3185718872046379,0.055973942628957996,max_corrected_rho,79,6,0,repeated_10x5_oof,79,20
HAMD-17,PDCH标签99人,Qwen3.7-Max,思考,9,激越,3,0.4048365690020769,4.0,0.39406865160957927,0.010767917392497606,max_corrected_rho,79,6,0,repeated_10x5_oof,79,20
HAMD-17,PDCH标签99人,Qwen3.7-Max,思考,10,精神性焦虑,4,0.5380806956917107,3.0,0.4709593632178017,0.067121332473909,max_corrected_rho,79,6,0,repeated_10x5_oof,79,20
HAMD-17,PDCH标签99人,Qwen3.7-Max,思考,11,躯体性焦虑,11,0.6057548108250789,3.0,0.5719615208528022,0.03379328997227671,max_corrected_rho,79,6,0,repeated_10x5_oof,79,20
HAMD-17,PDCH标签99人,Qwen3.7-Max,思考,12,胃肠道症状,3,0.4987456950536121,7.0,0.48844566826261016,0.010300026791001948,max_corrected_rho,79,6,0,repeated_10x5_oof,79,20
HAMD-17,PDCH标签99人,Qwen3.7-Max,思考,13,全身症状,3,0.6225138180216968,4.0,0.5537695097580987,0.06874430826359812,max_corrected_rho,79,6,0,repeated_10x5_oof,79,20
HAMD-17,PDCH标签99人,Qwen3.7-Max,思考,14,性症状,7,0.39398069265877034,3.0,0.3830056640531334,0.010975028605636927,max_corrected_rho,41,6,0,repeated_10x5_oof,79,20
HAMD-17,PDCH标签99人,Qwen3.7-Max,思考,15,疑病,15,0.22603663266333726,16.0,0.19934656928475655,0.02669006337858071,max_corrected_rho,79,6,0,repeated_10x5_oof,79,20
HAMD-17,PDCH标签99人,Qwen3.7-Max,思考,16,体重减轻,7,0.21341993389167893,8.0,0.20043631185960567,0.012983622032073261,max_corrected_rho,79,6,0,repeated_10x5_oof,79,20
HAMD-17,PDCH标签99人,Qwen3.7-Max,思考,17,自知力,8,0.19297801492257602,11.0,0.05015624090059505,0.14282177402198099,max_corrected_rho,79,6,0,repeated_10x5_oof,79,20
HAMD-17,PDCH标签99人,GLM-5.2,思考,1,抑郁情绪,16,0.6201797720719394,3.0,0.593431682432392,0.026748089639547445,max_corrected_rho,79,6,1,repeated_10x5_oof,79,20
HAMD-17,PDCH标签99人,GLM-5.2,思考,2,有罪感,4,0.45946076404011943,12.0,0.42937026949762236,0.03009049454249707,max_corrected_rho,79,6,1,repeated_10x5_oof,79,20
HAMD-17,PDCH标签99人,GLM-5.2,思考,3,自杀,15,0.46777062998919167,3.0,0.4448599117433366,0.022910718245855055,max_corrected_rho,79,6,1,repeated_10x5_oof,79,20
HAMD-17,PDCH标签99人,GLM-5.2,思考,4,入睡困难,16,0.5054440707162413,3.0,0.50025306685464,0.005191003861601318,max_corrected_rho,79,6,1,repeated_10x5_oof,79,20
HAMD-17,PDCH标签99人,GLM-5.2,思考,5,睡眠不深,7,0.24834085119373356,3.0,0.22643922352719706,0.0219016276665365,max_corrected_rho,79,6,1,repeated_10x5_oof,79,20
HAMD-17,PDCH标签99人,GLM-5.2,思考,6,早醒,4,0.4183985542454216,3.0,0.415521795854145,0.0028767583912766015,max_corrected_rho,79,6,1,repeated_10x5_oof,79,20
HAMD-17,PDCH标签99人,GLM-5.2,思考,7,工作和活动,7,0.647780407154759,8.0,0.6474497249162978,0.0003306822384612218,max_corrected_rho,79,6,1,repeated_10x5_oof,79,20
HAMD-17,PDCH标签99人,GLM-5.2,思考,8,迟滞,11,0.5739213200585206,3.0,0.5467991354470646,0.02712218461145599,max_corrected_rho,79,6,1,repeated_10x5_oof,79,20
HAMD-17,PDCH标签99人,GLM-5.2,思考,9,激越,7,0.42611748747366124,15.0,0.40893875332678403,0.017178734146877206,max_corrected_rho,79,6,1,repeated_10x5_oof,79,20
HAMD-17,PDCH标签99人,GLM-5.2,思考,10,精神性焦虑,16,0.5302272711979055,3.0,0.5119844541549345,0.018242817042970927,max_corrected_rho,79,6,1,repeated_10x5_oof,79,20
HAMD-17,PDCH标签99人,GLM-5.2,思考,11,躯体性焦虑,7,0.6050210005862166,3.0,0.5827820680536725,0.022238932532544053,max_corrected_rho,79,6,1,repeated_10x5_oof,79,20
HAMD-17,PDCH标签99人,GLM-5.2,思考,12,胃肠道症状,12,0.449403168871442,11.0,0.4470449667067647,0.0023582021646773033,max_corrected_rho,79,6,1,repeated_10x5_oof,79,20
HAMD-17,PDCH标签99人,GLM-5.2,思考,13,全身症状,15,0.6401119635413822,3.0,0.6157743004790269,0.024337663062355297,max_corrected_rho,79,6,1,repeated_10x5_oof,79,20
HAMD-17,PDCH标签99人,GLM-5.2,思考,14,性症状,7,0.5341795762339411,3.0,0.5110545688848591,0.02312500734908196,max_corrected_rho,36,6,1,repeated_10x5_oof,79,20
HAMD-17,PDCH标签99人,GLM-5.2,思考,15,疑病,8,0.07277616886991908,16.0,0.05301463395291992,0.01976153491699916,max_corrected_rho,79,6,1,repeated_10x5_oof,79,20
HAMD-17,PDCH标签99人,GLM-5.2,思考,16,体重减轻,7,0.28449497121853484,15.0,0.27769245203313747,0.006802519185397371,max_corrected_rho,79,6,1,repeated_10x5_oof,79,20
HAMD-17,PDCH标签99人,GLM-5.2,思考,17,自知力,3,0.1436383500833158,11.0,0.0719561521375718,0.071682197945744,max_corrected_rho,79,6,1,repeated_10x5_oof,79,20
HAMD-17,PDCH标签99人,Kimi-K2.6,思考,1,抑郁情绪,11,0.6415142985356634,3.0,0.6087870730420175,0.03272722549364593,max_corrected_rho,79,6,1,repeated_10x5_oof,79,20
HAMD-17,PDCH标签99人,Kimi-K2.6,思考,2,有罪感,8,0.39775425611168413,3.0,0.3956301058986096,0.0021241502130745493,max_corrected_rho,79,6,1,repeated_10x5_oof,79,20
HAMD-17,PDCH标签99人,Kimi-K2.6,思考,3,自杀,7,0.45240214668705614,12.0,0.3883585994385587,0.06404354724849742,max_corrected_rho,79,6,1,repeated_10x5_oof,79,20
HAMD-17,PDCH标签99人,Kimi-K2.6,思考,4,入睡困难,3,0.5820057523436779,12.0,0.5396774763697453,0.04232827597393263,max_corrected_rho,79,6,1,repeated_10x5_oof,79,20
HAMD-17,PDCH标签99人,Kimi-K2.6,思考,5,睡眠不深,16,0.23313772130550828,3.0,0.22001596217522174,0.013121759130286542,max_corrected_rho,79,6,1,repeated_10x5_oof,79,20
HAMD-17,PDCH标签99人,Kimi-K2.6,思考,6,早醒,16,0.42143939313940715,15.0,0.4065249275228022,0.014914465616604922,max_corrected_rho,79,6,1,repeated_10x5_oof,79,20
HAMD-17,PDCH标签99人,Kimi-K2.6,思考,7,工作和活动,3,0.6679232466504704,7.0,0.6509583953584396,0.016964851292030847,max_corrected_rho,79,6,1,repeated_10x5_oof,79,20
HAMD-17,PDCH标签99人,Kimi-K2.6,思考,8,迟滞,15,0.39076013631849615,8.0,0.3871371790902683,0.0036229572282278633,max_corrected_rho,79,6,1,repeated_10x5_oof,79,20
HAMD-17,PDCH标签99人,Kimi-K2.6,思考,9,激越,11,0.23580934234372186,12.0,0.21854888640690137,0.01726045593682049,max_corrected_rho,79,6,1,repeated_10x5_oof,79,20
HAMD-17,PDCH标签99人,Kimi-K2.6,思考,10,精神性焦虑,8,0.45978013026233333,11.0,0.42133335897589896,0.03844677128643437,max_corrected_rho,79,6,1,repeated_10x5_oof,79,20
HAMD-17,PDCH标签99人,Kimi-K2.6,思考,11,躯体性焦虑,7,0.5672545190395069,16.0,0.5172323411002013,0.05002217793930552,max_corrected_rho,79,6,1,repeated_10x5_oof,79,20
HAMD-17,PDCH标签99人,Kimi-K2.6,思考,12,胃肠道症状,8,0.42086537846083755,3.0,0.4153536217017485,0.005511756759089048,max_corrected_rho,79,6,1,repeated_10x5_oof,79,20
HAMD-17,PDCH标签99人,Kimi-K2.6,思考,13,全身症状,11,0.6480031582285086,12.0,0.6401559805718743,0.007847177656634341,max_corrected_rho,79,6,1,repeated_10x5_oof,79,20
HAMD-17,PDCH标签99人,Kimi-K2.6,思考,14,性症状,3,0.395310115722135,4.0,0.33764098238467577,0.05766913333745921,max_corrected_rho,30,6,1,repeated_10x5_oof,79,20
HAMD-17,PDCH标签99人,Kimi-K2.6,思考,15,疑病,7,0.18976715487627185,11.0,0.14296098912380506,0.046806165752466794,max_corrected_rho,79,6,1,repeated_10x5_oof,79,20
HAMD-17,PDCH标签99人,Kimi-K2.6,思考,16,体重减轻,7,0.30531604468007795,12.0,0.2960599381073848,0.009256106572693157,max_corrected_rho,79,6,1,repeated_10x5_oof,79,20
HAMD-17,PDCH标签99人,Kimi-K2.6,思考,17,自知力,8,0.36058086196845873,12.0,0.26764093592652966,0.09293992604192908,max_corrected_rho,79,6,1,repeated_10x5_oof,79,20
HAMD-17,PDCH标签99人,Qwen3.7-Max,思考,1,抑郁情绪,8,0.6003979198802857,3.0,0.5805034910385727,0.019894428841712997,max_corrected_rho,79,6,1,repeated_10x5_oof,79,20
HAMD-17,PDCH标签99人,Qwen3.7-Max,思考,2,有罪感,15,0.4152992930064001,8.0,0.37495626732166365,0.04034302568473647,max_corrected_rho,79,6,1,repeated_10x5_oof,79,20
HAMD-17,PDCH标签99人,Qwen3.7-Max,思考,3,自杀,12,0.47549355865485254,8.0,0.4352735032668661,0.04022005538798645,max_corrected_rho,79,6,1,repeated_10x5_oof,79,20
HAMD-17,PDCH标签99人,Qwen3.7-Max,思考,4,入睡困难,3,0.5220228317273997,12.0,0.5103020458978791,0.01172078582952063,max_corrected_rho,79,6,1,repeated_10x5_oof,79,20
HAMD-17,PDCH标签99人,Qwen3.7-Max,思考,5,睡眠不深,15,0.29439013558006255,16.0,0.2303939638024066,0.06399617177765596,max_corrected_rho,79,6,1,repeated_10x5_oof,79,20
HAMD-17,PDCH标签99人,Qwen3.7-Max,思考,6,早醒,4,0.41977733204752066,3.0,0.39087835662778947,0.028898975419731188,max_corrected_rho,79,6,1,repeated_10x5_oof,79,20
HAMD-17,PDCH标签99人,Qwen3.7-Max,思考,7,工作和活动,3,0.6519127957703333,8.0,0.638684773904269,0.01322802186606431,max_corrected_rho,79,6,1,repeated_10x5_oof,79,20
HAMD-17,PDCH标签99人,Qwen3.7-Max,思考,8,迟滞,15,0.45657054452571877,16.0,0.42897337740680586,0.027597167118912913,max_corrected_rho,79,6,1,repeated_10x5_oof,79,20
HAMD-17,PDCH标签99人,Qwen3.7-Max,思考,9,激越,15,0.3203249372027066,11.0,0.31972959588318994,0.0005953413195166624,max_corrected_rho,79,6,1,repeated_10x5_oof,79,20
HAMD-17,PDCH标签99人,Qwen3.7-Max,思考,10,精神性焦虑,4,0.45248798004433705,11.0,0.42143900690301916,0.03104897314131788,max_corrected_rho,79,6,1,repeated_10x5_oof,79,20
HAMD-17,PDCH标签99人,Qwen3.7-Max,思考,11,躯体性焦虑,11,0.5530680730447126,12.0,0.5352510776619027,0.017816995382809897,max_corrected_rho,79,6,1,repeated_10x5_oof,79,20
HAMD-17,PDCH标签99人,Qwen3.7-Max,思考,12,胃肠道症状,11,0.4515892316735534,3.0,0.4347206386425176,0.016868593031035828,max_corrected_rho,79,6,1,repeated_10x5_oof,79,20
HAMD-17,PDCH标签99人,Qwen3.7-Max,思考,13,全身症状,3,0.619884087520881,4.0,0.5760791776197145,0.04380490990116648,max_corrected_rho,79,6,1,repeated_10x5_oof,79,20
HAMD-17,PDCH标签99人,Qwen3.7-Max,思考,14,性症状,3,0.3646619708516871,7.0,0.3646619708516871,0.0,max_corrected_rho_tie_prefer_c03,36,6,1,repeated_10x5_oof,79,20
HAMD-17,PDCH标签99人,Qwen3.7-Max,思考,15,疑病,11,0.10284838150209641,15.0,0.08984930576436123,0.012999075737735177,max_corrected_rho,79,6,1,repeated_10x5_oof,79,20
HAMD-17,PDCH标签99人,Qwen3.7-Max,思考,16,体重减轻,12,0.30697437525283333,8.0,0.27047118756022126,0.03650318769261207,max_corrected_rho,79,6,1,repeated_10x5_oof,79,20
HAMD-17,PDCH标签99人,Qwen3.7-Max,思考,17,自知力,8,0.21478447159228783,3.0,0.12223438033385,0.09255009125843783,max_corrected_rho,79,6,1,repeated_10x5_oof,79,20
HAMD-17,PDCH标签99人,GLM-5.2,思考,1,抑郁情绪,16,0.5328234782625932,15.0,0.515752949173265,0.017070529089328268,max_corrected_rho,79,6,2,repeated_10x5_oof,79,20
HAMD-17,PDCH标签99人,GLM-5.2,思考,2,有罪感,4,0.381052685644002,12.0,0.3562916628123705,0.024761022831631507,max_corrected_rho,79,6,2,repeated_10x5_oof,79,20
HAMD-17,PDCH标签99人,GLM-5.2,思考,3,自杀,15,0.4268248647316483,16.0,0.40297258491862914,0.023852279813019184,max_corrected_rho,79,6,2,repeated_10x5_oof,79,20
HAMD-17,PDCH标签99人,GLM-5.2,思考,4,入睡困难,11,0.4481629288846973,3.0,0.4354226166897709,0.012740312194926384,max_corrected_rho,79,6,2,repeated_10x5_oof,79,20
HAMD-17,PDCH标签99人,GLM-5.2,思考,5,睡眠不深,8,0.22716009267831735,11.0,0.2219329972436907,0.005227095434626655,max_corrected_rho,79,6,2,repeated_10x5_oof,79,20
HAMD-17,PDCH标签99人,GLM-5.2,思考,6,早醒,3,0.3652335706110777,7.0,0.32132066804183473,0.04391290256924296,max_corrected_rho,79,6,2,repeated_10x5_oof,79,20
HAMD-17,PDCH标签99人,GLM-5.2,思考,7,工作和活动,8,0.640475886895285,3.0,0.6193262500445433,0.02114963685074167,max_corrected_rho,79,6,2,repeated_10x5_oof,79,20
HAMD-17,PDCH标签99人,GLM-5.2,思考,8,迟滞,11,0.5035871088668356,7.0,0.47359427246162694,0.02999283640520861,max_corrected_rho,79,6,2,repeated_10x5_oof,79,20
HAMD-17,PDCH标签99人,GLM-5.2,思考,9,激越,15,0.3801911672769432,7.0,0.35251463384886156,0.02767653342808163,max_corrected_rho,79,6,2,repeated_10x5_oof,79,20
HAMD-17,PDCH标签99人,GLM-5.2,思考,10,精神性焦虑,16,0.5066614865510212,15.0,0.4750566439332941,0.03160484261772706,max_corrected_rho,79,6,2,repeated_10x5_oof,79,20
HAMD-17,PDCH标签99人,GLM-5.2,思考,11,躯体性焦虑,7,0.5784482242211364,3.0,0.5510517617134308,0.027396462507705555,max_corrected_rho,79,6,2,repeated_10x5_oof,79,20
HAMD-17,PDCH标签99人,GLM-5.2,思考,12,胃肠道症状,11,0.5208645599859142,12.0,0.4900230752749194,0.030841484710994793,max_corrected_rho,79,6,2,repeated_10x5_oof,79,20
HAMD-17,PDCH标签99人,GLM-5.2,思考,13,全身症状,11,0.5671159759153616,15.0,0.5559309750025648,0.011185000912796728,max_corrected_rho,79,6,2,repeated_10x5_oof,79,20
HAMD-17,PDCH标签99人,GLM-5.2,思考,14,性症状,7,0.47929933788815626,16.0,0.47862684776508524,0.0006724901230710234,max_corrected_rho,39,6,2,repeated_10x5_oof,79,20
HAMD-17,PDCH标签99人,GLM-5.2,思考,15,疑病,15,0.12004868618099425,8.0,0.10971174945129432,0.01033693672969993,max_corrected_rho,79,6,2,repeated_10x5_oof,79,20
HAMD-17,PDCH标签99人,GLM-5.2,思考,16,体重减轻,8,0.261377781439267,7.0,0.2573978321579536,0.0039799492813134,max_corrected_rho,79,6,2,repeated_10x5_oof,79,20
HAMD-17,PDCH标签99人,GLM-5.2,思考,17,自知力,3,-0.0580918062857753,11.0,-0.06056786407107801,0.0024760577853027085,max_corrected_rho,79,6,2,repeated_10x5_oof,79,20
HAMD-17,PDCH标签99人,Kimi-K2.6,思考,1,抑郁情绪,8,0.5301930380864006,11.0,0.5246318364232836,0.005561201663117021,max_corrected_rho,79,6,2,repeated_10x5_oof,79,20
HAMD-17,PDCH标签99人,Kimi-K2.6,思考,2,有罪感,3,0.36486014301855235,8.0,0.3231508610331085,0.041709281985443825,max_corrected_rho,79,6,2,repeated_10x5_oof,79,20
HAMD-17,PDCH标签99人,Kimi-K2.6,思考,3,自杀,7,0.4013343812103777,16.0,0.37687610130234706,0.024458279908030622,max_corrected_rho,79,6,2,repeated_10x5_oof,79,20
HAMD-17,PDCH标签99人,Kimi-K2.6,思考,4,入睡困难,3,0.4867047968969885,12.0,0.42617353320613865,0.060531263690849824,max_corrected_rho,79,6,2,repeated_10x5_oof,79,20
HAMD-17,PDCH标签99人,Kimi-K2.6,思考,5,睡眠不深,3,0.23268541111670482,16.0,0.22391564492989224,0.008769766186812578,max_corrected_rho,79,6,2,repeated_10x5_oof,79,20
HAMD-17,PDCH标签99人,Kimi-K2.6,思考,6,早醒,16,0.34281334670079244,15.0,0.3299020347808473,0.012911311919945156,max_corrected_rho,79,6,2,repeated_10x5_oof,79,20
HAMD-17,PDCH标签99人,Kimi-K2.6,思考,7,工作和活动,3,0.6367678363488251,7.0,0.625718626301147,0.011049210047678004,max_corrected_rho,79,6,2,repeated_10x5_oof,79,20
HAMD-17,PDCH标签99人,Kimi-K2.6,思考,8,迟滞,15,0.33538427383327335,16.0,0.2797262484835634,0.05565802534970993,max_corrected_rho,79,6,2,repeated_10x5_oof,79,20
HAMD-17,PDCH标签99人,Kimi-K2.6,思考,9,激越,11,0.33099721959924217,12.0,0.24389478551228386,0.08710243408695831,max_corrected_rho,79,6,2,repeated_10x5_oof,79,20
HAMD-17,PDCH标签99人,Kimi-K2.6,思考,10,精神性焦虑,8,0.44188971209081024,11.0,0.3857800891647392,0.05610962292607102,max_corrected_rho,79,6,2,repeated_10x5_oof,79,20
HAMD-17,PDCH标签99人,Kimi-K2.6,思考,11,躯体性焦虑,7,0.558306776445838,16.0,0.4936379838775012,0.06466879256833685,max_corrected_rho,79,6,2,repeated_10x5_oof,79,20
HAMD-17,PDCH标签99人,Kimi-K2.6,思考,12,胃肠道症状,8,0.48938449134277134,7.0,0.4338815591884444,0.055502932154326945,max_corrected_rho,79,6,2,repeated_10x5_oof,79,20
HAMD-17,PDCH标签99人,Kimi-K2.6,思考,13,全身症状,11,0.5878195508186321,3.0,0.5674170237284336,0.02040252709019852,max_corrected_rho,79,6,2,repeated_10x5_oof,79,20
HAMD-17,PDCH标签99人,Kimi-K2.6,思考,14,性症状,4,0.3739846135209876,11.0,0.3469213790116419,0.027063234509345724,max_corrected_rho,32,6,2,repeated_10x5_oof,79,20
HAMD-17,PDCH标签99人,Kimi-K2.6,思考,15,疑病,4,0.13063510055758998,11.0,0.0696070066790222,0.06102809387856778,max_corrected_rho,79,6,2,repeated_10x5_oof,79,20
HAMD-17,PDCH标签99人,Kimi-K2.6,思考,16,体重减轻,7,0.3269853508160591,8.0,0.2934193403378528,0.03356601047820634,max_corrected_rho,79,6,2,repeated_10x5_oof,79,20
HAMD-17,PDCH标签99人,Kimi-K2.6,思考,17,自知力,8,0.2641947830995015,7.0,0.19727771959551993,0.06691706350398158,max_corrected_rho,79,6,2,repeated_10x5_oof,79,20
HAMD-17,PDCH标签99人,Qwen3.7-Max,思考,1,抑郁情绪,4,0.49933694238294085,3.0,0.4751644069270405,0.024172535455900368,max_corrected_rho,79,6,2,repeated_10x5_oof,79,20
HAMD-17,PDCH标签99人,Qwen3.7-Max,思考,2,有罪感,4,0.3274060336004471,8.0,0.3145394534909156,0.012866580109531511,max_corrected_rho,79,6,2,repeated_10x5_oof,79,20
HAMD-17,PDCH标签99人,Qwen3.7-Max,思考,3,自杀,4,0.3723267710363288,16.0,0.37043370880774695,0.001893062228581821,max_corrected_rho,79,6,2,repeated_10x5_oof,79,20
HAMD-17,PDCH标签99人,Qwen3.7-Max,思考,4,入睡困难,12,0.4654342029013958,3.0,0.4325947094825369,0.03283949341885889,max_corrected_rho,79,6,2,repeated_10x5_oof,79,20
HAMD-17,PDCH标签99人,Qwen3.7-Max,思考,5,睡眠不深,15,0.24739079184440385,16.0,0.21725928674536837,0.030131505099035477,max_corrected_rho,79,6,2,repeated_10x5_oof,79,20
HAMD-17,PDCH标签99人,Qwen3.7-Max,思考,6,早醒,3,0.31394993044097963,4.0,0.2963373804022105,0.017612550038769104,max_corrected_rho,79,6,2,repeated_10x5_oof,79,20
HAMD-17,PDCH标签99人,Qwen3.7-Max,思考,7,工作和活动,3,0.6422562481243499,12.0,0.6334988701039529,0.008757378020397,max_corrected_rho,79,6,2,repeated_10x5_oof,79,20
HAMD-17,PDCH标签99人,Qwen3.7-Max,思考,8,迟滞,15,0.44846984107990384,16.0,0.34861914958381063,0.09985069149609321,max_corrected_rho,79,6,2,repeated_10x5_oof,79,20
HAMD-17,PDCH标签99人,Qwen3.7-Max,思考,9,激越,3,0.3361989903417902,11.0,0.32777989077182296,0.008419099569967226,max_corrected_rho,79,6,2,repeated_10x5_oof,79,20
HAMD-17,PDCH标签99人,Qwen3.7-Max,思考,10,精神性焦虑,4,0.47101146427253393,3.0,0.4196149607581269,0.051396503514407055,max_corrected_rho,79,6,2,repeated_10x5_oof,79,20
HAMD-17,PDCH标签99人,Qwen3.7-Max,思考,11,躯体性焦虑,11,0.6137194120427133,3.0,0.581983522658426,0.031735889384287286,max_corrected_rho,79,6,2,repeated_10x5_oof,79,20
HAMD-17,PDCH标签99人,Qwen3.7-Max,思考,12,胃肠道症状,11,0.47743173462949534,3.0,0.4651168655623982,0.012314869067097167,max_corrected_rho,79,6,2,repeated_10x5_oof,79,20
HAMD-17,PDCH标签99人,Qwen3.7-Max,思考,13,全身症状,3,0.6045950319371827,4.0,0.5310677365229952,0.07352729541418745,max_corrected_rho,79,6,2,repeated_10x5_oof,79,20
HAMD-17,PDCH标签99人,Qwen3.7-Max,思考,14,性症状,16,0.45397144158750086,7.0,0.4210189904094678,0.03295245117803308,max_corrected_rho,40,6,2,repeated_10x5_oof,79,20
HAMD-17,PDCH标签99人,Qwen3.7-Max,思考,15,疑病,15,0.12353099968351557,11.0,0.11854807933236709,0.004982920351148473,max_corrected_rho,79,6,2,repeated_10x5_oof,79,20
HAMD-17,PDCH标签99人,Qwen3.7-Max,思考,16,体重减轻,12,0.26377405774641915,7.0,0.24224137727927691,0.02153268046714224,max_corrected_rho,79,6,2,repeated_10x5_oof,79,20
HAMD-17,PDCH标签99人,Qwen3.7-Max,思考,17,自知力,8,0.1622660188088361,3.0,0.041733920971680924,0.12053209783715517,max_corrected_rho,79,6,2,repeated_10x5_oof,79,20
HAMD-17,PDCH标签99人,GLM-5.2,思考,1,抑郁情绪,3,0.5657002071251315,15.0,0.5556623568919113,0.010037850233220125,max_corrected_rho,79,6,3,repeated_10x5_oof,79,20
HAMD-17,PDCH标签99人,GLM-5.2,思考,2,有罪感,4,0.36437202829283694,12.0,0.34441983008422383,0.019952198208613103,max_corrected_rho,79,6,3,repeated_10x5_oof,79,20
HAMD-17,PDCH标签99人,GLM-5.2,思考,3,自杀,3,0.4564272353402767,15.0,0.45426547343846824,0.0021617619018084455,max_corrected_rho,79,6,3,repeated_10x5_oof,79,20
HAMD-17,PDCH标签99人,GLM-5.2,思考,4,入睡困难,16,0.4656070645285294,3.0,0.4295541465237728,0.03605291800475663,max_corrected_rho,79,6,3,repeated_10x5_oof,79,20
HAMD-17,PDCH标签99人,GLM-5.2,思考,5,睡眠不深,8,0.26787586420025317,7.0,0.2159193054197181,0.05195655878053507,max_corrected_rho,79,6,3,repeated_10x5_oof,79,20
HAMD-17,PDCH标签99人,GLM-5.2,思考,6,早醒,3,0.3450607981210996,4.0,0.30677606061520096,0.038284737505898614,max_corrected_rho,79,6,3,repeated_10x5_oof,79,20
HAMD-17,PDCH标签99人,GLM-5.2,思考,7,工作和活动,8,0.6220119542451338,15.0,0.5924978680862998,0.029514086158833996,max_corrected_rho,79,6,3,repeated_10x5_oof,79,20
HAMD-17,PDCH标签99人,GLM-5.2,思考,8,迟滞,15,0.4759948072736824,16.0,0.4734241857745057,0.002570621499176695,max_corrected_rho,79,6,3,repeated_10x5_oof,79,20
HAMD-17,PDCH标签99人,GLM-5.2,思考,9,激越,15,0.3912703714408874,7.0,0.37933478969023016,0.011935581750657231,max_corrected_rho,79,6,3,repeated_10x5_oof,79,20
HAMD-17,PDCH标签99人,GLM-5.2,思考,10,精神性焦虑,16,0.5958222332337152,15.0,0.5479136854367738,0.047908547796941425,max_corrected_rho,79,6,3,repeated_10x5_oof,79,20
HAMD-17,PDCH标签99人,GLM-5.2,思考,11,躯体性焦虑,3,0.5935905379639105,7.0,0.5778697528339598,0.015720785129950676,max_corrected_rho,79,6,3,repeated_10x5_oof,79,20
HAMD-17,PDCH标签99人,GLM-5.2,思考,12,胃肠道症状,12,0.45643507698279395,11.0,0.4454938546835761,0.010941222299217845,max_corrected_rho,79,6,3,repeated_10x5_oof,79,20
HAMD-17,PDCH标签99人,GLM-5.2,思考,13,全身症状,15,0.5250633869803416,11.0,0.5203343586484103,0.00472902833193134,max_corrected_rho,79,6,3,repeated_10x5_oof,79,20
HAMD-17,PDCH标签99人,GLM-5.2,思考,14,性症状,7,0.5268582395092467,3.0,0.4987552689822327,0.028102970527013993,max_corrected_rho,36,6,3,repeated_10x5_oof,79,20
HAMD-17,PDCH标签99人,GLM-5.2,思考,15,疑病,15,0.19954417711211228,16.0,0.14920182288246073,0.050342354229651554,max_corrected_rho,79,6,3,repeated_10x5_oof,79,20
HAMD-17,PDCH标签99人,GLM-5.2,思考,16,体重减轻,7,0.17276604815812918,8.0,0.1664126250392038,0.006353423118925394,max_corrected_rho,79,6,3,repeated_10x5_oof,79,20
HAMD-17,PDCH标签99人,GLM-5.2,思考,17,自知力,7,0.08638440397465748,11.0,0.07680810410182236,0.00957629987283512,max_corrected_rho,79,6,3,repeated_10x5_oof,79,20
HAMD-17,PDCH标签99人,Kimi-K2.6,思考,1,抑郁情绪,11,0.5572519881765463,3.0,0.4944651340756383,0.06278685410090801,max_corrected_rho,79,6,3,repeated_10x5_oof,79,20
HAMD-17,PDCH标签99人,Kimi-K2.6,思考,2,有罪感,3,0.32430476569675043,8.0,0.2926527998699717,0.031651965826778705,max_corrected_rho,79,6,3,repeated_10x5_oof,79,20
HAMD-17,PDCH标签99人,Kimi-K2.6,思考,3,自杀,16,0.42840330400137466,11.0,0.3535265101212436,0.07487679388013108,max_corrected_rho,79,6,3,repeated_10x5_oof,79,20
HAMD-17,PDCH标签99人,Kimi-K2.6,思考,4,入睡困难,3,0.48994311893525727,12.0,0.3949408300425523,0.09500228889270496,max_corrected_rho,79,6,3,repeated_10x5_oof,79,20
HAMD-17,PDCH标签99人,Kimi-K2.6,思考,5,睡眠不深,3,0.19574520647824167,16.0,0.19393142183676718,0.0018137846414744974,max_corrected_rho,79,6,3,repeated_10x5_oof,79,20
HAMD-17,PDCH标签99人,Kimi-K2.6,思考,6,早醒,3,0.31784187497752264,16.0,0.306226742026313,0.011615132951209639,max_corrected_rho,79,6,3,repeated_10x5_oof,79,20
HAMD-17,PDCH标签99人,Kimi-K2.6,思考,7,工作和活动,3,0.6487796508820866,7.0,0.614065031002641,0.034714619879445574,max_corrected_rho,79,6,3,repeated_10x5_oof,79,20
HAMD-17,PDCH标签99人,Kimi-K2.6,思考,8,迟滞,15,0.26704953198393994,16.0,0.22547962801852295,0.04156990396541699,max_corrected_rho,79,6,3,repeated_10x5_oof,79,20
HAMD-17,PDCH标签99人,Kimi-K2.6,思考,9,激越,7,0.2940007015052211,15.0,0.2789385191376822,0.015062182367538923,max_corrected_rho,79,6,3,repeated_10x5_oof,79,20
HAMD-17,PDCH标签99人,Kimi-K2.6,思考,10,精神性焦虑,8,0.48819353901639273,15.0,0.4332460119232212,0.05494752709317152,max_corrected_rho,79,6,3,repeated_10x5_oof,79,20
HAMD-17,PDCH标签99人,Kimi-K2.6,思考,11,躯体性焦虑,16,0.5104931562205923,15.0,0.5090043224954846,0.0014888337251077743,max_corrected_rho,79,6,3,repeated_10x5_oof,79,20
HAMD-17,PDCH标签99人,Kimi-K2.6,思考,12,胃肠道症状,8,0.4396102357615288,7.0,0.39694906117861123,0.04266117458291757,max_corrected_rho,79,6,3,repeated_10x5_oof,79,20
HAMD-17,PDCH标签99人,Kimi-K2.6,思考,13,全身症状,11,0.5695471857634575,3.0,0.5215504529235045,0.04799673283995298,max_corrected_rho,79,6,3,repeated_10x5_oof,79,20
HAMD-17,PDCH标签99人,Kimi-K2.6,思考,14,性症状,7,0.3544869199355085,3.0,0.28445382818776194,0.07003309174774658,max_corrected_rho,31,6,3,repeated_10x5_oof,79,20
HAMD-17,PDCH标签99人,Kimi-K2.6,思考,15,疑病,4,0.16677365760720533,16.0,0.1512569713814275,0.015516686225777843,max_corrected_rho,79,6,3,repeated_10x5_oof,79,20
HAMD-17,PDCH标签99人,Kimi-K2.6,思考,16,体重减轻,7,0.24317254952804862,3.0,0.22129157912706438,0.021880970400984245,max_corrected_rho,79,6,3,repeated_10x5_oof,79,20
HAMD-17,PDCH标签99人,Kimi-K2.6,思考,17,自知力,8,0.30655872745137275,11.0,0.1698379538799569,0.13672077357141585,max_corrected_rho,79,6,3,repeated_10x5_oof,79,20
HAMD-17,PDCH标签99人,Qwen3.7-Max,思考,1,抑郁情绪,3,0.5677987867494306,4.0,0.5346263709916209,0.033172415757809715,max_corrected_rho,79,6,3,repeated_10x5_oof,79,20
HAMD-17,PDCH标签99人,Qwen3.7-Max,思考,2,有罪感,8,0.325193627473034,3.0,0.3247784915599812,0.00041513591305281095,max_corrected_rho,79,6,3,repeated_10x5_oof,79,20
HAMD-17,PDCH标签99人,Qwen3.7-Max,思考,3,自杀,16,0.3945337758284984,4.0,0.39251183019574776,0.0020219456327506546,max_corrected_rho,79,6,3,repeated_10x5_oof,79,20
HAMD-17,PDCH标签99人,Qwen3.7-Max,思考,4,入睡困难,12,0.44441433993107743,3.0,0.43714564390551286,0.007268696025564569,max_corrected_rho,79,6,3,repeated_10x5_oof,79,20
HAMD-17,PDCH标签99人,Qwen3.7-Max,思考,5,睡眠不深,15,0.297415413111541,16.0,0.22454870477150446,0.07286670834003656,max_corrected_rho,79,6,3,repeated_10x5_oof,79,20
HAMD-17,PDCH标签99人,Qwen3.7-Max,思考,6,早醒,3,0.3186338562936136,12.0,0.29914600691040616,0.019487849383207467,max_corrected_rho,79,6,3,repeated_10x5_oof,79,20
HAMD-17,PDCH标签99人,Qwen3.7-Max,思考,7,工作和活动,3,0.6300029097996392,11.0,0.6042446697634529,0.02575824003618632,max_corrected_rho,79,6,3,repeated_10x5_oof,79,20
HAMD-17,PDCH标签99人,Qwen3.7-Max,思考,8,迟滞,15,0.44273482974815825,3.0,0.342153916744718,0.10058091300344024,max_corrected_rho,79,6,3,repeated_10x5_oof,79,20
HAMD-17,PDCH标签99人,Qwen3.7-Max,思考,9,激越,11,0.3965249058667269,4.0,0.3929612025814091,0.0035637032853177986,max_corrected_rho,79,6,3,repeated_10x5_oof,79,20
HAMD-17,PDCH标签99人,Qwen3.7-Max,思考,10,精神性焦虑,4,0.4766905299051775,11.0,0.4567838945293171,0.019906635375860404,max_corrected_rho,79,6,3,repeated_10x5_oof,79,20
HAMD-17,PDCH标签99人,Qwen3.7-Max,思考,11,躯体性焦虑,3,0.5807220741185974,11.0,0.5748808479205271,0.005841226198070371,max_corrected_rho,79,6,3,repeated_10x5_oof,79,20
HAMD-17,PDCH标签99人,Qwen3.7-Max,思考,12,胃肠道症状,7,0.4929719623112591,3.0,0.4324840755064297,0.060487886804829416,max_corrected_rho,79,6,3,repeated_10x5_oof,79,20
HAMD-17,PDCH标签99人,Qwen3.7-Max,思考,13,全身症状,3,0.5656327473808798,4.0,0.4861347627139832,0.07949798466689656,max_corrected_rho,79,6,3,repeated_10x5_oof,79,20
HAMD-17,PDCH标签99人,Qwen3.7-Max,思考,14,性症状,7,0.41183676332497593,3.0,0.3981818388280574,0.013654924496918519,max_corrected_rho,38,6,3,repeated_10x5_oof,79,20
HAMD-17,PDCH标签99人,Qwen3.7-Max,思考,15,疑病,4,0.1801873311650143,16.0,0.17930354706710697,0.0008837840979073197,max_corrected_rho,79,6,3,repeated_10x5_oof,79,20
HAMD-17,PDCH标签99人,Qwen3.7-Max,思考,16,体重减轻,7,0.24388275761272812,12.0,0.22169338837910255,0.022189369233625578,max_corrected_rho,79,6,3,repeated_10x5_oof,79,20
HAMD-17,PDCH标签99人,Qwen3.7-Max,思考,17,自知力,8,0.17416504250427906,3.0,0.08050875229940445,0.0936562902048746,max_corrected_rho,79,6,3,repeated_10x5_oof,79,20
HAMD-17,PDCH标签99人,GLM-5.2,思考,1,抑郁情绪,16,0.6101958814150681,15.0,0.5595029615200124,0.050692919895055644,max_corrected_rho,80,6,4,repeated_10x5_oof,80,19
HAMD-17,PDCH标签99人,GLM-5.2,思考,2,有罪感,4,0.46499443912045674,12.0,0.46269214204577463,0.0023022970746821025,max_corrected_rho,80,6,4,repeated_10x5_oof,80,19
HAMD-17,PDCH标签99人,GLM-5.2,思考,3,自杀,15,0.44844162635288265,16.0,0.44038611640043923,0.008055509952443418,max_corrected_rho,80,6,4,repeated_10x5_oof,80,19
HAMD-17,PDCH标签99人,GLM-5.2,思考,4,入睡困难,3,0.4782909883220971,11.0,0.4477174032465917,0.030573585075505394,max_corrected_rho,80,6,4,repeated_10x5_oof,80,19
HAMD-17,PDCH标签99人,GLM-5.2,思考,5,睡眠不深,3,0.19124874624877042,7.0,0.18500599447007401,0.006242751778696404,max_corrected_rho,80,6,4,repeated_10x5_oof,80,19
HAMD-17,PDCH标签99人,GLM-5.2,思考,6,早醒,3,0.3653961709783326,4.0,0.31844490887631643,0.04695126210201617,max_corrected_rho,80,6,4,repeated_10x5_oof,80,19
HAMD-17,PDCH标签99人,GLM-5.2,思考,7,工作和活动,8,0.6696293874769421,15.0,0.636104814271252,0.033524573205690134,max_corrected_rho,80,6,4,repeated_10x5_oof,80,19
HAMD-17,PDCH标签99人,GLM-5.2,思考,8,迟滞,7,0.5578803378044438,15.0,0.5305434568261304,0.027336880978313438,max_corrected_rho,80,6,4,repeated_10x5_oof,80,19
HAMD-17,PDCH标签99人,GLM-5.2,思考,9,激越,15,0.47251099928237644,16.0,0.3999577566607499,0.07255324262162655,max_corrected_rho,80,6,4,repeated_10x5_oof,80,19
HAMD-17,PDCH标签99人,GLM-5.2,思考,10,精神性焦虑,16,0.5710794283991317,15.0,0.5025538282318721,0.06852560016725961,max_corrected_rho,80,6,4,repeated_10x5_oof,80,19
HAMD-17,PDCH标签99人,GLM-5.2,思考,11,躯体性焦虑,7,0.5732109927125522,3.0,0.5065381754770343,0.06667281723551788,max_corrected_rho,80,6,4,repeated_10x5_oof,80,19
HAMD-17,PDCH标签99人,GLM-5.2,思考,12,胃肠道症状,12,0.46798246242240965,11.0,0.4608696770164591,0.007112785405950561,max_corrected_rho,80,6,4,repeated_10x5_oof,80,19
HAMD-17,PDCH标签99人,GLM-5.2,思考,13,全身症状,15,0.6112348320887291,3.0,0.5882667300250863,0.022968102063642748,max_corrected_rho,80,6,4,repeated_10x5_oof,80,19
HAMD-17,PDCH标签99人,GLM-5.2,思考,14,性症状,7,0.5427964568079641,8.0,0.5389593957098854,0.0038370610980786868,max_corrected_rho,37,6,4,repeated_10x5_oof,80,19
HAMD-17,PDCH标签99人,GLM-5.2,思考,15,疑病,16,0.16801385949204192,15.0,0.15572701203357223,0.012286847458469696,max_corrected_rho,80,6,4,repeated_10x5_oof,80,19
HAMD-17,PDCH标签99人,GLM-5.2,思考,16,体重减轻,7,0.3171934783720886,8.0,0.29116383034070686,0.026029648031381747,max_corrected_rho,80,6,4,repeated_10x5_oof,80,19
HAMD-17,PDCH标签99人,GLM-5.2,思考,17,自知力,11,0.10039905388433515,3.0,0.07766380797708149,0.022735245907253662,max_corrected_rho,80,6,4,repeated_10x5_oof,80,19
HAMD-17,PDCH标签99人,Kimi-K2.6,思考,1,抑郁情绪,11,0.6269348753382624,7.0,0.5906591390851355,0.03627573625312697,max_corrected_rho,80,6,4,repeated_10x5_oof,80,19
HAMD-17,PDCH标签99人,Kimi-K2.6,思考,2,有罪感,3,0.4497751433280204,11.0,0.4385038860691709,0.011271257258849476,max_corrected_rho,80,6,4,repeated_10x5_oof,80,19
HAMD-17,PDCH标签99人,Kimi-K2.6,思考,3,自杀,7,0.3627119933276768,3.0,0.32959038492418474,0.03312160840349204,max_corrected_rho,80,6,4,repeated_10x5_oof,80,19
HAMD-17,PDCH标签99人,Kimi-K2.6,思考,4,入睡困难,3,0.5718601301839391,12.0,0.4663837442300044,0.10547638595393471,max_corrected_rho,80,6,4,repeated_10x5_oof,80,19
HAMD-17,PDCH标签99人,Kimi-K2.6,思考,5,睡眠不深,3,0.2138229699341218,16.0,0.18012910149453415,0.03369386843958766,max_corrected_rho,80,6,4,repeated_10x5_oof,80,19
HAMD-17,PDCH标签99人,Kimi-K2.6,思考,6,早醒,16,0.3384163694030094,3.0,0.33443978473732794,0.00397658466568146,max_corrected_rho,80,6,4,repeated_10x5_oof,80,19
HAMD-17,PDCH标签99人,Kimi-K2.6,思考,7,工作和活动,7,0.6921839632808288,3.0,0.6565352156435177,0.03564874763731107,max_corrected_rho,80,6,4,repeated_10x5_oof,80,19
HAMD-17,PDCH标签99人,Kimi-K2.6,思考,8,迟滞,16,0.32063035165583365,3.0,0.32044755779704587,0.00018279385878777754,max_corrected_rho,80,6,4,repeated_10x5_oof,80,19
HAMD-17,PDCH标签99人,Kimi-K2.6,思考,9,激越,7,0.24601754020919783,16.0,0.23413877973497532,0.01187876047422251,max_corrected_rho,80,6,4,repeated_10x5_oof,80,19
HAMD-17,PDCH标签99人,Kimi-K2.6,思考,10,精神性焦虑,8,0.4912859199013983,16.0,0.3891724750836982,0.10211344481770013,max_corrected_rho,80,6,4,repeated_10x5_oof,80,19
HAMD-17,PDCH标签99人,Kimi-K2.6,思考,11,躯体性焦虑,7,0.5370703956936671,16.0,0.4508698124327484,0.08620058326091873,max_corrected_rho,80,6,4,repeated_10x5_oof,80,19
HAMD-17,PDCH标签99人,Kimi-K2.6,思考,12,胃肠道症状,3,0.4258963662145468,7.0,0.41597665713359544,0.009919709080951356,max_corrected_rho,80,6,4,repeated_10x5_oof,80,19
HAMD-17,PDCH标签99人,Kimi-K2.6,思考,13,全身症状,11,0.6364678852273127,3.0,0.5958000972666387,0.04066778796067394,max_corrected_rho,80,6,4,repeated_10x5_oof,80,19
HAMD-17,PDCH标签99人,Kimi-K2.6,思考,14,性症状,3,,,,,all_not_estimable_fallback_c03,29,6,4,repeated_10x5_oof,80,19
HAMD-17,PDCH标签99人,Kimi-K2.6,思考,15,疑病,4,0.20586300637033406,7.0,0.13883704171999714,0.06702596465033692,max_corrected_rho,80,6,4,repeated_10x5_oof,80,19
HAMD-17,PDCH标签99人,Kimi-K2.6,思考,16,体重减轻,7,0.3703925748453956,16.0,0.3242280122138365,0.0461645626315591,max_corrected_rho,80,6,4,repeated_10x5_oof,80,19
HAMD-17,PDCH标签99人,Kimi-K2.6,思考,17,自知力,8,0.33935457645444883,7.0,0.24255474000136468,0.09679983645308415,max_corrected_rho,80,6,4,repeated_10x5_oof,80,19
HAMD-17,PDCH标签99人,Qwen3.7-Max,思考,1,抑郁情绪,4,0.5730212640691674,8.0,0.5728565932959072,0.0001646707732602115,max_corrected_rho,80,6,4,repeated_10x5_oof,80,19
HAMD-17,PDCH标签99人,Qwen3.7-Max,思考,2,有罪感,15,0.41952725022213355,4.0,0.4176695317514164,0.0018577184707171401,max_corrected_rho,80,6,4,repeated_10x5_oof,80,19
HAMD-17,PDCH标签99人,Qwen3.7-Max,思考,3,自杀,4,0.4161227576446692,16.0,0.40988287043900207,0.0062398872056671495,max_corrected_rho,80,6,4,repeated_10x5_oof,80,19
HAMD-17,PDCH标签99人,Qwen3.7-Max,思考,4,入睡困难,3,0.4831761415911175,12.0,0.48200029843933223,0.0011758431517852608,max_corrected_rho,80,6,4,repeated_10x5_oof,80,19
HAMD-17,PDCH标签99人,Qwen3.7-Max,思考,5,睡眠不深,15,0.2730101584806452,16.0,0.20223111419121462,0.07077904428943058,max_corrected_rho,80,6,4,repeated_10x5_oof,80,19
HAMD-17,PDCH标签99人,Qwen3.7-Max,思考,6,早醒,4,0.35338415947776014,3.0,0.3505082066219047,0.002875952855855457,max_corrected_rho,80,6,4,repeated_10x5_oof,80,19
HAMD-17,PDCH标签99人,Qwen3.7-Max,思考,7,工作和活动,3,0.6672459317966168,11.0,0.6542100849659516,0.013035846830665276,max_corrected_rho,80,6,4,repeated_10x5_oof,80,19
HAMD-17,PDCH标签99人,Qwen3.7-Max,思考,8,迟滞,15,0.47308989891536324,16.0,0.43509924578223047,0.03799065313313277,max_corrected_rho,80,6,4,repeated_10x5_oof,80,19
HAMD-17,PDCH标签99人,Qwen3.7-Max,思考,9,激越,15,0.35029760331411897,16.0,0.34446518271558907,0.005832420598529897,max_corrected_rho,80,6,4,repeated_10x5_oof,80,19
HAMD-17,PDCH标签99人,Qwen3.7-Max,思考,10,精神性焦虑,4,0.47760028050822523,3.0,0.45105178613653246,0.026548494371692766,max_corrected_rho,80,6,4,repeated_10x5_oof,80,19
HAMD-17,PDCH标签99人,Qwen3.7-Max,思考,11,躯体性焦虑,11,0.5197432247623409,3.0,0.5000031261923973,0.01974009856994363,max_corrected_rho,80,6,4,repeated_10x5_oof,80,19
HAMD-17,PDCH标签99人,Qwen3.7-Max,思考,12,胃肠道症状,11,0.46715797907307055,3.0,0.4568767327928114,0.01028124628025917,max_corrected_rho,80,6,4,repeated_10x5_oof,80,19
HAMD-17,PDCH标签99人,Qwen3.7-Max,思考,13,全身症状,3,0.5765404640216053,4.0,0.5249085213949659,0.05163194262663939,max_corrected_rho,80,6,4,repeated_10x5_oof,80,19
HAMD-17,PDCH标签99人,Qwen3.7-Max,思考,14,性症状,4,0.4249945657197704,7.0,0.4249945657197704,0.0,max_corrected_rho_tie_condition_order,41,6,4,repeated_10x5_oof,80,19
HAMD-17,PDCH标签99人,Qwen3.7-Max,思考,15,疑病,11,0.13652314354401343,16.0,0.13249703837174992,0.004026105172263511,max_corrected_rho,80,6,4,repeated_10x5_oof,80,19
HAMD-17,PDCH标签99人,Qwen3.7-Max,思考,16,体重减轻,12,0.3669486792629329,7.0,0.3181862206353553,0.04876245862757761,max_corrected_rho,80,6,4,repeated_10x5_oof,80,19
HAMD-17,PDCH标签99人,Qwen3.7-Max,思考,17,自知力,8,0.23826877002070806,3.0,0.14646507258820896,0.09180369743249911,max_corrected_rho,80,6,4,repeated_10x5_oof,80,19
HAMD-17,PDCH标签99人,GLM-5.2,思考,1,抑郁情绪,16,0.5378581828740427,15.0,0.5174689541382418,0.020389228735800957,max_corrected_rho,79,7,0,repeated_10x5_oof,79,20
HAMD-17,PDCH标签99人,GLM-5.2,思考,2,有罪感,3,0.4119688867258697,12.0,0.3956744902194891,0.016294396506380593,max_corrected_rho,79,7,0,repeated_10x5_oof,79,20
HAMD-17,PDCH标签99人,GLM-5.2,思考,3,自杀,15,0.41227807242673553,3.0,0.38766927179329824,0.02460880063343729,max_corrected_rho,79,7,0,repeated_10x5_oof,79,20
HAMD-17,PDCH标签99人,GLM-5.2,思考,4,入睡困难,3,0.43510579648737585,16.0,0.43041749299796095,0.004688303489414902,max_corrected_rho,79,7,0,repeated_10x5_oof,79,20
HAMD-17,PDCH标签99人,GLM-5.2,思考,5,睡眠不深,3,0.1917384041163742,8.0,0.17395793114238353,0.017780472973990658,max_corrected_rho,79,7,0,repeated_10x5_oof,79,20
HAMD-17,PDCH标签99人,GLM-5.2,思考,6,早醒,3,0.37893984715812,12.0,0.33348307372852526,0.045456773429594755,max_corrected_rho,79,7,0,repeated_10x5_oof,79,20
HAMD-17,PDCH标签99人,GLM-5.2,思考,7,工作和活动,15,0.591847649511588,8.0,0.5903366730669167,0.0015109764446712415,max_corrected_rho,79,7,0,repeated_10x5_oof,79,20
HAMD-17,PDCH标签99人,GLM-5.2,思考,8,迟滞,11,0.47885758855355154,7.0,0.46703074718557064,0.0118268413679809,max_corrected_rho,79,7,0,repeated_10x5_oof,79,20
HAMD-17,PDCH标签99人,GLM-5.2,思考,9,激越,7,0.3642658685730097,15.0,0.3568253874524029,0.007440481120606801,max_corrected_rho,79,7,0,repeated_10x5_oof,79,20
HAMD-17,PDCH标签99人,GLM-5.2,思考,10,精神性焦虑,16,0.5067266237143877,8.0,0.47719219427300863,0.029534429441379073,max_corrected_rho,79,7,0,repeated_10x5_oof,79,20
HAMD-17,PDCH标签99人,GLM-5.2,思考,11,躯体性焦虑,7,0.5620613173553424,3.0,0.527152156966445,0.03490916038889735,max_corrected_rho,79,7,0,repeated_10x5_oof,79,20
HAMD-17,PDCH标签99人,GLM-5.2,思考,12,胃肠道症状,12,0.471341962517148,11.0,0.4603659957570422,0.010975966760105815,max_corrected_rho,79,7,0,repeated_10x5_oof,79,20
HAMD-17,PDCH标签99人,GLM-5.2,思考,13,全身症状,11,0.5372783565566454,15.0,0.5365548950192105,0.0007234615374348552,max_corrected_rho,79,7,0,repeated_10x5_oof,79,20
HAMD-17,PDCH标签99人,GLM-5.2,思考,14,性症状,3,0.40471907715542227,7.0,0.39543409079332104,0.009284986362101233,max_corrected_rho,32,7,0,repeated_10x5_oof,79,20
HAMD-17,PDCH标签99人,GLM-5.2,思考,15,疑病,15,0.22029080188997635,16.0,0.2040377057459393,0.016253096144037055,max_corrected_rho,79,7,0,repeated_10x5_oof,79,20
HAMD-17,PDCH标签99人,GLM-5.2,思考,16,体重减轻,7,0.3212431812913512,15.0,0.29805375022333774,0.023189431068013466,max_corrected_rho,79,7,0,repeated_10x5_oof,79,20
HAMD-17,PDCH标签99人,GLM-5.2,思考,17,自知力,3,0.03291683568163834,8.0,0.0041232508934773635,0.028793584788160978,max_corrected_rho,79,7,0,repeated_10x5_oof,79,20
HAMD-17,PDCH标签99人,Kimi-K2.6,思考,1,抑郁情绪,11,0.5072253268565922,8.0,0.46655517607941704,0.04067015077717512,max_corrected_rho,79,7,0,repeated_10x5_oof,79,20
HAMD-17,PDCH标签99人,Kimi-K2.6,思考,2,有罪感,3,0.42157790219486757,8.0,0.39238494101999066,0.029192961174876908,max_corrected_rho,79,7,0,repeated_10x5_oof,79,20
HAMD-17,PDCH标签99人,Kimi-K2.6,思考,3,自杀,7,0.4335974515075938,16.0,0.3517429736365684,0.0818544778710254,max_corrected_rho,79,7,0,repeated_10x5_oof,79,20
HAMD-17,PDCH标签99人,Kimi-K2.6,思考,4,入睡困难,3,0.5142628469251194,12.0,0.47071677707558124,0.04354606984953813,max_corrected_rho,79,7,0,repeated_10x5_oof,79,20
HAMD-17,PDCH标签99人,Kimi-K2.6,思考,5,睡眠不深,3,0.2004950829804703,16.0,0.19487445566257253,0.005620627317897781,max_corrected_rho,79,7,0,repeated_10x5_oof,79,20
HAMD-17,PDCH标签99人,Kimi-K2.6,思考,6,早醒,16,0.3471621506316656,15.0,0.3427060449014195,0.004456105730246129,max_corrected_rho,79,7,0,repeated_10x5_oof,79,20
HAMD-17,PDCH标签99人,Kimi-K2.6,思考,7,工作和活动,7,0.6112675078661116,3.0,0.5972921522203821,0.013975355645729493,max_corrected_rho,79,7,0,repeated_10x5_oof,79,20
HAMD-17,PDCH标签99人,Kimi-K2.6,思考,8,迟滞,15,0.32696306115480217,8.0,0.2761862522100457,0.050776808944756446,max_corrected_rho,79,7,0,repeated_10x5_oof,79,20
HAMD-17,PDCH标签99人,Kimi-K2.6,思考,9,激越,11,0.30519573209956696,15.0,0.2313152584659134,0.07388047363365358,max_corrected_rho,79,7,0,repeated_10x5_oof,79,20
HAMD-17,PDCH标签99人,Kimi-K2.6,思考,10,精神性焦虑,8,0.4605827103454492,11.0,0.39440310512967225,0.06617960521577693,max_corrected_rho,79,7,0,repeated_10x5_oof,79,20
HAMD-17,PDCH标签99人,Kimi-K2.6,思考,11,躯体性焦虑,7,0.5055303806148449,4.0,0.4636771434925035,0.0418532371223414,max_corrected_rho,79,7,0,repeated_10x5_oof,79,20
HAMD-17,PDCH标签99人,Kimi-K2.6,思考,12,胃肠道症状,7,0.470885610693889,8.0,0.43364916953083954,0.03723644116304947,max_corrected_rho,79,7,0,repeated_10x5_oof,79,20
HAMD-17,PDCH标签99人,Kimi-K2.6,思考,13,全身症状,11,0.5641388925079477,12.0,0.5395455167167045,0.02459337579124321,max_corrected_rho,79,7,0,repeated_10x5_oof,79,20
HAMD-17,PDCH标签99人,Kimi-K2.6,思考,14,性症状,3,,,,,all_not_estimable_fallback_c03,27,7,0,repeated_10x5_oof,79,20
HAMD-17,PDCH标签99人,Kimi-K2.6,思考,15,疑病,11,0.20075059646520318,7.0,0.18230558768695038,0.01844500877825281,max_corrected_rho,79,7,0,repeated_10x5_oof,79,20
HAMD-17,PDCH标签99人,Kimi-K2.6,思考,16,体重减轻,7,0.34553909297006047,16.0,0.2974906644097487,0.04804842856031177,max_corrected_rho,79,7,0,repeated_10x5_oof,79,20
HAMD-17,PDCH标签99人,Kimi-K2.6,思考,17,自知力,8,0.3014465178156874,12.0,0.23121431703155682,0.07023220078413056,max_corrected_rho,79,7,0,repeated_10x5_oof,79,20
HAMD-17,PDCH标签99人,Qwen3.7-Max,思考,1,抑郁情绪,4,0.49922613309086905,8.0,0.4898765186623995,0.009349614428469544,max_corrected_rho,79,7,0,repeated_10x5_oof,79,20
HAMD-17,PDCH标签99人,Qwen3.7-Max,思考,2,有罪感,4,0.38629049265239856,3.0,0.36571104170564256,0.020579450946756006,max_corrected_rho,79,7,0,repeated_10x5_oof,79,20
HAMD-17,PDCH标签99人,Qwen3.7-Max,思考,3,自杀,8,0.41924855622597645,12.0,0.41239024958454035,0.006858306641436107,max_corrected_rho,79,7,0,repeated_10x5_oof,79,20
HAMD-17,PDCH标签99人,Qwen3.7-Max,思考,4,入睡困难,12,0.450019200376336,3.0,0.44139591021205027,0.008623290164285757,max_corrected_rho,79,7,0,repeated_10x5_oof,79,20
HAMD-17,PDCH标签99人,Qwen3.7-Max,思考,5,睡眠不深,15,0.23775280966351847,16.0,0.18301982454697557,0.0547329851165429,max_corrected_rho,79,7,0,repeated_10x5_oof,79,20
HAMD-17,PDCH标签99人,Qwen3.7-Max,思考,6,早醒,4,0.31933550992200377,3.0,0.31140725604284153,0.00792825387916224,max_corrected_rho,79,7,0,repeated_10x5_oof,79,20
HAMD-17,PDCH标签99人,Qwen3.7-Max,思考,7,工作和活动,8,0.6098461936057396,3.0,0.5998463331036029,0.009999860502136637,max_corrected_rho,79,7,0,repeated_10x5_oof,79,20
HAMD-17,PDCH标签99人,Qwen3.7-Max,思考,8,迟滞,15,0.44819704248873976,16.0,0.33171120248342134,0.11648584000531842,max_corrected_rho,79,7,0,repeated_10x5_oof,79,20
HAMD-17,PDCH标签99人,Qwen3.7-Max,思考,9,激越,11,0.3157032880455021,3.0,0.30952529563210973,0.006177992413392341,max_corrected_rho,79,7,0,repeated_10x5_oof,79,20
HAMD-17,PDCH标签99人,Qwen3.7-Max,思考,10,精神性焦虑,4,0.4842781028460398,3.0,0.4375709043806573,0.04670719846538246,max_corrected_rho,79,7,0,repeated_10x5_oof,79,20
HAMD-17,PDCH标签99人,Qwen3.7-Max,思考,11,躯体性焦虑,3,0.5753929133588264,11.0,0.5678328763141255,0.0075600370447008736,max_corrected_rho,79,7,0,repeated_10x5_oof,79,20
HAMD-17,PDCH标签99人,Qwen3.7-Max,思考,12,胃肠道症状,3,0.453825345944552,11.0,0.44938974260676406,0.004435603337787919,max_corrected_rho,79,7,0,repeated_10x5_oof,79,20
HAMD-17,PDCH标签99人,Qwen3.7-Max,思考,13,全身症状,3,0.5779532813213816,4.0,0.49393421541512417,0.0840190659062574,max_corrected_rho,79,7,0,repeated_10x5_oof,79,20
HAMD-17,PDCH标签99人,Qwen3.7-Max,思考,14,性症状,7,0.32270121536863094,3.0,0.31169769646830536,0.011003518900325582,max_corrected_rho,37,7,0,repeated_10x5_oof,79,20
HAMD-17,PDCH标签99人,Qwen3.7-Max,思考,15,疑病,15,0.23508319748893977,16.0,0.23457995583934516,0.0005032416495946157,max_corrected_rho,79,7,0,repeated_10x5_oof,79,20
HAMD-17,PDCH标签99人,Qwen3.7-Max,思考,16,体重减轻,12,0.3176112740988129,7.0,0.2988290418761581,0.018782232222654793,max_corrected_rho,79,7,0,repeated_10x5_oof,79,20
HAMD-17,PDCH标签99人,Qwen3.7-Max,思考,17,自知力,8,0.25312546657051116,3.0,0.10597615390186002,0.14714931266865114,max_corrected_rho,79,7,0,repeated_10x5_oof,79,20
HAMD-17,PDCH标签99人,GLM-5.2,思考,1,抑郁情绪,16,0.5954638142622926,11.0,0.5757372956458053,0.01972651861648722,max_corrected_rho,79,7,1,repeated_10x5_oof,79,20
HAMD-17,PDCH标签99人,GLM-5.2,思考,2,有罪感,4,0.437452222086617,12.0,0.40848995787278586,0.028962264213831135,max_corrected_rho,79,7,1,repeated_10x5_oof,79,20
HAMD-17,PDCH标签99人,GLM-5.2,思考,3,自杀,15,0.45093745180139555,3.0,0.4416605081698745,0.00927694363152104,max_corrected_rho,79,7,1,repeated_10x5_oof,79,20
HAMD-17,PDCH标签99人,GLM-5.2,思考,4,入睡困难,16,0.44052120708101367,3.0,0.40011613420816905,0.040405072872844616,max_corrected_rho,79,7,1,repeated_10x5_oof,79,20
HAMD-17,PDCH标签99人,GLM-5.2,思考,5,睡眠不深,8,0.3031660487756974,3.0,0.28571103487766414,0.017455013898033278,max_corrected_rho,79,7,1,repeated_10x5_oof,79,20
HAMD-17,PDCH标签99人,GLM-5.2,思考,6,早醒,4,0.3602140338930997,3.0,0.3353224978755309,0.02489153601756877,max_corrected_rho,79,7,1,repeated_10x5_oof,79,20
HAMD-17,PDCH标签99人,GLM-5.2,思考,7,工作和活动,8,0.6620793219046628,3.0,0.6509373850763839,0.011141936828278909,max_corrected_rho,79,7,1,repeated_10x5_oof,79,20
HAMD-17,PDCH标签99人,GLM-5.2,思考,8,迟滞,4,0.5142117767175979,11.0,0.5061798528153664,0.008031923902231508,max_corrected_rho,79,7,1,repeated_10x5_oof,79,20
HAMD-17,PDCH标签99人,GLM-5.2,思考,9,激越,7,0.41017578909565844,15.0,0.40725055198717175,0.002925237108486689,max_corrected_rho,79,7,1,repeated_10x5_oof,79,20
HAMD-17,PDCH标签99人,GLM-5.2,思考,10,精神性焦虑,16,0.5520112655051337,3.0,0.5165466984444239,0.03546456706070977,max_corrected_rho,79,7,1,repeated_10x5_oof,79,20
HAMD-17,PDCH标签99人,GLM-5.2,思考,11,躯体性焦虑,7,0.5688224727051895,3.0,0.5270391474914294,0.04178332521376005,max_corrected_rho,79,7,1,repeated_10x5_oof,79,20
HAMD-17,PDCH标签99人,GLM-5.2,思考,12,胃肠道症状,8,0.4715775715407228,12.0,0.4384337348608325,0.03314383667989029,max_corrected_rho,79,7,1,repeated_10x5_oof,79,20
HAMD-17,PDCH标签99人,GLM-5.2,思考,13,全身症状,15,0.5891487780031924,11.0,0.5543291829978987,0.034819595005293746,max_corrected_rho,79,7,1,repeated_10x5_oof,79,20
HAMD-17,PDCH标签99人,GLM-5.2,思考,14,性症状,7,0.49619505428725574,3.0,0.4690079643061215,0.027187089981134227,max_corrected_rho,43,7,1,repeated_10x5_oof,79,20
HAMD-17,PDCH标签99人,GLM-5.2,思考,15,疑病,8,0.053100819325691793,15.0,0.04343479248817515,0.00966602683751664,max_corrected_rho,79,7,1,repeated_10x5_oof,79,20
HAMD-17,PDCH标签99人,GLM-5.2,思考,16,体重减轻,7,0.26181639417574015,3.0,0.23405983473072722,0.02775655944501293,max_corrected_rho,79,7,1,repeated_10x5_oof,79,20
HAMD-17,PDCH标签99人,GLM-5.2,思考,17,自知力,7,0.0871151512470958,11.0,0.05590297852087162,0.03121217272622418,max_corrected_rho,79,7,1,repeated_10x5_oof,79,20
HAMD-17,PDCH标签99人,Kimi-K2.6,思考,1,抑郁情绪,11,0.6374406964640378,3.0,0.5782139830653897,0.059226713398648045,max_corrected_rho,79,7,1,repeated_10x5_oof,79,20
HAMD-17,PDCH标签99人,Kimi-K2.6,思考,2,有罪感,3,0.419634744451715,8.0,0.33584078613256285,0.08379395831915215,max_corrected_rho,79,7,1,repeated_10x5_oof,79,20
HAMD-17,PDCH标签99人,Kimi-K2.6,思考,3,自杀,7,0.43736210588304036,16.0,0.4175777260407688,0.01978437984227155,max_corrected_rho,79,7,1,repeated_10x5_oof,79,20
HAMD-17,PDCH标签99人,Kimi-K2.6,思考,4,入睡困难,3,0.4751945885399861,12.0,0.3945223275026922,0.08067226103729386,max_corrected_rho,79,7,1,repeated_10x5_oof,79,20
HAMD-17,PDCH标签99人,Kimi-K2.6,思考,5,睡眠不深,3,0.29463070335549246,8.0,0.2504713870562745,0.04415931629921799,max_corrected_rho,79,7,1,repeated_10x5_oof,79,20
HAMD-17,PDCH标签99人,Kimi-K2.6,思考,6,早醒,3,0.37453725386683195,16.0,0.36156951309107155,0.012967740775760406,max_corrected_rho,79,7,1,repeated_10x5_oof,79,20
HAMD-17,PDCH标签99人,Kimi-K2.6,思考,7,工作和活动,3,0.6808191621491573,7.0,0.6624399956309144,0.018379166518242895,max_corrected_rho,79,7,1,repeated_10x5_oof,79,20
HAMD-17,PDCH标签99人,Kimi-K2.6,思考,8,迟滞,15,0.3555416558357062,16.0,0.317558870899991,0.037982784935715164,max_corrected_rho,79,7,1,repeated_10x5_oof,79,20
HAMD-17,PDCH标签99人,Kimi-K2.6,思考,9,激越,15,0.25943524011428815,7.0,0.2292704031566975,0.030164836957590646,max_corrected_rho,79,7,1,repeated_10x5_oof,79,20
HAMD-17,PDCH标签99人,Kimi-K2.6,思考,10,精神性焦虑,12,0.46274719778672224,11.0,0.4561964819015526,0.0065507158851696445,max_corrected_rho,79,7,1,repeated_10x5_oof,79,20
HAMD-17,PDCH标签99人,Kimi-K2.6,思考,11,躯体性焦虑,7,0.4928186960235001,15.0,0.4552334866458683,0.03758520937763177,max_corrected_rho,79,7,1,repeated_10x5_oof,79,20
HAMD-17,PDCH标签99人,Kimi-K2.6,思考,12,胃肠道症状,8,0.4569982146847116,7.0,0.40877894223207306,0.04821927245263852,max_corrected_rho,79,7,1,repeated_10x5_oof,79,20
HAMD-17,PDCH标签99人,Kimi-K2.6,思考,13,全身症状,11,0.5901447591863515,12.0,0.5740466995599837,0.01609805962636779,max_corrected_rho,79,7,1,repeated_10x5_oof,79,20
HAMD-17,PDCH标签99人,Kimi-K2.6,思考,14,性症状,3,0.3495680178735095,4.0,0.3379236048585407,0.011644413014968769,max_corrected_rho,37,7,1,repeated_10x5_oof,79,20
HAMD-17,PDCH标签99人,Kimi-K2.6,思考,15,疑病,4,0.11141146552468233,16.0,0.05587782025449927,0.055533645270183056,max_corrected_rho,79,7,1,repeated_10x5_oof,79,20
HAMD-17,PDCH标签99人,Kimi-K2.6,思考,16,体重减轻,7,0.27774424806423703,3.0,0.2735614079842449,0.004182840079992145,max_corrected_rho,79,7,1,repeated_10x5_oof,79,20
HAMD-17,PDCH标签99人,Kimi-K2.6,思考,17,自知力,8,0.2961580318649766,12.0,0.15001555748104922,0.14614247438392736,max_corrected_rho,79,7,1,repeated_10x5_oof,79,20
HAMD-17,PDCH标签99人,Qwen3.7-Max,思考,1,抑郁情绪,4,0.589223402366258,3.0,0.5813186940981687,0.007904708268089311,max_corrected_rho,79,7,1,repeated_10x5_oof,79,20
HAMD-17,PDCH标签99人,Qwen3.7-Max,思考,2,有罪感,8,0.38196734400877813,3.0,0.3753106431500857,0.00665670085869241,max_corrected_rho,79,7,1,repeated_10x5_oof,79,20
HAMD-17,PDCH标签99人,Qwen3.7-Max,思考,3,自杀,16,0.43903684113385805,3.0,0.39834419353181416,0.040692647602043885,max_corrected_rho,79,7,1,repeated_10x5_oof,79,20
HAMD-17,PDCH标签99人,Qwen3.7-Max,思考,4,入睡困难,12,0.4409158372170904,3.0,0.42163112112435863,0.019284716092731746,max_corrected_rho,79,7,1,repeated_10x5_oof,79,20
HAMD-17,PDCH标签99人,Qwen3.7-Max,思考,5,睡眠不深,15,0.39769622903988217,16.0,0.34629768280966994,0.05139854623021223,max_corrected_rho,79,7,1,repeated_10x5_oof,79,20
HAMD-17,PDCH标签99人,Qwen3.7-Max,思考,6,早醒,3,0.3594563714206507,4.0,0.3184680653221616,0.04098830609848908,max_corrected_rho,79,7,1,repeated_10x5_oof,79,20
HAMD-17,PDCH标签99人,Qwen3.7-Max,思考,7,工作和活动,3,0.658747739369257,12.0,0.644025840028511,0.01472189934074597,max_corrected_rho,79,7,1,repeated_10x5_oof,79,20
HAMD-17,PDCH标签99人,Qwen3.7-Max,思考,8,迟滞,15,0.44631336087512496,16.0,0.40174653332216975,0.04456682755295521,max_corrected_rho,79,7,1,repeated_10x5_oof,79,20
HAMD-17,PDCH标签99人,Qwen3.7-Max,思考,9,激越,4,0.39056372622790864,3.0,0.3823648543845309,0.008198871843377753,max_corrected_rho,79,7,1,repeated_10x5_oof,79,20
HAMD-17,PDCH标签99人,Qwen3.7-Max,思考,10,精神性焦虑,11,0.4790790721167122,4.0,0.4621782566670978,0.016900815449614415,max_corrected_rho,79,7,1,repeated_10x5_oof,79,20
HAMD-17,PDCH标签99人,Qwen3.7-Max,思考,11,躯体性焦虑,11,0.5485882895742809,12.0,0.5255890408005853,0.022999248773695524,max_corrected_rho,79,7,1,repeated_10x5_oof,79,20
HAMD-17,PDCH标签99人,Qwen3.7-Max,思考,12,胃肠道症状,3,0.45247876696720113,11.0,0.4385120988789444,0.01396666808825675,max_corrected_rho,79,7,1,repeated_10x5_oof,79,20
HAMD-17,PDCH标签99人,Qwen3.7-Max,思考,13,全身症状,3,0.6191280974445357,11.0,0.5146996717724572,0.10442842567207844,max_corrected_rho,79,7,1,repeated_10x5_oof,79,20
HAMD-17,PDCH标签99人,Qwen3.7-Max,思考,14,性症状,3,0.4178832335479068,7.0,0.4178832335479068,0.0,max_corrected_rho_tie_prefer_c03,42,7,1,repeated_10x5_oof,79,20
HAMD-17,PDCH标签99人,Qwen3.7-Max,思考,15,疑病,15,0.08301785316549058,16.0,0.06735922684925433,0.015658626316236254,max_corrected_rho,79,7,1,repeated_10x5_oof,79,20
HAMD-17,PDCH标签99人,Qwen3.7-Max,思考,16,体重减轻,12,0.2944087701810331,8.0,0.2526162030439579,0.04179256713707524,max_corrected_rho,79,7,1,repeated_10x5_oof,79,20
HAMD-17,PDCH标签99人,Qwen3.7-Max,思考,17,自知力,8,0.11982098633225938,3.0,0.020069036728533822,0.09975194960372555,max_corrected_rho,79,7,1,repeated_10x5_oof,79,20
HAMD-17,PDCH标签99人,GLM-5.2,思考,1,抑郁情绪,16,0.5804405196426787,15.0,0.5590978926725663,0.021342626970112466,max_corrected_rho,79,7,2,repeated_10x5_oof,79,20
HAMD-17,PDCH标签99人,GLM-5.2,思考,2,有罪感,4,0.4301274485611402,12.0,0.4210695278983238,0.00905792066281641,max_corrected_rho,79,7,2,repeated_10x5_oof,79,20
HAMD-17,PDCH标签99人,GLM-5.2,思考,3,自杀,15,0.4145632774796113,16.0,0.4004214870154065,0.014141790464204829,max_corrected_rho,79,7,2,repeated_10x5_oof,79,20
HAMD-17,PDCH标签99人,GLM-5.2,思考,4,入睡困难,3,0.5628600248718416,16.0,0.5445138332731347,0.018346191598706874,max_corrected_rho,79,7,2,repeated_10x5_oof,79,20
HAMD-17,PDCH标签99人,GLM-5.2,思考,5,睡眠不深,7,0.22548974801355431,11.0,0.22236836271891156,0.003121385294642759,max_corrected_rho,79,7,2,repeated_10x5_oof,79,20
HAMD-17,PDCH标签99人,GLM-5.2,思考,6,早醒,3,0.3780272312333047,4.0,0.34867694530185456,0.029350285931450115,max_corrected_rho,79,7,2,repeated_10x5_oof,79,20
HAMD-17,PDCH标签99人,GLM-5.2,思考,7,工作和活动,15,0.6586532346253567,8.0,0.6480774637543261,0.010575770871030676,max_corrected_rho,79,7,2,repeated_10x5_oof,79,20
HAMD-17,PDCH标签99人,GLM-5.2,思考,8,迟滞,7,0.527527209897159,11.0,0.5139948358623425,0.013532374034816441,max_corrected_rho,79,7,2,repeated_10x5_oof,79,20
HAMD-17,PDCH标签99人,GLM-5.2,思考,9,激越,15,0.498403567964911,7.0,0.4586701469082173,0.039733421056693696,max_corrected_rho,79,7,2,repeated_10x5_oof,79,20
HAMD-17,PDCH标签99人,GLM-5.2,思考,10,精神性焦虑,16,0.6002610114502254,15.0,0.5845779051937829,0.015683106256442425,max_corrected_rho,79,7,2,repeated_10x5_oof,79,20
HAMD-17,PDCH标签99人,GLM-5.2,思考,11,躯体性焦虑,7,0.6348516540049015,3.0,0.5994222878209589,0.03542936618394266,max_corrected_rho,79,7,2,repeated_10x5_oof,79,20
HAMD-17,PDCH标签99人,GLM-5.2,思考,12,胃肠道症状,12,0.5191296194581787,11.0,0.4893074591935234,0.029822160264655284,max_corrected_rho,79,7,2,repeated_10x5_oof,79,20
HAMD-17,PDCH标签99人,GLM-5.2,思考,13,全身症状,11,0.5889700284164548,15.0,0.5819503090350978,0.007019719381357037,max_corrected_rho,79,7,2,repeated_10x5_oof,79,20
HAMD-17,PDCH标签99人,GLM-5.2,思考,14,性症状,7,0.6522425355562829,3.0,0.6226163403521194,0.02962619520416343,max_corrected_rho,39,7,2,repeated_10x5_oof,79,20
HAMD-17,PDCH标签99人,GLM-5.2,思考,15,疑病,15,0.19528178184639947,16.0,0.1353110123305411,0.05997076951585836,max_corrected_rho,79,7,2,repeated_10x5_oof,79,20
HAMD-17,PDCH标签99人,GLM-5.2,思考,16,体重减轻,7,0.22415764605174276,15.0,0.21067296559861842,0.013484680453124342,max_corrected_rho,79,7,2,repeated_10x5_oof,79,20
HAMD-17,PDCH标签99人,GLM-5.2,思考,17,自知力,3,0.05440577131316674,11.0,-0.006789917589704733,0.06119568890287148,max_corrected_rho,79,7,2,repeated_10x5_oof,79,20
HAMD-17,PDCH标签99人,Kimi-K2.6,思考,1,抑郁情绪,11,0.575827671338691,8.0,0.5608756003084738,0.014952071030217118,max_corrected_rho,79,7,2,repeated_10x5_oof,79,20
HAMD-17,PDCH标签99人,Kimi-K2.6,思考,2,有罪感,3,0.3947758520923122,8.0,0.3872480178998599,0.007527834192452287,max_corrected_rho,79,7,2,repeated_10x5_oof,79,20
HAMD-17,PDCH标签99人,Kimi-K2.6,思考,3,自杀,7,0.3502299356464929,3.0,0.32177789619998315,0.028452039446509758,max_corrected_rho,79,7,2,repeated_10x5_oof,79,20
HAMD-17,PDCH标签99人,Kimi-K2.6,思考,4,入睡困难,3,0.5824054141963517,12.0,0.5041798624741783,0.07822555172217338,max_corrected_rho,79,7,2,repeated_10x5_oof,79,20
HAMD-17,PDCH标签99人,Kimi-K2.6,思考,5,睡眠不深,16,0.20241945872814923,3.0,0.1894781341035562,0.01294132462459302,max_corrected_rho,79,7,2,repeated_10x5_oof,79,20
HAMD-17,PDCH标签99人,Kimi-K2.6,思考,6,早醒,16,0.35009843121519596,8.0,0.331156129122863,0.01894230209233294,max_corrected_rho,79,7,2,repeated_10x5_oof,79,20
HAMD-17,PDCH标签99人,Kimi-K2.6,思考,7,工作和活动,3,0.6710622488769651,4.0,0.6705440587319943,0.0005181901449707871,max_corrected_rho,79,7,2,repeated_10x5_oof,79,20
HAMD-17,PDCH标签99人,Kimi-K2.6,思考,8,迟滞,15,0.3096717784061334,8.0,0.2477180110645096,0.061953767341623805,max_corrected_rho,79,7,2,repeated_10x5_oof,79,20
HAMD-17,PDCH标签99人,Kimi-K2.6,思考,9,激越,11,0.37990665518775035,15.0,0.3049332833182031,0.07497337186954728,max_corrected_rho,79,7,2,repeated_10x5_oof,79,20
HAMD-17,PDCH标签99人,Kimi-K2.6,思考,10,精神性焦虑,8,0.5308769133652043,15.0,0.45166275825503865,0.07921415511016561,max_corrected_rho,79,7,2,repeated_10x5_oof,79,20
HAMD-17,PDCH标签99人,Kimi-K2.6,思考,11,躯体性焦虑,7,0.6018094028231759,16.0,0.5397165841665863,0.062092818656589555,max_corrected_rho,79,7,2,repeated_10x5_oof,79,20
HAMD-17,PDCH标签99人,Kimi-K2.6,思考,12,胃肠道症状,7,0.4568057162368519,8.0,0.45445368018204074,0.0023520360548111574,max_corrected_rho,79,7,2,repeated_10x5_oof,79,20
HAMD-17,PDCH标签99人,Kimi-K2.6,思考,13,全身症状,11,0.6368969546372576,3.0,0.5863792238717423,0.050517730765515245,max_corrected_rho,79,7,2,repeated_10x5_oof,79,20
HAMD-17,PDCH标签99人,Kimi-K2.6,思考,14,性症状,3,,,,,all_not_estimable_fallback_c03,29,7,2,repeated_10x5_oof,79,20
HAMD-17,PDCH标签99人,Kimi-K2.6,思考,15,疑病,4,0.193583414838228,7.0,0.1603464166287467,0.03323699820948128,max_corrected_rho,79,7,2,repeated_10x5_oof,79,20
HAMD-17,PDCH标签99人,Kimi-K2.6,思考,16,体重减轻,7,0.2950463176053431,16.0,0.2457782060847838,0.04926811152055932,max_corrected_rho,79,7,2,repeated_10x5_oof,79,20
HAMD-17,PDCH标签99人,Kimi-K2.6,思考,17,自知力,8,0.30191602292139863,7.0,0.2429169073423562,0.058999115579042444,max_corrected_rho,79,7,2,repeated_10x5_oof,79,20
HAMD-17,PDCH标签99人,Qwen3.7-Max,思考,1,抑郁情绪,3,0.5827708624576841,4.0,0.5632116801353794,0.01955918232230469,max_corrected_rho,79,7,2,repeated_10x5_oof,79,20
HAMD-17,PDCH标签99人,Qwen3.7-Max,思考,2,有罪感,8,0.36309001339157104,4.0,0.35568909337657606,0.007400920014994983,max_corrected_rho,79,7,2,repeated_10x5_oof,79,20
HAMD-17,PDCH标签99人,Qwen3.7-Max,思考,3,自杀,16,0.37768305036025523,4.0,0.3607320942704546,0.01695095608980063,max_corrected_rho,79,7,2,repeated_10x5_oof,79,20
HAMD-17,PDCH标签99人,Qwen3.7-Max,思考,4,入睡困难,12,0.5663405197127279,4.0,0.5398542874654311,0.026486232247296848,max_corrected_rho,79,7,2,repeated_10x5_oof,79,20
HAMD-17,PDCH标签99人,Qwen3.7-Max,思考,5,睡眠不深,15,0.2835934544417325,3.0,0.21937530789392745,0.06421814654780506,max_corrected_rho,79,7,2,repeated_10x5_oof,79,20
HAMD-17,PDCH标签99人,Qwen3.7-Max,思考,6,早醒,4,0.3633109472746792,3.0,0.33518504804978966,0.02812589922488956,max_corrected_rho,79,7,2,repeated_10x5_oof,79,20
HAMD-17,PDCH标签99人,Qwen3.7-Max,思考,7,工作和活动,3,0.6767641035967279,12.0,0.652863417687144,0.02390068590958394,max_corrected_rho,79,7,2,repeated_10x5_oof,79,20
HAMD-17,PDCH标签99人,Qwen3.7-Max,思考,8,迟滞,15,0.40598240612506326,16.0,0.3476750546068899,0.058307351518173345,max_corrected_rho,79,7,2,repeated_10x5_oof,79,20
HAMD-17,PDCH标签99人,Qwen3.7-Max,思考,9,激越,3,0.4123135790414824,11.0,0.4111889471120567,0.0011246319294256901,max_corrected_rho,79,7,2,repeated_10x5_oof,79,20
HAMD-17,PDCH标签99人,Qwen3.7-Max,思考,10,精神性焦虑,4,0.4979346664546631,3.0,0.47842960490189723,0.01950506155276588,max_corrected_rho,79,7,2,repeated_10x5_oof,79,20
HAMD-17,PDCH标签99人,Qwen3.7-Max,思考,11,躯体性焦虑,11,0.5922358320970205,3.0,0.5664378533792261,0.025797978717794323,max_corrected_rho,79,7,2,repeated_10x5_oof,79,20
HAMD-17,PDCH标签99人,Qwen3.7-Max,思考,12,胃肠道症状,7,0.5014536539340376,11.0,0.475393926260366,0.02605972767367165,max_corrected_rho,79,7,2,repeated_10x5_oof,79,20
HAMD-17,PDCH标签99人,Qwen3.7-Max,思考,13,全身症状,3,0.6120915764947383,4.0,0.5241788570684889,0.08791271942624945,max_corrected_rho,79,7,2,repeated_10x5_oof,79,20
HAMD-17,PDCH标签99人,Qwen3.7-Max,思考,14,性症状,7,0.5423952874539935,3.0,0.5391173596921881,0.003277927761805355,max_corrected_rho,39,7,2,repeated_10x5_oof,79,20
HAMD-17,PDCH标签99人,Qwen3.7-Max,思考,15,疑病,11,0.16962264425310478,16.0,0.14589638691133727,0.023726257341767504,max_corrected_rho,79,7,2,repeated_10x5_oof,79,20
HAMD-17,PDCH标签99人,Qwen3.7-Max,思考,16,体重减轻,12,0.26536257125872625,7.0,0.24972709614855287,0.01563547511017338,max_corrected_rho,79,7,2,repeated_10x5_oof,79,20
HAMD-17,PDCH标签99人,Qwen3.7-Max,思考,17,自知力,8,0.17425337034391275,3.0,0.048772274472081115,0.12548109587183165,max_corrected_rho,79,7,2,repeated_10x5_oof,79,20
HAMD-17,PDCH标签99人,GLM-5.2,思考,1,抑郁情绪,16,0.5679146430084971,3.0,0.5343616394157322,0.03355300359276492,max_corrected_rho,79,7,3,repeated_10x5_oof,79,20
HAMD-17,PDCH标签99人,GLM-5.2,思考,2,有罪感,4,0.42026929678079156,12.0,0.41349340116458977,0.006775895616201788,max_corrected_rho,79,7,3,repeated_10x5_oof,79,20
HAMD-17,PDCH标签99人,GLM-5.2,思考,3,自杀,15,0.483310135444131,16.0,0.4738079363599931,0.009502199084137908,max_corrected_rho,79,7,3,repeated_10x5_oof,79,20
HAMD-17,PDCH标签99人,GLM-5.2,思考,4,入睡困难,16,0.3990990847308749,3.0,0.38312300490573975,0.01597607982513516,max_corrected_rho,79,7,3,repeated_10x5_oof,79,20
HAMD-17,PDCH标签99人,GLM-5.2,思考,5,睡眠不深,7,0.1839181449578742,3.0,0.16108219266349863,0.022835952294375572,max_corrected_rho,79,7,3,repeated_10x5_oof,79,20
HAMD-17,PDCH标签99人,GLM-5.2,思考,6,早醒,3,0.3604149174258418,4.0,0.31690317061358597,0.043511746812255836,max_corrected_rho,79,7,3,repeated_10x5_oof,79,20
HAMD-17,PDCH标签99人,GLM-5.2,思考,7,工作和活动,8,0.6353101246837627,11.0,0.5896700894203387,0.04564003526342397,max_corrected_rho,79,7,3,repeated_10x5_oof,79,20
HAMD-17,PDCH标签99人,GLM-5.2,思考,8,迟滞,15,0.5320517538464195,7.0,0.5187833880582612,0.013268365788158265,max_corrected_rho,79,7,3,repeated_10x5_oof,79,20
HAMD-17,PDCH标签99人,GLM-5.2,思考,9,激越,15,0.41621989141770654,3.0,0.3536497971680984,0.06257009424960813,max_corrected_rho,79,7,3,repeated_10x5_oof,79,20
HAMD-17,PDCH标签99人,GLM-5.2,思考,10,精神性焦虑,16,0.5351356680178321,15.0,0.46508712834089827,0.07004853967693381,max_corrected_rho,79,7,3,repeated_10x5_oof,79,20
HAMD-17,PDCH标签99人,GLM-5.2,思考,11,躯体性焦虑,7,0.550680833715141,15.0,0.5269491304708833,0.023731703244257663,max_corrected_rho,79,7,3,repeated_10x5_oof,79,20
HAMD-17,PDCH标签99人,GLM-5.2,思考,12,胃肠道症状,11,0.46821780846588806,12.0,0.4609313742661195,0.007286434199768543,max_corrected_rho,79,7,3,repeated_10x5_oof,79,20
HAMD-17,PDCH标签99人,GLM-5.2,思考,13,全身症状,15,0.6107931836369032,11.0,0.5559437083946344,0.0548494752422688,max_corrected_rho,79,7,3,repeated_10x5_oof,79,20
HAMD-17,PDCH标签99人,GLM-5.2,思考,14,性症状,7,0.48273230119487087,3.0,0.4540055017911897,0.02872679940368117,max_corrected_rho,38,7,3,repeated_10x5_oof,79,20
HAMD-17,PDCH标签99人,GLM-5.2,思考,15,疑病,16,0.13079123484895608,8.0,0.1267923007152895,0.003998934133666587,max_corrected_rho,79,7,3,repeated_10x5_oof,79,20
HAMD-17,PDCH标签99人,GLM-5.2,思考,16,体重减轻,7,0.18341485819169548,12.0,0.16105810645113247,0.022356751740563008,max_corrected_rho,79,7,3,repeated_10x5_oof,79,20
HAMD-17,PDCH标签99人,GLM-5.2,思考,17,自知力,11,0.1030320320041423,3.0,0.05624717203597936,0.04678485996816293,max_corrected_rho,79,7,3,repeated_10x5_oof,79,20
HAMD-17,PDCH标签99人,Kimi-K2.6,思考,1,抑郁情绪,11,0.5940779097079558,3.0,0.5581001429965656,0.03597776671139019,max_corrected_rho,79,7,3,repeated_10x5_oof,79,20
HAMD-17,PDCH标签99人,Kimi-K2.6,思考,2,有罪感,8,0.39861277611365176,3.0,0.37845243321082395,0.02016034290282781,max_corrected_rho,79,7,3,repeated_10x5_oof,79,20
HAMD-17,PDCH标签99人,Kimi-K2.6,思考,3,自杀,3,0.4039929512064649,16.0,0.39370563327082425,0.010287317935640639,max_corrected_rho,79,7,3,repeated_10x5_oof,79,20
HAMD-17,PDCH标签99人,Kimi-K2.6,思考,4,入睡困难,3,0.47392215169327867,12.0,0.4189088318260896,0.05501331986718905,max_corrected_rho,79,7,3,repeated_10x5_oof,79,20
HAMD-17,PDCH标签99人,Kimi-K2.6,思考,5,睡眠不深,3,0.23161660107981233,8.0,0.21618720416537315,0.015429396914439175,max_corrected_rho,79,7,3,repeated_10x5_oof,79,20
HAMD-17,PDCH标签99人,Kimi-K2.6,思考,6,早醒,16,0.31390914434524725,8.0,0.293637312568798,0.020271831776449256,max_corrected_rho,79,7,3,repeated_10x5_oof,79,20
HAMD-17,PDCH标签99人,Kimi-K2.6,思考,7,工作和活动,3,0.6423223389795304,7.0,0.5998692752205164,0.04245306375901403,max_corrected_rho,79,7,3,repeated_10x5_oof,79,20
HAMD-17,PDCH标签99人,Kimi-K2.6,思考,8,迟滞,16,0.31643632975806457,8.0,0.29352777489129517,0.022908554866769404,max_corrected_rho,79,7,3,repeated_10x5_oof,79,20
HAMD-17,PDCH标签99人,Kimi-K2.6,思考,9,激越,8,0.2630123912549735,11.0,0.2558737240288669,0.007138667226106621,max_corrected_rho,79,7,3,repeated_10x5_oof,79,20
HAMD-17,PDCH标签99人,Kimi-K2.6,思考,10,精神性焦虑,8,0.42513471973662903,15.0,0.3555618907892211,0.0695728289474079,max_corrected_rho,79,7,3,repeated_10x5_oof,79,20
HAMD-17,PDCH标签99人,Kimi-K2.6,思考,11,躯体性焦虑,7,0.5275378786991936,16.0,0.5014343259018266,0.02610355279736698,max_corrected_rho,79,7,3,repeated_10x5_oof,79,20
HAMD-17,PDCH标签99人,Kimi-K2.6,思考,12,胃肠道症状,3,0.40860362276040413,8.0,0.40084928257359886,0.007754340186805264,max_corrected_rho,79,7,3,repeated_10x5_oof,79,20
HAMD-17,PDCH标签99人,Kimi-K2.6,思考,13,全身症状,11,0.6190847071387455,3.0,0.5981656523332582,0.02091905480548728,max_corrected_rho,79,7,3,repeated_10x5_oof,79,20
HAMD-17,PDCH标签99人,Kimi-K2.6,思考,14,性症状,7,0.27081922715111895,3.0,0.2671833183131511,0.0036359088379678273,max_corrected_rho,30,7,3,repeated_10x5_oof,79,20
HAMD-17,PDCH标签99人,Kimi-K2.6,思考,15,疑病,4,0.15769360935644786,16.0,0.10795366263657852,0.04973994671986934,max_corrected_rho,79,7,3,repeated_10x5_oof,79,20
HAMD-17,PDCH标签99人,Kimi-K2.6,思考,16,体重减轻,7,0.2349767347645638,16.0,0.15966119203101378,0.07531554273355001,max_corrected_rho,79,7,3,repeated_10x5_oof,79,20
HAMD-17,PDCH标签99人,Kimi-K2.6,思考,17,自知力,8,0.3535072351279361,11.0,0.18019141012733744,0.17331582500059864,max_corrected_rho,79,7,3,repeated_10x5_oof,79,20
HAMD-17,PDCH标签99人,Qwen3.7-Max,思考,1,抑郁情绪,4,0.543749199151636,3.0,0.5274538074101284,0.016295391741507625,max_corrected_rho,79,7,3,repeated_10x5_oof,79,20
HAMD-17,PDCH标签99人,Qwen3.7-Max,思考,2,有罪感,4,0.3727368738813236,8.0,0.3589078371733854,0.01382903670793817,max_corrected_rho,79,7,3,repeated_10x5_oof,79,20
HAMD-17,PDCH标签99人,Qwen3.7-Max,思考,3,自杀,4,0.46523144788528964,16.0,0.44243255106850093,0.022798896816788705,max_corrected_rho,79,7,3,repeated_10x5_oof,79,20
HAMD-17,PDCH标签99人,Qwen3.7-Max,思考,4,入睡困难,3,0.43767317593122723,12.0,0.3940607927304279,0.043612383200799354,max_corrected_rho,79,7,3,repeated_10x5_oof,79,20
HAMD-17,PDCH标签99人,Qwen3.7-Max,思考,5,睡眠不深,15,0.24435369400403395,7.0,0.19092544653463042,0.05342824746940353,max_corrected_rho,79,7,3,repeated_10x5_oof,79,20
HAMD-17,PDCH标签99人,Qwen3.7-Max,思考,6,早醒,3,0.3643863802060962,4.0,0.3098029035770161,0.054583476629080085,max_corrected_rho,79,7,3,repeated_10x5_oof,79,20
HAMD-17,PDCH标签99人,Qwen3.7-Max,思考,7,工作和活动,3,0.628126641421462,4.0,0.6131229901675108,0.0150036512539512,max_corrected_rho,79,7,3,repeated_10x5_oof,79,20
HAMD-17,PDCH标签99人,Qwen3.7-Max,思考,8,迟滞,15,0.4491230175722,16.0,0.3705209458586041,0.0786020717135959,max_corrected_rho,79,7,3,repeated_10x5_oof,79,20
HAMD-17,PDCH标签99人,Qwen3.7-Max,思考,9,激越,15,0.33079405394417866,11.0,0.3274840186486808,0.0033100352954978374,max_corrected_rho,79,7,3,repeated_10x5_oof,79,20
HAMD-17,PDCH标签99人,Qwen3.7-Max,思考,10,精神性焦虑,4,0.42706789658708383,3.0,0.37010676285973815,0.05696113372734568,max_corrected_rho,79,7,3,repeated_10x5_oof,79,20
HAMD-17,PDCH标签99人,Qwen3.7-Max,思考,11,躯体性焦虑,11,0.537536120388075,3.0,0.5176381431505486,0.0198979772375264,max_corrected_rho,79,7,3,repeated_10x5_oof,79,20
HAMD-17,PDCH标签99人,Qwen3.7-Max,思考,12,胃肠道症状,7,0.4823318145771226,11.0,0.4411799634318336,0.04115185114528902,max_corrected_rho,79,7,3,repeated_10x5_oof,79,20
HAMD-17,PDCH标签99人,Qwen3.7-Max,思考,13,全身症状,3,0.5626525435238208,4.0,0.5606250020544047,0.002027541469416083,max_corrected_rho,79,7,3,repeated_10x5_oof,79,20
HAMD-17,PDCH标签99人,Qwen3.7-Max,思考,14,性症状,4,0.3681465258258777,7.0,0.3681465258258777,0.0,max_corrected_rho_tie_condition_order,43,7,3,repeated_10x5_oof,79,20
HAMD-17,PDCH标签99人,Qwen3.7-Max,思考,15,疑病,11,0.13328538896935999,16.0,0.1316834406137092,0.0016019483556507785,max_corrected_rho,79,7,3,repeated_10x5_oof,79,20
HAMD-17,PDCH标签99人,Qwen3.7-Max,思考,16,体重减轻,12,0.2330197478487522,7.0,0.2312785268948657,0.001741220953886513,max_corrected_rho,79,7,3,repeated_10x5_oof,79,20
HAMD-17,PDCH标签99人,Qwen3.7-Max,思考,17,自知力,8,0.15445435407813404,3.0,0.05379453810818392,0.10065981596995012,max_corrected_rho,79,7,3,repeated_10x5_oof,79,20
HAMD-17,PDCH标签99人,GLM-5.2,思考,1,抑郁情绪,16,0.5945997460130835,15.0,0.5715469551322454,0.023052790880838114,max_corrected_rho,80,7,4,repeated_10x5_oof,80,19
HAMD-17,PDCH标签99人,GLM-5.2,思考,2,有罪感,4,0.3909523270345091,16.0,0.35077015672402867,0.040182170310480436,max_corrected_rho,80,7,4,repeated_10x5_oof,80,19
HAMD-17,PDCH标签99人,GLM-5.2,思考,3,自杀,15,0.4394606138097106,16.0,0.4136322100775781,0.025828403732132466,max_corrected_rho,80,7,4,repeated_10x5_oof,80,19
HAMD-17,PDCH标签99人,GLM-5.2,思考,4,入睡困难,3,0.49941979071934123,11.0,0.4822444220317285,0.017175368687612713,max_corrected_rho,80,7,4,repeated_10x5_oof,80,19
HAMD-17,PDCH标签99人,GLM-5.2,思考,5,睡眠不深,11,0.32160495109099346,8.0,0.30995165745778136,0.011653293633212103,max_corrected_rho,80,7,4,repeated_10x5_oof,80,19
HAMD-17,PDCH标签99人,GLM-5.2,思考,6,早醒,3,0.36900149500531426,7.0,0.3617722248913352,0.007229270113979058,max_corrected_rho,80,7,4,repeated_10x5_oof,80,19
HAMD-17,PDCH标签99人,GLM-5.2,思考,7,工作和活动,7,0.662737988061892,8.0,0.6554353311777213,0.007302656884170644,max_corrected_rho,80,7,4,repeated_10x5_oof,80,19
HAMD-17,PDCH标签99人,GLM-5.2,思考,8,迟滞,7,0.5449146468025633,11.0,0.526215284133128,0.018699362669435282,max_corrected_rho,80,7,4,repeated_10x5_oof,80,19
HAMD-17,PDCH标签99人,GLM-5.2,思考,9,激越,7,0.39553384712815814,11.0,0.3542556990875726,0.04127814804058555,max_corrected_rho,80,7,4,repeated_10x5_oof,80,19
HAMD-17,PDCH标签99人,GLM-5.2,思考,10,精神性焦虑,16,0.5740036323783602,7.0,0.5463739380533035,0.027629694325056686,max_corrected_rho,80,7,4,repeated_10x5_oof,80,19
HAMD-17,PDCH标签99人,GLM-5.2,思考,11,躯体性焦虑,7,0.6189885709629368,4.0,0.5949500435663926,0.024038527396544218,max_corrected_rho,80,7,4,repeated_10x5_oof,80,19
HAMD-17,PDCH标签99人,GLM-5.2,思考,12,胃肠道症状,11,0.4921207743508967,12.0,0.4775057443511672,0.014615029999729467,max_corrected_rho,80,7,4,repeated_10x5_oof,80,19
HAMD-17,PDCH标签99人,GLM-5.2,思考,13,全身症状,11,0.5881508908506432,15.0,0.5821254046763801,0.006025486174263128,max_corrected_rho,80,7,4,repeated_10x5_oof,80,19
HAMD-17,PDCH标签99人,GLM-5.2,思考,14,性症状,7,0.5549206879990382,3.0,0.5252148965225099,0.029705791476528298,max_corrected_rho,36,7,4,repeated_10x5_oof,80,19
HAMD-17,PDCH标签99人,GLM-5.2,思考,15,疑病,8,0.13322072773241295,15.0,0.1184446599919189,0.014776067740494045,max_corrected_rho,80,7,4,repeated_10x5_oof,80,19
HAMD-17,PDCH标签99人,GLM-5.2,思考,16,体重减轻,8,0.26309051543219736,7.0,0.2358195338381312,0.027270981594066157,max_corrected_rho,80,7,4,repeated_10x5_oof,80,19
HAMD-17,PDCH标签99人,GLM-5.2,思考,17,自知力,3,0.14987537682030122,11.0,0.13057290857953438,0.01930246824076684,max_corrected_rho,80,7,4,repeated_10x5_oof,80,19
HAMD-17,PDCH标签99人,Kimi-K2.6,思考,1,抑郁情绪,11,0.5978862240345163,8.0,0.5770299403044697,0.020856283730046554,max_corrected_rho,80,7,4,repeated_10x5_oof,80,19
HAMD-17,PDCH标签99人,Kimi-K2.6,思考,2,有罪感,3,0.31322804290924655,11.0,0.30722802884810746,0.006000014061139092,max_corrected_rho,80,7,4,repeated_10x5_oof,80,19
HAMD-17,PDCH标签99人,Kimi-K2.6,思考,3,自杀,16,0.38117674373269406,7.0,0.3395273286362509,0.041649415096443154,max_corrected_rho,80,7,4,repeated_10x5_oof,80,19
HAMD-17,PDCH标签99人,Kimi-K2.6,思考,4,入睡困难,3,0.541096516794061,4.0,0.47743402966324344,0.06366248713081757,max_corrected_rho,80,7,4,repeated_10x5_oof,80,19
HAMD-17,PDCH标签99人,Kimi-K2.6,思考,5,睡眠不深,8,0.2959722912211444,16.0,0.27021293964254123,0.02575935157860315,max_corrected_rho,80,7,4,repeated_10x5_oof,80,19
HAMD-17,PDCH标签99人,Kimi-K2.6,思考,6,早醒,16,0.34556469851581023,3.0,0.34528389775207946,0.0002808007637307708,max_corrected_rho,80,7,4,repeated_10x5_oof,80,19
HAMD-17,PDCH标签99人,Kimi-K2.6,思考,7,工作和活动,7,0.6438725715920396,3.0,0.6203812848164064,0.02349128677563317,max_corrected_rho,80,7,4,repeated_10x5_oof,80,19
HAMD-17,PDCH标签99人,Kimi-K2.6,思考,8,迟滞,16,0.28788739740505725,15.0,0.28723327460822334,0.0006541227968339114,max_corrected_rho,80,7,4,repeated_10x5_oof,80,19
HAMD-17,PDCH标签99人,Kimi-K2.6,思考,9,激越,7,0.29849954003778373,12.0,0.2901616757563866,0.008337864281397156,max_corrected_rho,80,7,4,repeated_10x5_oof,80,19
HAMD-17,PDCH标签99人,Kimi-K2.6,思考,10,精神性焦虑,8,0.47839404128415514,15.0,0.4439975697561088,0.03439647152804631,max_corrected_rho,80,7,4,repeated_10x5_oof,80,19
HAMD-17,PDCH标签99人,Kimi-K2.6,思考,11,躯体性焦虑,7,0.6200814006755715,3.0,0.5420006606562047,0.07808074001936682,max_corrected_rho,80,7,4,repeated_10x5_oof,80,19
HAMD-17,PDCH标签99人,Kimi-K2.6,思考,12,胃肠道症状,8,0.48117762752976206,7.0,0.4519917104876356,0.029185917042126475,max_corrected_rho,80,7,4,repeated_10x5_oof,80,19
HAMD-17,PDCH标签99人,Kimi-K2.6,思考,13,全身症状,11,0.6358595653999334,3.0,0.5813998590831783,0.05445970631675512,max_corrected_rho,80,7,4,repeated_10x5_oof,80,19
HAMD-17,PDCH标签99人,Kimi-K2.6,思考,14,性症状,3,,,,,all_not_estimable_fallback_c03,29,7,4,repeated_10x5_oof,80,19
HAMD-17,PDCH标签99人,Kimi-K2.6,思考,15,疑病,7,0.14835271186667978,4.0,0.1381865177145693,0.01016619415211048,max_corrected_rho,80,7,4,repeated_10x5_oof,80,19
HAMD-17,PDCH标签99人,Kimi-K2.6,思考,16,体重减轻,8,0.31680983213678343,7.0,0.3077335717089825,0.009076260427800908,max_corrected_rho,80,7,4,repeated_10x5_oof,80,19
HAMD-17,PDCH标签99人,Kimi-K2.6,思考,17,自知力,7,0.2891787916508488,8.0,0.28351404396122776,0.0056647476896210525,max_corrected_rho,80,7,4,repeated_10x5_oof,80,19
HAMD-17,PDCH标签99人,Qwen3.7-Max,思考,1,抑郁情绪,4,0.5618538390964171,3.0,0.5413229904417661,0.020530848654650935,max_corrected_rho,80,7,4,repeated_10x5_oof,80,19
HAMD-17,PDCH标签99人,Qwen3.7-Max,思考,2,有罪感,15,0.3388962911501366,8.0,0.3092371028319382,0.02965918831819836,max_corrected_rho,80,7,4,repeated_10x5_oof,80,19
HAMD-17,PDCH标签99人,Qwen3.7-Max,思考,3,自杀,8,0.40226451776447086,4.0,0.3965925084438452,0.0056720093206256705,max_corrected_rho,80,7,4,repeated_10x5_oof,80,19
HAMD-17,PDCH标签99人,Qwen3.7-Max,思考,4,入睡困难,4,0.4831109669431097,3.0,0.4672980787088677,0.015812888234241984,max_corrected_rho,80,7,4,repeated_10x5_oof,80,19
HAMD-17,PDCH标签99人,Qwen3.7-Max,思考,5,睡眠不深,15,0.306499528958991,11.0,0.2836434318502134,0.022856097108777618,max_corrected_rho,80,7,4,repeated_10x5_oof,80,19
HAMD-17,PDCH标签99人,Qwen3.7-Max,思考,6,早醒,3,0.3420585755628013,4.0,0.33739493164685624,0.004663643915945037,max_corrected_rho,80,7,4,repeated_10x5_oof,80,19
HAMD-17,PDCH标签99人,Qwen3.7-Max,思考,7,工作和活动,3,0.6359322209686001,11.0,0.6122706202677382,0.023661600700861984,max_corrected_rho,80,7,4,repeated_10x5_oof,80,19
HAMD-17,PDCH标签99人,Qwen3.7-Max,思考,8,迟滞,15,0.4525179584754048,3.0,0.39574725127647503,0.05677070719892979,max_corrected_rho,80,7,4,repeated_10x5_oof,80,19
HAMD-17,PDCH标签99人,Qwen3.7-Max,思考,9,激越,11,0.34305108557505476,4.0,0.32318829287514717,0.019862792699907594,max_corrected_rho,80,7,4,repeated_10x5_oof,80,19
HAMD-17,PDCH标签99人,Qwen3.7-Max,思考,10,精神性焦虑,4,0.5414145396008813,11.0,0.4545765371723336,0.08683800242854767,max_corrected_rho,80,7,4,repeated_10x5_oof,80,19
HAMD-17,PDCH标签99人,Qwen3.7-Max,思考,11,躯体性焦虑,11,0.6234917304730848,3.0,0.5988543911779277,0.0246373392951571,max_corrected_rho,80,7,4,repeated_10x5_oof,80,19
HAMD-17,PDCH标签99人,Qwen3.7-Max,思考,12,胃肠道症状,11,0.47703793647022047,3.0,0.4760357613043247,0.0010021751658957911,max_corrected_rho,80,7,4,repeated_10x5_oof,80,19
HAMD-17,PDCH标签99人,Qwen3.7-Max,思考,13,全身症状,3,0.619643644680527,4.0,0.5948464790293693,0.02479716565115775,max_corrected_rho,80,7,4,repeated_10x5_oof,80,19
HAMD-17,PDCH标签99人,Qwen3.7-Max,思考,14,性症状,7,0.4036178508735094,3.0,0.3957715839970443,0.007846266876465058,max_corrected_rho,35,7,4,repeated_10x5_oof,80,19
HAMD-17,PDCH标签99人,Qwen3.7-Max,思考,15,疑病,4,0.1598931890718874,16.0,0.13841655537461633,0.02147663369727107,max_corrected_rho,80,7,4,repeated_10x5_oof,80,19
HAMD-17,PDCH标签99人,Qwen3.7-Max,思考,16,体重减轻,7,0.26392019735874545,8.0,0.2465106192741654,0.017409578084580046,max_corrected_rho,80,7,4,repeated_10x5_oof,80,19
HAMD-17,PDCH标签99人,Qwen3.7-Max,思考,17,自知力,8,0.27729009667735655,11.0,0.15869493967905737,0.11859515699829917,max_corrected_rho,80,7,4,repeated_10x5_oof,80,19
HAMD-17,PDCH标签99人,GLM-5.2,思考,1,抑郁情绪,15,0.5982621453382102,16.0,0.5922108872735605,0.006051258064649678,max_corrected_rho,79,8,0,repeated_10x5_oof,79,20
HAMD-17,PDCH标签99人,GLM-5.2,思考,2,有罪感,12,0.3889011882273856,4.0,0.3821102058982789,0.006790982329106743,max_corrected_rho,79,8,0,repeated_10x5_oof,79,20
HAMD-17,PDCH标签99人,GLM-5.2,思考,3,自杀,15,0.44376386936380496,16.0,0.41873100608165237,0.025032863282152595,max_corrected_rho,79,8,0,repeated_10x5_oof,79,20
HAMD-17,PDCH标签99人,GLM-5.2,思考,4,入睡困难,3,0.4432553463994212,16.0,0.42699333456895916,0.016262011830462053,max_corrected_rho,79,8,0,repeated_10x5_oof,79,20
HAMD-17,PDCH标签99人,GLM-5.2,思考,5,睡眠不深,3,0.2153939918571516,15.0,0.19495692103425213,0.020437070822899472,max_corrected_rho,79,8,0,repeated_10x5_oof,79,20
HAMD-17,PDCH标签99人,GLM-5.2,思考,6,早醒,3,0.34673703653624127,12.0,0.3308522577265627,0.01588477880967859,max_corrected_rho,79,8,0,repeated_10x5_oof,79,20
HAMD-17,PDCH标签99人,GLM-5.2,思考,7,工作和活动,7,0.6135235964074477,3.0,0.6062942345904532,0.007229361816994517,max_corrected_rho,79,8,0,repeated_10x5_oof,79,20
HAMD-17,PDCH标签99人,GLM-5.2,思考,8,迟滞,15,0.539226585268068,3.0,0.5300221867293028,0.009204398538765202,max_corrected_rho,79,8,0,repeated_10x5_oof,79,20
HAMD-17,PDCH标签99人,GLM-5.2,思考,9,激越,15,0.41496459057527624,7.0,0.38621530063339105,0.028749289941885192,max_corrected_rho,79,8,0,repeated_10x5_oof,79,20
HAMD-17,PDCH标签99人,GLM-5.2,思考,10,精神性焦虑,16,0.5116172471510059,3.0,0.4852824700047724,0.026334777146233446,max_corrected_rho,79,8,0,repeated_10x5_oof,79,20
HAMD-17,PDCH标签99人,GLM-5.2,思考,11,躯体性焦虑,7,0.5473153684113233,3.0,0.5287735806691412,0.01854178774218218,max_corrected_rho,79,8,0,repeated_10x5_oof,79,20
HAMD-17,PDCH标签99人,GLM-5.2,思考,12,胃肠道症状,12,0.430761258281439,11.0,0.4260269118911851,0.004734346390253941,max_corrected_rho,79,8,0,repeated_10x5_oof,79,20
HAMD-17,PDCH标签99人,GLM-5.2,思考,13,全身症状,11,0.5667129348939836,15.0,0.562660143557198,0.0040527913367855994,max_corrected_rho,79,8,0,repeated_10x5_oof,79,20
HAMD-17,PDCH标签99人,GLM-5.2,思考,14,性症状,7,0.4731579761395564,3.0,0.4438821644914409,0.02927581164811549,max_corrected_rho,36,8,0,repeated_10x5_oof,79,20
HAMD-17,PDCH标签99人,GLM-5.2,思考,15,疑病,8,0.09729655288082764,16.0,0.08309835637921095,0.014198196501616689,max_corrected_rho,79,8,0,repeated_10x5_oof,79,20
HAMD-17,PDCH标签99人,GLM-5.2,思考,16,体重减轻,15,0.25753532125050865,16.0,0.2488825470831997,0.008652774167308946,max_corrected_rho,79,8,0,repeated_10x5_oof,79,20
HAMD-17,PDCH标签99人,GLM-5.2,思考,17,自知力,3,0.05862617693656527,11.0,0.02791249805172832,0.03071367888483695,max_corrected_rho,79,8,0,repeated_10x5_oof,79,20
HAMD-17,PDCH标签99人,Kimi-K2.6,思考,1,抑郁情绪,11,0.6050070148296461,3.0,0.5781648472802038,0.026842167549442353,max_corrected_rho,79,8,0,repeated_10x5_oof,79,20
HAMD-17,PDCH标签99人,Kimi-K2.6,思考,2,有罪感,3,0.40823544568430253,8.0,0.36628764722351514,0.04194779846078739,max_corrected_rho,79,8,0,repeated_10x5_oof,79,20
HAMD-17,PDCH标签99人,Kimi-K2.6,思考,3,自杀,16,0.3904538939958497,7.0,0.3740963115942695,0.016357582401580195,max_corrected_rho,79,8,0,repeated_10x5_oof,79,20
HAMD-17,PDCH标签99人,Kimi-K2.6,思考,4,入睡困难,3,0.5039803908517101,12.0,0.44158603050714235,0.062394360344567745,max_corrected_rho,79,8,0,repeated_10x5_oof,79,20
HAMD-17,PDCH标签99人,Kimi-K2.6,思考,5,睡眠不深,16,0.2522545774722435,3.0,0.21103277832663128,0.04122179914561222,max_corrected_rho,79,8,0,repeated_10x5_oof,79,20
HAMD-17,PDCH标签99人,Kimi-K2.6,思考,6,早醒,15,0.3652228652278874,16.0,0.31373110040510194,0.051491764822785446,max_corrected_rho,79,8,0,repeated_10x5_oof,79,20
HAMD-17,PDCH标签99人,Kimi-K2.6,思考,7,工作和活动,7,0.613899663379217,3.0,0.5919067597371139,0.021992903642103045,max_corrected_rho,79,8,0,repeated_10x5_oof,79,20
HAMD-17,PDCH标签99人,Kimi-K2.6,思考,8,迟滞,15,0.3737369974022297,3.0,0.3521641321010634,0.02157286530116631,max_corrected_rho,79,8,0,repeated_10x5_oof,79,20
HAMD-17,PDCH标签99人,Kimi-K2.6,思考,9,激越,11,0.3193507813140059,3.0,0.26878146638752926,0.05056931492647665,max_corrected_rho,79,8,0,repeated_10x5_oof,79,20
HAMD-17,PDCH标签99人,Kimi-K2.6,思考,10,精神性焦虑,11,0.450959154263284,3.0,0.41373416071567576,0.03722499354760822,max_corrected_rho,79,8,0,repeated_10x5_oof,79,20
HAMD-17,PDCH标签99人,Kimi-K2.6,思考,11,躯体性焦虑,7,0.46958150291945683,15.0,0.45925091301021165,0.01033058990924518,max_corrected_rho,79,8,0,repeated_10x5_oof,79,20
HAMD-17,PDCH标签99人,Kimi-K2.6,思考,12,胃肠道症状,8,0.39900903778797314,7.0,0.39773800013161636,0.0012710376563567771,max_corrected_rho,79,8,0,repeated_10x5_oof,79,20
HAMD-17,PDCH标签99人,Kimi-K2.6,思考,13,全身症状,11,0.5902829225637594,12.0,0.5850016037517404,0.005281318812018987,max_corrected_rho,79,8,0,repeated_10x5_oof,79,20
HAMD-17,PDCH标签99人,Kimi-K2.6,思考,14,性症状,3,,,,,all_not_estimable_fallback_c03,29,8,0,repeated_10x5_oof,79,20
HAMD-17,PDCH标签99人,Kimi-K2.6,思考,15,疑病,7,0.09826261529828043,4.0,0.09417822411490459,0.004084391183375835,max_corrected_rho,79,8,0,repeated_10x5_oof,79,20
HAMD-17,PDCH标签99人,Kimi-K2.6,思考,16,体重减轻,7,0.28794532078104457,12.0,0.2606696345626843,0.02727568621836024,max_corrected_rho,79,8,0,repeated_10x5_oof,79,20
HAMD-17,PDCH标签99人,Kimi-K2.6,思考,17,自知力,8,0.28314890949171284,7.0,0.17534962956289157,0.10779927992882127,max_corrected_rho,79,8,0,repeated_10x5_oof,79,20
HAMD-17,PDCH标签99人,Qwen3.7-Max,思考,1,抑郁情绪,4,0.562255454817722,8.0,0.5549596744029885,0.007295780414733444,max_corrected_rho,79,8,0,repeated_10x5_oof,79,20
HAMD-17,PDCH标签99人,Qwen3.7-Max,思考,2,有罪感,15,0.38071741276394566,4.0,0.3463894220172017,0.034327990746743975,max_corrected_rho,79,8,0,repeated_10x5_oof,79,20
HAMD-17,PDCH标签99人,Qwen3.7-Max,思考,3,自杀,16,0.421744110821642,8.0,0.4111486190802348,0.01059549174140717,max_corrected_rho,79,8,0,repeated_10x5_oof,79,20
HAMD-17,PDCH标签99人,Qwen3.7-Max,思考,4,入睡困难,3,0.4497341505036638,12.0,0.43290169180815596,0.016832458695507813,max_corrected_rho,79,8,0,repeated_10x5_oof,79,20
HAMD-17,PDCH标签99人,Qwen3.7-Max,思考,5,睡眠不深,15,0.32188393909581575,16.0,0.266400881455667,0.05548305764014877,max_corrected_rho,79,8,0,repeated_10x5_oof,79,20
HAMD-17,PDCH标签99人,Qwen3.7-Max,思考,6,早醒,3,0.3344746519843958,4.0,0.3103980801762406,0.0240765718081552,max_corrected_rho,79,8,0,repeated_10x5_oof,79,20
HAMD-17,PDCH标签99人,Qwen3.7-Max,思考,7,工作和活动,3,0.6079403189381927,8.0,0.5965478179515333,0.011392500986659337,max_corrected_rho,79,8,0,repeated_10x5_oof,79,20
HAMD-17,PDCH标签99人,Qwen3.7-Max,思考,8,迟滞,15,0.5326883551043295,3.0,0.40897221969769354,0.12371613540663601,max_corrected_rho,79,8,0,repeated_10x5_oof,79,20
HAMD-17,PDCH标签99人,Qwen3.7-Max,思考,9,激越,3,0.3988983742636127,11.0,0.351375120513771,0.047523253749841676,max_corrected_rho,79,8,0,repeated_10x5_oof,79,20
HAMD-17,PDCH标签99人,Qwen3.7-Max,思考,10,精神性焦虑,4,0.4671644439077471,3.0,0.4297011288895292,0.03746331501821787,max_corrected_rho,79,8,0,repeated_10x5_oof,79,20
HAMD-17,PDCH标签99人,Qwen3.7-Max,思考,11,躯体性焦虑,3,0.5384626616815977,11.0,0.5322606266443357,0.006202035037262021,max_corrected_rho,79,8,0,repeated_10x5_oof,79,20
HAMD-17,PDCH标签99人,Qwen3.7-Max,思考,12,胃肠道症状,11,0.42763601514822946,3.0,0.41746344578023814,0.010172569367991324,max_corrected_rho,79,8,0,repeated_10x5_oof,79,20
HAMD-17,PDCH标签99人,Qwen3.7-Max,思考,13,全身症状,3,0.6138598765807409,4.0,0.5322887441942828,0.08157113238645808,max_corrected_rho,79,8,0,repeated_10x5_oof,79,20
HAMD-17,PDCH标签99人,Qwen3.7-Max,思考,14,性症状,7,0.3800456802185384,3.0,0.36701578259298523,0.013029897625553177,max_corrected_rho,40,8,0,repeated_10x5_oof,79,20
HAMD-17,PDCH标签99人,Qwen3.7-Max,思考,15,疑病,15,0.12551023710393108,16.0,0.09680561824220262,0.028704618861728468,max_corrected_rho,79,8,0,repeated_10x5_oof,79,20
HAMD-17,PDCH标签99人,Qwen3.7-Max,思考,16,体重减轻,12,0.28617806235783655,8.0,0.2482584636515181,0.03791959870631845,max_corrected_rho,79,8,0,repeated_10x5_oof,79,20
HAMD-17,PDCH标签99人,Qwen3.7-Max,思考,17,自知力,8,0.24790188421498482,3.0,0.0023236517457350197,0.2455782324692498,max_corrected_rho,79,8,0,repeated_10x5_oof,79,20
HAMD-17,PDCH标签99人,GLM-5.2,思考,1,抑郁情绪,16,0.5941507497276882,15.0,0.5724790845585985,0.021671665169089693,max_corrected_rho,79,8,1,repeated_10x5_oof,79,20
HAMD-17,PDCH标签99人,GLM-5.2,思考,2,有罪感,3,0.38831097427649997,4.0,0.3797285783172968,0.008582395959203182,max_corrected_rho,79,8,1,repeated_10x5_oof,79,20
HAMD-17,PDCH标签99人,GLM-5.2,思考,3,自杀,15,0.49903213657524204,3.0,0.4683567133383786,0.030675423236863453,max_corrected_rho,79,8,1,repeated_10x5_oof,79,20
HAMD-17,PDCH标签99人,GLM-5.2,思考,4,入睡困难,16,0.48589917960669693,3.0,0.4715344780834143,0.01436470152328262,max_corrected_rho,79,8,1,repeated_10x5_oof,79,20
HAMD-17,PDCH标签99人,GLM-5.2,思考,5,睡眠不深,3,0.1716273459758201,8.0,0.14903729936877505,0.022590046607045056,max_corrected_rho,79,8,1,repeated_10x5_oof,79,20
HAMD-17,PDCH标签99人,GLM-5.2,思考,6,早醒,3,0.4741524523894037,4.0,0.41045724409137757,0.06369520829802611,max_corrected_rho,79,8,1,repeated_10x5_oof,79,20
HAMD-17,PDCH标签99人,GLM-5.2,思考,7,工作和活动,15,0.6723084615246319,8.0,0.6693030046728945,0.0030054568517373648,max_corrected_rho,79,8,1,repeated_10x5_oof,79,20
HAMD-17,PDCH标签99人,GLM-5.2,思考,8,迟滞,15,0.45590053086744464,7.0,0.44463749572941036,0.011263035138034283,max_corrected_rho,79,8,1,repeated_10x5_oof,79,20
HAMD-17,PDCH标签99人,GLM-5.2,思考,9,激越,15,0.4590893168238423,16.0,0.38279686496664206,0.07629245185720024,max_corrected_rho,79,8,1,repeated_10x5_oof,79,20
HAMD-17,PDCH标签99人,GLM-5.2,思考,10,精神性焦虑,16,0.5985104134030245,15.0,0.5209163492219515,0.07759406418107295,max_corrected_rho,79,8,1,repeated_10x5_oof,79,20
HAMD-17,PDCH标签99人,GLM-5.2,思考,11,躯体性焦虑,7,0.6073375208761758,15.0,0.5856540108512859,0.021683510024889885,max_corrected_rho,79,8,1,repeated_10x5_oof,79,20
HAMD-17,PDCH标签99人,GLM-5.2,思考,12,胃肠道症状,12,0.5611766318496971,4.0,0.5505050822442302,0.010671549605466901,max_corrected_rho,79,8,1,repeated_10x5_oof,79,20
HAMD-17,PDCH标签99人,GLM-5.2,思考,13,全身症状,15,0.5442222940141227,16.0,0.5279086504455915,0.016313643568531155,max_corrected_rho,79,8,1,repeated_10x5_oof,79,20
HAMD-17,PDCH标签99人,GLM-5.2,思考,14,性症状,3,0.4980483220079918,7.0,0.49771858447039913,0.0003297375375926892,max_corrected_rho,42,8,1,repeated_10x5_oof,79,20
HAMD-17,PDCH标签99人,GLM-5.2,思考,15,疑病,8,0.15583259854091508,16.0,0.141831599844616,0.014000998696299088,max_corrected_rho,79,8,1,repeated_10x5_oof,79,20
HAMD-17,PDCH标签99人,GLM-5.2,思考,16,体重减轻,7,0.2630033632923389,8.0,0.23076418030973347,0.03223918298260545,max_corrected_rho,79,8,1,repeated_10x5_oof,79,20
HAMD-17,PDCH标签99人,GLM-5.2,思考,17,自知力,3,0.036847246962027146,7.0,0.030124452359826005,0.00672279460220114,max_corrected_rho,79,8,1,repeated_10x5_oof,79,20
HAMD-17,PDCH标签99人,Kimi-K2.6,思考,1,抑郁情绪,11,0.570955128157492,8.0,0.5627067100295418,0.008248418127950297,max_corrected_rho,79,8,1,repeated_10x5_oof,79,20
HAMD-17,PDCH标签99人,Kimi-K2.6,思考,2,有罪感,3,0.3841338049803759,8.0,0.35160998398739574,0.03252382099298018,max_corrected_rho,79,8,1,repeated_10x5_oof,79,20
HAMD-17,PDCH标签99人,Kimi-K2.6,思考,3,自杀,7,0.4386468817020342,3.0,0.40403538229485264,0.034611499407181556,max_corrected_rho,79,8,1,repeated_10x5_oof,79,20
HAMD-17,PDCH标签99人,Kimi-K2.6,思考,4,入睡困难,3,0.5321198286448772,12.0,0.49417136905307024,0.03794845959180693,max_corrected_rho,79,8,1,repeated_10x5_oof,79,20
HAMD-17,PDCH标签99人,Kimi-K2.6,思考,5,睡眠不深,8,0.19714259268029577,3.0,0.18287412359448502,0.014268469085810753,max_corrected_rho,79,8,1,repeated_10x5_oof,79,20
HAMD-17,PDCH标签99人,Kimi-K2.6,思考,6,早醒,11,0.4580262647810421,3.0,0.43835752682414664,0.019668737956895443,max_corrected_rho,79,8,1,repeated_10x5_oof,79,20
HAMD-17,PDCH标签99人,Kimi-K2.6,思考,7,工作和活动,3,0.695259231519302,7.0,0.6486551050278583,0.04660412649144374,max_corrected_rho,79,8,1,repeated_10x5_oof,79,20
HAMD-17,PDCH标签99人,Kimi-K2.6,思考,8,迟滞,16,0.27431370702660934,15.0,0.2516477874508383,0.02266591957577102,max_corrected_rho,79,8,1,repeated_10x5_oof,79,20
HAMD-17,PDCH标签99人,Kimi-K2.6,思考,9,激越,8,0.2835346231443805,7.0,0.26036992922896635,0.023164693915414147,max_corrected_rho,79,8,1,repeated_10x5_oof,79,20
HAMD-17,PDCH标签99人,Kimi-K2.6,思考,10,精神性焦虑,8,0.4816517423033951,15.0,0.3775442922816859,0.10410745002170918,max_corrected_rho,79,8,1,repeated_10x5_oof,79,20
HAMD-17,PDCH标签99人,Kimi-K2.6,思考,11,躯体性焦虑,7,0.5981931243716512,16.0,0.580709670725754,0.017483453645897207,max_corrected_rho,79,8,1,repeated_10x5_oof,79,20
HAMD-17,PDCH标签99人,Kimi-K2.6,思考,12,胃肠道症状,7,0.5151345260742923,8.0,0.48131969433128835,0.03381483174300398,max_corrected_rho,79,8,1,repeated_10x5_oof,79,20
HAMD-17,PDCH标签99人,Kimi-K2.6,思考,13,全身症状,11,0.5913299902155068,7.0,0.5471623702458908,0.044167619969616045,max_corrected_rho,79,8,1,repeated_10x5_oof,79,20
HAMD-17,PDCH标签99人,Kimi-K2.6,思考,14,性症状,3,0.3340288514795214,4.0,0.3303757296398742,0.0036531218396471665,max_corrected_rho,34,8,1,repeated_10x5_oof,79,20
HAMD-17,PDCH标签99人,Kimi-K2.6,思考,15,疑病,4,0.18762537260023096,16.0,0.15278476706113425,0.03484060553909671,max_corrected_rho,79,8,1,repeated_10x5_oof,79,20
HAMD-17,PDCH标签99人,Kimi-K2.6,思考,16,体重减轻,7,0.2962541143232233,3.0,0.21592650693492801,0.08032760738829528,max_corrected_rho,79,8,1,repeated_10x5_oof,79,20
HAMD-17,PDCH标签99人,Kimi-K2.6,思考,17,自知力,8,0.3642858212299237,12.0,0.2685593196863539,0.09572650154356982,max_corrected_rho,79,8,1,repeated_10x5_oof,79,20
HAMD-17,PDCH标签99人,Qwen3.7-Max,思考,1,抑郁情绪,3,0.5706127335513025,4.0,0.5684044068187696,0.002208326732532906,max_corrected_rho,79,8,1,repeated_10x5_oof,79,20
HAMD-17,PDCH标签99人,Qwen3.7-Max,思考,2,有罪感,8,0.33392684356903185,4.0,0.32582018621723136,0.008106657351800495,max_corrected_rho,79,8,1,repeated_10x5_oof,79,20
HAMD-17,PDCH标签99人,Qwen3.7-Max,思考,3,自杀,8,0.4513064712812841,16.0,0.44519867475015257,0.006107796531131526,max_corrected_rho,79,8,1,repeated_10x5_oof,79,20
HAMD-17,PDCH标签99人,Qwen3.7-Max,思考,4,入睡困难,3,0.49333547944593925,12.0,0.4840161969908001,0.009319282455139133,max_corrected_rho,79,8,1,repeated_10x5_oof,79,20
HAMD-17,PDCH标签99人,Qwen3.7-Max,思考,5,睡眠不深,15,0.2975204637073652,16.0,0.21371984358128082,0.08380062012608436,max_corrected_rho,79,8,1,repeated_10x5_oof,79,20
HAMD-17,PDCH标签99人,Qwen3.7-Max,思考,6,早醒,3,0.4420208801264416,4.0,0.39739948039315576,0.04462139973328583,max_corrected_rho,79,8,1,repeated_10x5_oof,79,20
HAMD-17,PDCH标签99人,Qwen3.7-Max,思考,7,工作和活动,3,0.6759889608371218,4.0,0.665446999970748,0.010541960866373823,max_corrected_rho,79,8,1,repeated_10x5_oof,79,20
HAMD-17,PDCH标签99人,Qwen3.7-Max,思考,8,迟滞,15,0.349277910161978,16.0,0.3364777229262077,0.01280018723577031,max_corrected_rho,79,8,1,repeated_10x5_oof,79,20
HAMD-17,PDCH标签99人,Qwen3.7-Max,思考,9,激越,3,0.38218766208295557,11.0,0.3772487490196631,0.004938913063292472,max_corrected_rho,79,8,1,repeated_10x5_oof,79,20
HAMD-17,PDCH标签99人,Qwen3.7-Max,思考,10,精神性焦虑,4,0.4443445266062195,15.0,0.43798818398618494,0.0063563426200345385,max_corrected_rho,79,8,1,repeated_10x5_oof,79,20
HAMD-17,PDCH标签99人,Qwen3.7-Max,思考,11,躯体性焦虑,11,0.597915729364355,3.0,0.5758275663885285,0.022088162975826497,max_corrected_rho,79,8,1,repeated_10x5_oof,79,20
HAMD-17,PDCH标签99人,Qwen3.7-Max,思考,12,胃肠道症状,8,0.5341721099681839,3.0,0.511242641725389,0.022929468242794848,max_corrected_rho,79,8,1,repeated_10x5_oof,79,20
HAMD-17,PDCH标签99人,Qwen3.7-Max,思考,13,全身症状,3,0.5710742225848053,4.0,0.5474608961016469,0.023613326483158392,max_corrected_rho,79,8,1,repeated_10x5_oof,79,20
HAMD-17,PDCH标签99人,Qwen3.7-Max,思考,14,性症状,7,0.4041722271576271,3.0,0.39819315904631986,0.0059790681113072175,max_corrected_rho,44,8,1,repeated_10x5_oof,79,20
HAMD-17,PDCH标签99人,Qwen3.7-Max,思考,15,疑病,11,0.20306347268999855,4.0,0.14440989651078734,0.058653576179211214,max_corrected_rho,79,8,1,repeated_10x5_oof,79,20
HAMD-17,PDCH标签99人,Qwen3.7-Max,思考,16,体重减轻,12,0.25919558386715313,7.0,0.25321721674414893,0.005978367123004202,max_corrected_rho,79,8,1,repeated_10x5_oof,79,20
HAMD-17,PDCH标签99人,Qwen3.7-Max,思考,17,自知力,8,0.21541467454723567,3.0,0.1758179049642126,0.03959676958302308,max_corrected_rho,79,8,1,repeated_10x5_oof,79,20
HAMD-17,PDCH标签99人,GLM-5.2,思考,1,抑郁情绪,16,0.5837456133467933,15.0,0.5555542139981579,0.02819139934863546,max_corrected_rho,79,8,2,repeated_10x5_oof,79,20
HAMD-17,PDCH标签99人,GLM-5.2,思考,2,有罪感,4,0.4097715847640505,12.0,0.4035275436962076,0.0062440410678429314,max_corrected_rho,79,8,2,repeated_10x5_oof,79,20
HAMD-17,PDCH标签99人,GLM-5.2,思考,3,自杀,3,0.40190969427814366,16.0,0.3981703190303352,0.003739375247808485,max_corrected_rho,79,8,2,repeated_10x5_oof,79,20
HAMD-17,PDCH标签99人,GLM-5.2,思考,4,入睡困难,16,0.5072720766515177,15.0,0.4786604370666838,0.028611639584833926,max_corrected_rho,79,8,2,repeated_10x5_oof,79,20
HAMD-17,PDCH标签99人,GLM-5.2,思考,5,睡眠不深,7,0.21329993325271357,8.0,0.20607215663572842,0.007227776616985149,max_corrected_rho,79,8,2,repeated_10x5_oof,79,20
HAMD-17,PDCH标签99人,GLM-5.2,思考,6,早醒,3,0.3266228606444801,4.0,0.2893245251513738,0.037298335493106294,max_corrected_rho,79,8,2,repeated_10x5_oof,79,20
HAMD-17,PDCH标签99人,GLM-5.2,思考,7,工作和活动,8,0.6265291623710919,7.0,0.6013841216633519,0.02514504070774004,max_corrected_rho,79,8,2,repeated_10x5_oof,79,20
HAMD-17,PDCH标签99人,GLM-5.2,思考,8,迟滞,7,0.48897354772282964,11.0,0.4562319870458001,0.032741560677029546,max_corrected_rho,79,8,2,repeated_10x5_oof,79,20
HAMD-17,PDCH标签99人,GLM-5.2,思考,9,激越,7,0.4286622050992315,15.0,0.4087625601975019,0.019899644901729574,max_corrected_rho,79,8,2,repeated_10x5_oof,79,20
HAMD-17,PDCH标签99人,GLM-5.2,思考,10,精神性焦虑,16,0.5945520163216846,8.0,0.5722572573037614,0.022294759017923216,max_corrected_rho,79,8,2,repeated_10x5_oof,79,20
HAMD-17,PDCH标签99人,GLM-5.2,思考,11,躯体性焦虑,7,0.5954831663482769,3.0,0.552176649320367,0.043306517027909885,max_corrected_rho,79,8,2,repeated_10x5_oof,79,20
HAMD-17,PDCH标签99人,GLM-5.2,思考,12,胃肠道症状,11,0.4708949871675503,12.0,0.45729906451165225,0.01359592265589804,max_corrected_rho,79,8,2,repeated_10x5_oof,79,20
HAMD-17,PDCH标签99人,GLM-5.2,思考,13,全身症状,15,0.5400692886734899,11.0,0.5284592407150823,0.011610047958407588,max_corrected_rho,79,8,2,repeated_10x5_oof,79,20
HAMD-17,PDCH标签99人,GLM-5.2,思考,14,性症状,7,0.5586693395111146,3.0,0.5294233026653319,0.029246036845782752,max_corrected_rho,35,8,2,repeated_10x5_oof,79,20
HAMD-17,PDCH标签99人,GLM-5.2,思考,15,疑病,15,0.17534062119929458,16.0,0.15254974206713734,0.022790879132157243,max_corrected_rho,79,8,2,repeated_10x5_oof,79,20
HAMD-17,PDCH标签99人,GLM-5.2,思考,16,体重减轻,7,0.1619607790730558,4.0,0.1444527288775689,0.0175080501954869,max_corrected_rho,79,8,2,repeated_10x5_oof,79,20
HAMD-17,PDCH标签99人,GLM-5.2,思考,17,自知力,11,0.0632144814435149,3.0,0.0220739653275337,0.0411405161159812,max_corrected_rho,79,8,2,repeated_10x5_oof,79,20
HAMD-17,PDCH标签99人,Kimi-K2.6,思考,1,抑郁情绪,11,0.568693540537403,3.0,0.5116809086292236,0.0570126319081794,max_corrected_rho,79,8,2,repeated_10x5_oof,79,20
HAMD-17,PDCH标签99人,Kimi-K2.6,思考,2,有罪感,3,0.3568782297476632,8.0,0.3129093534568957,0.04396887629076751,max_corrected_rho,79,8,2,repeated_10x5_oof,79,20
HAMD-17,PDCH标签99人,Kimi-K2.6,思考,3,自杀,16,0.3763455996463996,7.0,0.3377944642662382,0.03855113538016136,max_corrected_rho,79,8,2,repeated_10x5_oof,79,20
HAMD-17,PDCH标签99人,Kimi-K2.6,思考,4,入睡困难,3,0.5166100443894204,12.0,0.4472409060711554,0.06936913831826497,max_corrected_rho,79,8,2,repeated_10x5_oof,79,20
HAMD-17,PDCH标签99人,Kimi-K2.6,思考,5,睡眠不深,16,0.22670569025700948,3.0,0.18572247858006266,0.040983211676946824,max_corrected_rho,79,8,2,repeated_10x5_oof,79,20
HAMD-17,PDCH标签99人,Kimi-K2.6,思考,6,早醒,8,0.31361073948962837,16.0,0.2762627044564405,0.03734803503318784,max_corrected_rho,79,8,2,repeated_10x5_oof,79,20
HAMD-17,PDCH标签99人,Kimi-K2.6,思考,7,工作和活动,4,0.6548454795021655,3.0,0.635152287411665,0.019693192090500578,max_corrected_rho,79,8,2,repeated_10x5_oof,79,20
HAMD-17,PDCH标签99人,Kimi-K2.6,思考,8,迟滞,15,0.29717121176032657,16.0,0.27090755683753054,0.02626365492279603,max_corrected_rho,79,8,2,repeated_10x5_oof,79,20
HAMD-17,PDCH标签99人,Kimi-K2.6,思考,9,激越,11,0.2988099018346306,15.0,0.2969817226896075,0.00182817914502309,max_corrected_rho,79,8,2,repeated_10x5_oof,79,20
HAMD-17,PDCH标签99人,Kimi-K2.6,思考,10,精神性焦虑,8,0.46978434239789435,12.0,0.4454352161425021,0.02434912625539226,max_corrected_rho,79,8,2,repeated_10x5_oof,79,20
HAMD-17,PDCH标签99人,Kimi-K2.6,思考,11,躯体性焦虑,7,0.5357225964523419,16.0,0.5054711785282839,0.030251417924057944,max_corrected_rho,79,8,2,repeated_10x5_oof,79,20
HAMD-17,PDCH标签99人,Kimi-K2.6,思考,12,胃肠道症状,8,0.4171114517876918,3.0,0.3941960991624808,0.02291535262521105,max_corrected_rho,79,8,2,repeated_10x5_oof,79,20
HAMD-17,PDCH标签99人,Kimi-K2.6,思考,13,全身症状,11,0.5963849166809324,3.0,0.5624923780372687,0.033892538643663705,max_corrected_rho,79,8,2,repeated_10x5_oof,79,20
HAMD-17,PDCH标签99人,Kimi-K2.6,思考,14,性症状,3,,,,,all_not_estimable_fallback_c03,27,8,2,repeated_10x5_oof,79,20
HAMD-17,PDCH标签99人,Kimi-K2.6,思考,15,疑病,16,0.14542359744687589,4.0,0.13486509796305296,0.010558499483822925,max_corrected_rho,79,8,2,repeated_10x5_oof,79,20
HAMD-17,PDCH标签99人,Kimi-K2.6,思考,16,体重减轻,7,0.22160048058754075,3.0,0.1892558945745816,0.03234458601295914,max_corrected_rho,79,8,2,repeated_10x5_oof,79,20
HAMD-17,PDCH标签99人,Kimi-K2.6,思考,17,自知力,8,0.3100291418293861,7.0,0.11106859582484134,0.19896054600454477,max_corrected_rho,79,8,2,repeated_10x5_oof,79,20
HAMD-17,PDCH标签99人,Qwen3.7-Max,思考,1,抑郁情绪,4,0.5461930247489342,3.0,0.5267711524311706,0.0194218723177636,max_corrected_rho,79,8,2,repeated_10x5_oof,79,20
HAMD-17,PDCH标签99人,Qwen3.7-Max,思考,2,有罪感,8,0.37153634470301355,4.0,0.37090768006541064,0.0006286646376029159,max_corrected_rho,79,8,2,repeated_10x5_oof,79,20
HAMD-17,PDCH标签99人,Qwen3.7-Max,思考,3,自杀,16,0.39016630536021174,4.0,0.3767163521144844,0.013449953245727342,max_corrected_rho,79,8,2,repeated_10x5_oof,79,20
HAMD-17,PDCH标签99人,Qwen3.7-Max,思考,4,入睡困难,12,0.5172732536493498,3.0,0.48540720158855105,0.03186605206079879,max_corrected_rho,79,8,2,repeated_10x5_oof,79,20
HAMD-17,PDCH标签99人,Qwen3.7-Max,思考,5,睡眠不深,15,0.22761683170927294,7.0,0.2026436157563251,0.024973215952947825,max_corrected_rho,79,8,2,repeated_10x5_oof,79,20
HAMD-17,PDCH标签99人,Qwen3.7-Max,思考,6,早醒,3,0.3107263946870725,4.0,0.2679661052716314,0.04276028941544113,max_corrected_rho,79,8,2,repeated_10x5_oof,79,20
HAMD-17,PDCH标签99人,Qwen3.7-Max,思考,7,工作和活动,3,0.6412530075019487,12.0,0.5936228920313736,0.04763011547057505,max_corrected_rho,79,8,2,repeated_10x5_oof,79,20
HAMD-17,PDCH标签99人,Qwen3.7-Max,思考,8,迟滞,15,0.4079024443920101,3.0,0.32607316940626857,0.08182927498574155,max_corrected_rho,79,8,2,repeated_10x5_oof,79,20
HAMD-17,PDCH标签99人,Qwen3.7-Max,思考,9,激越,4,0.39960686090480413,11.0,0.39441859649285643,0.005188264411947696,max_corrected_rho,79,8,2,repeated_10x5_oof,79,20
HAMD-17,PDCH标签99人,Qwen3.7-Max,思考,10,精神性焦虑,4,0.5197273491812505,3.0,0.45418255224716864,0.06554479693408188,max_corrected_rho,79,8,2,repeated_10x5_oof,79,20
HAMD-17,PDCH标签99人,Qwen3.7-Max,思考,11,躯体性焦虑,11,0.5873071113345193,3.0,0.5647754473465447,0.02253166398797457,max_corrected_rho,79,8,2,repeated_10x5_oof,79,20
HAMD-17,PDCH标签99人,Qwen3.7-Max,思考,12,胃肠道症状,7,0.4944379543905329,3.0,0.4318552547302025,0.06258269966033042,max_corrected_rho,79,8,2,repeated_10x5_oof,79,20
HAMD-17,PDCH标签99人,Qwen3.7-Max,思考,13,全身症状,3,0.5890203743434249,4.0,0.4857687618173482,0.10325161252607673,max_corrected_rho,79,8,2,repeated_10x5_oof,79,20
HAMD-17,PDCH标签99人,Qwen3.7-Max,思考,14,性症状,3,0.43655617785135464,7.0,0.43655617785135464,0.0,max_corrected_rho_tie_prefer_c03,36,8,2,repeated_10x5_oof,79,20
HAMD-17,PDCH标签99人,Qwen3.7-Max,思考,15,疑病,16,0.17380688329179564,15.0,0.1721535836940958,0.001653299597699831,max_corrected_rho,79,8,2,repeated_10x5_oof,79,20
HAMD-17,PDCH标签99人,Qwen3.7-Max,思考,16,体重减轻,7,0.22698061628294813,12.0,0.222581563478359,0.004399052804589132,max_corrected_rho,79,8,2,repeated_10x5_oof,79,20
HAMD-17,PDCH标签99人,Qwen3.7-Max,思考,17,自知力,8,0.09977851785818677,3.0,-0.03451242626513379,0.13429094412332054,max_corrected_rho,79,8,2,repeated_10x5_oof,79,20
HAMD-17,PDCH标签99人,GLM-5.2,思考,1,抑郁情绪,8,0.5982481448187075,16.0,0.5480847460816779,0.050163398737029574,max_corrected_rho,79,8,3,repeated_10x5_oof,79,20
HAMD-17,PDCH标签99人,GLM-5.2,思考,2,有罪感,11,0.4285470956965979,4.0,0.4245500501459045,0.003997045550693357,max_corrected_rho,79,8,3,repeated_10x5_oof,79,20
HAMD-17,PDCH标签99人,GLM-5.2,思考,3,自杀,15,0.4566637546372928,16.0,0.42907855060734057,0.027585204029952237,max_corrected_rho,79,8,3,repeated_10x5_oof,79,20
HAMD-17,PDCH标签99人,GLM-5.2,思考,4,入睡困难,3,0.4278386350732824,7.0,0.4065677828290052,0.021270852244277216,max_corrected_rho,79,8,3,repeated_10x5_oof,79,20
HAMD-17,PDCH标签99人,GLM-5.2,思考,5,睡眠不深,11,0.37493973496827393,3.0,0.3654564631334972,0.009483271834776708,max_corrected_rho,79,8,3,repeated_10x5_oof,79,20
HAMD-17,PDCH标签99人,GLM-5.2,思考,6,早醒,3,0.3384124840064352,4.0,0.30404519429240195,0.034367289714033245,max_corrected_rho,79,8,3,repeated_10x5_oof,79,20
HAMD-17,PDCH标签99人,GLM-5.2,思考,7,工作和活动,8,0.6659344209993262,11.0,0.6477998842990106,0.018134536700315618,max_corrected_rho,79,8,3,repeated_10x5_oof,79,20
HAMD-17,PDCH标签99人,GLM-5.2,思考,8,迟滞,11,0.48388951799979657,4.0,0.4515770498853982,0.03231246811439836,max_corrected_rho,79,8,3,repeated_10x5_oof,79,20
HAMD-17,PDCH标签99人,GLM-5.2,思考,9,激越,7,0.37454318748198706,11.0,0.3704124727271471,0.004130714754839948,max_corrected_rho,79,8,3,repeated_10x5_oof,79,20
HAMD-17,PDCH标签99人,GLM-5.2,思考,10,精神性焦虑,16,0.5071716771195481,8.0,0.49913930546176355,0.008032371657784587,max_corrected_rho,79,8,3,repeated_10x5_oof,79,20
HAMD-17,PDCH标签99人,GLM-5.2,思考,11,躯体性焦虑,7,0.5950740494131236,4.0,0.5348449555357186,0.06022909387740494,max_corrected_rho,79,8,3,repeated_10x5_oof,79,20
HAMD-17,PDCH标签99人,GLM-5.2,思考,12,胃肠道症状,11,0.4627141582034776,12.0,0.450942819142857,0.011771339060620611,max_corrected_rho,79,8,3,repeated_10x5_oof,79,20
HAMD-17,PDCH标签99人,GLM-5.2,思考,13,全身症状,3,0.6015045512230716,15.0,0.5940301963703736,0.007474354852697984,max_corrected_rho,79,8,3,repeated_10x5_oof,79,20
HAMD-17,PDCH标签99人,GLM-5.2,思考,14,性症状,8,0.5383488479992204,7.0,0.5294433161323746,0.00890553186684584,max_corrected_rho,36,8,3,repeated_10x5_oof,79,20
HAMD-17,PDCH标签99人,GLM-5.2,思考,15,疑病,15,0.04440561011102924,7.0,0.010060669280260419,0.03434494083076882,max_corrected_rho,79,8,3,repeated_10x5_oof,79,20
HAMD-17,PDCH标签99人,GLM-5.2,思考,16,体重减轻,8,0.3191431592187396,7.0,0.2912396073106492,0.027903551908090407,max_corrected_rho,79,8,3,repeated_10x5_oof,79,20
HAMD-17,PDCH标签99人,GLM-5.2,思考,17,自知力,11,0.12494792853897378,3.0,0.07148514812971073,0.053462780409263055,max_corrected_rho,79,8,3,repeated_10x5_oof,79,20
HAMD-17,PDCH标签99人,Kimi-K2.6,思考,1,抑郁情绪,11,0.579435443277703,7.0,0.5684243891179288,0.011011054159774214,max_corrected_rho,79,8,3,repeated_10x5_oof,79,20
HAMD-17,PDCH标签99人,Kimi-K2.6,思考,2,有罪感,8,0.34411134128833143,12.0,0.33475677823644273,0.009354563051888698,max_corrected_rho,79,8,3,repeated_10x5_oof,79,20
HAMD-17,PDCH标签99人,Kimi-K2.6,思考,3,自杀,16,0.41093994768262976,11.0,0.3534016405072766,0.05753830717535313,max_corrected_rho,79,8,3,repeated_10x5_oof,79,20
HAMD-17,PDCH标签99人,Kimi-K2.6,思考,4,入睡困难,3,0.4835274895636733,4.0,0.4258844587201506,0.05764303084352268,max_corrected_rho,79,8,3,repeated_10x5_oof,79,20
HAMD-17,PDCH标签99人,Kimi-K2.6,思考,5,睡眠不深,3,0.3544035272839583,8.0,0.3134331122412846,0.04097041504267368,max_corrected_rho,79,8,3,repeated_10x5_oof,79,20
HAMD-17,PDCH标签99人,Kimi-K2.6,思考,6,早醒,8,0.32610381991275417,16.0,0.32307294212085336,0.00303087779190081,max_corrected_rho,79,8,3,repeated_10x5_oof,79,20
HAMD-17,PDCH标签99人,Kimi-K2.6,思考,7,工作和活动,7,0.6520960467148963,3.0,0.6458612260318585,0.006234820683037823,max_corrected_rho,79,8,3,repeated_10x5_oof,79,20
HAMD-17,PDCH标签99人,Kimi-K2.6,思考,8,迟滞,3,0.25733095831526154,8.0,0.24846440122691119,0.008866557088350352,max_corrected_rho,79,8,3,repeated_10x5_oof,79,20
HAMD-17,PDCH标签99人,Kimi-K2.6,思考,9,激越,7,0.24833543366873656,12.0,0.2380471889263065,0.010288244742430064,max_corrected_rho,79,8,3,repeated_10x5_oof,79,20
HAMD-17,PDCH标签99人,Kimi-K2.6,思考,10,精神性焦虑,8,0.4758265880219109,12.0,0.4551017497904176,0.020724838231493292,max_corrected_rho,79,8,3,repeated_10x5_oof,79,20
HAMD-17,PDCH标签99人,Kimi-K2.6,思考,11,躯体性焦虑,7,0.5577765552445366,16.0,0.4627894757499094,0.0949870794946272,max_corrected_rho,79,8,3,repeated_10x5_oof,79,20
HAMD-17,PDCH标签99人,Kimi-K2.6,思考,12,胃肠道症状,8,0.46001740650322615,7.0,0.40667956850923054,0.05333783799399561,max_corrected_rho,79,8,3,repeated_10x5_oof,79,20
HAMD-17,PDCH标签99人,Kimi-K2.6,思考,13,全身症状,11,0.6354101386692983,3.0,0.5935090827762726,0.04190105589302573,max_corrected_rho,79,8,3,repeated_10x5_oof,79,20
HAMD-17,PDCH标签99人,Kimi-K2.6,思考,14,性症状,7,0.30976149897064365,3.0,0.22275436792037184,0.0870071310502718,max_corrected_rho,30,8,3,repeated_10x5_oof,79,20
HAMD-17,PDCH标签99人,Kimi-K2.6,思考,15,疑病,4,0.11350772278904234,3.0,0.05883058970599014,0.0546771330830522,max_corrected_rho,79,8,3,repeated_10x5_oof,79,20
HAMD-17,PDCH标签99人,Kimi-K2.6,思考,16,体重减轻,8,0.3350157947044094,7.0,0.3176668661781583,0.017348928526251084,max_corrected_rho,79,8,3,repeated_10x5_oof,79,20
HAMD-17,PDCH标签99人,Kimi-K2.6,思考,17,自知力,8,0.3175114805485548,12.0,0.2634040390663167,0.05410744148223812,max_corrected_rho,79,8,3,repeated_10x5_oof,79,20
HAMD-17,PDCH标签99人,Qwen3.7-Max,思考,1,抑郁情绪,8,0.5425119532123673,4.0,0.5268042755291565,0.015707677683210797,max_corrected_rho,79,8,3,repeated_10x5_oof,79,20
HAMD-17,PDCH标签99人,Qwen3.7-Max,思考,2,有罪感,11,0.34252153720470185,15.0,0.33623841380292024,0.0062831234017816096,max_corrected_rho,79,8,3,repeated_10x5_oof,79,20
HAMD-17,PDCH标签99人,Qwen3.7-Max,思考,3,自杀,4,0.42060462742151644,8.0,0.4103050135160956,0.010299613905420835,max_corrected_rho,79,8,3,repeated_10x5_oof,79,20
HAMD-17,PDCH标签99人,Qwen3.7-Max,思考,4,入睡困难,4,0.42886904549606214,12.0,0.40999724458941117,0.01887180090665097,max_corrected_rho,79,8,3,repeated_10x5_oof,79,20
HAMD-17,PDCH标签99人,Qwen3.7-Max,思考,5,睡眠不深,15,0.37668467981275633,16.0,0.3549524402621477,0.021732239550608656,max_corrected_rho,79,8,3,repeated_10x5_oof,79,20
HAMD-17,PDCH标签99人,Qwen3.7-Max,思考,6,早醒,4,0.3408276872716819,3.0,0.33490411038160167,0.005923576890080218,max_corrected_rho,79,8,3,repeated_10x5_oof,79,20
HAMD-17,PDCH标签99人,Qwen3.7-Max,思考,7,工作和活动,3,0.6320460639974254,11.0,0.6174567264380325,0.014589337559392845,max_corrected_rho,79,8,3,repeated_10x5_oof,79,20
HAMD-17,PDCH标签99人,Qwen3.7-Max,思考,8,迟滞,15,0.3962348331042751,3.0,0.3712305991640569,0.025004233940218223,max_corrected_rho,79,8,3,repeated_10x5_oof,79,20
HAMD-17,PDCH标签99人,Qwen3.7-Max,思考,9,激越,12,0.2841668591879513,3.0,0.2695215813828988,0.014645277805052537,max_corrected_rho,79,8,3,repeated_10x5_oof,79,20
HAMD-17,PDCH标签99人,Qwen3.7-Max,思考,10,精神性焦虑,4,0.47472334265697536,11.0,0.4408643579246744,0.03385898473230098,max_corrected_rho,79,8,3,repeated_10x5_oof,79,20
HAMD-17,PDCH标签99人,Qwen3.7-Max,思考,11,躯体性焦虑,11,0.5658403375261545,3.0,0.5391808783326282,0.026659459193526303,max_corrected_rho,79,8,3,repeated_10x5_oof,79,20
HAMD-17,PDCH标签99人,Qwen3.7-Max,思考,12,胃肠道症状,11,0.4686171553723295,3.0,0.4567294951296027,0.011887660242726805,max_corrected_rho,79,8,3,repeated_10x5_oof,79,20
HAMD-17,PDCH标签99人,Qwen3.7-Max,思考,13,全身症状,3,0.5893649959260076,4.0,0.5448929436538725,0.04447205227213502,max_corrected_rho,79,8,3,repeated_10x5_oof,79,20
HAMD-17,PDCH标签99人,Qwen3.7-Max,思考,14,性症状,4,0.4212460587936004,7.0,0.4212460587936004,0.0,max_corrected_rho_tie_condition_order,38,8,3,repeated_10x5_oof,79,20
HAMD-17,PDCH标签99人,Qwen3.7-Max,思考,15,疑病,4,0.10018775370502574,3.0,0.08844130647897595,0.011746447226049783,max_corrected_rho,79,8,3,repeated_10x5_oof,79,20
HAMD-17,PDCH标签99人,Qwen3.7-Max,思考,16,体重减轻,7,0.2826214194616495,8.0,0.27801820976317276,0.004603209698476718,max_corrected_rho,79,8,3,repeated_10x5_oof,79,20
HAMD-17,PDCH标签99人,Qwen3.7-Max,思考,17,自知力,8,0.21610035545271497,3.0,0.13245057560081233,0.08364977985190264,max_corrected_rho,79,8,3,repeated_10x5_oof,79,20
HAMD-17,PDCH标签99人,GLM-5.2,思考,1,抑郁情绪,16,0.5542000252100339,15.0,0.5139079782725701,0.0402920469374638,max_corrected_rho,80,8,4,repeated_10x5_oof,80,19
HAMD-17,PDCH标签99人,GLM-5.2,思考,2,有罪感,4,0.45441961518479135,8.0,0.41879887875319266,0.03562073643159869,max_corrected_rho,80,8,4,repeated_10x5_oof,80,19
HAMD-17,PDCH标签99人,GLM-5.2,思考,3,自杀,15,0.41865719337123797,3.0,0.39878279271888123,0.01987440065235674,max_corrected_rho,80,8,4,repeated_10x5_oof,80,19
HAMD-17,PDCH标签99人,GLM-5.2,思考,4,入睡困难,11,0.4831351777792995,7.0,0.48292411090716003,0.00021106687213945374,max_corrected_rho,80,8,4,repeated_10x5_oof,80,19
HAMD-17,PDCH标签99人,GLM-5.2,思考,5,睡眠不深,3,0.23128965751022268,8.0,0.22046018085526853,0.010829476654954151,max_corrected_rho,80,8,4,repeated_10x5_oof,80,19
HAMD-17,PDCH标签99人,GLM-5.2,思考,6,早醒,3,0.3438770935913497,4.0,0.32038196869017493,0.02349512490117478,max_corrected_rho,80,8,4,repeated_10x5_oof,80,19
HAMD-17,PDCH标签99人,GLM-5.2,思考,7,工作和活动,8,0.6283573167606278,11.0,0.5949405134390222,0.03341680332160557,max_corrected_rho,80,8,4,repeated_10x5_oof,80,19
HAMD-17,PDCH标签99人,GLM-5.2,思考,8,迟滞,7,0.6233203595282265,11.0,0.5999802896450181,0.02334006988320836,max_corrected_rho,80,8,4,repeated_10x5_oof,80,19
HAMD-17,PDCH标签99人,GLM-5.2,思考,9,激越,7,0.4043713597072422,15.0,0.3987741931680502,0.005597166539192011,max_corrected_rho,80,8,4,repeated_10x5_oof,80,19
HAMD-17,PDCH标签99人,GLM-5.2,思考,10,精神性焦虑,16,0.5549220187282002,7.0,0.5169320646353545,0.03798995409284578,max_corrected_rho,80,8,4,repeated_10x5_oof,80,19
HAMD-17,PDCH标签99人,GLM-5.2,思考,11,躯体性焦虑,7,0.6028600794083022,3.0,0.5662806301073334,0.03657944930096879,max_corrected_rho,80,8,4,repeated_10x5_oof,80,19
HAMD-17,PDCH标签99人,GLM-5.2,思考,12,胃肠道症状,11,0.47424333600977675,12.0,0.46674054393415226,0.007502792075624487,max_corrected_rho,80,8,4,repeated_10x5_oof,80,19
HAMD-17,PDCH标签99人,GLM-5.2,思考,13,全身症状,15,0.6518803783548792,11.0,0.6333844887047513,0.01849588965012794,max_corrected_rho,80,8,4,repeated_10x5_oof,80,19
HAMD-17,PDCH标签99人,GLM-5.2,思考,14,性症状,7,0.5519439248564079,3.0,0.5169484086884398,0.03499551616796803,max_corrected_rho,39,8,4,repeated_10x5_oof,80,19
HAMD-17,PDCH标签99人,GLM-5.2,思考,15,疑病,15,0.23755284564944684,16.0,0.20437497525695295,0.0331778703924939,max_corrected_rho,80,8,4,repeated_10x5_oof,80,19
HAMD-17,PDCH标签99人,GLM-5.2,思考,16,体重减轻,7,0.25864350841804556,8.0,0.23349427426285116,0.025149234155194405,max_corrected_rho,80,8,4,repeated_10x5_oof,80,19
HAMD-17,PDCH标签99人,GLM-5.2,思考,17,自知力,3,0.13980177829084717,11.0,0.060387760435270936,0.07941401785557622,max_corrected_rho,80,8,4,repeated_10x5_oof,80,19
HAMD-17,PDCH标签99人,Kimi-K2.6,思考,1,抑郁情绪,11,0.5829783601466896,8.0,0.5588800420416455,0.024098318105044036,max_corrected_rho,80,8,4,repeated_10x5_oof,80,19
HAMD-17,PDCH标签99人,Kimi-K2.6,思考,2,有罪感,3,0.45702398021739715,8.0,0.42443426387681393,0.03258971634058322,max_corrected_rho,80,8,4,repeated_10x5_oof,80,19
HAMD-17,PDCH标签99人,Kimi-K2.6,思考,3,自杀,7,0.42942170095913396,3.0,0.3524481254938105,0.07697357546532346,max_corrected_rho,80,8,4,repeated_10x5_oof,80,19
HAMD-17,PDCH标签99人,Kimi-K2.6,思考,4,入睡困难,3,0.5502490671060808,12.0,0.4811359364118578,0.06911313069422298,max_corrected_rho,80,8,4,repeated_10x5_oof,80,19
HAMD-17,PDCH标签99人,Kimi-K2.6,思考,5,睡眠不深,3,0.21894541473986315,16.0,0.2023896024926203,0.01655581224724284,max_corrected_rho,80,8,4,repeated_10x5_oof,80,19
HAMD-17,PDCH标签99人,Kimi-K2.6,思考,6,早醒,16,0.37156816636469536,15.0,0.3178585646041099,0.05370960176058548,max_corrected_rho,80,8,4,repeated_10x5_oof,80,19
HAMD-17,PDCH标签99人,Kimi-K2.6,思考,7,工作和活动,3,0.6351902199474128,7.0,0.6196242027457445,0.01556601720166828,max_corrected_rho,80,8,4,repeated_10x5_oof,80,19
HAMD-17,PDCH标签99人,Kimi-K2.6,思考,8,迟滞,15,0.3934419898064457,8.0,0.34314586483911225,0.05029612496733343,max_corrected_rho,80,8,4,repeated_10x5_oof,80,19
HAMD-17,PDCH标签99人,Kimi-K2.6,思考,9,激越,11,0.31154910936841135,7.0,0.2765960928815939,0.03495301648681742,max_corrected_rho,80,8,4,repeated_10x5_oof,80,19
HAMD-17,PDCH标签99人,Kimi-K2.6,思考,10,精神性焦虑,8,0.5028963058122636,15.0,0.4172895603393754,0.08560674547288821,max_corrected_rho,80,8,4,repeated_10x5_oof,80,19
HAMD-17,PDCH标签99人,Kimi-K2.6,思考,11,躯体性焦虑,7,0.5944391279556269,4.0,0.4994023459682259,0.09503678198740101,max_corrected_rho,80,8,4,repeated_10x5_oof,80,19
HAMD-17,PDCH标签99人,Kimi-K2.6,思考,12,胃肠道症状,7,0.47745704544436607,8.0,0.46980893460713896,0.007648110837227107,max_corrected_rho,80,8,4,repeated_10x5_oof,80,19
HAMD-17,PDCH标签99人,Kimi-K2.6,思考,13,全身症状,11,0.6342377586987754,3.0,0.6073827834038117,0.026854975294963723,max_corrected_rho,80,8,4,repeated_10x5_oof,80,19
HAMD-17,PDCH标签99人,Kimi-K2.6,思考,14,性症状,3,0.3145225931634395,4.0,0.3114138149760708,0.0031087781873687104,max_corrected_rho,32,8,4,repeated_10x5_oof,80,19
HAMD-17,PDCH标签99人,Kimi-K2.6,思考,15,疑病,4,0.23054409410155285,11.0,0.2149495977509007,0.01559449635065216,max_corrected_rho,80,8,4,repeated_10x5_oof,80,19
HAMD-17,PDCH标签99人,Kimi-K2.6,思考,16,体重减轻,7,0.32928077444400383,16.0,0.2500763916764668,0.07920438276753705,max_corrected_rho,80,8,4,repeated_10x5_oof,80,19
HAMD-17,PDCH标签99人,Kimi-K2.6,思考,17,自知力,7,0.2966899785633139,8.0,0.2596608529920848,0.037029125571229116,max_corrected_rho,80,8,4,repeated_10x5_oof,80,19
HAMD-17,PDCH标签99人,Qwen3.7-Max,思考,1,抑郁情绪,3,0.5415559007274611,4.0,0.5377649207607664,0.003790979966694641,max_corrected_rho,80,8,4,repeated_10x5_oof,80,19
HAMD-17,PDCH标签99人,Qwen3.7-Max,思考,2,有罪感,15,0.4232805587826205,8.0,0.41233900598061535,0.01094155280200515,max_corrected_rho,80,8,4,repeated_10x5_oof,80,19
HAMD-17,PDCH标签99人,Qwen3.7-Max,思考,3,自杀,16,0.38816881228070577,12.0,0.3648939754470616,0.023274836833644175,max_corrected_rho,80,8,4,repeated_10x5_oof,80,19
HAMD-17,PDCH标签99人,Qwen3.7-Max,思考,4,入睡困难,12,0.480895748016266,3.0,0.4739731178107617,0.006922630205504321,max_corrected_rho,80,8,4,repeated_10x5_oof,80,19
HAMD-17,PDCH标签99人,Qwen3.7-Max,思考,5,睡眠不深,15,0.2537969883450448,3.0,0.21707581888207475,0.03672116946297008,max_corrected_rho,80,8,4,repeated_10x5_oof,80,19
HAMD-17,PDCH标签99人,Qwen3.7-Max,思考,6,早醒,4,0.3361901638828092,3.0,0.29462613678055044,0.04156402710225876,max_corrected_rho,80,8,4,repeated_10x5_oof,80,19
HAMD-17,PDCH标签99人,Qwen3.7-Max,思考,7,工作和活动,3,0.638406107415558,11.0,0.6071306892716067,0.031275418143951295,max_corrected_rho,80,8,4,repeated_10x5_oof,80,19
HAMD-17,PDCH标签99人,Qwen3.7-Max,思考,8,迟滞,15,0.5014018980126412,3.0,0.44032000569331237,0.06108189231932887,max_corrected_rho,80,8,4,repeated_10x5_oof,80,19
HAMD-17,PDCH标签99人,Qwen3.7-Max,思考,9,激越,11,0.3844554086013476,4.0,0.36664480882618705,0.01781059977516053,max_corrected_rho,80,8,4,repeated_10x5_oof,80,19
HAMD-17,PDCH标签99人,Qwen3.7-Max,思考,10,精神性焦虑,4,0.508967441975322,3.0,0.4519095514655099,0.05705789050981208,max_corrected_rho,80,8,4,repeated_10x5_oof,80,19
HAMD-17,PDCH标签99人,Qwen3.7-Max,思考,11,躯体性焦虑,11,0.5865795581808285,3.0,0.5474592068338944,0.039120351346934146,max_corrected_rho,80,8,4,repeated_10x5_oof,80,19
HAMD-17,PDCH标签99人,Qwen3.7-Max,思考,12,胃肠道症状,11,0.467110505901956,3.0,0.46673775507685333,0.00037275082510268565,max_corrected_rho,80,8,4,repeated_10x5_oof,80,19
HAMD-17,PDCH标签99人,Qwen3.7-Max,思考,13,全身症状,3,0.6245508639121334,4.0,0.5631401047922029,0.06141075911993055,max_corrected_rho,80,8,4,repeated_10x5_oof,80,19
HAMD-17,PDCH标签99人,Qwen3.7-Max,思考,14,性症状,7,0.4113255754149536,3.0,0.4077564096107546,0.003569165804199026,max_corrected_rho,38,8,4,repeated_10x5_oof,80,19
HAMD-17,PDCH标签99人,Qwen3.7-Max,思考,15,疑病,16,0.25173457760784085,15.0,0.2086052902381006,0.043129287369740255,max_corrected_rho,80,8,4,repeated_10x5_oof,80,19
HAMD-17,PDCH标签99人,Qwen3.7-Max,思考,16,体重减轻,12,0.29051688310454327,7.0,0.27718447190775963,0.013332411196783633,max_corrected_rho,80,8,4,repeated_10x5_oof,80,19
HAMD-17,PDCH标签99人,Qwen3.7-Max,思考,17,自知力,8,0.20531102855399108,3.0,0.12444713330150077,0.08086389525249031,max_corrected_rho,80,8,4,repeated_10x5_oof,80,19
HAMD-17,PDCH标签99人,GLM-5.2,思考,1,抑郁情绪,11,0.5614791001216262,15.0,0.5604673457820408,0.0010117543395853357,max_corrected_rho,79,9,0,repeated_10x5_oof,79,20
HAMD-17,PDCH标签99人,GLM-5.2,思考,2,有罪感,4,0.3660537278140383,16.0,0.3529516862730686,0.013102041540969667,max_corrected_rho,79,9,0,repeated_10x5_oof,79,20
HAMD-17,PDCH标签99人,GLM-5.2,思考,3,自杀,15,0.46749847882003215,3.0,0.43733175474254454,0.030166724077487606,max_corrected_rho,79,9,0,repeated_10x5_oof,79,20
HAMD-17,PDCH标签99人,GLM-5.2,思考,4,入睡困难,11,0.4921815469879173,3.0,0.47246605759243265,0.01971548939548462,max_corrected_rho,79,9,0,repeated_10x5_oof,79,20
HAMD-17,PDCH标签99人,GLM-5.2,思考,5,睡眠不深,8,0.24486425312669338,3.0,0.24181255147467134,0.0030517016520220375,max_corrected_rho,79,9,0,repeated_10x5_oof,79,20
HAMD-17,PDCH标签99人,GLM-5.2,思考,6,早醒,3,0.4014063587086821,4.0,0.3877660227249423,0.01364033598373976,max_corrected_rho,79,9,0,repeated_10x5_oof,79,20
HAMD-17,PDCH标签99人,GLM-5.2,思考,7,工作和活动,15,0.6237365989508081,8.0,0.6202215396378893,0.0035150593129188445,max_corrected_rho,79,9,0,repeated_10x5_oof,79,20
HAMD-17,PDCH标签99人,GLM-5.2,思考,8,迟滞,11,0.4638277696546236,15.0,0.4495112663987195,0.014316503255904056,max_corrected_rho,79,9,0,repeated_10x5_oof,79,20
HAMD-17,PDCH标签99人,GLM-5.2,思考,9,激越,15,0.5076931595982215,11.0,0.43500538606752126,0.07268777353070022,max_corrected_rho,79,9,0,repeated_10x5_oof,79,20
HAMD-17,PDCH标签99人,GLM-5.2,思考,10,精神性焦虑,16,0.5832792710746021,15.0,0.5426522592992946,0.040627011775307476,max_corrected_rho,79,9,0,repeated_10x5_oof,79,20
HAMD-17,PDCH标签99人,GLM-5.2,思考,11,躯体性焦虑,7,0.5438702001460891,4.0,0.5323065184612995,0.011563681684789606,max_corrected_rho,79,9,0,repeated_10x5_oof,79,20
HAMD-17,PDCH标签99人,GLM-5.2,思考,12,胃肠道症状,11,0.42581550280960245,12.0,0.4247537542469032,0.0010617485626992496,max_corrected_rho,79,9,0,repeated_10x5_oof,79,20
HAMD-17,PDCH标签99人,GLM-5.2,思考,13,全身症状,15,0.5744989420184586,3.0,0.5376807945474781,0.036818147470980556,max_corrected_rho,79,9,0,repeated_10x5_oof,79,20
HAMD-17,PDCH标签99人,GLM-5.2,思考,14,性症状,7,0.5875635832471784,3.0,0.5607846821421026,0.026778901105075748,max_corrected_rho,40,9,0,repeated_10x5_oof,79,20
HAMD-17,PDCH标签99人,GLM-5.2,思考,15,疑病,8,0.09037064143782052,16.0,0.07611502958589736,0.014255611851923158,max_corrected_rho,79,9,0,repeated_10x5_oof,79,20
HAMD-17,PDCH标签99人,GLM-5.2,思考,16,体重减轻,4,0.21629110105954588,8.0,0.2148681373905682,0.0014229636689776781,max_corrected_rho,79,9,0,repeated_10x5_oof,79,20
HAMD-17,PDCH标签99人,GLM-5.2,思考,17,自知力,7,0.05862673369110043,3.0,0.0524913778397062,0.006135355851394228,max_corrected_rho,79,9,0,repeated_10x5_oof,79,20
HAMD-17,PDCH标签99人,Kimi-K2.6,思考,1,抑郁情绪,11,0.597817510618092,8.0,0.5668647611486303,0.030952749469461693,max_corrected_rho,79,9,0,repeated_10x5_oof,79,20
HAMD-17,PDCH标签99人,Kimi-K2.6,思考,2,有罪感,3,0.39597542680891795,11.0,0.3564034829600027,0.03957194384891527,max_corrected_rho,79,9,0,repeated_10x5_oof,79,20
HAMD-17,PDCH标签99人,Kimi-K2.6,思考,3,自杀,16,0.44450739323268773,11.0,0.4020784093196661,0.042428983913021634,max_corrected_rho,79,9,0,repeated_10x5_oof,79,20
HAMD-17,PDCH标签99人,Kimi-K2.6,思考,4,入睡困难,3,0.5396127359273243,4.0,0.4900409888767376,0.0495717470505867,max_corrected_rho,79,9,0,repeated_10x5_oof,79,20
HAMD-17,PDCH标签99人,Kimi-K2.6,思考,5,睡眠不深,3,0.2784038708641426,16.0,0.23315286939896596,0.04525100146517663,max_corrected_rho,79,9,0,repeated_10x5_oof,79,20
HAMD-17,PDCH标签99人,Kimi-K2.6,思考,6,早醒,16,0.405592060579096,15.0,0.3716411802430686,0.033950880336027445,max_corrected_rho,79,9,0,repeated_10x5_oof,79,20
HAMD-17,PDCH标签99人,Kimi-K2.6,思考,7,工作和活动,7,0.6373414874937586,4.0,0.6010538673248881,0.03628762016887055,max_corrected_rho,79,9,0,repeated_10x5_oof,79,20
HAMD-17,PDCH标签99人,Kimi-K2.6,思考,8,迟滞,3,0.28300818637431674,15.0,0.2819452854401495,0.0010629009341672213,max_corrected_rho,79,9,0,repeated_10x5_oof,79,20
HAMD-17,PDCH标签99人,Kimi-K2.6,思考,9,激越,15,0.27810751525250726,16.0,0.27766286497461395,0.00044465027789331035,max_corrected_rho,79,9,0,repeated_10x5_oof,79,20
HAMD-17,PDCH标签99人,Kimi-K2.6,思考,10,精神性焦虑,8,0.5001403968253333,12.0,0.49439787142241715,0.005742525402916143,max_corrected_rho,79,9,0,repeated_10x5_oof,79,20
HAMD-17,PDCH标签99人,Kimi-K2.6,思考,11,躯体性焦虑,7,0.57088337110568,3.0,0.5169286599019419,0.05395471120373807,max_corrected_rho,79,9,0,repeated_10x5_oof,79,20
HAMD-17,PDCH标签99人,Kimi-K2.6,思考,12,胃肠道症状,8,0.4197704204513383,7.0,0.4186592211466783,0.001111199304659971,max_corrected_rho,79,9,0,repeated_10x5_oof,79,20
HAMD-17,PDCH标签99人,Kimi-K2.6,思考,13,全身症状,11,0.5966448206303951,3.0,0.5709884888328098,0.025656331797585308,max_corrected_rho,79,9,0,repeated_10x5_oof,79,20
HAMD-17,PDCH标签99人,Kimi-K2.6,思考,14,性症状,3,0.4612819705396366,7.0,0.4513384914632452,0.009943479076391426,max_corrected_rho,31,9,0,repeated_10x5_oof,79,20
HAMD-17,PDCH标签99人,Kimi-K2.6,思考,15,疑病,4,0.10749480407846354,7.0,0.1045975273690371,0.0028972767094264384,max_corrected_rho,79,9,0,repeated_10x5_oof,79,20
HAMD-17,PDCH标签99人,Kimi-K2.6,思考,16,体重减轻,7,0.23892624296971826,15.0,0.23830892769299553,0.0006173152767227352,max_corrected_rho,79,9,0,repeated_10x5_oof,79,20
HAMD-17,PDCH标签99人,Kimi-K2.6,思考,17,自知力,8,0.2748111834595848,7.0,0.17247458714327243,0.10233659631631234,max_corrected_rho,79,9,0,repeated_10x5_oof,79,20
HAMD-17,PDCH标签99人,Qwen3.7-Max,思考,1,抑郁情绪,8,0.535553075160586,4.0,0.5254047686080613,0.010148306552524744,max_corrected_rho,79,9,0,repeated_10x5_oof,79,20
HAMD-17,PDCH标签99人,Qwen3.7-Max,思考,2,有罪感,8,0.3919233496956446,11.0,0.3128587353435045,0.07906461435214007,max_corrected_rho,79,9,0,repeated_10x5_oof,79,20
HAMD-17,PDCH标签99人,Qwen3.7-Max,思考,3,自杀,16,0.4128695059668237,8.0,0.4097637073221249,0.0031057986446987873,max_corrected_rho,79,9,0,repeated_10x5_oof,79,20
HAMD-17,PDCH标签99人,Qwen3.7-Max,思考,4,入睡困难,4,0.4626050559657755,12.0,0.4602811266724234,0.0023239292933521227,max_corrected_rho,79,9,0,repeated_10x5_oof,79,20
HAMD-17,PDCH标签99人,Qwen3.7-Max,思考,5,睡眠不深,15,0.2809957888467201,16.0,0.20676979468712714,0.07422599415959297,max_corrected_rho,79,9,0,repeated_10x5_oof,79,20
HAMD-17,PDCH标签99人,Qwen3.7-Max,思考,6,早醒,4,0.42574379403692003,3.0,0.3818128938834442,0.04393090015347584,max_corrected_rho,79,9,0,repeated_10x5_oof,79,20
HAMD-17,PDCH标签99人,Qwen3.7-Max,思考,7,工作和活动,3,0.6090522589002348,11.0,0.5610543806577137,0.04799787824252111,max_corrected_rho,79,9,0,repeated_10x5_oof,79,20
HAMD-17,PDCH标签99人,Qwen3.7-Max,思考,8,迟滞,15,0.4244247358613365,11.0,0.3676707677312485,0.056753968130087984,max_corrected_rho,79,9,0,repeated_10x5_oof,79,20
HAMD-17,PDCH标签99人,Qwen3.7-Max,思考,9,激越,4,0.42211250921256244,3.0,0.41007469664697715,0.012037812565585282,max_corrected_rho,79,9,0,repeated_10x5_oof,79,20
HAMD-17,PDCH标签99人,Qwen3.7-Max,思考,10,精神性焦虑,3,0.512766355419648,11.0,0.4903499492329948,0.022416406186653193,max_corrected_rho,79,9,0,repeated_10x5_oof,79,20
HAMD-17,PDCH标签99人,Qwen3.7-Max,思考,11,躯体性焦虑,11,0.56535516403743,3.0,0.536200219173277,0.029154944864153043,max_corrected_rho,79,9,0,repeated_10x5_oof,79,20
HAMD-17,PDCH标签99人,Qwen3.7-Max,思考,12,胃肠道症状,3,0.45248061796071093,11.0,0.4422327411746217,0.010247876786089238,max_corrected_rho,79,9,0,repeated_10x5_oof,79,20
HAMD-17,PDCH标签99人,Qwen3.7-Max,思考,13,全身症状,3,0.5670386172328895,4.0,0.5274722612296472,0.03956635600324232,max_corrected_rho,79,9,0,repeated_10x5_oof,79,20
HAMD-17,PDCH标签99人,Qwen3.7-Max,思考,14,性症状,7,0.4442464584121843,3.0,0.435970739820093,0.008275718592091308,max_corrected_rho,39,9,0,repeated_10x5_oof,79,20
HAMD-17,PDCH标签99人,Qwen3.7-Max,思考,15,疑病,11,0.09632632737916595,4.0,0.06623972479367544,0.030086602585490507,max_corrected_rho,79,9,0,repeated_10x5_oof,79,20
HAMD-17,PDCH标签99人,Qwen3.7-Max,思考,16,体重减轻,7,0.2304302915226774,3.0,0.22357126251394716,0.006859029008730255,max_corrected_rho,79,9,0,repeated_10x5_oof,79,20
HAMD-17,PDCH标签99人,Qwen3.7-Max,思考,17,自知力,8,0.13296079674194922,7.0,0.01363530450675862,0.1193254922351906,max_corrected_rho,79,9,0,repeated_10x5_oof,79,20
HAMD-17,PDCH标签99人,GLM-5.2,思考,1,抑郁情绪,16,0.6105897367283032,3.0,0.5942121229422289,0.016377613786074274,max_corrected_rho,79,9,1,repeated_10x5_oof,79,20
HAMD-17,PDCH标签99人,GLM-5.2,思考,2,有罪感,4,0.40140910034802896,16.0,0.3825647626466643,0.018844337701364677,max_corrected_rho,79,9,1,repeated_10x5_oof,79,20
HAMD-17,PDCH标签99人,GLM-5.2,思考,3,自杀,15,0.5075730377804157,16.0,0.4860818922556048,0.021491145524810962,max_corrected_rho,79,9,1,repeated_10x5_oof,79,20
HAMD-17,PDCH标签99人,GLM-5.2,思考,4,入睡困难,16,0.5165308685198943,3.0,0.4754884466118605,0.041042421908033755,max_corrected_rho,79,9,1,repeated_10x5_oof,79,20
HAMD-17,PDCH标签99人,GLM-5.2,思考,5,睡眠不深,8,0.25770726132603544,3.0,0.23876035356757408,0.018946907758461362,max_corrected_rho,79,9,1,repeated_10x5_oof,79,20
HAMD-17,PDCH标签99人,GLM-5.2,思考,6,早醒,3,0.37334529268152866,4.0,0.35722299445293915,0.016122298228589516,max_corrected_rho,79,9,1,repeated_10x5_oof,79,20
HAMD-17,PDCH标签99人,GLM-5.2,思考,7,工作和活动,8,0.6578343634600355,3.0,0.6481257354692087,0.009708627990826835,max_corrected_rho,79,9,1,repeated_10x5_oof,79,20
HAMD-17,PDCH标签99人,GLM-5.2,思考,8,迟滞,11,0.525716551578551,4.0,0.49340038880692366,0.032316162771627355,max_corrected_rho,79,9,1,repeated_10x5_oof,79,20
HAMD-17,PDCH标签99人,GLM-5.2,思考,9,激越,12,0.4260564309250992,7.0,0.42414986386113407,0.0019065670639651366,max_corrected_rho,79,9,1,repeated_10x5_oof,79,20
HAMD-17,PDCH标签99人,GLM-5.2,思考,10,精神性焦虑,16,0.6192547574416586,3.0,0.5769955189087461,0.04225923853291247,max_corrected_rho,79,9,1,repeated_10x5_oof,79,20
HAMD-17,PDCH标签99人,GLM-5.2,思考,11,躯体性焦虑,7,0.6484772357310433,3.0,0.6192166416824962,0.029260594048547084,max_corrected_rho,79,9,1,repeated_10x5_oof,79,20
HAMD-17,PDCH标签99人,GLM-5.2,思考,12,胃肠道症状,4,0.46887734316314444,11.0,0.46518380576043145,0.0036935374027129986,max_corrected_rho,79,9,1,repeated_10x5_oof,79,20
HAMD-17,PDCH标签99人,GLM-5.2,思考,13,全身症状,15,0.5991573909494117,3.0,0.5753627890926966,0.023794601856715114,max_corrected_rho,79,9,1,repeated_10x5_oof,79,20
HAMD-17,PDCH标签99人,GLM-5.2,思考,14,性症状,3,0.5114805244407155,7.0,0.5046765212650415,0.006804003175673978,max_corrected_rho,36,9,1,repeated_10x5_oof,79,20
HAMD-17,PDCH标签99人,GLM-5.2,思考,15,疑病,15,0.11619969211249982,16.0,0.10856255605915724,0.007637136053342583,max_corrected_rho,79,9,1,repeated_10x5_oof,79,20
HAMD-17,PDCH标签99人,GLM-5.2,思考,16,体重减轻,15,0.3264668481192641,7.0,0.30430500285731477,0.02216184526194931,max_corrected_rho,79,9,1,repeated_10x5_oof,79,20
HAMD-17,PDCH标签99人,GLM-5.2,思考,17,自知力,11,0.06571239329518143,3.0,-0.0035439560989952512,0.06925634939417669,max_corrected_rho,79,9,1,repeated_10x5_oof,79,20
HAMD-17,PDCH标签99人,Kimi-K2.6,思考,1,抑郁情绪,11,0.6070287882575979,3.0,0.5645127092775197,0.04251607898007814,max_corrected_rho,79,9,1,repeated_10x5_oof,79,20
HAMD-17,PDCH标签99人,Kimi-K2.6,思考,2,有罪感,3,0.3523182660415315,8.0,0.3265140661634042,0.025804199878127265,max_corrected_rho,79,9,1,repeated_10x5_oof,79,20
HAMD-17,PDCH标签99人,Kimi-K2.6,思考,3,自杀,7,0.44711536200801255,16.0,0.4369518047823803,0.010163557225632225,max_corrected_rho,79,9,1,repeated_10x5_oof,79,20
HAMD-17,PDCH标签99人,Kimi-K2.6,思考,4,入睡困难,3,0.5308064204560615,12.0,0.49189564625663057,0.03891077419943095,max_corrected_rho,79,9,1,repeated_10x5_oof,79,20
HAMD-17,PDCH标签99人,Kimi-K2.6,思考,5,睡眠不深,16,0.254928323651897,3.0,0.22823375625884698,0.02669456739305001,max_corrected_rho,79,9,1,repeated_10x5_oof,79,20
HAMD-17,PDCH标签99人,Kimi-K2.6,思考,6,早醒,16,0.37474826687699925,3.0,0.35383610281448885,0.020912164062510397,max_corrected_rho,79,9,1,repeated_10x5_oof,79,20
HAMD-17,PDCH标签99人,Kimi-K2.6,思考,7,工作和活动,3,0.6570452181233153,7.0,0.6426569172361949,0.014388300887120398,max_corrected_rho,79,9,1,repeated_10x5_oof,79,20
HAMD-17,PDCH标签99人,Kimi-K2.6,思考,8,迟滞,15,0.34539865374713424,16.0,0.3275654394560035,0.017833214291130717,max_corrected_rho,79,9,1,repeated_10x5_oof,79,20
HAMD-17,PDCH标签99人,Kimi-K2.6,思考,9,激越,8,0.2809257236717269,11.0,0.2595097795365828,0.021415944135144138,max_corrected_rho,79,9,1,repeated_10x5_oof,79,20
HAMD-17,PDCH标签99人,Kimi-K2.6,思考,10,精神性焦虑,3,0.492125835700111,11.0,0.4895722219280937,0.0025536137720172936,max_corrected_rho,79,9,1,repeated_10x5_oof,79,20
HAMD-17,PDCH标签99人,Kimi-K2.6,思考,11,躯体性焦虑,7,0.5598131458604869,4.0,0.5220822076422543,0.03773093821823259,max_corrected_rho,79,9,1,repeated_10x5_oof,79,20
HAMD-17,PDCH标签99人,Kimi-K2.6,思考,12,胃肠道症状,8,0.451266258123911,4.0,0.43349083625400975,0.017775421869901276,max_corrected_rho,79,9,1,repeated_10x5_oof,79,20
HAMD-17,PDCH标签99人,Kimi-K2.6,思考,13,全身症状,11,0.6593795828732308,12.0,0.641279515294466,0.01810006757876481,max_corrected_rho,79,9,1,repeated_10x5_oof,79,20
HAMD-17,PDCH标签99人,Kimi-K2.6,思考,14,性症状,4,0.39816053067966534,11.0,0.364114137940871,0.03404639273879434,max_corrected_rho,30,9,1,repeated_10x5_oof,79,20
HAMD-17,PDCH标签99人,Kimi-K2.6,思考,15,疑病,4,0.13147469630114458,11.0,0.11715844793121888,0.014316248369925705,max_corrected_rho,79,9,1,repeated_10x5_oof,79,20
HAMD-17,PDCH标签99人,Kimi-K2.6,思考,16,体重减轻,7,0.36202744526646924,12.0,0.3223949077475255,0.039632537518943745,max_corrected_rho,79,9,1,repeated_10x5_oof,79,20
HAMD-17,PDCH标签99人,Kimi-K2.6,思考,17,自知力,8,0.3097258960535169,7.0,0.17351352374874135,0.13621237230477556,max_corrected_rho,79,9,1,repeated_10x5_oof,79,20
HAMD-17,PDCH标签99人,Qwen3.7-Max,思考,1,抑郁情绪,8,0.5698478572801854,4.0,0.5519312543532875,0.017916602926897895,max_corrected_rho,79,9,1,repeated_10x5_oof,79,20
HAMD-17,PDCH标签99人,Qwen3.7-Max,思考,2,有罪感,15,0.32327291141143943,4.0,0.31578686828359387,0.007486043127845565,max_corrected_rho,79,9,1,repeated_10x5_oof,79,20
HAMD-17,PDCH标签99人,Qwen3.7-Max,思考,3,自杀,4,0.46845852684192757,12.0,0.4659759836822827,0.0024825431596448566,max_corrected_rho,79,9,1,repeated_10x5_oof,79,20
HAMD-17,PDCH标签99人,Qwen3.7-Max,思考,4,入睡困难,12,0.48119131168769413,3.0,0.47788871466681293,0.003302597020881204,max_corrected_rho,79,9,1,repeated_10x5_oof,79,20
HAMD-17,PDCH标签99人,Qwen3.7-Max,思考,5,睡眠不深,15,0.28032501648870983,11.0,0.23290505721835958,0.047419959270350254,max_corrected_rho,79,9,1,repeated_10x5_oof,79,20
HAMD-17,PDCH标签99人,Qwen3.7-Max,思考,6,早醒,3,0.3829679189709119,4.0,0.3573106608734659,0.025657258097446012,max_corrected_rho,79,9,1,repeated_10x5_oof,79,20
HAMD-17,PDCH标签99人,Qwen3.7-Max,思考,7,工作和活动,11,0.6334228277757668,3.0,0.6257655985069367,0.007657229268830057,max_corrected_rho,79,9,1,repeated_10x5_oof,79,20
HAMD-17,PDCH标签99人,Qwen3.7-Max,思考,8,迟滞,15,0.42414504165504463,16.0,0.38755454293575026,0.03659049871929437,max_corrected_rho,79,9,1,repeated_10x5_oof,79,20
HAMD-17,PDCH标签99人,Qwen3.7-Max,思考,9,激越,11,0.37369409026934497,12.0,0.36240965159695226,0.011284438672392705,max_corrected_rho,79,9,1,repeated_10x5_oof,79,20
HAMD-17,PDCH标签99人,Qwen3.7-Max,思考,10,精神性焦虑,4,0.5225696728964329,11.0,0.49908039816771593,0.023489274728716925,max_corrected_rho,79,9,1,repeated_10x5_oof,79,20
HAMD-17,PDCH标签99人,Qwen3.7-Max,思考,11,躯体性焦虑,11,0.6094927111391605,12.0,0.5884516335484317,0.02104107759072882,max_corrected_rho,79,9,1,repeated_10x5_oof,79,20
HAMD-17,PDCH标签99人,Qwen3.7-Max,思考,12,胃肠道症状,11,0.4759638546229504,3.0,0.45941083733511306,0.016553017287837313,max_corrected_rho,79,9,1,repeated_10x5_oof,79,20
HAMD-17,PDCH标签99人,Qwen3.7-Max,思考,13,全身症状,3,0.6347863007328418,4.0,0.5548063426163526,0.07997995811648917,max_corrected_rho,79,9,1,repeated_10x5_oof,79,20
HAMD-17,PDCH标签99人,Qwen3.7-Max,思考,14,性症状,7,0.4204883626771096,3.0,0.4065507918987702,0.013937570778339403,max_corrected_rho,39,9,1,repeated_10x5_oof,79,20
HAMD-17,PDCH标签99人,Qwen3.7-Max,思考,15,疑病,16,0.137352886282305,15.0,0.13088852204420673,0.0064643642380982635,max_corrected_rho,79,9,1,repeated_10x5_oof,79,20
HAMD-17,PDCH标签99人,Qwen3.7-Max,思考,16,体重减轻,12,0.3439150736272297,8.0,0.31400653013788604,0.02990854348934363,max_corrected_rho,79,9,1,repeated_10x5_oof,79,20
HAMD-17,PDCH标签99人,Qwen3.7-Max,思考,17,自知力,8,0.20611669236339808,3.0,0.03854289962668975,0.16757379273670833,max_corrected_rho,79,9,1,repeated_10x5_oof,79,20
HAMD-17,PDCH标签99人,GLM-5.2,思考,1,抑郁情绪,4,0.5571808137457221,16.0,0.5505518511143013,0.006628962631420876,max_corrected_rho,79,9,2,repeated_10x5_oof,79,20
HAMD-17,PDCH标签99人,GLM-5.2,思考,2,有罪感,4,0.42789221785598824,3.0,0.42229150123114634,0.005600716624841906,max_corrected_rho,79,9,2,repeated_10x5_oof,79,20
HAMD-17,PDCH标签99人,GLM-5.2,思考,3,自杀,16,0.3993438707496892,15.0,0.38994044878689027,0.009403421962798919,max_corrected_rho,79,9,2,repeated_10x5_oof,79,20
HAMD-17,PDCH标签99人,GLM-5.2,思考,4,入睡困难,3,0.45293075046446285,16.0,0.4342107377351028,0.018720012729360025,max_corrected_rho,79,9,2,repeated_10x5_oof,79,20
HAMD-17,PDCH标签99人,GLM-5.2,思考,5,睡眠不深,7,0.19807930490029496,8.0,0.1756960558252547,0.022383249075040274,max_corrected_rho,79,9,2,repeated_10x5_oof,79,20
HAMD-17,PDCH标签99人,GLM-5.2,思考,6,早醒,3,0.38645782995407235,7.0,0.34936234851078457,0.03709548144328778,max_corrected_rho,79,9,2,repeated_10x5_oof,79,20
HAMD-17,PDCH标签99人,GLM-5.2,思考,7,工作和活动,8,0.6333772119172982,11.0,0.611034339289258,0.022342872628040245,max_corrected_rho,79,9,2,repeated_10x5_oof,79,20
HAMD-17,PDCH标签99人,GLM-5.2,思考,8,迟滞,7,0.5528169351396734,15.0,0.5199375134700402,0.0328794216696332,max_corrected_rho,79,9,2,repeated_10x5_oof,79,20
HAMD-17,PDCH标签99人,GLM-5.2,思考,9,激越,15,0.4185101459880569,12.0,0.4037021213670873,0.01480802462096964,max_corrected_rho,79,9,2,repeated_10x5_oof,79,20
HAMD-17,PDCH标签99人,GLM-5.2,思考,10,精神性焦虑,16,0.5057188707002428,8.0,0.4962870124058236,0.009431858294419171,max_corrected_rho,79,9,2,repeated_10x5_oof,79,20
HAMD-17,PDCH标签99人,GLM-5.2,思考,11,躯体性焦虑,7,0.6681105292631653,3.0,0.5925985748333158,0.07551195442984948,max_corrected_rho,79,9,2,repeated_10x5_oof,79,20
HAMD-17,PDCH标签99人,GLM-5.2,思考,12,胃肠道症状,11,0.45158171602029484,12.0,0.4422301995232575,0.00935151649703736,max_corrected_rho,79,9,2,repeated_10x5_oof,79,20
HAMD-17,PDCH标签99人,GLM-5.2,思考,13,全身症状,11,0.5919535079624129,15.0,0.5735218341550921,0.018431673807320803,max_corrected_rho,79,9,2,repeated_10x5_oof,79,20
HAMD-17,PDCH标签99人,GLM-5.2,思考,14,性症状,7,0.48860249464866484,8.0,0.460830585208922,0.027771909439742837,max_corrected_rho,35,9,2,repeated_10x5_oof,79,20
HAMD-17,PDCH标签99人,GLM-5.2,思考,15,疑病,15,0.2262319054271633,16.0,0.20120654764019005,0.025025357786973235,max_corrected_rho,79,9,2,repeated_10x5_oof,79,20
HAMD-17,PDCH标签99人,GLM-5.2,思考,16,体重减轻,7,0.2909782598781038,8.0,0.26345647587041865,0.027521784007685124,max_corrected_rho,79,9,2,repeated_10x5_oof,79,20
HAMD-17,PDCH标签99人,GLM-5.2,思考,17,自知力,11,0.14261856955622926,3.0,0.1009414670706626,0.041677102485566664,max_corrected_rho,79,9,2,repeated_10x5_oof,79,20
HAMD-17,PDCH标签99人,Kimi-K2.6,思考,1,抑郁情绪,11,0.5786144668665777,8.0,0.5265575581878076,0.05205690867877011,max_corrected_rho,79,9,2,repeated_10x5_oof,79,20
HAMD-17,PDCH标签99人,Kimi-K2.6,思考,2,有罪感,12,0.38542478346935566,3.0,0.3663716008419714,0.019053182627384257,max_corrected_rho,79,9,2,repeated_10x5_oof,79,20
HAMD-17,PDCH标签99人,Kimi-K2.6,思考,3,自杀,7,0.33895360204250335,16.0,0.32692251815613427,0.012031083886369087,max_corrected_rho,79,9,2,repeated_10x5_oof,79,20
HAMD-17,PDCH标签99人,Kimi-K2.6,思考,4,入睡困难,3,0.5339783952359295,12.0,0.4480029637561141,0.0859754314798154,max_corrected_rho,79,9,2,repeated_10x5_oof,79,20
HAMD-17,PDCH标签99人,Kimi-K2.6,思考,5,睡眠不深,8,0.19705232817658971,3.0,0.17355769708128338,0.023494631095306334,max_corrected_rho,79,9,2,repeated_10x5_oof,79,20
HAMD-17,PDCH标签99人,Kimi-K2.6,思考,6,早醒,8,0.32531108866779124,16.0,0.3211170859932025,0.004194002674588748,max_corrected_rho,79,9,2,repeated_10x5_oof,79,20
HAMD-17,PDCH标签99人,Kimi-K2.6,思考,7,工作和活动,8,0.6353820532019882,3.0,0.6333510169951182,0.0020310362068699517,max_corrected_rho,79,9,2,repeated_10x5_oof,79,20
HAMD-17,PDCH标签99人,Kimi-K2.6,思考,8,迟滞,15,0.359008230068469,16.0,0.27921835520049326,0.07978987486797573,max_corrected_rho,79,9,2,repeated_10x5_oof,79,20
HAMD-17,PDCH标签99人,Kimi-K2.6,思考,9,激越,11,0.26769517853302505,3.0,0.25589040919695455,0.011804769336070497,max_corrected_rho,79,9,2,repeated_10x5_oof,79,20
HAMD-17,PDCH标签99人,Kimi-K2.6,思考,10,精神性焦虑,8,0.4724416665324814,15.0,0.3840870312241732,0.08835463530830817,max_corrected_rho,79,9,2,repeated_10x5_oof,79,20
HAMD-17,PDCH标签99人,Kimi-K2.6,思考,11,躯体性焦虑,7,0.5826328633690737,15.0,0.5289298865942891,0.05370297677478464,max_corrected_rho,79,9,2,repeated_10x5_oof,79,20
HAMD-17,PDCH标签99人,Kimi-K2.6,思考,12,胃肠道症状,8,0.38811612732193407,3.0,0.3834368959343896,0.004679231387544447,max_corrected_rho,79,9,2,repeated_10x5_oof,79,20
HAMD-17,PDCH标签99人,Kimi-K2.6,思考,13,全身症状,11,0.6309517963175555,3.0,0.5892950879724387,0.04165670834511681,max_corrected_rho,79,9,2,repeated_10x5_oof,79,20
HAMD-17,PDCH标签99人,Kimi-K2.6,思考,14,性症状,3,,,,,all_not_estimable_fallback_c03,29,9,2,repeated_10x5_oof,79,20
HAMD-17,PDCH标签99人,Kimi-K2.6,思考,15,疑病,4,0.15535312886602987,11.0,0.14937679347973948,0.005976335386290388,max_corrected_rho,79,9,2,repeated_10x5_oof,79,20
HAMD-17,PDCH标签99人,Kimi-K2.6,思考,16,体重减轻,7,0.32913461038697844,11.0,0.2621188875194204,0.06701572286755803,max_corrected_rho,79,9,2,repeated_10x5_oof,79,20
HAMD-17,PDCH标签99人,Kimi-K2.6,思考,17,自知力,8,0.43929447591541265,11.0,0.3037310379055675,0.13556343800984516,max_corrected_rho,79,9,2,repeated_10x5_oof,79,20
HAMD-17,PDCH标签99人,Qwen3.7-Max,思考,1,抑郁情绪,3,0.5733894750161491,4.0,0.5550451428863318,0.018344332129817342,max_corrected_rho,79,9,2,repeated_10x5_oof,79,20
HAMD-17,PDCH标签99人,Qwen3.7-Max,思考,2,有罪感,4,0.3880226959279438,15.0,0.3701902859910677,0.017832409936876126,max_corrected_rho,79,9,2,repeated_10x5_oof,79,20
HAMD-17,PDCH标签99人,Qwen3.7-Max,思考,3,自杀,16,0.40124164829904124,4.0,0.39426792106477226,0.006973727234268978,max_corrected_rho,79,9,2,repeated_10x5_oof,79,20
HAMD-17,PDCH标签99人,Qwen3.7-Max,思考,4,入睡困难,12,0.4514080103193982,3.0,0.4376939064528239,0.01371410386657429,max_corrected_rho,79,9,2,repeated_10x5_oof,79,20
HAMD-17,PDCH标签99人,Qwen3.7-Max,思考,5,睡眠不深,15,0.28889558077379857,16.0,0.2452801775200276,0.043615403253770973,max_corrected_rho,79,9,2,repeated_10x5_oof,79,20
HAMD-17,PDCH标签99人,Qwen3.7-Max,思考,6,早醒,3,0.3561337465729175,4.0,0.3169720280663238,0.03916171850659372,max_corrected_rho,79,9,2,repeated_10x5_oof,79,20
HAMD-17,PDCH标签99人,Qwen3.7-Max,思考,7,工作和活动,3,0.657310715962345,4.0,0.6178657604149579,0.03944495554738714,max_corrected_rho,79,9,2,repeated_10x5_oof,79,20
HAMD-17,PDCH标签99人,Qwen3.7-Max,思考,8,迟滞,15,0.4266549461400711,16.0,0.3683020158374401,0.058352930302631,max_corrected_rho,79,9,2,repeated_10x5_oof,79,20
HAMD-17,PDCH标签99人,Qwen3.7-Max,思考,9,激越,11,0.347801666140278,4.0,0.32542211259557263,0.02237955354470539,max_corrected_rho,79,9,2,repeated_10x5_oof,79,20
HAMD-17,PDCH标签99人,Qwen3.7-Max,思考,10,精神性焦虑,4,0.4976851077334814,11.0,0.4090220349673605,0.0886630727661209,max_corrected_rho,79,9,2,repeated_10x5_oof,79,20
HAMD-17,PDCH标签99人,Qwen3.7-Max,思考,11,躯体性焦虑,11,0.5820997112995367,3.0,0.5614647996138221,0.02063491168571463,max_corrected_rho,79,9,2,repeated_10x5_oof,79,20
HAMD-17,PDCH标签99人,Qwen3.7-Max,思考,12,胃肠道症状,7,0.4317003805582847,11.0,0.4121963890514066,0.019503991506878093,max_corrected_rho,79,9,2,repeated_10x5_oof,79,20
HAMD-17,PDCH标签99人,Qwen3.7-Max,思考,13,全身症状,3,0.6240557152385816,4.0,0.5439777223811146,0.08007799285746697,max_corrected_rho,79,9,2,repeated_10x5_oof,79,20
HAMD-17,PDCH标签99人,Qwen3.7-Max,思考,14,性症状,4,0.3117784321076523,7.0,0.3117784321076523,0.0,max_corrected_rho_tie_condition_order,38,9,2,repeated_10x5_oof,79,20
HAMD-17,PDCH标签99人,Qwen3.7-Max,思考,15,疑病,16,0.22465865540381777,15.0,0.19835443936358238,0.02630421604023539,max_corrected_rho,79,9,2,repeated_10x5_oof,79,20
HAMD-17,PDCH标签99人,Qwen3.7-Max,思考,16,体重减轻,12,0.3212979497343036,8.0,0.2829330399511392,0.03836490978316437,max_corrected_rho,79,9,2,repeated_10x5_oof,79,20
HAMD-17,PDCH标签99人,Qwen3.7-Max,思考,17,自知力,8,0.28549294344733084,3.0,0.15301669844927734,0.1324762449980535,max_corrected_rho,79,9,2,repeated_10x5_oof,79,20
HAMD-17,PDCH标签99人,GLM-5.2,思考,1,抑郁情绪,16,0.6143794242371569,15.0,0.5647609119247029,0.049618512312453955,max_corrected_rho,79,9,3,repeated_10x5_oof,79,20
HAMD-17,PDCH标签99人,GLM-5.2,思考,2,有罪感,12,0.44168651848811985,4.0,0.40773639632739045,0.0339501221607294,max_corrected_rho,79,9,3,repeated_10x5_oof,79,20
HAMD-17,PDCH标签99人,GLM-5.2,思考,3,自杀,15,0.4123047885566586,16.0,0.3964785024538098,0.015826286102848808,max_corrected_rho,79,9,3,repeated_10x5_oof,79,20
HAMD-17,PDCH标签99人,GLM-5.2,思考,4,入睡困难,16,0.4549157860437555,3.0,0.4498602920309882,0.005055494012767281,max_corrected_rho,79,9,3,repeated_10x5_oof,79,20
HAMD-17,PDCH标签99人,GLM-5.2,思考,5,睡眠不深,3,0.2926449430745456,11.0,0.26886058031145355,0.023784362763092037,max_corrected_rho,79,9,3,repeated_10x5_oof,79,20
HAMD-17,PDCH标签99人,GLM-5.2,思考,6,早醒,3,0.351110156546092,8.0,0.2871886035674394,0.0639215529786526,max_corrected_rho,79,9,3,repeated_10x5_oof,79,20
HAMD-17,PDCH标签99人,GLM-5.2,思考,7,工作和活动,15,0.6798112052841582,3.0,0.6687369337075251,0.011074271576633099,max_corrected_rho,79,9,3,repeated_10x5_oof,79,20
HAMD-17,PDCH标签99人,GLM-5.2,思考,8,迟滞,7,0.5052121898561946,11.0,0.500972194289892,0.004239995566302612,max_corrected_rho,79,9,3,repeated_10x5_oof,79,20
HAMD-17,PDCH标签99人,GLM-5.2,思考,9,激越,7,0.4082135764100171,3.0,0.40140011270805415,0.006813463701962952,max_corrected_rho,79,9,3,repeated_10x5_oof,79,20
HAMD-17,PDCH标签99人,GLM-5.2,思考,10,精神性焦虑,16,0.5101454734195187,8.0,0.480879078172571,0.029266395246947685,max_corrected_rho,79,9,3,repeated_10x5_oof,79,20
HAMD-17,PDCH标签99人,GLM-5.2,思考,11,躯体性焦虑,7,0.5583466696212067,3.0,0.5055064740279358,0.05284019559327091,max_corrected_rho,79,9,3,repeated_10x5_oof,79,20
HAMD-17,PDCH标签99人,GLM-5.2,思考,12,胃肠道症状,11,0.5656251417573421,12.0,0.5597736322955796,0.005851509461762494,max_corrected_rho,79,9,3,repeated_10x5_oof,79,20
HAMD-17,PDCH标签99人,GLM-5.2,思考,13,全身症状,15,0.5752924649944825,11.0,0.5590147062107863,0.016277758783696195,max_corrected_rho,79,9,3,repeated_10x5_oof,79,20
HAMD-17,PDCH标签99人,GLM-5.2,思考,14,性症状,7,0.5360432458048516,8.0,0.5173720190300373,0.018671226774814365,max_corrected_rho,39,9,3,repeated_10x5_oof,79,20
HAMD-17,PDCH标签99人,GLM-5.2,思考,15,疑病,15,0.14797122859644685,8.0,0.12726905930031507,0.020702169296131778,max_corrected_rho,79,9,3,repeated_10x5_oof,79,20
HAMD-17,PDCH标签99人,GLM-5.2,思考,16,体重减轻,7,0.22806058533889115,8.0,0.1981667969979004,0.02989378834099074,max_corrected_rho,79,9,3,repeated_10x5_oof,79,20
HAMD-17,PDCH标签99人,GLM-5.2,思考,17,自知力,3,0.09391646063136,11.0,0.049083308144332,0.044833152487028,max_corrected_rho,79,9,3,repeated_10x5_oof,79,20
HAMD-17,PDCH标签99人,Kimi-K2.6,思考,1,抑郁情绪,11,0.5563563501092412,8.0,0.5306729801091205,0.025683370000120775,max_corrected_rho,79,9,3,repeated_10x5_oof,79,20
HAMD-17,PDCH标签99人,Kimi-K2.6,思考,2,有罪感,3,0.3692991054948026,8.0,0.3132535454892922,0.05604556000551042,max_corrected_rho,79,9,3,repeated_10x5_oof,79,20
HAMD-17,PDCH标签99人,Kimi-K2.6,思考,3,自杀,7,0.39087185604499286,16.0,0.32931440034707143,0.061557455697921426,max_corrected_rho,79,9,3,repeated_10x5_oof,79,20
HAMD-17,PDCH标签99人,Kimi-K2.6,思考,4,入睡困难,3,0.4918147929370742,12.0,0.4221143642908002,0.06970042864627402,max_corrected_rho,79,9,3,repeated_10x5_oof,79,20
HAMD-17,PDCH标签99人,Kimi-K2.6,思考,5,睡眠不深,16,0.2500598543182704,8.0,0.22952668956686378,0.020533164751406596,max_corrected_rho,79,9,3,repeated_10x5_oof,79,20
HAMD-17,PDCH标签99人,Kimi-K2.6,思考,6,早醒,3,0.3402647343656153,16.0,0.31337656296444893,0.02688817140116634,max_corrected_rho,79,9,3,repeated_10x5_oof,79,20
HAMD-17,PDCH标签99人,Kimi-K2.6,思考,7,工作和活动,3,0.6826860636097961,4.0,0.6536226046167884,0.029063458993007663,max_corrected_rho,79,9,3,repeated_10x5_oof,79,20
HAMD-17,PDCH标签99人,Kimi-K2.6,思考,8,迟滞,15,0.2859905502472616,16.0,0.2847824063849575,0.0012081438623041119,max_corrected_rho,79,9,3,repeated_10x5_oof,79,20
HAMD-17,PDCH标签99人,Kimi-K2.6,思考,9,激越,11,0.3582263657961927,7.0,0.3042163047945083,0.05401006100168443,max_corrected_rho,79,9,3,repeated_10x5_oof,79,20
HAMD-17,PDCH标签99人,Kimi-K2.6,思考,10,精神性焦虑,8,0.43235630475729175,11.0,0.40946871330756274,0.022887591449729017,max_corrected_rho,79,9,3,repeated_10x5_oof,79,20
HAMD-17,PDCH标签99人,Kimi-K2.6,思考,11,躯体性焦虑,7,0.503192579185412,16.0,0.5012082031667066,0.0019843760187054915,max_corrected_rho,79,9,3,repeated_10x5_oof,79,20
HAMD-17,PDCH标签99人,Kimi-K2.6,思考,12,胃肠道症状,7,0.5231806981012219,8.0,0.5003908092575906,0.022789888843631312,max_corrected_rho,79,9,3,repeated_10x5_oof,79,20
HAMD-17,PDCH标签99人,Kimi-K2.6,思考,13,全身症状,11,0.5899499327013545,3.0,0.550780340545512,0.03916959215584259,max_corrected_rho,79,9,3,repeated_10x5_oof,79,20
HAMD-17,PDCH标签99人,Kimi-K2.6,思考,14,性症状,3,0.35429779835482267,4.0,0.3451096597121964,0.009188138642626242,max_corrected_rho,32,9,3,repeated_10x5_oof,79,20
HAMD-17,PDCH标签99人,Kimi-K2.6,思考,15,疑病,4,0.22919423017769172,8.0,0.13959441326522465,0.08959981691246707,max_corrected_rho,79,9,3,repeated_10x5_oof,79,20
HAMD-17,PDCH标签99人,Kimi-K2.6,思考,16,体重减轻,7,0.2922460077290558,8.0,0.2460232611937114,0.04622274653534439,max_corrected_rho,79,9,3,repeated_10x5_oof,79,20
HAMD-17,PDCH标签99人,Kimi-K2.6,思考,17,自知力,8,0.2799291061165691,12.0,0.20922390946925107,0.07070519664731806,max_corrected_rho,79,9,3,repeated_10x5_oof,79,20
HAMD-17,PDCH标签99人,Qwen3.7-Max,思考,1,抑郁情绪,4,0.5795048310600113,3.0,0.5337925392532036,0.04571229180680769,max_corrected_rho,79,9,3,repeated_10x5_oof,79,20
HAMD-17,PDCH标签99人,Qwen3.7-Max,思考,2,有罪感,4,0.38968043471995045,15.0,0.37539144479617914,0.014288989923771311,max_corrected_rho,79,9,3,repeated_10x5_oof,79,20
HAMD-17,PDCH标签99人,Qwen3.7-Max,思考,3,自杀,16,0.369795423874135,8.0,0.3639191550740452,0.00587626880008979,max_corrected_rho,79,9,3,repeated_10x5_oof,79,20
HAMD-17,PDCH标签99人,Qwen3.7-Max,思考,4,入睡困难,12,0.47818364373206673,3.0,0.4687702670484729,0.009413376683593822,max_corrected_rho,79,9,3,repeated_10x5_oof,79,20
HAMD-17,PDCH标签99人,Qwen3.7-Max,思考,5,睡眠不深,15,0.3181137839451534,16.0,0.28301651089139457,0.035097273053758815,max_corrected_rho,79,9,3,repeated_10x5_oof,79,20
HAMD-17,PDCH标签99人,Qwen3.7-Max,思考,6,早醒,3,0.3066901753150152,4.0,0.2795441023286064,0.02714607298640881,max_corrected_rho,79,9,3,repeated_10x5_oof,79,20
HAMD-17,PDCH标签99人,Qwen3.7-Max,思考,7,工作和活动,3,0.6927696237523538,12.0,0.6590865221864707,0.03368310156588317,max_corrected_rho,79,9,3,repeated_10x5_oof,79,20
HAMD-17,PDCH标签99人,Qwen3.7-Max,思考,8,迟滞,15,0.44596611362843636,16.0,0.3762130648408945,0.06975304878754185,max_corrected_rho,79,9,3,repeated_10x5_oof,79,20
HAMD-17,PDCH标签99人,Qwen3.7-Max,思考,9,激越,3,0.3648458816893794,11.0,0.36071823750823706,0.004127644181142365,max_corrected_rho,79,9,3,repeated_10x5_oof,79,20
HAMD-17,PDCH标签99人,Qwen3.7-Max,思考,10,精神性焦虑,4,0.4883603646389421,3.0,0.41477381760974763,0.07358654702919448,max_corrected_rho,79,9,3,repeated_10x5_oof,79,20
HAMD-17,PDCH标签99人,Qwen3.7-Max,思考,11,躯体性焦虑,3,0.5948789492922262,11.0,0.5940297698716089,0.0008491794206172409,max_corrected_rho,79,9,3,repeated_10x5_oof,79,20
HAMD-17,PDCH标签99人,Qwen3.7-Max,思考,12,胃肠道症状,8,0.511522770192036,12.0,0.5055578080762327,0.0059649621158032184,max_corrected_rho,79,9,3,repeated_10x5_oof,79,20
HAMD-17,PDCH标签99人,Qwen3.7-Max,思考,13,全身症状,3,0.6158317465899018,4.0,0.5008940359603724,0.1149377106295294,max_corrected_rho,79,9,3,repeated_10x5_oof,79,20
HAMD-17,PDCH标签99人,Qwen3.7-Max,思考,14,性症状,7,0.47624205454443974,3.0,0.4747689696051306,0.0014730849393091439,max_corrected_rho,41,9,3,repeated_10x5_oof,79,20
HAMD-17,PDCH标签99人,Qwen3.7-Max,思考,15,疑病,15,0.21705534503902543,11.0,0.20126174533854477,0.015793599700480665,max_corrected_rho,79,9,3,repeated_10x5_oof,79,20
HAMD-17,PDCH标签99人,Qwen3.7-Max,思考,16,体重减轻,12,0.24439242650500353,7.0,0.22797489961926606,0.01641752688573747,max_corrected_rho,79,9,3,repeated_10x5_oof,79,20
HAMD-17,PDCH标签99人,Qwen3.7-Max,思考,17,自知力,8,0.17214460270603268,11.0,0.11447451956881251,0.05767008313722018,max_corrected_rho,79,9,3,repeated_10x5_oof,79,20
HAMD-17,PDCH标签99人,GLM-5.2,思考,1,抑郁情绪,16,0.5464893800271916,15.0,0.5070792187061921,0.039410161320999504,max_corrected_rho,80,9,4,repeated_10x5_oof,80,19
HAMD-17,PDCH标签99人,GLM-5.2,思考,2,有罪感,4,0.4506276505045864,12.0,0.39856032975105515,0.052067320753531265,max_corrected_rho,80,9,4,repeated_10x5_oof,80,19
HAMD-17,PDCH标签99人,GLM-5.2,思考,3,自杀,15,0.4213490787979843,3.0,0.41275797003989584,0.00859110875808844,max_corrected_rho,80,9,4,repeated_10x5_oof,80,19
HAMD-17,PDCH标签99人,GLM-5.2,思考,4,入睡困难,16,0.4368892674387772,3.0,0.4206391506099189,0.016250116828858296,max_corrected_rho,80,9,4,repeated_10x5_oof,80,19
HAMD-17,PDCH标签99人,GLM-5.2,思考,5,睡眠不深,7,0.23371297528902243,3.0,0.2019603069809301,0.03175266830809234,max_corrected_rho,80,9,4,repeated_10x5_oof,80,19
HAMD-17,PDCH标签99人,GLM-5.2,思考,6,早醒,3,0.3145572881960391,4.0,0.29306842455772253,0.02148886363831659,max_corrected_rho,80,9,4,repeated_10x5_oof,80,19
HAMD-17,PDCH标签99人,GLM-5.2,思考,7,工作和活动,8,0.622946411333522,7.0,0.5977157186660299,0.025230692667492116,max_corrected_rho,80,9,4,repeated_10x5_oof,80,19
HAMD-17,PDCH标签99人,GLM-5.2,思考,8,迟滞,7,0.5547115522657468,3.0,0.5176485200382346,0.03706303222751217,max_corrected_rho,80,9,4,repeated_10x5_oof,80,19
HAMD-17,PDCH标签99人,GLM-5.2,思考,9,激越,7,0.38052446098684206,15.0,0.34837928857561945,0.03214517241122261,max_corrected_rho,80,9,4,repeated_10x5_oof,80,19
HAMD-17,PDCH标签99人,GLM-5.2,思考,10,精神性焦虑,16,0.5521227313114422,15.0,0.48247338500586523,0.06964934630557695,max_corrected_rho,80,9,4,repeated_10x5_oof,80,19
HAMD-17,PDCH标签99人,GLM-5.2,思考,11,躯体性焦虑,7,0.5148310055205492,3.0,0.5122196951087649,0.0026113104117843067,max_corrected_rho,80,9,4,repeated_10x5_oof,80,19
HAMD-17,PDCH标签99人,GLM-5.2,思考,12,胃肠道症状,12,0.47763399284053215,8.0,0.45624775009525925,0.0213862427452729,max_corrected_rho,80,9,4,repeated_10x5_oof,80,19
HAMD-17,PDCH标签99人,GLM-5.2,思考,13,全身症状,11,0.5783444151881229,15.0,0.5759970821971123,0.002347332991010531,max_corrected_rho,80,9,4,repeated_10x5_oof,80,19
HAMD-17,PDCH标签99人,GLM-5.2,思考,14,性症状,7,0.47208571994907256,3.0,0.44486128867187025,0.02722443127720231,max_corrected_rho,38,9,4,repeated_10x5_oof,80,19
HAMD-17,PDCH标签99人,GLM-5.2,思考,15,疑病,8,0.1273757712997004,15.0,0.11229102794174653,0.015084743357953873,max_corrected_rho,80,9,4,repeated_10x5_oof,80,19
HAMD-17,PDCH标签99人,GLM-5.2,思考,16,体重减轻,7,0.19092815738327135,8.0,0.1651223579066524,0.025805799476618957,max_corrected_rho,80,9,4,repeated_10x5_oof,80,19
HAMD-17,PDCH标签99人,GLM-5.2,思考,17,自知力,8,0.08616293527659624,3.0,0.0773229175681674,0.008840017708428835,max_corrected_rho,80,9,4,repeated_10x5_oof,80,19
HAMD-17,PDCH标签99人,Kimi-K2.6,思考,1,抑郁情绪,11,0.5603739540587555,8.0,0.5564436844166508,0.0039302696421046335,max_corrected_rho,80,9,4,repeated_10x5_oof,80,19
HAMD-17,PDCH标签99人,Kimi-K2.6,思考,2,有罪感,8,0.44952174096242453,3.0,0.42910593793268864,0.02041580302973589,max_corrected_rho,80,9,4,repeated_10x5_oof,80,19
HAMD-17,PDCH标签99人,Kimi-K2.6,思考,3,自杀,7,0.4240123939203648,3.0,0.36858735571909707,0.05542503820126776,max_corrected_rho,80,9,4,repeated_10x5_oof,80,19
HAMD-17,PDCH标签99人,Kimi-K2.6,思考,4,入睡困难,3,0.4836264768944577,12.0,0.4242230892523186,0.059403387642139094,max_corrected_rho,80,9,4,repeated_10x5_oof,80,19
HAMD-17,PDCH标签99人,Kimi-K2.6,思考,5,睡眠不深,3,0.24317221659755228,8.0,0.22858703025856647,0.014585186338985812,max_corrected_rho,80,9,4,repeated_10x5_oof,80,19
HAMD-17,PDCH标签99人,Kimi-K2.6,思考,6,早醒,16,0.3129835977201047,3.0,0.3070953380604292,0.005888259659675488,max_corrected_rho,80,9,4,repeated_10x5_oof,80,19
HAMD-17,PDCH标签99人,Kimi-K2.6,思考,7,工作和活动,3,0.6377802119754987,7.0,0.5994494234488748,0.03833078852662397,max_corrected_rho,80,9,4,repeated_10x5_oof,80,19
HAMD-17,PDCH标签99人,Kimi-K2.6,思考,8,迟滞,8,0.35832489142729146,7.0,0.29353476220705016,0.0647901292202413,max_corrected_rho,80,9,4,repeated_10x5_oof,80,19
HAMD-17,PDCH标签99人,Kimi-K2.6,思考,9,激越,11,0.27865593364881847,12.0,0.20258477708465084,0.07607115656416763,max_corrected_rho,80,9,4,repeated_10x5_oof,80,19
HAMD-17,PDCH标签99人,Kimi-K2.6,思考,10,精神性焦虑,8,0.46117197956563055,15.0,0.38612168014349346,0.07505029942213709,max_corrected_rho,80,9,4,repeated_10x5_oof,80,19
HAMD-17,PDCH标签99人,Kimi-K2.6,思考,11,躯体性焦虑,7,0.5402630344372494,8.0,0.46580164331162116,0.07446139112562827,max_corrected_rho,80,9,4,repeated_10x5_oof,80,19
HAMD-17,PDCH标签99人,Kimi-K2.6,思考,12,胃肠道症状,7,0.4792923299986048,8.0,0.469504684011511,0.009787645987093807,max_corrected_rho,80,9,4,repeated_10x5_oof,80,19
HAMD-17,PDCH标签99人,Kimi-K2.6,思考,13,全身症状,11,0.5643252504363284,3.0,0.546259190776615,0.018066059659713418,max_corrected_rho,80,9,4,repeated_10x5_oof,80,19
HAMD-17,PDCH标签99人,Kimi-K2.6,思考,14,性症状,7,0.25430648381332555,4.0,0.19232083402375758,0.06198564978956797,max_corrected_rho,30,9,4,repeated_10x5_oof,80,19
HAMD-17,PDCH标签99人,Kimi-K2.6,思考,15,疑病,16,0.14475411779521768,4.0,0.1391177972291217,0.005636320566095976,max_corrected_rho,80,9,4,repeated_10x5_oof,80,19
HAMD-17,PDCH标签99人,Kimi-K2.6,思考,16,体重减轻,7,0.23464227011108563,16.0,0.17281770049435835,0.061824569616727276,max_corrected_rho,80,9,4,repeated_10x5_oof,80,19
HAMD-17,PDCH标签99人,Kimi-K2.6,思考,17,自知力,8,0.24020082971307732,7.0,0.22110562509306206,0.019095204620015266,max_corrected_rho,80,9,4,repeated_10x5_oof,80,19
HAMD-17,PDCH标签99人,Qwen3.7-Max,思考,1,抑郁情绪,4,0.5267092771715202,3.0,0.5207186646297319,0.005990612541788232,max_corrected_rho,80,9,4,repeated_10x5_oof,80,19
HAMD-17,PDCH标签99人,Qwen3.7-Max,思考,2,有罪感,3,0.4166659987277098,15.0,0.3971580222030487,0.01950797652466113,max_corrected_rho,80,9,4,repeated_10x5_oof,80,19
HAMD-17,PDCH标签99人,Qwen3.7-Max,思考,3,自杀,8,0.3877918879323192,12.0,0.38746996087002694,0.0003219270622922821,max_corrected_rho,80,9,4,repeated_10x5_oof,80,19
HAMD-17,PDCH标签99人,Qwen3.7-Max,思考,4,入睡困难,3,0.4641089524138817,12.0,0.4452101461247957,0.018898806289086023,max_corrected_rho,80,9,4,repeated_10x5_oof,80,19
HAMD-17,PDCH标签99人,Qwen3.7-Max,思考,5,睡眠不深,15,0.2959756647909904,3.0,0.22284435121661925,0.07313131357437117,max_corrected_rho,80,9,4,repeated_10x5_oof,80,19
HAMD-17,PDCH标签99人,Qwen3.7-Max,思考,6,早醒,3,0.2927720383566744,4.0,0.2801531826392613,0.012618855717413113,max_corrected_rho,80,9,4,repeated_10x5_oof,80,19
HAMD-17,PDCH标签99人,Qwen3.7-Max,思考,7,工作和活动,3,0.61320553377915,7.0,0.594648380771511,0.018557153007638938,max_corrected_rho,80,9,4,repeated_10x5_oof,80,19
HAMD-17,PDCH标签99人,Qwen3.7-Max,思考,8,迟滞,15,0.48597219484767956,3.0,0.42265573731954953,0.06331645752813003,max_corrected_rho,80,9,4,repeated_10x5_oof,80,19
HAMD-17,PDCH标签99人,Qwen3.7-Max,思考,9,激越,3,0.3162946026141512,11.0,0.2999140168767728,0.016380585737378384,max_corrected_rho,80,9,4,repeated_10x5_oof,80,19
HAMD-17,PDCH标签99人,Qwen3.7-Max,思考,10,精神性焦虑,4,0.4289970455592443,15.0,0.40488399117107843,0.024113054388165855,max_corrected_rho,80,9,4,repeated_10x5_oof,80,19
HAMD-17,PDCH标签99人,Qwen3.7-Max,思考,11,躯体性焦虑,11,0.5142445418778785,4.0,0.5088788133718577,0.005365728506020795,max_corrected_rho,80,9,4,repeated_10x5_oof,80,19
HAMD-17,PDCH标签99人,Qwen3.7-Max,思考,12,胃肠道症状,7,0.49666833318943565,3.0,0.46500464577658457,0.03166368741285108,max_corrected_rho,80,9,4,repeated_10x5_oof,80,19
HAMD-17,PDCH标签99人,Qwen3.7-Max,思考,13,全身症状,3,0.5499130680088572,4.0,0.5414526155922118,0.008460452416645392,max_corrected_rho,80,9,4,repeated_10x5_oof,80,19
HAMD-17,PDCH标签99人,Qwen3.7-Max,思考,14,性症状,3,0.37325196511123354,7.0,0.37325196511123354,0.0,max_corrected_rho_tie_prefer_c03,39,9,4,repeated_10x5_oof,80,19
HAMD-17,PDCH标签99人,Qwen3.7-Max,思考,15,疑病,16,0.1556823458984076,15.0,0.14203054954912386,0.013651796349283735,max_corrected_rho,80,9,4,repeated_10x5_oof,80,19
HAMD-17,PDCH标签99人,Qwen3.7-Max,思考,16,体重减轻,7,0.24121637363391144,12.0,0.20733391771467963,0.03388245591923181,max_corrected_rho,80,9,4,repeated_10x5_oof,80,19
HAMD-17,PDCH标签99人,Qwen3.7-Max,思考,17,自知力,8,0.18099725405543104,3.0,0.11840714478403662,0.06259010927139443,max_corrected_rho,80,9,4,repeated_10x5_oof,80,19
PHQ-8,DAIC-WOZ全量189人,DeepSeek-V4-Pro,思考,1,兴趣或愉悦感降低,15,0.5069899946573958,8.0,0.4872997460102869,0.019690248647108888,max_corrected_rho,113,0,0,repeated_10x5_oof,113,29
PHQ-8,DAIC-WOZ全量189人,DeepSeek-V4-Pro,思考,2,情绪低落、抑郁或无望,11,0.6356077958311926,7.0,0.6337493586229048,0.001858437208287822,max_corrected_rho,113,0,0,repeated_10x5_oof,113,29
PHQ-8,DAIC-WOZ全量189人,DeepSeek-V4-Pro,思考,3,睡眠问题,4,0.5274831244214624,3.0,0.5260959718635281,0.0013871525579343125,max_corrected_rho,113,0,0,repeated_10x5_oof,113,29
PHQ-8,DAIC-WOZ全量189人,DeepSeek-V4-Pro,思考,4,疲劳或精力不足,7,0.5080833189466494,3.0,0.4531163824415065,0.054966936505142894,max_corrected_rho,113,0,0,repeated_10x5_oof,113,29
PHQ-8,DAIC-WOZ全量189人,DeepSeek-V4-Pro,思考,5,食欲问题,8,0.22601952996198704,16.0,0.18742576819335555,0.038593761768631496,max_corrected_rho,113,0,0,repeated_10x5_oof,113,29
PHQ-8,DAIC-WOZ全量189人,DeepSeek-V4-Pro,思考,6,自我评价低或让家人失望,11,0.4246702316190067,3.0,0.3478539002665143,0.07681633135249238,max_corrected_rho,113,0,0,repeated_10x5_oof,113,29
PHQ-8,DAIC-WOZ全量189人,DeepSeek-V4-Pro,思考,7,注意力困难,16,0.4271071360082714,4.0,0.35633132391721806,0.07077581209105333,max_corrected_rho,113,0,0,repeated_10x5_oof,113,29
PHQ-8,DAIC-WOZ全量189人,DeepSeek-V4-Pro,思考,8,动作或语速改变,16,0.1807647521445586,11.0,0.1337604681306811,0.04700428401387749,max_corrected_rho,113,0,0,repeated_10x5_oof,113,29
PHQ-8,DAIC-WOZ全量189人,GLM-5.2,思考,1,兴趣或愉悦感降低,15,0.5720457455827217,11.0,0.5589888834682673,0.013056862114454448,max_corrected_rho,113,0,0,repeated_10x5_oof,113,29
PHQ-8,DAIC-WOZ全量189人,GLM-5.2,思考,2,情绪低落、抑郁或无望,3,0.6763006033649938,11.0,0.666909570203023,0.009391033161970763,max_corrected_rho,113,0,0,repeated_10x5_oof,113,29
PHQ-8,DAIC-WOZ全量189人,GLM-5.2,思考,3,睡眠问题,7,0.5778539677779215,15.0,0.5591478984477591,0.01870606933016239,max_corrected_rho,113,0,0,repeated_10x5_oof,113,29
PHQ-8,DAIC-WOZ全量189人,GLM-5.2,思考,4,疲劳或精力不足,11,0.5433653412939428,4.0,0.5279460475872028,0.01541929370674,max_corrected_rho,113,0,0,repeated_10x5_oof,113,29
PHQ-8,DAIC-WOZ全量189人,GLM-5.2,思考,5,食欲问题,3,0.21093771564226363,7.0,0.152621612327685,0.05831610331457862,max_corrected_rho,113,0,0,repeated_10x5_oof,113,29
PHQ-8,DAIC-WOZ全量189人,GLM-5.2,思考,6,自我评价低或让家人失望,11,0.5664272373048627,3.0,0.5646547969774669,0.0017724403273957634,max_corrected_rho,113,0,0,repeated_10x5_oof,113,29
PHQ-8,DAIC-WOZ全量189人,GLM-5.2,思考,7,注意力困难,4,0.43786378081509997,3.0,0.41059407231758205,0.02726970849751792,max_corrected_rho,113,0,0,repeated_10x5_oof,113,29
PHQ-8,DAIC-WOZ全量189人,GLM-5.2,思考,8,动作或语速改变,15,0.38427252881511853,3.0,0.3713055694221307,0.012966959392987809,max_corrected_rho,113,0,0,repeated_10x5_oof,113,29
PHQ-8,DAIC-WOZ全量189人,Qwen3.7-Max,思考,1,兴趣或愉悦感降低,8,0.4653279217909431,7.0,0.391325953587578,0.07400196820336513,max_corrected_rho,113,0,0,repeated_10x5_oof,113,29
PHQ-8,DAIC-WOZ全量189人,Qwen3.7-Max,思考,2,情绪低落、抑郁或无望,11,0.6744996297869981,12.0,0.645607993343268,0.02889163644373005,max_corrected_rho,113,0,0,repeated_10x5_oof,113,29
PHQ-8,DAIC-WOZ全量189人,Qwen3.7-Max,思考,3,睡眠问题,8,0.5510378316448247,3.0,0.5327259778224349,0.018311853822389756,max_corrected_rho,113,0,0,repeated_10x5_oof,113,29
PHQ-8,DAIC-WOZ全量189人,Qwen3.7-Max,思考,4,疲劳或精力不足,7,0.503819634293752,4.0,0.5022314173163079,0.0015882169774440458,max_corrected_rho,113,0,0,repeated_10x5_oof,113,29
PHQ-8,DAIC-WOZ全量189人,Qwen3.7-Max,思考,5,食欲问题,7,0.2251006582516671,15.0,0.16858868138475935,0.05651197686690776,max_corrected_rho,113,0,0,repeated_10x5_oof,113,29
PHQ-8,DAIC-WOZ全量189人,Qwen3.7-Max,思考,6,自我评价低或让家人失望,3,0.4686429437327794,7.0,0.45063746771968716,0.01800547601309227,max_corrected_rho,113,0,0,repeated_10x5_oof,113,29
PHQ-8,DAIC-WOZ全量189人,Qwen3.7-Max,思考,7,注意力困难,8,0.38727996664957004,4.0,0.3443919301910223,0.04288803645854772,max_corrected_rho,113,0,0,repeated_10x5_oof,113,29
PHQ-8,DAIC-WOZ全量189人,Qwen3.7-Max,思考,8,动作或语速改变,7,0.27230778093782293,15.0,0.2278562886300033,0.04445149230781964,max_corrected_rho,113,0,0,repeated_10x5_oof,113,29
PHQ-8,DAIC-WOZ全量189人,DeepSeek-V4-Pro,思考,1,兴趣或愉悦感降低,15,0.5153893287606588,7.0,0.484885333103143,0.03050399565751577,max_corrected_rho,113,0,1,repeated_10x5_oof,113,29
PHQ-8,DAIC-WOZ全量189人,DeepSeek-V4-Pro,思考,2,情绪低落、抑郁或无望,7,0.6407961081076765,11.0,0.635861715615978,0.004934392491698469,max_corrected_rho,113,0,1,repeated_10x5_oof,113,29
PHQ-8,DAIC-WOZ全量189人,DeepSeek-V4-Pro,思考,3,睡眠问题,3,0.5086057665415273,4.0,0.48814130493705515,0.020464461604472184,max_corrected_rho,113,0,1,repeated_10x5_oof,113,29
PHQ-8,DAIC-WOZ全量189人,DeepSeek-V4-Pro,思考,4,疲劳或精力不足,7,0.48139157412684946,11.0,0.46373926667446497,0.017652307452384497,max_corrected_rho,113,0,1,repeated_10x5_oof,113,29
PHQ-8,DAIC-WOZ全量189人,DeepSeek-V4-Pro,思考,5,食欲问题,8,0.09351028927951016,15.0,0.08743953225348206,0.006070757026028106,max_corrected_rho,113,0,1,repeated_10x5_oof,113,29
PHQ-8,DAIC-WOZ全量189人,DeepSeek-V4-Pro,思考,6,自我评价低或让家人失望,11,0.37668735976874274,3.0,0.3286480673991994,0.04803929236954335,max_corrected_rho,113,0,1,repeated_10x5_oof,113,29
PHQ-8,DAIC-WOZ全量189人,DeepSeek-V4-Pro,思考,7,注意力困难,16,0.45329853582913854,4.0,0.3702243111066668,0.08307422472247172,max_corrected_rho,113,0,1,repeated_10x5_oof,113,29
PHQ-8,DAIC-WOZ全量189人,DeepSeek-V4-Pro,思考,8,动作或语速改变,3,0.13526058738592228,11.0,0.13526058738592228,0.0,max_corrected_rho_tie_prefer_c03,113,0,1,repeated_10x5_oof,113,29
PHQ-8,DAIC-WOZ全量189人,GLM-5.2,思考,1,兴趣或愉悦感降低,15,0.6034324613356964,11.0,0.5437834273053733,0.05964903403032307,max_corrected_rho,113,0,1,repeated_10x5_oof,113,29
PHQ-8,DAIC-WOZ全量189人,GLM-5.2,思考,2,情绪低落、抑郁或无望,11,0.6714206418686017,3.0,0.6651714711448365,0.006249170723765185,max_corrected_rho,113,0,1,repeated_10x5_oof,113,29
PHQ-8,DAIC-WOZ全量189人,GLM-5.2,思考,3,睡眠问题,7,0.5369810027149704,3.0,0.5279554138378498,0.009025588877120572,max_corrected_rho,113,0,1,repeated_10x5_oof,113,29
PHQ-8,DAIC-WOZ全量189人,GLM-5.2,思考,4,疲劳或精力不足,3,0.5088901401192389,11.0,0.49826630180762466,0.010623838311614286,max_corrected_rho,113,0,1,repeated_10x5_oof,113,29
PHQ-8,DAIC-WOZ全量189人,GLM-5.2,思考,5,食欲问题,3,0.04262246694954875,11.0,0.04195649090346205,0.0006659760460867026,max_corrected_rho,113,0,1,repeated_10x5_oof,113,29
PHQ-8,DAIC-WOZ全量189人,GLM-5.2,思考,6,自我评价低或让家人失望,3,0.5527158363124223,11.0,0.5520238895295855,0.0006919467828367942,max_corrected_rho,113,0,1,repeated_10x5_oof,113,29
PHQ-8,DAIC-WOZ全量189人,GLM-5.2,思考,7,注意力困难,11,0.4533451278825244,4.0,0.4497165273497019,0.00362860053282249,max_corrected_rho,113,0,1,repeated_10x5_oof,113,29
PHQ-8,DAIC-WOZ全量189人,GLM-5.2,思考,8,动作或语速改变,12,0.29785923946086235,11.0,0.27680182436463124,0.021057415096231102,max_corrected_rho,113,0,1,repeated_10x5_oof,113,29
PHQ-8,DAIC-WOZ全量189人,Qwen3.7-Max,思考,1,兴趣或愉悦感降低,8,0.4502394471851637,16.0,0.3816208840938839,0.06861856309127978,max_corrected_rho,113,0,1,repeated_10x5_oof,113,29
PHQ-8,DAIC-WOZ全量189人,Qwen3.7-Max,思考,2,情绪低落、抑郁或无望,11,0.6665122528656043,12.0,0.6548618106844762,0.011650442181128096,max_corrected_rho,113,0,1,repeated_10x5_oof,113,29
PHQ-8,DAIC-WOZ全量189人,Qwen3.7-Max,思考,3,睡眠问题,3,0.546084967008954,8.0,0.5193874958906104,0.02669747111834364,max_corrected_rho,113,0,1,repeated_10x5_oof,113,29
PHQ-8,DAIC-WOZ全量189人,Qwen3.7-Max,思考,4,疲劳或精力不足,4,0.4793205174328,7.0,0.4595801580758864,0.019740359356913595,max_corrected_rho,113,0,1,repeated_10x5_oof,113,29
PHQ-8,DAIC-WOZ全量189人,Qwen3.7-Max,思考,5,食欲问题,7,0.08108625334032633,4.0,0.04058377608017558,0.04050247726015075,max_corrected_rho,113,0,1,repeated_10x5_oof,113,29
PHQ-8,DAIC-WOZ全量189人,Qwen3.7-Max,思考,6,自我评价低或让家人失望,3,0.4118387793055403,11.0,0.39611230238692346,0.01572647691861684,max_corrected_rho,113,0,1,repeated_10x5_oof,113,29
PHQ-8,DAIC-WOZ全量189人,Qwen3.7-Max,思考,7,注意力困难,8,0.3877382510852367,3.0,0.3591928609799734,0.028545390105263302,max_corrected_rho,113,0,1,repeated_10x5_oof,113,29
PHQ-8,DAIC-WOZ全量189人,Qwen3.7-Max,思考,8,动作或语速改变,16,0.19903379151036527,15.0,0.1383144005887949,0.06071939092157036,max_corrected_rho,113,0,1,repeated_10x5_oof,113,29
PHQ-8,DAIC-WOZ全量189人,DeepSeek-V4-Pro,思考,1,兴趣或愉悦感降低,7,0.5341403832754165,15.0,0.527329151693649,0.006811231581767441,max_corrected_rho,114,0,2,repeated_10x5_oof,114,28
PHQ-8,DAIC-WOZ全量189人,DeepSeek-V4-Pro,思考,2,情绪低落、抑郁或无望,11,0.6398158093701213,3.0,0.620265868170158,0.019549941199963228,max_corrected_rho,114,0,2,repeated_10x5_oof,114,28
PHQ-8,DAIC-WOZ全量189人,DeepSeek-V4-Pro,思考,3,睡眠问题,7,0.5262255737677585,3.0,0.5254284944082864,0.0007970793594720416,max_corrected_rho,114,0,2,repeated_10x5_oof,114,28
PHQ-8,DAIC-WOZ全量189人,DeepSeek-V4-Pro,思考,4,疲劳或精力不足,7,0.5785639087484354,11.0,0.4910312090759145,0.08753269967252092,max_corrected_rho,114,0,2,repeated_10x5_oof,114,28
PHQ-8,DAIC-WOZ全量189人,DeepSeek-V4-Pro,思考,5,食欲问题,8,0.22057041611078196,15.0,0.1988607106176945,0.021709705493087456,max_corrected_rho,114,0,2,repeated_10x5_oof,114,28
PHQ-8,DAIC-WOZ全量189人,DeepSeek-V4-Pro,思考,6,自我评价低或让家人失望,11,0.3866185156116608,3.0,0.34729504265378647,0.039323472957874306,max_corrected_rho,114,0,2,repeated_10x5_oof,114,28
PHQ-8,DAIC-WOZ全量189人,DeepSeek-V4-Pro,思考,7,注意力困难,16,0.43084554471190606,4.0,0.40450714852468617,0.026338396187219892,max_corrected_rho,114,0,2,repeated_10x5_oof,114,28
PHQ-8,DAIC-WOZ全量189人,DeepSeek-V4-Pro,思考,8,动作或语速改变,4,0.20630111968649567,8.0,0.17778151006550322,0.028519609620992453,max_corrected_rho,114,0,2,repeated_10x5_oof,114,28
PHQ-8,DAIC-WOZ全量189人,GLM-5.2,思考,1,兴趣或愉悦感降低,11,0.5823535443041072,15.0,0.5567830916576922,0.025570452646415,max_corrected_rho,114,0,2,repeated_10x5_oof,114,28
PHQ-8,DAIC-WOZ全量189人,GLM-5.2,思考,2,情绪低落、抑郁或无望,11,0.679928770787379,3.0,0.6698132981949936,0.010115472592385433,max_corrected_rho,114,0,2,repeated_10x5_oof,114,28
PHQ-8,DAIC-WOZ全量189人,GLM-5.2,思考,3,睡眠问题,7,0.5702163946167349,3.0,0.5436496806523968,0.026566713964338073,max_corrected_rho,114,0,2,repeated_10x5_oof,114,28
PHQ-8,DAIC-WOZ全量189人,GLM-5.2,思考,4,疲劳或精力不足,4,0.5627045699762961,11.0,0.5607535374371527,0.0019510325391434158,max_corrected_rho,114,0,2,repeated_10x5_oof,114,28
PHQ-8,DAIC-WOZ全量189人,GLM-5.2,思考,5,食欲问题,3,0.206694983321599,4.0,0.18284427523637303,0.023850708085225963,max_corrected_rho,114,0,2,repeated_10x5_oof,114,28
PHQ-8,DAIC-WOZ全量189人,GLM-5.2,思考,6,自我评价低或让家人失望,11,0.5318754438676353,3.0,0.5075693516950969,0.02430609217253843,max_corrected_rho,114,0,2,repeated_10x5_oof,114,28
PHQ-8,DAIC-WOZ全量189人,GLM-5.2,思考,7,注意力困难,4,0.4637538288061153,11.0,0.45652151072549324,0.00723231808062208,max_corrected_rho,114,0,2,repeated_10x5_oof,114,28
PHQ-8,DAIC-WOZ全量189人,GLM-5.2,思考,8,动作或语速改变,3,0.3892704423193123,11.0,0.37821599078336465,0.01105445153594764,max_corrected_rho,114,0,2,repeated_10x5_oof,114,28
PHQ-8,DAIC-WOZ全量189人,Qwen3.7-Max,思考,1,兴趣或愉悦感降低,8,0.4616853326570874,7.0,0.4004723879754963,0.06121294468159111,max_corrected_rho,114,0,2,repeated_10x5_oof,114,28
PHQ-8,DAIC-WOZ全量189人,Qwen3.7-Max,思考,2,情绪低落、抑郁或无望,11,0.6623710434811079,4.0,0.6438522576482811,0.018518785832826734,max_corrected_rho,114,0,2,repeated_10x5_oof,114,28
PHQ-8,DAIC-WOZ全量189人,Qwen3.7-Max,思考,3,睡眠问题,8,0.5410125417252226,3.0,0.5370701784990535,0.003942363226169143,max_corrected_rho,114,0,2,repeated_10x5_oof,114,28
PHQ-8,DAIC-WOZ全量189人,Qwen3.7-Max,思考,4,疲劳或精力不足,4,0.5348658245215728,7.0,0.5297290846532432,0.005136739868329632,max_corrected_rho,114,0,2,repeated_10x5_oof,114,28
PHQ-8,DAIC-WOZ全量189人,Qwen3.7-Max,思考,5,食欲问题,7,0.22047723302632777,15.0,0.20307314854666428,0.01740408447966349,max_corrected_rho,114,0,2,repeated_10x5_oof,114,28
PHQ-8,DAIC-WOZ全量189人,Qwen3.7-Max,思考,6,自我评价低或让家人失望,7,0.4442194764221392,3.0,0.3942742234449833,0.04994525297715591,max_corrected_rho,114,0,2,repeated_10x5_oof,114,28
PHQ-8,DAIC-WOZ全量189人,Qwen3.7-Max,思考,7,注意力困难,8,0.4125836081562066,4.0,0.3943086502686953,0.018274957887511267,max_corrected_rho,114,0,2,repeated_10x5_oof,114,28
PHQ-8,DAIC-WOZ全量189人,Qwen3.7-Max,思考,8,动作或语速改变,16,0.24088107767278077,15.0,0.22364538378246931,0.01723569389031146,max_corrected_rho,114,0,2,repeated_10x5_oof,114,28
PHQ-8,DAIC-WOZ全量189人,DeepSeek-V4-Pro,思考,1,兴趣或愉悦感降低,15,0.5584266394456606,7.0,0.49634514924907863,0.06208149019658199,max_corrected_rho,114,0,3,repeated_10x5_oof,114,28
PHQ-8,DAIC-WOZ全量189人,DeepSeek-V4-Pro,思考,2,情绪低落、抑郁或无望,11,0.6450955104507614,12.0,0.6442017249592399,0.000893785491521526,max_corrected_rho,114,0,3,repeated_10x5_oof,114,28
PHQ-8,DAIC-WOZ全量189人,DeepSeek-V4-Pro,思考,3,睡眠问题,3,0.5052143115768227,7.0,0.48260406861772703,0.022610242959095694,max_corrected_rho,114,0,3,repeated_10x5_oof,114,28
PHQ-8,DAIC-WOZ全量189人,DeepSeek-V4-Pro,思考,4,疲劳或精力不足,3,0.45870891129607005,11.0,0.4265004161307472,0.03220849516532287,max_corrected_rho,114,0,3,repeated_10x5_oof,114,28
PHQ-8,DAIC-WOZ全量189人,DeepSeek-V4-Pro,思考,5,食欲问题,8,0.2668417773284817,4.0,0.26392902172150373,0.002912755606977957,max_corrected_rho,114,0,3,repeated_10x5_oof,114,28
PHQ-8,DAIC-WOZ全量189人,DeepSeek-V4-Pro,思考,6,自我评价低或让家人失望,11,0.3415841407057714,3.0,0.33746693160619456,0.004117209099576857,max_corrected_rho,114,0,3,repeated_10x5_oof,114,28
PHQ-8,DAIC-WOZ全量189人,DeepSeek-V4-Pro,思考,7,注意力困难,16,0.359614233077779,4.0,0.3074390324659934,0.0521752006117856,max_corrected_rho,114,0,3,repeated_10x5_oof,114,28
PHQ-8,DAIC-WOZ全量189人,DeepSeek-V4-Pro,思考,8,动作或语速改变,16,0.15789673933020987,11.0,0.1362695358062603,0.021627203523949562,max_corrected_rho,114,0,3,repeated_10x5_oof,114,28
PHQ-8,DAIC-WOZ全量189人,GLM-5.2,思考,1,兴趣或愉悦感降低,15,0.5867271362963529,11.0,0.5831075728951618,0.0036195634011910727,max_corrected_rho,114,0,3,repeated_10x5_oof,114,28
PHQ-8,DAIC-WOZ全量189人,GLM-5.2,思考,2,情绪低落、抑郁或无望,11,0.6944172514894031,3.0,0.6870159407029564,0.007401310786446791,max_corrected_rho,114,0,3,repeated_10x5_oof,114,28
PHQ-8,DAIC-WOZ全量189人,GLM-5.2,思考,3,睡眠问题,7,0.5268367205638402,3.0,0.4863365310560938,0.04050018950774642,max_corrected_rho,114,0,3,repeated_10x5_oof,114,28
PHQ-8,DAIC-WOZ全量189人,GLM-5.2,思考,4,疲劳或精力不足,3,0.4878520963550045,11.0,0.4656575794517819,0.022194516903222605,max_corrected_rho,114,0,3,repeated_10x5_oof,114,28
PHQ-8,DAIC-WOZ全量189人,GLM-5.2,思考,5,食欲问题,3,0.27219287749725235,7.0,0.2345967401469616,0.03759613735029074,max_corrected_rho,114,0,3,repeated_10x5_oof,114,28
PHQ-8,DAIC-WOZ全量189人,GLM-5.2,思考,6,自我评价低或让家人失望,11,0.5399646439985097,3.0,0.5300927213021808,0.009871922696328972,max_corrected_rho,114,0,3,repeated_10x5_oof,114,28
PHQ-8,DAIC-WOZ全量189人,GLM-5.2,思考,7,注意力困难,4,0.4128266164764337,3.0,0.40488187605754,0.007944740418893703,max_corrected_rho,114,0,3,repeated_10x5_oof,114,28
PHQ-8,DAIC-WOZ全量189人,GLM-5.2,思考,8,动作或语速改变,15,0.4453133069444756,3.0,0.38955927192222833,0.05575403502224724,max_corrected_rho,114,0,3,repeated_10x5_oof,114,28
PHQ-8,DAIC-WOZ全量189人,Qwen3.7-Max,思考,1,兴趣或愉悦感降低,8,0.45232968361749537,7.0,0.40705495427405175,0.04527472934344362,max_corrected_rho,114,0,3,repeated_10x5_oof,114,28
PHQ-8,DAIC-WOZ全量189人,Qwen3.7-Max,思考,2,情绪低落、抑郁或无望,11,0.6760886211609173,12.0,0.6585785238427604,0.017510097318156892,max_corrected_rho,114,0,3,repeated_10x5_oof,114,28
PHQ-8,DAIC-WOZ全量189人,Qwen3.7-Max,思考,3,睡眠问题,3,0.4981740729726571,8.0,0.48473428421656706,0.013439788756090032,max_corrected_rho,114,0,3,repeated_10x5_oof,114,28
PHQ-8,DAIC-WOZ全量189人,Qwen3.7-Max,思考,4,疲劳或精力不足,4,0.4304367116799299,15.0,0.40524139748269394,0.025195314197235974,max_corrected_rho,114,0,3,repeated_10x5_oof,114,28
PHQ-8,DAIC-WOZ全量189人,Qwen3.7-Max,思考,5,食欲问题,7,0.25896586924725534,15.0,0.22053675221825683,0.03842911702899851,max_corrected_rho,114,0,3,repeated_10x5_oof,114,28
PHQ-8,DAIC-WOZ全量189人,Qwen3.7-Max,思考,6,自我评价低或让家人失望,7,0.4048473279507826,11.0,0.38246288747817975,0.02238444047260285,max_corrected_rho,114,0,3,repeated_10x5_oof,114,28
PHQ-8,DAIC-WOZ全量189人,Qwen3.7-Max,思考,7,注意力困难,8,0.32899041764326353,3.0,0.30332226206488944,0.025668155578374097,max_corrected_rho,114,0,3,repeated_10x5_oof,114,28
PHQ-8,DAIC-WOZ全量189人,Qwen3.7-Max,思考,8,动作或语速改变,15,0.24903432870167982,7.0,0.23750161072477463,0.011532717976905194,max_corrected_rho,114,0,3,repeated_10x5_oof,114,28
PHQ-8,DAIC-WOZ全量189人,DeepSeek-V4-Pro,思考,1,兴趣或愉悦感降低,15,0.5134075342705963,7.0,0.43692853308801716,0.07647900118257911,max_corrected_rho,114,0,4,repeated_10x5_oof,114,28
PHQ-8,DAIC-WOZ全量189人,DeepSeek-V4-Pro,思考,2,情绪低落、抑郁或无望,7,0.6534097861961856,11.0,0.6210572630659259,0.032352523130259714,max_corrected_rho,114,0,4,repeated_10x5_oof,114,28
PHQ-8,DAIC-WOZ全量189人,DeepSeek-V4-Pro,思考,3,睡眠问题,3,0.5174774948521484,7.0,0.4814662967997599,0.03601119805238856,max_corrected_rho,114,0,4,repeated_10x5_oof,114,28
PHQ-8,DAIC-WOZ全量189人,DeepSeek-V4-Pro,思考,4,疲劳或精力不足,7,0.4719841599619202,11.0,0.4281931497591215,0.04379101020279874,max_corrected_rho,114,0,4,repeated_10x5_oof,114,28
PHQ-8,DAIC-WOZ全量189人,DeepSeek-V4-Pro,思考,5,食欲问题,8,0.19519183996782943,16.0,0.15554354542821217,0.03964829453961727,max_corrected_rho,114,0,4,repeated_10x5_oof,114,28
PHQ-8,DAIC-WOZ全量189人,DeepSeek-V4-Pro,思考,6,自我评价低或让家人失望,11,0.3099315072958886,3.0,0.2201620329804541,0.0897694743154345,max_corrected_rho,114,0,4,repeated_10x5_oof,114,28
PHQ-8,DAIC-WOZ全量189人,DeepSeek-V4-Pro,思考,7,注意力困难,16,0.4124448309253427,4.0,0.36964992931690666,0.04279490160843602,max_corrected_rho,114,0,4,repeated_10x5_oof,114,28
PHQ-8,DAIC-WOZ全量189人,DeepSeek-V4-Pro,思考,8,动作或语速改变,16,0.1202481255256157,3.0,0.0550162810212872,0.0652318445043285,max_corrected_rho,114,0,4,repeated_10x5_oof,114,28
PHQ-8,DAIC-WOZ全量189人,GLM-5.2,思考,1,兴趣或愉悦感降低,11,0.5278676331260169,3.0,0.5236600800748813,0.004207553051135626,max_corrected_rho,114,0,4,repeated_10x5_oof,114,28
PHQ-8,DAIC-WOZ全量189人,GLM-5.2,思考,2,情绪低落、抑郁或无望,3,0.675390566299103,11.0,0.6505151120798381,0.024875454219264848,max_corrected_rho,114,0,4,repeated_10x5_oof,114,28
PHQ-8,DAIC-WOZ全量189人,GLM-5.2,思考,3,睡眠问题,3,0.5028746540132621,7.0,0.5014302831557439,0.0014443708575182512,max_corrected_rho,114,0,4,repeated_10x5_oof,114,28
PHQ-8,DAIC-WOZ全量189人,GLM-5.2,思考,4,疲劳或精力不足,4,0.48649467610849456,3.0,0.4665627891808832,0.019931886927611386,max_corrected_rho,114,0,4,repeated_10x5_oof,114,28
PHQ-8,DAIC-WOZ全量189人,GLM-5.2,思考,5,食欲问题,3,0.18060148744378748,7.0,0.12715519592099847,0.05344629152278901,max_corrected_rho,114,0,4,repeated_10x5_oof,114,28
PHQ-8,DAIC-WOZ全量189人,GLM-5.2,思考,6,自我评价低或让家人失望,11,0.489204727050344,3.0,0.47558818469714037,0.013616542353203642,max_corrected_rho,114,0,4,repeated_10x5_oof,114,28
PHQ-8,DAIC-WOZ全量189人,GLM-5.2,思考,7,注意力困难,4,0.46836142588446567,12.0,0.426553265939942,0.04180815994452369,max_corrected_rho,114,0,4,repeated_10x5_oof,114,28
PHQ-8,DAIC-WOZ全量189人,GLM-5.2,思考,8,动作或语速改变,11,0.2968685336030687,3.0,0.26986629785674493,0.027002235746323766,max_corrected_rho,114,0,4,repeated_10x5_oof,114,28
PHQ-8,DAIC-WOZ全量189人,Qwen3.7-Max,思考,1,兴趣或愉悦感降低,8,0.3972605814763637,7.0,0.3707675655321887,0.026493015944175025,max_corrected_rho,114,0,4,repeated_10x5_oof,114,28
PHQ-8,DAIC-WOZ全量189人,Qwen3.7-Max,思考,2,情绪低落、抑郁或无望,11,0.6578652903940436,4.0,0.6501242556175801,0.007741034776463485,max_corrected_rho,114,0,4,repeated_10x5_oof,114,28
PHQ-8,DAIC-WOZ全量189人,Qwen3.7-Max,思考,3,睡眠问题,3,0.5209943486696209,16.0,0.4800834901122226,0.04091085855739829,max_corrected_rho,114,0,4,repeated_10x5_oof,114,28
PHQ-8,DAIC-WOZ全量189人,Qwen3.7-Max,思考,4,疲劳或精力不足,15,0.43605419423232333,4.0,0.4251888221601828,0.010865372072140556,max_corrected_rho,114,0,4,repeated_10x5_oof,114,28
PHQ-8,DAIC-WOZ全量189人,Qwen3.7-Max,思考,5,食欲问题,7,0.19211545505138744,15.0,0.14063247022196054,0.0514829848294269,max_corrected_rho,114,0,4,repeated_10x5_oof,114,28
PHQ-8,DAIC-WOZ全量189人,Qwen3.7-Max,思考,6,自我评价低或让家人失望,7,0.41835029387659584,3.0,0.3382264691560741,0.08012382472052171,max_corrected_rho,114,0,4,repeated_10x5_oof,114,28
PHQ-8,DAIC-WOZ全量189人,Qwen3.7-Max,思考,7,注意力困难,4,0.38704176259558504,3.0,0.3835475535882851,0.0034942090072999643,max_corrected_rho,114,0,4,repeated_10x5_oof,114,28
PHQ-8,DAIC-WOZ全量189人,Qwen3.7-Max,思考,8,动作或语速改变,7,0.20800209425990004,16.0,0.17825682201572493,0.029745272244175114,max_corrected_rho,114,0,4,repeated_10x5_oof,114,28
PHQ-8,DAIC-WOZ全量189人,DeepSeek-V4-Pro,思考,1,兴趣或愉悦感降低,15,0.5109297099233291,7.0,0.48863902190272956,0.022290688020599525,max_corrected_rho,113,1,0,repeated_10x5_oof,113,29
PHQ-8,DAIC-WOZ全量189人,DeepSeek-V4-Pro,思考,2,情绪低落、抑郁或无望,11,0.6553042341250662,7.0,0.6453011376634866,0.010003096461579597,max_corrected_rho,113,1,0,repeated_10x5_oof,113,29
PHQ-8,DAIC-WOZ全量189人,DeepSeek-V4-Pro,思考,3,睡眠问题,3,0.5877855718556327,4.0,0.5740917415043765,0.013693830351256264,max_corrected_rho,113,1,0,repeated_10x5_oof,113,29
PHQ-8,DAIC-WOZ全量189人,DeepSeek-V4-Pro,思考,4,疲劳或精力不足,7,0.5720770527518984,3.0,0.510088119963822,0.06198893278807638,max_corrected_rho,113,1,0,repeated_10x5_oof,113,29
PHQ-8,DAIC-WOZ全量189人,DeepSeek-V4-Pro,思考,5,食欲问题,8,0.22444450622117762,16.0,0.18866652459534153,0.03577798162583609,max_corrected_rho,113,1,0,repeated_10x5_oof,113,29
PHQ-8,DAIC-WOZ全量189人,DeepSeek-V4-Pro,思考,6,自我评价低或让家人失望,11,0.3539532143960043,15.0,0.27630539514201835,0.07764781925398595,max_corrected_rho,113,1,0,repeated_10x5_oof,113,29
PHQ-8,DAIC-WOZ全量189人,DeepSeek-V4-Pro,思考,7,注意力困难,16,0.4382676563938444,4.0,0.3818786145070498,0.05638904188679461,max_corrected_rho,113,1,0,repeated_10x5_oof,113,29
PHQ-8,DAIC-WOZ全量189人,DeepSeek-V4-Pro,思考,8,动作或语速改变,8,0.08774756736319565,16.0,0.08492881104133368,0.0028187563218619732,max_corrected_rho,113,1,0,repeated_10x5_oof,113,29
PHQ-8,DAIC-WOZ全量189人,GLM-5.2,思考,1,兴趣或愉悦感降低,15,0.587995521058132,11.0,0.5598309991803746,0.02816452187775742,max_corrected_rho,113,1,0,repeated_10x5_oof,113,29
PHQ-8,DAIC-WOZ全量189人,GLM-5.2,思考,2,情绪低落、抑郁或无望,11,0.6683754262383559,3.0,0.6584191900646535,0.009956236173702337,max_corrected_rho,113,1,0,repeated_10x5_oof,113,29
PHQ-8,DAIC-WOZ全量189人,GLM-5.2,思考,3,睡眠问题,15,0.6050632701918105,3.0,0.5890444305498866,0.016018839641923854,max_corrected_rho,113,1,0,repeated_10x5_oof,113,29
PHQ-8,DAIC-WOZ全量189人,GLM-5.2,思考,4,疲劳或精力不足,4,0.5916473356666672,11.0,0.5824232155507507,0.009224120115916445,max_corrected_rho,113,1,0,repeated_10x5_oof,113,29
PHQ-8,DAIC-WOZ全量189人,GLM-5.2,思考,5,食欲问题,3,0.20945272490619038,7.0,0.154541020396545,0.05491170450964539,max_corrected_rho,113,1,0,repeated_10x5_oof,113,29
PHQ-8,DAIC-WOZ全量189人,GLM-5.2,思考,6,自我评价低或让家人失望,11,0.5275402091562951,3.0,0.51775186116206,0.009788347994235114,max_corrected_rho,113,1,0,repeated_10x5_oof,113,29
PHQ-8,DAIC-WOZ全量189人,GLM-5.2,思考,7,注意力困难,4,0.47497166918102923,11.0,0.43962923690019334,0.03534243228083589,max_corrected_rho,113,1,0,repeated_10x5_oof,113,29
PHQ-8,DAIC-WOZ全量189人,GLM-5.2,思考,8,动作或语速改变,15,0.3034253707609805,11.0,0.3011529788503023,0.0022723919106781842,max_corrected_rho,113,1,0,repeated_10x5_oof,113,29
PHQ-8,DAIC-WOZ全量189人,Qwen3.7-Max,思考,1,兴趣或愉悦感降低,8,0.4587213731493967,7.0,0.3998333551282735,0.0588880180211232,max_corrected_rho,113,1,0,repeated_10x5_oof,113,29
PHQ-8,DAIC-WOZ全量189人,Qwen3.7-Max,思考,2,情绪低落、抑郁或无望,11,0.6809188849173312,12.0,0.6693878635963779,0.011531021320953294,max_corrected_rho,113,1,0,repeated_10x5_oof,113,29
PHQ-8,DAIC-WOZ全量189人,Qwen3.7-Max,思考,3,睡眠问题,8,0.5801547988541259,3.0,0.5766026232510939,0.003552175603032004,max_corrected_rho,113,1,0,repeated_10x5_oof,113,29
PHQ-8,DAIC-WOZ全量189人,Qwen3.7-Max,思考,4,疲劳或精力不足,4,0.5439360497511444,15.0,0.5199846139620897,0.023951435789054676,max_corrected_rho,113,1,0,repeated_10x5_oof,113,29
PHQ-8,DAIC-WOZ全量189人,Qwen3.7-Max,思考,5,食欲问题,7,0.19127826111827803,15.0,0.1680091276213092,0.023269133496968825,max_corrected_rho,113,1,0,repeated_10x5_oof,113,29
PHQ-8,DAIC-WOZ全量189人,Qwen3.7-Max,思考,6,自我评价低或让家人失望,7,0.3803086260406682,3.0,0.364026171827537,0.01628245421313118,max_corrected_rho,113,1,0,repeated_10x5_oof,113,29
PHQ-8,DAIC-WOZ全量189人,Qwen3.7-Max,思考,7,注意力困难,8,0.41546923103365513,4.0,0.39229533665527233,0.023173894378382798,max_corrected_rho,113,1,0,repeated_10x5_oof,113,29
PHQ-8,DAIC-WOZ全量189人,Qwen3.7-Max,思考,8,动作或语速改变,7,0.17796150688310883,16.0,0.13983090118975283,0.038130605693355996,max_corrected_rho,113,1,0,repeated_10x5_oof,113,29
PHQ-8,DAIC-WOZ全量189人,DeepSeek-V4-Pro,思考,1,兴趣或愉悦感降低,7,0.5138538921516261,15.0,0.47991878427325435,0.033935107878371784,max_corrected_rho,113,1,1,repeated_10x5_oof,113,29
PHQ-8,DAIC-WOZ全量189人,DeepSeek-V4-Pro,思考,2,情绪低落、抑郁或无望,11,0.662759537621335,7.0,0.6593224604014728,0.0034370772198621946,max_corrected_rho,113,1,1,repeated_10x5_oof,113,29
PHQ-8,DAIC-WOZ全量189人,DeepSeek-V4-Pro,思考,3,睡眠问题,3,0.47357433383497,11.0,0.42839610043556,0.04517823339941002,max_corrected_rho,113,1,1,repeated_10x5_oof,113,29
PHQ-8,DAIC-WOZ全量189人,DeepSeek-V4-Pro,思考,4,疲劳或精力不足,11,0.48539849261505064,7.0,0.47726244993870565,0.00813604267634499,max_corrected_rho,113,1,1,repeated_10x5_oof,113,29
PHQ-8,DAIC-WOZ全量189人,DeepSeek-V4-Pro,思考,5,食欲问题,8,0.1854743871066376,16.0,0.14493711031082562,0.04053727679581198,max_corrected_rho,113,1,1,repeated_10x5_oof,113,29
PHQ-8,DAIC-WOZ全量189人,DeepSeek-V4-Pro,思考,6,自我评价低或让家人失望,11,0.3127224247235251,3.0,0.259896761508158,0.052825663215367136,max_corrected_rho,113,1,1,repeated_10x5_oof,113,29
PHQ-8,DAIC-WOZ全量189人,DeepSeek-V4-Pro,思考,7,注意力困难,16,0.40659931143405953,4.0,0.39129423458831647,0.01530507684574306,max_corrected_rho,113,1,1,repeated_10x5_oof,113,29
PHQ-8,DAIC-WOZ全量189人,DeepSeek-V4-Pro,思考,8,动作或语速改变,16,0.13998649045731132,11.0,0.13664998209720408,0.0033365083601072376,max_corrected_rho,113,1,1,repeated_10x5_oof,113,29
PHQ-8,DAIC-WOZ全量189人,GLM-5.2,思考,1,兴趣或愉悦感降低,11,0.5751679257481533,15.0,0.5744180740256144,0.0007498517225389412,max_corrected_rho,113,1,1,repeated_10x5_oof,113,29
PHQ-8,DAIC-WOZ全量189人,GLM-5.2,思考,2,情绪低落、抑郁或无望,3,0.7291386586152596,11.0,0.7119296729706202,0.017208985644639463,max_corrected_rho,113,1,1,repeated_10x5_oof,113,29
PHQ-8,DAIC-WOZ全量189人,GLM-5.2,思考,3,睡眠问题,7,0.4875900213126206,3.0,0.4803985437598381,0.007191477552782488,max_corrected_rho,113,1,1,repeated_10x5_oof,113,29
PHQ-8,DAIC-WOZ全量189人,GLM-5.2,思考,4,疲劳或精力不足,3,0.5305205826056714,11.0,0.5052830297100033,0.02523755289566809,max_corrected_rho,113,1,1,repeated_10x5_oof,113,29
PHQ-8,DAIC-WOZ全量189人,GLM-5.2,思考,5,食欲问题,3,0.1708290409159645,4.0,0.14516977899313346,0.025659261922831023,max_corrected_rho,113,1,1,repeated_10x5_oof,113,29
PHQ-8,DAIC-WOZ全量189人,GLM-5.2,思考,6,自我评价低或让家人失望,3,0.5651003555026696,11.0,0.5260979719152576,0.039002383587411926,max_corrected_rho,113,1,1,repeated_10x5_oof,113,29
PHQ-8,DAIC-WOZ全量189人,GLM-5.2,思考,7,注意力困难,3,0.4341232973555647,11.0,0.419533991532605,0.014589305822959697,max_corrected_rho,113,1,1,repeated_10x5_oof,113,29
PHQ-8,DAIC-WOZ全量189人,GLM-5.2,思考,8,动作或语速改变,3,0.3238644103844746,15.0,0.31221131485736203,0.011653095527112578,max_corrected_rho,113,1,1,repeated_10x5_oof,113,29
PHQ-8,DAIC-WOZ全量189人,Qwen3.7-Max,思考,1,兴趣或愉悦感降低,8,0.47222010033057404,16.0,0.38019412298151584,0.09202597734905821,max_corrected_rho,113,1,1,repeated_10x5_oof,113,29
PHQ-8,DAIC-WOZ全量189人,Qwen3.7-Max,思考,2,情绪低落、抑郁或无望,11,0.6943753828431396,12.0,0.6823176853805923,0.012057697462547257,max_corrected_rho,113,1,1,repeated_10x5_oof,113,29
PHQ-8,DAIC-WOZ全量189人,Qwen3.7-Max,思考,3,睡眠问题,3,0.4947698172382262,11.0,0.467401288958519,0.027368528279707205,max_corrected_rho,113,1,1,repeated_10x5_oof,113,29
PHQ-8,DAIC-WOZ全量189人,Qwen3.7-Max,思考,4,疲劳或精力不足,4,0.48553442414261233,7.0,0.47663852417074637,0.008895899971865961,max_corrected_rho,113,1,1,repeated_10x5_oof,113,29
PHQ-8,DAIC-WOZ全量189人,Qwen3.7-Max,思考,5,食欲问题,7,0.182648638531595,15.0,0.13107301919826328,0.05157561933333171,max_corrected_rho,113,1,1,repeated_10x5_oof,113,29
PHQ-8,DAIC-WOZ全量189人,Qwen3.7-Max,思考,6,自我评价低或让家人失望,7,0.38133286643768116,11.0,0.3460393715825305,0.03529349485515065,max_corrected_rho,113,1,1,repeated_10x5_oof,113,29
PHQ-8,DAIC-WOZ全量189人,Qwen3.7-Max,思考,7,注意力困难,4,0.37600188044938193,8.0,0.37597451555907585,2.7364890306080802e-05,max_corrected_rho,113,1,1,repeated_10x5_oof,113,29
PHQ-8,DAIC-WOZ全量189人,Qwen3.7-Max,思考,8,动作或语速改变,15,0.2253866704042109,7.0,0.20211343693268508,0.023273233471525823,max_corrected_rho,113,1,1,repeated_10x5_oof,113,29
PHQ-8,DAIC-WOZ全量189人,DeepSeek-V4-Pro,思考,1,兴趣或愉悦感降低,15,0.5186209467658364,7.0,0.4394435520631181,0.07917739470271828,max_corrected_rho,114,1,2,repeated_10x5_oof,114,28
PHQ-8,DAIC-WOZ全量189人,DeepSeek-V4-Pro,思考,2,情绪低落、抑郁或无望,7,0.6112097154110353,12.0,0.602242777028076,0.008966938382959255,max_corrected_rho,114,1,2,repeated_10x5_oof,114,28
PHQ-8,DAIC-WOZ全量189人,DeepSeek-V4-Pro,思考,3,睡眠问题,3,0.5056882122204602,7.0,0.4912860805427471,0.014402131677713148,max_corrected_rho,114,1,2,repeated_10x5_oof,114,28
PHQ-8,DAIC-WOZ全量189人,DeepSeek-V4-Pro,思考,4,疲劳或精力不足,7,0.4752693842074784,11.0,0.4212176867335313,0.05405169747394706,max_corrected_rho,114,1,2,repeated_10x5_oof,114,28
PHQ-8,DAIC-WOZ全量189人,DeepSeek-V4-Pro,思考,5,食欲问题,15,0.2091411013471048,11.0,0.19393735221190012,0.015203749135204697,max_corrected_rho,114,1,2,repeated_10x5_oof,114,28
PHQ-8,DAIC-WOZ全量189人,DeepSeek-V4-Pro,思考,6,自我评价低或让家人失望,11,0.311675253638624,15.0,0.26614572885470844,0.04552952478391553,max_corrected_rho,114,1,2,repeated_10x5_oof,114,28
PHQ-8,DAIC-WOZ全量189人,DeepSeek-V4-Pro,思考,7,注意力困难,16,0.4787586680073105,4.0,0.41252532256230695,0.06623334544500353,max_corrected_rho,114,1,2,repeated_10x5_oof,114,28
PHQ-8,DAIC-WOZ全量189人,DeepSeek-V4-Pro,思考,8,动作或语速改变,4,0.14375299559303675,3.0,0.13912043843489919,0.004632557158137568,max_corrected_rho,114,1,2,repeated_10x5_oof,114,28
PHQ-8,DAIC-WOZ全量189人,GLM-5.2,思考,1,兴趣或愉悦感降低,3,0.5396834294648069,15.0,0.5377710552284825,0.001912374236324399,max_corrected_rho,114,1,2,repeated_10x5_oof,114,28
PHQ-8,DAIC-WOZ全量189人,GLM-5.2,思考,2,情绪低落、抑郁或无望,11,0.6407514235055788,3.0,0.6205965195397782,0.020154903965800552,max_corrected_rho,114,1,2,repeated_10x5_oof,114,28
PHQ-8,DAIC-WOZ全量189人,GLM-5.2,思考,3,睡眠问题,7,0.543042088101049,11.0,0.5227788116633236,0.020263276437725408,max_corrected_rho,114,1,2,repeated_10x5_oof,114,28
PHQ-8,DAIC-WOZ全量189人,GLM-5.2,思考,4,疲劳或精力不足,11,0.4753916383927268,4.0,0.465080890892786,0.01031074749994082,max_corrected_rho,114,1,2,repeated_10x5_oof,114,28
PHQ-8,DAIC-WOZ全量189人,GLM-5.2,思考,5,食欲问题,7,0.1678573343379568,3.0,0.15290611358373693,0.014951220754219868,max_corrected_rho,114,1,2,repeated_10x5_oof,114,28
PHQ-8,DAIC-WOZ全量189人,GLM-5.2,思考,6,自我评价低或让家人失望,11,0.491884172699176,7.0,0.44841703250651216,0.043467140192663845,max_corrected_rho,114,1,2,repeated_10x5_oof,114,28
PHQ-8,DAIC-WOZ全量189人,GLM-5.2,思考,7,注意力困难,4,0.4859121976487192,11.0,0.4689604233527574,0.016951774295961786,max_corrected_rho,114,1,2,repeated_10x5_oof,114,28
PHQ-8,DAIC-WOZ全量189人,GLM-5.2,思考,8,动作或语速改变,3,0.3305272599927174,12.0,0.32940773712283783,0.0011195228698795967,max_corrected_rho,114,1,2,repeated_10x5_oof,114,28
PHQ-8,DAIC-WOZ全量189人,Qwen3.7-Max,思考,1,兴趣或愉悦感降低,8,0.4047386142500585,4.0,0.3893236719705838,0.015414942279474708,max_corrected_rho,114,1,2,repeated_10x5_oof,114,28
PHQ-8,DAIC-WOZ全量189人,Qwen3.7-Max,思考,2,情绪低落、抑郁或无望,11,0.6342490076531829,12.0,0.6203203047012134,0.013928702951969574,max_corrected_rho,114,1,2,repeated_10x5_oof,114,28
PHQ-8,DAIC-WOZ全量189人,Qwen3.7-Max,思考,3,睡眠问题,3,0.5520759418413842,8.0,0.5087482805566548,0.043327661284729424,max_corrected_rho,114,1,2,repeated_10x5_oof,114,28
PHQ-8,DAIC-WOZ全量189人,Qwen3.7-Max,思考,4,疲劳或精力不足,4,0.45175601561998135,16.0,0.4298985163097418,0.02185749931023956,max_corrected_rho,114,1,2,repeated_10x5_oof,114,28
PHQ-8,DAIC-WOZ全量189人,Qwen3.7-Max,思考,5,食欲问题,7,0.21138263356232756,3.0,0.19393735221190012,0.017445281350427444,max_corrected_rho,114,1,2,repeated_10x5_oof,114,28
PHQ-8,DAIC-WOZ全量189人,Qwen3.7-Max,思考,6,自我评价低或让家人失望,7,0.3857936033830564,3.0,0.3603375538905081,0.025456049492548316,max_corrected_rho,114,1,2,repeated_10x5_oof,114,28
PHQ-8,DAIC-WOZ全量189人,Qwen3.7-Max,思考,7,注意力困难,8,0.3986367488817857,3.0,0.3753739923394221,0.023262756542363594,max_corrected_rho,114,1,2,repeated_10x5_oof,114,28
PHQ-8,DAIC-WOZ全量189人,Qwen3.7-Max,思考,8,动作或语速改变,16,0.24028362067462103,15.0,0.1829035820168222,0.05738003865779884,max_corrected_rho,114,1,2,repeated_10x5_oof,114,28
PHQ-8,DAIC-WOZ全量189人,DeepSeek-V4-Pro,思考,1,兴趣或愉悦感降低,15,0.5937329616698368,7.0,0.5357320217897263,0.05800093988011046,max_corrected_rho,114,1,3,repeated_10x5_oof,114,28
PHQ-8,DAIC-WOZ全量189人,DeepSeek-V4-Pro,思考,2,情绪低落、抑郁或无望,7,0.6575747401651831,11.0,0.6427102668043029,0.01486447336088026,max_corrected_rho,114,1,3,repeated_10x5_oof,114,28
PHQ-8,DAIC-WOZ全量189人,DeepSeek-V4-Pro,思考,3,睡眠问题,3,0.5560009358983685,7.0,0.5322896165787127,0.023711319319655866,max_corrected_rho,114,1,3,repeated_10x5_oof,114,28
PHQ-8,DAIC-WOZ全量189人,DeepSeek-V4-Pro,思考,4,疲劳或精力不足,7,0.5035582323560269,11.0,0.46152214197526187,0.04203609038076506,max_corrected_rho,114,1,3,repeated_10x5_oof,114,28
PHQ-8,DAIC-WOZ全量189人,DeepSeek-V4-Pro,思考,5,食欲问题,8,0.21994630719858882,16.0,0.18070908113964196,0.03923722605894686,max_corrected_rho,114,1,3,repeated_10x5_oof,114,28
PHQ-8,DAIC-WOZ全量189人,DeepSeek-V4-Pro,思考,6,自我评价低或让家人失望,11,0.4859374410854413,15.0,0.42125375461764025,0.06468368646780104,max_corrected_rho,114,1,3,repeated_10x5_oof,114,28
PHQ-8,DAIC-WOZ全量189人,DeepSeek-V4-Pro,思考,7,注意力困难,16,0.40642659903311934,4.0,0.35523992156418527,0.05118667746893407,max_corrected_rho,114,1,3,repeated_10x5_oof,114,28
PHQ-8,DAIC-WOZ全量189人,DeepSeek-V4-Pro,思考,8,动作或语速改变,16,0.15207696497457807,11.0,0.13339335816656916,0.0186836068080089,max_corrected_rho,114,1,3,repeated_10x5_oof,114,28
PHQ-8,DAIC-WOZ全量189人,GLM-5.2,思考,1,兴趣或愉悦感降低,11,0.6032632986515611,15.0,0.5806312984666454,0.022632000184915735,max_corrected_rho,114,1,3,repeated_10x5_oof,114,28
PHQ-8,DAIC-WOZ全量189人,GLM-5.2,思考,2,情绪低落、抑郁或无望,3,0.6993717760235718,11.0,0.689838153796139,0.009533622227432814,max_corrected_rho,114,1,3,repeated_10x5_oof,114,28
PHQ-8,DAIC-WOZ全量189人,GLM-5.2,思考,3,睡眠问题,7,0.5969236609096259,3.0,0.5545425575221592,0.0423811033874667,max_corrected_rho,114,1,3,repeated_10x5_oof,114,28
PHQ-8,DAIC-WOZ全量189人,GLM-5.2,思考,4,疲劳或精力不足,3,0.5248815457613869,11.0,0.5212898046245109,0.003591741136875992,max_corrected_rho,114,1,3,repeated_10x5_oof,114,28
PHQ-8,DAIC-WOZ全量189人,GLM-5.2,思考,5,食欲问题,3,0.20473799646972013,7.0,0.1486254779149296,0.05611251855479052,max_corrected_rho,114,1,3,repeated_10x5_oof,114,28
PHQ-8,DAIC-WOZ全量189人,GLM-5.2,思考,6,自我评价低或让家人失望,11,0.620259394194176,7.0,0.5972170556494409,0.02304233854473503,max_corrected_rho,114,1,3,repeated_10x5_oof,114,28
PHQ-8,DAIC-WOZ全量189人,GLM-5.2,思考,7,注意力困难,4,0.4743864125389413,15.0,0.43368887015357216,0.040697542385369156,max_corrected_rho,114,1,3,repeated_10x5_oof,114,28
PHQ-8,DAIC-WOZ全量189人,GLM-5.2,思考,8,动作或语速改变,15,0.4170830057128722,12.0,0.3782978529382445,0.038785152774627685,max_corrected_rho,114,1,3,repeated_10x5_oof,114,28
PHQ-8,DAIC-WOZ全量189人,Qwen3.7-Max,思考,1,兴趣或愉悦感降低,8,0.4748651388859312,7.0,0.46268868932046436,0.012176449565466818,max_corrected_rho,114,1,3,repeated_10x5_oof,114,28
PHQ-8,DAIC-WOZ全量189人,Qwen3.7-Max,思考,2,情绪低落、抑郁或无望,11,0.6723190424769349,4.0,0.6649482709400121,0.007370771536922782,max_corrected_rho,114,1,3,repeated_10x5_oof,114,28
PHQ-8,DAIC-WOZ全量189人,Qwen3.7-Max,思考,3,睡眠问题,3,0.5380357601866816,8.0,0.5345229976614225,0.0035127625252591166,max_corrected_rho,114,1,3,repeated_10x5_oof,114,28
PHQ-8,DAIC-WOZ全量189人,Qwen3.7-Max,思考,4,疲劳或精力不足,4,0.49523205798704384,16.0,0.49228708182272246,0.002944976164321378,max_corrected_rho,114,1,3,repeated_10x5_oof,114,28
PHQ-8,DAIC-WOZ全量189人,Qwen3.7-Max,思考,5,食欲问题,7,0.21887791768064507,15.0,0.16354490598515498,0.0553330116954901,max_corrected_rho,114,1,3,repeated_10x5_oof,114,28
PHQ-8,DAIC-WOZ全量189人,Qwen3.7-Max,思考,6,自我评价低或让家人失望,7,0.5557868557235673,3.0,0.513619165274502,0.04216769044906532,max_corrected_rho,114,1,3,repeated_10x5_oof,114,28
PHQ-8,DAIC-WOZ全量189人,Qwen3.7-Max,思考,7,注意力困难,8,0.393649616816739,4.0,0.3598685482340184,0.033781068582720564,max_corrected_rho,114,1,3,repeated_10x5_oof,114,28
PHQ-8,DAIC-WOZ全量189人,Qwen3.7-Max,思考,8,动作或语速改变,15,0.24227014160714716,16.0,0.23645365267645474,0.005816488930692421,max_corrected_rho,114,1,3,repeated_10x5_oof,114,28
PHQ-8,DAIC-WOZ全量189人,DeepSeek-V4-Pro,思考,1,兴趣或愉悦感降低,15,0.5200027454939109,7.0,0.46282283228974025,0.05717991320417065,max_corrected_rho,114,1,4,repeated_10x5_oof,114,28
PHQ-8,DAIC-WOZ全量189人,DeepSeek-V4-Pro,思考,2,情绪低落、抑郁或无望,11,0.6176491826942694,7.0,0.6158328228750987,0.0018163598191707209,max_corrected_rho,114,1,4,repeated_10x5_oof,114,28
PHQ-8,DAIC-WOZ全量189人,DeepSeek-V4-Pro,思考,3,睡眠问题,3,0.45646548437478346,4.0,0.45188537043651356,0.004580113938269903,max_corrected_rho,114,1,4,repeated_10x5_oof,114,28
PHQ-8,DAIC-WOZ全量189人,DeepSeek-V4-Pro,思考,4,疲劳或精力不足,7,0.42138506813013976,11.0,0.38130148178216916,0.0400835863479706,max_corrected_rho,114,1,4,repeated_10x5_oof,114,28
PHQ-8,DAIC-WOZ全量189人,DeepSeek-V4-Pro,思考,5,食欲问题,8,0.21174454171999355,4.0,0.1693856092873397,0.042358932432653845,max_corrected_rho,114,1,4,repeated_10x5_oof,114,28
PHQ-8,DAIC-WOZ全量189人,DeepSeek-V4-Pro,思考,6,自我评价低或让家人失望,11,0.37650134252763084,3.0,0.37579959386388273,0.0007017486637481141,max_corrected_rho,114,1,4,repeated_10x5_oof,114,28
PHQ-8,DAIC-WOZ全量189人,DeepSeek-V4-Pro,思考,7,注意力困难,16,0.3511128014544078,4.0,0.2658714248776562,0.08524137657675163,max_corrected_rho,114,1,4,repeated_10x5_oof,114,28
PHQ-8,DAIC-WOZ全量189人,DeepSeek-V4-Pro,思考,8,动作或语速改变,16,0.19369217570183297,11.0,0.1377297972037479,0.05596237849808508,max_corrected_rho,114,1,4,repeated_10x5_oof,114,28
PHQ-8,DAIC-WOZ全量189人,GLM-5.2,思考,1,兴趣或愉悦感降低,15,0.5565110974147511,11.0,0.5328783023614744,0.023632795053276756,max_corrected_rho,114,1,4,repeated_10x5_oof,114,28
PHQ-8,DAIC-WOZ全量189人,GLM-5.2,思考,2,情绪低落、抑郁或无望,3,0.6671847031626643,11.0,0.658593708335944,0.008590994826720322,max_corrected_rho,114,1,4,repeated_10x5_oof,114,28
PHQ-8,DAIC-WOZ全量189人,GLM-5.2,思考,3,睡眠问题,7,0.49780534500204093,3.0,0.4747191666696511,0.02308617833238985,max_corrected_rho,114,1,4,repeated_10x5_oof,114,28
PHQ-8,DAIC-WOZ全量189人,GLM-5.2,思考,4,疲劳或精力不足,11,0.4351329649213179,3.0,0.43242321394562766,0.0027097509756902616,max_corrected_rho,114,1,4,repeated_10x5_oof,114,28
PHQ-8,DAIC-WOZ全量189人,GLM-5.2,思考,5,食欲问题,3,0.19634974172749015,4.0,0.14348534324695994,0.052864398480530206,max_corrected_rho,114,1,4,repeated_10x5_oof,114,28
PHQ-8,DAIC-WOZ全量189人,GLM-5.2,思考,6,自我评价低或让家人失望,11,0.5093107221981167,3.0,0.5067028136275411,0.002607908570575579,max_corrected_rho,114,1,4,repeated_10x5_oof,114,28
PHQ-8,DAIC-WOZ全量189人,GLM-5.2,思考,7,注意力困难,4,0.3850953192869344,3.0,0.37856451682521985,0.006530802461714558,max_corrected_rho,114,1,4,repeated_10x5_oof,114,28
PHQ-8,DAIC-WOZ全量189人,GLM-5.2,思考,8,动作或语速改变,3,0.3892508778254638,11.0,0.3763183924891637,0.012932485336300092,max_corrected_rho,114,1,4,repeated_10x5_oof,114,28
PHQ-8,DAIC-WOZ全量189人,Qwen3.7-Max,思考,1,兴趣或愉悦感降低,8,0.4216305140735331,16.0,0.36402263690189796,0.057607877171635125,max_corrected_rho,114,1,4,repeated_10x5_oof,114,28
PHQ-8,DAIC-WOZ全量189人,Qwen3.7-Max,思考,2,情绪低落、抑郁或无望,11,0.6573905129344904,12.0,0.615025509483206,0.042365003451284355,max_corrected_rho,114,1,4,repeated_10x5_oof,114,28
PHQ-8,DAIC-WOZ全量189人,Qwen3.7-Max,思考,3,睡眠问题,8,0.49771527539635574,3.0,0.47149019141041176,0.026225083985943975,max_corrected_rho,114,1,4,repeated_10x5_oof,114,28
PHQ-8,DAIC-WOZ全量189人,Qwen3.7-Max,思考,4,疲劳或精力不足,4,0.39618850770309233,7.0,0.3906120685073861,0.005576439195706218,max_corrected_rho,114,1,4,repeated_10x5_oof,114,28
PHQ-8,DAIC-WOZ全量189人,Qwen3.7-Max,思考,5,食欲问题,7,0.20917853178282325,15.0,0.15386727798104496,0.05531125380177829,max_corrected_rho,114,1,4,repeated_10x5_oof,114,28
PHQ-8,DAIC-WOZ全量189人,Qwen3.7-Max,思考,6,自我评价低或让家人失望,7,0.3937064878590243,3.0,0.38802563312314803,0.005680854735876262,max_corrected_rho,114,1,4,repeated_10x5_oof,114,28
PHQ-8,DAIC-WOZ全量189人,Qwen3.7-Max,思考,7,注意力困难,8,0.3048323545658625,3.0,0.26058529168791295,0.04424706287794955,max_corrected_rho,114,1,4,repeated_10x5_oof,114,28
PHQ-8,DAIC-WOZ全量189人,Qwen3.7-Max,思考,8,动作或语速改变,7,0.2638480164366714,16.0,0.23651105470215905,0.027336961734512333,max_corrected_rho,114,1,4,repeated_10x5_oof,114,28
PHQ-8,DAIC-WOZ全量189人,DeepSeek-V4-Pro,思考,1,兴趣或愉悦感降低,15,0.4999584118231089,7.0,0.4764329667062079,0.023525445116901023,max_corrected_rho,113,2,0,repeated_10x5_oof,113,29
PHQ-8,DAIC-WOZ全量189人,DeepSeek-V4-Pro,思考,2,情绪低落、抑郁或无望,11,0.6410871142338007,7.0,0.6320001758477424,0.00908693838605834,max_corrected_rho,113,2,0,repeated_10x5_oof,113,29
PHQ-8,DAIC-WOZ全量189人,DeepSeek-V4-Pro,思考,3,睡眠问题,3,0.4890030639012319,7.0,0.4643263284422917,0.02467673545894017,max_corrected_rho,113,2,0,repeated_10x5_oof,113,29
PHQ-8,DAIC-WOZ全量189人,DeepSeek-V4-Pro,思考,4,疲劳或精力不足,7,0.46411287438977483,11.0,0.4587084922124731,0.005404382177301714,max_corrected_rho,113,2,0,repeated_10x5_oof,113,29
PHQ-8,DAIC-WOZ全量189人,DeepSeek-V4-Pro,思考,5,食欲问题,8,0.20610612465259603,7.0,0.18541375240936186,0.02069237224323417,max_corrected_rho,113,2,0,repeated_10x5_oof,113,29
PHQ-8,DAIC-WOZ全量189人,DeepSeek-V4-Pro,思考,6,自我评价低或让家人失望,11,0.38521847181861496,3.0,0.3304724694222197,0.054746002396395266,max_corrected_rho,113,2,0,repeated_10x5_oof,113,29
PHQ-8,DAIC-WOZ全量189人,DeepSeek-V4-Pro,思考,7,注意力困难,16,0.42753788871022086,4.0,0.3785495306450924,0.04898835806512847,max_corrected_rho,113,2,0,repeated_10x5_oof,113,29
PHQ-8,DAIC-WOZ全量189人,DeepSeek-V4-Pro,思考,8,动作或语速改变,16,0.13707432220355398,11.0,0.13665799719543315,0.0004163250081208325,max_corrected_rho,113,2,0,repeated_10x5_oof,113,29
PHQ-8,DAIC-WOZ全量189人,GLM-5.2,思考,1,兴趣或愉悦感降低,15,0.5869188923678229,11.0,0.5435631433655639,0.043355749002259025,max_corrected_rho,113,2,0,repeated_10x5_oof,113,29
PHQ-8,DAIC-WOZ全量189人,GLM-5.2,思考,2,情绪低落、抑郁或无望,11,0.673832878824311,3.0,0.6600189228255465,0.013813955998764449,max_corrected_rho,113,2,0,repeated_10x5_oof,113,29
PHQ-8,DAIC-WOZ全量189人,GLM-5.2,思考,3,睡眠问题,7,0.5230544848907943,3.0,0.5006926298896242,0.02236185500117016,max_corrected_rho,113,2,0,repeated_10x5_oof,113,29
PHQ-8,DAIC-WOZ全量189人,GLM-5.2,思考,4,疲劳或精力不足,3,0.514263816075331,11.0,0.4830432186664213,0.0312205974089097,max_corrected_rho,113,2,0,repeated_10x5_oof,113,29
PHQ-8,DAIC-WOZ全量189人,GLM-5.2,思考,5,食欲问题,3,0.19101553446395075,7.0,0.13441168635515394,0.05660384810879682,max_corrected_rho,113,2,0,repeated_10x5_oof,113,29
PHQ-8,DAIC-WOZ全量189人,GLM-5.2,思考,6,自我评价低或让家人失望,11,0.5538329475351439,3.0,0.5400775218808626,0.013755425654281339,max_corrected_rho,113,2,0,repeated_10x5_oof,113,29
PHQ-8,DAIC-WOZ全量189人,GLM-5.2,思考,7,注意力困难,4,0.48145554493422704,3.0,0.44264937203130184,0.03880617290292521,max_corrected_rho,113,2,0,repeated_10x5_oof,113,29
PHQ-8,DAIC-WOZ全量189人,GLM-5.2,思考,8,动作或语速改变,11,0.34184102680127837,3.0,0.33992933966019223,0.001911687141086138,max_corrected_rho,113,2,0,repeated_10x5_oof,113,29
PHQ-8,DAIC-WOZ全量189人,Qwen3.7-Max,思考,1,兴趣或愉悦感降低,8,0.45362620853262187,7.0,0.38796057938813366,0.0656656291444882,max_corrected_rho,113,2,0,repeated_10x5_oof,113,29
PHQ-8,DAIC-WOZ全量189人,Qwen3.7-Max,思考,2,情绪低落、抑郁或无望,11,0.6607347355509635,4.0,0.6542342064885752,0.006500529062388294,max_corrected_rho,113,2,0,repeated_10x5_oof,113,29
PHQ-8,DAIC-WOZ全量189人,Qwen3.7-Max,思考,3,睡眠问题,8,0.5110136989540017,3.0,0.502097865209527,0.008915833744474688,max_corrected_rho,113,2,0,repeated_10x5_oof,113,29
PHQ-8,DAIC-WOZ全量189人,Qwen3.7-Max,思考,4,疲劳或精力不足,4,0.4743000929307868,7.0,0.4593518860180485,0.014948206912738293,max_corrected_rho,113,2,0,repeated_10x5_oof,113,29
PHQ-8,DAIC-WOZ全量189人,Qwen3.7-Max,思考,5,食欲问题,7,0.22452346607960638,15.0,0.18664789839648682,0.03787556768311956,max_corrected_rho,113,2,0,repeated_10x5_oof,113,29
PHQ-8,DAIC-WOZ全量189人,Qwen3.7-Max,思考,6,自我评价低或让家人失望,7,0.47564315186305595,3.0,0.43600287607548555,0.0396402757875704,max_corrected_rho,113,2,0,repeated_10x5_oof,113,29
PHQ-8,DAIC-WOZ全量189人,Qwen3.7-Max,思考,7,注意力困难,8,0.39386502321981187,4.0,0.3858452762321896,0.008019746987622256,max_corrected_rho,113,2,0,repeated_10x5_oof,113,29
PHQ-8,DAIC-WOZ全量189人,Qwen3.7-Max,思考,8,动作或语速改变,16,0.2355548813403879,7.0,0.2135507405173005,0.02200414082308741,max_corrected_rho,113,2,0,repeated_10x5_oof,113,29
PHQ-8,DAIC-WOZ全量189人,DeepSeek-V4-Pro,思考,1,兴趣或愉悦感降低,15,0.538238276555585,7.0,0.4481844197135651,0.09005385684201989,max_corrected_rho,113,2,1,repeated_10x5_oof,113,29
PHQ-8,DAIC-WOZ全量189人,DeepSeek-V4-Pro,思考,2,情绪低落、抑郁或无望,7,0.6588018943147863,3.0,0.6118035711946562,0.04699832312013008,max_corrected_rho,113,2,1,repeated_10x5_oof,113,29
PHQ-8,DAIC-WOZ全量189人,DeepSeek-V4-Pro,思考,3,睡眠问题,3,0.5218360973212329,7.0,0.4788440964424905,0.04299200087874244,max_corrected_rho,113,2,1,repeated_10x5_oof,113,29
PHQ-8,DAIC-WOZ全量189人,DeepSeek-V4-Pro,思考,4,疲劳或精力不足,7,0.47158024825220074,11.0,0.4472043684988824,0.02437587975331834,max_corrected_rho,113,2,1,repeated_10x5_oof,113,29
PHQ-8,DAIC-WOZ全量189人,DeepSeek-V4-Pro,思考,5,食欲问题,8,0.15655104214214322,15.0,0.1366627123536379,0.019888329788505327,max_corrected_rho,113,2,1,repeated_10x5_oof,113,29
PHQ-8,DAIC-WOZ全量189人,DeepSeek-V4-Pro,思考,6,自我评价低或让家人失望,11,0.3429597763471881,3.0,0.32661378394591706,0.016345992401271048,max_corrected_rho,113,2,1,repeated_10x5_oof,113,29
PHQ-8,DAIC-WOZ全量189人,DeepSeek-V4-Pro,思考,7,注意力困难,16,0.4578283749096694,4.0,0.37419677153755,0.08363160337211939,max_corrected_rho,113,2,1,repeated_10x5_oof,113,29
PHQ-8,DAIC-WOZ全量189人,DeepSeek-V4-Pro,思考,8,动作或语速改变,11,0.13679705432180986,3.0,0.10416771068827323,0.03262934363353663,max_corrected_rho,113,2,1,repeated_10x5_oof,113,29
PHQ-8,DAIC-WOZ全量189人,GLM-5.2,思考,1,兴趣或愉悦感降低,11,0.574355575590272,15.0,0.5644249912325799,0.009930584357692007,max_corrected_rho,113,2,1,repeated_10x5_oof,113,29
PHQ-8,DAIC-WOZ全量189人,GLM-5.2,思考,2,情绪低落、抑郁或无望,3,0.6678401693228471,11.0,0.6631965118063394,0.004643657516507638,max_corrected_rho,113,2,1,repeated_10x5_oof,113,29
PHQ-8,DAIC-WOZ全量189人,GLM-5.2,思考,3,睡眠问题,7,0.5511082509954898,3.0,0.5299202017055662,0.02118804928992357,max_corrected_rho,113,2,1,repeated_10x5_oof,113,29
PHQ-8,DAIC-WOZ全量189人,GLM-5.2,思考,4,疲劳或精力不足,4,0.4811675272028189,11.0,0.4702262223219229,0.010941304880896008,max_corrected_rho,113,2,1,repeated_10x5_oof,113,29
PHQ-8,DAIC-WOZ全量189人,GLM-5.2,思考,5,食欲问题,7,0.12682686416121858,3.0,0.10919260946498614,0.017634254696232435,max_corrected_rho,113,2,1,repeated_10x5_oof,113,29
PHQ-8,DAIC-WOZ全量189人,GLM-5.2,思考,6,自我评价低或让家人失望,11,0.5562678880899081,3.0,0.5135855782976253,0.042682309792282824,max_corrected_rho,113,2,1,repeated_10x5_oof,113,29
PHQ-8,DAIC-WOZ全量189人,GLM-5.2,思考,7,注意力困难,4,0.48033548379929486,11.0,0.4502997994587353,0.030035684340559587,max_corrected_rho,113,2,1,repeated_10x5_oof,113,29
PHQ-8,DAIC-WOZ全量189人,GLM-5.2,思考,8,动作或语速改变,15,0.39789775553715306,12.0,0.32574270760026486,0.0721550479368882,max_corrected_rho,113,2,1,repeated_10x5_oof,113,29
PHQ-8,DAIC-WOZ全量189人,Qwen3.7-Max,思考,1,兴趣或愉悦感降低,8,0.4420089086593549,4.0,0.408008007689824,0.0340009009695309,max_corrected_rho,113,2,1,repeated_10x5_oof,113,29
PHQ-8,DAIC-WOZ全量189人,Qwen3.7-Max,思考,2,情绪低落、抑郁或无望,11,0.6609582339127027,12.0,0.6490600865252217,0.011898147387480962,max_corrected_rho,113,2,1,repeated_10x5_oof,113,29
PHQ-8,DAIC-WOZ全量189人,Qwen3.7-Max,思考,3,睡眠问题,3,0.5689281587968642,8.0,0.5092451409046641,0.059683017892200096,max_corrected_rho,113,2,1,repeated_10x5_oof,113,29
PHQ-8,DAIC-WOZ全量189人,Qwen3.7-Max,思考,4,疲劳或精力不足,4,0.44882203949130983,7.0,0.4265112731961361,0.022310766295173756,max_corrected_rho,113,2,1,repeated_10x5_oof,113,29
PHQ-8,DAIC-WOZ全量189人,Qwen3.7-Max,思考,5,食欲问题,7,0.1156036392570453,3.0,0.08173049886431871,0.03387314039272658,max_corrected_rho,113,2,1,repeated_10x5_oof,113,29
PHQ-8,DAIC-WOZ全量189人,Qwen3.7-Max,思考,6,自我评价低或让家人失望,7,0.41800533451027516,11.0,0.40659337307311083,0.01141196143716433,max_corrected_rho,113,2,1,repeated_10x5_oof,113,29
PHQ-8,DAIC-WOZ全量189人,Qwen3.7-Max,思考,7,注意力困难,8,0.4022287709206745,3.0,0.3713116709552517,0.0309170999654228,max_corrected_rho,113,2,1,repeated_10x5_oof,113,29
PHQ-8,DAIC-WOZ全量189人,Qwen3.7-Max,思考,8,动作或语速改变,7,0.23514037312436245,16.0,0.20184871792023984,0.03329165520412261,max_corrected_rho,113,2,1,repeated_10x5_oof,113,29
PHQ-8,DAIC-WOZ全量189人,DeepSeek-V4-Pro,思考,1,兴趣或愉悦感降低,15,0.5575758728352038,7.0,0.5203116905511734,0.03726418228403039,max_corrected_rho,114,2,2,repeated_10x5_oof,114,28
PHQ-8,DAIC-WOZ全量189人,DeepSeek-V4-Pro,思考,2,情绪低落、抑郁或无望,11,0.6591642976963744,7.0,0.6378539486530931,0.02131034904328133,max_corrected_rho,114,2,2,repeated_10x5_oof,114,28
PHQ-8,DAIC-WOZ全量189人,DeepSeek-V4-Pro,思考,3,睡眠问题,3,0.5478117477985484,4.0,0.5430846737115493,0.004727074086999017,max_corrected_rho,114,2,2,repeated_10x5_oof,114,28
PHQ-8,DAIC-WOZ全量189人,DeepSeek-V4-Pro,思考,4,疲劳或精力不足,7,0.5305338745212199,11.0,0.4515429023209852,0.07899097220023471,max_corrected_rho,114,2,2,repeated_10x5_oof,114,28
PHQ-8,DAIC-WOZ全量189人,DeepSeek-V4-Pro,思考,5,食欲问题,8,0.30338906751395855,7.0,0.28871850837699825,0.014670559136960304,max_corrected_rho,114,2,2,repeated_10x5_oof,114,28
PHQ-8,DAIC-WOZ全量189人,DeepSeek-V4-Pro,思考,6,自我评价低或让家人失望,11,0.3625811450423593,3.0,0.34988051090340794,0.012700634138951339,max_corrected_rho,114,2,2,repeated_10x5_oof,114,28
PHQ-8,DAIC-WOZ全量189人,DeepSeek-V4-Pro,思考,7,注意力困难,16,0.4184256836177161,4.0,0.3517332688072934,0.0666924148104227,max_corrected_rho,114,2,2,repeated_10x5_oof,114,28
PHQ-8,DAIC-WOZ全量189人,DeepSeek-V4-Pro,思考,8,动作或语速改变,16,0.15108702566443677,3.0,0.141056616398231,0.01003040926620577,max_corrected_rho,114,2,2,repeated_10x5_oof,114,28
PHQ-8,DAIC-WOZ全量189人,GLM-5.2,思考,1,兴趣或愉悦感降低,15,0.5676815577927667,11.0,0.5636402003439365,0.004041357448830274,max_corrected_rho,114,2,2,repeated_10x5_oof,114,28
PHQ-8,DAIC-WOZ全量189人,GLM-5.2,思考,2,情绪低落、抑郁或无望,3,0.6821076105553585,11.0,0.6755417264283404,0.0065658841270180845,max_corrected_rho,114,2,2,repeated_10x5_oof,114,28
PHQ-8,DAIC-WOZ全量189人,GLM-5.2,思考,3,睡眠问题,15,0.5700074684966574,3.0,0.5607251453016076,0.009282323195049846,max_corrected_rho,114,2,2,repeated_10x5_oof,114,28
PHQ-8,DAIC-WOZ全量189人,GLM-5.2,思考,4,疲劳或精力不足,4,0.5344259081348703,11.0,0.5250276733088827,0.009398234825987672,max_corrected_rho,114,2,2,repeated_10x5_oof,114,28
PHQ-8,DAIC-WOZ全量189人,GLM-5.2,思考,5,食欲问题,3,0.3017176639621975,7.0,0.23055773078886294,0.07115993317333458,max_corrected_rho,114,2,2,repeated_10x5_oof,114,28
PHQ-8,DAIC-WOZ全量189人,GLM-5.2,思考,6,自我评价低或让家人失望,11,0.5265181161917996,3.0,0.5209402839308244,0.005577832260975191,max_corrected_rho,114,2,2,repeated_10x5_oof,114,28
PHQ-8,DAIC-WOZ全量189人,GLM-5.2,思考,7,注意力困难,4,0.45369609555475116,3.0,0.4271366665697473,0.026559428985003852,max_corrected_rho,114,2,2,repeated_10x5_oof,114,28
PHQ-8,DAIC-WOZ全量189人,GLM-5.2,思考,8,动作或语速改变,11,0.3692404055397895,3.0,0.3618707393223743,0.007369666217415194,max_corrected_rho,114,2,2,repeated_10x5_oof,114,28
PHQ-8,DAIC-WOZ全量189人,Qwen3.7-Max,思考,1,兴趣或愉悦感降低,8,0.46014991910096426,16.0,0.40972633552197246,0.05042358357899179,max_corrected_rho,114,2,2,repeated_10x5_oof,114,28
PHQ-8,DAIC-WOZ全量189人,Qwen3.7-Max,思考,2,情绪低落、抑郁或无望,11,0.673498767386993,12.0,0.669952092900731,0.0035466744862620025,max_corrected_rho,114,2,2,repeated_10x5_oof,114,28
PHQ-8,DAIC-WOZ全量189人,Qwen3.7-Max,思考,3,睡眠问题,8,0.5540943070288443,3.0,0.5519129226026088,0.0021813844262354998,max_corrected_rho,114,2,2,repeated_10x5_oof,114,28
PHQ-8,DAIC-WOZ全量189人,Qwen3.7-Max,思考,4,疲劳或精力不足,4,0.49455052415738754,7.0,0.4670131823269005,0.02753734183048706,max_corrected_rho,114,2,2,repeated_10x5_oof,114,28
PHQ-8,DAIC-WOZ全量189人,Qwen3.7-Max,思考,5,食欲问题,7,0.28920117507886567,15.0,0.24806730143356254,0.04113387364530313,max_corrected_rho,114,2,2,repeated_10x5_oof,114,28
PHQ-8,DAIC-WOZ全量189人,Qwen3.7-Max,思考,6,自我评价低或让家人失望,7,0.39838059983048263,3.0,0.38242757472888583,0.015953025101596796,max_corrected_rho,114,2,2,repeated_10x5_oof,114,28
PHQ-8,DAIC-WOZ全量189人,Qwen3.7-Max,思考,7,注意力困难,8,0.3753048194894005,4.0,0.33637428100979544,0.03893053847960504,max_corrected_rho,114,2,2,repeated_10x5_oof,114,28
PHQ-8,DAIC-WOZ全量189人,Qwen3.7-Max,思考,8,动作或语速改变,15,0.22148588233018318,7.0,0.21028614545198604,0.011199736878197142,max_corrected_rho,114,2,2,repeated_10x5_oof,114,28
PHQ-8,DAIC-WOZ全量189人,DeepSeek-V4-Pro,思考,1,兴趣或愉悦感降低,15,0.5278873149237844,7.0,0.5113232328598188,0.016564082063965535,max_corrected_rho,114,2,3,repeated_10x5_oof,114,28
PHQ-8,DAIC-WOZ全量189人,DeepSeek-V4-Pro,思考,2,情绪低落、抑郁或无望,11,0.6634715583608672,7.0,0.6507313767094483,0.012740181651418991,max_corrected_rho,114,2,3,repeated_10x5_oof,114,28
PHQ-8,DAIC-WOZ全量189人,DeepSeek-V4-Pro,思考,3,睡眠问题,3,0.5362766579834194,4.0,0.5010846063493862,0.03519205163403316,max_corrected_rho,114,2,3,repeated_10x5_oof,114,28
PHQ-8,DAIC-WOZ全量189人,DeepSeek-V4-Pro,思考,4,疲劳或精力不足,7,0.5132688806797939,11.0,0.4675756943073006,0.04569318637249331,max_corrected_rho,114,2,3,repeated_10x5_oof,114,28
PHQ-8,DAIC-WOZ全量189人,DeepSeek-V4-Pro,思考,5,食欲问题,8,0.17987003598034443,16.0,0.14215815167172946,0.03771188430861497,max_corrected_rho,114,2,3,repeated_10x5_oof,114,28
PHQ-8,DAIC-WOZ全量189人,DeepSeek-V4-Pro,思考,6,自我评价低或让家人失望,11,0.3567513304057019,15.0,0.29633702364533177,0.06041430676037013,max_corrected_rho,114,2,3,repeated_10x5_oof,114,28
PHQ-8,DAIC-WOZ全量189人,DeepSeek-V4-Pro,思考,7,注意力困难,16,0.3945989523571521,4.0,0.37850680491027605,0.016092147446876037,max_corrected_rho,114,2,3,repeated_10x5_oof,114,28
PHQ-8,DAIC-WOZ全量189人,DeepSeek-V4-Pro,思考,8,动作或语速改变,16,0.1678742482767345,4.0,0.160448779592296,0.0074254686844384965,max_corrected_rho,114,2,3,repeated_10x5_oof,114,28
PHQ-8,DAIC-WOZ全量189人,GLM-5.2,思考,1,兴趣或愉悦感降低,3,0.5762899701664084,11.0,0.5760415796538371,0.00024839051257130595,max_corrected_rho,114,2,3,repeated_10x5_oof,114,28
PHQ-8,DAIC-WOZ全量189人,GLM-5.2,思考,2,情绪低落、抑郁或无望,11,0.7085762949185992,3.0,0.7025301444068064,0.006046150511792803,max_corrected_rho,114,2,3,repeated_10x5_oof,114,28
PHQ-8,DAIC-WOZ全量189人,GLM-5.2,思考,3,睡眠问题,7,0.5369509875152256,15.0,0.5182656865976157,0.018685300917609893,max_corrected_rho,114,2,3,repeated_10x5_oof,114,28
PHQ-8,DAIC-WOZ全量189人,GLM-5.2,思考,4,疲劳或精力不足,11,0.5617083881470007,12.0,0.5391647085265372,0.022543679620463553,max_corrected_rho,114,2,3,repeated_10x5_oof,114,28
PHQ-8,DAIC-WOZ全量189人,GLM-5.2,思考,5,食欲问题,3,0.16625251416179335,4.0,0.14421225444083516,0.02204025972095819,max_corrected_rho,114,2,3,repeated_10x5_oof,114,28
PHQ-8,DAIC-WOZ全量189人,GLM-5.2,思考,6,自我评价低或让家人失望,3,0.542291765086701,11.0,0.5400742289185466,0.0022175361681543437,max_corrected_rho,114,2,3,repeated_10x5_oof,114,28
PHQ-8,DAIC-WOZ全量189人,GLM-5.2,思考,7,注意力困难,4,0.4554855338349231,3.0,0.44693952604703113,0.00854600778789194,max_corrected_rho,114,2,3,repeated_10x5_oof,114,28
PHQ-8,DAIC-WOZ全量189人,GLM-5.2,思考,8,动作或语速改变,3,0.3498106904871431,11.0,0.33553329096239803,0.01427739952474505,max_corrected_rho,114,2,3,repeated_10x5_oof,114,28
PHQ-8,DAIC-WOZ全量189人,Qwen3.7-Max,思考,1,兴趣或愉悦感降低,8,0.4269857968003056,7.0,0.39072305390295736,0.03626274289734821,max_corrected_rho,114,2,3,repeated_10x5_oof,114,28
PHQ-8,DAIC-WOZ全量189人,Qwen3.7-Max,思考,2,情绪低落、抑郁或无望,11,0.7013224493303117,12.0,0.671434927775481,0.029887521554830765,max_corrected_rho,114,2,3,repeated_10x5_oof,114,28
PHQ-8,DAIC-WOZ全量189人,Qwen3.7-Max,思考,3,睡眠问题,11,0.5250310019718825,7.0,0.5195945675392678,0.005436434432614656,max_corrected_rho,114,2,3,repeated_10x5_oof,114,28
PHQ-8,DAIC-WOZ全量189人,Qwen3.7-Max,思考,4,疲劳或精力不足,4,0.5222318998090395,7.0,0.5017099885359995,0.02052191127304004,max_corrected_rho,114,2,3,repeated_10x5_oof,114,28
PHQ-8,DAIC-WOZ全量189人,Qwen3.7-Max,思考,5,食欲问题,7,0.17969501523663506,15.0,0.1250460084781199,0.05464900675851517,max_corrected_rho,114,2,3,repeated_10x5_oof,114,28
PHQ-8,DAIC-WOZ全量189人,Qwen3.7-Max,思考,6,自我评价低或让家人失望,7,0.4143729496039121,3.0,0.3897634589567408,0.024609490647171273,max_corrected_rho,114,2,3,repeated_10x5_oof,114,28
PHQ-8,DAIC-WOZ全量189人,Qwen3.7-Max,思考,7,注意力困难,4,0.3919956581957618,8.0,0.3893552552342465,0.002640402961515298,max_corrected_rho,114,2,3,repeated_10x5_oof,114,28
PHQ-8,DAIC-WOZ全量189人,Qwen3.7-Max,思考,8,动作或语速改变,15,0.2375613421269353,16.0,0.2350739267204918,0.0024874154064435106,max_corrected_rho,114,2,3,repeated_10x5_oof,114,28
PHQ-8,DAIC-WOZ全量189人,DeepSeek-V4-Pro,思考,1,兴趣或愉悦感降低,15,0.5044422943471137,8.0,0.48304099260679717,0.02140130174031657,max_corrected_rho,114,2,4,repeated_10x5_oof,114,28
PHQ-8,DAIC-WOZ全量189人,DeepSeek-V4-Pro,思考,2,情绪低落、抑郁或无望,8,0.6206621272879572,12.0,0.6071215910206379,0.013540536267319325,max_corrected_rho,114,2,4,repeated_10x5_oof,114,28
PHQ-8,DAIC-WOZ全量189人,DeepSeek-V4-Pro,思考,3,睡眠问题,7,0.48778098266369446,3.0,0.47858636665221443,0.009194616011480028,max_corrected_rho,114,2,4,repeated_10x5_oof,114,28
PHQ-8,DAIC-WOZ全量189人,DeepSeek-V4-Pro,思考,4,疲劳或精力不足,7,0.4637940701573089,3.0,0.45123557578048423,0.012558494376824658,max_corrected_rho,114,2,4,repeated_10x5_oof,114,28
PHQ-8,DAIC-WOZ全量189人,DeepSeek-V4-Pro,思考,5,食欲问题,8,0.15063099232068566,7.0,0.14453293259679592,0.006098059723889743,max_corrected_rho,114,2,4,repeated_10x5_oof,114,28
PHQ-8,DAIC-WOZ全量189人,DeepSeek-V4-Pro,思考,6,自我评价低或让家人失望,11,0.3858005405234549,15.0,0.3146067991906825,0.0711937413327724,max_corrected_rho,114,2,4,repeated_10x5_oof,114,28
PHQ-8,DAIC-WOZ全量189人,DeepSeek-V4-Pro,思考,7,注意力困难,16,0.3814527007663687,4.0,0.33147127314414115,0.04998142762222757,max_corrected_rho,114,2,4,repeated_10x5_oof,114,28
PHQ-8,DAIC-WOZ全量189人,DeepSeek-V4-Pro,思考,8,动作或语速改变,16,0.1386555999134439,11.0,0.13203362515794573,0.006621974755498167,max_corrected_rho,114,2,4,repeated_10x5_oof,114,28
PHQ-8,DAIC-WOZ全量189人,GLM-5.2,思考,1,兴趣或愉悦感降低,15,0.5727305882131427,11.0,0.5435431710160048,0.02918741719713791,max_corrected_rho,114,2,4,repeated_10x5_oof,114,28
PHQ-8,DAIC-WOZ全量189人,GLM-5.2,思考,2,情绪低落、抑郁或无望,3,0.6570121116763702,11.0,0.6410188215066346,0.015993290169735608,max_corrected_rho,114,2,4,repeated_10x5_oof,114,28
PHQ-8,DAIC-WOZ全量189人,GLM-5.2,思考,3,睡眠问题,7,0.541343833248849,15.0,0.5037422819721666,0.03760155127668241,max_corrected_rho,114,2,4,repeated_10x5_oof,114,28
PHQ-8,DAIC-WOZ全量189人,GLM-5.2,思考,4,疲劳或精力不足,4,0.47517442685690503,11.0,0.47372009531609277,0.0014543315408122592,max_corrected_rho,114,2,4,repeated_10x5_oof,114,28
PHQ-8,DAIC-WOZ全量189人,GLM-5.2,思考,5,食欲问题,3,0.17353263552761772,4.0,0.11831192960156842,0.0552207059260493,max_corrected_rho,114,2,4,repeated_10x5_oof,114,28
PHQ-8,DAIC-WOZ全量189人,GLM-5.2,思考,6,自我评价低或让家人失望,3,0.5022395839109833,11.0,0.4950618272911765,0.007177756619806852,max_corrected_rho,114,2,4,repeated_10x5_oof,114,28
PHQ-8,DAIC-WOZ全量189人,GLM-5.2,思考,7,注意力困难,3,0.38124686662157264,12.0,0.36102035789162407,0.020226508729948578,max_corrected_rho,114,2,4,repeated_10x5_oof,114,28
PHQ-8,DAIC-WOZ全量189人,GLM-5.2,思考,8,动作或语速改变,15,0.3395887260597428,3.0,0.31583374927956415,0.023754976780178627,max_corrected_rho,114,2,4,repeated_10x5_oof,114,28
PHQ-8,DAIC-WOZ全量189人,Qwen3.7-Max,思考,1,兴趣或愉悦感降低,8,0.44751944497285795,7.0,0.35393951548406005,0.0935799294887979,max_corrected_rho,114,2,4,repeated_10x5_oof,114,28
PHQ-8,DAIC-WOZ全量189人,Qwen3.7-Max,思考,2,情绪低落、抑郁或无望,11,0.6400052238119235,12.0,0.6073932818827128,0.032611941929210686,max_corrected_rho,114,2,4,repeated_10x5_oof,114,28
PHQ-8,DAIC-WOZ全量189人,Qwen3.7-Max,思考,3,睡眠问题,7,0.501825187878597,3.0,0.4975200523539103,0.0043051355246866985,max_corrected_rho,114,2,4,repeated_10x5_oof,114,28
PHQ-8,DAIC-WOZ全量189人,Qwen3.7-Max,思考,4,疲劳或精力不足,15,0.45492438687157427,7.0,0.4439854256688995,0.01093896120267479,max_corrected_rho,114,2,4,repeated_10x5_oof,114,28
PHQ-8,DAIC-WOZ全量189人,Qwen3.7-Max,思考,5,食欲问题,7,0.18341134377628326,15.0,0.1323762127259023,0.05103513105038096,max_corrected_rho,114,2,4,repeated_10x5_oof,114,28
PHQ-8,DAIC-WOZ全量189人,Qwen3.7-Max,思考,6,自我评价低或让家人失望,7,0.3863465766199369,3.0,0.35327551312966793,0.03307106349026895,max_corrected_rho,114,2,4,repeated_10x5_oof,114,28
PHQ-8,DAIC-WOZ全量189人,Qwen3.7-Max,思考,7,注意力困难,8,0.33362726611481064,3.0,0.32150237301370455,0.012124893101106093,max_corrected_rho,114,2,4,repeated_10x5_oof,114,28
PHQ-8,DAIC-WOZ全量189人,Qwen3.7-Max,思考,8,动作或语速改变,16,0.18262820744365127,15.0,0.1727648960564814,0.009863311387169865,max_corrected_rho,114,2,4,repeated_10x5_oof,114,28
PHQ-8,DAIC-WOZ全量189人,DeepSeek-V4-Pro,思考,1,兴趣或愉悦感降低,15,0.5769610240418926,7.0,0.554048293881563,0.022912730160329686,max_corrected_rho,113,3,0,repeated_10x5_oof,113,29
PHQ-8,DAIC-WOZ全量189人,DeepSeek-V4-Pro,思考,2,情绪低落、抑郁或无望,11,0.6613635237173238,3.0,0.6494963915527917,0.011867132164532057,max_corrected_rho,113,3,0,repeated_10x5_oof,113,29
PHQ-8,DAIC-WOZ全量189人,DeepSeek-V4-Pro,思考,3,睡眠问题,3,0.511344629959088,12.0,0.4815794683847898,0.029765161574298205,max_corrected_rho,113,3,0,repeated_10x5_oof,113,29
PHQ-8,DAIC-WOZ全量189人,DeepSeek-V4-Pro,思考,4,疲劳或精力不足,7,0.48159465877007346,11.0,0.46166914881875326,0.019925509951320197,max_corrected_rho,113,3,0,repeated_10x5_oof,113,29
PHQ-8,DAIC-WOZ全量189人,DeepSeek-V4-Pro,思考,5,食欲问题,8,0.2067395774570488,7.0,0.16389912431364967,0.042840453143399126,max_corrected_rho,113,3,0,repeated_10x5_oof,113,29
PHQ-8,DAIC-WOZ全量189人,DeepSeek-V4-Pro,思考,6,自我评价低或让家人失望,11,0.35830076418409,3.0,0.3418673983495654,0.016433365834524594,max_corrected_rho,113,3,0,repeated_10x5_oof,113,29
PHQ-8,DAIC-WOZ全量189人,DeepSeek-V4-Pro,思考,7,注意力困难,16,0.3990869588679031,4.0,0.329157279494658,0.06992967937324507,max_corrected_rho,113,3,0,repeated_10x5_oof,113,29
PHQ-8,DAIC-WOZ全量189人,DeepSeek-V4-Pro,思考,8,动作或语速改变,16,0.15378441217671873,11.0,0.13660134925641565,0.017183062920303083,max_corrected_rho,113,3,0,repeated_10x5_oof,113,29
PHQ-8,DAIC-WOZ全量189人,GLM-5.2,思考,1,兴趣或愉悦感降低,11,0.6083190186265842,3.0,0.5761450572716063,0.032173961354977965,max_corrected_rho,113,3,0,repeated_10x5_oof,113,29
PHQ-8,DAIC-WOZ全量189人,GLM-5.2,思考,2,情绪低落、抑郁或无望,3,0.7043678874452706,11.0,0.6906946173087916,0.01367327013647901,max_corrected_rho,113,3,0,repeated_10x5_oof,113,29
PHQ-8,DAIC-WOZ全量189人,GLM-5.2,思考,3,睡眠问题,7,0.5166996176809312,15.0,0.5156328282794179,0.0010667894015132795,max_corrected_rho,113,3,0,repeated_10x5_oof,113,29
PHQ-8,DAIC-WOZ全量189人,GLM-5.2,思考,4,疲劳或精力不足,3,0.5216460471396098,11.0,0.5143529288624497,0.007293118277160171,max_corrected_rho,113,3,0,repeated_10x5_oof,113,29
PHQ-8,DAIC-WOZ全量189人,GLM-5.2,思考,5,食欲问题,3,0.19155010653088747,4.0,0.137131397108054,0.05441870942283347,max_corrected_rho,113,3,0,repeated_10x5_oof,113,29
PHQ-8,DAIC-WOZ全量189人,GLM-5.2,思考,6,自我评价低或让家人失望,3,0.5631882980897283,11.0,0.5476084458732906,0.01557985221643765,max_corrected_rho,113,3,0,repeated_10x5_oof,113,29
PHQ-8,DAIC-WOZ全量189人,GLM-5.2,思考,7,注意力困难,4,0.4537592953709287,3.0,0.4283950484426956,0.02536424692823308,max_corrected_rho,113,3,0,repeated_10x5_oof,113,29
PHQ-8,DAIC-WOZ全量189人,GLM-5.2,思考,8,动作或语速改变,3,0.3850061308424446,11.0,0.37226066177456113,0.012745469067883486,max_corrected_rho,113,3,0,repeated_10x5_oof,113,29
PHQ-8,DAIC-WOZ全量189人,Qwen3.7-Max,思考,1,兴趣或愉悦感降低,8,0.4754020750367463,7.0,0.4528063259698447,0.022595749066901594,max_corrected_rho,113,3,0,repeated_10x5_oof,113,29
PHQ-8,DAIC-WOZ全量189人,Qwen3.7-Max,思考,2,情绪低落、抑郁或无望,11,0.6762051731131635,12.0,0.6717972114690092,0.004407961644154357,max_corrected_rho,113,3,0,repeated_10x5_oof,113,29
PHQ-8,DAIC-WOZ全量189人,Qwen3.7-Max,思考,3,睡眠问题,8,0.5067156618194628,3.0,0.49522382162930356,0.011491840190159253,max_corrected_rho,113,3,0,repeated_10x5_oof,113,29
PHQ-8,DAIC-WOZ全量189人,Qwen3.7-Max,思考,4,疲劳或精力不足,7,0.4832568463164934,4.0,0.4797654836931072,0.0034913626233862294,max_corrected_rho,113,3,0,repeated_10x5_oof,113,29
PHQ-8,DAIC-WOZ全量189人,Qwen3.7-Max,思考,5,食欲问题,7,0.20523605155331145,15.0,0.14654062071009213,0.05869543084321932,max_corrected_rho,113,3,0,repeated_10x5_oof,113,29
PHQ-8,DAIC-WOZ全量189人,Qwen3.7-Max,思考,6,自我评价低或让家人失望,3,0.42195045656926755,7.0,0.4184923453510869,0.003458111218180626,max_corrected_rho,113,3,0,repeated_10x5_oof,113,29
PHQ-8,DAIC-WOZ全量189人,Qwen3.7-Max,思考,7,注意力困难,8,0.3727476848585759,3.0,0.33677635769600855,0.035971327162567346,max_corrected_rho,113,3,0,repeated_10x5_oof,113,29
PHQ-8,DAIC-WOZ全量189人,Qwen3.7-Max,思考,8,动作或语速改变,7,0.2400277950063408,16.0,0.23324021366539202,0.006787581340948784,max_corrected_rho,113,3,0,repeated_10x5_oof,113,29
PHQ-8,DAIC-WOZ全量189人,DeepSeek-V4-Pro,思考,1,兴趣或愉悦感降低,15,0.5109839995368893,7.0,0.43443953301782356,0.07654446651906577,max_corrected_rho,113,3,1,repeated_10x5_oof,113,29
PHQ-8,DAIC-WOZ全量189人,DeepSeek-V4-Pro,思考,2,情绪低落、抑郁或无望,11,0.6174080987248343,7.0,0.6062610481931229,0.011147050531711389,max_corrected_rho,113,3,1,repeated_10x5_oof,113,29
PHQ-8,DAIC-WOZ全量189人,DeepSeek-V4-Pro,思考,3,睡眠问题,3,0.5424584891397141,4.0,0.530859613783861,0.011598875355853022,max_corrected_rho,113,3,1,repeated_10x5_oof,113,29
PHQ-8,DAIC-WOZ全量189人,DeepSeek-V4-Pro,思考,4,疲劳或精力不足,7,0.4336053505188671,11.0,0.42146365128483504,0.012141699234032077,max_corrected_rho,113,3,1,repeated_10x5_oof,113,29
PHQ-8,DAIC-WOZ全量189人,DeepSeek-V4-Pro,思考,5,食欲问题,8,0.20684094803858769,15.0,0.180083945207986,0.026757002830601673,max_corrected_rho,113,3,1,repeated_10x5_oof,113,29
PHQ-8,DAIC-WOZ全量189人,DeepSeek-V4-Pro,思考,6,自我评价低或让家人失望,11,0.3609039326742308,15.0,0.29062962347869836,0.07027430919553246,max_corrected_rho,113,3,1,repeated_10x5_oof,113,29
PHQ-8,DAIC-WOZ全量189人,DeepSeek-V4-Pro,思考,7,注意力困难,16,0.399096657851275,4.0,0.39152051912259167,0.007576138728683346,max_corrected_rho,113,3,1,repeated_10x5_oof,113,29
PHQ-8,DAIC-WOZ全量189人,DeepSeek-V4-Pro,思考,8,动作或语速改变,11,0.13820303311149412,3.0,0.12056955068958393,0.017633482421910193,max_corrected_rho,113,3,1,repeated_10x5_oof,113,29
PHQ-8,DAIC-WOZ全量189人,GLM-5.2,思考,1,兴趣或愉悦感降低,15,0.5776529501079708,11.0,0.5064603847760327,0.07119256533193807,max_corrected_rho,113,3,1,repeated_10x5_oof,113,29
PHQ-8,DAIC-WOZ全量189人,GLM-5.2,思考,2,情绪低落、抑郁或无望,3,0.648539796350197,11.0,0.6458826342142291,0.0026571621359678943,max_corrected_rho,113,3,1,repeated_10x5_oof,113,29
PHQ-8,DAIC-WOZ全量189人,GLM-5.2,思考,3,睡眠问题,7,0.5633268726113433,3.0,0.5356379128357678,0.027688959775575506,max_corrected_rho,113,3,1,repeated_10x5_oof,113,29
PHQ-8,DAIC-WOZ全量189人,GLM-5.2,思考,4,疲劳或精力不足,4,0.46690286458494923,3.0,0.46110204609533306,0.005800818489616166,max_corrected_rho,113,3,1,repeated_10x5_oof,113,29
PHQ-8,DAIC-WOZ全量189人,GLM-5.2,思考,5,食欲问题,3,0.19091668376978946,7.0,0.13410300108364429,0.05681368268614517,max_corrected_rho,113,3,1,repeated_10x5_oof,113,29
PHQ-8,DAIC-WOZ全量189人,GLM-5.2,思考,6,自我评价低或让家人失望,11,0.492249877030428,3.0,0.48920968857508995,0.0030401884553380443,max_corrected_rho,113,3,1,repeated_10x5_oof,113,29
PHQ-8,DAIC-WOZ全量189人,GLM-5.2,思考,7,注意力困难,4,0.44843360493525075,3.0,0.42415960091172905,0.0242740040235217,max_corrected_rho,113,3,1,repeated_10x5_oof,113,29
PHQ-8,DAIC-WOZ全量189人,GLM-5.2,思考,8,动作或语速改变,15,0.295004295030964,11.0,0.2905304838269065,0.004473811204057487,max_corrected_rho,113,3,1,repeated_10x5_oof,113,29
PHQ-8,DAIC-WOZ全量189人,Qwen3.7-Max,思考,1,兴趣或愉悦感降低,8,0.41679571300154594,7.0,0.34434801435544565,0.07244769864610029,max_corrected_rho,113,3,1,repeated_10x5_oof,113,29
PHQ-8,DAIC-WOZ全量189人,Qwen3.7-Max,思考,2,情绪低落、抑郁或无望,11,0.6448518652967941,12.0,0.6400903589947178,0.004761506302076279,max_corrected_rho,113,3,1,repeated_10x5_oof,113,29
PHQ-8,DAIC-WOZ全量189人,Qwen3.7-Max,思考,3,睡眠问题,3,0.5357568132769968,8.0,0.5221961126875084,0.013560700589488328,max_corrected_rho,113,3,1,repeated_10x5_oof,113,29
PHQ-8,DAIC-WOZ全量189人,Qwen3.7-Max,思考,4,疲劳或精力不足,4,0.4325524301619397,15.0,0.4153440625603916,0.017208367601548147,max_corrected_rho,113,3,1,repeated_10x5_oof,113,29
PHQ-8,DAIC-WOZ全量189人,Qwen3.7-Max,思考,5,食欲问题,7,0.20329306687997717,15.0,0.18728474078016585,0.016008326099811315,max_corrected_rho,113,3,1,repeated_10x5_oof,113,29
PHQ-8,DAIC-WOZ全量189人,Qwen3.7-Max,思考,6,自我评价低或让家人失望,7,0.4181093829686401,3.0,0.3668203302018401,0.051289052766800014,max_corrected_rho,113,3,1,repeated_10x5_oof,113,29
PHQ-8,DAIC-WOZ全量189人,Qwen3.7-Max,思考,7,注意力困难,4,0.37090662460249774,3.0,0.36829962277333295,0.00260700182916479,max_corrected_rho,113,3,1,repeated_10x5_oof,113,29
PHQ-8,DAIC-WOZ全量189人,Qwen3.7-Max,思考,8,动作或语速改变,7,0.17227257318611036,16.0,0.1524562503963455,0.019816322789764862,max_corrected_rho,113,3,1,repeated_10x5_oof,113,29
PHQ-8,DAIC-WOZ全量189人,DeepSeek-V4-Pro,思考,1,兴趣或愉悦感降低,15,0.5323231251004439,7.0,0.4594844569283871,0.07283866817205681,max_corrected_rho,114,3,2,repeated_10x5_oof,114,28
PHQ-8,DAIC-WOZ全量189人,DeepSeek-V4-Pro,思考,2,情绪低落、抑郁或无望,7,0.6688135173314423,11.0,0.6549468644815117,0.013866652849930605,max_corrected_rho,114,3,2,repeated_10x5_oof,114,28
PHQ-8,DAIC-WOZ全量189人,DeepSeek-V4-Pro,思考,3,睡眠问题,3,0.5454254915803473,7.0,0.5271840207233569,0.01824147085699035,max_corrected_rho,114,3,2,repeated_10x5_oof,114,28
PHQ-8,DAIC-WOZ全量189人,DeepSeek-V4-Pro,思考,4,疲劳或精力不足,7,0.4891070976784295,11.0,0.43525447076875345,0.05385262690967607,max_corrected_rho,114,3,2,repeated_10x5_oof,114,28
PHQ-8,DAIC-WOZ全量189人,DeepSeek-V4-Pro,思考,5,食欲问题,8,0.170474635271509,7.0,0.16238603615615804,0.008088599115350953,max_corrected_rho,114,3,2,repeated_10x5_oof,114,28
PHQ-8,DAIC-WOZ全量189人,DeepSeek-V4-Pro,思考,6,自我评价低或让家人失望,3,0.3753982802563208,11.0,0.3691660187316176,0.006232261524703242,max_corrected_rho,114,3,2,repeated_10x5_oof,114,28
PHQ-8,DAIC-WOZ全量189人,DeepSeek-V4-Pro,思考,7,注意力困难,16,0.4386592019046687,4.0,0.37693612925227926,0.061723072652389466,max_corrected_rho,114,3,2,repeated_10x5_oof,114,28
PHQ-8,DAIC-WOZ全量189人,DeepSeek-V4-Pro,思考,8,动作或语速改变,16,0.14744710719288948,3.0,0.13915143025675192,0.008295676936137558,max_corrected_rho,114,3,2,repeated_10x5_oof,114,28
PHQ-8,DAIC-WOZ全量189人,GLM-5.2,思考,1,兴趣或愉悦感降低,15,0.5740454342143994,11.0,0.5530328853780921,0.02101254883630721,max_corrected_rho,114,3,2,repeated_10x5_oof,114,28
PHQ-8,DAIC-WOZ全量189人,GLM-5.2,思考,2,情绪低落、抑郁或无望,11,0.6899844411659397,3.0,0.6872504983894978,0.0027339427764419,max_corrected_rho,114,3,2,repeated_10x5_oof,114,28
PHQ-8,DAIC-WOZ全量189人,GLM-5.2,思考,3,睡眠问题,7,0.5825387027514238,11.0,0.5650110662135034,0.017527636537920444,max_corrected_rho,114,3,2,repeated_10x5_oof,114,28
PHQ-8,DAIC-WOZ全量189人,GLM-5.2,思考,4,疲劳或精力不足,11,0.49554195921019367,4.0,0.4829762620906428,0.012565697119550856,max_corrected_rho,114,3,2,repeated_10x5_oof,114,28
PHQ-8,DAIC-WOZ全量189人,GLM-5.2,思考,5,食欲问题,3,0.1667183617526134,7.0,0.15653767325855653,0.010180688494056872,max_corrected_rho,114,3,2,repeated_10x5_oof,114,28
PHQ-8,DAIC-WOZ全量189人,GLM-5.2,思考,6,自我评价低或让家人失望,11,0.5599979729988214,3.0,0.534455985432415,0.025541987566406354,max_corrected_rho,114,3,2,repeated_10x5_oof,114,28
PHQ-8,DAIC-WOZ全量189人,GLM-5.2,思考,7,注意力困难,4,0.473529034200496,11.0,0.4378582979344266,0.035670736266069425,max_corrected_rho,114,3,2,repeated_10x5_oof,114,28
PHQ-8,DAIC-WOZ全量189人,GLM-5.2,思考,8,动作或语速改变,15,0.340132001387283,7.0,0.32915883376488725,0.010973167622395752,max_corrected_rho,114,3,2,repeated_10x5_oof,114,28
PHQ-8,DAIC-WOZ全量189人,Qwen3.7-Max,思考,1,兴趣或愉悦感降低,8,0.4353664555321527,4.0,0.4186964146459333,0.016670040886219373,max_corrected_rho,114,3,2,repeated_10x5_oof,114,28
PHQ-8,DAIC-WOZ全量189人,Qwen3.7-Max,思考,2,情绪低落、抑郁或无望,11,0.6805312396406705,12.0,0.6654703252743501,0.0150609143663204,max_corrected_rho,114,3,2,repeated_10x5_oof,114,28
PHQ-8,DAIC-WOZ全量189人,Qwen3.7-Max,思考,3,睡眠问题,7,0.5714008731229084,3.0,0.5702847971502483,0.0011160759726601688,max_corrected_rho,114,3,2,repeated_10x5_oof,114,28
PHQ-8,DAIC-WOZ全量189人,Qwen3.7-Max,思考,4,疲劳或精力不足,7,0.46379804141477,15.0,0.46238553488692974,0.0014125065278402515,max_corrected_rho,114,3,2,repeated_10x5_oof,114,28
PHQ-8,DAIC-WOZ全量189人,Qwen3.7-Max,思考,5,食欲问题,7,0.2024139490229427,3.0,0.14787927208453705,0.05453467693840566,max_corrected_rho,114,3,2,repeated_10x5_oof,114,28
PHQ-8,DAIC-WOZ全量189人,Qwen3.7-Max,思考,6,自我评价低或让家人失望,3,0.4468945102427246,7.0,0.42882352731420204,0.01807098292852255,max_corrected_rho,114,3,2,repeated_10x5_oof,114,28
PHQ-8,DAIC-WOZ全量189人,Qwen3.7-Max,思考,7,注意力困难,8,0.4007422779845633,4.0,0.3592758638130607,0.0414664141715026,max_corrected_rho,114,3,2,repeated_10x5_oof,114,28
PHQ-8,DAIC-WOZ全量189人,Qwen3.7-Max,思考,8,动作或语速改变,16,0.2070673366990906,7.0,0.20425444358567885,0.002812893113411763,max_corrected_rho,114,3,2,repeated_10x5_oof,114,28
PHQ-8,DAIC-WOZ全量189人,DeepSeek-V4-Pro,思考,1,兴趣或愉悦感降低,15,0.5300912000700844,7.0,0.5038816249013315,0.026209575168752886,max_corrected_rho,114,3,3,repeated_10x5_oof,114,28
PHQ-8,DAIC-WOZ全量189人,DeepSeek-V4-Pro,思考,2,情绪低落、抑郁或无望,7,0.6440115052660164,11.0,0.6297895928534883,0.014221912412528015,max_corrected_rho,114,3,3,repeated_10x5_oof,114,28
PHQ-8,DAIC-WOZ全量189人,DeepSeek-V4-Pro,思考,3,睡眠问题,7,0.49780294000715286,3.0,0.49244856046897334,0.005354379538179521,max_corrected_rho,114,3,3,repeated_10x5_oof,114,28
PHQ-8,DAIC-WOZ全量189人,DeepSeek-V4-Pro,思考,4,疲劳或精力不足,7,0.518706675385626,11.0,0.4707949274537865,0.0479117479318395,max_corrected_rho,114,3,3,repeated_10x5_oof,114,28
PHQ-8,DAIC-WOZ全量189人,DeepSeek-V4-Pro,思考,5,食欲问题,8,0.2562852119372066,16.0,0.2232270425184543,0.03305816941875231,max_corrected_rho,114,3,3,repeated_10x5_oof,114,28
PHQ-8,DAIC-WOZ全量189人,DeepSeek-V4-Pro,思考,6,自我评价低或让家人失望,11,0.4116635892229717,15.0,0.3142479808279061,0.09741560839506558,max_corrected_rho,114,3,3,repeated_10x5_oof,114,28
PHQ-8,DAIC-WOZ全量189人,DeepSeek-V4-Pro,思考,7,注意力困难,16,0.4957839378149451,4.0,0.40663194016886345,0.08915199764608167,max_corrected_rho,114,3,3,repeated_10x5_oof,114,28
PHQ-8,DAIC-WOZ全量189人,DeepSeek-V4-Pro,思考,8,动作或语速改变,11,0.1319611738420722,16.0,0.13176009445060222,0.0002010793914699882,max_corrected_rho,114,3,3,repeated_10x5_oof,114,28
PHQ-8,DAIC-WOZ全量189人,GLM-5.2,思考,1,兴趣或愉悦感降低,11,0.5916323013679453,15.0,0.5616181752957423,0.030014126072202996,max_corrected_rho,114,3,3,repeated_10x5_oof,114,28
PHQ-8,DAIC-WOZ全量189人,GLM-5.2,思考,2,情绪低落、抑郁或无望,3,0.6865186245395887,11.0,0.6730842526173584,0.013434371922230293,max_corrected_rho,114,3,3,repeated_10x5_oof,114,28
PHQ-8,DAIC-WOZ全量189人,GLM-5.2,思考,3,睡眠问题,7,0.5292915582210065,3.0,0.5204909382751902,0.008800619945816268,max_corrected_rho,114,3,3,repeated_10x5_oof,114,28
PHQ-8,DAIC-WOZ全量189人,GLM-5.2,思考,4,疲劳或精力不足,4,0.5157937959508716,11.0,0.508338735648965,0.007455060301906569,max_corrected_rho,114,3,3,repeated_10x5_oof,114,28
PHQ-8,DAIC-WOZ全量189人,GLM-5.2,思考,5,食欲问题,3,0.24030345504948022,4.0,0.2208151180656535,0.019488336983826737,max_corrected_rho,114,3,3,repeated_10x5_oof,114,28
PHQ-8,DAIC-WOZ全量189人,GLM-5.2,思考,6,自我评价低或让家人失望,11,0.5566022199097787,3.0,0.5099591808387202,0.04664303907105849,max_corrected_rho,114,3,3,repeated_10x5_oof,114,28
PHQ-8,DAIC-WOZ全量189人,GLM-5.2,思考,7,注意力困难,4,0.47471229371256396,11.0,0.4405237894078104,0.034188504304753564,max_corrected_rho,114,3,3,repeated_10x5_oof,114,28
PHQ-8,DAIC-WOZ全量189人,GLM-5.2,思考,8,动作或语速改变,15,0.3588849881178685,11.0,0.33735206865045636,0.021532919467412148,max_corrected_rho,114,3,3,repeated_10x5_oof,114,28
PHQ-8,DAIC-WOZ全量189人,Qwen3.7-Max,思考,1,兴趣或愉悦感降低,8,0.446740516700148,7.0,0.36220459749031936,0.08453591920982867,max_corrected_rho,114,3,3,repeated_10x5_oof,114,28
PHQ-8,DAIC-WOZ全量189人,Qwen3.7-Max,思考,2,情绪低落、抑郁或无望,11,0.685848369837205,4.0,0.6619258523009236,0.023922517536281385,max_corrected_rho,114,3,3,repeated_10x5_oof,114,28
PHQ-8,DAIC-WOZ全量189人,Qwen3.7-Max,思考,3,睡眠问题,3,0.5247646042031532,8.0,0.5217850687623787,0.00297953544077445,max_corrected_rho,114,3,3,repeated_10x5_oof,114,28
PHQ-8,DAIC-WOZ全量189人,Qwen3.7-Max,思考,4,疲劳或精力不足,4,0.48164952966054064,7.0,0.47363594699471284,0.008013582665827801,max_corrected_rho,114,3,3,repeated_10x5_oof,114,28
PHQ-8,DAIC-WOZ全量189人,Qwen3.7-Max,思考,5,食欲问题,7,0.2237167121865702,15.0,0.19668941197089415,0.027027300215676037,max_corrected_rho,114,3,3,repeated_10x5_oof,114,28
PHQ-8,DAIC-WOZ全量189人,Qwen3.7-Max,思考,6,自我评价低或让家人失望,7,0.44139836452001713,3.0,0.39927345656334734,0.04212490795666979,max_corrected_rho,114,3,3,repeated_10x5_oof,114,28
PHQ-8,DAIC-WOZ全量189人,Qwen3.7-Max,思考,7,注意力困难,8,0.4213335530723246,4.0,0.40309755712255363,0.01823599594977099,max_corrected_rho,114,3,3,repeated_10x5_oof,114,28
PHQ-8,DAIC-WOZ全量189人,Qwen3.7-Max,思考,8,动作或语速改变,15,0.2196168309326637,7.0,0.19373790607331268,0.025878924859351032,max_corrected_rho,114,3,3,repeated_10x5_oof,114,28
PHQ-8,DAIC-WOZ全量189人,DeepSeek-V4-Pro,思考,1,兴趣或愉悦感降低,7,0.4808974374782245,15.0,0.46872758473281406,0.012169852745410437,max_corrected_rho,114,3,4,repeated_10x5_oof,114,28
PHQ-8,DAIC-WOZ全量189人,DeepSeek-V4-Pro,思考,2,情绪低落、抑郁或无望,7,0.6182852493443896,11.0,0.6119755276386196,0.006309721705769933,max_corrected_rho,114,3,4,repeated_10x5_oof,114,28
PHQ-8,DAIC-WOZ全量189人,DeepSeek-V4-Pro,思考,3,睡眠问题,3,0.48562104485309254,7.0,0.45068648948452095,0.034934555368571596,max_corrected_rho,114,3,4,repeated_10x5_oof,114,28
PHQ-8,DAIC-WOZ全量189人,DeepSeek-V4-Pro,思考,4,疲劳或精力不足,7,0.5243854888338765,11.0,0.4684384780619203,0.055947010771956185,max_corrected_rho,114,3,4,repeated_10x5_oof,114,28
PHQ-8,DAIC-WOZ全量189人,DeepSeek-V4-Pro,思考,5,食欲问题,8,0.1591549430937361,16.0,0.1587575692068487,0.00039737388688740327,max_corrected_rho,114,3,4,repeated_10x5_oof,114,28
PHQ-8,DAIC-WOZ全量189人,DeepSeek-V4-Pro,思考,6,自我评价低或让家人失望,11,0.3340612419794933,3.0,0.2709537480206834,0.06310749395880988,max_corrected_rho,114,3,4,repeated_10x5_oof,114,28
PHQ-8,DAIC-WOZ全量189人,DeepSeek-V4-Pro,思考,7,注意力困难,16,0.3423571598679972,4.0,0.3041821356446813,0.03817502422331592,max_corrected_rho,114,3,4,repeated_10x5_oof,114,28
PHQ-8,DAIC-WOZ全量189人,DeepSeek-V4-Pro,思考,8,动作或语速改变,4,0.15656885204391832,16.0,0.14272010509538086,0.013848746948537466,max_corrected_rho,114,3,4,repeated_10x5_oof,114,28
PHQ-8,DAIC-WOZ全量189人,GLM-5.2,思考,1,兴趣或愉悦感降低,15,0.5473539351753115,11.0,0.53699410605422,0.010359829121091457,max_corrected_rho,114,3,4,repeated_10x5_oof,114,28
PHQ-8,DAIC-WOZ全量189人,GLM-5.2,思考,2,情绪低落、抑郁或无望,11,0.6655232351929744,3.0,0.6437599123661867,0.021763322826787723,max_corrected_rho,114,3,4,repeated_10x5_oof,114,28
PHQ-8,DAIC-WOZ全量189人,GLM-5.2,思考,3,睡眠问题,7,0.5189712391639504,15.0,0.5121842117704233,0.006787027393527101,max_corrected_rho,114,3,4,repeated_10x5_oof,114,28
PHQ-8,DAIC-WOZ全量189人,GLM-5.2,思考,4,疲劳或精力不足,3,0.5442137212942099,11.0,0.5392697221861666,0.004943999108043218,max_corrected_rho,114,3,4,repeated_10x5_oof,114,28
PHQ-8,DAIC-WOZ全量189人,GLM-5.2,思考,5,食欲问题,3,0.14836528482193959,11.0,0.12409146238284445,0.024273822439095136,max_corrected_rho,114,3,4,repeated_10x5_oof,114,28
PHQ-8,DAIC-WOZ全量189人,GLM-5.2,思考,6,自我评价低或让家人失望,3,0.5246217449825052,11.0,0.516231549585399,0.008390195397106281,max_corrected_rho,114,3,4,repeated_10x5_oof,114,28
PHQ-8,DAIC-WOZ全量189人,GLM-5.2,思考,7,注意力困难,3,0.41474992622018375,11.0,0.40990868226498733,0.004841243955196417,max_corrected_rho,114,3,4,repeated_10x5_oof,114,28
PHQ-8,DAIC-WOZ全量189人,GLM-5.2,思考,8,动作或语速改变,3,0.3887233196204441,15.0,0.33926709206871514,0.04945622755172896,max_corrected_rho,114,3,4,repeated_10x5_oof,114,28
PHQ-8,DAIC-WOZ全量189人,Qwen3.7-Max,思考,1,兴趣或愉悦感降低,8,0.4521384632934666,7.0,0.39548744128202756,0.05665102201143901,max_corrected_rho,114,3,4,repeated_10x5_oof,114,28
PHQ-8,DAIC-WOZ全量189人,Qwen3.7-Max,思考,2,情绪低落、抑郁或无望,11,0.6492383413883857,12.0,0.6143369811259802,0.03490136026240542,max_corrected_rho,114,3,4,repeated_10x5_oof,114,28
PHQ-8,DAIC-WOZ全量189人,Qwen3.7-Max,思考,3,睡眠问题,3,0.5037699715129782,11.0,0.4762923573527398,0.027477614160238417,max_corrected_rho,114,3,4,repeated_10x5_oof,114,28
PHQ-8,DAIC-WOZ全量189人,Qwen3.7-Max,思考,4,疲劳或精力不足,4,0.5151648204915079,7.0,0.4764196303903323,0.03874519010117561,max_corrected_rho,114,3,4,repeated_10x5_oof,114,28
PHQ-8,DAIC-WOZ全量189人,Qwen3.7-Max,思考,5,食欲问题,7,0.1670281810424374,8.0,0.1050419244621201,0.06198625658031731,max_corrected_rho,114,3,4,repeated_10x5_oof,114,28
PHQ-8,DAIC-WOZ全量189人,Qwen3.7-Max,思考,6,自我评价低或让家人失望,7,0.38521733931766233,11.0,0.34753086650315373,0.0376864728145086,max_corrected_rho,114,3,4,repeated_10x5_oof,114,28
PHQ-8,DAIC-WOZ全量189人,Qwen3.7-Max,思考,7,注意力困难,8,0.33765223735516153,3.0,0.33114152029669247,0.006510717058469062,max_corrected_rho,114,3,4,repeated_10x5_oof,114,28
PHQ-8,DAIC-WOZ全量189人,Qwen3.7-Max,思考,8,动作或语速改变,16,0.2700463891033568,15.0,0.24652700229018748,0.02351938681316934,max_corrected_rho,114,3,4,repeated_10x5_oof,114,28
PHQ-8,DAIC-WOZ全量189人,DeepSeek-V4-Pro,思考,1,兴趣或愉悦感降低,15,0.4982663542008954,7.0,0.4627263947373592,0.035539959463536164,max_corrected_rho,113,4,0,repeated_10x5_oof,113,29
PHQ-8,DAIC-WOZ全量189人,DeepSeek-V4-Pro,思考,2,情绪低落、抑郁或无望,11,0.6470111467723804,7.0,0.6305138849008148,0.016497261871565527,max_corrected_rho,113,4,0,repeated_10x5_oof,113,29
PHQ-8,DAIC-WOZ全量189人,DeepSeek-V4-Pro,思考,3,睡眠问题,3,0.5241332669965078,4.0,0.5056249620272371,0.018508304969270695,max_corrected_rho,113,4,0,repeated_10x5_oof,113,29
PHQ-8,DAIC-WOZ全量189人,DeepSeek-V4-Pro,思考,4,疲劳或精力不足,7,0.5241562676091116,11.0,0.4905395184434317,0.033616749165679916,max_corrected_rho,113,4,0,repeated_10x5_oof,113,29
PHQ-8,DAIC-WOZ全量189人,DeepSeek-V4-Pro,思考,5,食欲问题,15,0.14104666131662708,8.0,0.12262870539736415,0.01841795591926293,max_corrected_rho,113,4,0,repeated_10x5_oof,113,29
PHQ-8,DAIC-WOZ全量189人,DeepSeek-V4-Pro,思考,6,自我评价低或让家人失望,11,0.30670985815456053,15.0,0.24789974976362755,0.05881010839093298,max_corrected_rho,113,4,0,repeated_10x5_oof,113,29
PHQ-8,DAIC-WOZ全量189人,DeepSeek-V4-Pro,思考,7,注意力困难,16,0.4205416244287414,4.0,0.3810548465956467,0.03948677783309468,max_corrected_rho,113,4,0,repeated_10x5_oof,113,29
PHQ-8,DAIC-WOZ全量189人,DeepSeek-V4-Pro,思考,8,动作或语速改变,4,0.1662043989652078,16.0,0.13469992899419808,0.031504469971009724,max_corrected_rho,113,4,0,repeated_10x5_oof,113,29
PHQ-8,DAIC-WOZ全量189人,GLM-5.2,思考,1,兴趣或愉悦感降低,15,0.5550729334049508,3.0,0.5413966722542514,0.01367626115069942,max_corrected_rho,113,4,0,repeated_10x5_oof,113,29
PHQ-8,DAIC-WOZ全量189人,GLM-5.2,思考,2,情绪低落、抑郁或无望,11,0.6985545670204761,3.0,0.6734500761093607,0.02510449091111544,max_corrected_rho,113,4,0,repeated_10x5_oof,113,29
PHQ-8,DAIC-WOZ全量189人,GLM-5.2,思考,3,睡眠问题,15,0.573501028460361,7.0,0.5667068864715923,0.006794141988768709,max_corrected_rho,113,4,0,repeated_10x5_oof,113,29
PHQ-8,DAIC-WOZ全量189人,GLM-5.2,思考,4,疲劳或精力不足,11,0.5505797191702757,4.0,0.5401580121577514,0.010421707012524317,max_corrected_rho,113,4,0,repeated_10x5_oof,113,29
PHQ-8,DAIC-WOZ全量189人,GLM-5.2,思考,5,食欲问题,3,0.11312738616126193,7.0,0.09937843440581491,0.01374895175544702,max_corrected_rho,113,4,0,repeated_10x5_oof,113,29
PHQ-8,DAIC-WOZ全量189人,GLM-5.2,思考,6,自我评价低或让家人失望,11,0.5029386499170355,3.0,0.4897508076424998,0.013187842274535733,max_corrected_rho,113,4,0,repeated_10x5_oof,113,29
PHQ-8,DAIC-WOZ全量189人,GLM-5.2,思考,7,注意力困难,3,0.4560976173993283,12.0,0.44680265453096046,0.00929496286836784,max_corrected_rho,113,4,0,repeated_10x5_oof,113,29
PHQ-8,DAIC-WOZ全量189人,GLM-5.2,思考,8,动作或语速改变,3,0.3102172289562484,12.0,0.3018115857717644,0.008405643184484002,max_corrected_rho,113,4,0,repeated_10x5_oof,113,29
PHQ-8,DAIC-WOZ全量189人,Qwen3.7-Max,思考,1,兴趣或愉悦感降低,8,0.4210678694479577,16.0,0.3578343325972616,0.0632335368506961,max_corrected_rho,113,4,0,repeated_10x5_oof,113,29
PHQ-8,DAIC-WOZ全量189人,Qwen3.7-Max,思考,2,情绪低落、抑郁或无望,11,0.6828603039230032,12.0,0.65681972535021,0.026040578572793183,max_corrected_rho,113,4,0,repeated_10x5_oof,113,29
PHQ-8,DAIC-WOZ全量189人,Qwen3.7-Max,思考,3,睡眠问题,3,0.5312497587927881,7.0,0.5221505978543225,0.009099160938465634,max_corrected_rho,113,4,0,repeated_10x5_oof,113,29
PHQ-8,DAIC-WOZ全量189人,Qwen3.7-Max,思考,4,疲劳或精力不足,4,0.49107493237097344,7.0,0.48976320109723803,0.0013117312737354059,max_corrected_rho,113,4,0,repeated_10x5_oof,113,29
PHQ-8,DAIC-WOZ全量189人,Qwen3.7-Max,思考,5,食欲问题,7,0.11824979690571112,3.0,0.08699781431184203,0.03125198259386909,max_corrected_rho,113,4,0,repeated_10x5_oof,113,29
PHQ-8,DAIC-WOZ全量189人,Qwen3.7-Max,思考,6,自我评价低或让家人失望,7,0.376368157975572,3.0,0.3594690203792933,0.0168991375962787,max_corrected_rho,113,4,0,repeated_10x5_oof,113,29
PHQ-8,DAIC-WOZ全量189人,Qwen3.7-Max,思考,7,注意力困难,7,0.3985157002399487,3.0,0.3773420921781725,0.021173608061776206,max_corrected_rho,113,4,0,repeated_10x5_oof,113,29
PHQ-8,DAIC-WOZ全量189人,Qwen3.7-Max,思考,8,动作或语速改变,16,0.2618617095071482,15.0,0.25470289741806995,0.007158812089078259,max_corrected_rho,113,4,0,repeated_10x5_oof,113,29
PHQ-8,DAIC-WOZ全量189人,DeepSeek-V4-Pro,思考,1,兴趣或愉悦感降低,15,0.5782102788709409,8.0,0.5051003590739677,0.07310991979697323,max_corrected_rho,113,4,1,repeated_10x5_oof,113,29
PHQ-8,DAIC-WOZ全量189人,DeepSeek-V4-Pro,思考,2,情绪低落、抑郁或无望,7,0.6450813746680991,12.0,0.6211816711713782,0.02389970349672088,max_corrected_rho,113,4,1,repeated_10x5_oof,113,29
PHQ-8,DAIC-WOZ全量189人,DeepSeek-V4-Pro,思考,3,睡眠问题,3,0.47571284845833295,4.0,0.47351911186520373,0.002193736593129214,max_corrected_rho,113,4,1,repeated_10x5_oof,113,29
PHQ-8,DAIC-WOZ全量189人,DeepSeek-V4-Pro,思考,4,疲劳或精力不足,7,0.49679387453779367,11.0,0.4614963111939089,0.035297563343884786,max_corrected_rho,113,4,1,repeated_10x5_oof,113,29
PHQ-8,DAIC-WOZ全量189人,DeepSeek-V4-Pro,思考,5,食欲问题,8,0.20716174395352052,7.0,0.1966889059647142,0.010472837988806327,max_corrected_rho,113,4,1,repeated_10x5_oof,113,29
PHQ-8,DAIC-WOZ全量189人,DeepSeek-V4-Pro,思考,6,自我评价低或让家人失望,11,0.41748757059341635,15.0,0.33290274953750254,0.0845848210559138,max_corrected_rho,113,4,1,repeated_10x5_oof,113,29
PHQ-8,DAIC-WOZ全量189人,DeepSeek-V4-Pro,思考,7,注意力困难,16,0.4405151383783102,4.0,0.4059532830338702,0.03456185534444001,max_corrected_rho,113,4,1,repeated_10x5_oof,113,29
PHQ-8,DAIC-WOZ全量189人,DeepSeek-V4-Pro,思考,8,动作或语速改变,3,0.13981957201151596,11.0,0.13372545050401158,0.00609412150750438,max_corrected_rho,113,4,1,repeated_10x5_oof,113,29
PHQ-8,DAIC-WOZ全量189人,GLM-5.2,思考,1,兴趣或愉悦感降低,15,0.6004619039826182,11.0,0.5846464568023818,0.01581544718023642,max_corrected_rho,113,4,1,repeated_10x5_oof,113,29
PHQ-8,DAIC-WOZ全量189人,GLM-5.2,思考,2,情绪低落、抑郁或无望,3,0.6465055404745697,11.0,0.6455446585184478,0.0009608819561218729,max_corrected_rho,113,4,1,repeated_10x5_oof,113,29
PHQ-8,DAIC-WOZ全量189人,GLM-5.2,思考,3,睡眠问题,7,0.5304664167036999,3.0,0.49622650286918263,0.034239913834517244,max_corrected_rho,113,4,1,repeated_10x5_oof,113,29
PHQ-8,DAIC-WOZ全量189人,GLM-5.2,思考,4,疲劳或精力不足,4,0.504110573189242,11.0,0.5033712581564773,0.000739315032764698,max_corrected_rho,113,4,1,repeated_10x5_oof,113,29
PHQ-8,DAIC-WOZ全量189人,GLM-5.2,思考,5,食欲问题,3,0.20233659072891033,7.0,0.14185548464371014,0.06048110608520019,max_corrected_rho,113,4,1,repeated_10x5_oof,113,29
PHQ-8,DAIC-WOZ全量189人,GLM-5.2,思考,6,自我评价低或让家人失望,11,0.5528042504371931,3.0,0.5334080337067106,0.01939621673048242,max_corrected_rho,113,4,1,repeated_10x5_oof,113,29
PHQ-8,DAIC-WOZ全量189人,GLM-5.2,思考,7,注意力困难,4,0.4483358543121293,11.0,0.4306120931073541,0.0177237612047752,max_corrected_rho,113,4,1,repeated_10x5_oof,113,29
PHQ-8,DAIC-WOZ全量189人,GLM-5.2,思考,8,动作或语速改变,11,0.3418807921413905,15.0,0.34024649892412545,0.0016342932172650482,max_corrected_rho,113,4,1,repeated_10x5_oof,113,29
PHQ-8,DAIC-WOZ全量189人,Qwen3.7-Max,思考,1,兴趣或愉悦感降低,8,0.4944467383239897,7.0,0.444226028063561,0.050220710260428736,max_corrected_rho,113,4,1,repeated_10x5_oof,113,29
PHQ-8,DAIC-WOZ全量189人,Qwen3.7-Max,思考,2,情绪低落、抑郁或无望,11,0.6219689889171903,4.0,0.6098000608042269,0.01216892811296344,max_corrected_rho,113,4,1,repeated_10x5_oof,113,29
PHQ-8,DAIC-WOZ全量189人,Qwen3.7-Max,思考,3,睡眠问题,3,0.5214005123482788,11.0,0.48898545411989713,0.032415058228381644,max_corrected_rho,113,4,1,repeated_10x5_oof,113,29
PHQ-8,DAIC-WOZ全量189人,Qwen3.7-Max,思考,4,疲劳或精力不足,4,0.492176237395861,15.0,0.4809170407254693,0.011259196670391713,max_corrected_rho,113,4,1,repeated_10x5_oof,113,29
PHQ-8,DAIC-WOZ全量189人,Qwen3.7-Max,思考,5,食欲问题,7,0.2376352447119078,15.0,0.19893457779988197,0.03870066691202584,max_corrected_rho,113,4,1,repeated_10x5_oof,113,29
PHQ-8,DAIC-WOZ全量189人,Qwen3.7-Max,思考,6,自我评价低或让家人失望,7,0.42297390006059155,11.0,0.4160300650078582,0.006943835052733327,max_corrected_rho,113,4,1,repeated_10x5_oof,113,29
PHQ-8,DAIC-WOZ全量189人,Qwen3.7-Max,思考,7,注意力困难,8,0.4159908316070955,4.0,0.3812930532857557,0.0346977783213398,max_corrected_rho,113,4,1,repeated_10x5_oof,113,29
PHQ-8,DAIC-WOZ全量189人,Qwen3.7-Max,思考,8,动作或语速改变,16,0.1956358421955015,7.0,0.17689119863346356,0.01874464356203795,max_corrected_rho,113,4,1,repeated_10x5_oof,113,29
PHQ-8,DAIC-WOZ全量189人,DeepSeek-V4-Pro,思考,1,兴趣或愉悦感降低,15,0.5112536420906092,7.0,0.4671347630679835,0.04411887902262568,max_corrected_rho,114,4,2,repeated_10x5_oof,114,28
PHQ-8,DAIC-WOZ全量189人,DeepSeek-V4-Pro,思考,2,情绪低落、抑郁或无望,11,0.6585154687107936,7.0,0.6517771900318787,0.006738278678914855,max_corrected_rho,114,4,2,repeated_10x5_oof,114,28
PHQ-8,DAIC-WOZ全量189人,DeepSeek-V4-Pro,思考,3,睡眠问题,3,0.49661526254263383,7.0,0.4738002068926931,0.02281505564994074,max_corrected_rho,114,4,2,repeated_10x5_oof,114,28
PHQ-8,DAIC-WOZ全量189人,DeepSeek-V4-Pro,思考,4,疲劳或精力不足,7,0.46257951461895935,11.0,0.4137953163993042,0.04878419821965513,max_corrected_rho,114,4,2,repeated_10x5_oof,114,28
PHQ-8,DAIC-WOZ全量189人,DeepSeek-V4-Pro,思考,5,食欲问题,8,0.20261371970240022,16.0,0.16148960141406032,0.041124118288339895,max_corrected_rho,114,4,2,repeated_10x5_oof,114,28
PHQ-8,DAIC-WOZ全量189人,DeepSeek-V4-Pro,思考,6,自我评价低或让家人失望,11,0.3351866646422828,3.0,0.3230242245222605,0.012162440120022322,max_corrected_rho,114,4,2,repeated_10x5_oof,114,28
PHQ-8,DAIC-WOZ全量189人,DeepSeek-V4-Pro,思考,7,注意力困难,16,0.358546110185032,4.0,0.2872639949255023,0.07128211525952971,max_corrected_rho,114,4,2,repeated_10x5_oof,114,28
PHQ-8,DAIC-WOZ全量189人,DeepSeek-V4-Pro,思考,8,动作或语速改变,16,0.16536531669433815,11.0,0.13639560915439428,0.02896970753994388,max_corrected_rho,114,4,2,repeated_10x5_oof,114,28
PHQ-8,DAIC-WOZ全量189人,GLM-5.2,思考,1,兴趣或愉悦感降低,11,0.5622521404017452,15.0,0.5605536277947836,0.001698512606961633,max_corrected_rho,114,4,2,repeated_10x5_oof,114,28
PHQ-8,DAIC-WOZ全量189人,GLM-5.2,思考,2,情绪低落、抑郁或无望,3,0.7023118347824893,11.0,0.6973097846504634,0.005002050132025815,max_corrected_rho,114,4,2,repeated_10x5_oof,114,28
PHQ-8,DAIC-WOZ全量189人,GLM-5.2,思考,3,睡眠问题,7,0.5409790047031823,3.0,0.5222823813975717,0.018696623305610616,max_corrected_rho,114,4,2,repeated_10x5_oof,114,28
PHQ-8,DAIC-WOZ全量189人,GLM-5.2,思考,4,疲劳或精力不足,3,0.49697554554519485,11.0,0.4833070487739155,0.013668496771279348,max_corrected_rho,114,4,2,repeated_10x5_oof,114,28
PHQ-8,DAIC-WOZ全量189人,GLM-5.2,思考,5,食欲问题,3,0.18653491459844249,4.0,0.16131636443992714,0.025218550158515346,max_corrected_rho,114,4,2,repeated_10x5_oof,114,28
PHQ-8,DAIC-WOZ全量189人,GLM-5.2,思考,6,自我评价低或让家人失望,11,0.5086510314342401,3.0,0.4964157247425245,0.012235306691715575,max_corrected_rho,114,4,2,repeated_10x5_oof,114,28
PHQ-8,DAIC-WOZ全量189人,GLM-5.2,思考,7,注意力困难,4,0.3892735859756932,3.0,0.3623282544348323,0.02694533154086093,max_corrected_rho,114,4,2,repeated_10x5_oof,114,28
PHQ-8,DAIC-WOZ全量189人,GLM-5.2,思考,8,动作或语速改变,11,0.36556955237287986,3.0,0.32499206034724815,0.04057749202563171,max_corrected_rho,114,4,2,repeated_10x5_oof,114,28
PHQ-8,DAIC-WOZ全量189人,Qwen3.7-Max,思考,1,兴趣或愉悦感降低,8,0.41117011279011617,4.0,0.3663643180284919,0.044805794761624274,max_corrected_rho,114,4,2,repeated_10x5_oof,114,28
PHQ-8,DAIC-WOZ全量189人,Qwen3.7-Max,思考,2,情绪低落、抑郁或无望,11,0.6930978349111797,12.0,0.6619215608614951,0.031176274049684594,max_corrected_rho,114,4,2,repeated_10x5_oof,114,28
PHQ-8,DAIC-WOZ全量189人,Qwen3.7-Max,思考,3,睡眠问题,3,0.5218010926802474,8.0,0.5164351677699589,0.005365924910288533,max_corrected_rho,114,4,2,repeated_10x5_oof,114,28
PHQ-8,DAIC-WOZ全量189人,Qwen3.7-Max,思考,4,疲劳或精力不足,4,0.45482488392640213,7.0,0.4425272623434247,0.012297621582977425,max_corrected_rho,114,4,2,repeated_10x5_oof,114,28
PHQ-8,DAIC-WOZ全量189人,Qwen3.7-Max,思考,5,食欲问题,7,0.19958191410018172,15.0,0.14571165305446168,0.05387026104572004,max_corrected_rho,114,4,2,repeated_10x5_oof,114,28
PHQ-8,DAIC-WOZ全量189人,Qwen3.7-Max,思考,6,自我评价低或让家人失望,7,0.41439255541518244,3.0,0.36970938907756323,0.04468316633761921,max_corrected_rho,114,4,2,repeated_10x5_oof,114,28
PHQ-8,DAIC-WOZ全量189人,Qwen3.7-Max,思考,7,注意力困难,8,0.3148334609401183,4.0,0.27422559660467666,0.04060786433544167,max_corrected_rho,114,4,2,repeated_10x5_oof,114,28
PHQ-8,DAIC-WOZ全量189人,Qwen3.7-Max,思考,8,动作或语速改变,15,0.2205832877150714,7.0,0.21366123338374918,0.0069220543313222305,max_corrected_rho,114,4,2,repeated_10x5_oof,114,28
PHQ-8,DAIC-WOZ全量189人,DeepSeek-V4-Pro,思考,1,兴趣或愉悦感降低,15,0.5229051903732356,7.0,0.5096788893191071,0.013226301054128475,max_corrected_rho,114,4,3,repeated_10x5_oof,114,28
PHQ-8,DAIC-WOZ全量189人,DeepSeek-V4-Pro,思考,2,情绪低落、抑郁或无望,7,0.6308571937604972,11.0,0.6290183621796503,0.0018388315808468558,max_corrected_rho,114,4,3,repeated_10x5_oof,114,28
PHQ-8,DAIC-WOZ全量189人,DeepSeek-V4-Pro,思考,3,睡眠问题,3,0.5752361513072737,11.0,0.5288143476985301,0.046421803608743595,max_corrected_rho,114,4,3,repeated_10x5_oof,114,28
PHQ-8,DAIC-WOZ全量189人,DeepSeek-V4-Pro,思考,4,疲劳或精力不足,11,0.48575481888274025,7.0,0.48423183152121024,0.0015229873615300038,max_corrected_rho,114,4,3,repeated_10x5_oof,114,28
PHQ-8,DAIC-WOZ全量189人,DeepSeek-V4-Pro,思考,5,食欲问题,8,0.19712022334291837,7.0,0.15812558284993364,0.03899464049298473,max_corrected_rho,114,4,3,repeated_10x5_oof,114,28
PHQ-8,DAIC-WOZ全量189人,DeepSeek-V4-Pro,思考,6,自我评价低或让家人失望,11,0.35934957387101557,3.0,0.3198820467338939,0.03946752713712165,max_corrected_rho,114,4,3,repeated_10x5_oof,114,28
PHQ-8,DAIC-WOZ全量189人,DeepSeek-V4-Pro,思考,7,注意力困难,16,0.4234493111495438,4.0,0.36619402590878075,0.057255285240763065,max_corrected_rho,114,4,3,repeated_10x5_oof,114,28
PHQ-8,DAIC-WOZ全量189人,DeepSeek-V4-Pro,思考,8,动作或语速改变,16,0.18069475853936795,11.0,0.1348026817776711,0.04589207676169685,max_corrected_rho,114,4,3,repeated_10x5_oof,114,28
PHQ-8,DAIC-WOZ全量189人,GLM-5.2,思考,1,兴趣或愉悦感降低,11,0.5656193658770078,15.0,0.5472464003758227,0.018372965501185057,max_corrected_rho,114,4,3,repeated_10x5_oof,114,28
PHQ-8,DAIC-WOZ全量189人,GLM-5.2,思考,2,情绪低落、抑郁或无望,3,0.6626606172344991,11.0,0.63146763810955,0.031192979124949116,max_corrected_rho,114,4,3,repeated_10x5_oof,114,28
PHQ-8,DAIC-WOZ全量189人,GLM-5.2,思考,3,睡眠问题,7,0.5514713196992249,3.0,0.538563974083864,0.012907345615360888,max_corrected_rho,114,4,3,repeated_10x5_oof,114,28
PHQ-8,DAIC-WOZ全量189人,GLM-5.2,思考,4,疲劳或精力不足,3,0.5253173276617044,11.0,0.48946875074272034,0.03584857691898402,max_corrected_rho,114,4,3,repeated_10x5_oof,114,28
PHQ-8,DAIC-WOZ全量189人,GLM-5.2,思考,5,食欲问题,3,0.18238340686871016,7.0,0.16166653036579545,0.020716876502914705,max_corrected_rho,114,4,3,repeated_10x5_oof,114,28
PHQ-8,DAIC-WOZ全量189人,GLM-5.2,思考,6,自我评价低或让家人失望,11,0.5650833954252202,3.0,0.555530938902153,0.009552456523067243,max_corrected_rho,114,4,3,repeated_10x5_oof,114,28
PHQ-8,DAIC-WOZ全量189人,GLM-5.2,思考,7,注意力困难,4,0.47025001413423473,3.0,0.4618333103806194,0.008416703753615307,max_corrected_rho,114,4,3,repeated_10x5_oof,114,28
PHQ-8,DAIC-WOZ全量189人,GLM-5.2,思考,8,动作或语速改变,15,0.3838599497367861,3.0,0.3600597396876953,0.02380021004909083,max_corrected_rho,114,4,3,repeated_10x5_oof,114,28
PHQ-8,DAIC-WOZ全量189人,Qwen3.7-Max,思考,1,兴趣或愉悦感降低,8,0.46187167168475307,7.0,0.38766270298632755,0.07420896869842553,max_corrected_rho,114,4,3,repeated_10x5_oof,114,28
PHQ-8,DAIC-WOZ全量189人,Qwen3.7-Max,思考,2,情绪低落、抑郁或无望,11,0.661812654672473,12.0,0.6532851128696071,0.008527541802865857,max_corrected_rho,114,4,3,repeated_10x5_oof,114,28
PHQ-8,DAIC-WOZ全量189人,Qwen3.7-Max,思考,3,睡眠问题,3,0.5500091933893689,7.0,0.5213740945454113,0.02863509884395765,max_corrected_rho,114,4,3,repeated_10x5_oof,114,28
PHQ-8,DAIC-WOZ全量189人,Qwen3.7-Max,思考,4,疲劳或精力不足,7,0.4879705300493561,4.0,0.4829814414639603,0.004989088585395762,max_corrected_rho,114,4,3,repeated_10x5_oof,114,28
PHQ-8,DAIC-WOZ全量189人,Qwen3.7-Max,思考,5,食欲问题,7,0.1616881517763165,15.0,0.13604265242083619,0.025645499355480328,max_corrected_rho,114,4,3,repeated_10x5_oof,114,28
PHQ-8,DAIC-WOZ全量189人,Qwen3.7-Max,思考,6,自我评价低或让家人失望,7,0.41797654426429903,11.0,0.40244811817463116,0.015528426089667868,max_corrected_rho,114,4,3,repeated_10x5_oof,114,28
PHQ-8,DAIC-WOZ全量189人,Qwen3.7-Max,思考,7,注意力困难,8,0.38893707282394313,3.0,0.36371381397352914,0.025223258850413988,max_corrected_rho,114,4,3,repeated_10x5_oof,114,28
PHQ-8,DAIC-WOZ全量189人,Qwen3.7-Max,思考,8,动作或语速改变,7,0.23662972955912845,16.0,0.20833046205321032,0.02829926750591813,max_corrected_rho,114,4,3,repeated_10x5_oof,114,28
PHQ-8,DAIC-WOZ全量189人,DeepSeek-V4-Pro,思考,1,兴趣或愉悦感降低,15,0.5103979366463777,7.0,0.4919012599914438,0.018496676654933875,max_corrected_rho,114,4,4,repeated_10x5_oof,114,28
PHQ-8,DAIC-WOZ全量189人,DeepSeek-V4-Pro,思考,2,情绪低落、抑郁或无望,11,0.6511731057940279,7.0,0.6229484047726399,0.028224701021387966,max_corrected_rho,114,4,4,repeated_10x5_oof,114,28
PHQ-8,DAIC-WOZ全量189人,DeepSeek-V4-Pro,思考,3,睡眠问题,7,0.5327241326329624,8.0,0.5141722362061789,0.018551896426783454,max_corrected_rho,114,4,4,repeated_10x5_oof,114,28
PHQ-8,DAIC-WOZ全量189人,DeepSeek-V4-Pro,思考,4,疲劳或精力不足,7,0.4786083918937555,11.0,0.40354424599053623,0.07506414590321925,max_corrected_rho,114,4,4,repeated_10x5_oof,114,28
PHQ-8,DAIC-WOZ全量189人,DeepSeek-V4-Pro,思考,5,食欲问题,8,0.2680748078461112,16.0,0.23521650297048108,0.03285830487563013,max_corrected_rho,114,4,4,repeated_10x5_oof,114,28
PHQ-8,DAIC-WOZ全量189人,DeepSeek-V4-Pro,思考,6,自我评价低或让家人失望,11,0.40997093783873817,15.0,0.3598906669474772,0.05008027089126099,max_corrected_rho,114,4,4,repeated_10x5_oof,114,28
PHQ-8,DAIC-WOZ全量189人,DeepSeek-V4-Pro,思考,7,注意力困难,16,0.4383335778009439,4.0,0.3715014087910225,0.0668321690099214,max_corrected_rho,114,4,4,repeated_10x5_oof,114,28
PHQ-8,DAIC-WOZ全量189人,DeepSeek-V4-Pro,思考,8,动作或语速改变,11,0.13626814621820452,3.0,0.12466009667163921,0.011608049546565302,max_corrected_rho,114,4,4,repeated_10x5_oof,114,28
PHQ-8,DAIC-WOZ全量189人,GLM-5.2,思考,1,兴趣或愉悦感降低,15,0.5713352451698279,11.0,0.5621695074360363,0.00916573773379159,max_corrected_rho,114,4,4,repeated_10x5_oof,114,28
PHQ-8,DAIC-WOZ全量189人,GLM-5.2,思考,2,情绪低落、抑郁或无望,11,0.6862321276588585,3.0,0.6792457194571283,0.006986408201730243,max_corrected_rho,114,4,4,repeated_10x5_oof,114,28
PHQ-8,DAIC-WOZ全量189人,GLM-5.2,思考,3,睡眠问题,7,0.5233504203684611,3.0,0.517168587549323,0.006181832819138089,max_corrected_rho,114,4,4,repeated_10x5_oof,114,28
PHQ-8,DAIC-WOZ全量189人,GLM-5.2,思考,4,疲劳或精力不足,3,0.4900443844823921,11.0,0.48819597832020084,0.001848406162191285,max_corrected_rho,114,4,4,repeated_10x5_oof,114,28
PHQ-8,DAIC-WOZ全量189人,GLM-5.2,思考,5,食欲问题,3,0.2522366754224476,7.0,0.19453887967168992,0.057697795750757674,max_corrected_rho,114,4,4,repeated_10x5_oof,114,28
PHQ-8,DAIC-WOZ全量189人,GLM-5.2,思考,6,自我评价低或让家人失望,3,0.5417230483859666,11.0,0.5374312858519398,0.004291762534026855,max_corrected_rho,114,4,4,repeated_10x5_oof,114,28
PHQ-8,DAIC-WOZ全量189人,GLM-5.2,思考,7,注意力困难,4,0.4886402863161505,3.0,0.4501654320079577,0.03847485430819275,max_corrected_rho,114,4,4,repeated_10x5_oof,114,28
PHQ-8,DAIC-WOZ全量189人,GLM-5.2,思考,8,动作或语速改变,15,0.3755975917061366,3.0,0.3505279094018251,0.025069682304311502,max_corrected_rho,114,4,4,repeated_10x5_oof,114,28
PHQ-8,DAIC-WOZ全量189人,Qwen3.7-Max,思考,1,兴趣或愉悦感降低,8,0.44113283903282274,7.0,0.3850571363260959,0.05607570270672685,max_corrected_rho,114,4,4,repeated_10x5_oof,114,28
PHQ-8,DAIC-WOZ全量189人,Qwen3.7-Max,思考,2,情绪低落、抑郁或无望,11,0.671127711767531,12.0,0.6699686541032353,0.001159057664295804,max_corrected_rho,114,4,4,repeated_10x5_oof,114,28
PHQ-8,DAIC-WOZ全量189人,Qwen3.7-Max,思考,3,睡眠问题,8,0.5434295649906291,16.0,0.5253135207991255,0.01811604419150359,max_corrected_rho,114,4,4,repeated_10x5_oof,114,28
PHQ-8,DAIC-WOZ全量189人,Qwen3.7-Max,思考,4,疲劳或精力不足,4,0.44831602329972053,3.0,0.42176220831090816,0.026553814988812374,max_corrected_rho,114,4,4,repeated_10x5_oof,114,28
PHQ-8,DAIC-WOZ全量189人,Qwen3.7-Max,思考,5,食欲问题,7,0.27462941657131973,15.0,0.20680310867454388,0.06782630789677585,max_corrected_rho,114,4,4,repeated_10x5_oof,114,28
PHQ-8,DAIC-WOZ全量189人,Qwen3.7-Max,思考,6,自我评价低或让家人失望,7,0.4621596724132379,3.0,0.4391774830723966,0.022982189340841286,max_corrected_rho,114,4,4,repeated_10x5_oof,114,28
PHQ-8,DAIC-WOZ全量189人,Qwen3.7-Max,思考,7,注意力困难,8,0.41124908303642466,4.0,0.37597810461202025,0.03527097842440441,max_corrected_rho,114,4,4,repeated_10x5_oof,114,28
PHQ-8,DAIC-WOZ全量189人,Qwen3.7-Max,思考,8,动作或语速改变,7,0.22420721731133214,15.0,0.19861845526730065,0.025588762044031488,max_corrected_rho,114,4,4,repeated_10x5_oof,114,28
PHQ-8,DAIC-WOZ全量189人,DeepSeek-V4-Pro,思考,1,兴趣或愉悦感降低,15,0.507763343932277,7.0,0.5077247865917285,3.855734054847293e-05,max_corrected_rho,113,5,0,repeated_10x5_oof,113,29
PHQ-8,DAIC-WOZ全量189人,DeepSeek-V4-Pro,思考,2,情绪低落、抑郁或无望,11,0.6454316504281286,7.0,0.6255694435712283,0.01986220685690021,max_corrected_rho,113,5,0,repeated_10x5_oof,113,29
PHQ-8,DAIC-WOZ全量189人,DeepSeek-V4-Pro,思考,3,睡眠问题,3,0.5340897180730846,7.0,0.5250855565866914,0.009004161486393158,max_corrected_rho,113,5,0,repeated_10x5_oof,113,29
PHQ-8,DAIC-WOZ全量189人,DeepSeek-V4-Pro,思考,4,疲劳或精力不足,7,0.5492656926159403,11.0,0.48312408584216593,0.06614160677377434,max_corrected_rho,113,5,0,repeated_10x5_oof,113,29
PHQ-8,DAIC-WOZ全量189人,DeepSeek-V4-Pro,思考,5,食欲问题,8,0.1898407453200861,15.0,0.1736369106160762,0.016203834704009906,max_corrected_rho,113,5,0,repeated_10x5_oof,113,29
PHQ-8,DAIC-WOZ全量189人,DeepSeek-V4-Pro,思考,6,自我评价低或让家人失望,11,0.40189682783790287,15.0,0.3279294298008765,0.07396739803702634,max_corrected_rho,113,5,0,repeated_10x5_oof,113,29
PHQ-8,DAIC-WOZ全量189人,DeepSeek-V4-Pro,思考,7,注意力困难,16,0.43007848456234293,4.0,0.3544754301527304,0.07560305440961251,max_corrected_rho,113,5,0,repeated_10x5_oof,113,29
PHQ-8,DAIC-WOZ全量189人,DeepSeek-V4-Pro,思考,8,动作或语速改变,16,0.14273299904742906,3.0,0.141958678378097,0.000774320669332057,max_corrected_rho,113,5,0,repeated_10x5_oof,113,29
PHQ-8,DAIC-WOZ全量189人,GLM-5.2,思考,1,兴趣或愉悦感降低,15,0.5695315228912078,11.0,0.551726672942181,0.017804849949026758,max_corrected_rho,113,5,0,repeated_10x5_oof,113,29
PHQ-8,DAIC-WOZ全量189人,GLM-5.2,思考,2,情绪低落、抑郁或无望,3,0.685844485160576,11.0,0.6676252373733433,0.018219247787232606,max_corrected_rho,113,5,0,repeated_10x5_oof,113,29
PHQ-8,DAIC-WOZ全量189人,GLM-5.2,思考,3,睡眠问题,7,0.5542929512507695,15.0,0.5425373182510803,0.01175563299968918,max_corrected_rho,113,5,0,repeated_10x5_oof,113,29
PHQ-8,DAIC-WOZ全量189人,GLM-5.2,思考,4,疲劳或精力不足,4,0.5376152100141466,3.0,0.5264452381465524,0.011169971867594164,max_corrected_rho,113,5,0,repeated_10x5_oof,113,29
PHQ-8,DAIC-WOZ全量189人,GLM-5.2,思考,5,食欲问题,3,0.18458589894753624,7.0,0.1250335077157181,0.05955239123181813,max_corrected_rho,113,5,0,repeated_10x5_oof,113,29
PHQ-8,DAIC-WOZ全量189人,GLM-5.2,思考,6,自我评价低或让家人失望,3,0.5974337259067366,11.0,0.562041192630963,0.03539253327577363,max_corrected_rho,113,5,0,repeated_10x5_oof,113,29
PHQ-8,DAIC-WOZ全量189人,GLM-5.2,思考,7,注意力困难,4,0.43800533590059604,3.0,0.4280294623973571,0.009975873503238919,max_corrected_rho,113,5,0,repeated_10x5_oof,113,29
PHQ-8,DAIC-WOZ全量189人,GLM-5.2,思考,8,动作或语速改变,15,0.3431103859375332,3.0,0.32948992338741856,0.01362046255011462,max_corrected_rho,113,5,0,repeated_10x5_oof,113,29
PHQ-8,DAIC-WOZ全量189人,Qwen3.7-Max,思考,1,兴趣或愉悦感降低,8,0.45586407023856773,16.0,0.3497089140359591,0.10615515620260862,max_corrected_rho,113,5,0,repeated_10x5_oof,113,29
PHQ-8,DAIC-WOZ全量189人,Qwen3.7-Max,思考,2,情绪低落、抑郁或无望,11,0.6568303798862346,12.0,0.648756505780055,0.008073874106179657,max_corrected_rho,113,5,0,repeated_10x5_oof,113,29
PHQ-8,DAIC-WOZ全量189人,Qwen3.7-Max,思考,3,睡眠问题,3,0.5480330552746671,8.0,0.5115904104587453,0.03644264481592174,max_corrected_rho,113,5,0,repeated_10x5_oof,113,29
PHQ-8,DAIC-WOZ全量189人,Qwen3.7-Max,思考,4,疲劳或精力不足,4,0.5112610863263115,7.0,0.5056737357249949,0.005587350601316654,max_corrected_rho,113,5,0,repeated_10x5_oof,113,29
PHQ-8,DAIC-WOZ全量189人,Qwen3.7-Max,思考,5,食欲问题,7,0.19864658677071417,15.0,0.1834409245491729,0.015205662221541266,max_corrected_rho,113,5,0,repeated_10x5_oof,113,29
PHQ-8,DAIC-WOZ全量189人,Qwen3.7-Max,思考,6,自我评价低或让家人失望,7,0.4560797575904176,3.0,0.4030970782250451,0.05298267936537249,max_corrected_rho,113,5,0,repeated_10x5_oof,113,29
PHQ-8,DAIC-WOZ全量189人,Qwen3.7-Max,思考,7,注意力困难,8,0.376534038828719,4.0,0.33740291277695617,0.03913112605176283,max_corrected_rho,113,5,0,repeated_10x5_oof,113,29
PHQ-8,DAIC-WOZ全量189人,Qwen3.7-Max,思考,8,动作或语速改变,15,0.2113602926548429,16.0,0.20908872333346518,0.002271569321377731,max_corrected_rho,113,5,0,repeated_10x5_oof,113,29
PHQ-8,DAIC-WOZ全量189人,DeepSeek-V4-Pro,思考,1,兴趣或愉悦感降低,15,0.5082361019667168,7.0,0.432728049787611,0.07550805217910578,max_corrected_rho,113,5,1,repeated_10x5_oof,113,29
PHQ-8,DAIC-WOZ全量189人,DeepSeek-V4-Pro,思考,2,情绪低落、抑郁或无望,12,0.6193004457722324,11.0,0.5993753930714887,0.01992505270074374,max_corrected_rho,113,5,1,repeated_10x5_oof,113,29
PHQ-8,DAIC-WOZ全量189人,DeepSeek-V4-Pro,思考,3,睡眠问题,3,0.49600551924665687,16.0,0.4773258404077794,0.018679678838877445,max_corrected_rho,113,5,1,repeated_10x5_oof,113,29
PHQ-8,DAIC-WOZ全量189人,DeepSeek-V4-Pro,思考,4,疲劳或精力不足,7,0.4323803503547292,11.0,0.4318804729124033,0.0004998774423259356,max_corrected_rho,113,5,1,repeated_10x5_oof,113,29
PHQ-8,DAIC-WOZ全量189人,DeepSeek-V4-Pro,思考,5,食欲问题,8,0.2075819122281375,7.0,0.18742315897321682,0.02015875325492067,max_corrected_rho,113,5,1,repeated_10x5_oof,113,29
PHQ-8,DAIC-WOZ全量189人,DeepSeek-V4-Pro,思考,6,自我评价低或让家人失望,11,0.378240264182018,15.0,0.30417599364883235,0.07406427053318565,max_corrected_rho,113,5,1,repeated_10x5_oof,113,29
PHQ-8,DAIC-WOZ全量189人,DeepSeek-V4-Pro,思考,7,注意力困难,16,0.45390464087782917,4.0,0.41313456417104205,0.04077007670678712,max_corrected_rho,113,5,1,repeated_10x5_oof,113,29
PHQ-8,DAIC-WOZ全量189人,DeepSeek-V4-Pro,思考,8,动作或语速改变,11,0.1337212502366987,16.0,0.1215047757585633,0.012216474478135397,max_corrected_rho,113,5,1,repeated_10x5_oof,113,29
PHQ-8,DAIC-WOZ全量189人,GLM-5.2,思考,1,兴趣或愉悦感降低,15,0.5794411609991614,11.0,0.5275151291845085,0.05192603181465294,max_corrected_rho,113,5,1,repeated_10x5_oof,113,29
PHQ-8,DAIC-WOZ全量189人,GLM-5.2,思考,2,情绪低落、抑郁或无望,3,0.6372623909481848,11.0,0.6359782589127422,0.0012841320354426422,max_corrected_rho,113,5,1,repeated_10x5_oof,113,29
PHQ-8,DAIC-WOZ全量189人,GLM-5.2,思考,3,睡眠问题,7,0.5180276363741628,3.0,0.5031748479238096,0.014852788450353205,max_corrected_rho,113,5,1,repeated_10x5_oof,113,29
PHQ-8,DAIC-WOZ全量189人,GLM-5.2,思考,4,疲劳或精力不足,3,0.4747232573490234,11.0,0.46216474807125324,0.012558509277770136,max_corrected_rho,113,5,1,repeated_10x5_oof,113,29
PHQ-8,DAIC-WOZ全量189人,GLM-5.2,思考,5,食欲问题,3,0.192969822354886,7.0,0.13715876748859274,0.05581105486629326,max_corrected_rho,113,5,1,repeated_10x5_oof,113,29
PHQ-8,DAIC-WOZ全量189人,GLM-5.2,思考,6,自我评价低或让家人失望,3,0.49999421345886313,11.0,0.48660165721195164,0.013392556246911491,max_corrected_rho,113,5,1,repeated_10x5_oof,113,29
PHQ-8,DAIC-WOZ全量189人,GLM-5.2,思考,7,注意力困难,4,0.4807298055776886,12.0,0.4394994278169433,0.041230377760745285,max_corrected_rho,113,5,1,repeated_10x5_oof,113,29
PHQ-8,DAIC-WOZ全量189人,GLM-5.2,思考,8,动作或语速改变,3,0.33500355869285325,11.0,0.32351816087729957,0.011485397815553688,max_corrected_rho,113,5,1,repeated_10x5_oof,113,29
PHQ-8,DAIC-WOZ全量189人,Qwen3.7-Max,思考,1,兴趣或愉悦感降低,8,0.4552046793027093,7.0,0.4236847181712595,0.03151996113144978,max_corrected_rho,113,5,1,repeated_10x5_oof,113,29
PHQ-8,DAIC-WOZ全量189人,Qwen3.7-Max,思考,2,情绪低落、抑郁或无望,11,0.6334927544749615,12.0,0.6180983047234887,0.01539444975147275,max_corrected_rho,113,5,1,repeated_10x5_oof,113,29
PHQ-8,DAIC-WOZ全量189人,Qwen3.7-Max,思考,3,睡眠问题,3,0.5367676818283844,8.0,0.5095422173152043,0.027225464513180087,max_corrected_rho,113,5,1,repeated_10x5_oof,113,29
PHQ-8,DAIC-WOZ全量189人,Qwen3.7-Max,思考,4,疲劳或精力不足,4,0.4442398537263276,3.0,0.4288699405355855,0.015369913190742102,max_corrected_rho,113,5,1,repeated_10x5_oof,113,29
PHQ-8,DAIC-WOZ全量189人,Qwen3.7-Max,思考,5,食欲问题,7,0.22553257452001632,8.0,0.1566995334379157,0.06883304108210062,max_corrected_rho,113,5,1,repeated_10x5_oof,113,29
PHQ-8,DAIC-WOZ全量189人,Qwen3.7-Max,思考,6,自我评价低或让家人失望,3,0.43774502738551174,7.0,0.4209981515499974,0.01674687583551432,max_corrected_rho,113,5,1,repeated_10x5_oof,113,29
PHQ-8,DAIC-WOZ全量189人,Qwen3.7-Max,思考,7,注意力困难,8,0.43442932842567983,4.0,0.4027016536010738,0.031727674824606034,max_corrected_rho,113,5,1,repeated_10x5_oof,113,29
PHQ-8,DAIC-WOZ全量189人,Qwen3.7-Max,思考,8,动作或语速改变,7,0.25719869487810687,16.0,0.19123874973205168,0.06595994514605519,max_corrected_rho,113,5,1,repeated_10x5_oof,113,29
PHQ-8,DAIC-WOZ全量189人,DeepSeek-V4-Pro,思考,1,兴趣或愉悦感降低,15,0.5263293332093989,7.0,0.5245736303649917,0.001755702844407181,max_corrected_rho,114,5,2,repeated_10x5_oof,114,28
PHQ-8,DAIC-WOZ全量189人,DeepSeek-V4-Pro,思考,2,情绪低落、抑郁或无望,7,0.6530602753942913,8.0,0.634981601784462,0.0180786736098294,max_corrected_rho,114,5,2,repeated_10x5_oof,114,28
PHQ-8,DAIC-WOZ全量189人,DeepSeek-V4-Pro,思考,3,睡眠问题,3,0.5174658439456391,4.0,0.5157144797220857,0.0017513642235533755,max_corrected_rho,114,5,2,repeated_10x5_oof,114,28
PHQ-8,DAIC-WOZ全量189人,DeepSeek-V4-Pro,思考,4,疲劳或精力不足,11,0.523992125306985,7.0,0.5221680271520386,0.0018240981549464408,max_corrected_rho,114,5,2,repeated_10x5_oof,114,28
PHQ-8,DAIC-WOZ全量189人,DeepSeek-V4-Pro,思考,5,食欲问题,12,0.20883121806421362,4.0,0.2076752481574572,0.0011559699067564266,max_corrected_rho,114,5,2,repeated_10x5_oof,114,28
PHQ-8,DAIC-WOZ全量189人,DeepSeek-V4-Pro,思考,6,自我评价低或让家人失望,11,0.36327643960786393,15.0,0.318828549105112,0.04444789050275194,max_corrected_rho,114,5,2,repeated_10x5_oof,114,28
PHQ-8,DAIC-WOZ全量189人,DeepSeek-V4-Pro,思考,7,注意力困难,16,0.45955888934601064,4.0,0.4434518134840528,0.01610707586195781,max_corrected_rho,114,5,2,repeated_10x5_oof,114,28
PHQ-8,DAIC-WOZ全量189人,DeepSeek-V4-Pro,思考,8,动作或语速改变,11,0.13338411024655125,4.0,0.11904812059972472,0.01433598964682653,max_corrected_rho,114,5,2,repeated_10x5_oof,114,28
PHQ-8,DAIC-WOZ全量189人,GLM-5.2,思考,1,兴趣或愉悦感降低,3,0.5749737742791098,15.0,0.5716092127556459,0.0033645615234638715,max_corrected_rho,114,5,2,repeated_10x5_oof,114,28
PHQ-8,DAIC-WOZ全量189人,GLM-5.2,思考,2,情绪低落、抑郁或无望,11,0.6871864058262742,3.0,0.6803476004489117,0.006838805377362478,max_corrected_rho,114,5,2,repeated_10x5_oof,114,28
PHQ-8,DAIC-WOZ全量189人,GLM-5.2,思考,3,睡眠问题,7,0.5437338690959006,11.0,0.5429168077683642,0.0008170613275364502,max_corrected_rho,114,5,2,repeated_10x5_oof,114,28
PHQ-8,DAIC-WOZ全量189人,GLM-5.2,思考,4,疲劳或精力不足,11,0.5796706584389187,3.0,0.5644264311153327,0.01524422732358599,max_corrected_rho,114,5,2,repeated_10x5_oof,114,28
PHQ-8,DAIC-WOZ全量189人,GLM-5.2,思考,5,食欲问题,3,0.2146950923843328,7.0,0.16775293497368804,0.04694215741064475,max_corrected_rho,114,5,2,repeated_10x5_oof,114,28
PHQ-8,DAIC-WOZ全量189人,GLM-5.2,思考,6,自我评价低或让家人失望,11,0.558687326291043,3.0,0.5228671433394568,0.03582018295158618,max_corrected_rho,114,5,2,repeated_10x5_oof,114,28
PHQ-8,DAIC-WOZ全量189人,GLM-5.2,思考,7,注意力困难,3,0.49981408064200694,4.0,0.49102864860388734,0.0087854320381196,max_corrected_rho,114,5,2,repeated_10x5_oof,114,28
PHQ-8,DAIC-WOZ全量189人,GLM-5.2,思考,8,动作或语速改变,3,0.35147926276406644,12.0,0.3275215368349522,0.023957725929114215,max_corrected_rho,114,5,2,repeated_10x5_oof,114,28
PHQ-8,DAIC-WOZ全量189人,Qwen3.7-Max,思考,1,兴趣或愉悦感降低,8,0.46113079914225436,4.0,0.4067440564153479,0.05438674272690647,max_corrected_rho,114,5,2,repeated_10x5_oof,114,28
PHQ-8,DAIC-WOZ全量189人,Qwen3.7-Max,思考,2,情绪低落、抑郁或无望,11,0.6736463640386642,12.0,0.6643945499494771,0.009251814089187071,max_corrected_rho,114,5,2,repeated_10x5_oof,114,28
PHQ-8,DAIC-WOZ全量189人,Qwen3.7-Max,思考,3,睡眠问题,8,0.5448711256254144,16.0,0.5327064845022093,0.012164641123205144,max_corrected_rho,114,5,2,repeated_10x5_oof,114,28
PHQ-8,DAIC-WOZ全量189人,Qwen3.7-Max,思考,4,疲劳或精力不足,4,0.52579222113892,16.0,0.5157821477933648,0.010010073345555148,max_corrected_rho,114,5,2,repeated_10x5_oof,114,28
PHQ-8,DAIC-WOZ全量189人,Qwen3.7-Max,思考,5,食欲问题,7,0.2377462289591252,3.0,0.18915186098225048,0.04859436797687472,max_corrected_rho,114,5,2,repeated_10x5_oof,114,28
PHQ-8,DAIC-WOZ全量189人,Qwen3.7-Max,思考,6,自我评价低或让家人失望,7,0.40339698491853837,3.0,0.39111498288800317,0.0122820020305352,max_corrected_rho,114,5,2,repeated_10x5_oof,114,28
PHQ-8,DAIC-WOZ全量189人,Qwen3.7-Max,思考,7,注意力困难,8,0.4288526769809088,4.0,0.4003175502683724,0.028535126712536385,max_corrected_rho,114,5,2,repeated_10x5_oof,114,28
PHQ-8,DAIC-WOZ全量189人,Qwen3.7-Max,思考,8,动作或语速改变,15,0.220338930429856,16.0,0.20473111382626055,0.015607816603595448,max_corrected_rho,114,5,2,repeated_10x5_oof,114,28
PHQ-8,DAIC-WOZ全量189人,DeepSeek-V4-Pro,思考,1,兴趣或愉悦感降低,15,0.5576073865289722,7.0,0.5359058716503889,0.021701514878583295,max_corrected_rho,114,5,3,repeated_10x5_oof,114,28
PHQ-8,DAIC-WOZ全量189人,DeepSeek-V4-Pro,思考,2,情绪低落、抑郁或无望,7,0.6745261639167394,11.0,0.6560067736963291,0.01851939022041027,max_corrected_rho,114,5,3,repeated_10x5_oof,114,28
PHQ-8,DAIC-WOZ全量189人,DeepSeek-V4-Pro,思考,3,睡眠问题,3,0.5288639565864699,7.0,0.4995921666773271,0.02927178990914281,max_corrected_rho,114,5,3,repeated_10x5_oof,114,28
PHQ-8,DAIC-WOZ全量189人,DeepSeek-V4-Pro,思考,4,疲劳或精力不足,7,0.4600303690611782,11.0,0.4000528701925702,0.05997749886860804,max_corrected_rho,114,5,3,repeated_10x5_oof,114,28
PHQ-8,DAIC-WOZ全量189人,DeepSeek-V4-Pro,思考,5,食欲问题,8,0.23498062525244098,16.0,0.19515179599510216,0.03982882925733883,max_corrected_rho,114,5,3,repeated_10x5_oof,114,28
PHQ-8,DAIC-WOZ全量189人,DeepSeek-V4-Pro,思考,6,自我评价低或让家人失望,11,0.33414006415275355,3.0,0.3048295031936037,0.029310560959149856,max_corrected_rho,114,5,3,repeated_10x5_oof,114,28
PHQ-8,DAIC-WOZ全量189人,DeepSeek-V4-Pro,思考,7,注意力困难,16,0.4049405590434159,4.0,0.351225319512588,0.05371523953082791,max_corrected_rho,114,5,3,repeated_10x5_oof,114,28
PHQ-8,DAIC-WOZ全量189人,DeepSeek-V4-Pro,思考,8,动作或语速改变,16,0.2078110322473981,4.0,0.19661002193356117,0.01120101031383694,max_corrected_rho,114,5,3,repeated_10x5_oof,114,28
PHQ-8,DAIC-WOZ全量189人,GLM-5.2,思考,1,兴趣或愉悦感降低,11,0.5948448478120846,15.0,0.5731886528732739,0.021656194938810658,max_corrected_rho,114,5,3,repeated_10x5_oof,114,28
PHQ-8,DAIC-WOZ全量189人,GLM-5.2,思考,2,情绪低落、抑郁或无望,11,0.7028093174170478,3.0,0.6932667958901438,0.009542521526903935,max_corrected_rho,114,5,3,repeated_10x5_oof,114,28
PHQ-8,DAIC-WOZ全量189人,GLM-5.2,思考,3,睡眠问题,7,0.5593187831571447,15.0,0.5346023410691884,0.024716442087956314,max_corrected_rho,114,5,3,repeated_10x5_oof,114,28
PHQ-8,DAIC-WOZ全量189人,GLM-5.2,思考,4,疲劳或精力不足,4,0.48471147156004485,11.0,0.4787049131211897,0.00600655843885517,max_corrected_rho,114,5,3,repeated_10x5_oof,114,28
PHQ-8,DAIC-WOZ全量189人,GLM-5.2,思考,5,食欲问题,3,0.21649960967810095,7.0,0.15906917990827493,0.057430429769826014,max_corrected_rho,114,5,3,repeated_10x5_oof,114,28
PHQ-8,DAIC-WOZ全量189人,GLM-5.2,思考,6,自我评价低或让家人失望,11,0.5220879282824292,3.0,0.5014949407781014,0.02059298750432781,max_corrected_rho,114,5,3,repeated_10x5_oof,114,28
PHQ-8,DAIC-WOZ全量189人,GLM-5.2,思考,7,注意力困难,15,0.4225178157423311,4.0,0.418467271815487,0.004050543926844119,max_corrected_rho,114,5,3,repeated_10x5_oof,114,28
PHQ-8,DAIC-WOZ全量189人,GLM-5.2,思考,8,动作或语速改变,15,0.3834149836036232,11.0,0.379948681839061,0.0034663017645621963,max_corrected_rho,114,5,3,repeated_10x5_oof,114,28
PHQ-8,DAIC-WOZ全量189人,Qwen3.7-Max,思考,1,兴趣或愉悦感降低,8,0.4336399751730031,7.0,0.3921125591862799,0.041527415986723215,max_corrected_rho,114,5,3,repeated_10x5_oof,114,28
PHQ-8,DAIC-WOZ全量189人,Qwen3.7-Max,思考,2,情绪低落、抑郁或无望,11,0.6997621666824629,12.0,0.6730141139600387,0.026748052722424198,max_corrected_rho,114,5,3,repeated_10x5_oof,114,28
PHQ-8,DAIC-WOZ全量189人,Qwen3.7-Max,思考,3,睡眠问题,7,0.5083049117563406,8.0,0.5071305698222077,0.0011743419341329053,max_corrected_rho,114,5,3,repeated_10x5_oof,114,28
PHQ-8,DAIC-WOZ全量189人,Qwen3.7-Max,思考,4,疲劳或精力不足,4,0.4524210385443237,7.0,0.42880238890490885,0.023618649639414846,max_corrected_rho,114,5,3,repeated_10x5_oof,114,28
PHQ-8,DAIC-WOZ全量189人,Qwen3.7-Max,思考,5,食欲问题,7,0.19908448527107056,15.0,0.1721217976171597,0.026962687653910855,max_corrected_rho,114,5,3,repeated_10x5_oof,114,28
PHQ-8,DAIC-WOZ全量189人,Qwen3.7-Max,思考,6,自我评价低或让家人失望,7,0.4084784861708036,3.0,0.3684322627696705,0.04004622340113312,max_corrected_rho,114,5,3,repeated_10x5_oof,114,28
PHQ-8,DAIC-WOZ全量189人,Qwen3.7-Max,思考,7,注意力困难,4,0.34347325510305593,7.0,0.34023918445142765,0.0032340706516282847,max_corrected_rho,114,5,3,repeated_10x5_oof,114,28
PHQ-8,DAIC-WOZ全量189人,Qwen3.7-Max,思考,8,动作或语速改变,15,0.29216110575044746,16.0,0.26657279662860833,0.025588309121839126,max_corrected_rho,114,5,3,repeated_10x5_oof,114,28
PHQ-8,DAIC-WOZ全量189人,DeepSeek-V4-Pro,思考,1,兴趣或愉悦感降低,15,0.5229306781702965,8.0,0.4643683820592628,0.058562296111033696,max_corrected_rho,114,5,4,repeated_10x5_oof,114,28
PHQ-8,DAIC-WOZ全量189人,DeepSeek-V4-Pro,思考,2,情绪低落、抑郁或无望,11,0.6418014962608819,7.0,0.6338141151812188,0.007987381079663125,max_corrected_rho,114,5,4,repeated_10x5_oof,114,28
PHQ-8,DAIC-WOZ全量189人,DeepSeek-V4-Pro,思考,3,睡眠问题,3,0.49948205504700527,12.0,0.4734190489113181,0.026063006135687183,max_corrected_rho,114,5,4,repeated_10x5_oof,114,28
PHQ-8,DAIC-WOZ全量189人,DeepSeek-V4-Pro,思考,4,疲劳或精力不足,7,0.48646874811596547,11.0,0.41768405374759865,0.06878469436836682,max_corrected_rho,114,5,4,repeated_10x5_oof,114,28
PHQ-8,DAIC-WOZ全量189人,DeepSeek-V4-Pro,思考,5,食欲问题,8,0.1724041039020789,16.0,0.13293575942975527,0.03946834447232361,max_corrected_rho,114,5,4,repeated_10x5_oof,114,28
PHQ-8,DAIC-WOZ全量189人,DeepSeek-V4-Pro,思考,6,自我评价低或让家人失望,11,0.35773573846214957,3.0,0.35205365131547056,0.005682087146679005,max_corrected_rho,114,5,4,repeated_10x5_oof,114,28
PHQ-8,DAIC-WOZ全量189人,DeepSeek-V4-Pro,思考,7,注意力困难,16,0.3304495302018198,3.0,0.2841766342132682,0.046272895988551555,max_corrected_rho,114,5,4,repeated_10x5_oof,114,28
PHQ-8,DAIC-WOZ全量189人,DeepSeek-V4-Pro,思考,8,动作或语速改变,16,0.10388373457969134,4.0,0.07732300660807416,0.026560727971617182,max_corrected_rho,114,5,4,repeated_10x5_oof,114,28
PHQ-8,DAIC-WOZ全量189人,GLM-5.2,思考,1,兴趣或愉悦感降低,11,0.5662196645138781,15.0,0.5394000448866992,0.026819619627178826,max_corrected_rho,114,5,4,repeated_10x5_oof,114,28
PHQ-8,DAIC-WOZ全量189人,GLM-5.2,思考,2,情绪低落、抑郁或无望,3,0.6703852029099019,11.0,0.6657711027387355,0.004614100171166369,max_corrected_rho,114,5,4,repeated_10x5_oof,114,28
PHQ-8,DAIC-WOZ全量189人,GLM-5.2,思考,3,睡眠问题,7,0.5352581078730161,15.0,0.5177343228981524,0.017523784974863732,max_corrected_rho,114,5,4,repeated_10x5_oof,114,28
PHQ-8,DAIC-WOZ全量189人,GLM-5.2,思考,4,疲劳或精力不足,4,0.4917646674867554,11.0,0.48139635936163455,0.010368308125120851,max_corrected_rho,114,5,4,repeated_10x5_oof,114,28
PHQ-8,DAIC-WOZ全量189人,GLM-5.2,思考,5,食欲问题,3,0.1264471526410958,4.0,0.12626405773491794,0.00018309490617784974,max_corrected_rho,114,5,4,repeated_10x5_oof,114,28
PHQ-8,DAIC-WOZ全量189人,GLM-5.2,思考,6,自我评价低或让家人失望,11,0.5392771141244584,3.0,0.49810586344134156,0.04117125068311689,max_corrected_rho,114,5,4,repeated_10x5_oof,114,28
PHQ-8,DAIC-WOZ全量189人,GLM-5.2,思考,7,注意力困难,4,0.40490975996659023,11.0,0.37416137991655346,0.030748380050036772,max_corrected_rho,114,5,4,repeated_10x5_oof,114,28
PHQ-8,DAIC-WOZ全量189人,GLM-5.2,思考,8,动作或语速改变,3,0.33293010444533655,15.0,0.3247994275903659,0.008130676854970653,max_corrected_rho,114,5,4,repeated_10x5_oof,114,28
PHQ-8,DAIC-WOZ全量189人,Qwen3.7-Max,思考,1,兴趣或愉悦感降低,16,0.4212755774925063,8.0,0.4199490874074958,0.0013264900850105121,max_corrected_rho,114,5,4,repeated_10x5_oof,114,28
PHQ-8,DAIC-WOZ全量189人,Qwen3.7-Max,思考,2,情绪低落、抑郁或无望,11,0.6705523639416993,12.0,0.6435313652137271,0.027020998727972145,max_corrected_rho,114,5,4,repeated_10x5_oof,114,28
PHQ-8,DAIC-WOZ全量189人,Qwen3.7-Max,思考,3,睡眠问题,3,0.513198968453033,7.0,0.5074569067523622,0.00574206170067082,max_corrected_rho,114,5,4,repeated_10x5_oof,114,28
PHQ-8,DAIC-WOZ全量189人,Qwen3.7-Max,思考,4,疲劳或精力不足,7,0.441943705398949,4.0,0.4379592711971046,0.003984434201844411,max_corrected_rho,114,5,4,repeated_10x5_oof,114,28
PHQ-8,DAIC-WOZ全量189人,Qwen3.7-Max,思考,5,食欲问题,7,0.13530546439818417,3.0,0.0887139667468684,0.04659149765131576,max_corrected_rho,114,5,4,repeated_10x5_oof,114,28
PHQ-8,DAIC-WOZ全量189人,Qwen3.7-Max,思考,6,自我评价低或让家人失望,7,0.40818330589412855,11.0,0.3882249717852166,0.019958334108911957,max_corrected_rho,114,5,4,repeated_10x5_oof,114,28
PHQ-8,DAIC-WOZ全量189人,Qwen3.7-Max,思考,7,注意力困难,8,0.3173218506271548,3.0,0.28859461548481075,0.028727235142344043,max_corrected_rho,114,5,4,repeated_10x5_oof,114,28
PHQ-8,DAIC-WOZ全量189人,Qwen3.7-Max,思考,8,动作或语速改变,7,0.20433082330260946,15.0,0.16693811408341167,0.037392709219197795,max_corrected_rho,114,5,4,repeated_10x5_oof,114,28
PHQ-8,DAIC-WOZ全量189人,DeepSeek-V4-Pro,思考,1,兴趣或愉悦感降低,15,0.5356045337566767,7.0,0.4918327464826196,0.04377178727405712,max_corrected_rho,113,6,0,repeated_10x5_oof,113,29
PHQ-8,DAIC-WOZ全量189人,DeepSeek-V4-Pro,思考,2,情绪低落、抑郁或无望,7,0.6350771426657601,11.0,0.6111868485112167,0.023890294154543357,max_corrected_rho,113,6,0,repeated_10x5_oof,113,29
PHQ-8,DAIC-WOZ全量189人,DeepSeek-V4-Pro,思考,3,睡眠问题,3,0.5512516942336062,7.0,0.5322757754242999,0.01897591880930627,max_corrected_rho,113,6,0,repeated_10x5_oof,113,29
PHQ-8,DAIC-WOZ全量189人,DeepSeek-V4-Pro,思考,4,疲劳或精力不足,7,0.4755642708390005,11.0,0.4545533340120105,0.021010936826990012,max_corrected_rho,113,6,0,repeated_10x5_oof,113,29
PHQ-8,DAIC-WOZ全量189人,DeepSeek-V4-Pro,思考,5,食欲问题,8,0.12602260347943728,15.0,0.10852715079028545,0.017495452689151827,max_corrected_rho,113,6,0,repeated_10x5_oof,113,29
PHQ-8,DAIC-WOZ全量189人,DeepSeek-V4-Pro,思考,6,自我评价低或让家人失望,11,0.31814556010942097,3.0,0.2809827939781114,0.03716276613130959,max_corrected_rho,113,6,0,repeated_10x5_oof,113,29
PHQ-8,DAIC-WOZ全量189人,DeepSeek-V4-Pro,思考,7,注意力困难,16,0.42009343272417304,4.0,0.38802230013940153,0.03207113258477151,max_corrected_rho,113,6,0,repeated_10x5_oof,113,29
PHQ-8,DAIC-WOZ全量189人,DeepSeek-V4-Pro,思考,8,动作或语速改变,16,0.11289448238617042,15.0,0.08728679025629928,0.025607692129871143,max_corrected_rho,113,6,0,repeated_10x5_oof,113,29
PHQ-8,DAIC-WOZ全量189人,GLM-5.2,思考,1,兴趣或愉悦感降低,11,0.5941232158922992,3.0,0.5895777007477331,0.004545515144566137,max_corrected_rho,113,6,0,repeated_10x5_oof,113,29
PHQ-8,DAIC-WOZ全量189人,GLM-5.2,思考,2,情绪低落、抑郁或无望,3,0.6579369828444773,11.0,0.6482905351552898,0.009646447689187543,max_corrected_rho,113,6,0,repeated_10x5_oof,113,29
PHQ-8,DAIC-WOZ全量189人,GLM-5.2,思考,3,睡眠问题,3,0.5653164205523231,7.0,0.5572190240132067,0.008097396539116453,max_corrected_rho,113,6,0,repeated_10x5_oof,113,29
PHQ-8,DAIC-WOZ全量189人,GLM-5.2,思考,4,疲劳或精力不足,3,0.5144166425923526,11.0,0.5014555210244707,0.012961121567881984,max_corrected_rho,113,6,0,repeated_10x5_oof,113,29
PHQ-8,DAIC-WOZ全量189人,GLM-5.2,思考,5,食欲问题,7,0.134151300524567,3.0,0.11401697895513035,0.020134321569436647,max_corrected_rho,113,6,0,repeated_10x5_oof,113,29
PHQ-8,DAIC-WOZ全量189人,GLM-5.2,思考,6,自我评价低或让家人失望,11,0.5212765037657581,3.0,0.4972095295100789,0.024066974255679163,max_corrected_rho,113,6,0,repeated_10x5_oof,113,29
PHQ-8,DAIC-WOZ全量189人,GLM-5.2,思考,7,注意力困难,4,0.485113317672677,3.0,0.4586059562816477,0.026507361391029327,max_corrected_rho,113,6,0,repeated_10x5_oof,113,29
PHQ-8,DAIC-WOZ全量189人,GLM-5.2,思考,8,动作或语速改变,15,0.29939865006717165,11.0,0.2782540410593966,0.02114460900777504,max_corrected_rho,113,6,0,repeated_10x5_oof,113,29
PHQ-8,DAIC-WOZ全量189人,Qwen3.7-Max,思考,1,兴趣或愉悦感降低,8,0.4683006853571629,16.0,0.4108836165285168,0.05741706882864611,max_corrected_rho,113,6,0,repeated_10x5_oof,113,29
PHQ-8,DAIC-WOZ全量189人,Qwen3.7-Max,思考,2,情绪低落、抑郁或无望,12,0.6487760182729347,11.0,0.6474891343638423,0.0012868839090924844,max_corrected_rho,113,6,0,repeated_10x5_oof,113,29
PHQ-8,DAIC-WOZ全量189人,Qwen3.7-Max,思考,3,睡眠问题,3,0.5587926838439067,8.0,0.5342616935355252,0.024530990308381462,max_corrected_rho,113,6,0,repeated_10x5_oof,113,29
PHQ-8,DAIC-WOZ全量189人,Qwen3.7-Max,思考,4,疲劳或精力不足,4,0.47676178601267266,15.0,0.45379779338463794,0.022963992628034724,max_corrected_rho,113,6,0,repeated_10x5_oof,113,29
PHQ-8,DAIC-WOZ全量189人,Qwen3.7-Max,思考,5,食欲问题,7,0.12047304074126983,15.0,0.07332625335092724,0.04714678739034259,max_corrected_rho,113,6,0,repeated_10x5_oof,113,29
PHQ-8,DAIC-WOZ全量189人,Qwen3.7-Max,思考,6,自我评价低或让家人失望,7,0.4137760537667079,3.0,0.3854286670283271,0.028347386738380775,max_corrected_rho,113,6,0,repeated_10x5_oof,113,29
PHQ-8,DAIC-WOZ全量189人,Qwen3.7-Max,思考,7,注意力困难,8,0.40581465253811205,4.0,0.4039162111996725,0.0018984413384395271,max_corrected_rho,113,6,0,repeated_10x5_oof,113,29
PHQ-8,DAIC-WOZ全量189人,Qwen3.7-Max,思考,8,动作或语速改变,16,0.18156147452732363,7.0,0.178217922210555,0.0033435523167686387,max_corrected_rho,113,6,0,repeated_10x5_oof,113,29
PHQ-8,DAIC-WOZ全量189人,DeepSeek-V4-Pro,思考,1,兴趣或愉悦感降低,15,0.5129118647400915,7.0,0.4549410773206325,0.05797078741945905,max_corrected_rho,113,6,1,repeated_10x5_oof,113,29
PHQ-8,DAIC-WOZ全量189人,DeepSeek-V4-Pro,思考,2,情绪低落、抑郁或无望,7,0.6151399088841223,11.0,0.6076311907855609,0.007508718098561351,max_corrected_rho,113,6,1,repeated_10x5_oof,113,29
PHQ-8,DAIC-WOZ全量189人,DeepSeek-V4-Pro,思考,3,睡眠问题,7,0.45786388153173935,3.0,0.4538664192755468,0.003997462256192574,max_corrected_rho,113,6,1,repeated_10x5_oof,113,29
PHQ-8,DAIC-WOZ全量189人,DeepSeek-V4-Pro,思考,4,疲劳或精力不足,7,0.43289142555606164,11.0,0.40819926835491765,0.024692157201143983,max_corrected_rho,113,6,1,repeated_10x5_oof,113,29
PHQ-8,DAIC-WOZ全量189人,DeepSeek-V4-Pro,思考,5,食欲问题,8,0.20897359098174062,16.0,0.16842982839853254,0.040543762583208076,max_corrected_rho,113,6,1,repeated_10x5_oof,113,29
PHQ-8,DAIC-WOZ全量189人,DeepSeek-V4-Pro,思考,6,自我评价低或让家人失望,11,0.3749021774596402,7.0,0.3205657443908209,0.0543364330688193,max_corrected_rho,113,6,1,repeated_10x5_oof,113,29
PHQ-8,DAIC-WOZ全量189人,DeepSeek-V4-Pro,思考,7,注意力困难,16,0.4111266649964605,4.0,0.3473543941704106,0.06377227082604991,max_corrected_rho,113,6,1,repeated_10x5_oof,113,29
PHQ-8,DAIC-WOZ全量189人,DeepSeek-V4-Pro,思考,8,动作或语速改变,16,0.16300576486528512,11.0,0.13375094061266518,0.029254824252619938,max_corrected_rho,113,6,1,repeated_10x5_oof,113,29
PHQ-8,DAIC-WOZ全量189人,GLM-5.2,思考,1,兴趣或愉悦感降低,15,0.5310081768386372,11.0,0.5306030876828095,0.0004050891558277092,max_corrected_rho,113,6,1,repeated_10x5_oof,113,29
PHQ-8,DAIC-WOZ全量189人,GLM-5.2,思考,2,情绪低落、抑郁或无望,3,0.6463535560473993,11.0,0.6429714895911578,0.003382066456241506,max_corrected_rho,113,6,1,repeated_10x5_oof,113,29
PHQ-8,DAIC-WOZ全量189人,GLM-5.2,思考,3,睡眠问题,7,0.5045694382487368,3.0,0.46640290015059377,0.03816653809814302,max_corrected_rho,113,6,1,repeated_10x5_oof,113,29
PHQ-8,DAIC-WOZ全量189人,GLM-5.2,思考,4,疲劳或精力不足,11,0.44374396297528823,3.0,0.44261056876714083,0.001133394208147398,max_corrected_rho,113,6,1,repeated_10x5_oof,113,29
PHQ-8,DAIC-WOZ全量189人,GLM-5.2,思考,5,食欲问题,3,0.1946872000744348,4.0,0.14387356780327168,0.05081363227116312,max_corrected_rho,113,6,1,repeated_10x5_oof,113,29
PHQ-8,DAIC-WOZ全量189人,GLM-5.2,思考,6,自我评价低或让家人失望,11,0.5163081734261832,3.0,0.5027191355602791,0.013589037865904041,max_corrected_rho,113,6,1,repeated_10x5_oof,113,29
PHQ-8,DAIC-WOZ全量189人,GLM-5.2,思考,7,注意力困难,4,0.4107151212352265,11.0,0.40068139757356713,0.010033723661659388,max_corrected_rho,113,6,1,repeated_10x5_oof,113,29
PHQ-8,DAIC-WOZ全量189人,GLM-5.2,思考,8,动作或语速改变,3,0.37763893833492895,11.0,0.3640330879869715,0.013605850347957471,max_corrected_rho,113,6,1,repeated_10x5_oof,113,29
PHQ-8,DAIC-WOZ全量189人,Qwen3.7-Max,思考,1,兴趣或愉悦感降低,8,0.43323700336576165,4.0,0.3928450679715039,0.04039193539425773,max_corrected_rho,113,6,1,repeated_10x5_oof,113,29
PHQ-8,DAIC-WOZ全量189人,Qwen3.7-Max,思考,2,情绪低落、抑郁或无望,11,0.6603496394763876,4.0,0.611585446644842,0.04876419283154554,max_corrected_rho,113,6,1,repeated_10x5_oof,113,29
PHQ-8,DAIC-WOZ全量189人,Qwen3.7-Max,思考,3,睡眠问题,3,0.49031718809946384,11.0,0.4823736780269605,0.007943510072503324,max_corrected_rho,113,6,1,repeated_10x5_oof,113,29
PHQ-8,DAIC-WOZ全量189人,Qwen3.7-Max,思考,4,疲劳或精力不足,4,0.42464854437227934,7.0,0.4177925245353191,0.006856019836960214,max_corrected_rho,113,6,1,repeated_10x5_oof,113,29
PHQ-8,DAIC-WOZ全量189人,Qwen3.7-Max,思考,5,食欲问题,7,0.20924029543117778,15.0,0.1910749053713526,0.018165390059825176,max_corrected_rho,113,6,1,repeated_10x5_oof,113,29
PHQ-8,DAIC-WOZ全量189人,Qwen3.7-Max,思考,6,自我评价低或让家人失望,7,0.4306316808535595,3.0,0.377290959808961,0.05334072104459853,max_corrected_rho,113,6,1,repeated_10x5_oof,113,29
PHQ-8,DAIC-WOZ全量189人,Qwen3.7-Max,思考,7,注意力困难,8,0.3708273486170804,3.0,0.33986504639976844,0.030962302217311943,max_corrected_rho,113,6,1,repeated_10x5_oof,113,29
PHQ-8,DAIC-WOZ全量189人,Qwen3.7-Max,思考,8,动作或语速改变,16,0.2328785883044531,7.0,0.23030490207539137,0.0025736862290617335,max_corrected_rho,113,6,1,repeated_10x5_oof,113,29
PHQ-8,DAIC-WOZ全量189人,DeepSeek-V4-Pro,思考,1,兴趣或愉悦感降低,7,0.5135881323496797,15.0,0.5079912322589888,0.005596900090690915,max_corrected_rho,114,6,2,repeated_10x5_oof,114,28
PHQ-8,DAIC-WOZ全量189人,DeepSeek-V4-Pro,思考,2,情绪低落、抑郁或无望,7,0.6359252155085788,11.0,0.621397284248534,0.014527931260044813,max_corrected_rho,114,6,2,repeated_10x5_oof,114,28
PHQ-8,DAIC-WOZ全量189人,DeepSeek-V4-Pro,思考,3,睡眠问题,3,0.49123680904746747,4.0,0.46103972655989384,0.030197082487573634,max_corrected_rho,114,6,2,repeated_10x5_oof,114,28
PHQ-8,DAIC-WOZ全量189人,DeepSeek-V4-Pro,思考,4,疲劳或精力不足,7,0.4509309675370351,11.0,0.4221486570821254,0.0287823104549097,max_corrected_rho,114,6,2,repeated_10x5_oof,114,28
PHQ-8,DAIC-WOZ全量189人,DeepSeek-V4-Pro,思考,5,食欲问题,8,0.1986610413988066,7.0,0.1788971428863004,0.019763898512506206,max_corrected_rho,114,6,2,repeated_10x5_oof,114,28
PHQ-8,DAIC-WOZ全量189人,DeepSeek-V4-Pro,思考,6,自我评价低或让家人失望,11,0.38950369021286285,3.0,0.34791844195568583,0.04158524825717702,max_corrected_rho,114,6,2,repeated_10x5_oof,114,28
PHQ-8,DAIC-WOZ全量189人,DeepSeek-V4-Pro,思考,7,注意力困难,16,0.43975304948672206,4.0,0.3726459070505479,0.06710714243617416,max_corrected_rho,114,6,2,repeated_10x5_oof,114,28
PHQ-8,DAIC-WOZ全量189人,DeepSeek-V4-Pro,思考,8,动作或语速改变,11,0.13338220650177116,3.0,0.11963164500399587,0.013750561497775288,max_corrected_rho,114,6,2,repeated_10x5_oof,114,28
PHQ-8,DAIC-WOZ全量189人,GLM-5.2,思考,1,兴趣或愉悦感降低,15,0.5805394603587285,11.0,0.535253942147376,0.045285518211352516,max_corrected_rho,114,6,2,repeated_10x5_oof,114,28
PHQ-8,DAIC-WOZ全量189人,GLM-5.2,思考,2,情绪低落、抑郁或无望,3,0.6524487578865789,11.0,0.6429014275062358,0.009547330380343055,max_corrected_rho,114,6,2,repeated_10x5_oof,114,28
PHQ-8,DAIC-WOZ全量189人,GLM-5.2,思考,3,睡眠问题,7,0.49599280050970634,3.0,0.49392912890133556,0.0020636716083707873,max_corrected_rho,114,6,2,repeated_10x5_oof,114,28
PHQ-8,DAIC-WOZ全量189人,GLM-5.2,思考,4,疲劳或精力不足,3,0.4680407195621146,11.0,0.45998151630823336,0.008059203253881264,max_corrected_rho,114,6,2,repeated_10x5_oof,114,28
PHQ-8,DAIC-WOZ全量189人,GLM-5.2,思考,5,食欲问题,3,0.18456307829671287,7.0,0.1275822833870985,0.05698079490961436,max_corrected_rho,114,6,2,repeated_10x5_oof,114,28
PHQ-8,DAIC-WOZ全量189人,GLM-5.2,思考,6,自我评价低或让家人失望,11,0.5876457921477113,3.0,0.5610964814098192,0.02654931073789213,max_corrected_rho,114,6,2,repeated_10x5_oof,114,28
PHQ-8,DAIC-WOZ全量189人,GLM-5.2,思考,7,注意力困难,4,0.4509555615903423,3.0,0.4457666561917234,0.0051889053986188816,max_corrected_rho,114,6,2,repeated_10x5_oof,114,28
PHQ-8,DAIC-WOZ全量189人,GLM-5.2,思考,8,动作或语速改变,3,0.3402126699547743,12.0,0.31284268773702256,0.02736998221775172,max_corrected_rho,114,6,2,repeated_10x5_oof,114,28
PHQ-8,DAIC-WOZ全量189人,Qwen3.7-Max,思考,1,兴趣或愉悦感降低,8,0.43458964821425233,7.0,0.3858935925982829,0.04869605561596946,max_corrected_rho,114,6,2,repeated_10x5_oof,114,28
PHQ-8,DAIC-WOZ全量189人,Qwen3.7-Max,思考,2,情绪低落、抑郁或无望,11,0.6541258988963718,12.0,0.6329877541052589,0.02113814479111298,max_corrected_rho,114,6,2,repeated_10x5_oof,114,28
PHQ-8,DAIC-WOZ全量189人,Qwen3.7-Max,思考,3,睡眠问题,3,0.5043226744919573,8.0,0.47810920387892913,0.0262134706130282,max_corrected_rho,114,6,2,repeated_10x5_oof,114,28
PHQ-8,DAIC-WOZ全量189人,Qwen3.7-Max,思考,4,疲劳或精力不足,4,0.42274461114412204,7.0,0.4203778297980903,0.0023667813460317433,max_corrected_rho,114,6,2,repeated_10x5_oof,114,28
PHQ-8,DAIC-WOZ全量189人,Qwen3.7-Max,思考,5,食欲问题,7,0.21937281381981796,15.0,0.13953043465143436,0.0798423791683836,max_corrected_rho,114,6,2,repeated_10x5_oof,114,28
PHQ-8,DAIC-WOZ全量189人,Qwen3.7-Max,思考,6,自我评价低或让家人失望,7,0.4301424986966486,4.0,0.4248718653967067,0.005270633299941929,max_corrected_rho,114,6,2,repeated_10x5_oof,114,28
PHQ-8,DAIC-WOZ全量189人,Qwen3.7-Max,思考,7,注意力困难,8,0.39270732895828864,4.0,0.36111231636241253,0.031595012595876104,max_corrected_rho,114,6,2,repeated_10x5_oof,114,28
PHQ-8,DAIC-WOZ全量189人,Qwen3.7-Max,思考,8,动作或语速改变,16,0.2260163002069657,15.0,0.20148017658413853,0.024536123622827172,max_corrected_rho,114,6,2,repeated_10x5_oof,114,28
PHQ-8,DAIC-WOZ全量189人,DeepSeek-V4-Pro,思考,1,兴趣或愉悦感降低,15,0.5400580408914532,7.0,0.4706876763097889,0.06937036458166423,max_corrected_rho,114,6,3,repeated_10x5_oof,114,28
PHQ-8,DAIC-WOZ全量189人,DeepSeek-V4-Pro,思考,2,情绪低落、抑郁或无望,7,0.6565497686117233,11.0,0.6531160690862083,0.003433699525514977,max_corrected_rho,114,6,3,repeated_10x5_oof,114,28
PHQ-8,DAIC-WOZ全量189人,DeepSeek-V4-Pro,思考,3,睡眠问题,3,0.5478156844633982,7.0,0.507199350766646,0.040616333696752216,max_corrected_rho,114,6,3,repeated_10x5_oof,114,28
PHQ-8,DAIC-WOZ全量189人,DeepSeek-V4-Pro,思考,4,疲劳或精力不足,7,0.5358253626616847,11.0,0.4428689628969483,0.09295639976473635,max_corrected_rho,114,6,3,repeated_10x5_oof,114,28
PHQ-8,DAIC-WOZ全量189人,DeepSeek-V4-Pro,思考,5,食欲问题,8,0.3015469650293206,16.0,0.2638473324338396,0.03769963259548098,max_corrected_rho,114,6,3,repeated_10x5_oof,114,28
PHQ-8,DAIC-WOZ全量189人,DeepSeek-V4-Pro,思考,6,自我评价低或让家人失望,11,0.3490832250723331,3.0,0.316277899435352,0.032805325636981075,max_corrected_rho,114,6,3,repeated_10x5_oof,114,28
PHQ-8,DAIC-WOZ全量189人,DeepSeek-V4-Pro,思考,7,注意力困难,16,0.38272011263584027,4.0,0.313885335259682,0.06883477737615828,max_corrected_rho,114,6,3,repeated_10x5_oof,114,28
PHQ-8,DAIC-WOZ全量189人,DeepSeek-V4-Pro,思考,8,动作或语速改变,4,0.1926824619145756,16.0,0.17420958335066183,0.018472878563913775,max_corrected_rho,114,6,3,repeated_10x5_oof,114,28
PHQ-8,DAIC-WOZ全量189人,GLM-5.2,思考,1,兴趣或愉悦感降低,15,0.5690474375602841,11.0,0.5484866240332423,0.020560813527041755,max_corrected_rho,114,6,3,repeated_10x5_oof,114,28
PHQ-8,DAIC-WOZ全量189人,GLM-5.2,思考,2,情绪低落、抑郁或无望,11,0.7149734129847473,3.0,0.6963441411175416,0.018629271867205643,max_corrected_rho,114,6,3,repeated_10x5_oof,114,28
PHQ-8,DAIC-WOZ全量189人,GLM-5.2,思考,3,睡眠问题,7,0.5924844849944731,15.0,0.5706394445717349,0.02184504042273827,max_corrected_rho,114,6,3,repeated_10x5_oof,114,28
PHQ-8,DAIC-WOZ全量189人,GLM-5.2,思考,4,疲劳或精力不足,11,0.5511266436045916,4.0,0.5416417913260663,0.009484852278525358,max_corrected_rho,114,6,3,repeated_10x5_oof,114,28
PHQ-8,DAIC-WOZ全量189人,GLM-5.2,思考,5,食欲问题,3,0.2772152899057588,11.0,0.2632981255476752,0.0139171643580836,max_corrected_rho,114,6,3,repeated_10x5_oof,114,28
PHQ-8,DAIC-WOZ全量189人,GLM-5.2,思考,6,自我评价低或让家人失望,11,0.5068096336101973,3.0,0.479115481579984,0.027694152030213248,max_corrected_rho,114,6,3,repeated_10x5_oof,114,28
PHQ-8,DAIC-WOZ全量189人,GLM-5.2,思考,7,注意力困难,4,0.4297329241197935,11.0,0.3872094506410763,0.04252347347871721,max_corrected_rho,114,6,3,repeated_10x5_oof,114,28
PHQ-8,DAIC-WOZ全量189人,GLM-5.2,思考,8,动作或语速改变,15,0.3970372170329576,11.0,0.3677793026567889,0.029257914376168703,max_corrected_rho,114,6,3,repeated_10x5_oof,114,28
PHQ-8,DAIC-WOZ全量189人,Qwen3.7-Max,思考,1,兴趣或愉悦感降低,8,0.42277478064842194,7.0,0.35618424800757276,0.06659053264084919,max_corrected_rho,114,6,3,repeated_10x5_oof,114,28
PHQ-8,DAIC-WOZ全量189人,Qwen3.7-Max,思考,2,情绪低落、抑郁或无望,11,0.6877737600889917,12.0,0.6717263659687461,0.016047394120245584,max_corrected_rho,114,6,3,repeated_10x5_oof,114,28
PHQ-8,DAIC-WOZ全量189人,Qwen3.7-Max,思考,3,睡眠问题,8,0.5385921048671314,7.0,0.5346858604463954,0.0039062444207359492,max_corrected_rho,114,6,3,repeated_10x5_oof,114,28
PHQ-8,DAIC-WOZ全量189人,Qwen3.7-Max,思考,4,疲劳或精力不足,4,0.5039307023834213,15.0,0.4776927334583817,0.0262379689250396,max_corrected_rho,114,6,3,repeated_10x5_oof,114,28
PHQ-8,DAIC-WOZ全量189人,Qwen3.7-Max,思考,5,食欲问题,7,0.26387222744325123,8.0,0.23612146026272499,0.027750767180526242,max_corrected_rho,114,6,3,repeated_10x5_oof,114,28
PHQ-8,DAIC-WOZ全量189人,Qwen3.7-Max,思考,6,自我评价低或让家人失望,7,0.406071113474387,3.0,0.365815469065833,0.040255644408554,max_corrected_rho,114,6,3,repeated_10x5_oof,114,28
PHQ-8,DAIC-WOZ全量189人,Qwen3.7-Max,思考,7,注意力困难,8,0.34897094819214936,4.0,0.3201019820969457,0.028868966095203674,max_corrected_rho,114,6,3,repeated_10x5_oof,114,28
PHQ-8,DAIC-WOZ全量189人,Qwen3.7-Max,思考,8,动作或语速改变,15,0.26024069831913677,16.0,0.23374616349229344,0.02649453482684333,max_corrected_rho,114,6,3,repeated_10x5_oof,114,28
PHQ-8,DAIC-WOZ全量189人,DeepSeek-V4-Pro,思考,1,兴趣或愉悦感降低,15,0.5267843659208743,7.0,0.5048260103525875,0.021958355568286847,max_corrected_rho,114,6,4,repeated_10x5_oof,114,28
PHQ-8,DAIC-WOZ全量189人,DeepSeek-V4-Pro,思考,2,情绪低落、抑郁或无望,11,0.6791090631190302,3.0,0.6505851144489545,0.028523948670075683,max_corrected_rho,114,6,4,repeated_10x5_oof,114,28
PHQ-8,DAIC-WOZ全量189人,DeepSeek-V4-Pro,思考,3,睡眠问题,3,0.5344023776485894,11.0,0.5245636923794461,0.009838685269143332,max_corrected_rho,114,6,4,repeated_10x5_oof,114,28
PHQ-8,DAIC-WOZ全量189人,DeepSeek-V4-Pro,思考,4,疲劳或精力不足,7,0.5485212871312839,11.0,0.5271242320250997,0.02139705510618417,max_corrected_rho,114,6,4,repeated_10x5_oof,114,28
PHQ-8,DAIC-WOZ全量189人,DeepSeek-V4-Pro,思考,5,食欲问题,8,0.155881574876644,7.0,0.1512177938375244,0.004663781039119602,max_corrected_rho,114,6,4,repeated_10x5_oof,114,28
PHQ-8,DAIC-WOZ全量189人,DeepSeek-V4-Pro,思考,6,自我评价低或让家人失望,11,0.4051792200852757,3.0,0.3323756909749762,0.07280352911029947,max_corrected_rho,114,6,4,repeated_10x5_oof,114,28
PHQ-8,DAIC-WOZ全量189人,DeepSeek-V4-Pro,思考,7,注意力困难,16,0.4260444180148722,4.0,0.3849998893549075,0.04104452865996472,max_corrected_rho,114,6,4,repeated_10x5_oof,114,28
PHQ-8,DAIC-WOZ全量189人,DeepSeek-V4-Pro,思考,8,动作或语速改变,11,0.13636106423203706,3.0,0.12308760090354387,0.01327346332849319,max_corrected_rho,114,6,4,repeated_10x5_oof,114,28
PHQ-8,DAIC-WOZ全量189人,GLM-5.2,思考,1,兴趣或愉悦感降低,11,0.5889160939168103,15.0,0.5884956565226821,0.0004204373941282258,max_corrected_rho,114,6,4,repeated_10x5_oof,114,28
PHQ-8,DAIC-WOZ全量189人,GLM-5.2,思考,2,情绪低落、抑郁或无望,3,0.7152185105257703,11.0,0.7112902957338726,0.003928214791897755,max_corrected_rho,114,6,4,repeated_10x5_oof,114,28
PHQ-8,DAIC-WOZ全量189人,GLM-5.2,思考,3,睡眠问题,7,0.5619725801640666,15.0,0.5477247594969143,0.014247820667152244,max_corrected_rho,114,6,4,repeated_10x5_oof,114,28
PHQ-8,DAIC-WOZ全量189人,GLM-5.2,思考,4,疲劳或精力不足,4,0.5867226079858727,3.0,0.5818133994251956,0.004909208560677114,max_corrected_rho,114,6,4,repeated_10x5_oof,114,28
PHQ-8,DAIC-WOZ全量189人,GLM-5.2,思考,5,食欲问题,3,0.176908068179463,4.0,0.1517678160582878,0.02514025212117521,max_corrected_rho,114,6,4,repeated_10x5_oof,114,28
PHQ-8,DAIC-WOZ全量189人,GLM-5.2,思考,6,自我评价低或让家人失望,3,0.5807724356577697,11.0,0.5433213659410919,0.037451069716677776,max_corrected_rho,114,6,4,repeated_10x5_oof,114,28
PHQ-8,DAIC-WOZ全量189人,GLM-5.2,思考,7,注意力困难,4,0.4547154913560881,3.0,0.4462823921565685,0.008433099199519567,max_corrected_rho,114,6,4,repeated_10x5_oof,114,28
PHQ-8,DAIC-WOZ全量189人,GLM-5.2,思考,8,动作或语速改变,3,0.355565084857819,15.0,0.3468396938647139,0.008725390993105098,max_corrected_rho,114,6,4,repeated_10x5_oof,114,28
PHQ-8,DAIC-WOZ全量189人,Qwen3.7-Max,思考,1,兴趣或愉悦感降低,8,0.47173898178596363,7.0,0.4230539509959739,0.0486850307899897,max_corrected_rho,114,6,4,repeated_10x5_oof,114,28
PHQ-8,DAIC-WOZ全量189人,Qwen3.7-Max,思考,2,情绪低落、抑郁或无望,12,0.6969423634606504,11.0,0.6856600648048087,0.011282298655841738,max_corrected_rho,114,6,4,repeated_10x5_oof,114,28
PHQ-8,DAIC-WOZ全量189人,Qwen3.7-Max,思考,3,睡眠问题,3,0.5525046996316052,7.0,0.5401549673288913,0.012349732302713856,max_corrected_rho,114,6,4,repeated_10x5_oof,114,28
PHQ-8,DAIC-WOZ全量189人,Qwen3.7-Max,思考,4,疲劳或精力不足,7,0.5508340096506612,4.0,0.5379798959485149,0.012854113702146286,max_corrected_rho,114,6,4,repeated_10x5_oof,114,28
PHQ-8,DAIC-WOZ全量189人,Qwen3.7-Max,思考,5,食欲问题,7,0.18689488870193155,15.0,0.1387020905501083,0.04819279815182326,max_corrected_rho,114,6,4,repeated_10x5_oof,114,28
PHQ-8,DAIC-WOZ全量189人,Qwen3.7-Max,思考,6,自我评价低或让家人失望,3,0.4174203449051919,7.0,0.4145680410099528,0.0028523038952391055,max_corrected_rho,114,6,4,repeated_10x5_oof,114,28
PHQ-8,DAIC-WOZ全量189人,Qwen3.7-Max,思考,7,注意力困难,8,0.3748147524416861,3.0,0.3657468505298873,0.009067901911798792,max_corrected_rho,114,6,4,repeated_10x5_oof,114,28
PHQ-8,DAIC-WOZ全量189人,Qwen3.7-Max,思考,8,动作或语速改变,7,0.23793087585453954,15.0,0.1884013264742587,0.04952954938028084,max_corrected_rho,114,6,4,repeated_10x5_oof,114,28
PHQ-8,DAIC-WOZ全量189人,DeepSeek-V4-Pro,思考,1,兴趣或愉悦感降低,15,0.5637577185920614,7.0,0.488065678679076,0.07569203991298534,max_corrected_rho,113,7,0,repeated_10x5_oof,113,29
PHQ-8,DAIC-WOZ全量189人,DeepSeek-V4-Pro,思考,2,情绪低落、抑郁或无望,11,0.6583685138355819,7.0,0.6485092611982644,0.009859252637317573,max_corrected_rho,113,7,0,repeated_10x5_oof,113,29
PHQ-8,DAIC-WOZ全量189人,DeepSeek-V4-Pro,思考,3,睡眠问题,3,0.5237572210722242,12.0,0.4960465160640442,0.027710705008180014,max_corrected_rho,113,7,0,repeated_10x5_oof,113,29
PHQ-8,DAIC-WOZ全量189人,DeepSeek-V4-Pro,思考,4,疲劳或精力不足,7,0.46112967827140916,11.0,0.45530068828722525,0.005828989984183908,max_corrected_rho,113,7,0,repeated_10x5_oof,113,29
PHQ-8,DAIC-WOZ全量189人,DeepSeek-V4-Pro,思考,5,食欲问题,8,0.22846329680088068,16.0,0.19057636871407707,0.037886928086803606,max_corrected_rho,113,7,0,repeated_10x5_oof,113,29
PHQ-8,DAIC-WOZ全量189人,DeepSeek-V4-Pro,思考,6,自我评价低或让家人失望,11,0.35176278361853575,15.0,0.34188454135818613,0.009878242260349612,max_corrected_rho,113,7,0,repeated_10x5_oof,113,29
PHQ-8,DAIC-WOZ全量189人,DeepSeek-V4-Pro,思考,7,注意力困难,16,0.43503337049147045,4.0,0.3965528610002523,0.03848050949121817,max_corrected_rho,113,7,0,repeated_10x5_oof,113,29
PHQ-8,DAIC-WOZ全量189人,DeepSeek-V4-Pro,思考,8,动作或语速改变,11,0.13670984312838325,16.0,0.1320840864390249,0.004625756689358357,max_corrected_rho,113,7,0,repeated_10x5_oof,113,29
PHQ-8,DAIC-WOZ全量189人,GLM-5.2,思考,1,兴趣或愉悦感降低,11,0.5964054144547272,15.0,0.5863555727306743,0.010049841724052877,max_corrected_rho,113,7,0,repeated_10x5_oof,113,29
PHQ-8,DAIC-WOZ全量189人,GLM-5.2,思考,2,情绪低落、抑郁或无望,3,0.7340711568835885,11.0,0.7226268272547811,0.01144432962880737,max_corrected_rho,113,7,0,repeated_10x5_oof,113,29
PHQ-8,DAIC-WOZ全量189人,GLM-5.2,思考,3,睡眠问题,7,0.5723229467863528,3.0,0.5388743755320342,0.03344857125431855,max_corrected_rho,113,7,0,repeated_10x5_oof,113,29
PHQ-8,DAIC-WOZ全量189人,GLM-5.2,思考,4,疲劳或精力不足,3,0.5149832692616263,11.0,0.5113614686595732,0.0036218006020530824,max_corrected_rho,113,7,0,repeated_10x5_oof,113,29
PHQ-8,DAIC-WOZ全量189人,GLM-5.2,思考,5,食欲问题,3,0.18539962985293998,7.0,0.1440053038257518,0.04139432602718818,max_corrected_rho,113,7,0,repeated_10x5_oof,113,29
PHQ-8,DAIC-WOZ全量189人,GLM-5.2,思考,6,自我评价低或让家人失望,11,0.5541300996248119,3.0,0.5535871744056237,0.000542925219188195,max_corrected_rho,113,7,0,repeated_10x5_oof,113,29
PHQ-8,DAIC-WOZ全量189人,GLM-5.2,思考,7,注意力困难,4,0.48627974622170617,11.0,0.45427534879384246,0.03200439742786371,max_corrected_rho,113,7,0,repeated_10x5_oof,113,29
PHQ-8,DAIC-WOZ全量189人,GLM-5.2,思考,8,动作或语速改变,15,0.3576186747328932,3.0,0.35166276095578775,0.00595591377710547,max_corrected_rho,113,7,0,repeated_10x5_oof,113,29
PHQ-8,DAIC-WOZ全量189人,Qwen3.7-Max,思考,1,兴趣或愉悦感降低,8,0.45983847199481065,4.0,0.42166447516140576,0.03817399683340489,max_corrected_rho,113,7,0,repeated_10x5_oof,113,29
PHQ-8,DAIC-WOZ全量189人,Qwen3.7-Max,思考,2,情绪低落、抑郁或无望,11,0.6973323646715249,12.0,0.692287918154704,0.0050444465168209,max_corrected_rho,113,7,0,repeated_10x5_oof,113,29
PHQ-8,DAIC-WOZ全量189人,Qwen3.7-Max,思考,3,睡眠问题,3,0.5668286388897033,4.0,0.519189151619263,0.047639487270440206,max_corrected_rho,113,7,0,repeated_10x5_oof,113,29
PHQ-8,DAIC-WOZ全量189人,Qwen3.7-Max,思考,4,疲劳或精力不足,4,0.49392382231253523,7.0,0.47919486062795846,0.014728961684576769,max_corrected_rho,113,7,0,repeated_10x5_oof,113,29
PHQ-8,DAIC-WOZ全量189人,Qwen3.7-Max,思考,5,食欲问题,7,0.19825653658942036,8.0,0.1579398523235421,0.040316684265878255,max_corrected_rho,113,7,0,repeated_10x5_oof,113,29
PHQ-8,DAIC-WOZ全量189人,Qwen3.7-Max,思考,6,自我评价低或让家人失望,3,0.4116297271889637,7.0,0.40409930106474423,0.007530426124219447,max_corrected_rho,113,7,0,repeated_10x5_oof,113,29
PHQ-8,DAIC-WOZ全量189人,Qwen3.7-Max,思考,7,注意力困难,8,0.40785488716573204,3.0,0.39083843744860547,0.01701644971712657,max_corrected_rho,113,7,0,repeated_10x5_oof,113,29
PHQ-8,DAIC-WOZ全量189人,Qwen3.7-Max,思考,8,动作或语速改变,7,0.23937155436257426,8.0,0.17541212625545216,0.0639594281071221,max_corrected_rho,113,7,0,repeated_10x5_oof,113,29
PHQ-8,DAIC-WOZ全量189人,DeepSeek-V4-Pro,思考,1,兴趣或愉悦感降低,15,0.5247902649409176,7.0,0.5082553299375226,0.01653493500339498,max_corrected_rho,113,7,1,repeated_10x5_oof,113,29
PHQ-8,DAIC-WOZ全量189人,DeepSeek-V4-Pro,思考,2,情绪低落、抑郁或无望,7,0.6190803804649037,11.0,0.6115926336156324,0.007487746849271226,max_corrected_rho,113,7,1,repeated_10x5_oof,113,29
PHQ-8,DAIC-WOZ全量189人,DeepSeek-V4-Pro,思考,3,睡眠问题,4,0.5232024718415136,3.0,0.514432774305048,0.008769697536465615,max_corrected_rho,113,7,1,repeated_10x5_oof,113,29
PHQ-8,DAIC-WOZ全量189人,DeepSeek-V4-Pro,思考,4,疲劳或精力不足,7,0.49589638290394683,11.0,0.4089684054511809,0.08692797745276593,max_corrected_rho,113,7,1,repeated_10x5_oof,113,29
PHQ-8,DAIC-WOZ全量189人,DeepSeek-V4-Pro,思考,5,食欲问题,8,0.21982183836374333,7.0,0.19831996714011385,0.021501871223629482,max_corrected_rho,113,7,1,repeated_10x5_oof,113,29
PHQ-8,DAIC-WOZ全量189人,DeepSeek-V4-Pro,思考,6,自我评价低或让家人失望,11,0.38070185193902345,3.0,0.3292960693546374,0.05140578258438605,max_corrected_rho,113,7,1,repeated_10x5_oof,113,29
PHQ-8,DAIC-WOZ全量189人,DeepSeek-V4-Pro,思考,7,注意力困难,16,0.45361143586445074,4.0,0.389660185850609,0.06395125001384172,max_corrected_rho,113,7,1,repeated_10x5_oof,113,29
PHQ-8,DAIC-WOZ全量189人,DeepSeek-V4-Pro,思考,8,动作或语速改变,16,0.10425033501894801,4.0,0.06006746533892253,0.04418286968002548,max_corrected_rho,113,7,1,repeated_10x5_oof,113,29
PHQ-8,DAIC-WOZ全量189人,GLM-5.2,思考,1,兴趣或愉悦感降低,15,0.584101684257703,3.0,0.5673143527302678,0.01678733152743528,max_corrected_rho,113,7,1,repeated_10x5_oof,113,29
PHQ-8,DAIC-WOZ全量189人,GLM-5.2,思考,2,情绪低落、抑郁或无望,3,0.647083170604702,11.0,0.6315765253119513,0.015506645292750698,max_corrected_rho,113,7,1,repeated_10x5_oof,113,29
PHQ-8,DAIC-WOZ全量189人,GLM-5.2,思考,3,睡眠问题,7,0.5534178419544304,3.0,0.5410694301505719,0.012348411803858594,max_corrected_rho,113,7,1,repeated_10x5_oof,113,29
PHQ-8,DAIC-WOZ全量189人,GLM-5.2,思考,4,疲劳或精力不足,3,0.5053648249592797,11.0,0.48859865359263555,0.016766171366644156,max_corrected_rho,113,7,1,repeated_10x5_oof,113,29
PHQ-8,DAIC-WOZ全量189人,GLM-5.2,思考,5,食欲问题,3,0.20036818134636852,7.0,0.14051921765876363,0.059848963687604895,max_corrected_rho,113,7,1,repeated_10x5_oof,113,29
PHQ-8,DAIC-WOZ全量189人,GLM-5.2,思考,6,自我评价低或让家人失望,11,0.5445861096126767,3.0,0.5022485501401238,0.04233755947255291,max_corrected_rho,113,7,1,repeated_10x5_oof,113,29
PHQ-8,DAIC-WOZ全量189人,GLM-5.2,思考,7,注意力困难,4,0.5003364861635076,3.0,0.489038007685381,0.011298478478126539,max_corrected_rho,113,7,1,repeated_10x5_oof,113,29
PHQ-8,DAIC-WOZ全量189人,GLM-5.2,思考,8,动作或语速改变,3,0.31262312817842935,11.0,0.31053559998789443,0.0020875281905349263,max_corrected_rho,113,7,1,repeated_10x5_oof,113,29
PHQ-8,DAIC-WOZ全量189人,Qwen3.7-Max,思考,1,兴趣或愉悦感降低,8,0.4758699502577058,7.0,0.41537365610612936,0.060496294151576424,max_corrected_rho,113,7,1,repeated_10x5_oof,113,29
PHQ-8,DAIC-WOZ全量189人,Qwen3.7-Max,思考,2,情绪低落、抑郁或无望,11,0.6557892572102151,12.0,0.6216641064649071,0.034125150745307975,max_corrected_rho,113,7,1,repeated_10x5_oof,113,29
PHQ-8,DAIC-WOZ全量189人,Qwen3.7-Max,思考,3,睡眠问题,8,0.5470076136163784,3.0,0.5368190995227515,0.010188514093626866,max_corrected_rho,113,7,1,repeated_10x5_oof,113,29
PHQ-8,DAIC-WOZ全量189人,Qwen3.7-Max,思考,4,疲劳或精力不足,4,0.45651916481588356,7.0,0.45491219761418067,0.0016069672017028913,max_corrected_rho,113,7,1,repeated_10x5_oof,113,29
PHQ-8,DAIC-WOZ全量189人,Qwen3.7-Max,思考,5,食欲问题,7,0.24047609553286642,15.0,0.15353005858608765,0.08694603694677877,max_corrected_rho,113,7,1,repeated_10x5_oof,113,29
PHQ-8,DAIC-WOZ全量189人,Qwen3.7-Max,思考,6,自我评价低或让家人失望,7,0.42178309319005824,3.0,0.40667837752574376,0.015104715664314483,max_corrected_rho,113,7,1,repeated_10x5_oof,113,29
PHQ-8,DAIC-WOZ全量189人,Qwen3.7-Max,思考,7,注意力困难,8,0.4446859539860254,4.0,0.428364757323066,0.016321196662959392,max_corrected_rho,113,7,1,repeated_10x5_oof,113,29
PHQ-8,DAIC-WOZ全量189人,Qwen3.7-Max,思考,8,动作或语速改变,7,0.1708692205134633,15.0,0.16988358250738791,0.0009856380060753733,max_corrected_rho,113,7,1,repeated_10x5_oof,113,29
PHQ-8,DAIC-WOZ全量189人,DeepSeek-V4-Pro,思考,1,兴趣或愉悦感降低,15,0.5283617124497024,7.0,0.4688816188718424,0.05948009357786005,max_corrected_rho,114,7,2,repeated_10x5_oof,114,28
PHQ-8,DAIC-WOZ全量189人,DeepSeek-V4-Pro,思考,2,情绪低落、抑郁或无望,11,0.6462833776453694,3.0,0.635354841197824,0.010928536447545323,max_corrected_rho,114,7,2,repeated_10x5_oof,114,28
PHQ-8,DAIC-WOZ全量189人,DeepSeek-V4-Pro,思考,3,睡眠问题,3,0.4965997432863602,4.0,0.4618607282347797,0.0347390150515805,max_corrected_rho,114,7,2,repeated_10x5_oof,114,28
PHQ-8,DAIC-WOZ全量189人,DeepSeek-V4-Pro,思考,4,疲劳或精力不足,7,0.4801660582799194,11.0,0.4702979593558862,0.00986809892403323,max_corrected_rho,114,7,2,repeated_10x5_oof,114,28
PHQ-8,DAIC-WOZ全量189人,DeepSeek-V4-Pro,思考,5,食欲问题,15,0.2001695513968815,4.0,0.15544520160342487,0.04472434979345663,max_corrected_rho,114,7,2,repeated_10x5_oof,114,28
PHQ-8,DAIC-WOZ全量189人,DeepSeek-V4-Pro,思考,6,自我评价低或让家人失望,11,0.3751384650207826,15.0,0.3220629537360964,0.05307551128468618,max_corrected_rho,114,7,2,repeated_10x5_oof,114,28
PHQ-8,DAIC-WOZ全量189人,DeepSeek-V4-Pro,思考,7,注意力困难,16,0.42817873746550306,4.0,0.3902687161902897,0.03791002127521337,max_corrected_rho,114,7,2,repeated_10x5_oof,114,28
PHQ-8,DAIC-WOZ全量189人,DeepSeek-V4-Pro,思考,8,动作或语速改变,3,0.1334622340363359,11.0,0.1334622340363359,0.0,max_corrected_rho_tie_prefer_c03,114,7,2,repeated_10x5_oof,114,28
PHQ-8,DAIC-WOZ全量189人,GLM-5.2,思考,1,兴趣或愉悦感降低,15,0.5703300747775373,11.0,0.5655825686876254,0.004747506089911924,max_corrected_rho,114,7,2,repeated_10x5_oof,114,28
PHQ-8,DAIC-WOZ全量189人,GLM-5.2,思考,2,情绪低落、抑郁或无望,3,0.6854818977262577,11.0,0.6813508154167787,0.004131082309479006,max_corrected_rho,114,7,2,repeated_10x5_oof,114,28
PHQ-8,DAIC-WOZ全量189人,GLM-5.2,思考,3,睡眠问题,7,0.496360067965291,3.0,0.4915296628196065,0.0048304051456844466,max_corrected_rho,114,7,2,repeated_10x5_oof,114,28
PHQ-8,DAIC-WOZ全量189人,GLM-5.2,思考,4,疲劳或精力不足,3,0.5048253492364786,4.0,0.4865286799780617,0.018296669258416887,max_corrected_rho,114,7,2,repeated_10x5_oof,114,28
PHQ-8,DAIC-WOZ全量189人,GLM-5.2,思考,5,食欲问题,3,0.17813697339391882,4.0,0.1518376512485133,0.026299322145405507,max_corrected_rho,114,7,2,repeated_10x5_oof,114,28
PHQ-8,DAIC-WOZ全量189人,GLM-5.2,思考,6,自我评价低或让家人失望,3,0.560893036552604,7.0,0.5125896039555912,0.04830343259701286,max_corrected_rho,114,7,2,repeated_10x5_oof,114,28
PHQ-8,DAIC-WOZ全量189人,GLM-5.2,思考,7,注意力困难,4,0.4701640630123731,3.0,0.4517936558062733,0.018370407206099837,max_corrected_rho,114,7,2,repeated_10x5_oof,114,28
PHQ-8,DAIC-WOZ全量189人,GLM-5.2,思考,8,动作或语速改变,15,0.35701911285127447,12.0,0.35279692284826397,0.004222190003010495,max_corrected_rho,114,7,2,repeated_10x5_oof,114,28
PHQ-8,DAIC-WOZ全量189人,Qwen3.7-Max,思考,1,兴趣或愉悦感降低,8,0.464788214616041,7.0,0.38755617878299264,0.07723203583304833,max_corrected_rho,114,7,2,repeated_10x5_oof,114,28
PHQ-8,DAIC-WOZ全量189人,Qwen3.7-Max,思考,2,情绪低落、抑郁或无望,12,0.667741485188135,11.0,0.6635470510483149,0.004194434139820125,max_corrected_rho,114,7,2,repeated_10x5_oof,114,28
PHQ-8,DAIC-WOZ全量189人,Qwen3.7-Max,思考,3,睡眠问题,3,0.5052163068358013,8.0,0.46315441724240614,0.042061889593395185,max_corrected_rho,114,7,2,repeated_10x5_oof,114,28
PHQ-8,DAIC-WOZ全量189人,Qwen3.7-Max,思考,4,疲劳或精力不足,4,0.4709120739894682,15.0,0.4374167530727898,0.033495320916678395,max_corrected_rho,114,7,2,repeated_10x5_oof,114,28
PHQ-8,DAIC-WOZ全量189人,Qwen3.7-Max,思考,5,食欲问题,15,0.1772248776428937,7.0,0.15544520160342487,0.021779676039468843,max_corrected_rho,114,7,2,repeated_10x5_oof,114,28
PHQ-8,DAIC-WOZ全量189人,Qwen3.7-Max,思考,6,自我评价低或让家人失望,7,0.4332410122283627,11.0,0.397798795428495,0.0354422167998677,max_corrected_rho,114,7,2,repeated_10x5_oof,114,28
PHQ-8,DAIC-WOZ全量189人,Qwen3.7-Max,思考,7,注意力困难,8,0.3902924196704915,3.0,0.36298117225138926,0.027311247419102236,max_corrected_rho,114,7,2,repeated_10x5_oof,114,28
PHQ-8,DAIC-WOZ全量189人,Qwen3.7-Max,思考,8,动作或语速改变,16,0.21074275898617578,15.0,0.1964345895742584,0.01430816941191737,max_corrected_rho,114,7,2,repeated_10x5_oof,114,28
PHQ-8,DAIC-WOZ全量189人,DeepSeek-V4-Pro,思考,1,兴趣或愉悦感降低,15,0.45427004064709353,7.0,0.4279146963869529,0.026355344260140634,max_corrected_rho,114,7,3,repeated_10x5_oof,114,28
PHQ-8,DAIC-WOZ全量189人,DeepSeek-V4-Pro,思考,2,情绪低落、抑郁或无望,11,0.6372027430461807,7.0,0.627156194497314,0.010046548548866774,max_corrected_rho,114,7,3,repeated_10x5_oof,114,28
PHQ-8,DAIC-WOZ全量189人,DeepSeek-V4-Pro,思考,3,睡眠问题,3,0.5430359234831401,4.0,0.5181939285302168,0.024841994952923274,max_corrected_rho,114,7,3,repeated_10x5_oof,114,28
PHQ-8,DAIC-WOZ全量189人,DeepSeek-V4-Pro,思考,4,疲劳或精力不足,7,0.47954026155836665,3.0,0.45671798313931466,0.02282227841905199,max_corrected_rho,114,7,3,repeated_10x5_oof,114,28
PHQ-8,DAIC-WOZ全量189人,DeepSeek-V4-Pro,思考,5,食欲问题,8,0.20544134823683344,16.0,0.16642807626001968,0.03901327197681376,max_corrected_rho,114,7,3,repeated_10x5_oof,114,28
PHQ-8,DAIC-WOZ全量189人,DeepSeek-V4-Pro,思考,6,自我评价低或让家人失望,11,0.2918719524127835,3.0,0.2682427446242392,0.023629207788544326,max_corrected_rho,114,7,3,repeated_10x5_oof,114,28
PHQ-8,DAIC-WOZ全量189人,DeepSeek-V4-Pro,思考,7,注意力困难,16,0.3545202227353558,4.0,0.30242338877475555,0.052096833960600275,max_corrected_rho,114,7,3,repeated_10x5_oof,114,28
PHQ-8,DAIC-WOZ全量189人,DeepSeek-V4-Pro,思考,8,动作或语速改变,16,0.14309328877893257,11.0,0.1362570310439178,0.0068362577350147835,max_corrected_rho,114,7,3,repeated_10x5_oof,114,28
PHQ-8,DAIC-WOZ全量189人,GLM-5.2,思考,1,兴趣或愉悦感降低,15,0.52032367171319,11.0,0.49638409566739344,0.023939576045796607,max_corrected_rho,114,7,3,repeated_10x5_oof,114,28
PHQ-8,DAIC-WOZ全量189人,GLM-5.2,思考,2,情绪低落、抑郁或无望,11,0.6498808937990749,3.0,0.6359556086238431,0.013925285175231727,max_corrected_rho,114,7,3,repeated_10x5_oof,114,28
PHQ-8,DAIC-WOZ全量189人,GLM-5.2,思考,3,睡眠问题,7,0.550430957870503,11.0,0.5331930793990051,0.017237878471497936,max_corrected_rho,114,7,3,repeated_10x5_oof,114,28
PHQ-8,DAIC-WOZ全量189人,GLM-5.2,思考,4,疲劳或精力不足,11,0.49225965878334943,4.0,0.4882656673260407,0.003993991457308721,max_corrected_rho,114,7,3,repeated_10x5_oof,114,28
PHQ-8,DAIC-WOZ全量189人,GLM-5.2,思考,5,食欲问题,3,0.19202383355431046,4.0,0.14157297451320314,0.05045085904110733,max_corrected_rho,114,7,3,repeated_10x5_oof,114,28
PHQ-8,DAIC-WOZ全量189人,GLM-5.2,思考,6,自我评价低或让家人失望,11,0.47501332099765886,3.0,0.46243654311551385,0.012576777882145007,max_corrected_rho,114,7,3,repeated_10x5_oof,114,28
PHQ-8,DAIC-WOZ全量189人,GLM-5.2,思考,7,注意力困难,4,0.3827107201791037,3.0,0.3760003943400272,0.006710325839076492,max_corrected_rho,114,7,3,repeated_10x5_oof,114,28
PHQ-8,DAIC-WOZ全量189人,GLM-5.2,思考,8,动作或语速改变,11,0.3290105898210819,15.0,0.308735973964729,0.020274615856352873,max_corrected_rho,114,7,3,repeated_10x5_oof,114,28
PHQ-8,DAIC-WOZ全量189人,Qwen3.7-Max,思考,1,兴趣或愉悦感降低,8,0.37664419557169276,16.0,0.3331717368176483,0.043472458754044485,max_corrected_rho,114,7,3,repeated_10x5_oof,114,28
PHQ-8,DAIC-WOZ全量189人,Qwen3.7-Max,思考,2,情绪低落、抑郁或无望,11,0.6587951350948271,12.0,0.6254365281692361,0.033358606925591006,max_corrected_rho,114,7,3,repeated_10x5_oof,114,28
PHQ-8,DAIC-WOZ全量189人,Qwen3.7-Max,思考,3,睡眠问题,7,0.5422055907411003,3.0,0.5309229329521249,0.011282657788975414,max_corrected_rho,114,7,3,repeated_10x5_oof,114,28
PHQ-8,DAIC-WOZ全量189人,Qwen3.7-Max,思考,4,疲劳或精力不足,15,0.4539120278136912,4.0,0.4387149369431489,0.015197090870542329,max_corrected_rho,114,7,3,repeated_10x5_oof,114,28
PHQ-8,DAIC-WOZ全量189人,Qwen3.7-Max,思考,5,食欲问题,7,0.20689908781923724,15.0,0.14916673911816541,0.05773234870107183,max_corrected_rho,114,7,3,repeated_10x5_oof,114,28
PHQ-8,DAIC-WOZ全量189人,Qwen3.7-Max,思考,6,自我评价低或让家人失望,7,0.37844395743830184,3.0,0.3416587790983743,0.03678517833992756,max_corrected_rho,114,7,3,repeated_10x5_oof,114,28
PHQ-8,DAIC-WOZ全量189人,Qwen3.7-Max,思考,7,注意力困难,3,0.30070535211280025,8.0,0.2914937421295703,0.009211609983229951,max_corrected_rho,114,7,3,repeated_10x5_oof,114,28
PHQ-8,DAIC-WOZ全量189人,Qwen3.7-Max,思考,8,动作或语速改变,15,0.2581547873540337,7.0,0.24104225120872286,0.01711253614531083,max_corrected_rho,114,7,3,repeated_10x5_oof,114,28
PHQ-8,DAIC-WOZ全量189人,DeepSeek-V4-Pro,思考,1,兴趣或愉悦感降低,15,0.5543579268210284,7.0,0.5427804101991892,0.011577516621839146,max_corrected_rho,114,7,4,repeated_10x5_oof,114,28
PHQ-8,DAIC-WOZ全量189人,DeepSeek-V4-Pro,思考,2,情绪低落、抑郁或无望,7,0.6824891210110443,8.0,0.6391065637875485,0.04338255722349582,max_corrected_rho,114,7,4,repeated_10x5_oof,114,28
PHQ-8,DAIC-WOZ全量189人,DeepSeek-V4-Pro,思考,3,睡眠问题,3,0.5084120553453869,7.0,0.505080686664311,0.0033313686810758636,max_corrected_rho,114,7,4,repeated_10x5_oof,114,28
PHQ-8,DAIC-WOZ全量189人,DeepSeek-V4-Pro,思考,4,疲劳或精力不足,7,0.5301156375425753,11.0,0.4758595146472868,0.05425612289528847,max_corrected_rho,114,7,4,repeated_10x5_oof,114,28
PHQ-8,DAIC-WOZ全量189人,DeepSeek-V4-Pro,思考,5,食欲问题,8,0.20634461951841496,7.0,0.16508416243791882,0.04126045708049614,max_corrected_rho,114,7,4,repeated_10x5_oof,114,28
PHQ-8,DAIC-WOZ全量189人,DeepSeek-V4-Pro,思考,6,自我评价低或让家人失望,11,0.43590817587732045,3.0,0.3675752399063844,0.06833293597093604,max_corrected_rho,114,7,4,repeated_10x5_oof,114,28
PHQ-8,DAIC-WOZ全量189人,DeepSeek-V4-Pro,思考,7,注意力困难,16,0.41381236163965424,4.0,0.3363841996972816,0.07742816194237262,max_corrected_rho,114,7,4,repeated_10x5_oof,114,28
PHQ-8,DAIC-WOZ全量189人,DeepSeek-V4-Pro,思考,8,动作或语速改变,16,0.2137740674185182,4.0,0.19462316894894796,0.019150898469570243,max_corrected_rho,114,7,4,repeated_10x5_oof,114,28
PHQ-8,DAIC-WOZ全量189人,GLM-5.2,思考,1,兴趣或愉悦感降低,11,0.5778495617651485,15.0,0.5753291745210234,0.0025203872441250663,max_corrected_rho,114,7,4,repeated_10x5_oof,114,28
PHQ-8,DAIC-WOZ全量189人,GLM-5.2,思考,2,情绪低落、抑郁或无望,11,0.674463070364131,3.0,0.665490781564805,0.00897228879932599,max_corrected_rho,114,7,4,repeated_10x5_oof,114,28
PHQ-8,DAIC-WOZ全量189人,GLM-5.2,思考,3,睡眠问题,7,0.5477341291388343,3.0,0.5251827414232507,0.022551387715583626,max_corrected_rho,114,7,4,repeated_10x5_oof,114,28
PHQ-8,DAIC-WOZ全量189人,GLM-5.2,思考,4,疲劳或精力不足,11,0.5607344142036923,4.0,0.5440130554261231,0.016721358777569195,max_corrected_rho,114,7,4,repeated_10x5_oof,114,28
PHQ-8,DAIC-WOZ全量189人,GLM-5.2,思考,5,食欲问题,3,0.19190273155901216,7.0,0.1377794473751611,0.05412328418385107,max_corrected_rho,114,7,4,repeated_10x5_oof,114,28
PHQ-8,DAIC-WOZ全量189人,GLM-5.2,思考,6,自我评价低或让家人失望,11,0.5884781441339608,3.0,0.5455119987704136,0.04296614536354726,max_corrected_rho,114,7,4,repeated_10x5_oof,114,28
PHQ-8,DAIC-WOZ全量189人,GLM-5.2,思考,7,注意力困难,15,0.4130521276850975,4.0,0.39536833526695403,0.017683792418143496,max_corrected_rho,114,7,4,repeated_10x5_oof,114,28
PHQ-8,DAIC-WOZ全量189人,GLM-5.2,思考,8,动作或语速改变,15,0.39869315676842243,3.0,0.38827645006867995,0.010416706699742484,max_corrected_rho,114,7,4,repeated_10x5_oof,114,28
PHQ-8,DAIC-WOZ全量189人,Qwen3.7-Max,思考,1,兴趣或愉悦感降低,8,0.4480062130692203,16.0,0.4086354112520753,0.039370801817144974,max_corrected_rho,114,7,4,repeated_10x5_oof,114,28
PHQ-8,DAIC-WOZ全量189人,Qwen3.7-Max,思考,2,情绪低落、抑郁或无望,11,0.6597042289305396,4.0,0.6387994750249977,0.020904753905541917,max_corrected_rho,114,7,4,repeated_10x5_oof,114,28
PHQ-8,DAIC-WOZ全量189人,Qwen3.7-Max,思考,3,睡眠问题,8,0.5261159902580974,7.0,0.51028744624836,0.015828544009737433,max_corrected_rho,114,7,4,repeated_10x5_oof,114,28
PHQ-8,DAIC-WOZ全量189人,Qwen3.7-Max,思考,4,疲劳或精力不足,4,0.5124563717916946,7.0,0.49860922264606067,0.013847149145633897,max_corrected_rho,114,7,4,repeated_10x5_oof,114,28
PHQ-8,DAIC-WOZ全量189人,Qwen3.7-Max,思考,5,食欲问题,7,0.20335486798520644,15.0,0.1505884421341368,0.05276642585106964,max_corrected_rho,114,7,4,repeated_10x5_oof,114,28
PHQ-8,DAIC-WOZ全量189人,Qwen3.7-Max,思考,6,自我评价低或让家人失望,7,0.455113003101028,11.0,0.44099028982930494,0.014122713271723042,max_corrected_rho,114,7,4,repeated_10x5_oof,114,28
PHQ-8,DAIC-WOZ全量189人,Qwen3.7-Max,思考,7,注意力困难,8,0.3587553659490978,4.0,0.3219688040373867,0.03678656191171109,max_corrected_rho,114,7,4,repeated_10x5_oof,114,28
PHQ-8,DAIC-WOZ全量189人,Qwen3.7-Max,思考,8,动作或语速改变,16,0.2587344706495191,15.0,0.23606236196649286,0.022672108683026243,max_corrected_rho,114,7,4,repeated_10x5_oof,114,28
PHQ-8,DAIC-WOZ全量189人,DeepSeek-V4-Pro,思考,1,兴趣或愉悦感降低,15,0.49420234809062796,7.0,0.47161883890157696,0.022583509189051,max_corrected_rho,113,8,0,repeated_10x5_oof,113,29
PHQ-8,DAIC-WOZ全量189人,DeepSeek-V4-Pro,思考,2,情绪低落、抑郁或无望,11,0.6945057269953074,12.0,0.6633153039411072,0.031190423054200278,max_corrected_rho,113,8,0,repeated_10x5_oof,113,29
PHQ-8,DAIC-WOZ全量189人,DeepSeek-V4-Pro,思考,3,睡眠问题,3,0.5796367930976531,7.0,0.5541851427024398,0.025451650395213354,max_corrected_rho,113,8,0,repeated_10x5_oof,113,29
PHQ-8,DAIC-WOZ全量189人,DeepSeek-V4-Pro,思考,4,疲劳或精力不足,7,0.5304187860566002,11.0,0.48596140305842644,0.044457382998173756,max_corrected_rho,113,8,0,repeated_10x5_oof,113,29
PHQ-8,DAIC-WOZ全量189人,DeepSeek-V4-Pro,思考,5,食欲问题,8,0.11861939121874797,4.0,0.08294202448211005,0.03567736673663792,max_corrected_rho,113,8,0,repeated_10x5_oof,113,29
PHQ-8,DAIC-WOZ全量189人,DeepSeek-V4-Pro,思考,6,自我评价低或让家人失望,11,0.3545589558632647,3.0,0.3255844916410616,0.028974464222203067,max_corrected_rho,113,8,0,repeated_10x5_oof,113,29
PHQ-8,DAIC-WOZ全量189人,DeepSeek-V4-Pro,思考,7,注意力困难,16,0.39322247452785797,4.0,0.3627708360897426,0.03045163843811538,max_corrected_rho,113,8,0,repeated_10x5_oof,113,29
PHQ-8,DAIC-WOZ全量189人,DeepSeek-V4-Pro,思考,8,动作或语速改变,16,0.09215207102060721,4.0,0.0719215524396719,0.020230518580935317,max_corrected_rho,113,8,0,repeated_10x5_oof,113,29
PHQ-8,DAIC-WOZ全量189人,GLM-5.2,思考,1,兴趣或愉悦感降低,3,0.5685966549972536,11.0,0.5674583165873766,0.0011383384098770932,max_corrected_rho,113,8,0,repeated_10x5_oof,113,29
PHQ-8,DAIC-WOZ全量189人,GLM-5.2,思考,2,情绪低落、抑郁或无望,11,0.6994624597294093,3.0,0.6974647096395468,0.001997750089862582,max_corrected_rho,113,8,0,repeated_10x5_oof,113,29
PHQ-8,DAIC-WOZ全量189人,GLM-5.2,思考,3,睡眠问题,3,0.5836641668489839,7.0,0.5826234633705012,0.0010407034784827296,max_corrected_rho,113,8,0,repeated_10x5_oof,113,29
PHQ-8,DAIC-WOZ全量189人,GLM-5.2,思考,4,疲劳或精力不足,11,0.5436559405817614,3.0,0.5398811683240126,0.003774772257748804,max_corrected_rho,113,8,0,repeated_10x5_oof,113,29
PHQ-8,DAIC-WOZ全量189人,GLM-5.2,思考,5,食欲问题,3,0.10731224941659029,7.0,0.10573117883056507,0.0015810705860252183,max_corrected_rho,113,8,0,repeated_10x5_oof,113,29
PHQ-8,DAIC-WOZ全量189人,GLM-5.2,思考,6,自我评价低或让家人失望,11,0.5442148935019178,3.0,0.5320004652535911,0.012214428248326636,max_corrected_rho,113,8,0,repeated_10x5_oof,113,29
PHQ-8,DAIC-WOZ全量189人,GLM-5.2,思考,7,注意力困难,4,0.4635222065070883,3.0,0.43545117678707856,0.028071029720009744,max_corrected_rho,113,8,0,repeated_10x5_oof,113,29
PHQ-8,DAIC-WOZ全量189人,GLM-5.2,思考,8,动作或语速改变,15,0.27845394922856587,11.0,0.27780509140711773,0.0006488578214481344,max_corrected_rho,113,8,0,repeated_10x5_oof,113,29
PHQ-8,DAIC-WOZ全量189人,Qwen3.7-Max,思考,1,兴趣或愉悦感降低,8,0.43959277879546493,16.0,0.3885287755780895,0.05106400321737542,max_corrected_rho,113,8,0,repeated_10x5_oof,113,29
PHQ-8,DAIC-WOZ全量189人,Qwen3.7-Max,思考,2,情绪低落、抑郁或无望,12,0.7041071109486056,11.0,0.6961206484055306,0.007986462543075001,max_corrected_rho,113,8,0,repeated_10x5_oof,113,29
PHQ-8,DAIC-WOZ全量189人,Qwen3.7-Max,思考,3,睡眠问题,7,0.5877982536363072,3.0,0.5735147395871018,0.01428351404920547,max_corrected_rho,113,8,0,repeated_10x5_oof,113,29
PHQ-8,DAIC-WOZ全量189人,Qwen3.7-Max,思考,4,疲劳或精力不足,4,0.5094452091430062,15.0,0.48883805555720067,0.020607153585805504,max_corrected_rho,113,8,0,repeated_10x5_oof,113,29
PHQ-8,DAIC-WOZ全量189人,Qwen3.7-Max,思考,5,食欲问题,7,0.11511420102281333,15.0,0.06647960046543418,0.04863460055737916,max_corrected_rho,113,8,0,repeated_10x5_oof,113,29
PHQ-8,DAIC-WOZ全量189人,Qwen3.7-Max,思考,6,自我评价低或让家人失望,11,0.421908836468237,3.0,0.4206624792423001,0.0012463572259369116,max_corrected_rho,113,8,0,repeated_10x5_oof,113,29
PHQ-8,DAIC-WOZ全量189人,Qwen3.7-Max,思考,7,注意力困难,8,0.3835041358855771,4.0,0.3813464205104937,0.0021577153750833578,max_corrected_rho,113,8,0,repeated_10x5_oof,113,29
PHQ-8,DAIC-WOZ全量189人,Qwen3.7-Max,思考,8,动作或语速改变,7,0.20477373021157055,15.0,0.17608158439325472,0.028692145818315834,max_corrected_rho,113,8,0,repeated_10x5_oof,113,29
PHQ-8,DAIC-WOZ全量189人,DeepSeek-V4-Pro,思考,1,兴趣或愉悦感降低,15,0.5909214091740489,7.0,0.5098852548246595,0.08103615434938938,max_corrected_rho,113,8,1,repeated_10x5_oof,113,29
PHQ-8,DAIC-WOZ全量189人,DeepSeek-V4-Pro,思考,2,情绪低落、抑郁或无望,11,0.6145509810647994,7.0,0.6021695554845049,0.012381425580294536,max_corrected_rho,113,8,1,repeated_10x5_oof,113,29
PHQ-8,DAIC-WOZ全量189人,DeepSeek-V4-Pro,思考,3,睡眠问题,3,0.4906218462407864,7.0,0.46340710304670163,0.02721474319408479,max_corrected_rho,113,8,1,repeated_10x5_oof,113,29
PHQ-8,DAIC-WOZ全量189人,DeepSeek-V4-Pro,思考,4,疲劳或精力不足,7,0.44778315377442734,11.0,0.4379862440577691,0.009796909716658253,max_corrected_rho,113,8,1,repeated_10x5_oof,113,29
PHQ-8,DAIC-WOZ全量189人,DeepSeek-V4-Pro,思考,5,食欲问题,8,0.21986691566946137,16.0,0.21598460225721478,0.0038823134122465963,max_corrected_rho,113,8,1,repeated_10x5_oof,113,29
PHQ-8,DAIC-WOZ全量189人,DeepSeek-V4-Pro,思考,6,自我评价低或让家人失望,11,0.34634951252552537,15.0,0.31406061683364894,0.03228889569187643,max_corrected_rho,113,8,1,repeated_10x5_oof,113,29
PHQ-8,DAIC-WOZ全量189人,DeepSeek-V4-Pro,思考,7,注意力困难,16,0.38004200172408353,4.0,0.3115950446017685,0.06844695712231502,max_corrected_rho,113,8,1,repeated_10x5_oof,113,29
PHQ-8,DAIC-WOZ全量189人,DeepSeek-V4-Pro,思考,8,动作或语速改变,16,0.15784718476272713,11.0,0.13961797779339116,0.01822920696933597,max_corrected_rho,113,8,1,repeated_10x5_oof,113,29
PHQ-8,DAIC-WOZ全量189人,GLM-5.2,思考,1,兴趣或愉悦感降低,11,0.6011090329361545,15.0,0.5930072918162137,0.008101741119940775,max_corrected_rho,113,8,1,repeated_10x5_oof,113,29
PHQ-8,DAIC-WOZ全量189人,GLM-5.2,思考,2,情绪低落、抑郁或无望,11,0.6771389649858263,3.0,0.6597389154334772,0.017400049552349084,max_corrected_rho,113,8,1,repeated_10x5_oof,113,29
PHQ-8,DAIC-WOZ全量189人,GLM-5.2,思考,3,睡眠问题,7,0.5444203954416723,15.0,0.49999050704388065,0.04442988839779166,max_corrected_rho,113,8,1,repeated_10x5_oof,113,29
PHQ-8,DAIC-WOZ全量189人,GLM-5.2,思考,4,疲劳或精力不足,11,0.48911031995484205,3.0,0.47512292755085994,0.013987392403982113,max_corrected_rho,113,8,1,repeated_10x5_oof,113,29
PHQ-8,DAIC-WOZ全量189人,GLM-5.2,思考,5,食欲问题,3,0.23373785993714138,11.0,0.18241138938777324,0.05132647054936815,max_corrected_rho,113,8,1,repeated_10x5_oof,113,29
PHQ-8,DAIC-WOZ全量189人,GLM-5.2,思考,6,自我评价低或让家人失望,11,0.5223048798019808,3.0,0.5078177284638873,0.014487151338093529,max_corrected_rho,113,8,1,repeated_10x5_oof,113,29
PHQ-8,DAIC-WOZ全量189人,GLM-5.2,思考,7,注意力困难,3,0.41369907444344245,4.0,0.390710982616291,0.022988091827151447,max_corrected_rho,113,8,1,repeated_10x5_oof,113,29
PHQ-8,DAIC-WOZ全量189人,GLM-5.2,思考,8,动作或语速改变,15,0.43003481803182264,3.0,0.3778855515702843,0.052149266461538335,max_corrected_rho,113,8,1,repeated_10x5_oof,113,29
PHQ-8,DAIC-WOZ全量189人,Qwen3.7-Max,思考,1,兴趣或愉悦感降低,8,0.48603337377279293,7.0,0.38552049226641605,0.10051288150637688,max_corrected_rho,113,8,1,repeated_10x5_oof,113,29
PHQ-8,DAIC-WOZ全量189人,Qwen3.7-Max,思考,2,情绪低落、抑郁或无望,11,0.667073693175315,12.0,0.6191615692576917,0.04791212391762323,max_corrected_rho,113,8,1,repeated_10x5_oof,113,29
PHQ-8,DAIC-WOZ全量189人,Qwen3.7-Max,思考,3,睡眠问题,8,0.49978547386238337,3.0,0.4859172114561372,0.013868262406246168,max_corrected_rho,113,8,1,repeated_10x5_oof,113,29
PHQ-8,DAIC-WOZ全量189人,Qwen3.7-Max,思考,4,疲劳或精力不足,15,0.4259091354903326,7.0,0.42020874792060575,0.00570038756972685,max_corrected_rho,113,8,1,repeated_10x5_oof,113,29
PHQ-8,DAIC-WOZ全量189人,Qwen3.7-Max,思考,5,食欲问题,7,0.2155674031378387,15.0,0.1891234326012699,0.0264439705365688,max_corrected_rho,113,8,1,repeated_10x5_oof,113,29
PHQ-8,DAIC-WOZ全量189人,Qwen3.7-Max,思考,6,自我评价低或让家人失望,7,0.3713453420529247,11.0,0.34835429659713496,0.022991045455789727,max_corrected_rho,113,8,1,repeated_10x5_oof,113,29
PHQ-8,DAIC-WOZ全量189人,Qwen3.7-Max,思考,7,注意力困难,8,0.30949827917875955,3.0,0.29764933337502053,0.01184894580373902,max_corrected_rho,113,8,1,repeated_10x5_oof,113,29
PHQ-8,DAIC-WOZ全量189人,Qwen3.7-Max,思考,8,动作或语速改变,7,0.24247337203246425,15.0,0.23306574332834615,0.009407628704118098,max_corrected_rho,113,8,1,repeated_10x5_oof,113,29
PHQ-8,DAIC-WOZ全量189人,DeepSeek-V4-Pro,思考,1,兴趣或愉悦感降低,7,0.4926575254033545,15.0,0.4846646837308076,0.00799284167254688,max_corrected_rho,114,8,2,repeated_10x5_oof,114,28
PHQ-8,DAIC-WOZ全量189人,DeepSeek-V4-Pro,思考,2,情绪低落、抑郁或无望,7,0.6661663538509087,11.0,0.6151757918832326,0.05099056196767615,max_corrected_rho,114,8,2,repeated_10x5_oof,114,28
PHQ-8,DAIC-WOZ全量189人,DeepSeek-V4-Pro,思考,3,睡眠问题,4,0.4815582201414801,3.0,0.46995636553475534,0.011601854606724749,max_corrected_rho,114,8,2,repeated_10x5_oof,114,28
PHQ-8,DAIC-WOZ全量189人,DeepSeek-V4-Pro,思考,4,疲劳或精力不足,7,0.44186537793789615,11.0,0.4061798356458346,0.035685542292061556,max_corrected_rho,114,8,2,repeated_10x5_oof,114,28
PHQ-8,DAIC-WOZ全量189人,DeepSeek-V4-Pro,思考,5,食欲问题,8,0.2234267135003768,16.0,0.18423275144551862,0.03919396205485817,max_corrected_rho,114,8,2,repeated_10x5_oof,114,28
PHQ-8,DAIC-WOZ全量189人,DeepSeek-V4-Pro,思考,6,自我评价低或让家人失望,11,0.3751755708682411,3.0,0.29576220323757213,0.07941336763066897,max_corrected_rho,114,8,2,repeated_10x5_oof,114,28
PHQ-8,DAIC-WOZ全量189人,DeepSeek-V4-Pro,思考,7,注意力困难,16,0.40273337628064826,4.0,0.35735031344800455,0.045383062832643706,max_corrected_rho,114,8,2,repeated_10x5_oof,114,28
PHQ-8,DAIC-WOZ全量189人,DeepSeek-V4-Pro,思考,8,动作或语速改变,4,0.195118700837519,16.0,0.15274215028376822,0.04237655055375078,max_corrected_rho,114,8,2,repeated_10x5_oof,114,28
PHQ-8,DAIC-WOZ全量189人,GLM-5.2,思考,1,兴趣或愉悦感降低,15,0.5821973970734485,11.0,0.5370343422555444,0.04516305481790417,max_corrected_rho,114,8,2,repeated_10x5_oof,114,28
PHQ-8,DAIC-WOZ全量189人,GLM-5.2,思考,2,情绪低落、抑郁或无望,11,0.6671761062771862,3.0,0.6601683800647589,0.00700772621242729,max_corrected_rho,114,8,2,repeated_10x5_oof,114,28
PHQ-8,DAIC-WOZ全量189人,GLM-5.2,思考,3,睡眠问题,7,0.5282196643025733,15.0,0.502863683620151,0.025355980682422286,max_corrected_rho,114,8,2,repeated_10x5_oof,114,28
PHQ-8,DAIC-WOZ全量189人,GLM-5.2,思考,4,疲劳或精力不足,4,0.4660151508101347,11.0,0.4526319651104732,0.013383185699661515,max_corrected_rho,114,8,2,repeated_10x5_oof,114,28
PHQ-8,DAIC-WOZ全量189人,GLM-5.2,思考,5,食欲问题,3,0.1904789465524057,11.0,0.13840863846346318,0.0520703080889425,max_corrected_rho,114,8,2,repeated_10x5_oof,114,28
PHQ-8,DAIC-WOZ全量189人,GLM-5.2,思考,6,自我评价低或让家人失望,11,0.5304560025871329,3.0,0.5067301908486175,0.0237258117385154,max_corrected_rho,114,8,2,repeated_10x5_oof,114,28
PHQ-8,DAIC-WOZ全量189人,GLM-5.2,思考,7,注意力困难,4,0.4485147031353358,11.0,0.4204895148403045,0.02802518829503131,max_corrected_rho,114,8,2,repeated_10x5_oof,114,28
PHQ-8,DAIC-WOZ全量189人,GLM-5.2,思考,8,动作或语速改变,11,0.37448545492776353,15.0,0.3657281850360788,0.008757269891684738,max_corrected_rho,114,8,2,repeated_10x5_oof,114,28
PHQ-8,DAIC-WOZ全量189人,Qwen3.7-Max,思考,1,兴趣或愉悦感降低,8,0.4311089086720156,16.0,0.3984517443074105,0.03265716436460514,max_corrected_rho,114,8,2,repeated_10x5_oof,114,28
PHQ-8,DAIC-WOZ全量189人,Qwen3.7-Max,思考,2,情绪低落、抑郁或无望,11,0.648655666310186,12.0,0.6443655576499425,0.004290108660243486,max_corrected_rho,114,8,2,repeated_10x5_oof,114,28
PHQ-8,DAIC-WOZ全量189人,Qwen3.7-Max,思考,3,睡眠问题,8,0.5130876559984525,16.0,0.487719319555259,0.02536833644319353,max_corrected_rho,114,8,2,repeated_10x5_oof,114,28
PHQ-8,DAIC-WOZ全量189人,Qwen3.7-Max,思考,4,疲劳或精力不足,4,0.4377412295585836,15.0,0.4277896200591304,0.009951609499453173,max_corrected_rho,114,8,2,repeated_10x5_oof,114,28
PHQ-8,DAIC-WOZ全量189人,Qwen3.7-Max,思考,5,食欲问题,7,0.20584501852403622,8.0,0.146129328458042,0.059715690065994226,max_corrected_rho,114,8,2,repeated_10x5_oof,114,28
PHQ-8,DAIC-WOZ全量189人,Qwen3.7-Max,思考,6,自我评价低或让家人失望,7,0.4269956363781444,3.0,0.3955014276619901,0.031494208716154326,max_corrected_rho,114,8,2,repeated_10x5_oof,114,28
PHQ-8,DAIC-WOZ全量189人,Qwen3.7-Max,思考,7,注意力困难,8,0.36131516448899376,3.0,0.3558752551381074,0.0054399093508863405,max_corrected_rho,114,8,2,repeated_10x5_oof,114,28
PHQ-8,DAIC-WOZ全量189人,Qwen3.7-Max,思考,8,动作或语速改变,16,0.2477132903116931,15.0,0.2392040551483143,0.008509235163378787,max_corrected_rho,114,8,2,repeated_10x5_oof,114,28
PHQ-8,DAIC-WOZ全量189人,DeepSeek-V4-Pro,思考,1,兴趣或愉悦感降低,15,0.5252512109841234,7.0,0.49443061999942156,0.030820590984701857,max_corrected_rho,114,8,3,repeated_10x5_oof,114,28
PHQ-8,DAIC-WOZ全量189人,DeepSeek-V4-Pro,思考,2,情绪低落、抑郁或无望,7,0.6298530282018981,11.0,0.6192421737823911,0.010610854419507043,max_corrected_rho,114,8,3,repeated_10x5_oof,114,28
PHQ-8,DAIC-WOZ全量189人,DeepSeek-V4-Pro,思考,3,睡眠问题,3,0.5543325057955001,4.0,0.535253927354321,0.019078578441179106,max_corrected_rho,114,8,3,repeated_10x5_oof,114,28
PHQ-8,DAIC-WOZ全量189人,DeepSeek-V4-Pro,思考,4,疲劳或精力不足,7,0.5017820571223387,11.0,0.4713937468416645,0.03038831028067418,max_corrected_rho,114,8,3,repeated_10x5_oof,114,28
PHQ-8,DAIC-WOZ全量189人,DeepSeek-V4-Pro,思考,5,食欲问题,8,0.2260679704395531,16.0,0.18577160697573775,0.04029636346381535,max_corrected_rho,114,8,3,repeated_10x5_oof,114,28
PHQ-8,DAIC-WOZ全量189人,DeepSeek-V4-Pro,思考,6,自我评价低或让家人失望,11,0.3421332240263302,3.0,0.3156965561395938,0.026436667886736376,max_corrected_rho,114,8,3,repeated_10x5_oof,114,28
PHQ-8,DAIC-WOZ全量189人,DeepSeek-V4-Pro,思考,7,注意力困难,16,0.4151844473176941,4.0,0.36754288180300704,0.04764156551468707,max_corrected_rho,114,8,3,repeated_10x5_oof,114,28
PHQ-8,DAIC-WOZ全量189人,DeepSeek-V4-Pro,思考,8,动作或语速改变,16,0.155903751283614,11.0,0.13342764665063236,0.022476104632981636,max_corrected_rho,114,8,3,repeated_10x5_oof,114,28
PHQ-8,DAIC-WOZ全量189人,GLM-5.2,思考,1,兴趣或愉悦感降低,11,0.5533325539092002,15.0,0.5374197079192957,0.0159128459899045,max_corrected_rho,114,8,3,repeated_10x5_oof,114,28
PHQ-8,DAIC-WOZ全量189人,GLM-5.2,思考,2,情绪低落、抑郁或无望,3,0.6758818361822548,11.0,0.6636788010194898,0.012203035162764997,max_corrected_rho,114,8,3,repeated_10x5_oof,114,28
PHQ-8,DAIC-WOZ全量189人,GLM-5.2,思考,3,睡眠问题,7,0.5560628099851287,3.0,0.5550233162704962,0.0010394937146325223,max_corrected_rho,114,8,3,repeated_10x5_oof,114,28
PHQ-8,DAIC-WOZ全量189人,GLM-5.2,思考,4,疲劳或精力不足,3,0.5289758203929649,11.0,0.5272404964093745,0.0017353239835903311,max_corrected_rho,114,8,3,repeated_10x5_oof,114,28
PHQ-8,DAIC-WOZ全量189人,GLM-5.2,思考,5,食欲问题,3,0.21130347947650344,7.0,0.15408172645385781,0.05722175302264562,max_corrected_rho,114,8,3,repeated_10x5_oof,114,28
PHQ-8,DAIC-WOZ全量189人,GLM-5.2,思考,6,自我评价低或让家人失望,11,0.5550060331628025,3.0,0.5206059221756949,0.0344001109871076,max_corrected_rho,114,8,3,repeated_10x5_oof,114,28
PHQ-8,DAIC-WOZ全量189人,GLM-5.2,思考,7,注意力困难,4,0.4486090259035359,11.0,0.435312368518538,0.013296657384997912,max_corrected_rho,114,8,3,repeated_10x5_oof,114,28
PHQ-8,DAIC-WOZ全量189人,GLM-5.2,思考,8,动作或语速改变,11,0.36466124462317684,3.0,0.35757884413082275,0.007082400492354091,max_corrected_rho,114,8,3,repeated_10x5_oof,114,28
PHQ-8,DAIC-WOZ全量189人,Qwen3.7-Max,思考,1,兴趣或愉悦感降低,8,0.42983029693758695,7.0,0.4049270459290812,0.024903251008505767,max_corrected_rho,114,8,3,repeated_10x5_oof,114,28
PHQ-8,DAIC-WOZ全量189人,Qwen3.7-Max,思考,2,情绪低落、抑郁或无望,11,0.6520241384918017,12.0,0.6244587964080187,0.02756534208378303,max_corrected_rho,114,8,3,repeated_10x5_oof,114,28
PHQ-8,DAIC-WOZ全量189人,Qwen3.7-Max,思考,3,睡眠问题,3,0.5782875796904624,11.0,0.5525839317559441,0.025703647934518292,max_corrected_rho,114,8,3,repeated_10x5_oof,114,28
PHQ-8,DAIC-WOZ全量189人,Qwen3.7-Max,思考,4,疲劳或精力不足,4,0.5025610634992959,7.0,0.4892359783586866,0.01332508514060926,max_corrected_rho,114,8,3,repeated_10x5_oof,114,28
PHQ-8,DAIC-WOZ全量189人,Qwen3.7-Max,思考,5,食欲问题,7,0.22513914268748075,15.0,0.1690536687388456,0.05608547394863514,max_corrected_rho,114,8,3,repeated_10x5_oof,114,28
PHQ-8,DAIC-WOZ全量189人,Qwen3.7-Max,思考,6,自我评价低或让家人失望,7,0.40224781894437117,3.0,0.39191788352053,0.010329935423841197,max_corrected_rho,114,8,3,repeated_10x5_oof,114,28
PHQ-8,DAIC-WOZ全量189人,Qwen3.7-Max,思考,7,注意力困难,8,0.38625256254103835,3.0,0.3557392548435783,0.030513307697460024,max_corrected_rho,114,8,3,repeated_10x5_oof,114,28
PHQ-8,DAIC-WOZ全量189人,Qwen3.7-Max,思考,8,动作或语速改变,16,0.1995712054976288,7.0,0.1923852338513509,0.0071859716462779055,max_corrected_rho,114,8,3,repeated_10x5_oof,114,28
PHQ-8,DAIC-WOZ全量189人,DeepSeek-V4-Pro,思考,1,兴趣或愉悦感降低,15,0.5247949640867658,7.0,0.4732925737944445,0.05150239029232134,max_corrected_rho,114,8,4,repeated_10x5_oof,114,28
PHQ-8,DAIC-WOZ全量189人,DeepSeek-V4-Pro,思考,2,情绪低落、抑郁或无望,12,0.6568190478570953,7.0,0.6385933665938821,0.018225681263213223,max_corrected_rho,114,8,4,repeated_10x5_oof,114,28
PHQ-8,DAIC-WOZ全量189人,DeepSeek-V4-Pro,思考,3,睡眠问题,3,0.4869654401720391,7.0,0.46501227034662307,0.021953169825416008,max_corrected_rho,114,8,4,repeated_10x5_oof,114,28
PHQ-8,DAIC-WOZ全量189人,DeepSeek-V4-Pro,思考,4,疲劳或精力不足,7,0.5246418405471113,3.0,0.4724746611255069,0.05216717942160437,max_corrected_rho,114,8,4,repeated_10x5_oof,114,28
PHQ-8,DAIC-WOZ全量189人,DeepSeek-V4-Pro,思考,5,食欲问题,8,0.21070320997336106,7.0,0.19195114421641699,0.018752065756944075,max_corrected_rho,114,8,4,repeated_10x5_oof,114,28
PHQ-8,DAIC-WOZ全量189人,DeepSeek-V4-Pro,思考,6,自我评价低或让家人失望,11,0.4212953888770339,3.0,0.33429415227083037,0.08700123660620351,max_corrected_rho,114,8,4,repeated_10x5_oof,114,28
PHQ-8,DAIC-WOZ全量189人,DeepSeek-V4-Pro,思考,7,注意力困难,16,0.4886128464100478,4.0,0.4076578960790484,0.08095495033099942,max_corrected_rho,114,8,4,repeated_10x5_oof,114,28
PHQ-8,DAIC-WOZ全量189人,DeepSeek-V4-Pro,思考,8,动作或语速改变,11,0.13209053858932235,3.0,0.1255416896956216,0.006548848893700748,max_corrected_rho,114,8,4,repeated_10x5_oof,114,28
PHQ-8,DAIC-WOZ全量189人,GLM-5.2,思考,1,兴趣或愉悦感降低,15,0.5671935904928566,11.0,0.5384464968931532,0.0287470935997034,max_corrected_rho,114,8,4,repeated_10x5_oof,114,28
PHQ-8,DAIC-WOZ全量189人,GLM-5.2,思考,2,情绪低落、抑郁或无望,3,0.675492670143965,11.0,0.656161443943943,0.019331226200021923,max_corrected_rho,114,8,4,repeated_10x5_oof,114,28
PHQ-8,DAIC-WOZ全量189人,GLM-5.2,思考,3,睡眠问题,7,0.5067960724367347,15.0,0.49734090536468045,0.009455167072054294,max_corrected_rho,114,8,4,repeated_10x5_oof,114,28
PHQ-8,DAIC-WOZ全量189人,GLM-5.2,思考,4,疲劳或精力不足,4,0.5288813833672737,3.0,0.5121585579260934,0.01672282544118031,max_corrected_rho,114,8,4,repeated_10x5_oof,114,28
PHQ-8,DAIC-WOZ全量189人,GLM-5.2,思考,5,食欲问题,3,0.19398706991517126,7.0,0.1353148842606518,0.058672185654519454,max_corrected_rho,114,8,4,repeated_10x5_oof,114,28
PHQ-8,DAIC-WOZ全量189人,GLM-5.2,思考,6,自我评价低或让家人失望,3,0.5565577455142475,11.0,0.520235762797499,0.03632198271674858,max_corrected_rho,114,8,4,repeated_10x5_oof,114,28
PHQ-8,DAIC-WOZ全量189人,GLM-5.2,思考,7,注意力困难,4,0.47722849647615984,3.0,0.44186188127288395,0.035366615203275886,max_corrected_rho,114,8,4,repeated_10x5_oof,114,28
PHQ-8,DAIC-WOZ全量189人,GLM-5.2,思考,8,动作或语速改变,3,0.3221332288958217,12.0,0.3104043195318029,0.01172890936401877,max_corrected_rho,114,8,4,repeated_10x5_oof,114,28
PHQ-8,DAIC-WOZ全量189人,Qwen3.7-Max,思考,1,兴趣或愉悦感降低,8,0.4429733855771717,7.0,0.3946722957880877,0.048301089789083984,max_corrected_rho,114,8,4,repeated_10x5_oof,114,28
PHQ-8,DAIC-WOZ全量189人,Qwen3.7-Max,思考,2,情绪低落、抑郁或无望,11,0.669147154638477,12.0,0.6507508473416806,0.01839630729679631,max_corrected_rho,114,8,4,repeated_10x5_oof,114,28
PHQ-8,DAIC-WOZ全量189人,Qwen3.7-Max,思考,3,睡眠问题,3,0.5130679358199444,7.0,0.46291291431872883,0.050155021501215535,max_corrected_rho,114,8,4,repeated_10x5_oof,114,28
PHQ-8,DAIC-WOZ全量189人,Qwen3.7-Max,思考,4,疲劳或精力不足,4,0.49769926034723916,7.0,0.4847614688051467,0.012937791542092458,max_corrected_rho,114,8,4,repeated_10x5_oof,114,28
PHQ-8,DAIC-WOZ全量189人,Qwen3.7-Max,思考,5,食欲问题,7,0.23439004598525828,15.0,0.19228680386873329,0.042103242116525,max_corrected_rho,114,8,4,repeated_10x5_oof,114,28
PHQ-8,DAIC-WOZ全量189人,Qwen3.7-Max,思考,6,自我评价低或让家人失望,7,0.4739699641893139,3.0,0.42525726661708396,0.04871269757222996,max_corrected_rho,114,8,4,repeated_10x5_oof,114,28
PHQ-8,DAIC-WOZ全量189人,Qwen3.7-Max,思考,7,注意力困难,8,0.447842698050536,4.0,0.4118526835692679,0.035990014481268096,max_corrected_rho,114,8,4,repeated_10x5_oof,114,28
PHQ-8,DAIC-WOZ全量189人,Qwen3.7-Max,思考,8,动作或语速改变,15,0.21480151342154324,16.0,0.20597652626975796,0.008824987151785285,max_corrected_rho,114,8,4,repeated_10x5_oof,114,28
PHQ-8,DAIC-WOZ全量189人,DeepSeek-V4-Pro,思考,1,兴趣或愉悦感降低,15,0.538929607000219,7.0,0.5261672317615567,0.012762375238662305,max_corrected_rho,113,9,0,repeated_10x5_oof,113,29
PHQ-8,DAIC-WOZ全量189人,DeepSeek-V4-Pro,思考,2,情绪低落、抑郁或无望,7,0.6413039840415833,11.0,0.6328623790063331,0.008441605035250155,max_corrected_rho,113,9,0,repeated_10x5_oof,113,29
PHQ-8,DAIC-WOZ全量189人,DeepSeek-V4-Pro,思考,3,睡眠问题,3,0.5292351959003045,4.0,0.5136387195695093,0.015596476330795195,max_corrected_rho,113,9,0,repeated_10x5_oof,113,29
PHQ-8,DAIC-WOZ全量189人,DeepSeek-V4-Pro,思考,4,疲劳或精力不足,7,0.5026805952105893,11.0,0.4549348211026221,0.047745774107967154,max_corrected_rho,113,9,0,repeated_10x5_oof,113,29
PHQ-8,DAIC-WOZ全量189人,DeepSeek-V4-Pro,思考,5,食欲问题,8,0.15931054465808803,7.0,0.15330519618324193,0.006005348474846101,max_corrected_rho,113,9,0,repeated_10x5_oof,113,29
PHQ-8,DAIC-WOZ全量189人,DeepSeek-V4-Pro,思考,6,自我评价低或让家人失望,11,0.4019040945313159,3.0,0.3445984868968442,0.057305607634471734,max_corrected_rho,113,9,0,repeated_10x5_oof,113,29
PHQ-8,DAIC-WOZ全量189人,DeepSeek-V4-Pro,思考,7,注意力困难,16,0.42176172524323735,4.0,0.3646619273959297,0.057099797847307676,max_corrected_rho,113,9,0,repeated_10x5_oof,113,29
PHQ-8,DAIC-WOZ全量189人,DeepSeek-V4-Pro,思考,8,动作或语速改变,16,0.23788486370348177,4.0,0.21142688627314002,0.026457977430341756,max_corrected_rho,113,9,0,repeated_10x5_oof,113,29
PHQ-8,DAIC-WOZ全量189人,GLM-5.2,思考,1,兴趣或愉悦感降低,15,0.6208165932197541,11.0,0.5565188491696212,0.06429774405013289,max_corrected_rho,113,9,0,repeated_10x5_oof,113,29
PHQ-8,DAIC-WOZ全量189人,GLM-5.2,思考,2,情绪低落、抑郁或无望,11,0.6858108181214886,3.0,0.6654864986169311,0.020324319504557486,max_corrected_rho,113,9,0,repeated_10x5_oof,113,29
PHQ-8,DAIC-WOZ全量189人,GLM-5.2,思考,3,睡眠问题,7,0.5462046389468076,3.0,0.5305415424496494,0.015663096497158246,max_corrected_rho,113,9,0,repeated_10x5_oof,113,29
PHQ-8,DAIC-WOZ全量189人,GLM-5.2,思考,4,疲劳或精力不足,4,0.5352966747411639,3.0,0.5214213093282541,0.01387536541290979,max_corrected_rho,113,9,0,repeated_10x5_oof,113,29
PHQ-8,DAIC-WOZ全量189人,GLM-5.2,思考,5,食欲问题,3,0.17984090535722222,7.0,0.12433402662703809,0.05550687873018413,max_corrected_rho,113,9,0,repeated_10x5_oof,113,29
PHQ-8,DAIC-WOZ全量189人,GLM-5.2,思考,6,自我评价低或让家人失望,11,0.5477244373589037,3.0,0.5297404795331802,0.017983957825723595,max_corrected_rho,113,9,0,repeated_10x5_oof,113,29
PHQ-8,DAIC-WOZ全量189人,GLM-5.2,思考,7,注意力困难,3,0.4458070553648502,4.0,0.4252239231721984,0.020583132192651787,max_corrected_rho,113,9,0,repeated_10x5_oof,113,29
PHQ-8,DAIC-WOZ全量189人,GLM-5.2,思考,8,动作或语速改变,3,0.41209929839769166,15.0,0.3901390633177553,0.021960235079936385,max_corrected_rho,113,9,0,repeated_10x5_oof,113,29
PHQ-8,DAIC-WOZ全量189人,Qwen3.7-Max,思考,1,兴趣或愉悦感降低,8,0.5096908604711106,16.0,0.42630354126759346,0.08338731920351711,max_corrected_rho,113,9,0,repeated_10x5_oof,113,29
PHQ-8,DAIC-WOZ全量189人,Qwen3.7-Max,思考,2,情绪低落、抑郁或无望,11,0.6570210801716849,12.0,0.6527517830106236,0.004269297161061281,max_corrected_rho,113,9,0,repeated_10x5_oof,113,29
PHQ-8,DAIC-WOZ全量189人,Qwen3.7-Max,思考,3,睡眠问题,8,0.5373355579883503,3.0,0.5338933586788821,0.003442199309468208,max_corrected_rho,113,9,0,repeated_10x5_oof,113,29
PHQ-8,DAIC-WOZ全量189人,Qwen3.7-Max,思考,4,疲劳或精力不足,4,0.502223996103847,7.0,0.4741667630726912,0.02805723303115587,max_corrected_rho,113,9,0,repeated_10x5_oof,113,29
PHQ-8,DAIC-WOZ全量189人,Qwen3.7-Max,思考,5,食欲问题,7,0.19063735864274745,15.0,0.14210374475102733,0.04853361389172012,max_corrected_rho,113,9,0,repeated_10x5_oof,113,29
PHQ-8,DAIC-WOZ全量189人,Qwen3.7-Max,思考,6,自我评价低或让家人失望,7,0.41674189291947716,11.0,0.4036981931891208,0.01304369973035635,max_corrected_rho,113,9,0,repeated_10x5_oof,113,29
PHQ-8,DAIC-WOZ全量189人,Qwen3.7-Max,思考,7,注意力困难,8,0.36340135766137244,7.0,0.3355327587539265,0.02786859890744592,max_corrected_rho,113,9,0,repeated_10x5_oof,113,29
PHQ-8,DAIC-WOZ全量189人,Qwen3.7-Max,思考,8,动作或语速改变,16,0.29982701602619266,15.0,0.282301466868592,0.017525549157600684,max_corrected_rho,113,9,0,repeated_10x5_oof,113,29
PHQ-8,DAIC-WOZ全量189人,DeepSeek-V4-Pro,思考,1,兴趣或愉悦感降低,15,0.45632074325201705,7.0,0.44385601433816724,0.01246472891384981,max_corrected_rho,113,9,1,repeated_10x5_oof,113,29
PHQ-8,DAIC-WOZ全量189人,DeepSeek-V4-Pro,思考,2,情绪低落、抑郁或无望,12,0.6419927510956537,11.0,0.6281838548634264,0.013808896232227252,max_corrected_rho,113,9,1,repeated_10x5_oof,113,29
PHQ-8,DAIC-WOZ全量189人,DeepSeek-V4-Pro,思考,3,睡眠问题,3,0.4718270781633783,4.0,0.42508103795501845,0.046746040208359874,max_corrected_rho,113,9,1,repeated_10x5_oof,113,29
PHQ-8,DAIC-WOZ全量189人,DeepSeek-V4-Pro,思考,4,疲劳或精力不足,7,0.4601148690942226,3.0,0.41943728964749,0.040677579446732615,max_corrected_rho,113,9,1,repeated_10x5_oof,113,29
PHQ-8,DAIC-WOZ全量189人,DeepSeek-V4-Pro,思考,5,食欲问题,8,0.22685645945064065,16.0,0.1890991079268539,0.03775735152378676,max_corrected_rho,113,9,1,repeated_10x5_oof,113,29
PHQ-8,DAIC-WOZ全量189人,DeepSeek-V4-Pro,思考,6,自我评价低或让家人失望,11,0.33595409243622043,3.0,0.26601283552569,0.06994125691053044,max_corrected_rho,113,9,1,repeated_10x5_oof,113,29
PHQ-8,DAIC-WOZ全量189人,DeepSeek-V4-Pro,思考,7,注意力困难,16,0.39599911716864106,4.0,0.35988137607955617,0.03611774108908489,max_corrected_rho,113,9,1,repeated_10x5_oof,113,29
PHQ-8,DAIC-WOZ全量189人,DeepSeek-V4-Pro,思考,8,动作或语速改变,11,0.13526313974804646,4.0,0.126149372641095,0.00911376710695147,max_corrected_rho,113,9,1,repeated_10x5_oof,113,29
PHQ-8,DAIC-WOZ全量189人,GLM-5.2,思考,1,兴趣或愉悦感降低,15,0.5400095740298165,11.0,0.5150108477757827,0.024998726254033876,max_corrected_rho,113,9,1,repeated_10x5_oof,113,29
PHQ-8,DAIC-WOZ全量189人,GLM-5.2,思考,2,情绪低落、抑郁或无望,11,0.649288250147963,3.0,0.6417094893242961,0.00757876082366693,max_corrected_rho,113,9,1,repeated_10x5_oof,113,29
PHQ-8,DAIC-WOZ全量189人,GLM-5.2,思考,3,睡眠问题,7,0.5015894375702472,11.0,0.48474401465866573,0.016845422911581476,max_corrected_rho,113,9,1,repeated_10x5_oof,113,29
PHQ-8,DAIC-WOZ全量189人,GLM-5.2,思考,4,疲劳或精力不足,11,0.49113104197062457,4.0,0.48626833084847404,0.0048627111221505315,max_corrected_rho,113,9,1,repeated_10x5_oof,113,29
PHQ-8,DAIC-WOZ全量189人,GLM-5.2,思考,5,食欲问题,3,0.17781618931449114,7.0,0.16075944551069923,0.017056743803791907,max_corrected_rho,113,9,1,repeated_10x5_oof,113,29
PHQ-8,DAIC-WOZ全量189人,GLM-5.2,思考,6,自我评价低或让家人失望,11,0.5117592390602149,3.0,0.49549411171776603,0.016265127342448893,max_corrected_rho,113,9,1,repeated_10x5_oof,113,29
PHQ-8,DAIC-WOZ全量189人,GLM-5.2,思考,7,注意力困难,4,0.41027473093122047,11.0,0.39463018683949347,0.015644544091726997,max_corrected_rho,113,9,1,repeated_10x5_oof,113,29
PHQ-8,DAIC-WOZ全量189人,GLM-5.2,思考,8,动作或语速改变,11,0.30691341842823133,15.0,0.26761558643413397,0.039297831994097365,max_corrected_rho,113,9,1,repeated_10x5_oof,113,29
PHQ-8,DAIC-WOZ全量189人,Qwen3.7-Max,思考,1,兴趣或愉悦感降低,8,0.3814916497662967,16.0,0.3060027186003465,0.07548893116595018,max_corrected_rho,113,9,1,repeated_10x5_oof,113,29
PHQ-8,DAIC-WOZ全量189人,Qwen3.7-Max,思考,2,情绪低落、抑郁或无望,11,0.6719727062328973,12.0,0.6319186894695958,0.04005401676330145,max_corrected_rho,113,9,1,repeated_10x5_oof,113,29
PHQ-8,DAIC-WOZ全量189人,Qwen3.7-Max,思考,3,睡眠问题,3,0.48034077982976814,8.0,0.4515620468014434,0.028778733028324732,max_corrected_rho,113,9,1,repeated_10x5_oof,113,29
PHQ-8,DAIC-WOZ全量189人,Qwen3.7-Max,思考,4,疲劳或精力不足,4,0.44886107576025347,3.0,0.4155646939343992,0.03329638182585426,max_corrected_rho,113,9,1,repeated_10x5_oof,113,29
PHQ-8,DAIC-WOZ全量189人,Qwen3.7-Max,思考,5,食欲问题,7,0.22560707378462855,15.0,0.17473775273232237,0.05086932105230618,max_corrected_rho,113,9,1,repeated_10x5_oof,113,29
PHQ-8,DAIC-WOZ全量189人,Qwen3.7-Max,思考,6,自我评价低或让家人失望,7,0.40337058086107475,11.0,0.36312695483679713,0.04024362602427761,max_corrected_rho,113,9,1,repeated_10x5_oof,113,29
PHQ-8,DAIC-WOZ全量189人,Qwen3.7-Max,思考,7,注意力困难,3,0.3703143424230551,4.0,0.3495529171687957,0.02076142525425939,max_corrected_rho,113,9,1,repeated_10x5_oof,113,29
PHQ-8,DAIC-WOZ全量189人,Qwen3.7-Max,思考,8,动作或语速改变,16,0.184140232819686,15.0,0.14513793657386442,0.03900229624582158,max_corrected_rho,113,9,1,repeated_10x5_oof,113,29
PHQ-8,DAIC-WOZ全量189人,DeepSeek-V4-Pro,思考,1,兴趣或愉悦感降低,15,0.5278538186427773,7.0,0.4784451756345837,0.04940864300819353,max_corrected_rho,114,9,2,repeated_10x5_oof,114,28
PHQ-8,DAIC-WOZ全量189人,DeepSeek-V4-Pro,思考,2,情绪低落、抑郁或无望,7,0.6537449949691716,11.0,0.6307820830360674,0.02296291193310418,max_corrected_rho,114,9,2,repeated_10x5_oof,114,28
PHQ-8,DAIC-WOZ全量189人,DeepSeek-V4-Pro,思考,3,睡眠问题,3,0.5242439552522151,7.0,0.5208060811519751,0.0034378741002399904,max_corrected_rho,114,9,2,repeated_10x5_oof,114,28
PHQ-8,DAIC-WOZ全量189人,DeepSeek-V4-Pro,思考,4,疲劳或精力不足,7,0.49201770965742364,11.0,0.4777874777540432,0.014230231903380464,max_corrected_rho,114,9,2,repeated_10x5_oof,114,28
PHQ-8,DAIC-WOZ全量189人,DeepSeek-V4-Pro,思考,5,食欲问题,8,0.19240506109057195,15.0,0.16804956463610815,0.024355496454463804,max_corrected_rho,114,9,2,repeated_10x5_oof,114,28
PHQ-8,DAIC-WOZ全量189人,DeepSeek-V4-Pro,思考,6,自我评价低或让家人失望,11,0.3370307336120194,3.0,0.3286946811837927,0.008336052428226715,max_corrected_rho,114,9,2,repeated_10x5_oof,114,28
PHQ-8,DAIC-WOZ全量189人,DeepSeek-V4-Pro,思考,7,注意力困难,16,0.4836330925568675,4.0,0.3880011377527545,0.09563195480411296,max_corrected_rho,114,9,2,repeated_10x5_oof,114,28
PHQ-8,DAIC-WOZ全量189人,DeepSeek-V4-Pro,思考,8,动作或语速改变,11,0.13339988726836083,3.0,0.11881931511219444,0.014580572156166385,max_corrected_rho,114,9,2,repeated_10x5_oof,114,28
PHQ-8,DAIC-WOZ全量189人,GLM-5.2,思考,1,兴趣或愉悦感降低,11,0.559974718620183,3.0,0.5543869732358815,0.005587745384301512,max_corrected_rho,114,9,2,repeated_10x5_oof,114,28
PHQ-8,DAIC-WOZ全量189人,GLM-5.2,思考,2,情绪低落、抑郁或无望,3,0.6716080058363785,11.0,0.6634243402008504,0.008183665635528081,max_corrected_rho,114,9,2,repeated_10x5_oof,114,28
PHQ-8,DAIC-WOZ全量189人,GLM-5.2,思考,3,睡眠问题,7,0.5574927558440353,15.0,0.5416145751111231,0.01587818073291225,max_corrected_rho,114,9,2,repeated_10x5_oof,114,28
PHQ-8,DAIC-WOZ全量189人,GLM-5.2,思考,4,疲劳或精力不足,11,0.49574226741777283,3.0,0.49123040663417405,0.004511860783598776,max_corrected_rho,114,9,2,repeated_10x5_oof,114,28
PHQ-8,DAIC-WOZ全量189人,GLM-5.2,思考,5,食欲问题,3,0.1794168456535371,7.0,0.15490306052351502,0.024513785130022087,max_corrected_rho,114,9,2,repeated_10x5_oof,114,28
PHQ-8,DAIC-WOZ全量189人,GLM-5.2,思考,6,自我评价低或让家人失望,11,0.5108383315397893,7.0,0.486465730480902,0.024372601058887278,max_corrected_rho,114,9,2,repeated_10x5_oof,114,28
PHQ-8,DAIC-WOZ全量189人,GLM-5.2,思考,7,注意力困难,4,0.4921926850778594,12.0,0.4495017316679427,0.04269095340991669,max_corrected_rho,114,9,2,repeated_10x5_oof,114,28
PHQ-8,DAIC-WOZ全量189人,GLM-5.2,思考,8,动作或语速改变,3,0.3479931060555056,12.0,0.34182359444244287,0.006169511613062728,max_corrected_rho,114,9,2,repeated_10x5_oof,114,28
PHQ-8,DAIC-WOZ全量189人,Qwen3.7-Max,思考,1,兴趣或愉悦感降低,8,0.44531501640556254,7.0,0.38227513476889313,0.0630398816366694,max_corrected_rho,114,9,2,repeated_10x5_oof,114,28
PHQ-8,DAIC-WOZ全量189人,Qwen3.7-Max,思考,2,情绪低落、抑郁或无望,11,0.6647185726133805,12.0,0.6482463867633749,0.01647218585000565,max_corrected_rho,114,9,2,repeated_10x5_oof,114,28
PHQ-8,DAIC-WOZ全量189人,Qwen3.7-Max,思考,3,睡眠问题,3,0.5714695454490901,8.0,0.5421677634342431,0.02930178201484701,max_corrected_rho,114,9,2,repeated_10x5_oof,114,28
PHQ-8,DAIC-WOZ全量189人,Qwen3.7-Max,思考,4,疲劳或精力不足,7,0.46811526870527015,4.0,0.45882148481268326,0.009293783892586893,max_corrected_rho,114,9,2,repeated_10x5_oof,114,28
PHQ-8,DAIC-WOZ全量189人,Qwen3.7-Max,思考,5,食欲问题,7,0.1905703454481758,15.0,0.1390170473958766,0.05155329805229922,max_corrected_rho,114,9,2,repeated_10x5_oof,114,28
PHQ-8,DAIC-WOZ全量189人,Qwen3.7-Max,思考,6,自我评价低或让家人失望,7,0.4205122453422688,8.0,0.3994673463482982,0.02104489899397055,max_corrected_rho,114,9,2,repeated_10x5_oof,114,28
PHQ-8,DAIC-WOZ全量189人,Qwen3.7-Max,思考,7,注意力困难,8,0.4248210305891147,4.0,0.39640653228471145,0.028414498304403235,max_corrected_rho,114,9,2,repeated_10x5_oof,114,28
PHQ-8,DAIC-WOZ全量189人,Qwen3.7-Max,思考,8,动作或语速改变,15,0.21674798149213814,16.0,0.20837931809932456,0.008368663392813586,max_corrected_rho,114,9,2,repeated_10x5_oof,114,28
PHQ-8,DAIC-WOZ全量189人,DeepSeek-V4-Pro,思考,1,兴趣或愉悦感降低,15,0.5361811042248638,7.0,0.5014838236799551,0.034697280544908615,max_corrected_rho,114,9,3,repeated_10x5_oof,114,28
PHQ-8,DAIC-WOZ全量189人,DeepSeek-V4-Pro,思考,2,情绪低落、抑郁或无望,11,0.6828710166567596,7.0,0.6730605600810086,0.009810456575751081,max_corrected_rho,114,9,3,repeated_10x5_oof,114,28
PHQ-8,DAIC-WOZ全量189人,DeepSeek-V4-Pro,思考,3,睡眠问题,3,0.5294635858203688,7.0,0.5003835445504443,0.029080041269924473,max_corrected_rho,114,9,3,repeated_10x5_oof,114,28
PHQ-8,DAIC-WOZ全量189人,DeepSeek-V4-Pro,思考,4,疲劳或精力不足,7,0.4853255293069479,11.0,0.44148623162960354,0.04383929767734435,max_corrected_rho,114,9,3,repeated_10x5_oof,114,28
PHQ-8,DAIC-WOZ全量189人,DeepSeek-V4-Pro,思考,5,食欲问题,8,0.22441883018054115,7.0,0.19454885182887716,0.029869978351663995,max_corrected_rho,114,9,3,repeated_10x5_oof,114,28
PHQ-8,DAIC-WOZ全量189人,DeepSeek-V4-Pro,思考,6,自我评价低或让家人失望,11,0.3796867770283792,3.0,0.3424854266885807,0.037201350339798545,max_corrected_rho,114,9,3,repeated_10x5_oof,114,28
PHQ-8,DAIC-WOZ全量189人,DeepSeek-V4-Pro,思考,7,注意力困难,16,0.4197734039489939,4.0,0.3693188061793489,0.05045459776964495,max_corrected_rho,114,9,3,repeated_10x5_oof,114,28
PHQ-8,DAIC-WOZ全量189人,DeepSeek-V4-Pro,思考,8,动作或语速改变,3,0.13904744978252748,11.0,0.1348651042430836,0.004182345539443882,max_corrected_rho,114,9,3,repeated_10x5_oof,114,28
PHQ-8,DAIC-WOZ全量189人,GLM-5.2,思考,1,兴趣或愉悦感降低,11,0.6217714590466363,15.0,0.5948028887208755,0.026968570325760832,max_corrected_rho,114,9,3,repeated_10x5_oof,114,28
PHQ-8,DAIC-WOZ全量189人,GLM-5.2,思考,2,情绪低落、抑郁或无望,3,0.7339631231403565,11.0,0.7294393076834617,0.004523815456894842,max_corrected_rho,114,9,3,repeated_10x5_oof,114,28
PHQ-8,DAIC-WOZ全量189人,GLM-5.2,思考,3,睡眠问题,7,0.5632066598726324,3.0,0.5419301443602266,0.021276515512405836,max_corrected_rho,114,9,3,repeated_10x5_oof,114,28
PHQ-8,DAIC-WOZ全量189人,GLM-5.2,思考,4,疲劳或精力不足,11,0.4933258796560354,3.0,0.48915865953920207,0.004167220116833348,max_corrected_rho,114,9,3,repeated_10x5_oof,114,28
PHQ-8,DAIC-WOZ全量189人,GLM-5.2,思考,5,食欲问题,3,0.21968189348969225,4.0,0.14306785586960324,0.076614037620089,max_corrected_rho,114,9,3,repeated_10x5_oof,114,28
PHQ-8,DAIC-WOZ全量189人,GLM-5.2,思考,6,自我评价低或让家人失望,11,0.5850497890029137,3.0,0.5560864119435985,0.028963377059315176,max_corrected_rho,114,9,3,repeated_10x5_oof,114,28
PHQ-8,DAIC-WOZ全量189人,GLM-5.2,思考,7,注意力困难,4,0.45862243908441225,3.0,0.4322496954498376,0.026372743634574647,max_corrected_rho,114,9,3,repeated_10x5_oof,114,28
PHQ-8,DAIC-WOZ全量189人,GLM-5.2,思考,8,动作或语速改变,15,0.3406385715189505,11.0,0.31815577668717476,0.022482794831775732,max_corrected_rho,114,9,3,repeated_10x5_oof,114,28
PHQ-8,DAIC-WOZ全量189人,Qwen3.7-Max,思考,1,兴趣或愉悦感降低,4,0.43660512855894223,8.0,0.42714282666435605,0.00946230189458619,max_corrected_rho,114,9,3,repeated_10x5_oof,114,28
PHQ-8,DAIC-WOZ全量189人,Qwen3.7-Max,思考,2,情绪低落、抑郁或无望,4,0.7105756199077268,11.0,0.70721973296596,0.003355886941766806,max_corrected_rho,114,9,3,repeated_10x5_oof,114,28
PHQ-8,DAIC-WOZ全量189人,Qwen3.7-Max,思考,3,睡眠问题,3,0.5265420521349091,8.0,0.5086070579323779,0.017934994202531196,max_corrected_rho,114,9,3,repeated_10x5_oof,114,28
PHQ-8,DAIC-WOZ全量189人,Qwen3.7-Max,思考,4,疲劳或精力不足,4,0.4702880307257249,15.0,0.4455440145880627,0.024744016137662195,max_corrected_rho,114,9,3,repeated_10x5_oof,114,28
PHQ-8,DAIC-WOZ全量189人,Qwen3.7-Max,思考,5,食欲问题,7,0.2350162928362222,15.0,0.17593087112191294,0.05908542171430925,max_corrected_rho,114,9,3,repeated_10x5_oof,114,28
PHQ-8,DAIC-WOZ全量189人,Qwen3.7-Max,思考,6,自我评价低或让家人失望,7,0.4356223950567273,3.0,0.4214711834570466,0.01415121159968069,max_corrected_rho,114,9,3,repeated_10x5_oof,114,28
PHQ-8,DAIC-WOZ全量189人,Qwen3.7-Max,思考,7,注意力困难,8,0.37522591710849523,4.0,0.3529879647062502,0.02223795240224502,max_corrected_rho,114,9,3,repeated_10x5_oof,114,28
PHQ-8,DAIC-WOZ全量189人,Qwen3.7-Max,思考,8,动作或语速改变,7,0.20920464375834072,15.0,0.16719464818262086,0.042009995575719855,max_corrected_rho,114,9,3,repeated_10x5_oof,114,28
PHQ-8,DAIC-WOZ全量189人,DeepSeek-V4-Pro,思考,1,兴趣或愉悦感降低,15,0.5631470361444121,7.0,0.4840313876972957,0.07911564844711638,max_corrected_rho,114,9,4,repeated_10x5_oof,114,28
PHQ-8,DAIC-WOZ全量189人,DeepSeek-V4-Pro,思考,2,情绪低落、抑郁或无望,7,0.6028786713652045,11.0,0.5981163144987036,0.004762356866500839,max_corrected_rho,114,9,4,repeated_10x5_oof,114,28
PHQ-8,DAIC-WOZ全量189人,DeepSeek-V4-Pro,思考,3,睡眠问题,3,0.5240998186722133,12.0,0.5202260408313126,0.003873777840900705,max_corrected_rho,114,9,4,repeated_10x5_oof,114,28
PHQ-8,DAIC-WOZ全量189人,DeepSeek-V4-Pro,思考,4,疲劳或精力不足,7,0.5055917386430335,11.0,0.4759708648521405,0.02962087379089301,max_corrected_rho,114,9,4,repeated_10x5_oof,114,28
PHQ-8,DAIC-WOZ全量189人,DeepSeek-V4-Pro,思考,5,食欲问题,8,0.20532196133030922,7.0,0.16477558574666823,0.04054637558364099,max_corrected_rho,114,9,4,repeated_10x5_oof,114,28
PHQ-8,DAIC-WOZ全量189人,DeepSeek-V4-Pro,思考,6,自我评价低或让家人失望,11,0.3835184211634345,15.0,0.3386614918931433,0.04485692927029117,max_corrected_rho,114,9,4,repeated_10x5_oof,114,28
PHQ-8,DAIC-WOZ全量189人,DeepSeek-V4-Pro,思考,7,注意力困难,16,0.35567568697816015,4.0,0.3278684227205163,0.02780726425764385,max_corrected_rho,114,9,4,repeated_10x5_oof,114,28
PHQ-8,DAIC-WOZ全量189人,DeepSeek-V4-Pro,思考,8,动作或语速改变,16,0.1258907382009386,4.0,0.06652368309244709,0.05936705510849151,max_corrected_rho,114,9,4,repeated_10x5_oof,114,28
PHQ-8,DAIC-WOZ全量189人,GLM-5.2,思考,1,兴趣或愉悦感降低,11,0.5451457332746806,15.0,0.5386053819982914,0.006540351276389189,max_corrected_rho,114,9,4,repeated_10x5_oof,114,28
PHQ-8,DAIC-WOZ全量189人,GLM-5.2,思考,2,情绪低落、抑郁或无望,3,0.6555050924275488,11.0,0.6320702902605907,0.023434802166958146,max_corrected_rho,114,9,4,repeated_10x5_oof,114,28
PHQ-8,DAIC-WOZ全量189人,GLM-5.2,思考,3,睡眠问题,15,0.5499388336346082,7.0,0.5470482570043249,0.002890576630283248,max_corrected_rho,114,9,4,repeated_10x5_oof,114,28
PHQ-8,DAIC-WOZ全量189人,GLM-5.2,思考,4,疲劳或精力不足,3,0.5280114022671676,11.0,0.5143313737843739,0.013680028482793705,max_corrected_rho,114,9,4,repeated_10x5_oof,114,28
PHQ-8,DAIC-WOZ全量189人,GLM-5.2,思考,5,食欲问题,3,0.18913600784606113,4.0,0.13335377027760809,0.05578223756845305,max_corrected_rho,114,9,4,repeated_10x5_oof,114,28
PHQ-8,DAIC-WOZ全量189人,GLM-5.2,思考,6,自我评价低或让家人失望,3,0.5613233306438836,7.0,0.5196001972889068,0.041723133354976794,max_corrected_rho,114,9,4,repeated_10x5_oof,114,28
PHQ-8,DAIC-WOZ全量189人,GLM-5.2,思考,7,注意力困难,3,0.4588018789413416,4.0,0.4427370015910031,0.016064877350338513,max_corrected_rho,114,9,4,repeated_10x5_oof,114,28
PHQ-8,DAIC-WOZ全量189人,GLM-5.2,思考,8,动作或语速改变,15,0.3733398870794202,3.0,0.3568800126459034,0.016459874433516763,max_corrected_rho,114,9,4,repeated_10x5_oof,114,28
PHQ-8,DAIC-WOZ全量189人,Qwen3.7-Max,思考,1,兴趣或愉悦感降低,8,0.4643128000614481,7.0,0.4005447330885906,0.06376806697285747,max_corrected_rho,114,9,4,repeated_10x5_oof,114,28
PHQ-8,DAIC-WOZ全量189人,Qwen3.7-Max,思考,2,情绪低落、抑郁或无望,11,0.6330703322287978,12.0,0.6184604250578076,0.0146099071709902,max_corrected_rho,114,9,4,repeated_10x5_oof,114,28
PHQ-8,DAIC-WOZ全量189人,Qwen3.7-Max,思考,3,睡眠问题,16,0.5458274871649023,7.0,0.5292078241737997,0.016619662991102513,max_corrected_rho,114,9,4,repeated_10x5_oof,114,28
PHQ-8,DAIC-WOZ全量189人,Qwen3.7-Max,思考,4,疲劳或精力不足,7,0.508561866802267,15.0,0.5047702569197404,0.003791609882526581,max_corrected_rho,114,9,4,repeated_10x5_oof,114,28
PHQ-8,DAIC-WOZ全量189人,Qwen3.7-Max,思考,5,食欲问题,7,0.16838002124732893,15.0,0.143754612103402,0.024625409143926913,max_corrected_rho,114,9,4,repeated_10x5_oof,114,28
PHQ-8,DAIC-WOZ全量189人,Qwen3.7-Max,思考,6,自我评价低或让家人失望,7,0.4231584565147762,3.0,0.41466291828324603,0.008495538231530153,max_corrected_rho,114,9,4,repeated_10x5_oof,114,28
PHQ-8,DAIC-WOZ全量189人,Qwen3.7-Max,思考,7,注意力困难,8,0.38257786294807894,3.0,0.35698556953584387,0.025592293412235068,max_corrected_rho,114,9,4,repeated_10x5_oof,114,28
PHQ-8,DAIC-WOZ全量189人,Qwen3.7-Max,思考,8,动作或语速改变,7,0.23571131095643855,16.0,0.20383022185645808,0.03188108909998047,max_corrected_rho,114,9,4,repeated_10x5_oof,114,28
