对比类型,处理因素,量表,队列,模型,思考模式,条目编号,条目名称,参照条件编号,参照刺激条件,目标条件编号,目标刺激条件,共同被试数N,共同被试普通总分一致,共同被试校正总分一致,普通参照相关,普通目标相关,普通相关变化（目标－参照）,普通变化95%CI下限,普通变化95%CI上限,普通置换P值,校正参照相关,校正目标相关,校正相关变化（目标－参照）,校正变化95%CI下限,校正变化95%CI上限,校正置换P值,可估计性代码,可估计性,普通FDR校正q值,校正FDR校正q值,校正差异结论
各逐题条件相对C03,相对C03,HAMD-17,PDCH共同24人验证,GLM-5.2,不思考,1,抑郁情绪,3,C03：全文｜不规整｜逐条评分｜不清洗,4,C04：全文｜不规整｜逐条评分｜清洗,24,是,是,0.7436431822169829,0.7314745942980608,-0.012168587918922058,-0.18602105477517014,0.17543488874066693,0.8935532233883059,0.59549773804163,0.6224228834068171,0.026925145365187086,-0.17272016772768656,0.25694773629441847,0.7806096951524237,exploratory_only,探索性,1.0,1.0,差异未达FDR显著
各逐题条件相对C03,相对C03,HAMD-17,PDCH共同24人验证,GLM-5.2,不思考,1,抑郁情绪,3,C03：全文｜不规整｜逐条评分｜不清洗,7,C07：全文｜规整｜逐条评分｜不清洗,24,是,是,0.7436431822169829,0.7832166864311417,0.03957350421415884,-0.15090357858053835,0.22920386600575454,0.6401799100449775,0.59549773804163,0.6945900996381279,0.09909236159649792,-0.13543333715651656,0.3913231153405563,0.37031484257871067,exploratory_only,探索性,0.9643216366500295,1.0,差异未达FDR显著
各逐题条件相对C03,相对C03,HAMD-17,PDCH共同24人验证,GLM-5.2,不思考,1,抑郁情绪,3,C03：全文｜不规整｜逐条评分｜不清洗,8,C08：全文｜规整｜逐条评分｜清洗,24,是,是,0.7436431822169829,0.7137736338465019,-0.029869548370480947,-0.18021952458713078,0.1317787527652531,0.7331334332833583,0.59549773804163,0.5690501559787999,-0.026447582062830044,-0.18819601132065514,0.14252451263644583,0.8415792103948025,exploratory_only,探索性,1.0,1.0,差异未达FDR显著
各逐题条件相对C03,相对C03,HAMD-17,PDCH共同24人验证,GLM-5.2,不思考,1,抑郁情绪,3,C03：全文｜不规整｜逐条评分｜不清洗,11,C11：事件序列｜不规整｜逐条评分｜不清洗,24,是,是,0.7436431822169829,0.756298805836962,0.012655623619979073,-0.1108862480894133,0.15873615906601582,0.8465767116441779,0.59549773804163,0.6403281910423032,0.04483045300067323,-0.11945031649438152,0.22349404634999112,0.7341329335332334,exploratory_only,探索性,1.0,1.0,差异未达FDR显著
各逐题条件相对C03,相对C03,HAMD-17,PDCH共同24人验证,GLM-5.2,不思考,1,抑郁情绪,3,C03：全文｜不规整｜逐条评分｜不清洗,12,C12：事件序列｜不规整｜逐条评分｜清洗,24,是,是,0.7436431822169829,0.7503175569429249,0.006674374725942012,-0.19254459336311017,0.18461349689533021,0.9440279860069966,0.59549773804163,0.6350573207314035,0.039559582689773554,-0.17057448917137927,0.2566888552451451,0.7201399300349826,exploratory_only,探索性,1.0,1.0,差异未达FDR显著
各逐题条件相对C03,相对C03,HAMD-17,PDCH共同24人验证,GLM-5.2,不思考,1,抑郁情绪,3,C03：全文｜不规整｜逐条评分｜不清洗,15,C15：事件序列｜规整｜逐条评分｜不清洗,24,是,是,0.7436431822169829,0.6124339059116364,-0.1312092763053465,-0.32744287258052207,0.061170887193363735,0.14592703648175911,0.59549773804163,0.5339444406636683,-0.06155329737796167,-0.2680833803751969,0.17586276656281422,0.6521739130434783,exploratory_only,探索性,0.9242000621310966,1.0,差异未达FDR显著
各逐题条件相对C03,相对C03,HAMD-17,PDCH共同24人验证,GLM-5.2,不思考,1,抑郁情绪,3,C03：全文｜不规整｜逐条评分｜不清洗,16,C16：事件序列｜规整｜逐条评分｜清洗,24,是,是,0.7436431822169829,0.6979391694784218,-0.04570401273856106,-0.24143980926875483,0.17964213586228314,0.6196901549225388,0.59549773804163,0.5993345920035181,0.0038368539618881536,-0.23059976772963162,0.2589748587685069,0.9835082458770614,exploratory_only,探索性,0.9643216366500295,1.0,差异未达FDR显著
各逐题条件相对C03,相对C03,HAMD-17,PDCH共同24人验证,GLM-5.2,不思考,2,有罪感,3,C03：全文｜不规整｜逐条评分｜不清洗,4,C04：全文｜不规整｜逐条评分｜清洗,24,是,是,0.41287707647474264,0.2734027716418921,-0.13947430483285056,-0.3429477289256767,0.0,0.0004997501249375312,0.33553077157592176,0.179055753673614,-0.15647501790230775,-0.36669915861169283,0.0,0.2563718140929535,exploratory_only,探索性,0.006607807207507357,1.0,差异未达FDR显著
各逐题条件相对C03,相对C03,HAMD-17,PDCH共同24人验证,GLM-5.2,不思考,2,有罪感,3,C03：全文｜不规整｜逐条评分｜不清洗,7,C07：全文｜规整｜逐条评分｜不清洗,24,是,是,0.41287707647474264,0.40695126753960004,-0.005925808935142607,-0.20654777739446292,0.20924634051382646,0.9685157421289355,0.33553077157592176,0.2760610082981799,-0.05946976327774184,-0.2857479055532716,0.14481618429700974,0.6526736631684158,exploratory_only,探索性,1.0,1.0,差异未达FDR显著
各逐题条件相对C03,相对C03,HAMD-17,PDCH共同24人验证,GLM-5.2,不思考,2,有罪感,3,C03：全文｜不规整｜逐条评分｜不清洗,8,C08：全文｜规整｜逐条评分｜清洗,24,是,是,0.41287707647474264,0.2699759317817533,-0.14290114469298937,-0.44977783805928956,0.13513433605590108,0.40379810094952523,0.33553077157592176,0.13650933963002737,-0.1990214319458944,-0.4740471989166469,0.09442759066520089,0.22988505747126436,exploratory_only,探索性,0.9242000621310966,1.0,差异未达FDR显著
各逐题条件相对C03,相对C03,HAMD-17,PDCH共同24人验证,GLM-5.2,不思考,2,有罪感,3,C03：全文｜不规整｜逐条评分｜不清洗,11,C11：事件序列｜不规整｜逐条评分｜不清洗,24,是,是,0.41287707647474264,0.398613864163625,-0.014263212311117657,-0.06559569001260972,0.0,0.0004997501249375312,0.33553077157592176,0.3186354886809805,-0.016895282894941244,-0.06980280180293102,0.0,1.0,exploratory_only,探索性,0.006607807207507357,1.0,差异未达FDR显著
各逐题条件相对C03,相对C03,HAMD-17,PDCH共同24人验证,GLM-5.2,不思考,2,有罪感,3,C03：全文｜不规整｜逐条评分｜不清洗,12,C12：事件序列｜不规整｜逐条评分｜清洗,24,是,是,0.41287707647474264,0.41287707647474264,0.0,0.0,0.0,1.0,0.33553077157592176,0.33553077157592176,0.0,0.0,0.0,1.0,exploratory_only,探索性,1.0,1.0,差异未达FDR显著
各逐题条件相对C03,相对C03,HAMD-17,PDCH共同24人验证,GLM-5.2,不思考,2,有罪感,3,C03：全文｜不规整｜逐条评分｜不清洗,15,C15：事件序列｜规整｜逐条评分｜不清洗,24,是,是,0.41287707647474264,0.46270649029347793,0.04982941381873529,-0.09885871412838645,0.24817183307210677,0.4542728635682159,0.33553077157592176,0.3896286294829483,0.054097857907026536,-0.11477153456070487,0.2394981432600682,0.4387806096951524,exploratory_only,探索性,0.9242000621310966,1.0,差异未达FDR显著
各逐题条件相对C03,相对C03,HAMD-17,PDCH共同24人验证,GLM-5.2,不思考,2,有罪感,3,C03：全文｜不规整｜逐条评分｜不清洗,16,C16：事件序列｜规整｜逐条评分｜清洗,24,是,是,0.41287707647474264,0.4381707784520029,0.025293701977260274,-0.10753937156865273,0.17571836477218067,0.7211394302848576,0.33553077157592176,0.35844910074542724,0.02291832916950548,-0.13362041427209087,0.19018003326674998,0.7571214392803598,exploratory_only,探索性,1.0,1.0,差异未达FDR显著
各逐题条件相对C03,相对C03,HAMD-17,PDCH共同24人验证,GLM-5.2,不思考,3,自杀,3,C03：全文｜不规整｜逐条评分｜不清洗,4,C04：全文｜不规整｜逐条评分｜清洗,24,是,是,0.4901727629651677,0.5872441532515943,0.09707139028642658,-0.1686956862728547,0.3748620181734735,0.5652173913043478,0.32961374290946177,0.3892542301300759,0.0596404872206141,-0.24497835509894766,0.3623512388095687,0.7536231884057971,exploratory_only,探索性,0.9242000621310966,1.0,差异未达FDR显著
各逐题条件相对C03,相对C03,HAMD-17,PDCH共同24人验证,GLM-5.2,不思考,3,自杀,3,C03：全文｜不规整｜逐条评分｜不清洗,7,C07：全文｜规整｜逐条评分｜不清洗,24,是,是,0.4901727629651677,0.7282529320559291,0.2380801690907614,0.011461892560031396,0.5443203293358918,0.13093453273363317,0.32961374290946177,0.5545391084310166,0.22492536552155484,-0.013933870345166745,0.5492477094331567,0.17341329335332334,exploratory_only,探索性,0.9242000621310966,1.0,差异未达FDR显著
各逐题条件相对C03,相对C03,HAMD-17,PDCH共同24人验证,GLM-5.2,不思考,3,自杀,3,C03：全文｜不规整｜逐条评分｜不清洗,8,C08：全文｜规整｜逐条评分｜清洗,24,是,是,0.4901727629651677,0.6598778307174141,0.16970506775224642,-0.08461934995706803,0.48212555434817367,0.375312343828086,0.32961374290946177,0.46854774010166356,0.13893399719220179,-0.2026090289169347,0.5030970251838941,0.5242378810594702,exploratory_only,探索性,0.9242000621310966,1.0,差异未达FDR显著
各逐题条件相对C03,相对C03,HAMD-17,PDCH共同24人验证,GLM-5.2,不思考,3,自杀,3,C03：全文｜不规整｜逐条评分｜不清洗,11,C11：事件序列｜不规整｜逐条评分｜不清洗,24,是,是,0.4901727629651677,0.5153652552913037,0.025192492326136018,-0.2135502549763585,0.3036918438951466,0.9740129935032483,0.32961374290946177,0.30676454788896235,-0.022849195020499424,-0.296166687001354,0.2672723114987942,0.8370814592703648,exploratory_only,探索性,1.0,1.0,差异未达FDR显著
各逐题条件相对C03,相对C03,HAMD-17,PDCH共同24人验证,GLM-5.2,不思考,3,自杀,3,C03：全文｜不规整｜逐条评分｜不清洗,12,C12：事件序列｜不规整｜逐条评分｜清洗,24,是,是,0.4901727629651677,0.5956042416213592,0.10543147865619146,-0.16013291197237936,0.3983124850740021,0.5602198900549725,0.32961374290946177,0.39080071302925434,0.06118697011979257,-0.24894909373560647,0.4110591404503944,0.7461269365317341,exploratory_only,探索性,0.9242000621310966,1.0,差异未达FDR显著
各逐题条件相对C03,相对C03,HAMD-17,PDCH共同24人验证,GLM-5.2,不思考,3,自杀,3,C03：全文｜不规整｜逐条评分｜不清洗,15,C15：事件序列｜规整｜逐条评分｜不清洗,24,是,是,0.4901727629651677,0.5725684044219371,0.08239564145676942,-0.14079750790647558,0.3689247426684627,0.5162418790604698,0.32961374290946177,0.3832015431054016,0.05358780019593984,-0.20159213117943353,0.3423862590758712,0.6841579210394803,exploratory_only,探索性,0.9242000621310966,1.0,差异未达FDR显著
各逐题条件相对C03,相对C03,HAMD-17,PDCH共同24人验证,GLM-5.2,不思考,3,自杀,3,C03：全文｜不规整｜逐条评分｜不清洗,16,C16：事件序列｜规整｜逐条评分｜清洗,24,是,是,0.4901727629651677,0.5905883560452927,0.10041559308012499,-0.12428829846154422,0.34864059599291936,0.42128935532233885,0.32961374290946177,0.4120838917070114,0.0824701487975496,-0.19387842066424812,0.3963933591785129,0.6881559220389805,exploratory_only,探索性,0.9242000621310966,1.0,差异未达FDR显著
各逐题条件相对C03,相对C03,HAMD-17,PDCH共同24人验证,GLM-5.2,不思考,4,入睡困难,3,C03：全文｜不规整｜逐条评分｜不清洗,4,C04：全文｜不规整｜逐条评分｜清洗,24,是,是,0.5801491354312616,0.60548669368804,0.025337558256778414,-0.005988322493979156,0.12179724361737854,1.0,0.5513121704424616,0.576915273536639,0.02560310309417735,-0.010254024809885834,0.1443750349652334,1.0,exploratory_only,探索性,1.0,1.0,差异未达FDR显著
各逐题条件相对C03,相对C03,HAMD-17,PDCH共同24人验证,GLM-5.2,不思考,4,入睡困难,3,C03：全文｜不规整｜逐条评分｜不清洗,7,C07：全文｜规整｜逐条评分｜不清洗,24,是,是,0.5801491354312616,0.6595162734715524,0.07936713804029083,-0.08072841711512126,0.26751343908201414,0.34782608695652173,0.5513121704424616,0.6462898399722681,0.09497766952980646,-0.08780881275831133,0.27773551875649677,0.384807596201899,exploratory_only,探索性,0.9242000621310966,1.0,差异未达FDR显著
各逐题条件相对C03,相对C03,HAMD-17,PDCH共同24人验证,GLM-5.2,不思考,4,入睡困难,3,C03：全文｜不规整｜逐条评分｜不清洗,8,C08：全文｜规整｜逐条评分｜清洗,24,是,是,0.5801491354312616,0.5480623844939939,-0.03208675093726765,-0.17720460741958016,0.11431383042730453,0.7551224387806097,0.5513121704424616,0.5249288167990648,-0.026383353643396834,-0.16554543105823788,0.12829320126493324,0.7566216891554223,exploratory_only,探索性,1.0,1.0,差异未达FDR显著
各逐题条件相对C03,相对C03,HAMD-17,PDCH共同24人验证,GLM-5.2,不思考,4,入睡困难,3,C03：全文｜不规整｜逐条评分｜不清洗,11,C11：事件序列｜不规整｜逐条评分｜不清洗,24,是,是,0.5801491354312616,0.60548669368804,0.025337558256778414,-0.00598898667570267,0.12360456686735195,1.0,0.5513121704424616,0.576915273536639,0.02560310309417735,-0.0066275340169534794,0.11092377801566,1.0,exploratory_only,探索性,1.0,1.0,差异未达FDR显著
各逐题条件相对C03,相对C03,HAMD-17,PDCH共同24人验证,GLM-5.2,不思考,4,入睡困难,3,C03：全文｜不规整｜逐条评分｜不清洗,12,C12：事件序列｜不规整｜逐条评分｜清洗,24,是,是,0.5801491354312616,0.5772900094231558,-0.0028591260081057834,-0.05717165733607687,0.08292761412696081,1.0,0.5513121704424616,0.5487248143925426,-0.0025873560499189985,-0.05387353305757488,0.060797399824148404,1.0,exploratory_only,探索性,1.0,1.0,差异未达FDR显著
各逐题条件相对C03,相对C03,HAMD-17,PDCH共同24人验证,GLM-5.2,不思考,4,入睡困难,3,C03：全文｜不规整｜逐条评分｜不清洗,15,C15：事件序列｜规整｜逐条评分｜不清洗,24,是,是,0.5801491354312616,0.60548669368804,0.025337558256778414,-0.006026811157246883,0.11775451386508756,1.0,0.5513121704424616,0.576915273536639,0.02560310309417735,-0.009884036684979232,0.13486019306962022,1.0,exploratory_only,探索性,1.0,1.0,差异未达FDR显著
各逐题条件相对C03,相对C03,HAMD-17,PDCH共同24人验证,GLM-5.2,不思考,4,入睡困难,3,C03：全文｜不规整｜逐条评分｜不清洗,16,C16：事件序列｜规整｜逐条评分｜清洗,24,是,是,0.5801491354312616,0.60548669368804,0.025337558256778414,-0.0077094094216855185,0.11979294845750753,1.0,0.5513121704424616,0.576915273536639,0.02560310309417735,-0.0030655162079451593,0.11658702593433011,1.0,exploratory_only,探索性,1.0,1.0,差异未达FDR显著
各逐题条件相对C03,相对C03,HAMD-17,PDCH共同24人验证,GLM-5.2,不思考,5,睡眠不深,3,C03：全文｜不规整｜逐条评分｜不清洗,4,C04：全文｜不规整｜逐条评分｜清洗,24,是,是,0.3696896951717038,0.35667403605527787,-0.013015659116425937,-0.24937338473557052,0.21656009607183907,0.9380309845077461,0.21149446046816192,0.22130229821851052,0.009807837750348603,-0.2604166156724657,0.2716438996422804,0.9325337331334332,exploratory_only,探索性,1.0,1.0,差异未达FDR显著
各逐题条件相对C03,相对C03,HAMD-17,PDCH共同24人验证,GLM-5.2,不思考,5,睡眠不深,3,C03：全文｜不规整｜逐条评分｜不清洗,7,C07：全文｜规整｜逐条评分｜不清洗,24,是,是,0.3696896951717038,0.33948975603870485,-0.030199939132998954,-0.254795008463768,0.19605633254589472,0.8830584707646177,0.21149446046816192,0.21799590507043423,0.0065014446022723105,-0.22078755351105786,0.2577842600981412,1.0,exploratory_only,探索性,1.0,1.0,差异未达FDR显著
各逐题条件相对C03,相对C03,HAMD-17,PDCH共同24人验证,GLM-5.2,不思考,5,睡眠不深,3,C03：全文｜不规整｜逐条评分｜不清洗,8,C08：全文｜规整｜逐条评分｜清洗,24,是,是,0.3696896951717038,0.3593833057113648,-0.010306389460339016,-0.19591166579798708,0.2014587454579368,1.0,0.21149446046816192,0.22197703940132824,0.010482578933166314,-0.15961741530892087,0.24633004508954742,1.0,exploratory_only,探索性,1.0,1.0,差异未达FDR显著
各逐题条件相对C03,相对C03,HAMD-17,PDCH共同24人验证,GLM-5.2,不思考,5,睡眠不深,3,C03：全文｜不规整｜逐条评分｜不清洗,11,C11：事件序列｜不规整｜逐条评分｜不清洗,24,是,是,0.3696896951717038,0.2701133315293915,-0.09957636364231232,-0.3892007797898546,0.1757471764548379,0.5622188905547226,0.21149446046816192,0.13238726643257484,-0.07910719403558708,-0.39388374450375946,0.23546115800274964,0.559720139930035,exploratory_only,探索性,0.9242000621310966,1.0,差异未达FDR显著
各逐题条件相对C03,相对C03,HAMD-17,PDCH共同24人验证,GLM-5.2,不思考,5,睡眠不深,3,C03：全文｜不规整｜逐条评分｜不清洗,12,C12：事件序列｜不规整｜逐条评分｜清洗,24,是,是,0.3696896951717038,0.35667403605527787,-0.013015659116425937,-0.2704884428436757,0.22314963886523798,0.9340329835082459,0.21149446046816192,0.22130229821851052,0.009807837750348603,-0.2521980241562619,0.2704117560763168,0.9415292353823088,exploratory_only,探索性,1.0,1.0,差异未达FDR显著
各逐题条件相对C03,相对C03,HAMD-17,PDCH共同24人验证,GLM-5.2,不思考,5,睡眠不深,3,C03：全文｜不规整｜逐条评分｜不清洗,15,C15：事件序列｜规整｜逐条评分｜不清洗,24,是,是,0.3696896951717038,0.43500801033649705,0.06531831516479325,-0.08991581037977707,0.23323823239559366,0.6491754122938531,0.21149446046816192,0.30030288109487,0.0888084206267081,-0.09432173473279586,0.31184668231724344,0.49975012493753124,exploratory_only,探索性,0.9656484257871065,1.0,差异未达FDR显著
各逐题条件相对C03,相对C03,HAMD-17,PDCH共同24人验证,GLM-5.2,不思考,5,睡眠不深,3,C03：全文｜不规整｜逐条评分｜不清洗,16,C16：事件序列｜规整｜逐条评分｜清洗,24,是,是,0.3696896951717038,0.4436687258447153,0.07397903067301148,-0.09237006998323044,0.25979875906394373,0.49825087456271866,0.21149446046816192,0.2809362218364767,0.06944176136831479,-0.13045408764723224,0.2883054538675794,0.6196901549225388,exploratory_only,探索性,0.9242000621310966,1.0,差异未达FDR显著
各逐题条件相对C03,相对C03,HAMD-17,PDCH共同24人验证,GLM-5.2,不思考,6,早醒,3,C03：全文｜不规整｜逐条评分｜不清洗,4,C04：全文｜不规整｜逐条评分｜清洗,24,是,是,0.3803501943707582,0.5644973471772889,0.18414715280653077,0.0,0.5353955225940176,0.5082458770614693,0.3494523407357828,0.5617651210996514,0.21231278036386858,0.0,0.5425532473286138,0.0004997501249375312,exploratory_only,探索性,0.9242000621310966,0.011894052973513243,目标条件校正相关显著更强
各逐题条件相对C03,相对C03,HAMD-17,PDCH共同24人验证,GLM-5.2,不思考,6,早醒,3,C03：全文｜不规整｜逐条评分｜不清洗,7,C07：全文｜规整｜逐条评分｜不清洗,24,是,是,0.3803501943707582,0.46821336239847205,0.08786316802771388,-0.22506584231122126,0.4010360258945661,0.632183908045977,0.3494523407357828,0.4271782640556772,0.07772592331989442,-0.27725559612533884,0.4243308465582753,0.7511244377811095,exploratory_only,探索性,0.9643216366500295,1.0,差异未达FDR显著
各逐题条件相对C03,相对C03,HAMD-17,PDCH共同24人验证,GLM-5.2,不思考,6,早醒,3,C03：全文｜不规整｜逐条评分｜不清洗,8,C08：全文｜规整｜逐条评分｜清洗,24,是,是,0.3803501943707582,0.32030443967565836,-0.06004575469509982,-0.31231602088366384,0.2711281754306515,0.631184407796102,0.3494523407357828,0.33897546459478844,-0.010476876140994351,-0.29288729626946947,0.30611241068042216,1.0,exploratory_only,探索性,0.9643216366500295,1.0,差异未达FDR显著
各逐题条件相对C03,相对C03,HAMD-17,PDCH共同24人验证,GLM-5.2,不思考,6,早醒,3,C03：全文｜不规整｜逐条评分｜不清洗,11,C11：事件序列｜不规整｜逐条评分｜不清洗,24,是,是,0.3803501943707582,0.4697685553685838,0.08941836099782563,-0.06552043687879829,0.359023852554895,1.0,0.3494523407357828,0.4377665287950665,0.0883141880592837,-0.07598149182319248,0.33417644684243675,0.48075962018990503,exploratory_only,探索性,1.0,1.0,差异未达FDR显著
各逐题条件相对C03,相对C03,HAMD-17,PDCH共同24人验证,GLM-5.2,不思考,6,早醒,3,C03：全文｜不规整｜逐条评分｜不清洗,12,C12：事件序列｜不规整｜逐条评分｜清洗,24,是,是,0.3803501943707582,0.5552691980059962,0.174919003635238,0.0,0.49079989845588895,0.0004997501249375312,0.3494523407357828,0.5441472162885762,0.1946948755527934,0.0,0.5323501982711183,0.0004997501249375312,exploratory_only,探索性,0.006607807207507357,0.011894052973513243,目标条件校正相关显著更强
各逐题条件相对C03,相对C03,HAMD-17,PDCH共同24人验证,GLM-5.2,不思考,6,早醒,3,C03：全文｜不规整｜逐条评分｜不清洗,15,C15：事件序列｜规整｜逐条评分｜不清洗,24,是,是,0.3803501943707582,0.48799085785749696,0.10764066348673879,-0.17688916066571586,0.46737192595478244,0.367816091954023,0.3494523407357828,0.4327945635491982,0.08334222281341541,-0.2738905954456245,0.46608649069465125,0.8745627186406797,exploratory_only,探索性,0.9242000621310966,1.0,差异未达FDR显著
各逐题条件相对C03,相对C03,HAMD-17,PDCH共同24人验证,GLM-5.2,不思考,6,早醒,3,C03：全文｜不规整｜逐条评分｜不清洗,16,C16：事件序列｜规整｜逐条评分｜清洗,24,是,是,0.3803501943707582,0.3742240638558957,-0.006126130514862493,-0.18460445219399288,0.2416724148607583,1.0,0.3494523407357828,0.32987652416971813,-0.019575816566064663,-0.23268957711169078,0.24302072941312394,1.0,exploratory_only,探索性,1.0,1.0,差异未达FDR显著
各逐题条件相对C03,相对C03,HAMD-17,PDCH共同24人验证,GLM-5.2,不思考,7,工作和活动,3,C03：全文｜不规整｜逐条评分｜不清洗,4,C04：全文｜不规整｜逐条评分｜清洗,24,是,是,0.7541235312866506,0.6480203530408712,-0.1061031782457793,-0.29063404081386945,0.027850245890646594,0.36281859070464767,0.6106090917911239,0.5695544230275716,-0.04105466876355224,-0.22858907750764076,0.08988344092979553,0.3873063468265867,exploratory_only,探索性,0.9242000621310966,1.0,差异未达FDR显著
各逐题条件相对C03,相对C03,HAMD-17,PDCH共同24人验证,GLM-5.2,不思考,7,工作和活动,3,C03：全文｜不规整｜逐条评分｜不清洗,7,C07：全文｜规整｜逐条评分｜不清洗,24,是,是,0.7541235312866506,0.7464993266884508,-0.007624204598199791,-0.17865260321754384,0.16180534949312042,0.9155422288855573,0.6106090917911239,0.5653123468253483,-0.045296744965775626,-0.2585419106848936,0.2057699486077226,0.6851574212893553,exploratory_only,探索性,1.0,1.0,差异未达FDR显著
各逐题条件相对C03,相对C03,HAMD-17,PDCH共同24人验证,GLM-5.2,不思考,7,工作和活动,3,C03：全文｜不规整｜逐条评分｜不清洗,8,C08：全文｜规整｜逐条评分｜清洗,24,是,是,0.7541235312866506,0.7076848242281741,-0.046438707058476414,-0.2576213627353929,0.1277619775094592,0.5257371314342829,0.6106090917911239,0.5365763404116013,-0.07403275137952259,-0.2833665746782914,0.15769025716206175,0.4802598700649675,exploratory_only,探索性,0.9242000621310966,1.0,差异未达FDR显著
各逐题条件相对C03,相对C03,HAMD-17,PDCH共同24人验证,GLM-5.2,不思考,7,工作和活动,3,C03：全文｜不规整｜逐条评分｜不清洗,11,C11：事件序列｜不规整｜逐条评分｜不清洗,24,是,是,0.7541235312866506,0.61834312250875,-0.13578040877790054,-0.3397160547943374,0.010888624576886458,0.18640679660169915,0.6106090917911239,0.5157340101504139,-0.09487508164071001,-0.26665875132040523,0.04692631643616801,0.12043978010994502,exploratory_only,探索性,0.9242000621310966,1.0,差异未达FDR显著
各逐题条件相对C03,相对C03,HAMD-17,PDCH共同24人验证,GLM-5.2,不思考,7,工作和活动,3,C03：全文｜不规整｜逐条评分｜不清洗,12,C12：事件序列｜不规整｜逐条评分｜清洗,24,是,是,0.7541235312866506,0.5913243389839125,-0.1627991923027381,-0.3695656930734638,0.004963941090478513,0.10994502748625687,0.6106090917911239,0.5188943953010139,-0.09171469649010999,-0.2970579492461017,0.06115826176730463,0.2683658170914543,exploratory_only,探索性,0.9242000621310966,1.0,差异未达FDR显著
各逐题条件相对C03,相对C03,HAMD-17,PDCH共同24人验证,GLM-5.2,不思考,7,工作和活动,3,C03：全文｜不规整｜逐条评分｜不清洗,15,C15：事件序列｜规整｜逐条评分｜不清洗,24,是,是,0.7541235312866506,0.5536517986163367,-0.20047173267031382,-0.43388228334867046,-0.03154912623916043,0.03548225887056472,0.6106090917911239,0.4249372856937862,-0.1856718060973377,-0.41059383958222956,-0.0008134210976826961,0.05847076461769116,exploratory_only,探索性,0.3838535277815638,0.9940029985007497,差异未达FDR显著
各逐题条件相对C03,相对C03,HAMD-17,PDCH共同24人验证,GLM-5.2,不思考,7,工作和活动,3,C03：全文｜不规整｜逐条评分｜不清洗,16,C16：事件序列｜规整｜逐条评分｜清洗,24,是,是,0.7541235312866506,0.6316877750920294,-0.1224357561946211,-0.3637722956532446,0.04880006106866467,0.16741629185407297,0.6106090917911239,0.48413699198569093,-0.12647209980543295,-0.3578181671823716,0.0522525391013558,0.2028985507246377,exploratory_only,探索性,0.9242000621310966,1.0,差异未达FDR显著
各逐题条件相对C03,相对C03,HAMD-17,PDCH共同24人验证,GLM-5.2,不思考,8,迟滞,3,C03：全文｜不规整｜逐条评分｜不清洗,4,C04：全文｜不规整｜逐条评分｜清洗,24,是,是,0.7140317626453581,0.7610565426415572,0.04702477999619914,-0.07034457811907434,0.17720283242445237,0.4917541229385307,0.6645532110842073,0.7348137156577562,0.07026050457354893,-0.029179677898214698,0.2057480579212352,0.511744127936032,exploratory_only,探索性,0.9242000621310966,1.0,差异未达FDR显著
各逐题条件相对C03,相对C03,HAMD-17,PDCH共同24人验证,GLM-5.2,不思考,8,迟滞,3,C03：全文｜不规整｜逐条评分｜不清洗,7,C07：全文｜规整｜逐条评分｜不清洗,24,是,是,0.7140317626453581,0.6763700552491817,-0.03766170739617636,-0.28695875570557766,0.187684916524845,0.7811094452773614,0.6645532110842073,0.6681177206258626,0.003564509541655325,-0.22493883984390947,0.20764225468596814,0.967016491754123,exploratory_only,探索性,1.0,1.0,差异未达FDR显著
各逐题条件相对C03,相对C03,HAMD-17,PDCH共同24人验证,GLM-5.2,不思考,8,迟滞,3,C03：全文｜不规整｜逐条评分｜不清洗,8,C08：全文｜规整｜逐条评分｜清洗,24,是,是,0.7140317626453581,0.5754318833764813,-0.13859987926887674,-0.46989476491653365,0.1772819114556669,0.4852573713143428,0.6645532110842073,0.626309950273687,-0.03824326081052032,-0.36247100980719693,0.2490948200148218,0.7811094452773614,exploratory_only,探索性,0.9242000621310966,1.0,差异未达FDR显著
各逐题条件相对C03,相对C03,HAMD-17,PDCH共同24人验证,GLM-5.2,不思考,8,迟滞,3,C03：全文｜不规整｜逐条评分｜不清洗,11,C11：事件序列｜不规整｜逐条评分｜不清洗,24,是,是,0.7140317626453581,0.6274328135557938,-0.08659894908956423,-0.35288484270825954,0.08755018863927448,0.47176411794102946,0.6645532110842073,0.5700754488970188,-0.09447776218718851,-0.32845577986879204,0.10996604639080249,0.4387806096951524,exploratory_only,探索性,0.9242000621310966,1.0,差异未达FDR显著
各逐题条件相对C03,相对C03,HAMD-17,PDCH共同24人验证,GLM-5.2,不思考,8,迟滞,3,C03：全文｜不规整｜逐条评分｜不清洗,12,C12：事件序列｜不规整｜逐条评分｜清洗,24,是,是,0.7140317626453581,0.6415721169213777,-0.07245964572398034,-0.2800480553246838,0.11261323711268491,0.4452773613193403,0.6645532110842073,0.593786041319144,-0.07076716976506325,-0.2707337589613553,0.1307858619259617,0.48575712143928035,exploratory_only,探索性,0.9242000621310966,1.0,差异未达FDR显著
各逐题条件相对C03,相对C03,HAMD-17,PDCH共同24人验证,GLM-5.2,不思考,8,迟滞,3,C03：全文｜不规整｜逐条评分｜不清洗,15,C15：事件序列｜规整｜逐条评分｜不清洗,24,是,是,0.7140317626453581,0.4731274110291786,-0.24090435161617946,-0.5626857694725191,-0.002544369027545514,0.08245877061469266,0.6645532110842073,0.4284058169171342,-0.2361473941670731,-0.5120846272554904,-0.006757764970796724,0.029985007496251874,exploratory_only,探索性,0.8177161419290355,0.5947026486756621,差异未达FDR显著
各逐题条件相对C03,相对C03,HAMD-17,PDCH共同24人验证,GLM-5.2,不思考,8,迟滞,3,C03：全文｜不规整｜逐条评分｜不清洗,16,C16：事件序列｜规整｜逐条评分｜清洗,24,是,是,0.7140317626453581,0.6379463541874311,-0.076085408457927,-0.2783274847420984,0.09586277210615188,0.5322338830584707,0.6645532110842073,0.5865027463750361,-0.07805046470917121,-0.2887130736533663,0.09531019427879503,0.38780609695152424,exploratory_only,探索性,0.9242000621310966,1.0,差异未达FDR显著
各逐题条件相对C03,相对C03,HAMD-17,PDCH共同24人验证,GLM-5.2,不思考,9,激越,3,C03：全文｜不规整｜逐条评分｜不清洗,4,C04：全文｜不规整｜逐条评分｜清洗,24,是,是,0.39063162971579013,0.5647163833638759,0.17408475364808573,0.0,0.416395615532153,0.0004997501249375312,0.38327170943399036,0.5560592117443062,0.1727875023103158,0.0,0.3800170582256972,0.24987506246876562,exploratory_only,探索性,0.006607807207507357,1.0,差异未达FDR显著
各逐题条件相对C03,相对C03,HAMD-17,PDCH共同24人验证,GLM-5.2,不思考,9,激越,3,C03：全文｜不规整｜逐条评分｜不清洗,7,C07：全文｜规整｜逐条评分｜不清洗,24,是,是,0.39063162971579013,0.36463133082291527,-0.026000298892874862,-0.4591319475643385,0.35667827209924896,0.8775612193903048,0.38327170943399036,0.317591169581393,-0.06568053985259736,-0.475662908306125,0.3337021291290582,0.7316341829085458,exploratory_only,探索性,1.0,1.0,差异未达FDR显著
各逐题条件相对C03,相对C03,HAMD-17,PDCH共同24人验证,GLM-5.2,不思考,9,激越,3,C03：全文｜不规整｜逐条评分｜不清洗,8,C08：全文｜规整｜逐条评分｜清洗,24,是,是,0.39063162971579013,0.46984204904106763,0.0792104193252775,-0.08405226900805582,0.26007222488502824,0.25837081459270367,0.38327170943399036,0.4450766212447578,0.061804911810767416,-0.11037765714527611,0.28022492802565074,0.44177911044477763,exploratory_only,探索性,0.9242000621310966,1.0,差异未达FDR显著
各逐题条件相对C03,相对C03,HAMD-17,PDCH共同24人验证,GLM-5.2,不思考,9,激越,3,C03：全文｜不规整｜逐条评分｜不清洗,11,C11：事件序列｜不规整｜逐条评分｜不清洗,24,是,是,0.39063162971579013,0.3355317330712526,-0.055099896644537516,-0.2851455740454862,0.21992529587952414,0.7341329335332334,0.38327170943399036,0.339542002734898,-0.043729706699092374,-0.30349559851926194,0.2197756909655667,0.8620689655172413,exploratory_only,探索性,1.0,1.0,差异未达FDR显著
各逐题条件相对C03,相对C03,HAMD-17,PDCH共同24人验证,GLM-5.2,不思考,9,激越,3,C03：全文｜不规整｜逐条评分｜不清洗,12,C12：事件序列｜不规整｜逐条评分｜清洗,24,是,是,0.39063162971579013,0.556839897437398,0.1662082677216079,-0.0610475292250466,0.43831274405059634,0.2288855572213893,0.38327170943399036,0.5888560606870957,0.20558435125310537,-0.03031210726909026,0.48102113157527526,0.18040979510244878,exploratory_only,探索性,0.9242000621310966,1.0,差异未达FDR显著
各逐题条件相对C03,相对C03,HAMD-17,PDCH共同24人验证,GLM-5.2,不思考,9,激越,3,C03：全文｜不规整｜逐条评分｜不清洗,15,C15：事件序列｜规整｜逐条评分｜不清洗,24,是,是,0.39063162971579013,0.560948213199011,0.17031658348322087,-0.30221507340498915,0.6031302210995515,0.5052473763118441,0.38327170943399036,0.5799584137612823,0.19668670432729196,-0.16198680694631512,0.627835437658721,0.4357821089455272,exploratory_only,探索性,0.9242000621310966,1.0,差异未达FDR显著
各逐题条件相对C03,相对C03,HAMD-17,PDCH共同24人验证,GLM-5.2,不思考,9,激越,3,C03：全文｜不规整｜逐条评分｜不清洗,16,C16：事件序列｜规整｜逐条评分｜清洗,24,是,是,0.39063162971579013,0.674497750597973,0.2838661208821829,0.028307822995891088,0.6348254964566695,0.028985507246376812,0.38327170943399036,0.6702107769842632,0.2869390675502729,0.041154804501326185,0.6364824340540468,0.0004997501249375312,exploratory_only,探索性,0.3449275362318841,0.011894052973513243,目标条件校正相关显著更强
各逐题条件相对C03,相对C03,HAMD-17,PDCH共同24人验证,GLM-5.2,不思考,10,精神性焦虑,3,C03：全文｜不规整｜逐条评分｜不清洗,4,C04：全文｜不规整｜逐条评分｜清洗,24,是,是,0.6600665852895982,0.6865871456809031,0.026520560391304904,-0.0777749579784734,0.12800863406994953,0.6206896551724138,0.611016804379221,0.6313427136053765,0.020325909226155514,-0.09641727174059475,0.12928063142933824,0.7531234382808596,exploratory_only,探索性,0.9643216366500295,1.0,差异未达FDR显著
各逐题条件相对C03,相对C03,HAMD-17,PDCH共同24人验证,GLM-5.2,不思考,10,精神性焦虑,3,C03：全文｜不规整｜逐条评分｜不清洗,7,C07：全文｜规整｜逐条评分｜不清洗,24,是,是,0.6600665852895982,0.706746561060631,0.04667997577103289,-0.24425515663611994,0.33873789120909176,0.750624687656172,0.611016804379221,0.6555871635376475,0.04457035915842644,-0.2640759274941877,0.32130214303301774,0.7876061969015492,exploratory_only,探索性,1.0,1.0,差异未达FDR显著
各逐题条件相对C03,相对C03,HAMD-17,PDCH共同24人验证,GLM-5.2,不思考,10,精神性焦虑,3,C03：全文｜不规整｜逐条评分｜不清洗,8,C08：全文｜规整｜逐条评分｜清洗,24,是,是,0.6600665852895982,0.7637222115766078,0.10365562628700964,-0.06618967679712758,0.3349550900847658,0.2843578210894553,0.611016804379221,0.7303775077010479,0.11936070332182691,-0.04381457587622011,0.3921478417440153,0.2768615692153923,exploratory_only,探索性,0.9242000621310966,1.0,差异未达FDR显著
各逐题条件相对C03,相对C03,HAMD-17,PDCH共同24人验证,GLM-5.2,不思考,10,精神性焦虑,3,C03：全文｜不规整｜逐条评分｜不清洗,11,C11：事件序列｜不规整｜逐条评分｜不清洗,24,是,是,0.6600665852895982,0.699811684486202,0.03974509919660385,0.0,0.11772297487976256,0.0004997501249375312,0.611016804379221,0.6440405264769237,0.03302372209770266,-0.0026762876544116653,0.10621123892750954,0.0004997501249375312,exploratory_only,探索性,0.006607807207507357,0.011894052973513243,目标条件校正相关显著更强
各逐题条件相对C03,相对C03,HAMD-17,PDCH共同24人验证,GLM-5.2,不思考,10,精神性焦虑,3,C03：全文｜不规整｜逐条评分｜不清洗,12,C12：事件序列｜不规整｜逐条评分｜清洗,24,是,是,0.6600665852895982,0.7395756195213402,0.07950903423174205,0.0,0.22160139010823648,0.2608695652173913,0.611016804379221,0.7038183256028281,0.09280152122360708,-2.0014664560180586e-05,0.2530257276941557,0.0004997501249375312,exploratory_only,探索性,0.9242000621310966,0.011894052973513243,目标条件校正相关显著更强
各逐题条件相对C03,相对C03,HAMD-17,PDCH共同24人验证,GLM-5.2,不思考,10,精神性焦虑,3,C03：全文｜不规整｜逐条评分｜不清洗,15,C15：事件序列｜规整｜逐条评分｜不清洗,24,是,是,0.6600665852895982,0.5914622292528752,-0.06860435603672299,-0.24364403889510483,0.050207059773351145,0.4452773613193403,0.611016804379221,0.524577174778042,-0.08643962960117901,-0.27572520110637105,0.05400286374584781,0.31634182908545727,exploratory_only,探索性,0.9242000621310966,1.0,差异未达FDR显著
各逐题条件相对C03,相对C03,HAMD-17,PDCH共同24人验证,GLM-5.2,不思考,10,精神性焦虑,3,C03：全文｜不规整｜逐条评分｜不清洗,16,C16：事件序列｜规整｜逐条评分｜清洗,24,是,是,0.6600665852895982,0.6789685067921396,0.01890192150254144,-0.16750657374319908,0.15911309260053277,0.8545727136431784,0.611016804379221,0.6188634012647917,0.007846596885570656,-0.19653908322944025,0.16522910027294543,0.9265367316341829,exploratory_only,探索性,1.0,1.0,差异未达FDR显著
各逐题条件相对C03,相对C03,HAMD-17,PDCH共同24人验证,GLM-5.2,不思考,11,躯体性焦虑,3,C03：全文｜不规整｜逐条评分｜不清洗,4,C04：全文｜不规整｜逐条评分｜清洗,24,是,是,0.6604939493481464,0.7574523267066118,0.09695837735846535,-0.007487041002630861,0.26865946259631157,0.25687156421789104,0.60363396361039,0.6580482871544395,0.054414323544049514,-0.10960037493360544,0.2076051470109154,0.5032483758120939,exploratory_only,探索性,0.9242000621310966,1.0,差异未达FDR显著
各逐题条件相对C03,相对C03,HAMD-17,PDCH共同24人验证,GLM-5.2,不思考,11,躯体性焦虑,3,C03：全文｜不规整｜逐条评分｜不清洗,7,C07：全文｜规整｜逐条评分｜不清洗,24,是,是,0.6604939493481464,0.5663781320761186,-0.09411581727202778,-0.3376436557056782,0.09521294424588646,0.37031484257871067,0.60363396361039,0.4135137696621532,-0.19012019394823682,-0.4465248000319553,0.019037087115173813,0.11594202898550725,exploratory_only,探索性,0.9242000621310966,1.0,差异未达FDR显著
各逐题条件相对C03,相对C03,HAMD-17,PDCH共同24人验证,GLM-5.2,不思考,11,躯体性焦虑,3,C03：全文｜不规整｜逐条评分｜不清洗,8,C08：全文｜规整｜逐条评分｜清洗,24,是,是,0.6604939493481464,0.7343506341266377,0.07385668477849128,-0.09168829562213117,0.21481876653441012,0.553223388305847,0.60363396361039,0.629669422643796,0.026035459033405983,-0.15264693482306518,0.2482348118806537,0.8445777111444278,exploratory_only,探索性,0.9242000621310966,1.0,差异未达FDR显著
各逐题条件相对C03,相对C03,HAMD-17,PDCH共同24人验证,GLM-5.2,不思考,11,躯体性焦虑,3,C03：全文｜不规整｜逐条评分｜不清洗,11,C11：事件序列｜不规整｜逐条评分｜不清洗,24,是,是,0.6604939493481464,0.7349000683565913,0.07440611900844485,-0.03647257083430013,0.23827028143314394,0.5172413793103449,0.60363396361039,0.681858962532027,0.07822499892163703,-0.05394203811162647,0.2535184269659782,0.25487256371814093,exploratory_only,探索性,0.9242000621310966,1.0,差异未达FDR显著
各逐题条件相对C03,相对C03,HAMD-17,PDCH共同24人验证,GLM-5.2,不思考,11,躯体性焦虑,3,C03：全文｜不规整｜逐条评分｜不清洗,12,C12：事件序列｜不规整｜逐条评分｜清洗,24,是,是,0.6604939493481464,0.7386093900313485,0.07811544068320209,-0.0342710363370392,0.21652256479015827,0.3803098450774613,0.60363396361039,0.6347802674701484,0.031146303859758362,-0.14868521828010742,0.2252475654195505,0.7521239380309845,exploratory_only,探索性,0.9242000621310966,1.0,差异未达FDR显著
各逐题条件相对C03,相对C03,HAMD-17,PDCH共同24人验证,GLM-5.2,不思考,11,躯体性焦虑,3,C03：全文｜不规整｜逐条评分｜不清洗,15,C15：事件序列｜规整｜逐条评分｜不清洗,24,是,是,0.6604939493481464,0.5535499365121318,-0.10694401283601462,-0.33297928305893565,0.09739337445080917,0.32083958020989506,0.60363396361039,0.4320702814073846,-0.17156368220300539,-0.4213117790380993,0.03553233598857116,0.14492753623188406,exploratory_only,探索性,0.9242000621310966,1.0,差异未达FDR显著
各逐题条件相对C03,相对C03,HAMD-17,PDCH共同24人验证,GLM-5.2,不思考,11,躯体性焦虑,3,C03：全文｜不规整｜逐条评分｜不清洗,16,C16：事件序列｜规整｜逐条评分｜清洗,24,是,是,0.6604939493481464,0.6782403658971172,0.0177464165489708,-0.18217307514729775,0.2328675775272147,0.8830584707646177,0.60363396361039,0.571843836922779,-0.03179012668761105,-0.24352220686088752,0.15031660282853368,0.800599700149925,exploratory_only,探索性,1.0,1.0,差异未达FDR显著
各逐题条件相对C03,相对C03,HAMD-17,PDCH共同24人验证,GLM-5.2,不思考,12,胃肠道症状,3,C03：全文｜不规整｜逐条评分｜不清洗,4,C04：全文｜不规整｜逐条评分｜清洗,24,是,是,0.29441042155011476,0.2684423411442234,-0.02596808040589138,-0.13649097501692342,0.027170613907386093,0.0004997501249375312,0.25096634172642107,0.17627507503849935,-0.07469126668792173,-0.23790963483177774,0.0,1.0,exploratory_only,探索性,0.006607807207507357,1.0,差异未达FDR显著
各逐题条件相对C03,相对C03,HAMD-17,PDCH共同24人验证,GLM-5.2,不思考,12,胃肠道症状,3,C03：全文｜不规整｜逐条评分｜不清洗,7,C07：全文｜规整｜逐条评分｜不清洗,24,是,是,0.29441042155011476,0.33012399100180095,0.03571356945168619,-0.2800084194990181,0.35676790678796616,0.8785607196401799,0.25096634172642107,0.2833048115635329,0.032338469837111805,-0.32803448372103033,0.37443413225822825,0.8565717141429285,exploratory_only,探索性,1.0,1.0,差异未达FDR显著
各逐题条件相对C03,相对C03,HAMD-17,PDCH共同24人验证,GLM-5.2,不思考,12,胃肠道症状,3,C03：全文｜不规整｜逐条评分｜不清洗,8,C08：全文｜规整｜逐条评分｜清洗,24,是,是,0.29441042155011476,0.21056363940030548,-0.08384678214980928,-0.33483513638880347,0.18413228179517463,0.5177411294352824,0.25096634172642107,0.11333382756380271,-0.13763251416261835,-0.4172482428379093,0.13761809069725772,0.39430284857571213,exploratory_only,探索性,0.9242000621310966,1.0,差异未达FDR显著
各逐题条件相对C03,相对C03,HAMD-17,PDCH共同24人验证,GLM-5.2,不思考,12,胃肠道症状,3,C03：全文｜不规整｜逐条评分｜不清洗,11,C11：事件序列｜不规整｜逐条评分｜不清洗,24,是,是,0.29441042155011476,0.17062247297424823,-0.12378794857586653,-0.48169615098823954,0.18302985877666972,0.5747126436781609,0.25096634172642107,0.09191242873327518,-0.1590539129931459,-0.5199555948899803,0.19105817228875424,0.4482758620689655,exploratory_only,探索性,0.9242000621310966,1.0,差异未达FDR显著
各逐题条件相对C03,相对C03,HAMD-17,PDCH共同24人验证,GLM-5.2,不思考,12,胃肠道症状,3,C03：全文｜不规整｜逐条评分｜不清洗,12,C12：事件序列｜不规整｜逐条评分｜清洗,24,是,是,0.29441042155011476,0.31847786542490925,0.02406744387479448,-0.3985314261146378,0.3892431430521523,0.8705647176411794,0.25096634172642107,0.19134770076836047,-0.059618640958060604,-0.4262663379175544,0.3285813050283846,0.775112443778111,exploratory_only,探索性,1.0,1.0,差异未达FDR显著
各逐题条件相对C03,相对C03,HAMD-17,PDCH共同24人验证,GLM-5.2,不思考,12,胃肠道症状,3,C03：全文｜不规整｜逐条评分｜不清洗,15,C15：事件序列｜规整｜逐条评分｜不清洗,24,是,是,0.29441042155011476,0.4422237830147084,0.14781336146459362,-0.10616551952506169,0.4572349048837426,0.2913543228385807,0.25096634172642107,0.31668044477163654,0.06571410304521547,-0.2149263169570293,0.4033732763341305,0.6206896551724138,exploratory_only,探索性,0.9242000621310966,1.0,差异未达FDR显著
各逐题条件相对C03,相对C03,HAMD-17,PDCH共同24人验证,GLM-5.2,不思考,12,胃肠道症状,3,C03：全文｜不规整｜逐条评分｜不清洗,16,C16：事件序列｜规整｜逐条评分｜清洗,24,是,是,0.29441042155011476,0.41242241326115703,0.11801199171104226,-0.1422043579045903,0.4207054700524844,0.40229885057471265,0.25096634172642107,0.2883794494325332,0.037413107706112114,-0.2229847026375233,0.3534888889432253,0.8095952023988006,exploratory_only,探索性,0.9242000621310966,1.0,差异未达FDR显著
各逐题条件相对C03,相对C03,HAMD-17,PDCH共同24人验证,GLM-5.2,不思考,13,全身症状,3,C03：全文｜不规整｜逐条评分｜不清洗,4,C04：全文｜不规整｜逐条评分｜清洗,24,是,是,0.5112169365188771,0.6191913468247807,0.1079744103059036,0.0,0.31271392211341026,0.5257371314342829,0.36896563383357056,0.4811157147743242,0.11215008094075363,-0.004522386646287082,0.33194268291353185,0.5322338830584707,exploratory_only,探索性,0.9242000621310966,1.0,差异未达FDR显著
各逐题条件相对C03,相对C03,HAMD-17,PDCH共同24人验证,GLM-5.2,不思考,13,全身症状,3,C03：全文｜不规整｜逐条评分｜不清洗,7,C07：全文｜规整｜逐条评分｜不清洗,24,是,是,0.5112169365188771,0.6613126068340124,0.15009567031513527,-0.15764993859854598,0.4551099343597709,0.3288355822088955,0.36896563383357056,0.5497340316178031,0.18076839778423254,-0.14226588876804316,0.5037543296578031,0.23638180909545228,exploratory_only,探索性,0.9242000621310966,1.0,差异未达FDR显著
各逐题条件相对C03,相对C03,HAMD-17,PDCH共同24人验证,GLM-5.2,不思考,13,全身症状,3,C03：全文｜不规整｜逐条评分｜不清洗,8,C08：全文｜规整｜逐条评分｜清洗,24,是,是,0.5112169365188771,0.6025178553119356,0.09130091879305846,-0.18001887551563875,0.3741482932959021,0.5687156421789106,0.36896563383357056,0.4864239897316009,0.11745835589803033,-0.19992594965181426,0.4529420255634022,0.48825587206396803,exploratory_only,探索性,0.9242000621310966,1.0,差异未达FDR显著
各逐题条件相对C03,相对C03,HAMD-17,PDCH共同24人验证,GLM-5.2,不思考,13,全身症状,3,C03：全文｜不规整｜逐条评分｜不清洗,11,C11：事件序列｜不规整｜逐条评分｜不清洗,24,是,是,0.5112169365188771,0.6354230398024543,0.12420610328357717,-0.10453349455216383,0.3818985210196122,0.24587706146926536,0.36896563383357056,0.5054578789146918,0.1364922450811213,-0.07459616368524019,0.3812462099702056,0.24887556221889057,exploratory_only,探索性,0.9242000621310966,1.0,差异未达FDR显著
各逐题条件相对C03,相对C03,HAMD-17,PDCH共同24人验证,GLM-5.2,不思考,13,全身症状,3,C03：全文｜不规整｜逐条评分｜不清洗,12,C12：事件序列｜不规整｜逐条评分｜清洗,24,是,是,0.5112169365188771,0.6380622654716214,0.12684532895274425,-0.09361934275523781,0.37057914386405566,0.30934532733633185,0.36896563383357056,0.5137764281995272,0.14481079436595662,-0.06391227576513328,0.40780683352104724,0.3053473263368316,exploratory_only,探索性,0.9242000621310966,1.0,差异未达FDR显著
各逐题条件相对C03,相对C03,HAMD-17,PDCH共同24人验证,GLM-5.2,不思考,13,全身症状,3,C03：全文｜不规整｜逐条评分｜不清洗,15,C15：事件序列｜规整｜逐条评分｜不清洗,24,是,是,0.5112169365188771,0.6048705216739502,0.09365358515507305,-0.15714125916609767,0.3745507923948376,0.4962518740629685,0.36896563383357056,0.4793675488747595,0.11040191504118896,-0.14558793276717408,0.366204042605976,0.42028985507246375,exploratory_only,探索性,0.9242000621310966,1.0,差异未达FDR显著
各逐题条件相对C03,相对C03,HAMD-17,PDCH共同24人验证,GLM-5.2,不思考,13,全身症状,3,C03：全文｜不规整｜逐条评分｜不清洗,16,C16：事件序列｜规整｜逐条评分｜清洗,24,是,是,0.5112169365188771,0.6048705216739502,0.09365358515507305,-0.15757911499994903,0.33281962833461115,0.487256371814093,0.36896563383357056,0.4793675488747595,0.11040191504118896,-0.10506299060640972,0.34885000376695335,0.4257871064467766,exploratory_only,探索性,0.9242000621310966,1.0,差异未达FDR显著
各逐题条件相对C03,相对C03,HAMD-17,PDCH共同24人验证,GLM-5.2,不思考,14,性症状,3,C03：全文｜不规整｜逐条评分｜不清洗,4,C04：全文｜不规整｜逐条评分｜清洗,11,是,是,0.8695427828248539,0.8695427828248539,0.0,0.0,0.0,1.0,0.7602045506994217,0.7602045506994217,0.0,0.0,0.0,1.0,not_estimable,不可估计,1.0,1.0,差异未达FDR显著
各逐题条件相对C03,相对C03,HAMD-17,PDCH共同24人验证,GLM-5.2,不思考,14,性症状,3,C03：全文｜不规整｜逐条评分｜不清洗,7,C07：全文｜规整｜逐条评分｜不清洗,10,是,是,0.9203310287358499,0.7447228896013814,-0.1756081391344685,-0.5667691489454966,0.0,0.0004997501249375312,0.8394339701512576,0.6500552777352849,-0.18937869241597272,-0.6451224350974712,0.0,1.0,not_estimable,不可估计,0.006607807207507357,1.0,差异未达FDR显著
各逐题条件相对C03,相对C03,HAMD-17,PDCH共同24人验证,GLM-5.2,不思考,14,性症状,3,C03：全文｜不规整｜逐条评分｜不清洗,8,C08：全文｜规整｜逐条评分｜清洗,10,是,是,0.9203310287358499,0.7447228896013814,-0.1756081391344685,-0.6036810341021794,0.0,0.0004997501249375312,0.8394339701512576,0.6500552777352849,-0.18937869241597272,-0.6201078150439384,0.0,1.0,not_estimable,不可估计,0.006607807207507357,1.0,差异未达FDR显著
各逐题条件相对C03,相对C03,HAMD-17,PDCH共同24人验证,GLM-5.2,不思考,14,性症状,3,C03：全文｜不规整｜逐条评分｜不清洗,11,C11：事件序列｜不规整｜逐条评分｜不清洗,11,是,是,0.8695427828248539,0.8695427828248539,0.0,0.0,0.0,1.0,0.7602045506994217,0.7602045506994217,0.0,0.0,0.0,1.0,not_estimable,不可估计,1.0,1.0,差异未达FDR显著
各逐题条件相对C03,相对C03,HAMD-17,PDCH共同24人验证,GLM-5.2,不思考,14,性症状,3,C03：全文｜不规整｜逐条评分｜不清洗,12,C12：事件序列｜不规整｜逐条评分｜清洗,11,是,是,0.8695427828248539,0.8695427828248539,0.0,0.0,0.0,1.0,0.7602045506994217,0.7602045506994217,0.0,0.0,0.0,1.0,not_estimable,不可估计,1.0,1.0,差异未达FDR显著
各逐题条件相对C03,相对C03,HAMD-17,PDCH共同24人验证,GLM-5.2,不思考,14,性症状,3,C03：全文｜不规整｜逐条评分｜不清洗,15,C15：事件序列｜规整｜逐条评分｜不清洗,11,是,是,0.8695427828248539,0.6277857812025559,-0.24175700162229796,-0.6360738438815646,0.0,0.0004997501249375312,0.7602045506994217,0.4457434403464308,-0.3144611103529909,-0.7192405229960951,0.0,0.5087456271864068,not_estimable,不可估计,0.006607807207507357,1.0,差异未达FDR显著
各逐题条件相对C03,相对C03,HAMD-17,PDCH共同24人验证,GLM-5.2,不思考,14,性症状,3,C03：全文｜不规整｜逐条评分｜不清洗,16,C16：事件序列｜规整｜逐条评分｜清洗,11,是,是,0.8695427828248539,0.7924211011516463,-0.07712168167320754,-0.3479812017750036,0.0,1.0,0.7602045506994217,0.6193427372461909,-0.1408618134532308,-0.47840747179085685,0.0,1.0,not_estimable,不可估计,1.0,1.0,差异未达FDR显著
各逐题条件相对C03,相对C03,HAMD-17,PDCH共同24人验证,GLM-5.2,不思考,15,疑病,3,C03：全文｜不规整｜逐条评分｜不清洗,4,C04：全文｜不规整｜逐条评分｜清洗,24,是,是,0.05229128801703313,0.08090836116611765,0.028617073149084515,-0.0471512898953347,0.15494494795818534,1.0,-0.021870517209176772,-0.02015157437291609,0.0017189428362606833,-0.11158822165287924,0.11967716466983734,1.0,exploratory_only,探索性,1.0,1.0,差异未达FDR显著
各逐题条件相对C03,相对C03,HAMD-17,PDCH共同24人验证,GLM-5.2,不思考,15,疑病,3,C03：全文｜不规整｜逐条评分｜不清洗,7,C07：全文｜规整｜逐条评分｜不清洗,24,是,是,0.05229128801703313,0.21737424887936133,0.1650829608623282,-0.05930134027400171,0.45657006919760845,0.28585707146426786,-0.021870517209176772,0.08349405408653372,0.1053645712957105,-0.13946807018986898,0.3736631441516846,0.5012493753123438,exploratory_only,探索性,0.9242000621310966,1.0,差异未达FDR显著
各逐题条件相对C03,相对C03,HAMD-17,PDCH共同24人验证,GLM-5.2,不思考,15,疑病,3,C03：全文｜不规整｜逐条评分｜不清洗,8,C08：全文｜规整｜逐条评分｜清洗,24,是,是,0.05229128801703313,0.09205133121791355,0.03976004320088042,-0.12162120812944038,0.2468837208599428,0.7076461769115442,-0.021870517209176772,-0.013267352742324007,0.008603164466852765,-0.16404923807557728,0.21714128689383733,0.9060469765117442,exploratory_only,探索性,1.0,1.0,差异未达FDR显著
各逐题条件相对C03,相对C03,HAMD-17,PDCH共同24人验证,GLM-5.2,不思考,15,疑病,3,C03：全文｜不规整｜逐条评分｜不清洗,11,C11：事件序列｜不规整｜逐条评分｜不清洗,24,是,是,0.05229128801703313,0.17261236819521167,0.12032108017817854,-0.06503024732999402,0.39101018077970584,0.48225887056471767,-0.021870517209176772,0.09237134865662225,0.11424186586579901,-0.09999121798969644,0.38768403248093375,0.7566216891554223,exploratory_only,探索性,0.9242000621310966,1.0,差异未达FDR显著
各逐题条件相对C03,相对C03,HAMD-17,PDCH共同24人验证,GLM-5.2,不思考,15,疑病,3,C03：全文｜不规整｜逐条评分｜不清洗,12,C12：事件序列｜不规整｜逐条评分｜清洗,24,是,是,0.05229128801703313,0.23562959334615866,0.18333830532912554,-0.05717098624077163,0.4963070634680065,0.44577711144427784,-0.021870517209176772,0.09691509330029456,0.11878561050947134,-0.15660663585363818,0.4562178890237095,0.5387306346826587,exploratory_only,探索性,0.9242000621310966,1.0,差异未达FDR显著
各逐题条件相对C03,相对C03,HAMD-17,PDCH共同24人验证,GLM-5.2,不思考,15,疑病,3,C03：全文｜不规整｜逐条评分｜不清洗,15,C15：事件序列｜规整｜逐条评分｜不清洗,24,是,是,0.05229128801703313,0.30152387856561286,0.2492325905485797,-0.0766477017526018,0.6632836785255881,0.28535732133933034,-0.021870517209176772,0.18821243231378745,0.21008294952296422,-0.12630851408408592,0.6318753750694754,0.4512743628185907,exploratory_only,探索性,0.9242000621310966,1.0,差异未达FDR显著
各逐题条件相对C03,相对C03,HAMD-17,PDCH共同24人验证,GLM-5.2,不思考,15,疑病,3,C03：全文｜不规整｜逐条评分｜不清洗,16,C16：事件序列｜规整｜逐条评分｜清洗,24,是,是,0.05229128801703313,0.3282203603404611,0.27592907232342795,-0.03276313845551371,0.6857654264665731,0.18440779610194902,-0.021870517209176772,0.24178379774150843,0.2636543149506852,-0.1150426592232682,0.6809313263650708,0.24387806096951525,exploratory_only,探索性,0.9242000621310966,1.0,差异未达FDR显著
各逐题条件相对C03,相对C03,HAMD-17,PDCH共同24人验证,GLM-5.2,不思考,16,体重减轻,3,C03：全文｜不规整｜逐条评分｜不清洗,4,C04：全文｜不规整｜逐条评分｜清洗,24,是,是,0.40665877508452936,0.40665877508452936,0.0,0.0,0.0,1.0,0.36831763555399727,0.36831763555399727,0.0,0.0,0.0,1.0,exploratory_only,探索性,1.0,1.0,差异未达FDR显著
各逐题条件相对C03,相对C03,HAMD-17,PDCH共同24人验证,GLM-5.2,不思考,16,体重减轻,3,C03：全文｜不规整｜逐条评分｜不清洗,7,C07：全文｜规整｜逐条评分｜不清洗,24,是,是,0.40665877508452936,0.3424729965910976,-0.06418577849343177,-0.21393724837142702,0.12013721342136965,0.4987506246876562,0.36831763555399727,0.3068276290186698,-0.06149000653532749,-0.24601822431819373,0.12318361280509686,0.6451774112943528,exploratory_only,探索性,0.9242000621310966,1.0,差异未达FDR显著
各逐题条件相对C03,相对C03,HAMD-17,PDCH共同24人验证,GLM-5.2,不思考,16,体重减轻,3,C03：全文｜不规整｜逐条评分｜不清洗,8,C08：全文｜规整｜逐条评分｜清洗,24,是,是,0.40665877508452936,0.2403658244213816,-0.16629295066314775,-0.44842710477483144,0.06734306787379508,0.24687656171914044,0.36831763555399727,0.21286409024989872,-0.15545354530409855,-0.438522485069636,0.07905739447300197,0.38130934532733635,exploratory_only,探索性,0.9242000621310966,1.0,差异未达FDR显著
各逐题条件相对C03,相对C03,HAMD-17,PDCH共同24人验证,GLM-5.2,不思考,16,体重减轻,3,C03：全文｜不规整｜逐条评分｜不清洗,11,C11：事件序列｜不规整｜逐条评分｜不清洗,24,是,是,0.40665877508452936,0.23901232409906686,-0.1676464509854625,-0.45157717632190325,0.0,0.4962518740629685,0.36831763555399727,0.18822025267225465,-0.18009738288174262,-0.4945469750347726,0.0,0.49325337331334335,exploratory_only,探索性,0.9242000621310966,1.0,差异未达FDR显著
各逐题条件相对C03,相对C03,HAMD-17,PDCH共同24人验证,GLM-5.2,不思考,16,体重减轻,3,C03：全文｜不规整｜逐条评分｜不清洗,12,C12：事件序列｜不规整｜逐条评分｜清洗,24,是,是,0.40665877508452936,0.3459202667148628,-0.060738508369666544,-0.18161459594130303,0.0,0.5007496251874063,0.36831763555399727,0.30413669749042793,-0.06418093806356934,-0.19755521275039228,0.0,0.5122438780609695,exploratory_only,探索性,0.9242000621310966,1.0,差异未达FDR显著
各逐题条件相对C03,相对C03,HAMD-17,PDCH共同24人验证,GLM-5.2,不思考,16,体重减轻,3,C03：全文｜不规整｜逐条评分｜不清洗,15,C15：事件序列｜规整｜逐条评分｜不清洗,24,是,是,0.40665877508452936,0.14504425178457733,-0.26161452329995205,-0.6179773996082071,0.0,0.2613693153423288,0.36831763555399727,0.08583910977669362,-0.28247852577730365,-0.6250301722147978,0.0,0.2543728135932034,exploratory_only,探索性,0.9242000621310966,1.0,差异未达FDR显著
各逐题条件相对C03,相对C03,HAMD-17,PDCH共同24人验证,GLM-5.2,不思考,16,体重减轻,3,C03：全文｜不规整｜逐条评分｜不清洗,16,C16：事件序列｜规整｜逐条评分｜清洗,24,是,是,0.40665877508452936,0.14504425178457733,-0.26161452329995205,-0.6033819021629041,0.0,0.25037481259370314,0.36831763555399727,0.08583910977669362,-0.28247852577730365,-0.6173704223262901,0.0,0.2368815592203898,exploratory_only,探索性,0.9242000621310966,1.0,差异未达FDR显著
各逐题条件相对C03,相对C03,HAMD-17,PDCH共同24人验证,GLM-5.2,不思考,17,自知力,3,C03：全文｜不规整｜逐条评分｜不清洗,4,C04：全文｜不规整｜逐条评分｜清洗,24,是,是,0.22682658482900483,0.22682658482900483,0.0,0.0,0.0,1.0,0.19951549742052974,0.19951549742052974,0.0,0.0,0.0,1.0,exploratory_only,探索性,1.0,1.0,差异未达FDR显著
各逐题条件相对C03,相对C03,HAMD-17,PDCH共同24人验证,GLM-5.2,不思考,17,自知力,3,C03：全文｜不规整｜逐条评分｜不清洗,7,C07：全文｜规整｜逐条评分｜不清洗,24,是,是,0.22682658482900483,0.17115488138112614,-0.055671703447878695,-0.3847875586645061,0.25099958288751956,1.0,0.19951549742052974,0.12841553479878978,-0.07109996262173995,-0.3460023580277029,0.23569930954970933,1.0,exploratory_only,探索性,1.0,1.0,差异未达FDR显著
各逐题条件相对C03,相对C03,HAMD-17,PDCH共同24人验证,GLM-5.2,不思考,17,自知力,3,C03：全文｜不规整｜逐条评分｜不清洗,8,C08：全文｜规整｜逐条评分｜清洗,24,是,是,0.22682658482900483,-0.12038921787956583,-0.34721580270857066,-0.789722171156921,0.08945226797507144,0.1924037981009495,0.19951549742052974,-0.15955424840261867,-0.35906974582314843,-0.7823830786947393,0.055399966812690445,0.1549225387306347,exploratory_only,探索性,0.9242000621310966,1.0,差异未达FDR显著
各逐题条件相对C03,相对C03,HAMD-17,PDCH共同24人验证,GLM-5.2,不思考,17,自知力,3,C03：全文｜不规整｜逐条评分｜不清洗,11,C11：事件序列｜不规整｜逐条评分｜不清洗,24,是,是,0.22682658482900483,0.22682658482900483,0.0,0.0,0.0,1.0,0.19951549742052974,0.19951549742052974,0.0,0.0,0.0,1.0,exploratory_only,探索性,1.0,1.0,差异未达FDR显著
各逐题条件相对C03,相对C03,HAMD-17,PDCH共同24人验证,GLM-5.2,不思考,17,自知力,3,C03：全文｜不规整｜逐条评分｜不清洗,12,C12：事件序列｜不规整｜逐条评分｜清洗,24,是,是,0.22682658482900483,-0.07481124653916967,-0.3016378313681745,-0.6460401998409318,0.0,0.2493753123438281,0.19951549742052974,-0.08735563204123684,-0.28687112946176657,-0.6285339862572453,0.0,0.2448775612193903,exploratory_only,探索性,0.9242000621310966,1.0,差异未达FDR显著
各逐题条件相对C03,相对C03,HAMD-17,PDCH共同24人验证,GLM-5.2,不思考,17,自知力,3,C03：全文｜不规整｜逐条评分｜不清洗,15,C15：事件序列｜规整｜逐条评分｜不清洗,24,是,是,0.22682658482900483,-0.22084500823371114,-0.447671593062716,-0.8597100128689336,-0.08225505226064048,0.12843578210894552,0.19951549742052974,-0.23313206532140807,-0.43264756274193783,-0.8354613537626099,-0.04173977654045771,0.13193403298350825,exploratory_only,探索性,0.9242000621310966,1.0,差异未达FDR显著
各逐题条件相对C03,相对C03,HAMD-17,PDCH共同24人验证,GLM-5.2,不思考,17,自知力,3,C03：全文｜不规整｜逐条评分｜不清洗,16,C16：事件序列｜规整｜逐条评分｜清洗,24,是,是,0.22682658482900483,-0.22084500823371114,-0.447671593062716,-0.8296761044554818,-0.09963486335054343,0.13843078460769614,0.19951549742052974,-0.23313206532140807,-0.43264756274193783,-0.7981444846441393,-0.10258522466993246,0.12143928035982009,exploratory_only,探索性,0.9242000621310966,1.0,差异未达FDR显著
各逐题条件相对C03,相对C03,HAMD-17,PDCH共同24人验证,GLM-5.2,思考,1,抑郁情绪,3,C03：全文｜不规整｜逐条评分｜不清洗,4,C04：全文｜不规整｜逐条评分｜清洗,24,是,是,0.7735475735038827,0.8065261201080466,0.03297854660416388,-0.013350261590261965,0.11265386584425059,0.5032483758120939,0.6340991774016005,0.7225120652244686,0.08841288782286816,0.0,0.2546452979661973,0.0004997501249375312,exploratory_only,探索性,0.9311090723295068,0.005947026486756621,目标条件校正相关显著更强
各逐题条件相对C03,相对C03,HAMD-17,PDCH共同24人验证,GLM-5.2,思考,1,抑郁情绪,3,C03：全文｜不规整｜逐条评分｜不清洗,7,C07：全文｜规整｜逐条评分｜不清洗,24,是,是,0.7735475735038827,0.6435373692262353,-0.13001020427764742,-0.3249794390586213,0.021229146622369226,0.2638680659670165,0.6340991774016005,0.5068981887363494,-0.1272009886652511,-0.3426724439640926,0.06989737728120297,0.33383308345827084,exploratory_only,探索性,0.9311090723295068,0.8886064214269676,差异未达FDR显著
各逐题条件相对C03,相对C03,HAMD-17,PDCH共同24人验证,GLM-5.2,思考,1,抑郁情绪,3,C03：全文｜不规整｜逐条评分｜不清洗,8,C08：全文｜规整｜逐条评分｜清洗,24,是,是,0.7735475735038827,0.7435594909811258,-0.029988082522756865,-0.17730579898955326,0.10144564939665604,0.7251374312843578,0.6340991774016005,0.664371661901152,0.030272484499551555,-0.1387046494939098,0.17472379565601145,0.7056471764117941,exploratory_only,探索性,0.9584835241953491,0.9953100372890478,差异未达FDR显著
各逐题条件相对C03,相对C03,HAMD-17,PDCH共同24人验证,GLM-5.2,思考,1,抑郁情绪,3,C03：全文｜不规整｜逐条评分｜不清洗,11,C11：事件序列｜不规整｜逐条评分｜不清洗,24,是,是,0.7735475735038827,0.7746494701996786,0.0011018966957958565,-0.0941281132430128,0.0855120352218991,1.0,0.6340991774016005,0.6270506265549145,-0.007048550846685986,-0.10983938367855221,0.08639312426604345,1.0,exploratory_only,探索性,1.0,1.0,差异未达FDR显著
各逐题条件相对C03,相对C03,HAMD-17,PDCH共同24人验证,GLM-5.2,思考,1,抑郁情绪,3,C03：全文｜不规整｜逐条评分｜不清洗,12,C12：事件序列｜不规整｜逐条评分｜清洗,24,是,是,0.7735475735038827,0.7485706801446261,-0.02497689335925657,-0.22309676606594642,0.1544437635042882,0.862568715642179,0.6340991774016005,0.6155467822965575,-0.01855239510504303,-0.23002846684122671,0.18524013207544948,0.8690654672663668,exploratory_only,探索性,0.982381450784042,1.0,差异未达FDR显著
各逐题条件相对C03,相对C03,HAMD-17,PDCH共同24人验证,GLM-5.2,思考,1,抑郁情绪,3,C03：全文｜不规整｜逐条评分｜不清洗,15,C15：事件序列｜规整｜逐条评分｜不清洗,24,是,是,0.7735475735038827,0.7027783888959365,-0.07076918460794623,-0.27362462994293824,0.05880678319868062,0.6376811594202898,0.6340991774016005,0.6328039915657339,-0.0012951858358666302,-0.12047902808493041,0.10369810742535517,1.0,exploratory_only,探索性,0.9537543728135931,1.0,差异未达FDR显著
各逐题条件相对C03,相对C03,HAMD-17,PDCH共同24人验证,GLM-5.2,思考,1,抑郁情绪,3,C03：全文｜不规整｜逐条评分｜不清洗,16,C16：事件序列｜规整｜逐条评分｜清洗,24,是,是,0.7735475735038827,0.6720274572325082,-0.10152011627137447,-0.29979658328771835,0.036256338186529805,0.25987006496751625,0.6340991774016005,0.558191772652501,-0.07590740474909952,-0.2309695037349463,0.05795729995939735,0.38980509745127434,exploratory_only,探索性,0.9311090723295068,0.8886064214269676,差异未达FDR显著
各逐题条件相对C03,相对C03,HAMD-17,PDCH共同24人验证,GLM-5.2,思考,2,有罪感,3,C03：全文｜不规整｜逐条评分｜不清洗,4,C04：全文｜不规整｜逐条评分｜清洗,24,是,是,0.39055036448156455,0.5214836630095793,0.13093329852801472,-0.05006694938019297,0.359423938983,0.13093453273363317,0.32388925884958814,0.46844768057764274,0.1445584217280546,-0.05894129306001518,0.433261171769288,0.24287856071964017,exploratory_only,探索性,0.9311090723295068,0.8886064214269676,差异未达FDR显著
各逐题条件相对C03,相对C03,HAMD-17,PDCH共同24人验证,GLM-5.2,思考,2,有罪感,3,C03：全文｜不规整｜逐条评分｜不清洗,7,C07：全文｜规整｜逐条评分｜不清洗,24,是,是,0.39055036448156455,0.3952997357276282,0.004749371246063672,-0.2402653907720405,0.22574979770936104,0.9695152423788106,0.32388925884958814,0.30292578972719114,-0.020963469122396994,-0.2826053396025181,0.232170849762854,0.881559220389805,exploratory_only,探索性,1.0,1.0,差异未达FDR显著
各逐题条件相对C03,相对C03,HAMD-17,PDCH共同24人验证,GLM-5.2,思考,2,有罪感,3,C03：全文｜不规整｜逐条评分｜不清洗,8,C08：全文｜规整｜逐条评分｜清洗,24,是,是,0.39055036448156455,0.2720974170599799,-0.11845294742158463,-0.41559480383063524,0.19440042298711258,0.5132433783108445,0.32388925884958814,0.13719594521987347,-0.18669331362971467,-0.46375959555036084,0.050463480347244925,0.26686656671664166,exploratory_only,探索性,0.9311090723295068,0.8886064214269676,差异未达FDR显著
各逐题条件相对C03,相对C03,HAMD-17,PDCH共同24人验证,GLM-5.2,思考,2,有罪感,3,C03：全文｜不规整｜逐条评分｜不清洗,11,C11：事件序列｜不规整｜逐条评分｜不清洗,24,是,是,0.39055036448156455,0.39225385178923994,0.0017034873076753887,-0.27577285026393217,0.2528469326239497,1.0,0.32388925884958814,0.3159115571442664,-0.00797770170532175,-0.36803653436421824,0.2873937557536452,0.8765617191404298,exploratory_only,探索性,1.0,1.0,差异未达FDR显著
各逐题条件相对C03,相对C03,HAMD-17,PDCH共同24人验证,GLM-5.2,思考,2,有罪感,3,C03：全文｜不规整｜逐条评分｜不清洗,12,C12：事件序列｜不规整｜逐条评分｜清洗,24,是,是,0.39055036448156455,0.44753324009165163,0.05698287561008708,-0.09917954907854422,0.24417161191335687,0.7416291854072964,0.32388925884958814,0.35335140740560594,0.02946214855601781,-0.10341092956858042,0.18030143929747966,0.7596201899050474,exploratory_only,探索性,0.9584835241953491,0.9953100372890478,差异未达FDR显著
各逐题条件相对C03,相对C03,HAMD-17,PDCH共同24人验证,GLM-5.2,思考,2,有罪感,3,C03：全文｜不规整｜逐条评分｜不清洗,15,C15：事件序列｜规整｜逐条评分｜不清洗,24,是,是,0.39055036448156455,0.4333199703838309,0.04276960590226636,-0.06160507350173547,0.17146719791850598,0.0004997501249375312,0.32388925884958814,0.3542076538423378,0.030318394992749687,-0.08501239600928152,0.1501387233245063,0.49225387306346824,exploratory_only,探索性,0.009911710811261036,0.8886064214269676,差异未达FDR显著
各逐题条件相对C03,相对C03,HAMD-17,PDCH共同24人验证,GLM-5.2,思考,2,有罪感,3,C03：全文｜不规整｜逐条评分｜不清洗,16,C16：事件序列｜规整｜逐条评分｜清洗,24,是,是,0.39055036448156455,0.46594705600838976,0.07539669152682521,-0.14589233341995475,0.2729336625766739,0.43928035982008995,0.32388925884958814,0.3898595889550781,0.06597033010548997,-0.09666045124806329,0.25444692045663053,0.3953023488255872,exploratory_only,探索性,0.9311090723295068,0.8886064214269676,差异未达FDR显著
各逐题条件相对C03,相对C03,HAMD-17,PDCH共同24人验证,GLM-5.2,思考,3,自杀,3,C03：全文｜不规整｜逐条评分｜不清洗,4,C04：全文｜不规整｜逐条评分｜清洗,24,是,是,0.5069808001703712,0.5189168492257316,0.011936049055360387,-0.17163251321037182,0.20227196672143202,0.7486256871564217,0.3228847421219828,0.33173768254349734,0.008852940421514521,-0.18004419147226247,0.1924977595824598,1.0,exploratory_only,探索性,0.9584835241953491,1.0,差异未达FDR显著
各逐题条件相对C03,相对C03,HAMD-17,PDCH共同24人验证,GLM-5.2,思考,3,自杀,3,C03：全文｜不规整｜逐条评分｜不清洗,7,C07：全文｜规整｜逐条评分｜不清洗,24,是,是,0.5069808001703712,0.5311377837833959,0.024156983613024763,-0.2812118802471759,0.3764540090001394,0.8750624687656172,0.3228847421219828,0.34173766391830995,0.018852921796327138,-0.34318395108920535,0.4098838976513289,1.0,exploratory_only,探索性,0.982381450784042,1.0,差异未达FDR显著
各逐题条件相对C03,相对C03,HAMD-17,PDCH共同24人验证,GLM-5.2,思考,3,自杀,3,C03：全文｜不规整｜逐条评分｜不清洗,8,C08：全文｜规整｜逐条评分｜清洗,24,是,是,0.5069808001703712,0.33584463502995965,-0.17113616514041152,-0.40232425785447495,0.01663374712810632,0.24287856071964017,0.3228847421219828,0.1325912222380447,-0.1902935198839381,-0.44088772459272724,0.018640395442742,0.12593703148425786,exploratory_only,探索性,0.9311090723295068,0.8886064214269676,差异未达FDR显著
各逐题条件相对C03,相对C03,HAMD-17,PDCH共同24人验证,GLM-5.2,思考,3,自杀,3,C03：全文｜不规整｜逐条评分｜不清洗,11,C11：事件序列｜不规整｜逐条评分｜不清洗,24,是,是,0.5069808001703712,0.4604881160529259,-0.04649268411744528,-0.19951551627589467,0.07251489949274238,0.49525237381309345,0.3228847421219828,0.25929696549418996,-0.06358777662779286,-0.22405778478257088,0.07501129284487609,0.37631184407796103,exploratory_only,探索性,0.9311090723295068,0.8886064214269676,差异未达FDR显著
各逐题条件相对C03,相对C03,HAMD-17,PDCH共同24人验证,GLM-5.2,思考,3,自杀,3,C03：全文｜不规整｜逐条评分｜不清洗,12,C12：事件序列｜不规整｜逐条评分｜清洗,24,是,是,0.5069808001703712,0.43903642435228896,-0.06794437581808221,-0.28082576972711887,0.07189923411447838,0.5107446276861569,0.3228847421219828,0.23447098735120775,-0.08841375477077507,-0.32641369311872626,0.0951547448171129,0.2383808095952024,exploratory_only,探索性,0.9311090723295068,0.8886064214269676,差异未达FDR显著
各逐题条件相对C03,相对C03,HAMD-17,PDCH共同24人验证,GLM-5.2,思考,3,自杀,3,C03：全文｜不规整｜逐条评分｜不清洗,15,C15：事件序列｜规整｜逐条评分｜不清洗,24,是,是,0.5069808001703712,0.4081710024266077,-0.09880979774376347,-0.3040961836152959,0.0,0.47926036981509246,0.3228847421219828,0.19664245741843345,-0.12624228470354937,-0.3207948463909295,0.0,0.0004997501249375312,exploratory_only,探索性,0.9311090723295068,0.005947026486756621,目标条件校正相关显著更弱
各逐题条件相对C03,相对C03,HAMD-17,PDCH共同24人验证,GLM-5.2,思考,3,自杀,3,C03：全文｜不规整｜逐条评分｜不清洗,16,C16：事件序列｜规整｜逐条评分｜清洗,24,是,是,0.5069808001703712,0.3806538561956005,-0.12632694397477068,-0.3714561342302122,0.16749616708971132,0.48125937031484256,0.3228847421219828,0.17835013579811407,-0.14453460632386875,-0.4350403194815417,0.12640616149358674,0.25537231384307846,exploratory_only,探索性,0.9311090723295068,0.8886064214269676,差异未达FDR显著
各逐题条件相对C03,相对C03,HAMD-17,PDCH共同24人验证,GLM-5.2,思考,4,入睡困难,3,C03：全文｜不规整｜逐条评分｜不清洗,4,C04：全文｜不规整｜逐条评分｜清洗,24,是,是,0.5364324134702487,0.5551455630672443,0.01871314959699555,-0.14157667257075068,0.21499505414085687,0.8045977011494253,0.5079721868147848,0.5239397234712254,0.015967536656440573,-0.14203890843253025,0.2449555532047969,0.808095952023988,exploratory_only,探索性,0.969960019990005,1.0,差异未达FDR显著
各逐题条件相对C03,相对C03,HAMD-17,PDCH共同24人验证,GLM-5.2,思考,4,入睡困难,3,C03：全文｜不规整｜逐条评分｜不清洗,7,C07：全文｜规整｜逐条评分｜不清洗,24,是,是,0.5364324134702487,0.554289019256687,0.01785660578643833,-0.08633320270412775,0.20042758796447635,0.7496251874062968,0.5079721868147848,0.5342448289630792,0.02627264214829439,-0.11366055244206852,0.1969049225596059,0.769615192403798,exploratory_only,探索性,0.9584835241953491,0.9954805206092605,差异未达FDR显著
各逐题条件相对C03,相对C03,HAMD-17,PDCH共同24人验证,GLM-5.2,思考,4,入睡困难,3,C03：全文｜不规整｜逐条评分｜不清洗,8,C08：全文｜规整｜逐条评分｜清洗,24,是,是,0.5364324134702487,0.5647163833638759,0.028283969893627137,-0.13937527062270266,0.20284435295991013,0.7571214392803598,0.5079721868147848,0.5398289139309959,0.031856727116211014,-0.1400992128465519,0.22854546203799275,0.6906546726636682,exploratory_only,探索性,0.9584835241953491,0.9953100372890478,差异未达FDR显著
各逐题条件相对C03,相对C03,HAMD-17,PDCH共同24人验证,GLM-5.2,思考,4,入睡困难,3,C03：全文｜不规整｜逐条评分｜不清洗,11,C11：事件序列｜不规整｜逐条评分｜不清洗,24,是,是,0.5364324134702487,0.5820541670636439,0.04562175359339515,-0.06951845347311547,0.21817412044141746,0.3933033483258371,0.5079721868147848,0.552210311039505,0.04423812422472018,-0.07609279474063284,0.22856813448291213,0.3728135932033983,exploratory_only,探索性,0.9311090723295068,0.8886064214269676,差异未达FDR显著
各逐题条件相对C03,相对C03,HAMD-17,PDCH共同24人验证,GLM-5.2,思考,4,入睡困难,3,C03：全文｜不规整｜逐条评分｜不清洗,12,C12：事件序列｜不规整｜逐条评分｜清洗,24,是,是,0.5364324134702487,0.605485366423736,0.06905295295348723,-0.02912286319373729,0.20074208592500148,0.39080459770114945,0.5079721868147848,0.5770098946079244,0.06903770779313956,-0.03238238735673603,0.21989510191826708,0.36731634182908546,exploratory_only,探索性,0.9311090723295068,0.8886064214269676,差异未达FDR显著
各逐题条件相对C03,相对C03,HAMD-17,PDCH共同24人验证,GLM-5.2,思考,4,入睡困难,3,C03：全文｜不规整｜逐条评分｜不清洗,15,C15：事件序列｜规整｜逐条评分｜不清洗,24,是,是,0.5364324134702487,0.5820541670636439,0.04562175359339515,-0.09089570350467872,0.22546678407228582,0.36481759120439783,0.5079721868147848,0.552210311039505,0.04423812422472018,-0.07820459560918276,0.20812563757196434,0.3773113443278361,exploratory_only,探索性,0.9311090723295068,0.8886064214269676,差异未达FDR显著
各逐题条件相对C03,相对C03,HAMD-17,PDCH共同24人验证,GLM-5.2,思考,4,入睡困难,3,C03：全文｜不规整｜逐条评分｜不清洗,16,C16：事件序列｜规整｜逐条评分｜清洗,24,是,是,0.5364324134702487,0.5820541670636439,0.04562175359339515,-0.08687472689367087,0.23913543874464627,0.3803098450774613,0.5079721868147848,0.552210311039505,0.04423812422472018,-0.08298297129065772,0.2219839102662485,0.36281859070464767,exploratory_only,探索性,0.9311090723295068,0.8886064214269676,差异未达FDR显著
各逐题条件相对C03,相对C03,HAMD-17,PDCH共同24人验证,GLM-5.2,思考,5,睡眠不深,3,C03：全文｜不规整｜逐条评分｜不清洗,4,C04：全文｜不规整｜逐条评分｜清洗,24,是,是,0.37305670175335487,0.1524747877884923,-0.22058191396486257,-0.4958227383581162,0.006163123933837038,0.11894052973513243,0.22785247195013666,-0.012759696406487648,-0.2406121683566243,-0.5292245392579009,0.011779471683192459,0.12893553223388307,exploratory_only,探索性,0.9311090723295068,0.8886064214269676,差异未达FDR显著
各逐题条件相对C03,相对C03,HAMD-17,PDCH共同24人验证,GLM-5.2,思考,5,睡眠不深,3,C03：全文｜不规整｜逐条评分｜不清洗,7,C07：全文｜规整｜逐条评分｜不清洗,24,是,是,0.37305670175335487,0.16523088546917727,-0.2078258162841776,-0.46395728263546326,-0.02111525887615138,0.13193403298350825,0.22785247195013666,-0.0023393477612950373,-0.2301918197114317,-0.4826342295945974,-0.026727759451766326,0.0004997501249375312,exploratory_only,探索性,0.9311090723295068,0.005947026486756621,目标条件校正相关显著更弱
各逐题条件相对C03,相对C03,HAMD-17,PDCH共同24人验证,GLM-5.2,思考,5,睡眠不深,3,C03：全文｜不规整｜逐条评分｜不清洗,8,C08：全文｜规整｜逐条评分｜清洗,24,是,是,0.37305670175335487,0.30424039051750323,-0.06881631123585163,-0.3904924258667675,0.1943160420406359,0.6351824087956022,0.22785247195013666,0.14862683406816168,-0.07922563788197498,-0.38498877096030587,0.24115248815457005,0.5897051474262869,exploratory_only,探索性,0.9537543728135931,0.9576237522264509,差异未达FDR显著
各逐题条件相对C03,相对C03,HAMD-17,PDCH共同24人验证,GLM-5.2,思考,5,睡眠不深,3,C03：全文｜不规整｜逐条评分｜不清洗,11,C11：事件序列｜不规整｜逐条评分｜不清洗,24,是,是,0.37305670175335487,0.26937724952954467,-0.1036794522238102,-0.3557039303120139,0.10711968067986649,0.4672663668165917,0.22785247195013666,0.10894021395923903,-0.11891225799089764,-0.38476941656808145,0.12335614876022072,0.39580209895052476,exploratory_only,探索性,0.9311090723295068,0.8886064214269676,差异未达FDR显著
各逐题条件相对C03,相对C03,HAMD-17,PDCH共同24人验证,GLM-5.2,思考,5,睡眠不深,3,C03：全文｜不规整｜逐条评分｜不清洗,12,C12：事件序列｜不规整｜逐条评分｜清洗,24,是,是,0.37305670175335487,0.3246091596528952,-0.04844754210045965,-0.3144617226088039,0.23362137807867914,0.7231384307846077,0.22785247195013666,0.16580635071778124,-0.06204612123235542,-0.3627615685258211,0.2858129553621755,0.6786606696651675,exploratory_only,探索性,0.9584835241953491,0.9953100372890478,差异未达FDR显著
各逐题条件相对C03,相对C03,HAMD-17,PDCH共同24人验证,GLM-5.2,思考,5,睡眠不深,3,C03：全文｜不规整｜逐条评分｜不清洗,15,C15：事件序列｜规整｜逐条评分｜不清洗,24,是,是,0.37305670175335487,0.3684389576920042,-0.0046177440613506815,-0.13254316042015632,0.12928040407194025,0.7511244377811095,0.22785247195013666,0.22208673895801279,-0.005765732992123879,-0.13775183911380848,0.1376052295597267,0.7611194402798601,exploratory_only,探索性,0.9584835241953491,0.9953100372890478,差异未达FDR显著
各逐题条件相对C03,相对C03,HAMD-17,PDCH共同24人验证,GLM-5.2,思考,5,睡眠不深,3,C03：全文｜不规整｜逐条评分｜不清洗,16,C16：事件序列｜规整｜逐条评分｜清洗,24,是,是,0.37305670175335487,0.34919064897671453,-0.023866052776640334,-0.2658695692543977,0.21440948088158565,1.0,0.22785247195013666,0.22609652789469425,-0.00175594405544241,-0.25510819140968083,0.24464638753722107,0.8725637181409296,exploratory_only,探索性,1.0,1.0,差异未达FDR显著
各逐题条件相对C03,相对C03,HAMD-17,PDCH共同24人验证,GLM-5.2,思考,6,早醒,3,C03：全文｜不规整｜逐条评分｜不清洗,4,C04：全文｜不规整｜逐条评分｜清洗,24,是,是,0.35423911291773047,0.47077111391430243,0.11653200099657196,-0.1073784329359754,0.3854045314557649,0.4362818590704648,0.3376030349626661,0.4734011387466166,0.13579810378395052,-0.1159862860993866,0.49373876569870057,0.43928035982008995,exploratory_only,探索性,0.9311090723295068,0.8886064214269676,差异未达FDR显著
各逐题条件相对C03,相对C03,HAMD-17,PDCH共同24人验证,GLM-5.2,思考,6,早醒,3,C03：全文｜不规整｜逐条评分｜不清洗,7,C07：全文｜规整｜逐条评分｜不清洗,24,是,是,0.35423911291773047,0.45226847193966546,0.09802935902193499,-0.05731171877206012,0.30304455740752306,0.49025487256371814,0.3376030349626661,0.397834597139763,0.06023156217709691,-0.1549845911171232,0.3141647006589677,0.5032483758120939,exploratory_only,探索性,0.9311090723295068,0.8886064214269676,差异未达FDR显著
各逐题条件相对C03,相对C03,HAMD-17,PDCH共同24人验证,GLM-5.2,思考,6,早醒,3,C03：全文｜不规整｜逐条评分｜不清洗,8,C08：全文｜规整｜逐条评分｜清洗,24,是,是,0.35423911291773047,0.14117909584096897,-0.2130600170767615,-0.4416432166794155,-0.02266432006207624,0.11494252873563218,0.3376030349626661,0.13112707492790693,-0.20647596003475915,-0.44009881834411524,-0.0177557554620955,0.13143428285857073,exploratory_only,探索性,0.9311090723295068,0.8886064214269676,差异未达FDR显著
各逐题条件相对C03,相对C03,HAMD-17,PDCH共同24人验证,GLM-5.2,思考,6,早醒,3,C03：全文｜不规整｜逐条评分｜不清洗,11,C11：事件序列｜不规整｜逐条评分｜不清洗,24,是,是,0.35423911291773047,0.5102900256426492,0.15605091272491878,-0.02365579961493029,0.4107925753470218,0.26036981509245377,0.3376030349626661,0.5042098059187724,0.16660677095610632,-0.024150381792193455,0.45773369316919466,0.2448775612193903,exploratory_only,探索性,0.9311090723295068,0.8886064214269676,差异未达FDR显著
各逐题条件相对C03,相对C03,HAMD-17,PDCH共同24人验证,GLM-5.2,思考,6,早醒,3,C03：全文｜不规整｜逐条评分｜不清洗,12,C12：事件序列｜不规整｜逐条评分｜清洗,24,是,是,0.35423911291773047,0.28235819168193793,-0.07188092123579254,-0.3606840324136103,0.19545559289032965,0.6296851574212894,0.3376030349626661,0.2746246286225975,-0.06297840634006857,-0.3581679682058813,0.21088533762531722,0.6226886556721639,exploratory_only,探索性,0.9537543728135931,0.9576237522264509,差异未达FDR显著
各逐题条件相对C03,相对C03,HAMD-17,PDCH共同24人验证,GLM-5.2,思考,6,早醒,3,C03：全文｜不规整｜逐条评分｜不清洗,15,C15：事件序列｜规整｜逐条评分｜不清洗,24,是,是,0.35423911291773047,0.41049565905441066,0.056256546136680186,-0.2142879080974599,0.32708891762172343,0.6341829085457271,0.3376030349626661,0.3430354032017229,0.005432368239056795,-0.3201729868621767,0.29917147401852506,1.0,exploratory_only,探索性,0.9537543728135931,1.0,差异未达FDR显著
各逐题条件相对C03,相对C03,HAMD-17,PDCH共同24人验证,GLM-5.2,思考,6,早醒,3,C03：全文｜不规整｜逐条评分｜不清洗,16,C16：事件序列｜规整｜逐条评分｜清洗,24,是,是,0.35423911291773047,0.3233264682143353,-0.030912644703395165,-0.20731494917124893,0.1283220964990973,1.0,0.3376030349626661,0.265705838957471,-0.07189719600519506,-0.3002920871433415,0.10086461202869754,1.0,exploratory_only,探索性,1.0,1.0,差异未达FDR显著
各逐题条件相对C03,相对C03,HAMD-17,PDCH共同24人验证,GLM-5.2,思考,7,工作和活动,3,C03：全文｜不规整｜逐条评分｜不清洗,4,C04：全文｜不规整｜逐条评分｜清洗,24,是,是,0.8059232742920672,0.7796032299770189,-0.026320044315048308,-0.14294721260458584,0.13234724843536647,0.6946526736631684,0.6971662381118635,0.6867825673117365,-0.010383670800127032,-0.15843131210974587,0.19342097162988853,0.9315342328835582,exploratory_only,探索性,0.9584835241953491,1.0,差异未达FDR显著
各逐题条件相对C03,相对C03,HAMD-17,PDCH共同24人验证,GLM-5.2,思考,7,工作和活动,3,C03：全文｜不规整｜逐条评分｜不清洗,7,C07：全文｜规整｜逐条评分｜不清洗,24,是,是,0.8059232742920672,0.8042632915940512,-0.0016599826980160381,-0.20954716527542286,0.1527355755443508,0.9850074962518741,0.6971662381118635,0.6614459057219146,-0.03572033238994887,-0.2588610174391439,0.2073888121308221,0.7486256871564217,exploratory_only,探索性,1.0,0.9953100372890478,差异未达FDR显著
各逐题条件相对C03,相对C03,HAMD-17,PDCH共同24人验证,GLM-5.2,思考,7,工作和活动,3,C03：全文｜不规整｜逐条评分｜不清洗,8,C08：全文｜规整｜逐条评分｜清洗,24,是,是,0.8059232742920672,0.7609941259403393,-0.0449291483517279,-0.18387967468839286,0.05497899608818058,0.487256371814093,0.6971662381118635,0.5746190523108079,-0.12254718580105561,-0.2865339544959202,0.010507511384534188,0.15342328835582209,exploratory_only,探索性,0.9311090723295068,0.8886064214269676,差异未达FDR显著
各逐题条件相对C03,相对C03,HAMD-17,PDCH共同24人验证,GLM-5.2,思考,7,工作和活动,3,C03：全文｜不规整｜逐条评分｜不清洗,11,C11：事件序列｜不规整｜逐条评分｜不清洗,24,是,是,0.8059232742920672,0.771323346888482,-0.034599927403585196,-0.15087436128794374,0.07335936669954533,0.48875562218890556,0.6971662381118635,0.6722975547552009,-0.02486868335666259,-0.16472118068576955,0.13218328512552366,0.6756621689155422,exploratory_only,探索性,0.9311090723295068,0.9953100372890478,差异未达FDR显著
各逐题条件相对C03,相对C03,HAMD-17,PDCH共同24人验证,GLM-5.2,思考,7,工作和活动,3,C03：全文｜不规整｜逐条评分｜不清洗,12,C12：事件序列｜不规整｜逐条评分｜清洗,24,是,是,0.8059232742920672,0.7589791234302173,-0.04694415086184989,-0.1938655886248878,0.05405582384728866,0.27636181909045476,0.6971662381118635,0.627002609187538,-0.07016362892432548,-0.21902865837353785,0.08635151100951509,0.3103448275862069,exploratory_only,探索性,0.9311090723295068,0.8886064214269676,差异未达FDR显著
各逐题条件相对C03,相对C03,HAMD-17,PDCH共同24人验证,GLM-5.2,思考,7,工作和活动,3,C03：全文｜不规整｜逐条评分｜不清洗,15,C15：事件序列｜规整｜逐条评分｜不清洗,24,是,是,0.8059232742920672,0.6459910617474238,-0.1599322125446434,-0.36749423512513474,-0.007716854871671154,0.09895052473763119,0.6971662381118635,0.526037398623644,-0.17112883948821955,-0.3815165754855272,-0.0016005055715763365,0.09195402298850575,exploratory_only,探索性,0.9311090723295068,0.8691807942182754,差异未达FDR显著
各逐题条件相对C03,相对C03,HAMD-17,PDCH共同24人验证,GLM-5.2,思考,7,工作和活动,3,C03：全文｜不规整｜逐条评分｜不清洗,16,C16：事件序列｜规整｜逐条评分｜清洗,24,是,是,0.8059232742920672,0.6980943802229042,-0.10782889406916307,-0.3110553679397661,0.05227856162188984,0.19940029985007496,0.6971662381118635,0.643449027563577,-0.05371721054828649,-0.2696882164320849,0.16897844729580344,0.5057471264367817,exploratory_only,探索性,0.9311090723295068,0.8886064214269676,差异未达FDR显著
各逐题条件相对C03,相对C03,HAMD-17,PDCH共同24人验证,GLM-5.2,思考,8,迟滞,3,C03：全文｜不规整｜逐条评分｜不清洗,4,C04：全文｜不规整｜逐条评分｜清洗,24,是,是,0.6663004232354037,0.6780138014880412,0.011713378252637519,-0.1295227768055151,0.19946607477320924,0.8705647176411794,0.6289521462046961,0.6511131098913039,0.022160963686607804,-0.12864286204151143,0.18526014477948996,0.8875562218890555,exploratory_only,探索性,0.982381450784042,1.0,差异未达FDR显著
各逐题条件相对C03,相对C03,HAMD-17,PDCH共同24人验证,GLM-5.2,思考,8,迟滞,3,C03：全文｜不规整｜逐条评分｜不清洗,7,C07：全文｜规整｜逐条评分｜不清洗,24,是,是,0.6663004232354037,0.6444936917605658,-0.021806731474837915,-0.23542438740264598,0.16419847084681555,0.8120939530234883,0.6289521462046961,0.6284618736286974,-0.0004902725759986515,-0.22011139504366595,0.22786132090109903,1.0,exploratory_only,探索性,0.969960019990005,1.0,差异未达FDR显著
各逐题条件相对C03,相对C03,HAMD-17,PDCH共同24人验证,GLM-5.2,思考,8,迟滞,3,C03：全文｜不规整｜逐条评分｜不清洗,8,C08：全文｜规整｜逐条评分｜清洗,24,是,是,0.6663004232354037,0.6100961518380791,-0.056204271397324645,-0.28138780727028767,0.13128220292714923,0.6006996501749126,0.6289521462046961,0.5925676025875559,-0.036384543617140164,-0.2466622936432154,0.18308207620021108,0.8010994502748626,exploratory_only,探索性,0.9537543728135931,1.0,差异未达FDR显著
各逐题条件相对C03,相对C03,HAMD-17,PDCH共同24人验证,GLM-5.2,思考,8,迟滞,3,C03：全文｜不规整｜逐条评分｜不清洗,11,C11：事件序列｜不规整｜逐条评分｜不清洗,24,是,是,0.6663004232354037,0.6080936239278496,-0.058206799307554125,-0.34707794507237855,0.15593622553871123,0.6266866566716641,0.6289521462046961,0.5425364861890709,-0.08641566001562517,-0.36166176481895995,0.1581392823717329,0.4767616191904048,exploratory_only,探索性,0.9537543728135931,0.8886064214269676,差异未达FDR显著
各逐题条件相对C03,相对C03,HAMD-17,PDCH共同24人验证,GLM-5.2,思考,8,迟滞,3,C03：全文｜不规整｜逐条评分｜不清洗,12,C12：事件序列｜不规整｜逐条评分｜清洗,24,是,是,0.6663004232354037,0.6382453824294586,-0.02805504080594512,-0.21774338359216516,0.15201828400561482,0.783608195902049,0.6289521462046961,0.592272657358508,-0.0366794888461881,-0.28721053967670157,0.17454107466255994,0.8015992003998001,exploratory_only,探索性,0.969960019990005,1.0,差异未达FDR显著
各逐题条件相对C03,相对C03,HAMD-17,PDCH共同24人验证,GLM-5.2,思考,8,迟滞,3,C03：全文｜不规整｜逐条评分｜不清洗,15,C15：事件序列｜规整｜逐条评分｜不清洗,24,是,是,0.6663004232354037,0.5805784970003324,-0.08572192623507136,-0.35642653549354686,0.18412018796390653,0.47276361819090457,0.6289521462046961,0.5160007983544744,-0.11295134785022165,-0.40220473734198703,0.12462123783209353,0.37831084457771114,exploratory_only,探索性,0.9311090723295068,0.8886064214269676,差异未达FDR显著
各逐题条件相对C03,相对C03,HAMD-17,PDCH共同24人验证,GLM-5.2,思考,8,迟滞,3,C03：全文｜不规整｜逐条评分｜不清洗,16,C16：事件序列｜规整｜逐条评分｜清洗,24,是,是,0.6663004232354037,0.47578420653293074,-0.19051621670247298,-0.5097140871533289,0.07700198547465123,0.16541729135432284,0.6289521462046961,0.46394646273520906,-0.16500568346948702,-0.49349338073646165,0.09172967638844085,0.1969015492253873,exploratory_only,探索性,0.9311090723295068,0.8886064214269676,差异未达FDR显著
各逐题条件相对C03,相对C03,HAMD-17,PDCH共同24人验证,GLM-5.2,思考,9,激越,3,C03：全文｜不规整｜逐条评分｜不清洗,4,C04：全文｜不规整｜逐条评分｜清洗,24,是,是,0.5200326168732463,0.4760995699318194,-0.04393304694142691,-0.35109975767756596,0.24932135043288361,0.8335832083958021,0.495535633714497,0.485430069138447,-0.010105564576049997,-0.2889077050006022,0.33232102550123926,0.9150424787606197,exploratory_only,探索性,0.9821425920703015,1.0,差异未达FDR显著
各逐题条件相对C03,相对C03,HAMD-17,PDCH共同24人验证,GLM-5.2,思考,9,激越,3,C03：全文｜不规整｜逐条评分｜不清洗,7,C07：全文｜规整｜逐条评分｜不清洗,24,是,是,0.5200326168732463,0.4236198755301988,-0.0964127413430475,-0.5062553991537305,0.29351441430264014,0.6411794102948526,0.495535633714497,0.3582936224593299,-0.1372420112551671,-0.5391274457851991,0.23053843136639002,0.5312343828085957,exploratory_only,探索性,0.9537543728135931,0.9030984507746127,差异未达FDR显著
各逐题条件相对C03,相对C03,HAMD-17,PDCH共同24人验证,GLM-5.2,思考,9,激越,3,C03：全文｜不规整｜逐条评分｜不清洗,8,C08：全文｜规整｜逐条评分｜清洗,24,是,是,0.5200326168732463,0.3350533757387908,-0.18497924113445552,-0.4975511640471704,0.1529138671286456,0.29035482258870565,0.495535633714497,0.344190167235787,-0.15134546647871,-0.45638977204547443,0.16777875940895098,0.4147926036981509,exploratory_only,探索性,0.9311090723295068,0.8886064214269676,差异未达FDR显著
各逐题条件相对C03,相对C03,HAMD-17,PDCH共同24人验证,GLM-5.2,思考,9,激越,3,C03：全文｜不规整｜逐条评分｜不清洗,11,C11：事件序列｜不规整｜逐条评分｜不清洗,24,是,是,0.5200326168732463,0.30584662706189625,-0.21418598981135006,-0.5858321121482776,0.13423329908007509,0.3498250874562719,0.495535633714497,0.3474281786025594,-0.14810745511193757,-0.4913775254532359,0.1723599785528262,0.5002498750624688,exploratory_only,探索性,0.9311090723295068,0.8886064214269676,差异未达FDR显著
各逐题条件相对C03,相对C03,HAMD-17,PDCH共同24人验证,GLM-5.2,思考,9,激越,3,C03：全文｜不规整｜逐条评分｜不清洗,12,C12：事件序列｜不规整｜逐条评分｜清洗,24,是,是,0.5200326168732463,0.5150667218091209,-0.00496589506412537,-0.25113009623915766,0.2963990066964856,1.0,0.495535633714497,0.5234063800600441,0.027870746345547148,-0.24287758744422178,0.34446960998036447,0.8640679660169915,exploratory_only,探索性,1.0,1.0,差异未达FDR显著
各逐题条件相对C03,相对C03,HAMD-17,PDCH共同24人验证,GLM-5.2,思考,9,激越,3,C03：全文｜不规整｜逐条评分｜不清洗,15,C15：事件序列｜规整｜逐条评分｜不清洗,24,是,是,0.5200326168732463,0.4898152057380301,-0.0302174111352162,-0.3838759029988225,0.3306991410127013,0.8530734632683659,0.495535633714497,0.5056475204990565,0.010111886784559487,-0.3434642405149431,0.3060620262242249,0.9690154922538731,exploratory_only,探索性,0.982381450784042,1.0,差异未达FDR显著
各逐题条件相对C03,相对C03,HAMD-17,PDCH共同24人验证,GLM-5.2,思考,9,激越,3,C03：全文｜不规整｜逐条评分｜不清洗,16,C16：事件序列｜规整｜逐条评分｜清洗,24,是,是,0.5200326168732463,0.4133112517543443,-0.10672136511890201,-0.5312248864797943,0.2261614161725891,0.6766616691654173,0.495535633714497,0.38998327441244574,-0.10555235930205126,-0.5184768761764502,0.20786898792573463,0.6981509245377311,exploratory_only,探索性,0.9584835241953491,0.9953100372890478,差异未达FDR显著
各逐题条件相对C03,相对C03,HAMD-17,PDCH共同24人验证,GLM-5.2,思考,10,精神性焦虑,3,C03：全文｜不规整｜逐条评分｜不清洗,4,C04：全文｜不规整｜逐条评分｜清洗,24,是,是,0.756083604984676,0.7735255530153274,0.017441948030651466,-0.08935266895883466,0.15032041931906545,0.6911544227886057,0.7269989271432786,0.7398167248727519,0.012817797729473224,-0.10538284316478123,0.1363056545802099,0.8730634682658671,exploratory_only,探索性,0.9584835241953491,1.0,差异未达FDR显著
各逐题条件相对C03,相对C03,HAMD-17,PDCH共同24人验证,GLM-5.2,思考,10,精神性焦虑,3,C03：全文｜不规整｜逐条评分｜不清洗,7,C07：全文｜规整｜逐条评分｜不清洗,24,是,是,0.756083604984676,0.6756323400650519,-0.08045126491962407,-0.34826932174702546,0.18582782970743927,0.6101949025487257,0.7269989271432786,0.6468915507258073,-0.08010737641747134,-0.35618708082623163,0.16707399191080052,0.6806596701649176,exploratory_only,探索性,0.9537543728135931,0.9953100372890478,差异未达FDR显著
各逐题条件相对C03,相对C03,HAMD-17,PDCH共同24人验证,GLM-5.2,思考,10,精神性焦虑,3,C03：全文｜不规整｜逐条评分｜不清洗,8,C08：全文｜规整｜逐条评分｜清洗,24,是,是,0.756083604984676,0.7897420968299084,0.0336584918452324,-0.16832097876053093,0.26247155738265543,0.8150924537731135,0.7269989271432786,0.7561407353189659,0.029141808175687234,-0.20743396983174853,0.28998725738233166,0.8995502248875562,exploratory_only,探索性,0.969960019990005,1.0,差异未达FDR显著
各逐题条件相对C03,相对C03,HAMD-17,PDCH共同24人验证,GLM-5.2,思考,10,精神性焦虑,3,C03：全文｜不规整｜逐条评分｜不清洗,11,C11：事件序列｜不规整｜逐条评分｜不清洗,24,是,是,0.756083604984676,0.6895334588246556,-0.06655014616002042,-0.31740050684841314,0.22225780079959276,0.6636681659170415,0.7269989271432786,0.664421804300566,-0.06257712284271266,-0.34009379403880946,0.21753710834499132,0.6176911544227887,exploratory_only,探索性,0.9584835241953491,0.9576237522264509,差异未达FDR显著
各逐题条件相对C03,相对C03,HAMD-17,PDCH共同24人验证,GLM-5.2,思考,10,精神性焦虑,3,C03：全文｜不规整｜逐条评分｜不清洗,12,C12：事件序列｜不规整｜逐条评分｜清洗,24,是,是,0.756083604984676,0.6894276915694106,-0.06665591341526533,-0.20879217410102005,0.01782148591121031,0.25787106446776614,0.7269989271432786,0.661770874241697,-0.06522805290158162,-0.2223594847527332,0.030539111765954228,0.22788605697151423,exploratory_only,探索性,0.9311090723295068,0.8886064214269676,差异未达FDR显著
各逐题条件相对C03,相对C03,HAMD-17,PDCH共同24人验证,GLM-5.2,思考,10,精神性焦虑,3,C03：全文｜不规整｜逐条评分｜不清洗,15,C15：事件序列｜规整｜逐条评分｜不清洗,24,是,是,0.756083604984676,0.6934108443480578,-0.0626727606366182,-0.23205749433169265,0.0830597266800818,0.5242378810594702,0.7269989271432786,0.6527200183611719,-0.07427890878210675,-0.267645617597344,0.10425520892286053,0.48125937031484256,exploratory_only,探索性,0.9311090723295068,0.8886064214269676,差异未达FDR显著
各逐题条件相对C03,相对C03,HAMD-17,PDCH共同24人验证,GLM-5.2,思考,10,精神性焦虑,3,C03：全文｜不规整｜逐条评分｜不清洗,16,C16：事件序列｜规整｜逐条评分｜清洗,24,是,是,0.756083604984676,0.6914338012921032,-0.06464980369257278,-0.22133451883248245,0.0401998282864041,0.4307846076961519,0.7269989271432786,0.6463636163990378,-0.0806353107442408,-0.25318190215863556,0.05312084496958498,0.44127936031984005,exploratory_only,探索性,0.9311090723295068,0.8886064214269676,差异未达FDR显著
各逐题条件相对C03,相对C03,HAMD-17,PDCH共同24人验证,GLM-5.2,思考,11,躯体性焦虑,3,C03：全文｜不规整｜逐条评分｜不清洗,4,C04：全文｜不规整｜逐条评分｜清洗,24,是,是,0.6388727113019029,0.6034930724989044,-0.03537963880299855,-0.1551463071861185,0.026821235769189208,0.504247876061969,0.5229789827198219,0.4661893771106612,-0.05678960560916069,-0.1785167680089973,0.004062155903822327,0.5087456271864068,exploratory_only,探索性,0.9311090723295068,0.8886064214269676,差异未达FDR显著
各逐题条件相对C03,相对C03,HAMD-17,PDCH共同24人验证,GLM-5.2,思考,11,躯体性焦虑,3,C03：全文｜不规整｜逐条评分｜不清洗,7,C07：全文｜规整｜逐条评分｜不清洗,24,是,是,0.6388727113019029,0.5576663183893251,-0.08120639291257781,-0.33511198197851655,0.133865485364276,0.5142428785607196,0.5229789827198219,0.4191950111520022,-0.10378397156781971,-0.32310427167677597,0.10056375005521312,0.39980009995002497,exploratory_only,探索性,0.9311090723295068,0.8886064214269676,差异未达FDR显著
各逐题条件相对C03,相对C03,HAMD-17,PDCH共同24人验证,GLM-5.2,思考,11,躯体性焦虑,3,C03：全文｜不规整｜逐条评分｜不清洗,8,C08：全文｜规整｜逐条评分｜清洗,24,是,是,0.6388727113019029,0.6121166533444734,-0.026756057957429524,-0.2294788373161375,0.13228265352751684,0.8735632183908046,0.5229789827198219,0.48920744430388025,-0.03377153841594166,-0.2615556529421561,0.17247281851390217,0.9415292353823088,exploratory_only,探索性,0.982381450784042,1.0,差异未达FDR显著
各逐题条件相对C03,相对C03,HAMD-17,PDCH共同24人验证,GLM-5.2,思考,11,躯体性焦虑,3,C03：全文｜不规整｜逐条评分｜不清洗,11,C11：事件序列｜不规整｜逐条评分｜不清洗,24,是,是,0.6388727113019029,0.5893697317509037,-0.04950297955099925,-0.24881742905941395,0.11390772349755941,0.6316841579210395,0.5229789827198219,0.4685519819735091,-0.05442700074631279,-0.2602832130074792,0.10730388449164381,0.5082458770614693,exploratory_only,探索性,0.9537543728135931,0.8886064214269676,差异未达FDR显著
各逐题条件相对C03,相对C03,HAMD-17,PDCH共同24人验证,GLM-5.2,思考,11,躯体性焦虑,3,C03：全文｜不规整｜逐条评分｜不清洗,12,C12：事件序列｜不规整｜逐条评分｜清洗,24,是,是,0.6388727113019029,0.517514794526214,-0.12135791677568897,-0.34363442747868633,0.018435584250605437,0.36881559220389803,0.5229789827198219,0.4476700092081676,-0.07530897351165433,-0.3128400618831277,0.11302674794799249,0.5062468765617192,exploratory_only,探索性,0.9311090723295068,0.8886064214269676,差异未达FDR显著
各逐题条件相对C03,相对C03,HAMD-17,PDCH共同24人验证,GLM-5.2,思考,11,躯体性焦虑,3,C03：全文｜不规整｜逐条评分｜不清洗,15,C15：事件序列｜规整｜逐条评分｜不清洗,24,是,是,0.6388727113019029,0.49333012686597416,-0.14554258443592877,-0.3375765758288615,-0.006854634475259157,0.127936031984008,0.5229789827198219,0.39594637263398036,-0.12703261008584155,-0.30875980365572714,0.0008814693640179401,0.1294352823588206,exploratory_only,探索性,0.9311090723295068,0.8886064214269676,差异未达FDR显著
各逐题条件相对C03,相对C03,HAMD-17,PDCH共同24人验证,GLM-5.2,思考,11,躯体性焦虑,3,C03：全文｜不规整｜逐条评分｜不清洗,16,C16：事件序列｜规整｜逐条评分｜清洗,24,是,是,0.6388727113019029,0.49770035211593533,-0.1411723591859676,-0.35970832442020145,-0.0002404761337564033,0.12593703148425786,0.5229789827198219,0.38490581203255486,-0.13807317068726704,-0.36371003613444447,-0.005788681261730258,0.05647176411794103,exploratory_only,探索性,0.9311090723295068,0.6109218118213621,差异未达FDR显著
各逐题条件相对C03,相对C03,HAMD-17,PDCH共同24人验证,GLM-5.2,思考,12,胃肠道症状,3,C03：全文｜不规整｜逐条评分｜不清洗,4,C04：全文｜不规整｜逐条评分｜清洗,24,是,是,0.3444417248250239,0.4863502342482801,0.14190850942325622,-0.015188624090481693,0.3612440547501845,0.25837081459270367,0.18369948752139928,0.32720456831389644,0.14350508079249716,-0.012553354841894297,0.3820262404965039,0.24237881059470265,exploratory_only,探索性,0.9311090723295068,0.8886064214269676,差异未达FDR显著
各逐题条件相对C03,相对C03,HAMD-17,PDCH共同24人验证,GLM-5.2,思考,12,胃肠道症状,3,C03：全文｜不规整｜逐条评分｜不清洗,7,C07：全文｜规整｜逐条评分｜不清洗,24,是,是,0.3444417248250239,0.4887010740602944,0.1442593492352705,-0.09020400224663933,0.4023561019046892,0.33883058470764615,0.18369948752139928,0.3832592634911193,0.19955977596972,-0.021750486690126136,0.45816398730825214,0.09495252373813093,exploratory_only,探索性,0.9311090723295068,0.8691807942182754,差异未达FDR显著
各逐题条件相对C03,相对C03,HAMD-17,PDCH共同24人验证,GLM-5.2,思考,12,胃肠道症状,3,C03：全文｜不规整｜逐条评分｜不清洗,8,C08：全文｜规整｜逐条评分｜清洗,24,是,是,0.3444417248250239,0.4250116153791958,0.08056989055417191,-0.03430043293086076,0.2658274329306953,0.0004997501249375312,0.18369948752139928,0.2578723037723615,0.0741728162509622,-0.023727425568891375,0.29516034620346665,0.0004997501249375312,exploratory_only,探索性,0.009911710811261036,0.005947026486756621,目标条件校正相关显著更强
各逐题条件相对C03,相对C03,HAMD-17,PDCH共同24人验证,GLM-5.2,思考,12,胃肠道症状,3,C03：全文｜不规整｜逐条评分｜不清洗,11,C11：事件序列｜不规整｜逐条评分｜不清洗,24,是,是,0.3444417248250239,0.4452362506159256,0.1007945257909017,-0.11111634619462259,0.34004482410797815,0.48225887056471767,0.18369948752139928,0.27916536292622096,0.09546587540482168,-0.11302312092599429,0.3603188809026696,0.3818090954522739,exploratory_only,探索性,0.9311090723295068,0.8886064214269676,差异未达FDR显著
各逐题条件相对C03,相对C03,HAMD-17,PDCH共同24人验证,GLM-5.2,思考,12,胃肠道症状,3,C03：全文｜不规整｜逐条评分｜不清洗,12,C12：事件序列｜不规整｜逐条评分｜清洗,24,是,是,0.3444417248250239,0.44904510437491973,0.10460337954989585,-0.019653530192117897,0.323087653852116,0.49825087456271866,0.18369948752139928,0.3066998285051994,0.12300034098380011,-0.01846299316517592,0.321181783902955,0.24437781109445278,exploratory_only,探索性,0.9311090723295068,0.8886064214269676,差异未达FDR显著
各逐题条件相对C03,相对C03,HAMD-17,PDCH共同24人验证,GLM-5.2,思考,12,胃肠道症状,3,C03：全文｜不规整｜逐条评分｜不清洗,15,C15：事件序列｜规整｜逐条评分｜不清洗,24,是,是,0.3444417248250239,0.3962442697490887,0.05180254492406483,-0.12705782109980926,0.24491007142876065,0.5147426286856571,0.18369948752139928,0.2494986911920861,0.06579920367068681,-0.08382695342933809,0.2668847610070641,0.5022488755622189,exploratory_only,探索性,0.9311090723295068,0.8886064214269676,差异未达FDR显著
各逐题条件相对C03,相对C03,HAMD-17,PDCH共同24人验证,GLM-5.2,思考,12,胃肠道症状,3,C03：全文｜不规整｜逐条评分｜不清洗,16,C16：事件序列｜规整｜逐条评分｜清洗,24,是,是,0.3444417248250239,0.4550604131672058,0.11061868834218191,-0.10337702879932568,0.34513437318992557,0.255872063968016,0.18369948752139928,0.3154616124066231,0.13176212488522385,-0.06129189975594884,0.41089096884733844,0.38780609695152424,exploratory_only,探索性,0.9311090723295068,0.8886064214269676,差异未达FDR显著
各逐题条件相对C03,相对C03,HAMD-17,PDCH共同24人验证,GLM-5.2,思考,13,全身症状,3,C03：全文｜不规整｜逐条评分｜不清洗,4,C04：全文｜不规整｜逐条评分｜清洗,24,是,是,0.7332532386069739,0.6042739111087626,-0.12897932749821128,-0.34198277645390074,0.0,0.5002498750624688,0.6094175239578987,0.46969865056455307,-0.13971887339334566,-0.3331297420088306,0.0,0.0004997501249375312,exploratory_only,探索性,0.9311090723295068,0.005947026486756621,目标条件校正相关显著更弱
各逐题条件相对C03,相对C03,HAMD-17,PDCH共同24人验证,GLM-5.2,思考,13,全身症状,3,C03：全文｜不规整｜逐条评分｜不清洗,7,C07：全文｜规整｜逐条评分｜不清洗,24,是,是,0.7332532386069739,0.651905793009913,-0.08134744559706086,-0.30480963067549216,0.07420583321857965,0.511744127936032,0.6094175239578987,0.5361567120015054,-0.07326081195639333,-0.29947227836119994,0.10369179002139649,0.37231384307846077,exploratory_only,探索性,0.9311090723295068,0.8886064214269676,差异未达FDR显著
各逐题条件相对C03,相对C03,HAMD-17,PDCH共同24人验证,GLM-5.2,思考,13,全身症状,3,C03：全文｜不规整｜逐条评分｜不清洗,8,C08：全文｜规整｜逐条评分｜清洗,24,是,是,0.7332532386069739,0.6593057102978374,-0.07394752830913653,-0.19288295263397387,0.0,0.4987506246876562,0.6094175239578987,0.5440611940497407,-0.06535632990815798,-0.2009068038044011,0.015792983780562726,0.0004997501249375312,exploratory_only,探索性,0.9311090723295068,0.005947026486756621,目标条件校正相关显著更弱
各逐题条件相对C03,相对C03,HAMD-17,PDCH共同24人验证,GLM-5.2,思考,13,全身症状,3,C03：全文｜不规整｜逐条评分｜不清洗,11,C11：事件序列｜不规整｜逐条评分｜不清洗,24,是,是,0.7332532386069739,0.6478863024478072,-0.08536693615916668,-0.3398208776354028,0.14532550401638422,0.5717141429285357,0.6094175239578987,0.5094256122420089,-0.09999191171588984,-0.4122800556975463,0.17057778601633303,0.5407296351824088,exploratory_only,探索性,0.9537543728135931,0.9062933322071358,差异未达FDR显著
各逐题条件相对C03,相对C03,HAMD-17,PDCH共同24人验证,GLM-5.2,思考,13,全身症状,3,C03：全文｜不规整｜逐条评分｜不清洗,12,C12：事件序列｜不规整｜逐条评分｜清洗,24,是,是,0.7332532386069739,0.7012087526010138,-0.032044486005960104,-0.19636107828249333,0.08896410451861705,1.0,0.6094175239578987,0.5853894654176182,-0.02402805854028056,-0.18851434074974724,0.10827383940050306,1.0,exploratory_only,探索性,1.0,1.0,差异未达FDR显著
各逐题条件相对C03,相对C03,HAMD-17,PDCH共同24人验证,GLM-5.2,思考,13,全身症状,3,C03：全文｜不规整｜逐条评分｜不清洗,15,C15：事件序列｜规整｜逐条评分｜不清洗,24,是,是,0.7332532386069739,0.6781505845525067,-0.05510265405446724,-0.1890253600523443,0.0,1.0,0.6094175239578987,0.5491305851665278,-0.060286938791370925,-0.2059597971478712,0.0,0.0004997501249375312,exploratory_only,探索性,1.0,0.005947026486756621,目标条件校正相关显著更弱
各逐题条件相对C03,相对C03,HAMD-17,PDCH共同24人验证,GLM-5.2,思考,13,全身症状,3,C03：全文｜不规整｜逐条评分｜不清洗,16,C16：事件序列｜规整｜逐条评分｜清洗,24,是,是,0.7332532386069739,0.6534709985190461,-0.07978224008792778,-0.22860174344789902,0.017960486961305783,0.23738130934532733,0.6094175239578987,0.5367696897088745,-0.07264783424902421,-0.22676601475450744,0.02420476575832921,0.2538730634682659,exploratory_only,探索性,0.9311090723295068,0.8886064214269676,差异未达FDR显著
各逐题条件相对C03,相对C03,HAMD-17,PDCH共同24人验证,GLM-5.2,思考,14,性症状,3,C03：全文｜不规整｜逐条评分｜不清洗,4,C04：全文｜不规整｜逐条评分｜清洗,15,是,是,0.7211123486140503,0.6293956827678053,-0.09171666584624494,-0.44474530017202474,0.17199807141010187,0.7381309345327336,0.6313782858132903,0.5522907898156931,-0.07908749599759712,-0.42661114208201306,0.21278973995286293,0.7561219390304847,not_estimable,不可估计,0.9584835241953491,0.9953100372890478,差异未达FDR显著
各逐题条件相对C03,相对C03,HAMD-17,PDCH共同24人验证,GLM-5.2,思考,14,性症状,3,C03：全文｜不规整｜逐条评分｜不清洗,7,C07：全文｜规整｜逐条评分｜不清洗,13,是,是,0.8013876853447538,0.6599663291074442,-0.14142135623730956,-0.4007578759736331,0.0,0.0004997501249375312,0.7639133039236862,0.6023162588629064,-0.16159704506077976,-0.45656448570401326,0.0,0.4912543728135932,not_estimable,不可估计,0.009911710811261036,0.8886064214269676,差异未达FDR显著
各逐题条件相对C03,相对C03,HAMD-17,PDCH共同24人验证,GLM-5.2,思考,14,性症状,3,C03：全文｜不规整｜逐条评分｜不清洗,8,C08：全文｜规整｜逐条评分｜清洗,14,是,是,0.7047960764089156,0.6692720343241689,-0.03552404208474669,-0.2947489466785458,0.1528668509238036,0.495752123938031,0.6048751059560228,0.5950059492526253,-0.009869156703397497,-0.2766486944892695,0.21148264662379124,1.0,not_estimable,不可估计,0.9311090723295068,1.0,差异未达FDR显著
各逐题条件相对C03,相对C03,HAMD-17,PDCH共同24人验证,GLM-5.2,思考,14,性症状,3,C03：全文｜不规整｜逐条评分｜不清洗,11,C11：事件序列｜不规整｜逐条评分｜不清洗,16,是,是,0.6793568176892996,0.7512887160328725,0.07193189834357294,-0.041098188283372666,0.22898686301299345,0.0004997501249375312,0.6003900259971413,0.700720454744674,0.10033042874753273,-0.03263341653317564,0.33614832257052374,0.5037481259370314,not_estimable,不可估计,0.009911710811261036,0.8886064214269676,差异未达FDR显著
各逐题条件相对C03,相对C03,HAMD-17,PDCH共同24人验证,GLM-5.2,思考,14,性症状,3,C03：全文｜不规整｜逐条评分｜不清洗,12,C12：事件序列｜不规整｜逐条评分｜清洗,15,是,是,0.7211123486140503,0.6293956827678053,-0.09171666584624494,-0.4155878734618196,0.14689115429860042,0.7546226886556722,0.6313782858132903,0.5522907898156931,-0.07908749599759712,-0.4335514937661899,0.22256653853444258,0.744127936031984,not_estimable,不可估计,0.9584835241953491,0.9953100372890478,差异未达FDR显著
各逐题条件相对C03,相对C03,HAMD-17,PDCH共同24人验证,GLM-5.2,思考,14,性症状,3,C03：全文｜不规整｜逐条评分｜不清洗,15,C15：事件序列｜规整｜逐条评分｜不清洗,16,是,是,0.6793568176892996,0.5845180306957292,-0.0948387869935704,-0.2826460417048974,0.0,1.0,0.6003900259971413,0.5022733397686026,-0.09811668622853875,-0.2866929039537239,0.0,1.0,not_estimable,不可估计,1.0,1.0,差异未达FDR显著
各逐题条件相对C03,相对C03,HAMD-17,PDCH共同24人验证,GLM-5.2,思考,14,性症状,3,C03：全文｜不规整｜逐条评分｜不清洗,16,C16：事件序列｜规整｜逐条评分｜清洗,16,是,是,0.6793568176892996,0.5354930210021538,-0.14386379668714577,-0.3992888204327613,0.0,0.4992503748125937,0.6003900259971413,0.4427279236795896,-0.15766210231755173,-0.48273310660607105,0.0,0.0004997501249375312,not_estimable,不可估计,0.9311090723295068,0.005947026486756621,目标条件校正相关显著更弱
各逐题条件相对C03,相对C03,HAMD-17,PDCH共同24人验证,GLM-5.2,思考,15,疑病,3,C03：全文｜不规整｜逐条评分｜不清洗,4,C04：全文｜不规整｜逐条评分｜清洗,24,是,是,0.04711481833491351,0.12149899596523261,0.0743841776303191,-0.07815205239380213,0.2840006112219117,0.5132433783108445,-0.06537920949838666,-0.029726274807148755,0.035652934691237904,-0.12485915588335887,0.20312011852529896,0.6216891554222889,exploratory_only,探索性,0.9311090723295068,0.9576237522264509,差异未达FDR显著
各逐题条件相对C03,相对C03,HAMD-17,PDCH共同24人验证,GLM-5.2,思考,15,疑病,3,C03：全文｜不规整｜逐条评分｜不清洗,7,C07：全文｜规整｜逐条评分｜不清洗,24,是,是,0.04711481833491351,0.1783639369287191,0.13124911859380559,-0.12838574290076057,0.39363263987233815,0.31784107946026985,-0.06537920949838666,0.08788063441716028,0.15325984391554692,-0.09465907664929403,0.4026967488906161,0.27586206896551724,exploratory_only,探索性,0.9311090723295068,0.8886064214269676,差异未达FDR显著
各逐题条件相对C03,相对C03,HAMD-17,PDCH共同24人验证,GLM-5.2,思考,15,疑病,3,C03：全文｜不规整｜逐条评分｜不清洗,8,C08：全文｜规整｜逐条评分｜清洗,24,是,是,0.04711481833491351,0.15681944120138686,0.10970462286647334,-0.08896648057746477,0.3033215452291105,0.33683158420789605,-0.06537920949838666,0.020388651718479804,0.08576786121686647,-0.11949844345459285,0.3026783694516813,0.4207896051974013,exploratory_only,探索性,0.9311090723295068,0.8886064214269676,差异未达FDR显著
各逐题条件相对C03,相对C03,HAMD-17,PDCH共同24人验证,GLM-5.2,思考,15,疑病,3,C03：全文｜不规整｜逐条评分｜不清洗,11,C11：事件序列｜不规整｜逐条评分｜不清洗,24,是,是,0.04711481833491351,0.218044764889727,0.17092994655481347,-0.0005245207557530111,0.4187853912259884,0.52023988005997,-0.06537920949838666,0.07525144740612771,0.14063065690451437,-0.04097255650920245,0.3803710147575086,0.48125937031484256,exploratory_only,探索性,0.9311090723295068,0.8886064214269676,差异未达FDR显著
各逐题条件相对C03,相对C03,HAMD-17,PDCH共同24人验证,GLM-5.2,思考,15,疑病,3,C03：全文｜不规整｜逐条评分｜不清洗,12,C12：事件序列｜不规整｜逐条评分｜清洗,24,是,是,0.04711481833491351,0.19384472932461155,0.14672991098969804,-0.07680127812647289,0.4109888674201544,0.3808095952023988,-0.06537920949838666,0.06453603094700273,0.12991524044538938,-0.08315246628345954,0.3667183407243826,0.44377811094452774,exploratory_only,探索性,0.9311090723295068,0.8886064214269676,差异未达FDR显著
各逐题条件相对C03,相对C03,HAMD-17,PDCH共同24人验证,GLM-5.2,思考,15,疑病,3,C03：全文｜不规整｜逐条评分｜不清洗,15,C15：事件序列｜规整｜逐条评分｜不清洗,24,是,是,0.04711481833491351,0.3350196899508771,0.2879048716159636,-0.05606568937649889,0.6647195414089696,0.14342828585707146,-0.06537920949838666,0.2184498868224304,0.2838290963208171,-0.068731073416816,0.6474571626774617,0.18640679660169915,exploratory_only,探索性,0.9311090723295068,0.8886064214269676,差异未达FDR显著
各逐题条件相对C03,相对C03,HAMD-17,PDCH共同24人验证,GLM-5.2,思考,15,疑病,3,C03：全文｜不规整｜逐条评分｜不清洗,16,C16：事件序列｜规整｜逐条评分｜清洗,24,是,是,0.04711481833491351,0.2679686986334614,0.22085388029854788,-0.10666316549108648,0.5736769296627081,0.3053473263368316,-0.06537920949838666,0.14110175093036817,0.20648096042875483,-0.0877754729062971,0.5802692732775261,0.3968015992003998,exploratory_only,探索性,0.9311090723295068,0.8886064214269676,差异未达FDR显著
各逐题条件相对C03,相对C03,HAMD-17,PDCH共同24人验证,GLM-5.2,思考,16,体重减轻,3,C03：全文｜不规整｜逐条评分｜不清洗,4,C04：全文｜不规整｜逐条评分｜清洗,24,是,是,0.3368217284699751,0.35983337890677536,0.023011650436800257,-0.07707756095227564,0.16533354693577462,0.0004997501249375312,0.3004244055504568,0.32654662831292874,0.026122222762471947,-0.06781685805813112,0.1761954783770156,1.0,exploratory_only,探索性,0.009911710811261036,1.0,差异未达FDR显著
各逐题条件相对C03,相对C03,HAMD-17,PDCH共同24人验证,GLM-5.2,思考,16,体重减轻,3,C03：全文｜不规整｜逐条评分｜不清洗,7,C07：全文｜规整｜逐条评分｜不清洗,24,是,是,0.3368217284699751,0.25687464610067434,-0.07994708236930076,-0.2990694785419966,0.16426497609779828,0.6196901549225388,0.3004244055504568,0.22106183406592114,-0.07936257148453565,-0.37263308502461673,0.1625231710287352,0.7421289355322339,exploratory_only,探索性,0.9537543728135931,0.9953100372890478,差异未达FDR显著
各逐题条件相对C03,相对C03,HAMD-17,PDCH共同24人验证,GLM-5.2,思考,16,体重减轻,3,C03：全文｜不规整｜逐条评分｜不清洗,8,C08：全文｜规整｜逐条评分｜清洗,24,是,是,0.3368217284699751,0.25874344034456154,-0.07807828812541356,-0.3436194698958831,0.17166334519223747,0.6256871564217891,0.3004244055504568,0.2199122794322196,-0.08051212611823719,-0.3708065513551434,0.1621796791949036,0.6276861569215393,exploratory_only,探索性,0.9537543728135931,0.9576237522264509,差异未达FDR显著
各逐题条件相对C03,相对C03,HAMD-17,PDCH共同24人验证,GLM-5.2,思考,16,体重减轻,3,C03：全文｜不规整｜逐条评分｜不清洗,11,C11：事件序列｜不规整｜逐条评分｜不清洗,24,是,是,0.3368217284699751,0.3252829743135812,-0.011538754156393882,-0.08227705378069074,0.05382475363586999,1.0,0.3004244055504568,0.2773570837348824,-0.023067321815574415,-0.09560632790120022,0.037638205229455844,0.5067466266866567,exploratory_only,探索性,1.0,0.8886064214269676,差异未达FDR显著
各逐题条件相对C03,相对C03,HAMD-17,PDCH共同24人验证,GLM-5.2,思考,16,体重减轻,3,C03：全文｜不规整｜逐条评分｜不清洗,12,C12：事件序列｜不规整｜逐条评分｜清洗,24,是,是,0.3368217284699751,0.4355088882617735,0.09868715979179837,-0.0396981445431059,0.3262187231559857,0.0004997501249375312,0.3004244055504568,0.40846892993899486,0.10804452438853807,-0.01114570609805386,0.32357885259694763,0.5022488755622189,exploratory_only,探索性,0.009911710811261036,0.8886064214269676,差异未达FDR显著
各逐题条件相对C03,相对C03,HAMD-17,PDCH共同24人验证,GLM-5.2,思考,16,体重减轻,3,C03：全文｜不规整｜逐条评分｜不清洗,15,C15：事件序列｜规整｜逐条评分｜不清洗,24,是,是,0.3368217284699751,0.2805540624694121,-0.05626766600056299,-0.40851212649056384,0.30100748275540345,0.8115942028985508,0.3004244055504568,0.23533010623308775,-0.06509429931736904,-0.40622243539505565,0.2639071129837803,0.8690654672663668,exploratory_only,探索性,0.969960019990005,1.0,差异未达FDR显著
各逐题条件相对C03,相对C03,HAMD-17,PDCH共同24人验证,GLM-5.2,思考,16,体重减轻,3,C03：全文｜不规整｜逐条评分｜不清洗,16,C16：事件序列｜规整｜逐条评分｜清洗,24,是,是,0.3368217284699751,0.2921233021588724,-0.04469842631110271,-0.33250642388179075,0.2870868033672303,0.7776111944027986,0.3004244055504568,0.2526763057097281,-0.0477480998407287,-0.3409661578897773,0.2377489581710956,0.7341329335332334,exploratory_only,探索性,0.969960019990005,0.9953100372890478,差异未达FDR显著
各逐题条件相对C03,相对C03,HAMD-17,PDCH共同24人验证,GLM-5.2,思考,17,自知力,3,C03：全文｜不规整｜逐条评分｜不清洗,4,C04：全文｜不规整｜逐条评分｜清洗,24,是,是,0.10941372337735288,0.02892309922365073,-0.08049062415370214,-0.5130008934839468,0.3014069581896502,1.0,0.0976324967956353,0.005196984006679741,-0.09243551278895557,-0.5304339168543795,0.32445978676742293,0.5102448775612194,exploratory_only,探索性,1.0,0.8886064214269676,差异未达FDR显著
各逐题条件相对C03,相对C03,HAMD-17,PDCH共同24人验证,GLM-5.2,思考,17,自知力,3,C03：全文｜不规整｜逐条评分｜不清洗,7,C07：全文｜规整｜逐条评分｜不清洗,24,是,是,0.10941372337735288,0.03374559885998608,-0.07566812451736679,-0.4583243836202828,0.3815137975773892,0.743128435782109,0.0976324967956353,-0.006896374136141417,-0.10452887093177672,-0.563721444028282,0.29409018374743345,0.616191904047976,exploratory_only,探索性,0.9584835241953491,0.9576237522264509,差异未达FDR显著
各逐题条件相对C03,相对C03,HAMD-17,PDCH共同24人验证,GLM-5.2,思考,17,自知力,3,C03：全文｜不规整｜逐条评分｜不清洗,8,C08：全文｜规整｜逐条评分｜清洗,24,是,是,0.10941372337735288,-0.009948845216258856,-0.11936256859361173,-0.5834517464445806,0.3392017607316278,0.6296851574212894,0.0976324967956353,-0.038732125371622114,-0.13636462216725742,-0.6194696396187835,0.27878688005370034,0.5562218890554723,exploratory_only,探索性,0.9537543728135931,0.9193111777444611,差异未达FDR显著
各逐题条件相对C03,相对C03,HAMD-17,PDCH共同24人验证,GLM-5.2,思考,17,自知力,3,C03：全文｜不规整｜逐条评分｜不清洗,11,C11：事件序列｜不规整｜逐条评分｜不清洗,24,是,是,0.10941372337735288,0.06936307662383909,-0.04005064675351379,-0.4097288186417602,0.34615976559438666,1.0,0.0976324967956353,0.0443257329665644,-0.05330676382907091,-0.4310441242907913,0.2592133062021441,0.4852573713143428,exploratory_only,探索性,1.0,0.8886064214269676,差异未达FDR显著
各逐题条件相对C03,相对C03,HAMD-17,PDCH共同24人验证,GLM-5.2,思考,17,自知力,3,C03：全文｜不规整｜逐条评分｜不清洗,12,C12：事件序列｜不规整｜逐条评分｜清洗,24,是,是,0.10941372337735288,0.3029918493526695,0.1935781259753166,0.0,0.5050334164389811,0.4992503748125937,0.0976324967956353,0.257552788282848,0.1599202914872127,0.0,0.47345709828405635,0.5152423788105946,exploratory_only,探索性,0.9311090723295068,0.8886064214269676,差异未达FDR显著
各逐题条件相对C03,相对C03,HAMD-17,PDCH共同24人验证,GLM-5.2,思考,17,自知力,3,C03：全文｜不规整｜逐条评分｜不清洗,15,C15：事件序列｜规整｜逐条评分｜不清洗,24,是,是,0.10941372337735288,-0.15991236493613112,-0.269326088313484,-0.6342385056021226,0.0,0.5087456271864068,0.0976324967956353,-0.17962061725013023,-0.2772531140457655,-0.6771942649016283,0.0,0.0004997501249375312,exploratory_only,探索性,0.9311090723295068,0.005947026486756621,目标条件校正相关显著更弱
各逐题条件相对C03,相对C03,HAMD-17,PDCH共同24人验证,GLM-5.2,思考,17,自知力,3,C03：全文｜不规整｜逐条评分｜不清洗,16,C16：事件序列｜规整｜逐条评分｜清洗,24,是,是,0.10941372337735288,-0.13513465016387047,-0.24454837354122333,-0.5834888037527681,0.03554941324227986,0.11944027986006997,0.0976324967956353,-0.1413201714019284,-0.23895266819756372,-0.6228464866272242,0.0217187714704519,0.0004997501249375312,exploratory_only,探索性,0.9311090723295068,0.005947026486756621,目标条件校正相关显著更弱
各逐题条件相对C03,相对C03,HAMD-17,PDCH共同24人验证,Kimi-K2.6,不思考,1,抑郁情绪,3,C03：全文｜不规整｜逐条评分｜不清洗,4,C04：全文｜不规整｜逐条评分｜清洗,24,是,是,0.7612664362186364,0.765344098433083,0.004077662214446609,-0.19862188616133516,0.19546008180336946,1.0,0.693143708949109,0.7014042245061722,0.008260515557063197,-0.21959707703825732,0.24318039617667775,0.9535232383808095,exploratory_only,探索性,1.0,1.0,差异未达FDR显著
各逐题条件相对C03,相对C03,HAMD-17,PDCH共同24人验证,Kimi-K2.6,不思考,1,抑郁情绪,3,C03：全文｜不规整｜逐条评分｜不清洗,7,C07：全文｜规整｜逐条评分｜不清洗,24,是,是,0.7612664362186364,0.3834546087309684,-0.377811827487668,-0.6684866779930307,-0.09081007773644995,0.08895552223888056,0.693143708949109,0.3867481088897664,-0.30639560005934263,-0.6104787730378489,-0.002543329570480457,0.16891554222888555,exploratory_only,探索性,0.6226886556721639,0.6152885095913582,差异未达FDR显著
各逐题条件相对C03,相对C03,HAMD-17,PDCH共同24人验证,Kimi-K2.6,不思考,1,抑郁情绪,3,C03：全文｜不规整｜逐条评分｜不清洗,8,C08：全文｜规整｜逐条评分｜清洗,24,是,是,0.7612664362186364,0.4555722444703957,-0.30569419174824075,-0.7921005699665232,0.11567389276267981,0.33033483258370816,0.693143708949109,0.4221414077072375,-0.2710023012418715,-0.781519990042783,0.16179286833232212,0.4047976011994003,exploratory_only,探索性,0.7147244559538413,0.7526705397301349,差异未达FDR显著
各逐题条件相对C03,相对C03,HAMD-17,PDCH共同24人验证,Kimi-K2.6,不思考,1,抑郁情绪,3,C03：全文｜不规整｜逐条评分｜不清洗,11,C11：事件序列｜不规整｜逐条评分｜不清洗,24,是,是,0.7612664362186364,0.6505098491276649,-0.11075658709097158,-0.33026637635663864,0.06821046077337706,0.4682658670664668,0.693143708949109,0.6298547984325701,-0.06328891051653895,-0.31400504733420526,0.12784765485270558,0.49725137431284355,exploratory_only,探索性,0.7846985598110037,0.7738758825715347,差异未达FDR显著
各逐题条件相对C03,相对C03,HAMD-17,PDCH共同24人验证,Kimi-K2.6,不思考,1,抑郁情绪,3,C03：全文｜不规整｜逐条评分｜不清洗,12,C12：事件序列｜不规整｜逐条评分｜清洗,24,是,是,0.7612664362186364,0.8049905266681494,0.043724090449512976,-0.1472817738710301,0.23929354845250023,0.6621689155422289,0.693143708949109,0.7523407647754604,0.059197055826351375,-0.1484143196063089,0.2898667585797683,0.5452273863068465,exploratory_only,探索性,0.9114464506876996,0.8098234833200684,差异未达FDR显著
各逐题条件相对C03,相对C03,HAMD-17,PDCH共同24人验证,Kimi-K2.6,不思考,1,抑郁情绪,3,C03：全文｜不规整｜逐条评分｜不清洗,15,C15：事件序列｜规整｜逐条评分｜不清洗,24,是,是,0.7612664362186364,0.616184211622944,-0.14508222459569242,-0.43003258986401877,0.09793608997502411,0.3053473263368316,0.693143708949109,0.4980796991283009,-0.19506400982080813,-0.4432399720711834,0.08607335626658708,0.2588705647176412,exploratory_only,探索性,0.702422373718801,0.6152885095913582,差异未达FDR显著
各逐题条件相对C03,相对C03,HAMD-17,PDCH共同24人验证,Kimi-K2.6,不思考,1,抑郁情绪,3,C03：全文｜不规整｜逐条评分｜不清洗,16,C16：事件序列｜规整｜逐条评分｜清洗,24,是,是,0.7612664362186364,0.7216395968855959,-0.039626839333040564,-0.24179681968940683,0.2230619920193195,0.7566216891554223,0.693143708949109,0.7378163437538168,0.044672634804707734,-0.17680783718616128,0.36239599700446834,0.7331334332833583,exploratory_only,探索性,0.9282266083453119,0.9482921582686918,差异未达FDR显著
各逐题条件相对C03,相对C03,HAMD-17,PDCH共同24人验证,Kimi-K2.6,不思考,2,有罪感,3,C03：全文｜不规整｜逐条评分｜不清洗,4,C04：全文｜不规整｜逐条评分｜清洗,24,是,是,0.41213247551922016,0.31549921603553216,-0.096633259483688,-0.27976914982858836,0.006098605565453486,0.23788105947026486,0.2502267113644552,0.14728532767636915,-0.10294138368808603,-0.29231152291191287,0.008618298031905738,0.49825087456271866,exploratory_only,探索性,0.6877865415118528,0.7738758825715347,差异未达FDR显著
各逐题条件相对C03,相对C03,HAMD-17,PDCH共同24人验证,Kimi-K2.6,不思考,2,有罪感,3,C03：全文｜不规整｜逐条评分｜不清洗,7,C07：全文｜规整｜逐条评分｜不清洗,24,是,是,0.41213247551922016,0.18301777965566093,-0.22911469586355923,-0.5907600171204686,0.0976640584917866,0.25287356321839083,0.2502267113644552,0.02428638355622417,-0.225940327808231,-0.5645346579271138,0.0835842259766286,0.23888055972013994,exploratory_only,探索性,0.6877865415118528,0.6152885095913582,差异未达FDR显著
各逐题条件相对C03,相对C03,HAMD-17,PDCH共同24人验证,Kimi-K2.6,不思考,2,有罪感,3,C03：全文｜不规整｜逐条评分｜不清洗,8,C08：全文｜规整｜逐条评分｜清洗,24,是,是,0.41213247551922016,0.39974692783233434,-0.012385547686885823,-0.2732490789620321,0.25058106032464494,0.9155422288855573,0.2502267113644552,0.22310685007737288,-0.027119861287082297,-0.29684956975246374,0.21294522090153284,0.8520739630184908,exploratory_only,探索性,1.0,1.0,差异未达FDR显著
各逐题条件相对C03,相对C03,HAMD-17,PDCH共同24人验证,Kimi-K2.6,不思考,2,有罪感,3,C03：全文｜不规整｜逐条评分｜不清洗,11,C11：事件序列｜不规整｜逐条评分｜不清洗,24,是,是,0.41213247551922016,0.34584591400707637,-0.0662865615121438,-0.2207974576561081,0.025561424323222302,0.4962518740629685,0.2502267113644552,0.1830387432708624,-0.06718796809359279,-0.24136563248744014,0.059830642819649685,0.4897551224387806,exploratory_only,探索性,0.7846985598110037,0.7738758825715347,差异未达FDR显著
各逐题条件相对C03,相对C03,HAMD-17,PDCH共同24人验证,Kimi-K2.6,不思考,2,有罪感,3,C03：全文｜不规整｜逐条评分｜不清洗,12,C12：事件序列｜不规整｜逐条评分｜清洗,24,是,是,0.41213247551922016,0.36203907186173445,-0.05009340365748571,-0.19978721742456876,0.009110445273638941,0.4912543728135932,0.2502267113644552,0.2073797554199328,-0.04284695594452237,-0.18204210285575684,0.015763633983540866,1.0,exploratory_only,探索性,0.7846985598110037,1.0,差异未达FDR显著
各逐题条件相对C03,相对C03,HAMD-17,PDCH共同24人验证,Kimi-K2.6,不思考,2,有罪感,3,C03：全文｜不规整｜逐条评分｜不清洗,15,C15：事件序列｜规整｜逐条评分｜不清洗,24,是,是,0.41213247551922016,0.4525873038157381,0.04045482829651792,-0.21749841449406276,0.29544284940683513,0.7266366816591704,0.2502267113644552,0.3175795023518527,0.06735279098739755,-0.20541408401989564,0.3489189401163964,0.6516741629185407,exploratory_only,探索性,0.9198911182706518,0.8812411975830267,差异未达FDR显著
各逐题条件相对C03,相对C03,HAMD-17,PDCH共同24人验证,Kimi-K2.6,不思考,2,有罪感,3,C03：全文｜不规整｜逐条评分｜不清洗,16,C16：事件序列｜规整｜逐条评分｜清洗,24,是,是,0.41213247551922016,0.47146958428364566,0.059337108764425495,-0.20905921411908615,0.3272653927607684,0.6936531734132934,0.2502267113644552,0.35405075069044106,0.10382403932598588,-0.22642769937125032,0.41731109747583106,0.5687156421789106,exploratory_only,探索性,0.9114464506876996,0.8253312368206142,差异未达FDR显著
各逐题条件相对C03,相对C03,HAMD-17,PDCH共同24人验证,Kimi-K2.6,不思考,3,自杀,3,C03：全文｜不规整｜逐条评分｜不清洗,4,C04：全文｜不规整｜逐条评分｜清洗,24,是,是,0.3886650707894643,0.41819211412178064,0.02952704333231637,-0.17947145509751142,0.26145095692937526,0.7006496751624188,0.24452000196458384,0.28988828388606136,0.045368281921477516,-0.18050061069913098,0.2851774162962573,0.5767116441779111,exploratory_only,探索性,0.9114464506876996,0.826851634423752,差异未达FDR显著
各逐题条件相对C03,相对C03,HAMD-17,PDCH共同24人验证,Kimi-K2.6,不思考,3,自杀,3,C03：全文｜不规整｜逐条评分｜不清洗,7,C07：全文｜规整｜逐条评分｜不清洗,24,是,是,0.3886650707894643,0.17319894628557933,-0.21546612450388494,-0.6418663777644404,0.15748024574510103,0.4107946026986507,0.24452000196458384,0.13671442559914398,-0.10780557636543986,-0.6117374390054982,0.35791467004929123,0.6891554222888556,exploratory_only,探索性,0.7846985598110037,0.921455002835661,差异未达FDR显著
各逐题条件相对C03,相对C03,HAMD-17,PDCH共同24人验证,Kimi-K2.6,不思考,3,自杀,3,C03：全文｜不规整｜逐条评分｜不清洗,8,C08：全文｜规整｜逐条评分｜清洗,24,是,是,0.3886650707894643,0.020046042806382745,-0.36861902798308155,-0.819260181325081,0.06432998822786623,0.13493253373313344,0.24452000196458384,-0.04951755251330497,-0.2940375544778888,-0.7482050758062224,0.18330865598294033,0.28735632183908044,exploratory_only,探索性,0.6603250099088387,0.6376533955244601,差异未达FDR显著
各逐题条件相对C03,相对C03,HAMD-17,PDCH共同24人验证,Kimi-K2.6,不思考,3,自杀,3,C03：全文｜不规整｜逐条评分｜不清洗,11,C11：事件序列｜不规整｜逐条评分｜不清洗,24,是,是,0.3886650707894643,0.347769314793427,-0.040895755996037286,-0.21582962846103462,0.12209016853589734,0.6526736631684158,0.24452000196458384,0.19412116898298487,-0.05039883298159897,-0.23197057402574103,0.12469560075016983,0.6296851574212894,exploratory_only,探索性,0.9114464506876996,0.8713085317806214,差异未达FDR显著
各逐题条件相对C03,相对C03,HAMD-17,PDCH共同24人验证,Kimi-K2.6,不思考,3,自杀,3,C03：全文｜不规整｜逐条评分｜不清洗,12,C12：事件序列｜不规整｜逐条评分｜清洗,24,是,是,0.3886650707894643,0.528385203123697,0.1397201323342327,0.02572682308154001,0.3045391120798224,0.08895552223888056,0.24452000196458384,0.37863382048300226,0.13411381851841842,0.0001803845486599569,0.30339919976687957,0.05897051474262868,exploratory_only,探索性,0.6226886556721639,0.4385932033983008,差异未达FDR显著
各逐题条件相对C03,相对C03,HAMD-17,PDCH共同24人验证,Kimi-K2.6,不思考,3,自杀,3,C03：全文｜不规整｜逐条评分｜不清洗,15,C15：事件序列｜规整｜逐条评分｜不清洗,24,是,是,0.3886650707894643,0.2082054900572026,-0.18045958073226168,-0.513373878463842,0.12717276520674928,0.296351824087956,0.24452000196458384,0.0967636576636143,-0.14775634430096954,-0.46507481294001946,0.16376234051281163,0.3933033483258371,exploratory_only,探索性,0.702422373718801,0.74290632461547,差异未达FDR显著
各逐题条件相对C03,相对C03,HAMD-17,PDCH共同24人验证,Kimi-K2.6,不思考,3,自杀,3,C03：全文｜不规整｜逐条评分｜不清洗,16,C16：事件序列｜规整｜逐条评分｜清洗,24,是,是,0.3886650707894643,0.30191557344278247,-0.0867494973466818,-0.45511841321538016,0.2948740206775476,0.6561719140429785,0.24452000196458384,0.1900308650365429,-0.05448913692804094,-0.4025807712959649,0.30927776161408926,0.7656171914042978,exploratory_only,探索性,0.9114464506876996,0.9590362713380152,差异未达FDR显著
各逐题条件相对C03,相对C03,HAMD-17,PDCH共同24人验证,Kimi-K2.6,不思考,4,入睡困难,3,C03：全文｜不规整｜逐条评分｜不清洗,4,C04：全文｜不规整｜逐条评分｜清洗,24,是,是,0.5248086413771478,0.5772719905485496,0.05246334917140183,-0.08446599355721149,0.2521578102906159,0.5077461269365318,0.49466948438506286,0.549818516009948,0.05514903162488516,-0.098989959993672,0.20876227400407393,0.5072463768115942,exploratory_only,探索性,0.7846985598110037,0.7738758825715347,差异未达FDR显著
各逐题条件相对C03,相对C03,HAMD-17,PDCH共同24人验证,Kimi-K2.6,不思考,4,入睡困难,3,C03：全文｜不规整｜逐条评分｜不清洗,7,C07：全文｜规整｜逐条评分｜不清洗,24,是,是,0.5248086413771478,0.12399774875421357,-0.40081089262293423,-0.7730225239012953,-0.10105872160033842,0.03698150924537731,0.49466948438506286,0.10155765032948726,-0.3931118340555756,-0.7302831348800675,-0.11376063425950037,0.03298350824587706,exploratory_only,探索性,0.4889777333555444,0.3925037481259371,差异未达FDR显著
各逐题条件相对C03,相对C03,HAMD-17,PDCH共同24人验证,Kimi-K2.6,不思考,4,入睡困难,3,C03：全文｜不规整｜逐条评分｜不清洗,8,C08：全文｜规整｜逐条评分｜清洗,24,是,是,0.5248086413771478,0.4245346652262905,-0.10027397615085726,-0.5018499726376972,0.24701978788092244,0.6756621689155422,0.49466948438506286,0.41673656514513735,-0.07793291923992551,-0.5077450202758935,0.3076119749901618,0.7131434282858571,exploratory_only,探索性,0.9114464506876996,0.9325721754507361,差异未达FDR显著
各逐题条件相对C03,相对C03,HAMD-17,PDCH共同24人验证,Kimi-K2.6,不思考,4,入睡困难,3,C03：全文｜不规整｜逐条评分｜不清洗,11,C11：事件序列｜不规整｜逐条评分｜不清洗,24,是,是,0.5248086413771478,0.533043320623834,0.008234679246686194,-0.2214704469209171,0.20841601809174148,0.8200899550224887,0.49466948438506286,0.49343204163652604,-0.0012374427485368211,-0.2587098937027115,0.2226289211785199,1.0,exploratory_only,探索性,0.9857646934108704,1.0,差异未达FDR显著
各逐题条件相对C03,相对C03,HAMD-17,PDCH共同24人验证,Kimi-K2.6,不思考,4,入睡困难,3,C03：全文｜不规整｜逐条评分｜不清洗,12,C12：事件序列｜不规整｜逐条评分｜清洗,24,是,是,0.5248086413771478,0.5996737357018131,0.07486509432466537,-0.023471378580277973,0.23787105430256536,0.5182408795602199,0.49466948438506286,0.5695642756402329,0.07489479125517007,-0.03828456493792937,0.2233256022364423,0.2673663168415792,exploratory_only,探索性,0.7906495470213611,0.6152885095913582,差异未达FDR显著
各逐题条件相对C03,相对C03,HAMD-17,PDCH共同24人验证,Kimi-K2.6,不思考,4,入睡困难,3,C03：全文｜不规整｜逐条评分｜不清洗,15,C15：事件序列｜规整｜逐条评分｜不清洗,24,是,是,0.5248086413771478,0.37118062618062214,-0.15362801519652564,-0.6650395191329407,0.35267123102961623,0.5452273863068465,0.49466948438506286,0.3498589473507735,-0.14481053703428937,-0.7293466062484514,0.33101753079969404,0.6046976511744128,exploratory_only,探索性,0.8010130737100585,0.8566550058304181,差异未达FDR显著
各逐题条件相对C03,相对C03,HAMD-17,PDCH共同24人验证,Kimi-K2.6,不思考,4,入睡困难,3,C03：全文｜不规整｜逐条评分｜不清洗,16,C16：事件序列｜规整｜逐条评分｜清洗,24,是,是,0.5248086413771478,0.4309677662513789,-0.09384087512576889,-0.44710093932692796,0.23991138401554907,0.6696651674162919,0.49466948438506286,0.41230052371335235,-0.08236896067171051,-0.47592501065311144,0.23533877064670516,0.7056471764117941,exploratory_only,探索性,0.9114464506876996,0.9325721754507361,差异未达FDR显著
各逐题条件相对C03,相对C03,HAMD-17,PDCH共同24人验证,Kimi-K2.6,不思考,5,睡眠不深,3,C03：全文｜不规整｜逐条评分｜不清洗,4,C04：全文｜不规整｜逐条评分｜清洗,24,是,是,0.36692107949781494,0.3333900411580319,-0.03353103833978305,-0.2971826976199149,0.21803305316493485,0.736631684157921,0.2638346232844732,0.18957500114740938,-0.07425962213706383,-0.3376869988880026,0.16847291276015638,0.551224387806097,exploratory_only,探索性,0.9227281096293958,0.8098234833200684,差异未达FDR显著
各逐题条件相对C03,相对C03,HAMD-17,PDCH共同24人验证,Kimi-K2.6,不思考,5,睡眠不深,3,C03：全文｜不规整｜逐条评分｜不清洗,7,C07：全文｜规整｜逐条评分｜不清洗,24,是,是,0.36692107949781494,0.40032045385387166,0.03339937435605672,-0.314314893844176,0.3767751131554054,0.8515742128935532,0.2638346232844732,0.272728936772975,0.008894313488501782,-0.32610522291536864,0.37051569306138443,0.9635182408795602,exploratory_only,探索性,1.0,1.0,差异未达FDR显著
各逐题条件相对C03,相对C03,HAMD-17,PDCH共同24人验证,Kimi-K2.6,不思考,5,睡眠不深,3,C03：全文｜不规整｜逐条评分｜不清洗,8,C08：全文｜规整｜逐条评分｜清洗,24,是,是,0.36692107949781494,0.13438045929370798,-0.23254062020410696,-0.626720760190421,0.18240284937858664,0.32233883058470764,0.2638346232844732,0.02671849142678827,-0.23711613185768493,-0.618577041682191,0.18353161562695477,0.3168415792103948,exploratory_only,探索性,0.710339274807041,0.6500715159661549,差异未达FDR显著
各逐题条件相对C03,相对C03,HAMD-17,PDCH共同24人验证,Kimi-K2.6,不思考,5,睡眠不深,3,C03：全文｜不规整｜逐条评分｜不清洗,11,C11：事件序列｜不规整｜逐条评分｜不清洗,24,是,是,0.36692107949781494,0.2629776084612009,-0.10394347103661405,-0.43093782793773805,0.15026624553914691,0.5337331334332833,0.2638346232844732,0.16771238333148764,-0.09612223995298558,-0.3871427468105672,0.14491773002108088,0.5052473763118441,exploratory_only,探索性,0.7939280359820089,0.7738758825715347,差异未达FDR显著
各逐题条件相对C03,相对C03,HAMD-17,PDCH共同24人验证,Kimi-K2.6,不思考,5,睡眠不深,3,C03：全文｜不规整｜逐条评分｜不清洗,12,C12：事件序列｜不规整｜逐条评分｜清洗,24,是,是,0.36692107949781494,0.2287882052337313,-0.13813287426408363,-0.4046559263811229,0.15564754774789982,0.39480259870064965,0.2638346232844732,0.08596378404329522,-0.177870839241178,-0.4578061480109747,0.09839013245461346,0.1969015492253873,exploratory_only,探索性,0.7846985598110037,0.6152885095913582,差异未达FDR显著
各逐题条件相对C03,相对C03,HAMD-17,PDCH共同24人验证,Kimi-K2.6,不思考,5,睡眠不深,3,C03：全文｜不规整｜逐条评分｜不清洗,15,C15：事件序列｜规整｜逐条评分｜不清洗,24,是,是,0.36692107949781494,0.24498815133456048,-0.12193292816325446,-0.5275834890594179,0.22159589853895378,0.6906546726636682,0.2638346232844732,0.12441672058312622,-0.139417902701347,-0.4808227345891864,0.22806273368387026,0.617191404297851,exploratory_only,探索性,0.9114464506876996,0.8640679660169914,差异未达FDR显著
各逐题条件相对C03,相对C03,HAMD-17,PDCH共同24人验证,Kimi-K2.6,不思考,5,睡眠不深,3,C03：全文｜不规整｜逐条评分｜不清洗,16,C16：事件序列｜规整｜逐条评分｜清洗,24,是,是,0.36692107949781494,0.37334524691935495,0.006424167421540006,-0.17374935190894117,0.21850911446317248,0.9725137431284357,0.2638346232844732,0.2501103022334718,-0.013724321051001409,-0.24054627134263995,0.19061699163747736,0.9435282358820589,exploratory_only,探索性,1.0,1.0,差异未达FDR显著
各逐题条件相对C03,相对C03,HAMD-17,PDCH共同24人验证,Kimi-K2.6,不思考,6,早醒,3,C03：全文｜不规整｜逐条评分｜不清洗,4,C04：全文｜不规整｜逐条评分｜清洗,24,是,是,0.5594256422318549,0.5085495809597739,-0.050876061272081,-0.16547183763559176,0.0440340225120796,0.0004997501249375312,0.567508329537624,0.5357893386800282,-0.031718990857595775,-0.1281815409260262,0.0821064953066218,0.4947526236881559,exploratory_only,探索性,0.009911710811261036,0.7738758825715347,差异未达FDR显著
各逐题条件相对C03,相对C03,HAMD-17,PDCH共同24人验证,Kimi-K2.6,不思考,6,早醒,3,C03：全文｜不规整｜逐条评分｜不清洗,7,C07：全文｜规整｜逐条评分｜不清洗,24,是,是,0.5594256422318549,0.2762699555493188,-0.28315568668253605,-0.6138932343872646,0.0047906040135616505,0.16091954022988506,0.567508329537624,0.22326366743738382,-0.3442446621002402,-0.6719351357192985,-0.03978345985534674,0.07246376811594203,exploratory_only,探索性,0.6603250099088387,0.47906602254428343,差异未达FDR显著
各逐题条件相对C03,相对C03,HAMD-17,PDCH共同24人验证,Kimi-K2.6,不思考,6,早醒,3,C03：全文｜不规整｜逐条评分｜不清洗,8,C08：全文｜规整｜逐条评分｜清洗,24,是,是,0.5594256422318549,0.3239621580494086,-0.23546348418244628,-0.42213234822610524,-0.04405279733266623,0.051974012993503245,0.567508329537624,0.3299502138494459,-0.23755811568817808,-0.45574511289337627,-0.02803319677315227,0.04997501249375312,exploratory_only,探索性,0.4894860262176604,0.4242212227219724,差异未达FDR显著
各逐题条件相对C03,相对C03,HAMD-17,PDCH共同24人验证,Kimi-K2.6,不思考,6,早醒,3,C03：全文｜不规整｜逐条评分｜不清洗,11,C11：事件序列｜不规整｜逐条评分｜不清洗,24,是,是,0.5594256422318549,0.5325575129905638,-0.026868129241291117,-0.27453923642945227,0.19282882273051608,1.0,0.567508329537624,0.5122570687663773,-0.055251260771246646,-0.3391034089930509,0.21286940542452334,0.7636181909045477,exploratory_only,探索性,1.0,0.9590362713380152,差异未达FDR显著
各逐题条件相对C03,相对C03,HAMD-17,PDCH共同24人验证,Kimi-K2.6,不思考,6,早醒,3,C03：全文｜不规整｜逐条评分｜不清洗,12,C12：事件序列｜不规整｜逐条评分｜清洗,24,是,是,0.5594256422318549,0.42008152621805944,-0.13934411601379543,-0.35423250256994454,0.0,0.0004997501249375312,0.567508329537624,0.4372730997203784,-0.13023522981724556,-0.3408437296824851,0.0,0.2563718140929535,exploratory_only,探索性,0.009911710811261036,0.6152885095913582,差异未达FDR显著
各逐题条件相对C03,相对C03,HAMD-17,PDCH共同24人验证,Kimi-K2.6,不思考,6,早醒,3,C03：全文｜不规整｜逐条评分｜不清洗,15,C15：事件序列｜规整｜逐条评分｜不清洗,24,是,是,0.5594256422318549,0.40873036633885074,-0.15069527589300413,-0.333810106467096,0.05119474695222969,0.1519240379810095,0.567508329537624,0.41159912377878133,-0.15590920575884265,-0.3410983005639259,0.03270275566987059,0.12093953023488256,exploratory_only,探索性,0.6603250099088387,0.564967516241879,差异未达FDR显著
各逐题条件相对C03,相对C03,HAMD-17,PDCH共同24人验证,Kimi-K2.6,不思考,6,早醒,3,C03：全文｜不规整｜逐条评分｜不清洗,16,C16：事件序列｜规整｜逐条评分｜清洗,24,是,是,0.5594256422318549,0.46658093055136274,-0.09284471168049213,-0.27769902098367283,0.07485170871383645,0.19890054972513743,0.567508329537624,0.46966831579900997,-0.097840013738614,-0.29482624803832386,0.051342906662770284,0.24437781109445278,exploratory_only,探索性,0.6877865415118528,0.6152885095913582,差异未达FDR显著
各逐题条件相对C03,相对C03,HAMD-17,PDCH共同24人验证,Kimi-K2.6,不思考,7,工作和活动,3,C03：全文｜不规整｜逐条评分｜不清洗,4,C04：全文｜不规整｜逐条评分｜清洗,24,是,是,0.7201873949489258,0.8528811688466417,0.13269377389771586,0.0,0.300058261732312,0.1344327836081959,0.6728844461838076,0.7933032258320993,0.12041877964829173,0.0031794326202900063,0.2866790550357886,0.05347326336831584,exploratory_only,探索性,0.6603250099088387,0.4242212227219724,差异未达FDR显著
各逐题条件相对C03,相对C03,HAMD-17,PDCH共同24人验证,Kimi-K2.6,不思考,7,工作和活动,3,C03：全文｜不规整｜逐条评分｜不清洗,7,C07：全文｜规整｜逐条评分｜不清洗,24,是,是,0.7201873949489258,0.5135798734325817,-0.2066075215163441,-0.5535802386738379,0.1391115412134271,0.30184907546226886,0.6728844461838076,0.46571595232982477,-0.20716849385398284,-0.6193765111578294,0.1408487131097518,0.30634682658670664,exploratory_only,探索性,0.702422373718801,0.6479128856624319,差异未达FDR显著
各逐题条件相对C03,相对C03,HAMD-17,PDCH共同24人验证,Kimi-K2.6,不思考,7,工作和活动,3,C03：全文｜不规整｜逐条评分｜不清洗,8,C08：全文｜规整｜逐条评分｜清洗,24,是,是,0.7201873949489258,0.4880156863985988,-0.23217170855032698,-0.7065494821796295,0.18310533172710727,0.456271864067966,0.6728844461838076,0.28344578382981,-0.3894386623539976,-0.8464125327053681,0.08176073239665867,0.1424287856071964,exploratory_only,探索性,0.7846985598110037,0.564967516241879,差异未达FDR显著
各逐题条件相对C03,相对C03,HAMD-17,PDCH共同24人验证,Kimi-K2.6,不思考,7,工作和活动,3,C03：全文｜不规整｜逐条评分｜不清洗,11,C11：事件序列｜不规整｜逐条评分｜不清洗,24,是,是,0.7201873949489258,0.7093852937211762,-0.010802101227749605,-0.3259704235875788,0.23420937261564795,1.0,0.6728844461838076,0.6064799326828197,-0.06640451350098786,-0.37418002731028216,0.13787133358987308,0.88055972013993,exploratory_only,探索性,1.0,1.0,差异未达FDR显著
各逐题条件相对C03,相对C03,HAMD-17,PDCH共同24人验证,Kimi-K2.6,不思考,7,工作和活动,3,C03：全文｜不规整｜逐条评分｜不清洗,12,C12：事件序列｜不规整｜逐条评分｜清洗,24,是,是,0.7201873949489258,0.8377312200761325,0.11754382512720674,0.0,0.2846569563917384,0.24737631184407796,0.6728844461838076,0.7329567385857455,0.0600722924019379,-0.027588883134242563,0.17453427228038562,0.5157421289355323,exploratory_only,探索性,0.6877865415118528,0.7768773840927639,差异未达FDR显著
各逐题条件相对C03,相对C03,HAMD-17,PDCH共同24人验证,Kimi-K2.6,不思考,7,工作和活动,3,C03：全文｜不规整｜逐条评分｜不清洗,15,C15：事件序列｜规整｜逐条评分｜不清洗,24,是,是,0.7201873949489258,0.453738109131566,-0.2664492858173598,-0.7570567526845544,0.12113629965479389,0.4237881059470265,0.6728844461838076,0.25108819110984265,-0.42179625507396495,-0.8814889347236105,-0.05643723121273127,0.04847576211894053,exploratory_only,探索性,0.7846985598110037,0.4242212227219724,差异未达FDR显著
各逐题条件相对C03,相对C03,HAMD-17,PDCH共同24人验证,Kimi-K2.6,不思考,7,工作和活动,3,C03：全文｜不规整｜逐条评分｜不清洗,16,C16：事件序列｜规整｜逐条评分｜清洗,24,是,是,0.7201873949489258,0.8575265681964629,0.13733917324753708,-0.04901082428270166,0.400130785771391,0.07396301849075462,0.6728844461838076,0.6876214687898091,0.014737022606001515,-0.21147665929294904,0.20702629181388016,0.8575712143928036,exploratory_only,探索性,0.5867732800266533,1.0,差异未达FDR显著
各逐题条件相对C03,相对C03,HAMD-17,PDCH共同24人验证,Kimi-K2.6,不思考,8,迟滞,3,C03：全文｜不规整｜逐条评分｜不清洗,4,C04：全文｜不规整｜逐条评分｜清洗,24,是,是,0.6661611658728238,0.7132037748184206,0.04704260894559675,-0.1336166035553087,0.2868927860122596,0.704647676161919,0.6108113927920477,0.7010744303342381,0.09026303754219045,-0.13042806309818755,0.36044226837334636,0.5052473763118441,exploratory_only,探索性,0.9114464506876996,0.7738758825715347,差异未达FDR显著
各逐题条件相对C03,相对C03,HAMD-17,PDCH共同24人验证,Kimi-K2.6,不思考,8,迟滞,3,C03：全文｜不规整｜逐条评分｜不清洗,7,C07：全文｜规整｜逐条评分｜不清洗,24,是,是,0.6661611658728238,0.21276596223075114,-0.45339520364207264,-0.8392856083771232,-0.05632649408051465,0.05297351324337831,0.6108113927920477,0.27084479904051917,-0.3399665937515285,-0.8021142972550089,0.13995952959685695,0.17641179410294852,exploratory_only,探索性,0.4894860262176604,0.6152885095913582,差异未达FDR显著
各逐题条件相对C03,相对C03,HAMD-17,PDCH共同24人验证,Kimi-K2.6,不思考,8,迟滞,3,C03：全文｜不规整｜逐条评分｜不清洗,8,C08：全文｜规整｜逐条评分｜清洗,24,是,是,0.6661611658728238,0.10748767893311201,-0.5586734869397119,-0.9891681518006612,-0.11132144671827583,0.050474762618690654,0.6108113927920477,0.1660439971894432,-0.4447673956026045,-0.9194269862727427,0.012089909478278411,0.1294352823588206,exploratory_only,探索性,0.4894860262176604,0.564967516241879,差异未达FDR显著
各逐题条件相对C03,相对C03,HAMD-17,PDCH共同24人验证,Kimi-K2.6,不思考,8,迟滞,3,C03：全文｜不规整｜逐条评分｜不清洗,11,C11：事件序列｜不规整｜逐条评分｜不清洗,24,是,是,0.6661611658728238,0.631952002603326,-0.034209163269497855,-0.20005685394734793,0.12057830676372128,0.5052473763118441,0.6108113927920477,0.5757990406897796,-0.03501235210226805,-0.21423080236799782,0.09363564077856894,1.0,exploratory_only,探索性,0.7846985598110037,1.0,差异未达FDR显著
各逐题条件相对C03,相对C03,HAMD-17,PDCH共同24人验证,Kimi-K2.6,不思考,8,迟滞,3,C03：全文｜不规整｜逐条评分｜不清洗,12,C12：事件序列｜不规整｜逐条评分｜清洗,24,是,是,0.6661611658728238,0.6590189564666045,-0.007142209406219346,-0.2158087435735568,0.20587182624443248,1.0,0.6108113927920477,0.6270861037091612,0.016274710917113522,-0.1677007851893732,0.2367033045243631,0.8690654672663668,exploratory_only,探索性,1.0,1.0,差异未达FDR显著
各逐题条件相对C03,相对C03,HAMD-17,PDCH共同24人验证,Kimi-K2.6,不思考,8,迟滞,3,C03：全文｜不规整｜逐条评分｜不清洗,15,C15：事件序列｜规整｜逐条评分｜不清洗,24,是,是,0.6661611658728238,0.38539585109486774,-0.2807653147779561,-0.6537832498652881,0.08108885077699,0.20239880059970014,0.6108113927920477,0.36347725595861186,-0.2473341368334358,-0.6333820433828619,0.1562913120379903,0.2893553223388306,exploratory_only,探索性,0.6877865415118528,0.6376533955244601,差异未达FDR显著
各逐题条件相对C03,相对C03,HAMD-17,PDCH共同24人验证,Kimi-K2.6,不思考,8,迟滞,3,C03：全文｜不规整｜逐条评分｜不清洗,16,C16：事件序列｜规整｜逐条评分｜清洗,24,是,是,0.6661611658728238,0.5099476730783201,-0.1562134927945037,-0.46656769054245173,0.07482017527280707,0.3968015992003998,0.6108113927920477,0.4824534710622344,-0.12835792172981325,-0.4046537498699409,0.09855188140264946,0.4542728635682159,exploratory_only,探索性,0.7846985598110037,0.7738758825715347,差异未达FDR显著
各逐题条件相对C03,相对C03,HAMD-17,PDCH共同24人验证,Kimi-K2.6,不思考,9,激越,3,C03：全文｜不规整｜逐条评分｜不清洗,4,C04：全文｜不规整｜逐条评分｜清洗,24,是,是,0.521145032217052,0.44318305369369904,-0.07796197852335296,-0.3040393528141332,0.11590688173948262,0.45827086456771615,0.5185732405405714,0.4096641122226287,-0.1089091283179427,-0.34505137444884726,0.0730665558453574,0.24587706146926536,exploratory_only,探索性,0.7846985598110037,0.6152885095913582,差异未达FDR显著
各逐题条件相对C03,相对C03,HAMD-17,PDCH共同24人验证,Kimi-K2.6,不思考,9,激越,3,C03：全文｜不规整｜逐条评分｜不清洗,7,C07：全文｜规整｜逐条评分｜不清洗,24,是,是,0.521145032217052,0.3592699600465694,-0.16187507217048258,-0.42886758740928754,0.07778856670805814,0.2463768115942029,0.5185732405405714,0.307399905683933,-0.21117333485663842,-0.49359217191944754,0.07275601175334663,0.17491254372813594,exploratory_only,探索性,0.6877865415118528,0.6152885095913582,差异未达FDR显著
各逐题条件相对C03,相对C03,HAMD-17,PDCH共同24人验证,Kimi-K2.6,不思考,9,激越,3,C03：全文｜不规整｜逐条评分｜不清洗,8,C08：全文｜规整｜逐条评分｜清洗,24,是,是,0.521145032217052,0.18020932267884773,-0.3409357095382043,-0.8855389802502343,0.1373222352292464,0.19440279860069964,0.5185732405405714,0.1592626306283162,-0.3593106099122552,-0.7972255352888737,0.12379049750082569,0.1839080459770115,exploratory_only,探索性,0.6877865415118528,0.6152885095913582,差异未达FDR显著
各逐题条件相对C03,相对C03,HAMD-17,PDCH共同24人验证,Kimi-K2.6,不思考,9,激越,3,C03：全文｜不规整｜逐条评分｜不清洗,11,C11：事件序列｜不规整｜逐条评分｜不清洗,24,是,是,0.521145032217052,0.40390104264674,-0.11724398957031201,-0.3049647235850803,0.021207891594469702,0.2463768115942029,0.5185732405405714,0.41415174519041636,-0.10442149535015505,-0.3030208330777356,0.015319267160457123,0.2518740629685157,exploratory_only,探索性,0.6877865415118528,0.6152885095913582,差异未达FDR显著
各逐题条件相对C03,相对C03,HAMD-17,PDCH共同24人验证,Kimi-K2.6,不思考,9,激越,3,C03：全文｜不规整｜逐条评分｜不清洗,12,C12：事件序列｜不规整｜逐条评分｜清洗,24,是,是,0.521145032217052,0.4416215844075329,-0.07952344780951909,-0.2864593237497122,0.06505122897474061,0.44177911044477763,0.5185732405405714,0.4066037244147632,-0.11196951612580819,-0.3232991680249317,0.04926675197771943,0.239880059970015,exploratory_only,探索性,0.7846985598110037,0.6152885095913582,差异未达FDR显著
各逐题条件相对C03,相对C03,HAMD-17,PDCH共同24人验证,Kimi-K2.6,不思考,9,激越,3,C03：全文｜不规整｜逐条评分｜不清洗,15,C15：事件序列｜规整｜逐条评分｜不清洗,24,是,是,0.521145032217052,0.282356954091163,-0.23878807812588898,-0.699623442196168,0.11033936766620543,0.3563218390804598,0.5185732405405714,0.2735482489110406,-0.2450249916295308,-0.6581502162779553,0.10627888744105797,0.3058470764617691,exploratory_only,探索性,0.7571839080459771,0.6479128856624319,差异未达FDR显著
各逐题条件相对C03,相对C03,HAMD-17,PDCH共同24人验证,Kimi-K2.6,不思考,9,激越,3,C03：全文｜不规整｜逐条评分｜不清洗,16,C16：事件序列｜规整｜逐条评分｜清洗,24,是,是,0.521145032217052,0.5262939119400936,0.005148879723041566,-0.20986347586343776,0.19541097349391826,0.9225387306346826,0.5185732405405714,0.4891502594498091,-0.0294229810907623,-0.2172992806243831,0.17314104177034004,0.848575712143928,exploratory_only,探索性,1.0,1.0,差异未达FDR显著
各逐题条件相对C03,相对C03,HAMD-17,PDCH共同24人验证,Kimi-K2.6,不思考,10,精神性焦虑,3,C03：全文｜不规整｜逐条评分｜不清洗,4,C04：全文｜不规整｜逐条评分｜清洗,24,是,是,0.7644831779343237,0.7073459877998596,-0.057137190134464166,-0.2537709523862873,0.14362050142706928,0.5332333833083458,0.7393562403952121,0.6615330377363907,-0.07782320265882137,-0.26478650494170985,0.13214399425950968,0.38780609695152424,exploratory_only,探索性,0.7939280359820089,0.74290632461547,差异未达FDR显著
各逐题条件相对C03,相对C03,HAMD-17,PDCH共同24人验证,Kimi-K2.6,不思考,10,精神性焦虑,3,C03：全文｜不规整｜逐条评分｜不清洗,7,C07：全文｜规整｜逐条评分｜不清洗,24,是,是,0.7644831779343237,0.5528288177368595,-0.2116543601974642,-0.5463506748685679,0.02162556420142792,0.19440279860069964,0.7393562403952121,0.49169037265323556,-0.24766586774197652,-0.5298647185792267,0.0053019627485343754,0.1184407796101949,exploratory_only,探索性,0.6877865415118528,0.564967516241879,差异未达FDR显著
各逐题条件相对C03,相对C03,HAMD-17,PDCH共同24人验证,Kimi-K2.6,不思考,10,精神性焦虑,3,C03：全文｜不规整｜逐条评分｜不清洗,8,C08：全文｜规整｜逐条评分｜清洗,24,是,是,0.7644831779343237,0.3819501488465968,-0.38253302908772696,-0.7512193430483501,-0.02614867447547459,0.06546726636681659,0.7393562403952121,0.3341379793841912,-0.4052182610110209,-0.8180631826799547,-0.049352552281779295,0.04847576211894053,exploratory_only,探索性,0.556471764117941,0.4242212227219724,差异未达FDR显著
各逐题条件相对C03,相对C03,HAMD-17,PDCH共同24人验证,Kimi-K2.6,不思考,10,精神性焦虑,3,C03：全文｜不规整｜逐条评分｜不清洗,11,C11：事件序列｜不规整｜逐条评分｜不清洗,24,是,是,0.7644831779343237,0.608215162420931,-0.15626801551339276,-0.4463564538254926,0.06640306246683493,0.28835582208895555,0.7393562403952121,0.5964745129568736,-0.1428817274383385,-0.3848763809943906,0.03391638132786307,0.255872063968016,exploratory_only,探索性,0.702422373718801,0.6152885095913582,差异未达FDR显著
各逐题条件相对C03,相对C03,HAMD-17,PDCH共同24人验证,Kimi-K2.6,不思考,10,精神性焦虑,3,C03：全文｜不规整｜逐条评分｜不清洗,12,C12：事件序列｜不规整｜逐条评分｜清洗,24,是,是,0.7644831779343237,0.6900484919269698,-0.07443468600735392,-0.2609645824404445,0.07329051956815262,0.44127936031984005,0.7393562403952121,0.6517355738481478,-0.08762066654706424,-0.2683425855754716,0.05379322144233064,0.3868065967016492,exploratory_only,探索性,0.7846985598110037,0.74290632461547,差异未达FDR显著
各逐题条件相对C03,相对C03,HAMD-17,PDCH共同24人验证,Kimi-K2.6,不思考,10,精神性焦虑,3,C03：全文｜不规整｜逐条评分｜不清洗,15,C15：事件序列｜规整｜逐条评分｜不清洗,24,是,是,0.7644831779343237,0.658038778361472,-0.10644439957285179,-0.30372893515948907,0.05212083773056101,0.46026986506746626,0.7393562403952121,0.623077718193007,-0.11627852220220514,-0.3614015881191392,0.07342999424852717,0.41579210394802596,exploratory_only,探索性,0.7846985598110037,0.7612193903048475,差异未达FDR显著
各逐题条件相对C03,相对C03,HAMD-17,PDCH共同24人验证,Kimi-K2.6,不思考,10,精神性焦虑,3,C03：全文｜不规整｜逐条评分｜不清洗,16,C16：事件序列｜规整｜逐条评分｜清洗,24,是,是,0.7644831779343237,0.7327833065325363,-0.03169987140178743,-0.18983229514198977,0.11947995396566348,0.7221389305347327,0.7393562403952121,0.7125059937618429,-0.026850246633369212,-0.2218921993996985,0.14543642736983842,0.7556221889055472,exploratory_only,探索性,0.9198911182706518,0.9590362713380152,差异未达FDR显著
各逐题条件相对C03,相对C03,HAMD-17,PDCH共同24人验证,Kimi-K2.6,不思考,11,躯体性焦虑,3,C03：全文｜不规整｜逐条评分｜不清洗,4,C04：全文｜不规整｜逐条评分｜清洗,24,是,是,0.6782423599003906,0.5888669293435553,-0.08937543055683528,-0.2500282463468248,0.02203984037151178,0.26036981509245377,0.608832643143952,0.47869263775206755,-0.13014000539188447,-0.3235260620921555,0.008168726209600734,0.2368815592203898,exploratory_only,探索性,0.6877865415118528,0.6152885095913582,差异未达FDR显著
各逐题条件相对C03,相对C03,HAMD-17,PDCH共同24人验证,Kimi-K2.6,不思考,11,躯体性焦虑,3,C03：全文｜不规整｜逐条评分｜不清洗,7,C07：全文｜规整｜逐条评分｜不清洗,24,是,是,0.6782423599003906,0.46611368733954783,-0.21212867256084278,-0.4712482877506951,0.03217165490685642,0.2658670664667666,0.608832643143952,0.35602491963376354,-0.2528077235101885,-0.5196050037982992,-0.017554206659035114,0.1874062968515742,exploratory_only,探索性,0.6877865415118528,0.6152885095913582,差异未达FDR显著
各逐题条件相对C03,相对C03,HAMD-17,PDCH共同24人验证,Kimi-K2.6,不思考,11,躯体性焦虑,3,C03：全文｜不规整｜逐条评分｜不清洗,8,C08：全文｜规整｜逐条评分｜清洗,24,是,是,0.6782423599003906,0.3859147692888415,-0.2923275906115491,-0.6432934233656641,0.01646065243763528,0.19790104947526238,0.608832643143952,0.3017964310097342,-0.30703621213421783,-0.6132202640792394,-0.01589464430288236,0.16841579210394803,exploratory_only,探索性,0.6877865415118528,0.6152885095913582,差异未达FDR显著
各逐题条件相对C03,相对C03,HAMD-17,PDCH共同24人验证,Kimi-K2.6,不思考,11,躯体性焦虑,3,C03：全文｜不规整｜逐条评分｜不清洗,11,C11：事件序列｜不规整｜逐条评分｜不清洗,24,是,是,0.6782423599003906,0.5415159214318512,-0.13672643846853938,-0.421296218018978,0.09333094997354166,0.23888055972013994,0.608832643143952,0.4684016762055269,-0.1404309669384251,-0.4471808798455051,0.0694739511236054,0.49525237381309345,exploratory_only,探索性,0.6877865415118528,0.7738758825715347,差异未达FDR显著
各逐题条件相对C03,相对C03,HAMD-17,PDCH共同24人验证,Kimi-K2.6,不思考,11,躯体性焦虑,3,C03：全文｜不规整｜逐条评分｜不清洗,12,C12：事件序列｜不规整｜逐条评分｜清洗,24,是,是,0.6782423599003906,0.5558463538663466,-0.12239600603404399,-0.2929773891398203,0.0032040524106755866,0.0004997501249375312,0.608832643143952,0.44292824527633834,-0.16590439786761368,-0.32536431044220104,-0.030202123435507728,0.11244377811094453,exploratory_only,探索性,0.009911710811261036,0.564967516241879,差异未达FDR显著
各逐题条件相对C03,相对C03,HAMD-17,PDCH共同24人验证,Kimi-K2.6,不思考,11,躯体性焦虑,3,C03：全文｜不规整｜逐条评分｜不清洗,15,C15：事件序列｜规整｜逐条评分｜不清洗,24,是,是,0.6782423599003906,0.44142817758360975,-0.23681418231678086,-0.5826238727059582,0.04460208143898034,0.11544227886056972,0.608832643143952,0.34172002559255626,-0.26711261755139576,-0.5864671391066847,-0.004038704391494742,0.1344327836081959,exploratory_only,探索性,0.6603250099088387,0.564967516241879,差异未达FDR显著
各逐题条件相对C03,相对C03,HAMD-17,PDCH共同24人验证,Kimi-K2.6,不思考,11,躯体性焦虑,3,C03：全文｜不规整｜逐条评分｜不清洗,16,C16：事件序列｜规整｜逐条评分｜清洗,24,是,是,0.6782423599003906,0.588735163605439,-0.08950719629495163,-0.3077219035716118,0.1135430017756006,0.4272863568215892,0.608832643143952,0.46194331025321617,-0.14688933289073586,-0.4064203331654681,0.03042069939632809,0.2463768115942029,exploratory_only,探索性,0.7846985598110037,0.6152885095913582,差异未达FDR显著
各逐题条件相对C03,相对C03,HAMD-17,PDCH共同24人验证,Kimi-K2.6,不思考,12,胃肠道症状,3,C03：全文｜不规整｜逐条评分｜不清洗,4,C04：全文｜不规整｜逐条评分｜清洗,24,是,是,0.5090486122677195,0.408467266962706,-0.10058134530501345,-0.36567550320142317,0.13790807245962053,0.3663168415792104,0.3775241436463403,0.309381623508027,-0.06814252013831329,-0.34247512759799614,0.1685826956118926,0.5072463768115942,exploratory_only,探索性,0.7647667394372989,0.7738758825715347,差异未达FDR显著
各逐题条件相对C03,相对C03,HAMD-17,PDCH共同24人验证,Kimi-K2.6,不思考,12,胃肠道症状,3,C03：全文｜不规整｜逐条评分｜不清洗,7,C07：全文｜规整｜逐条评分｜不清洗,24,是,是,0.5090486122677195,0.23165940028092083,-0.27738921198679867,-0.6630028267795156,0.11327488860077949,0.1774112943528236,0.3775241436463403,0.2224905624532982,-0.15503358119304209,-0.6297129044757088,0.22993365852163603,0.6381809095452274,exploratory_only,探索性,0.6877865415118528,0.8729141176538169,差异未达FDR显著
各逐题条件相对C03,相对C03,HAMD-17,PDCH共同24人验证,Kimi-K2.6,不思考,12,胃肠道症状,3,C03：全文｜不规整｜逐条评分｜不清洗,8,C08：全文｜规整｜逐条评分｜清洗,24,是,是,0.5090486122677195,0.21447492908133153,-0.29457368318638794,-0.7070118108429708,0.05040685492977742,0.13093453273363317,0.3775241436463403,0.15052840230193495,-0.22699574134440534,-0.6103074517580725,0.11571562518512693,0.3538230884557721,exploratory_only,探索性,0.6603250099088387,0.7017491254372813,差异未达FDR显著
各逐题条件相对C03,相对C03,HAMD-17,PDCH共同24人验证,Kimi-K2.6,不思考,12,胃肠道症状,3,C03：全文｜不规整｜逐条评分｜不清洗,11,C11：事件序列｜不规整｜逐条评分｜不清洗,24,是,是,0.5090486122677195,0.37211091215533726,-0.1369377001123822,-0.38002044158726117,0.08595347803085704,0.3073463268365817,0.3775241436463403,0.24310365418705754,-0.13442048945928275,-0.3939528341353959,0.09088379908583898,0.3103448275862069,exploratory_only,探索性,0.702422373718801,0.6479128856624319,差异未达FDR显著
各逐题条件相对C03,相对C03,HAMD-17,PDCH共同24人验证,Kimi-K2.6,不思考,12,胃肠道症状,3,C03：全文｜不规整｜逐条评分｜不清洗,12,C12：事件序列｜不规整｜逐条评分｜清洗,24,是,是,0.5090486122677195,0.5103768478067517,0.0013282355390322742,-0.12353113032223734,0.09582042413118695,0.7666166916541729,0.3775241436463403,0.36450198264621775,-0.013022161000122545,-0.14837172317762976,0.11265525382234098,1.0,exploratory_only,探索性,0.9308916970086385,1.0,差异未达FDR显著
各逐题条件相对C03,相对C03,HAMD-17,PDCH共同24人验证,Kimi-K2.6,不思考,12,胃肠道症状,3,C03：全文｜不规整｜逐条评分｜不清洗,15,C15：事件序列｜规整｜逐条评分｜不清洗,24,是,是,0.5090486122677195,0.2144994447045563,-0.2945491675631632,-0.6920082669462881,0.03398581494564683,0.1584207896051974,0.3775241436463403,0.11552394588921253,-0.2620001977571278,-0.662227393039424,0.07392821136968636,0.2688655672163918,exploratory_only,探索性,0.6603250099088387,0.6152885095913582,差异未达FDR显著
各逐题条件相对C03,相对C03,HAMD-17,PDCH共同24人验证,Kimi-K2.6,不思考,12,胃肠道症状,3,C03：全文｜不规整｜逐条评分｜不清洗,16,C16：事件序列｜规整｜逐条评分｜清洗,24,是,是,0.5090486122677195,0.3521108237189564,-0.15693778854876306,-0.44860031380384785,0.05765213535669135,0.12443778110944528,0.3775241436463403,0.25060146813968204,-0.12692267550665826,-0.39285377138853783,0.09668943939964765,0.12993503248375812,exploratory_only,探索性,0.6603250099088387,0.564967516241879,差异未达FDR显著
各逐题条件相对C03,相对C03,HAMD-17,PDCH共同24人验证,Kimi-K2.6,不思考,13,全身症状,3,C03：全文｜不规整｜逐条评分｜不清洗,4,C04：全文｜不规整｜逐条评分｜清洗,24,是,是,0.7393793903434076,0.7679103005615611,0.02853091021815346,-0.14427666672235764,0.23249665532342817,0.6866566716641679,0.6204892764225377,0.6548377115148825,0.03434843509234475,-0.13965345017821532,0.23462717120114301,0.8115942028985508,exploratory_only,探索性,0.9114464506876996,0.9956671148961602,差异未达FDR显著
各逐题条件相对C03,相对C03,HAMD-17,PDCH共同24人验证,Kimi-K2.6,不思考,13,全身症状,3,C03：全文｜不规整｜逐条评分｜不清洗,7,C07：全文｜规整｜逐条评分｜不清洗,24,是,是,0.7393793903434076,0.28860590837970423,-0.45077348196370337,-0.8533995877886316,-0.056314902107030405,0.05347326336831584,0.6204892764225377,0.17472027169662618,-0.4457690047259115,-0.8500706152959652,-0.051960945042883164,0.06746626686656672,exploratory_only,探索性,0.4894860262176604,0.472263868065967,差异未达FDR显著
各逐题条件相对C03,相对C03,HAMD-17,PDCH共同24人验证,Kimi-K2.6,不思考,13,全身症状,3,C03：全文｜不规整｜逐条评分｜不清洗,8,C08：全文｜规整｜逐条评分｜清洗,24,是,是,0.7393793903434076,0.41522899408588326,-0.32415039625752434,-0.6726411780798044,-0.007440518029103622,0.15342328835582209,0.6204892764225377,0.26823860540569905,-0.35225067101683866,-0.6659789023824703,-0.025409709992859075,0.1184407796101949,exploratory_only,探索性,0.6603250099088387,0.564967516241879,差异未达FDR显著
各逐题条件相对C03,相对C03,HAMD-17,PDCH共同24人验证,Kimi-K2.6,不思考,13,全身症状,3,C03：全文｜不规整｜逐条评分｜不清洗,11,C11：事件序列｜不规整｜逐条评分｜不清洗,24,是,是,0.7393793903434076,0.7110076912965446,-0.028371699046862986,-0.3250423885461797,0.17554211429160896,0.8700649675162418,0.6204892764225377,0.5746706270413322,-0.0458186493812055,-0.31772895857536265,0.18736961560096407,0.8670664667666167,exploratory_only,探索性,1.0,1.0,差异未达FDR显著
各逐题条件相对C03,相对C03,HAMD-17,PDCH共同24人验证,Kimi-K2.6,不思考,13,全身症状,3,C03：全文｜不规整｜逐条评分｜不清洗,12,C12：事件序列｜不规整｜逐条评分｜清洗,24,是,是,0.7393793903434076,0.774492799460364,0.03511340911695637,0.0,0.13081915577443548,1.0,0.6204892764225377,0.6631371405933397,0.04264786417080202,0.0,0.15287559034566878,1.0,exploratory_only,探索性,1.0,1.0,差异未达FDR显著
各逐题条件相对C03,相对C03,HAMD-17,PDCH共同24人验证,Kimi-K2.6,不思考,13,全身症状,3,C03：全文｜不规整｜逐条评分｜不清洗,15,C15：事件序列｜规整｜逐条评分｜不清洗,24,是,是,0.7393793903434076,0.5459232535304046,-0.193456136813003,-0.5769272105747277,0.07015990636523173,0.39030484757621187,0.6204892764225377,0.41481007279840953,-0.20567920362412817,-0.5338972377579131,0.09450487723175734,0.3278360819590205,exploratory_only,探索性,0.7846985598110037,0.6612287076800583,差异未达FDR显著
各逐题条件相对C03,相对C03,HAMD-17,PDCH共同24人验证,Kimi-K2.6,不思考,13,全身症状,3,C03：全文｜不规整｜逐条评分｜不清洗,16,C16：事件序列｜规整｜逐条评分｜清洗,24,是,是,0.7393793903434076,0.7308970264006536,-0.008482363942754034,-0.19350130115650288,0.16576586739203594,0.9380309845077461,0.6204892764225377,0.6105953699647751,-0.009893906457762558,-0.1989606967455352,0.1992218821796453,1.0,exploratory_only,探索性,1.0,1.0,差异未达FDR显著
各逐题条件相对C03,相对C03,HAMD-17,PDCH共同24人验证,Kimi-K2.6,不思考,14,性症状,3,C03：全文｜不规整｜逐条评分｜不清洗,4,C04：全文｜不规整｜逐条评分｜清洗,12,是,是,0.6520783119018513,0.7039865488545116,0.051908236952660336,-0.03524859216163388,0.245213485436466,1.0,0.5642880936468349,0.6418089167368245,0.07752082308998964,-0.02061947884174284,0.33742707012891704,1.0,not_estimable,不可估计,1.0,1.0,差异未达FDR显著
各逐题条件相对C03,相对C03,HAMD-17,PDCH共同24人验证,Kimi-K2.6,不思考,14,性症状,3,C03：全文｜不规整｜逐条评分｜不清洗,7,C07：全文｜规整｜逐条评分｜不清洗,9,是,是,0.41425857805424554,0.5240002587656237,0.10974168071137819,-0.10606706111569605,0.5643080755370421,1.0,0.3651483716701107,0.5196152422706632,0.15446687060055253,-0.03713934597108791,0.654592087022796,0.0004997501249375312,not_estimable,不可估计,1.0,0.00849575212393803,目标条件校正相关显著更强
各逐题条件相对C03,相对C03,HAMD-17,PDCH共同24人验证,Kimi-K2.6,不思考,14,性症状,3,C03：全文｜不规整｜逐条评分｜不清洗,8,C08：全文｜规整｜逐条评分｜清洗,9,是,是,0.41425857805424554,0.873333764609373,0.4590751865551274,0.0,0.9419858048134111,0.5047476261869065,0.3651483716701107,0.8660254037844386,0.5008770321143279,0.0,0.9706509488374356,0.5047476261869065,not_estimable,不可估计,0.7846985598110037,0.7738758825715347,差异未达FDR显著
各逐题条件相对C03,相对C03,HAMD-17,PDCH共同24人验证,Kimi-K2.6,不思考,14,性症状,3,C03：全文｜不规整｜逐条评分｜不清洗,11,C11：事件序列｜不规整｜逐条评分｜不清洗,11,是,是,0.8034583467113611,0.8034583467113611,0.0,0.0,0.0,1.0,0.723407245480342,0.723407245480342,0.0,0.0,0.0,1.0,not_estimable,不可估计,1.0,1.0,差异未达FDR显著
各逐题条件相对C03,相对C03,HAMD-17,PDCH共同24人验证,Kimi-K2.6,不思考,14,性症状,3,C03：全文｜不规整｜逐条评分｜不清洗,12,C12：事件序列｜不规整｜逐条评分｜清洗,14,是,是,0.7003827094915249,0.7003827094915249,0.0,0.0,0.0,1.0,0.6079677456961833,0.6079677456961833,0.0,0.0,0.0,1.0,not_estimable,不可估计,1.0,1.0,差异未达FDR显著
各逐题条件相对C03,相对C03,HAMD-17,PDCH共同24人验证,Kimi-K2.6,不思考,14,性症状,3,C03：全文｜不规整｜逐条评分｜不清洗,15,C15：事件序列｜规整｜逐条评分｜不清洗,13,是,是,0.6536386650727918,0.7429742457205537,0.08933558064776193,-0.17262060356453096,0.42832438373976245,0.7526236881559221,0.5470954954408443,0.6225059556232311,0.07541046018238673,-0.21905336814424292,0.41358089739504633,0.7791104447776112,not_estimable,不可估计,0.9282266083453119,0.9657723221722471,差异未达FDR显著
各逐题条件相对C03,相对C03,HAMD-17,PDCH共同24人验证,Kimi-K2.6,不思考,14,性症状,3,C03：全文｜不规整｜逐条评分｜不清洗,16,C16：事件序列｜规整｜逐条评分｜清洗,10,是,是,0.6481085116376292,0.6614715737332504,0.013363062095621214,-0.4876176878214835,0.5473745117327719,1.0,0.5658384576654014,0.5395203898670106,-0.026318067798390854,-0.5616888201982004,0.5679178697705995,0.48425787106446777,not_estimable,不可估计,1.0,0.7738758825715347,差异未达FDR显著
各逐题条件相对C03,相对C03,HAMD-17,PDCH共同24人验证,Kimi-K2.6,不思考,15,疑病,3,C03：全文｜不规整｜逐条评分｜不清洗,4,C04：全文｜不规整｜逐条评分｜清洗,24,是,是,0.48640764136598746,0.3273596925664416,-0.15904794879954587,-0.38966229239959316,-0.013539217837290778,0.0004997501249375312,0.4160312992711941,0.22538565889120127,-0.19064564037999282,-0.399743393475809,-0.004230013603054579,0.13093453273363317,exploratory_only,探索性,0.009911710811261036,0.564967516241879,差异未达FDR显著
各逐题条件相对C03,相对C03,HAMD-17,PDCH共同24人验证,Kimi-K2.6,不思考,15,疑病,3,C03：全文｜不规整｜逐条评分｜不清洗,7,C07：全文｜规整｜逐条评分｜不清洗,24,是,是,0.48640764136598746,0.16514224589839582,-0.32126539546759164,-0.6966288685639386,0.042635533162132096,0.11644177911044477,0.4160312992711941,0.006466075664675603,-0.4095652236065185,-0.7292073287944815,-0.07277778968497516,0.026486756621689155,exploratory_only,探索性,0.6603250099088387,0.35021378199788994,差异未达FDR显著
各逐题条件相对C03,相对C03,HAMD-17,PDCH共同24人验证,Kimi-K2.6,不思考,15,疑病,3,C03：全文｜不规整｜逐条评分｜不清洗,8,C08：全文｜规整｜逐条评分｜清洗,24,是,是,0.48640764136598746,0.23124478428888084,-0.2551628570771066,-0.5202671679291221,-0.034427148123100354,0.015992003998001,0.4160312992711941,0.09108103990256235,-0.32495025936863176,-0.6095741098627866,-0.04368320923080889,0.017991004497751123,exploratory_only,探索性,0.271864067966017,0.26761619190404795,差异未达FDR显著
各逐题条件相对C03,相对C03,HAMD-17,PDCH共同24人验证,Kimi-K2.6,不思考,15,疑病,3,C03：全文｜不规整｜逐条评分｜不清洗,11,C11：事件序列｜不规整｜逐条评分｜不清洗,24,是,是,0.48640764136598746,0.35346718613289824,-0.13294045523308923,-0.3781632075144522,0.015025210003706373,0.0004997501249375312,0.4160312992711941,0.27908789232175524,-0.13694340694943885,-0.3599195530019884,0.0005205429327903462,0.26636681659170414,exploratory_only,探索性,0.009911710811261036,0.6152885095913582,差异未达FDR显著
各逐题条件相对C03,相对C03,HAMD-17,PDCH共同24人验证,Kimi-K2.6,不思考,15,疑病,3,C03：全文｜不规整｜逐条评分｜不清洗,12,C12：事件序列｜不规整｜逐条评分｜清洗,24,是,是,0.48640764136598746,0.20911220718634838,-0.2772954341796391,-0.5331969611120457,-0.03652073878654093,0.0004997501249375312,0.4160312992711941,0.08814025280970553,-0.3278910464614886,-0.5953044916718973,-0.09005714315295961,0.038980509745127435,exploratory_only,探索性,0.009911710811261036,0.42169824178819676,差异未达FDR显著
各逐题条件相对C03,相对C03,HAMD-17,PDCH共同24人验证,Kimi-K2.6,不思考,15,疑病,3,C03：全文｜不规整｜逐条评分｜不清洗,15,C15：事件序列｜规整｜逐条评分｜不清洗,24,是,是,0.48640764136598746,0.2754613778858122,-0.21094626348017526,-0.5177598199796075,0.07334239422353374,0.15942028985507245,0.4160312992711941,0.15196071681414441,-0.2640705824570497,-0.5631856515211184,0.005331009549543782,0.079960019990005,exploratory_only,探索性,0.6603250099088387,0.5008022304637155,差异未达FDR显著
各逐题条件相对C03,相对C03,HAMD-17,PDCH共同24人验证,Kimi-K2.6,不思考,15,疑病,3,C03：全文｜不规整｜逐条评分｜不清洗,16,C16：事件序列｜规整｜逐条评分｜清洗,24,是,是,0.48640764136598746,0.33382619628876026,-0.1525814450772272,-0.44512141259686616,0.12029345845189277,0.31284357821089454,0.4160312992711941,0.2006947599528001,-0.215336539318394,-0.5009100100124265,0.02308816126632676,0.14042978510744628,exploratory_only,探索性,0.702422373718801,0.564967516241879,差异未达FDR显著
各逐题条件相对C03,相对C03,HAMD-17,PDCH共同24人验证,Kimi-K2.6,不思考,16,体重减轻,3,C03：全文｜不规整｜逐条评分｜不清洗,4,C04：全文｜不规整｜逐条评分｜清洗,24,是,是,0.40351809764083063,0.369952743772431,-0.03356535386839965,-0.13943273648458587,0.04706928777727043,0.5022488755622189,0.37918159885116487,0.34304847298621977,-0.036133125864945104,-0.1250220721930566,0.04997446033958496,0.0004997501249375312,exploratory_only,探索性,0.7846985598110037,0.00849575212393803,目标条件校正相关显著更弱
各逐题条件相对C03,相对C03,HAMD-17,PDCH共同24人验证,Kimi-K2.6,不思考,16,体重减轻,3,C03：全文｜不规整｜逐条评分｜不清洗,7,C07：全文｜规整｜逐条评分｜不清洗,24,是,是,0.40351809764083063,0.1758546632405052,-0.22766343440032544,-0.5532260038417337,0.027305389453658107,0.24887556221889057,0.37918159885116487,0.15101971071816958,-0.2281618881329953,-0.5533768490416515,0.013486972871369221,0.0004997501249375312,exploratory_only,探索性,0.6877865415118528,0.00849575212393803,目标条件校正相关显著更弱
各逐题条件相对C03,相对C03,HAMD-17,PDCH共同24人验证,Kimi-K2.6,不思考,16,体重减轻,3,C03：全文｜不规整｜逐条评分｜不清洗,8,C08：全文｜规整｜逐条评分｜清洗,24,是,是,0.40351809764083063,0.03388548898499243,-0.3696326086558382,-0.7910735500505092,-0.025908498862795396,0.030484757621189407,0.37918159885116487,0.00321399206911427,-0.3759676067820506,-0.7480597134277315,-0.02308688501577062,0.0004997501249375312,exploratory_only,探索性,0.45346076961519244,0.00849575212393803,目标条件校正相关显著更弱
各逐题条件相对C03,相对C03,HAMD-17,PDCH共同24人验证,Kimi-K2.6,不思考,16,体重减轻,3,C03：全文｜不规整｜逐条评分｜不清洗,11,C11：事件序列｜不规整｜逐条评分｜不清洗,24,是,是,0.40351809764083063,0.33382619628876026,-0.06969190135207037,-0.244226716018789,0.014306658295843913,0.5007496251874063,0.37918159885116487,0.3336788441755169,-0.04550275467564796,-0.19804978083349428,0.03682805827693117,0.0004997501249375312,exploratory_only,探索性,0.7846985598110037,0.00849575212393803,目标条件校正相关显著更弱
各逐题条件相对C03,相对C03,HAMD-17,PDCH共同24人验证,Kimi-K2.6,不思考,16,体重减轻,3,C03：全文｜不规整｜逐条评分｜不清洗,12,C12：事件序列｜不规整｜逐条评分｜清洗,24,是,是,0.40351809764083063,0.40402344298304593,0.000505345342215302,-0.03455968227327223,0.03979913043316013,1.0,0.37918159885116487,0.37623850653446134,-0.0029430923167035328,-0.04011538686640496,0.031115139032976934,0.0004997501249375312,exploratory_only,探索性,1.0,0.00849575212393803,目标条件校正相关显著更弱
各逐题条件相对C03,相对C03,HAMD-17,PDCH共同24人验证,Kimi-K2.6,不思考,16,体重减轻,3,C03：全文｜不规整｜逐条评分｜不清洗,15,C15：事件序列｜规整｜逐条评分｜不清洗,24,是,是,0.40351809764083063,0.13870226959814494,-0.26481582804268566,-0.5709201795882034,0.0010701516351974488,0.13543228385807096,0.37918159885116487,0.11140798331668247,-0.2677736155344824,-0.6214925959237232,0.00011943396806566372,0.0004997501249375312,exploratory_only,探索性,0.6603250099088387,0.00849575212393803,目标条件校正相关显著更弱
各逐题条件相对C03,相对C03,HAMD-17,PDCH共同24人验证,Kimi-K2.6,不思考,16,体重减轻,3,C03：全文｜不规整｜逐条评分｜不清洗,16,C16：事件序列｜规整｜逐条评分｜清洗,24,是,是,0.40351809764083063,0.3442788477525383,-0.05923924988829232,-0.18931007526287658,0.08075812933770818,0.24687656171914044,0.37918159885116487,0.31936955217448976,-0.05981204667667511,-0.2257790079812466,0.07087600936877453,0.10844577711144428,exploratory_only,探索性,0.6877865415118528,0.564967516241879,差异未达FDR显著
各逐题条件相对C03,相对C03,HAMD-17,PDCH共同24人验证,Kimi-K2.6,不思考,17,自知力,3,C03：全文｜不规整｜逐条评分｜不清洗,4,C04：全文｜不规整｜逐条评分｜清洗,24,是,是,0.504481014235133,0.504481014235133,0.0,0.0,0.0,1.0,0.512748279492058,0.512748279492058,0.0,0.0,0.0,1.0,exploratory_only,探索性,1.0,1.0,差异未达FDR显著
各逐题条件相对C03,相对C03,HAMD-17,PDCH共同24人验证,Kimi-K2.6,不思考,17,自知力,3,C03：全文｜不规整｜逐条评分｜不清洗,7,C07：全文｜规整｜逐条评分｜不清洗,24,是,是,0.504481014235133,0.1331049280412462,-0.37137608619388685,-0.6450860728081792,0.0,0.2653673163418291,0.512748279492058,0.13287038173030907,-0.37987789776174896,-0.6889864117555173,-0.08491373374696316,0.24687656171914044,exploratory_only,探索性,0.6877865415118528,0.6152885095913582,差异未达FDR显著
各逐题条件相对C03,相对C03,HAMD-17,PDCH共同24人验证,Kimi-K2.6,不思考,17,自知力,3,C03：全文｜不规整｜逐条评分｜不清洗,8,C08：全文｜规整｜逐条评分｜清洗,24,是,是,0.504481014235133,0.6003777433144767,0.09589672907934366,-0.1754333574989771,0.4280851113270622,0.592703648175912,0.512748279492058,0.5719959803309503,0.0592477008388923,-0.24399943463023402,0.35047434167269437,0.8200899550224887,exploratory_only,探索性,0.8601430991821163,0.9958235168130221,差异未达FDR显著
各逐题条件相对C03,相对C03,HAMD-17,PDCH共同24人验证,Kimi-K2.6,不思考,17,自知力,3,C03：全文｜不规整｜逐条评分｜不清洗,11,C11：事件序列｜不规整｜逐条评分｜不清洗,24,是,是,0.504481014235133,0.504481014235133,0.0,0.0,0.0,1.0,0.512748279492058,0.512748279492058,0.0,0.0,0.0,1.0,exploratory_only,探索性,1.0,1.0,差异未达FDR显著
各逐题条件相对C03,相对C03,HAMD-17,PDCH共同24人验证,Kimi-K2.6,不思考,17,自知力,3,C03：全文｜不规整｜逐条评分｜不清洗,12,C12：事件序列｜不规整｜逐条评分｜清洗,24,是,是,0.504481014235133,0.4332300797811166,-0.07125093445401642,-0.3445733035008093,0.15125424619477978,1.0,0.512748279492058,0.38772874594224777,-0.12501953354981027,-0.4247744259652514,0.11171111111581843,1.0,exploratory_only,探索性,1.0,1.0,差异未达FDR显著
各逐题条件相对C03,相对C03,HAMD-17,PDCH共同24人验证,Kimi-K2.6,不思考,17,自知力,3,C03：全文｜不规整｜逐条评分｜不清洗,15,C15：事件序列｜规整｜逐条评分｜不清洗,24,是,是,0.504481014235133,0.143151659463863,-0.36132935477127004,-0.8199767959260131,0.11144100123562808,0.28585707146426786,0.512748279492058,0.12011475507647078,-0.39263352441558724,-0.8609476978036763,0.0684889586474298,0.24537731134432783,exploratory_only,探索性,0.702422373718801,0.6152885095913582,差异未达FDR显著
各逐题条件相对C03,相对C03,HAMD-17,PDCH共同24人验证,Kimi-K2.6,不思考,17,自知力,3,C03：全文｜不规整｜逐条评分｜不清洗,16,C16：事件序列｜规整｜逐条评分｜清洗,24,是,是,0.504481014235133,0.2751719154906321,-0.22930909874450095,-0.6900535974604798,0.205358796099046,0.4737631184407796,0.512748279492058,0.25175490107816045,-0.2609933784138976,-0.737804512593693,0.19266682557144588,0.440279860069965,exploratory_only,探索性,0.7846985598110037,0.7738758825715347,差异未达FDR显著
各逐题条件相对C03,相对C03,HAMD-17,PDCH共同24人验证,Kimi-K2.6,思考,1,抑郁情绪,3,C03：全文｜不规整｜逐条评分｜不清洗,4,C04：全文｜不规整｜逐条评分｜清洗,24,是,是,0.7321986848129015,0.7606675882285244,0.028468903415622915,-0.16703129981293835,0.18447292960954242,0.7051474262868566,0.6147783918451172,0.654412347858292,0.039633956013174876,-0.18490862647357548,0.22402217751700895,0.5562218890554723,exploratory_only,探索性,1.0,1.0,差异未达FDR显著
各逐题条件相对C03,相对C03,HAMD-17,PDCH共同24人验证,Kimi-K2.6,思考,1,抑郁情绪,3,C03：全文｜不规整｜逐条评分｜不清洗,7,C07：全文｜规整｜逐条评分｜不清洗,24,是,是,0.7321986848129015,0.12264070091968496,-0.6095579838932166,-1.16629711355123,0.06634813588629092,0.12893553223388307,0.6147783918451172,0.06853684524130285,-0.5462415466038143,-1.1676575197306922,0.12766060417653094,0.18790604697651175,exploratory_only,探索性,0.6101208654931793,0.8600315227001883,差异未达FDR显著
各逐题条件相对C03,相对C03,HAMD-17,PDCH共同24人验证,Kimi-K2.6,思考,1,抑郁情绪,3,C03：全文｜不规整｜逐条评分｜不清洗,8,C08：全文｜规整｜逐条评分｜清洗,24,是,是,0.7321986848129015,0.3184595723418358,-0.4137391124710657,-0.9303088459673784,0.02254000842273468,0.19940029985007496,0.6147783918451172,0.25208251189969577,-0.3626958799454214,-0.8699066635689652,0.09805632026759967,0.2748625687156422,exploratory_only,探索性,0.7654398607148039,0.9911710811261036,差异未达FDR显著
各逐题条件相对C03,相对C03,HAMD-17,PDCH共同24人验证,Kimi-K2.6,思考,1,抑郁情绪,3,C03：全文｜不规整｜逐条评分｜不清洗,11,C11：事件序列｜不规整｜逐条评分｜不清洗,24,是,是,0.7321986848129015,0.6879914774415172,-0.04420720737138428,-0.3348680423590851,0.1777465492385303,0.9100449775112444,0.6147783918451172,0.5631125045096923,-0.051665887335424876,-0.27809368378153965,0.12858040697947393,0.7091454272863568,exploratory_only,探索性,1.0,1.0,差异未达FDR显著
各逐题条件相对C03,相对C03,HAMD-17,PDCH共同24人验证,Kimi-K2.6,思考,1,抑郁情绪,3,C03：全文｜不规整｜逐条评分｜不清洗,12,C12：事件序列｜不规整｜逐条评分｜清洗,24,是,是,0.7321986848129015,0.7576003851170205,0.025401700304119035,-0.0863864355492741,0.14005531447991731,0.7561219390304847,0.6147783918451172,0.6266410705110376,0.01186267866592039,-0.1002244683676652,0.15595508679860595,1.0,exploratory_only,探索性,1.0,1.0,差异未达FDR显著
各逐题条件相对C03,相对C03,HAMD-17,PDCH共同24人验证,Kimi-K2.6,思考,1,抑郁情绪,3,C03：全文｜不规整｜逐条评分｜不清洗,15,C15：事件序列｜规整｜逐条评分｜不清洗,24,是,是,0.7321986848129015,0.5404774364571922,-0.19172124835570936,-0.494209814917757,0.04771897992801997,0.30134932533733133,0.6147783918451172,0.4706495139434303,-0.14412887790168688,-0.41951230645473164,0.10874442107335414,0.37681159420289856,exploratory_only,探索性,0.832583708145927,1.0,差异未达FDR显著
各逐题条件相对C03,相对C03,HAMD-17,PDCH共同24人验证,Kimi-K2.6,思考,1,抑郁情绪,3,C03：全文｜不规整｜逐条评分｜不清洗,16,C16：事件序列｜规整｜逐条评分｜清洗,24,是,是,0.7321986848129015,0.5884124797566052,-0.14378620505629636,-0.4092472389048046,0.05239830193459352,0.2063968015992004,0.6147783918451172,0.5394746750836095,-0.07530371676150771,-0.30614065022510456,0.10122567495954479,0.32233883058470764,exploratory_only,探索性,0.7675381059470265,1.0,差异未达FDR显著
各逐题条件相对C03,相对C03,HAMD-17,PDCH共同24人验证,Kimi-K2.6,思考,2,有罪感,3,C03：全文｜不规整｜逐条评分｜不清洗,4,C04：全文｜不规整｜逐条评分｜清洗,24,是,是,0.2738984957506148,0.171858292175854,-0.10204020357476082,-0.29039609374257863,0.05587361586801382,0.13843078460769614,0.1821970618410917,0.10563746785936795,-0.07655959398172374,-0.24393853355593667,0.0750232033685295,0.3728135932033983,exploratory_only,探索性,0.6101208654931793,1.0,差异未达FDR显著
各逐题条件相对C03,相对C03,HAMD-17,PDCH共同24人验证,Kimi-K2.6,思考,2,有罪感,3,C03：全文｜不规整｜逐条评分｜不清洗,7,C07：全文｜规整｜逐条评分｜不清洗,24,是,是,0.2738984957506148,0.2937396550100428,0.019841159259427976,-0.39760576440829043,0.414672842076278,0.9325337331334332,0.1821970618410917,0.1814149364068039,-0.0007821254342877948,-0.4208758735184951,0.3806221196848452,1.0,exploratory_only,探索性,1.0,1.0,差异未达FDR显著
各逐题条件相对C03,相对C03,HAMD-17,PDCH共同24人验证,Kimi-K2.6,思考,2,有罪感,3,C03：全文｜不规整｜逐条评分｜不清洗,8,C08：全文｜规整｜逐条评分｜清洗,24,是,是,0.2738984957506148,0.31142267989855626,0.03752418414794145,-0.34814452160336506,0.4517044906221783,0.847576211894053,0.1821970618410917,0.24390673391010625,0.061709672069014565,-0.33904446391970894,0.4328470011235539,0.7741129435282359,exploratory_only,探索性,1.0,1.0,差异未达FDR显著
各逐题条件相对C03,相对C03,HAMD-17,PDCH共同24人验证,Kimi-K2.6,思考,2,有罪感,3,C03：全文｜不规整｜逐条评分｜不清洗,11,C11：事件序列｜不规整｜逐条评分｜不清洗,24,是,是,0.2738984957506148,0.35504380959524107,0.08114531384462625,-0.17287523527240406,0.34785325020570557,0.6266866566716641,0.1821970618410917,0.3026939812397229,0.12049691939863122,-0.11044066075200264,0.3954985656787195,0.49975012493753124,exploratory_only,探索性,1.0,1.0,差异未达FDR显著
各逐题条件相对C03,相对C03,HAMD-17,PDCH共同24人验证,Kimi-K2.6,思考,2,有罪感,3,C03：全文｜不规整｜逐条评分｜不清洗,12,C12：事件序列｜不规整｜逐条评分｜清洗,24,是,是,0.2738984957506148,0.25883119351037526,-0.015067302240239555,-0.18033486568328416,0.14512674301495823,1.0,0.1821970618410917,0.10529869178922993,-0.07689837005186176,-0.2918702205662483,0.08612343634259342,0.3698150924537731,exploratory_only,探索性,1.0,1.0,差异未达FDR显著
各逐题条件相对C03,相对C03,HAMD-17,PDCH共同24人验证,Kimi-K2.6,思考,2,有罪感,3,C03：全文｜不规整｜逐条评分｜不清洗,15,C15：事件序列｜规整｜逐条评分｜不清洗,24,是,是,0.2738984957506148,0.28320958108799854,0.009311085337383729,-0.280768871326684,0.2801317784168519,0.9820089955022488,0.1821970618410917,0.16553165509055698,-0.01666540675053471,-0.30292117757163206,0.27660127655408917,0.9175412293853074,exploratory_only,探索性,1.0,1.0,差异未达FDR显著
各逐题条件相对C03,相对C03,HAMD-17,PDCH共同24人验证,Kimi-K2.6,思考,2,有罪感,3,C03：全文｜不规整｜逐条评分｜不清洗,16,C16：事件序列｜规整｜逐条评分｜清洗,24,是,是,0.2738984957506148,0.28320958108799854,0.009311085337383729,-0.2723012761879992,0.2944632846431765,0.9835082458770614,0.1821970618410917,0.20336746196839858,0.021170400127306893,-0.26022672981378353,0.35015412460778905,0.8650674662668666,exploratory_only,探索性,1.0,1.0,差异未达FDR显著
各逐题条件相对C03,相对C03,HAMD-17,PDCH共同24人验证,Kimi-K2.6,思考,3,自杀,3,C03：全文｜不规整｜逐条评分｜不清洗,4,C04：全文｜不规整｜逐条评分｜清洗,24,是,是,0.4367556990765203,0.3491473771812733,-0.08760832189524698,-0.3672924394823679,0.14334093951849622,0.6606696651674163,0.23268973388811007,0.19341625710608892,-0.039273476782021144,-0.34194351626781394,0.2620057858435636,0.7831084457771115,exploratory_only,探索性,1.0,1.0,差异未达FDR显著
各逐题条件相对C03,相对C03,HAMD-17,PDCH共同24人验证,Kimi-K2.6,思考,3,自杀,3,C03：全文｜不规整｜逐条评分｜不清洗,7,C07：全文｜规整｜逐条评分｜不清洗,24,是,是,0.4367556990765203,0.16956205037502262,-0.26719364870149764,-0.7195527267069094,0.21621183594709484,0.35782108945527236,0.23268973388811007,0.06622195035189755,-0.1664677835362125,-0.6821309628661124,0.4046201989896509,0.5562218890554723,exploratory_only,探索性,0.9256676009821175,1.0,差异未达FDR显著
各逐题条件相对C03,相对C03,HAMD-17,PDCH共同24人验证,Kimi-K2.6,思考,3,自杀,3,C03：全文｜不规整｜逐条评分｜不清洗,8,C08：全文｜规整｜逐条评分｜清洗,24,是,是,0.4367556990765203,0.3436256901059427,-0.0931300089705776,-0.5761979791147621,0.2920642857366008,0.6866566716641679,0.23268973388811007,0.2371034225731575,0.004413688685047434,-0.5037695232453675,0.45209980652818077,0.9875062468765617,exploratory_only,探索性,1.0,1.0,差异未达FDR显著
各逐题条件相对C03,相对C03,HAMD-17,PDCH共同24人验证,Kimi-K2.6,思考,3,自杀,3,C03：全文｜不规整｜逐条评分｜不清洗,11,C11：事件序列｜不规整｜逐条评分｜不清洗,24,是,是,0.4367556990765203,0.5564038111244949,0.1196481120479746,0.016689991180355836,0.29783820392629856,0.12893553223388307,0.23268973388811007,0.3873624217658931,0.15467268787778302,0.01788550379986869,0.34687692655089775,0.12143928035982009,exploratory_only,探索性,0.6101208654931793,0.7164750957854407,差异未达FDR显著
各逐题条件相对C03,相对C03,HAMD-17,PDCH共同24人验证,Kimi-K2.6,思考,3,自杀,3,C03：全文｜不规整｜逐条评分｜不清洗,12,C12：事件序列｜不规整｜逐条评分｜清洗,24,是,是,0.4367556990765203,0.5816172506800195,0.14486155160349917,-0.05490874275983074,0.4463645761901942,0.2698650674662669,0.23268973388811007,0.44960006540577174,0.21691033151766168,-0.055334886956935246,0.5095043712382762,0.10794602698650675,exploratory_only,探索性,0.832583708145927,0.7164750957854407,差异未达FDR显著
各逐题条件相对C03,相对C03,HAMD-17,PDCH共同24人验证,Kimi-K2.6,思考,3,自杀,3,C03：全文｜不规整｜逐条评分｜不清洗,15,C15：事件序列｜规整｜逐条评分｜不清洗,24,是,是,0.4367556990765203,0.2386163693440303,-0.19813932973249,-0.5402778047014399,0.020034050013384264,0.12743628185907047,0.23268973388811007,0.06238068468350103,-0.17030904920460904,-0.520598940599669,0.05995247597822129,0.24587706146926536,exploratory_only,探索性,0.6101208654931793,0.9726265899308411,差异未达FDR显著
各逐题条件相对C03,相对C03,HAMD-17,PDCH共同24人验证,Kimi-K2.6,思考,3,自杀,3,C03：全文｜不规整｜逐条评分｜不清洗,16,C16：事件序列｜规整｜逐条评分｜清洗,24,是,是,0.4367556990765203,0.4714596228621556,0.034703923785635304,-0.18956943346038924,0.22055509816430535,0.7891054472763618,0.23268973388811007,0.3498395812932,0.11714984740508991,-0.09317574479390694,0.340578203517124,0.1874062968515742,exploratory_only,探索性,1.0,0.8600315227001883,差异未达FDR显著
各逐题条件相对C03,相对C03,HAMD-17,PDCH共同24人验证,Kimi-K2.6,思考,4,入睡困难,3,C03：全文｜不规整｜逐条评分｜不清洗,4,C04：全文｜不规整｜逐条评分｜清洗,24,是,是,0.5758059734092145,0.6163851131734718,0.04057913976425731,-0.17097477024415034,0.21744733531290025,0.49825087456271866,0.5472411060165375,0.5889230034382477,0.041681897421710135,-0.1948569000403232,0.25422228247105433,0.519240379810095,exploratory_only,探索性,1.0,1.0,差异未达FDR显著
各逐题条件相对C03,相对C03,HAMD-17,PDCH共同24人验证,Kimi-K2.6,思考,4,入睡困难,3,C03：全文｜不规整｜逐条评分｜不清洗,7,C07：全文｜规整｜逐条评分｜不清洗,24,是,是,0.5758059734092145,0.18537533337766368,-0.3904306400315508,-0.7950931446199861,-0.011582729385382552,0.03298350824587706,0.5472411060165375,0.1505990753885829,-0.39664203062795467,-0.7799847327098011,-0.05162469558546021,0.03298350824587706,exploratory_only,探索性,0.5835519740129935,0.7164750957854407,差异未达FDR显著
各逐题条件相对C03,相对C03,HAMD-17,PDCH共同24人验证,Kimi-K2.6,思考,4,入睡困难,3,C03：全文｜不规整｜逐条评分｜不清洗,8,C08：全文｜规整｜逐条评分｜清洗,24,是,是,0.5758059734092145,0.3011983029267685,-0.27460767048244594,-0.7515997477979128,0.21547760083415016,0.28335832083958024,0.5472411060165375,0.31290791003586943,-0.2343331959806681,-0.6991511606714179,0.21342877926648282,0.39480259870064965,exploratory_only,探索性,0.832583708145927,1.0,差异未达FDR显著
各逐题条件相对C03,相对C03,HAMD-17,PDCH共同24人验证,Kimi-K2.6,思考,4,入睡困难,3,C03：全文｜不规整｜逐条评分｜不清洗,11,C11：事件序列｜不规整｜逐条评分｜不清洗,24,是,是,0.5758059734092145,0.5625727673894818,-0.013233206019732657,-0.22376743254565146,0.1448854415892905,1.0,0.5472411060165375,0.5204177623070849,-0.026823343709452607,-0.211159575257737,0.13958533432663636,1.0,exploratory_only,探索性,1.0,1.0,差异未达FDR显著
各逐题条件相对C03,相对C03,HAMD-17,PDCH共同24人验证,Kimi-K2.6,思考,4,入睡困难,3,C03：全文｜不规整｜逐条评分｜不清洗,12,C12：事件序列｜不规整｜逐条评分｜清洗,24,是,是,0.5758059734092145,0.6322491134932504,0.05644314008403595,-0.002611232282131429,0.16595392209989113,0.0004997501249375312,0.5472411060165375,0.6010262513668495,0.05378514535031198,-0.006436482089620088,0.15659637948236402,0.4917541229385307,exploratory_only,探索性,0.014867566216891554,1.0,差异未达FDR显著
各逐题条件相对C03,相对C03,HAMD-17,PDCH共同24人验证,Kimi-K2.6,思考,4,入睡困难,3,C03：全文｜不规整｜逐条评分｜不清洗,15,C15：事件序列｜规整｜逐条评分｜不清洗,24,是,是,0.5758059734092145,0.19061058027664776,-0.3851953931325667,-0.7568231782678598,-0.006069769579959821,0.07546226886556721,0.5472411060165375,0.15940186494526154,-0.387839241071276,-0.7662676014500268,-0.008431139443604605,0.09245377311344327,exploratory_only,探索性,0.5835519740129935,0.7164750957854407,差异未达FDR显著
各逐题条件相对C03,相对C03,HAMD-17,PDCH共同24人验证,Kimi-K2.6,思考,4,入睡困难,3,C03：全文｜不规整｜逐条评分｜不清洗,16,C16：事件序列｜规整｜逐条评分｜清洗,24,是,是,0.5758059734092145,0.30565373430983783,-0.27015223909937663,-0.6414262237274412,0.0668027907938338,0.10294852573713144,0.5472411060165375,0.2695523462343708,-0.2776887597821667,-0.6086231776334017,0.09199507423686107,0.09645177411294353,exploratory_only,探索性,0.6101208654931793,0.7164750957854407,差异未达FDR显著
各逐题条件相对C03,相对C03,HAMD-17,PDCH共同24人验证,Kimi-K2.6,思考,5,睡眠不深,3,C03：全文｜不规整｜逐条评分｜不清洗,4,C04：全文｜不规整｜逐条评分｜清洗,24,是,是,0.13009224518870682,0.1673296584904284,0.03723741330172159,-0.1987557307282237,0.27797867868655746,0.7106446776611695,-0.04008412861413104,0.014315760219332516,0.054399888833463556,-0.1757163171780184,0.31672159029998204,0.7361319340329835,exploratory_only,探索性,1.0,1.0,差异未达FDR显著
各逐题条件相对C03,相对C03,HAMD-17,PDCH共同24人验证,Kimi-K2.6,思考,5,睡眠不深,3,C03：全文｜不规整｜逐条评分｜不清洗,7,C07：全文｜规整｜逐条评分｜不清洗,24,是,是,0.13009224518870682,-0.03978647383818716,-0.169878719026894,-0.5442771935077865,0.19821847115887054,0.4672663668165917,-0.04008412861413104,-0.19650521194878312,-0.15642108333465207,-0.5590985176330804,0.195557139842509,0.5757121439280359,exploratory_only,探索性,1.0,1.0,差异未达FDR显著
各逐题条件相对C03,相对C03,HAMD-17,PDCH共同24人验证,Kimi-K2.6,思考,5,睡眠不深,3,C03：全文｜不规整｜逐条评分｜不清洗,8,C08：全文｜规整｜逐条评分｜清洗,24,是,是,0.13009224518870682,-0.032231529159599835,-0.16232377434830667,-0.5045886588985237,0.15952628803418756,0.3423288355822089,-0.04008412861413104,-0.19659609130408096,-0.1565119626899499,-0.4919612540899239,0.19938636834607484,0.3523238380809595,exploratory_only,探索性,0.9052695874285079,1.0,差异未达FDR显著
各逐题条件相对C03,相对C03,HAMD-17,PDCH共同24人验证,Kimi-K2.6,思考,5,睡眠不深,3,C03：全文｜不规整｜逐条评分｜不清洗,11,C11：事件序列｜不规整｜逐条评分｜不清洗,24,是,是,0.13009224518870682,0.025515277081083795,-0.10457696810762303,-0.3776956205185022,0.1112407551015115,0.49375312343828087,-0.04008412861413104,-0.11076029173286772,-0.07067616311873667,-0.3617430460074798,0.19960504515197766,0.5647176411794103,exploratory_only,探索性,1.0,1.0,差异未达FDR显著
各逐题条件相对C03,相对C03,HAMD-17,PDCH共同24人验证,Kimi-K2.6,思考,5,睡眠不深,3,C03：全文｜不规整｜逐条评分｜不清洗,12,C12：事件序列｜不规整｜逐条评分｜清洗,24,是,是,0.13009224518870682,0.18015582031808158,0.05006357512937476,-0.1993028681059372,0.38573762171972525,1.0,-0.04008412861413104,0.020279963102622183,0.06036409171675322,-0.1814277253662228,0.40280592635387674,1.0,exploratory_only,探索性,1.0,1.0,差异未达FDR显著
各逐题条件相对C03,相对C03,HAMD-17,PDCH共同24人验证,Kimi-K2.6,思考,5,睡眠不深,3,C03：全文｜不规整｜逐条评分｜不清洗,15,C15：事件序列｜规整｜逐条评分｜不清洗,24,是,是,0.13009224518870682,0.13054686497466197,0.0004546197859551515,-0.4758884644702129,0.44466392236177926,1.0,-0.04008412861413104,-0.01992926591458116,0.020154862699549882,-0.41062356569200903,0.4125328612159182,0.9215392303848076,exploratory_only,探索性,1.0,1.0,差异未达FDR显著
各逐题条件相对C03,相对C03,HAMD-17,PDCH共同24人验证,Kimi-K2.6,思考,5,睡眠不深,3,C03：全文｜不规整｜逐条评分｜不清洗,16,C16：事件序列｜规整｜逐条评分｜清洗,24,是,是,0.13009224518870682,0.31219882623933565,0.18210658105062882,-0.13621856476755065,0.5122586402449172,0.2888555722138931,-0.04008412861413104,0.20600260284973076,0.2460867314638618,-0.1202578028259689,0.558274767518961,0.17891054472763618,exploratory_only,探索性,0.832583708145927,0.8600315227001883,差异未达FDR显著
各逐题条件相对C03,相对C03,HAMD-17,PDCH共同24人验证,Kimi-K2.6,思考,6,早醒,3,C03：全文｜不规整｜逐条评分｜不清洗,4,C04：全文｜不规整｜逐条评分｜清洗,24,是,是,0.4835942190194403,0.42638151111687345,-0.05721270790256683,-0.24266305143274752,0.09786311655897334,0.3053473263368316,0.43972427671686426,0.357071978240548,-0.08265229847631628,-0.3167364054517368,0.0796427086893176,0.35932033983008493,exploratory_only,探索性,0.832583708145927,1.0,差异未达FDR显著
各逐题条件相对C03,相对C03,HAMD-17,PDCH共同24人验证,Kimi-K2.6,思考,6,早醒,3,C03：全文｜不规整｜逐条评分｜不清洗,7,C07：全文｜规整｜逐条评分｜不清洗,24,是,是,0.4835942190194403,0.3472559857946299,-0.13633823322481037,-0.5438531257888863,0.39789024551198315,0.6326836581709145,0.43972427671686426,0.3315417550786901,-0.10818252163817416,-0.544472580114997,0.39119143980086557,0.7001499250374813,exploratory_only,探索性,1.0,1.0,差异未达FDR显著
各逐题条件相对C03,相对C03,HAMD-17,PDCH共同24人验证,Kimi-K2.6,思考,6,早醒,3,C03：全文｜不规整｜逐条评分｜不清洗,8,C08：全文｜规整｜逐条评分｜清洗,24,是,是,0.4835942190194403,0.49244092077853613,0.008846701759095854,-0.30697900176464216,0.32435898448321676,0.9415292353823088,0.43972427671686426,0.5207490712591535,0.08102479454228922,-0.20691628274455495,0.3771649926870652,0.5882058970514743,exploratory_only,探索性,1.0,1.0,差异未达FDR显著
各逐题条件相对C03,相对C03,HAMD-17,PDCH共同24人验证,Kimi-K2.6,思考,6,早醒,3,C03：全文｜不规整｜逐条评分｜不清洗,11,C11：事件序列｜不规整｜逐条评分｜不清洗,24,是,是,0.4835942190194403,0.4883808975175736,0.004786678498133301,-0.2745896085654829,0.29209942969916414,1.0,0.43972427671686426,0.44718895766860295,0.007464680951738689,-0.3453374486895821,0.3627451324624756,1.0,exploratory_only,探索性,1.0,1.0,差异未达FDR显著
各逐题条件相对C03,相对C03,HAMD-17,PDCH共同24人验证,Kimi-K2.6,思考,6,早醒,3,C03：全文｜不规整｜逐条评分｜不清洗,12,C12：事件序列｜不规整｜逐条评分｜清洗,24,是,是,0.4835942190194403,0.48969038131375703,0.006096162294316754,-0.051348212841265894,0.06715430226325626,0.760119940029985,0.43972427671686426,0.44413137478171577,0.004407098064851511,-0.05862913774200482,0.08104265125078294,1.0,exploratory_only,探索性,1.0,1.0,差异未达FDR显著
各逐题条件相对C03,相对C03,HAMD-17,PDCH共同24人验证,Kimi-K2.6,思考,6,早醒,3,C03：全文｜不规整｜逐条评分｜不清洗,15,C15：事件序列｜规整｜逐条评分｜不清洗,24,是,是,0.4835942190194403,0.485399080599526,0.0018048615800857482,-0.257770935817476,0.2956388393150321,1.0,0.43972427671686426,0.5025186470747941,0.06279437035792984,-0.1744071727022062,0.29984028018781284,0.6231884057971014,exploratory_only,探索性,1.0,1.0,差异未达FDR显著
各逐题条件相对C03,相对C03,HAMD-17,PDCH共同24人验证,Kimi-K2.6,思考,6,早醒,3,C03：全文｜不规整｜逐条评分｜不清洗,16,C16：事件序列｜规整｜逐条评分｜清洗,24,是,是,0.4835942190194403,0.360015996522345,-0.12357822249709527,-0.39236596576164395,0.0684386405124487,0.24737631184407796,0.43972427671686426,0.309226622924643,-0.13049765379222128,-0.3911969007340218,0.0468575170509217,0.25337331334332835,exploratory_only,探索性,0.8177161419290355,0.9726265899308411,差异未达FDR显著
各逐题条件相对C03,相对C03,HAMD-17,PDCH共同24人验证,Kimi-K2.6,思考,7,工作和活动,3,C03：全文｜不规整｜逐条评分｜不清洗,4,C04：全文｜不规整｜逐条评分｜清洗,24,是,是,0.7832931370797817,0.7245812402907107,-0.05871189678907096,-0.26086937720652337,0.09789050233243486,0.4687656171914043,0.6490077774227045,0.5468929017843055,-0.10211487563839905,-0.3802078757811572,0.09451991084237311,0.3868065967016492,exploratory_only,探索性,1.0,1.0,差异未达FDR显著
各逐题条件相对C03,相对C03,HAMD-17,PDCH共同24人验证,Kimi-K2.6,思考,7,工作和活动,3,C03：全文｜不规整｜逐条评分｜不清洗,7,C07：全文｜规整｜逐条评分｜不清洗,24,是,是,0.7832931370797817,0.2828274367138684,-0.5004657003659132,-1.0001503537859995,-0.10166979974228546,0.0544727636181909,0.6490077774227045,0.2415817688597626,-0.407426008562942,-0.8606974407773346,0.035068454285642224,0.12293853073463268,exploratory_only,探索性,0.5835519740129935,0.7164750957854407,差异未达FDR显著
各逐题条件相对C03,相对C03,HAMD-17,PDCH共同24人验证,Kimi-K2.6,思考,7,工作和活动,3,C03：全文｜不规整｜逐条评分｜不清洗,8,C08：全文｜规整｜逐条评分｜清洗,24,是,是,0.7832931370797817,0.6555211845063483,-0.12777195257343332,-0.34711629439446723,0.07805965542373965,0.392303848075962,0.6490077774227045,0.5561289249932561,-0.09287885242944849,-0.37873903115630114,0.15371784332520072,0.6111944027986007,exploratory_only,探索性,0.9849762618690655,1.0,差异未达FDR显著
各逐题条件相对C03,相对C03,HAMD-17,PDCH共同24人验证,Kimi-K2.6,思考,7,工作和活动,3,C03：全文｜不规整｜逐条评分｜不清洗,11,C11：事件序列｜不规整｜逐条评分｜不清洗,24,是,是,0.7832931370797817,0.7216757649588027,-0.06161737212097895,-0.34874507737061594,0.12647637133348325,0.7511244377811095,0.6490077774227045,0.6071889580531569,-0.04181881936954768,-0.28648845277311497,0.13752325456817924,0.8840579710144928,exploratory_only,探索性,1.0,1.0,差异未达FDR显著
各逐题条件相对C03,相对C03,HAMD-17,PDCH共同24人验证,Kimi-K2.6,思考,7,工作和活动,3,C03：全文｜不规整｜逐条评分｜不清洗,12,C12：事件序列｜不规整｜逐条评分｜清洗,24,是,是,0.7832931370797817,0.7857871141802266,0.0024939771004449662,-0.1345675573115946,0.12861075949712872,1.0,0.6490077774227045,0.6607341880230726,0.011726410600368053,-0.11098713442917921,0.15630578211154558,0.8775612193903048,exploratory_only,探索性,1.0,1.0,差异未达FDR显著
各逐题条件相对C03,相对C03,HAMD-17,PDCH共同24人验证,Kimi-K2.6,思考,7,工作和活动,3,C03：全文｜不规整｜逐条评分｜不清洗,15,C15：事件序列｜规整｜逐条评分｜不清洗,24,是,是,0.7832931370797817,0.7121163063938034,-0.07117683068597824,-0.3880003188795722,0.21938287668560327,0.8150924537731135,0.6490077774227045,0.6227802049020357,-0.026227572520668874,-0.36911183223517485,0.30445906074444956,0.9305347326336831,exploratory_only,探索性,1.0,1.0,差异未达FDR显著
各逐题条件相对C03,相对C03,HAMD-17,PDCH共同24人验证,Kimi-K2.6,思考,7,工作和活动,3,C03：全文｜不规整｜逐条评分｜不清洗,16,C16：事件序列｜规整｜逐条评分｜清洗,24,是,是,0.7832931370797817,0.7582881526755858,-0.02500498440419585,-0.2560071254146712,0.2362056776794217,0.7886056971514243,0.6490077774227045,0.6570580902664842,0.008050312843779661,-0.247685372911142,0.29316450204916067,0.928535732133933,exploratory_only,探索性,1.0,1.0,差异未达FDR显著
各逐题条件相对C03,相对C03,HAMD-17,PDCH共同24人验证,Kimi-K2.6,思考,8,迟滞,3,C03：全文｜不规整｜逐条评分｜不清洗,4,C04：全文｜不规整｜逐条评分｜清洗,24,是,是,0.6367472389652843,0.46656780039721046,-0.17017943856807383,-0.4552546743854855,0.05437534143756644,0.18040979510244878,0.5581408037235803,0.42224654498107556,-0.13589425874250477,-0.4823922142491689,0.1299148710237933,0.33383308345827084,exploratory_only,探索性,0.7505557566044565,1.0,差异未达FDR显著
各逐题条件相对C03,相对C03,HAMD-17,PDCH共同24人验证,Kimi-K2.6,思考,8,迟滞,3,C03：全文｜不规整｜逐条评分｜不清洗,7,C07：全文｜规整｜逐条评分｜不清洗,24,是,是,0.6367472389652843,0.14216982633809855,-0.49457741262718574,-0.9453124608915021,-0.09707460639219115,0.09195402298850575,0.5581408037235803,0.19112658471217528,-0.3670142190114051,-0.8167795910168497,0.17921656765159824,0.2143928035982009,exploratory_only,探索性,0.6079182630906769,0.944916430673552,差异未达FDR显著
各逐题条件相对C03,相对C03,HAMD-17,PDCH共同24人验证,Kimi-K2.6,思考,8,迟滞,3,C03：全文｜不规整｜逐条评分｜不清洗,8,C08：全文｜规整｜逐条评分｜清洗,24,是,是,0.6367472389652843,0.23329634487454942,-0.40345089409073487,-0.8369211908178593,0.05170837145941701,0.24687656171914044,0.5581408037235803,0.2552378424770719,-0.30290296124650845,-0.7897126339028228,0.24204806244043922,0.3708145927036482,exploratory_only,探索性,0.8177161419290355,1.0,差异未达FDR显著
各逐题条件相对C03,相对C03,HAMD-17,PDCH共同24人验证,Kimi-K2.6,思考,8,迟滞,3,C03：全文｜不规整｜逐条评分｜不清洗,11,C11：事件序列｜不规整｜逐条评分｜不清洗,24,是,是,0.6367472389652843,0.6115539702888781,-0.025193268676406144,-0.12858497391184562,0.03751920054578495,1.0,0.5581408037235803,0.5588333320796888,0.0006925283561084461,-0.10073779283884665,0.08128408335564576,1.0,exploratory_only,探索性,1.0,1.0,差异未达FDR显著
各逐题条件相对C03,相对C03,HAMD-17,PDCH共同24人验证,Kimi-K2.6,思考,8,迟滞,3,C03：全文｜不规整｜逐条评分｜不清洗,12,C12：事件序列｜不规整｜逐条评分｜清洗,24,是,是,0.6367472389652843,0.38362201095397264,-0.25312522801131165,-0.5492308927965064,0.0,0.25537231384307846,0.5581408037235803,0.3208860866081401,-0.23725471711544022,-0.5812843554771765,0.05882593040707413,0.2673663168415792,exploratory_only,探索性,0.8213325769547658,0.9911710811261036,差异未达FDR显著
各逐题条件相对C03,相对C03,HAMD-17,PDCH共同24人验证,Kimi-K2.6,思考,8,迟滞,3,C03：全文｜不规整｜逐条评分｜不清洗,15,C15：事件序列｜规整｜逐条评分｜不清洗,24,是,是,0.6367472389652843,0.16985884456835784,-0.4668883943969264,-0.9521494267744428,-0.060162474206210424,0.043478260869565216,0.5581408037235803,0.12630559583572637,-0.43183520788785396,-0.840380819261158,-0.00048218458634342355,0.041979010494752625,exploratory_only,探索性,0.5835519740129935,0.7164750957854407,差异未达FDR显著
各逐题条件相对C03,相对C03,HAMD-17,PDCH共同24人验证,Kimi-K2.6,思考,8,迟滞,3,C03：全文｜不规整｜逐条评分｜不清洗,16,C16：事件序列｜规整｜逐条评分｜清洗,24,是,是,0.6367472389652843,0.44620016152500985,-0.19054707744027444,-0.5190536038234992,0.069260785296587,0.191904047976012,0.5581408037235803,0.4331472388529386,-0.12499356487064173,-0.45091435920908446,0.1644446269836264,0.3553223388305847,exploratory_only,探索性,0.7612193903048475,1.0,差异未达FDR显著
各逐题条件相对C03,相对C03,HAMD-17,PDCH共同24人验证,Kimi-K2.6,思考,9,激越,3,C03：全文｜不规整｜逐条评分｜不清洗,4,C04：全文｜不规整｜逐条评分｜清洗,24,是,是,0.06423871291158437,0.16981006623810746,0.10557135332652309,-0.2769138698325507,0.5366221697907928,0.7401299350324838,0.03036188425968253,0.13078749488979444,0.1004256106301119,-0.2763330922503203,0.5712212863174643,0.7521239380309845,exploratory_only,探索性,1.0,1.0,差异未达FDR显著
各逐题条件相对C03,相对C03,HAMD-17,PDCH共同24人验证,Kimi-K2.6,思考,9,激越,3,C03：全文｜不规整｜逐条评分｜不清洗,7,C07：全文｜规整｜逐条评分｜不清洗,24,是,是,0.06423871291158437,0.3013812692753366,0.23714255636375223,-0.19849782771527405,0.6935662040841524,0.39730134932533734,0.03036188425968253,0.2774170336384684,0.2470551493787859,-0.19958995534070675,0.7234873597712438,0.3823088455772114,exploratory_only,探索性,0.9849762618690655,1.0,差异未达FDR显著
各逐题条件相对C03,相对C03,HAMD-17,PDCH共同24人验证,Kimi-K2.6,思考,9,激越,3,C03：全文｜不规整｜逐条评分｜不清洗,8,C08：全文｜规整｜逐条评分｜清洗,24,是,是,0.06423871291158437,0.1326064218424864,0.06836770893090202,-0.3399756730972476,0.5921956330500503,0.9020489755122438,0.03036188425968253,0.15047534754623065,0.12011346328654812,-0.40000080302309127,0.6406438613820228,0.7421289355322339,exploratory_only,探索性,1.0,1.0,差异未达FDR显著
各逐题条件相对C03,相对C03,HAMD-17,PDCH共同24人验证,Kimi-K2.6,思考,9,激越,3,C03：全文｜不规整｜逐条评分｜不清洗,11,C11：事件序列｜不规整｜逐条评分｜不清洗,24,是,是,0.06423871291158437,0.1316788361593503,0.06744012324776594,-0.3140639101119356,0.45865456001264604,0.7936031984007996,0.03036188425968253,0.17959249218819212,0.1492306079285096,-0.2512353518038689,0.5548374592994672,0.5787106446776612,exploratory_only,探索性,1.0,1.0,差异未达FDR显著
各逐题条件相对C03,相对C03,HAMD-17,PDCH共同24人验证,Kimi-K2.6,思考,9,激越,3,C03：全文｜不规整｜逐条评分｜不清洗,12,C12：事件序列｜不规整｜逐条评分｜清洗,24,是,是,0.06423871291158437,-0.0445828723708323,-0.10882158528241667,-0.5927788449434069,0.36101314317883804,0.6021989005497251,0.03036188425968253,-0.059312982586059326,-0.08967486684574186,-0.5432399035430778,0.3538581073541099,0.7421289355322339,exploratory_only,探索性,1.0,1.0,差异未达FDR显著
各逐题条件相对C03,相对C03,HAMD-17,PDCH共同24人验证,Kimi-K2.6,思考,9,激越,3,C03：全文｜不规整｜逐条评分｜不清洗,15,C15：事件序列｜规整｜逐条评分｜不清洗,24,是,是,0.06423871291158437,-0.015493619182309074,-0.07973233209389344,-0.4388664444576343,0.24996014681074005,0.9440279860069966,0.03036188425968253,-0.0309190295247741,-0.06128091378445663,-0.46286327616989376,0.361939878174672,0.9340329835082459,exploratory_only,探索性,1.0,1.0,差异未达FDR显著
各逐题条件相对C03,相对C03,HAMD-17,PDCH共同24人验证,Kimi-K2.6,思考,9,激越,3,C03：全文｜不规整｜逐条评分｜不清洗,16,C16：事件序列｜规整｜逐条评分｜清洗,24,是,是,0.06423871291158437,0.16483934509134182,0.10060063217975745,-0.25452071230202816,0.4915401855314829,0.6446776611694153,0.03036188425968253,0.15241489199900046,0.12205300773931793,-0.2185545092632275,0.49046350993493093,0.527736131934033,exploratory_only,探索性,1.0,1.0,差异未达FDR显著
各逐题条件相对C03,相对C03,HAMD-17,PDCH共同24人验证,Kimi-K2.6,思考,10,精神性焦虑,3,C03：全文｜不规整｜逐条评分｜不清洗,4,C04：全文｜不规整｜逐条评分｜清洗,24,是,是,0.708445278122211,0.6928534802225271,-0.015591797899683901,-0.19569601183030677,0.1663928759033144,0.7376311844077961,0.6583605199446291,0.6685027491496844,0.010142229205055364,-0.18929006106166663,0.19375884743750152,0.9375312343828086,exploratory_only,探索性,1.0,1.0,差异未达FDR显著
各逐题条件相对C03,相对C03,HAMD-17,PDCH共同24人验证,Kimi-K2.6,思考,10,精神性焦虑,3,C03：全文｜不规整｜逐条评分｜不清洗,7,C07：全文｜规整｜逐条评分｜不清洗,24,是,是,0.708445278122211,0.5277046040586244,-0.18074067406358663,-0.3676895510343781,-0.025017995191443283,0.07846076961519241,0.6583605199446291,0.4617780246319639,-0.1965824953126652,-0.3905732130016822,-0.033874112889014346,0.08695652173913043,exploratory_only,探索性,0.5835519740129935,0.7164750957854407,差异未达FDR显著
各逐题条件相对C03,相对C03,HAMD-17,PDCH共同24人验证,Kimi-K2.6,思考,10,精神性焦虑,3,C03：全文｜不规整｜逐条评分｜不清洗,8,C08：全文｜规整｜逐条评分｜清洗,24,是,是,0.708445278122211,0.32646152238125253,-0.3819837557409585,-0.7203321002548534,-0.03056656375546172,0.046476761619190406,0.6583605199446291,0.25512778974332523,-0.40323273020130385,-0.7255837779383855,-0.05748251088791106,0.05547226386806597,exploratory_only,探索性,0.5835519740129935,0.7164750957854407,差异未达FDR显著
各逐题条件相对C03,相对C03,HAMD-17,PDCH共同24人验证,Kimi-K2.6,思考,10,精神性焦虑,3,C03：全文｜不规整｜逐条评分｜不清洗,11,C11：事件序列｜不规整｜逐条评分｜不清洗,24,是,是,0.708445278122211,0.6359485369927936,-0.0724967411294174,-0.29280130195745335,0.10585697877618347,0.7511244377811095,0.6583605199446291,0.6324602286897895,-0.025900291254839614,-0.24275266184603939,0.1264738653713282,0.8725637181409296,exploratory_only,探索性,1.0,1.0,差异未达FDR显著
各逐题条件相对C03,相对C03,HAMD-17,PDCH共同24人验证,Kimi-K2.6,思考,10,精神性焦虑,3,C03：全文｜不规整｜逐条评分｜不清洗,12,C12：事件序列｜不规整｜逐条评分｜清洗,24,是,是,0.708445278122211,0.7170926814129733,0.008647403290762301,-0.16239904028070315,0.2291336486578861,0.8655672163918041,0.6583605199446291,0.7004314965333883,0.042070976588759246,-0.14633381943043036,0.2641759613360928,0.6856571714142928,exploratory_only,探索性,1.0,1.0,差异未达FDR显著
各逐题条件相对C03,相对C03,HAMD-17,PDCH共同24人验证,Kimi-K2.6,思考,10,精神性焦虑,3,C03：全文｜不规整｜逐条评分｜不清洗,15,C15：事件序列｜规整｜逐条评分｜不清洗,24,是,是,0.708445278122211,0.5604944966490731,-0.1479507814731379,-0.43732542602204094,0.12853284161744258,0.4847576211894053,0.6583605199446291,0.5275157184506664,-0.13084480149396271,-0.4750853077383808,0.17139342920290568,0.545727136431784,exploratory_only,探索性,1.0,1.0,差异未达FDR显著
各逐题条件相对C03,相对C03,HAMD-17,PDCH共同24人验证,Kimi-K2.6,思考,10,精神性焦虑,3,C03：全文｜不规整｜逐条评分｜不清洗,16,C16：事件序列｜规整｜逐条评分｜清洗,24,是,是,0.708445278122211,0.6672611757146433,-0.04118410240756776,-0.2280232673316049,0.1687457155338254,0.7576211894052973,0.6583605199446291,0.6365369212277662,-0.021823598716862902,-0.21177166364534822,0.17638128355684832,0.8760619690154923,exploratory_only,探索性,1.0,1.0,差异未达FDR显著
各逐题条件相对C03,相对C03,HAMD-17,PDCH共同24人验证,Kimi-K2.6,思考,11,躯体性焦虑,3,C03：全文｜不规整｜逐条评分｜不清洗,4,C04：全文｜不规整｜逐条评分｜清洗,24,是,是,0.6381863969895147,0.647519290415407,0.009332893425892275,-0.20249561141278336,0.2206903955575889,0.8765617191404298,0.508745911815385,0.5273191459847157,0.018573234169330766,-0.22658161150190215,0.26249965317618607,0.9055472263868066,exploratory_only,探索性,1.0,1.0,差异未达FDR显著
各逐题条件相对C03,相对C03,HAMD-17,PDCH共同24人验证,Kimi-K2.6,思考,11,躯体性焦虑,3,C03：全文｜不规整｜逐条评分｜不清洗,7,C07：全文｜规整｜逐条评分｜不清洗,24,是,是,0.6381863969895147,0.4367583043535002,-0.20142809263601452,-0.5213229807530927,0.08387384770323371,0.3078460769615192,0.508745911815385,0.3649035505780656,-0.14384236123731936,-0.44950176185262747,0.1671962173008849,0.463768115942029,exploratory_only,探索性,0.832583708145927,1.0,差异未达FDR显著
各逐题条件相对C03,相对C03,HAMD-17,PDCH共同24人验证,Kimi-K2.6,思考,11,躯体性焦虑,3,C03：全文｜不规整｜逐条评分｜不清洗,8,C08：全文｜规整｜逐条评分｜清洗,24,是,是,0.6381863969895147,0.32655862510127437,-0.31162777188824037,-0.6282180528620982,-0.013162331106922324,0.08545727136431784,0.508745911815385,0.22571056031874448,-0.2830353514966405,-0.5902660827428626,-0.04256659701663196,0.06196901549225387,exploratory_only,探索性,0.5982008995502249,0.7164750957854407,差异未达FDR显著
各逐题条件相对C03,相对C03,HAMD-17,PDCH共同24人验证,Kimi-K2.6,思考,11,躯体性焦虑,3,C03：全文｜不规整｜逐条评分｜不清洗,11,C11：事件序列｜不规整｜逐条评分｜不清洗,24,是,是,0.6381863969895147,0.5484254970196064,-0.08976089996990833,-0.45004059399354956,0.16340316119751855,0.6046976511744128,0.508745911815385,0.4321074555783256,-0.0766384562370594,-0.3490320027377266,0.19328196822122856,0.5847076461769115,exploratory_only,探索性,1.0,1.0,差异未达FDR显著
各逐题条件相对C03,相对C03,HAMD-17,PDCH共同24人验证,Kimi-K2.6,思考,11,躯体性焦虑,3,C03：全文｜不规整｜逐条评分｜不清洗,12,C12：事件序列｜不规整｜逐条评分｜清洗,24,是,是,0.6381863969895147,0.5530885447033784,-0.08509785228613631,-0.3203105807709179,0.11394863108384973,0.43778110944527737,0.508745911815385,0.4673340724669586,-0.04141183934842635,-0.29509509686177554,0.19587940650696847,0.8145927036481759,exploratory_only,探索性,1.0,1.0,差异未达FDR显著
各逐题条件相对C03,相对C03,HAMD-17,PDCH共同24人验证,Kimi-K2.6,思考,11,躯体性焦虑,3,C03：全文｜不规整｜逐条评分｜不清洗,15,C15：事件序列｜规整｜逐条评分｜不清洗,24,是,是,0.6381863969895147,0.3544703305054223,-0.2837160664840924,-0.6279201321948904,0.02497432245010882,0.136431784107946,0.508745911815385,0.23634008289005026,-0.2724058289253347,-0.6188078603536958,0.048465881248352674,0.15142428785607195,exploratory_only,探索性,0.6101208654931793,0.8190677388578437,差异未达FDR显著
各逐题条件相对C03,相对C03,HAMD-17,PDCH共同24人验证,Kimi-K2.6,思考,11,躯体性焦虑,3,C03：全文｜不规整｜逐条评分｜不清洗,16,C16：事件序列｜规整｜逐条评分｜清洗,24,是,是,0.6381863969895147,0.5766349316518911,-0.06155146533762368,-0.2702440070442271,0.13627118809020988,0.5287356321839081,0.508745911815385,0.4580822819893751,-0.05066362982600986,-0.2604076244930454,0.18321700374462221,0.5837081459270365,exploratory_only,探索性,1.0,1.0,差异未达FDR显著
各逐题条件相对C03,相对C03,HAMD-17,PDCH共同24人验证,Kimi-K2.6,思考,12,胃肠道症状,3,C03：全文｜不规整｜逐条评分｜不清洗,4,C04：全文｜不规整｜逐条评分｜清洗,24,是,是,0.44904510437491973,0.4076900385710435,-0.04135506580387621,-0.22033830134453175,0.08394802990429737,0.6286856571714143,0.3066998285051994,0.24875201099886862,-0.05794781750633077,-0.2521076691213577,0.10548978159777399,0.36531734132933535,exploratory_only,探索性,1.0,1.0,差异未达FDR显著
各逐题条件相对C03,相对C03,HAMD-17,PDCH共同24人验证,Kimi-K2.6,思考,12,胃肠道症状,3,C03：全文｜不规整｜逐条评分｜不清洗,7,C07：全文｜规整｜逐条评分｜不清洗,24,是,是,0.44904510437491973,0.272012195019932,-0.17703290935498772,-0.4081486096575746,0.0,0.12843578210894552,0.3066998285051994,0.126888022605904,-0.17981180589929538,-0.4208953144420482,0.010059016805668982,0.11444277861069466,exploratory_only,探索性,0.6101208654931793,0.7164750957854407,差异未达FDR显著
各逐题条件相对C03,相对C03,HAMD-17,PDCH共同24人验证,Kimi-K2.6,思考,12,胃肠道症状,3,C03：全文｜不规整｜逐条评分｜不清洗,8,C08：全文｜规整｜逐条评分｜清洗,24,是,是,0.44904510437491973,0.1837095730007142,-0.2653355313742055,-0.5286552591940624,-0.031085905718424043,0.11444277861069466,0.3066998285051994,0.1091753018836708,-0.19752452662152858,-0.409350830966794,0.026958945967644227,0.25287356321839083,exploratory_only,探索性,0.6101208654931793,0.9726265899308411,差异未达FDR显著
各逐题条件相对C03,相对C03,HAMD-17,PDCH共同24人验证,Kimi-K2.6,思考,12,胃肠道症状,3,C03：全文｜不规整｜逐条评分｜不清洗,11,C11：事件序列｜不规整｜逐条评分｜不清洗,24,是,是,0.44904510437491973,0.4382895330126463,-0.010755571362273453,-0.11148953071928563,0.09557056470124402,1.0,0.3066998285051994,0.29597264849388877,-0.010727180011310622,-0.1453455189751366,0.11596636962473869,1.0,exploratory_only,探索性,1.0,1.0,差异未达FDR显著
各逐题条件相对C03,相对C03,HAMD-17,PDCH共同24人验证,Kimi-K2.6,思考,12,胃肠道症状,3,C03：全文｜不规整｜逐条评分｜不清洗,12,C12：事件序列｜不规整｜逐条评分｜清洗,24,是,是,0.44904510437491973,0.47520069836953954,0.026155593994619808,-0.12188294650545237,0.21460983307561143,0.5182408795602199,0.3066998285051994,0.3364433730820152,0.029743544576815828,-0.12358758221307492,0.24287906260233322,1.0,exploratory_only,探索性,1.0,1.0,差异未达FDR显著
各逐题条件相对C03,相对C03,HAMD-17,PDCH共同24人验证,Kimi-K2.6,思考,12,胃肠道症状,3,C03：全文｜不规整｜逐条评分｜不清洗,15,C15：事件序列｜规整｜逐条评分｜不清洗,24,是,是,0.44904510437491973,0.19225992841722947,-0.25678517595769024,-0.5278180275350456,-0.024958769590705244,0.06446776611694154,0.3066998285051994,0.05397475588460096,-0.2527250726205984,-0.5254328677242944,-0.012030683181426013,0.07746126936531735,exploratory_only,探索性,0.5835519740129935,0.7164750957854407,差异未达FDR显著
各逐题条件相对C03,相对C03,HAMD-17,PDCH共同24人验证,Kimi-K2.6,思考,12,胃肠道症状,3,C03：全文｜不规整｜逐条评分｜不清洗,16,C16：事件序列｜规整｜逐条评分｜清洗,24,是,是,0.44904510437491973,0.3650565060564184,-0.08398859831850136,-0.32365663869621114,0.09686125219878564,0.28735632183908044,0.3066998285051994,0.22915598112409533,-0.07754384738110406,-0.29306375725342143,0.14282658850739235,0.46976511744127936,exploratory_only,探索性,0.832583708145927,1.0,差异未达FDR显著
各逐题条件相对C03,相对C03,HAMD-17,PDCH共同24人验证,Kimi-K2.6,思考,13,全身症状,3,C03：全文｜不规整｜逐条评分｜不清洗,4,C04：全文｜不规整｜逐条评分｜清洗,24,是,是,0.7249601895142359,0.6575973674697764,-0.06736282204445954,-0.207387999761782,0.027270405542987746,0.13393303348325838,0.5884930504832142,0.5534484507503559,-0.03504459973285834,-0.1672228202787585,0.06911923626820449,0.48875562218890556,exploratory_only,探索性,0.6101208654931793,1.0,差异未达FDR显著
各逐题条件相对C03,相对C03,HAMD-17,PDCH共同24人验证,Kimi-K2.6,思考,13,全身症状,3,C03：全文｜不规整｜逐条评分｜不清洗,7,C07：全文｜规整｜逐条评分｜不清洗,24,是,是,0.7249601895142359,0.5058787606970351,-0.21908142881720083,-0.41202248496793387,-0.057103042957841375,0.05297351324337831,0.5884930504832142,0.37055035376334533,-0.21794269671986888,-0.41298871701481926,-0.050973557397120575,0.0004997501249375312,exploratory_only,探索性,0.5835519740129935,0.014867566216891554,目标条件校正相关显著更弱
各逐题条件相对C03,相对C03,HAMD-17,PDCH共同24人验证,Kimi-K2.6,思考,13,全身症状,3,C03：全文｜不规整｜逐条评分｜不清洗,8,C08：全文｜规整｜逐条评分｜清洗,24,是,是,0.7249601895142359,0.4687713243171787,-0.2561888651970572,-0.6382691851175929,0.006796910846954074,0.24287856071964017,0.5884930504832142,0.33466144690461896,-0.25383160357859524,-0.5858187277175392,0.014666552504339774,0.12243878060969515,exploratory_only,探索性,0.8177161419290355,0.7164750957854407,差异未达FDR显著
各逐题条件相对C03,相对C03,HAMD-17,PDCH共同24人验证,Kimi-K2.6,思考,13,全身症状,3,C03：全文｜不规整｜逐条评分｜不清洗,11,C11：事件序列｜不规整｜逐条评分｜不清洗,24,是,是,0.7249601895142359,0.6572569112251979,-0.067703278289038,-0.3703185952581671,0.139945424151129,0.7496251874062968,0.5884930504832142,0.534063258462237,-0.0544297920209772,-0.3598815662446001,0.18233868844850926,0.7476261869065467,exploratory_only,探索性,1.0,1.0,差异未达FDR显著
各逐题条件相对C03,相对C03,HAMD-17,PDCH共同24人验证,Kimi-K2.6,思考,13,全身症状,3,C03：全文｜不规整｜逐条评分｜不清洗,12,C12：事件序列｜不规整｜逐条评分｜清洗,24,是,是,0.7249601895142359,0.7184457847304109,-0.006514404783825034,-0.14393448175127124,0.20133613499135444,0.744127936031984,0.5884930504832142,0.6096601918247053,0.021167141341491114,-0.09902114692823606,0.18097642679518958,1.0,exploratory_only,探索性,1.0,1.0,差异未达FDR显著
各逐题条件相对C03,相对C03,HAMD-17,PDCH共同24人验证,Kimi-K2.6,思考,13,全身症状,3,C03：全文｜不规整｜逐条评分｜不清洗,15,C15：事件序列｜规整｜逐条评分｜不清洗,24,是,是,0.7249601895142359,0.4210063422707619,-0.303953847243474,-0.6803585616054055,0.004788147031002512,0.0004997501249375312,0.5884930504832142,0.30178696218619055,-0.28670608829702365,-0.6074751692680759,0.0027071816633685145,0.06146926536731634,exploratory_only,探索性,0.014867566216891554,0.7164750957854407,差异未达FDR显著
各逐题条件相对C03,相对C03,HAMD-17,PDCH共同24人验证,Kimi-K2.6,思考,13,全身症状,3,C03：全文｜不规整｜逐条评分｜不清洗,16,C16：事件序列｜规整｜逐条评分｜清洗,24,是,是,0.7249601895142359,0.5700104185846848,-0.1549497709295511,-0.34405212921161754,0.004117286316498165,0.07096451774112944,0.5884930504832142,0.44683602765938907,-0.14165702282382514,-0.31848343420890374,0.005716693009875127,0.0004997501249375312,exploratory_only,探索性,0.5835519740129935,0.014867566216891554,目标条件校正相关显著更弱
各逐题条件相对C03,相对C03,HAMD-17,PDCH共同24人验证,Kimi-K2.6,思考,14,性症状,3,C03：全文｜不规整｜逐条评分｜不清洗,4,C04：全文｜不规整｜逐条评分｜清洗,17,是,是,0.6568273441880675,0.6568273441880675,0.0,0.0,0.0,1.0,0.5928545002675856,0.5928545002675856,0.0,0.0,0.0,1.0,not_estimable,不可估计,1.0,1.0,差异未达FDR显著
各逐题条件相对C03,相对C03,HAMD-17,PDCH共同24人验证,Kimi-K2.6,思考,14,性症状,3,C03：全文｜不规整｜逐条评分｜不清洗,7,C07：全文｜规整｜逐条评分｜不清洗,12,是,是,0.49940652798076074,0.49940652798076074,0.0,0.0,0.0,1.0,0.4438126822992973,0.4438126822992973,0.0,0.0,0.0,1.0,not_estimable,不可估计,1.0,1.0,差异未达FDR显著
各逐题条件相对C03,相对C03,HAMD-17,PDCH共同24人验证,Kimi-K2.6,思考,14,性症状,3,C03：全文｜不规整｜逐条评分｜不清洗,8,C08：全文｜规整｜逐条评分｜清洗,9,是,是,0.41425857805424554,0.41425857805424554,0.0,0.0,0.0,1.0,0.3651483716701107,0.3651483716701107,0.0,0.0,0.0,1.0,not_estimable,不可估计,1.0,1.0,差异未达FDR显著
各逐题条件相对C03,相对C03,HAMD-17,PDCH共同24人验证,Kimi-K2.6,思考,14,性症状,3,C03：全文｜不规整｜逐条评分｜不清洗,11,C11：事件序列｜不规整｜逐条评分｜不清洗,18,是,是,0.6266337959071835,0.6266337959071835,0.0,0.0,0.0,1.0,0.5689582682577053,0.5689582682577053,0.0,0.0,0.0,1.0,not_estimable,不可估计,1.0,1.0,差异未达FDR显著
各逐题条件相对C03,相对C03,HAMD-17,PDCH共同24人验证,Kimi-K2.6,思考,14,性症状,3,C03：全文｜不规整｜逐条评分｜不清洗,12,C12：事件序列｜不规整｜逐条评分｜清洗,18,是,是,0.6266337959071835,0.6266337959071835,0.0,0.0,0.0,1.0,0.5689582682577053,0.5689582682577053,0.0,0.0,0.0,1.0,not_estimable,不可估计,1.0,1.0,差异未达FDR显著
各逐题条件相对C03,相对C03,HAMD-17,PDCH共同24人验证,Kimi-K2.6,思考,14,性症状,3,C03：全文｜不规整｜逐条评分｜不清洗,15,C15：事件序列｜规整｜逐条评分｜不清洗,16,是,是,0.6763239212538961,0.6537259859375367,-0.02259793531635934,-0.19731285274834093,0.13378656519626,0.5092453773113443,0.6155758007212162,0.5753420882557773,-0.04023371246543894,-0.22724633636852404,0.16681609265777797,1.0,not_estimable,不可估计,1.0,1.0,差异未达FDR显著
各逐题条件相对C03,相对C03,HAMD-17,PDCH共同24人验证,Kimi-K2.6,思考,14,性症状,3,C03：全文｜不规整｜逐条评分｜不清洗,16,C16：事件序列｜规整｜逐条评分｜清洗,17,是,是,0.6929757204743626,0.6218302091104677,-0.07114551136389491,-0.2471340111752515,0.0,1.0,0.6384012977204988,0.5493443884010454,-0.08905690931945343,-0.2829532849622318,0.0,1.0,not_estimable,不可估计,1.0,1.0,差异未达FDR显著
各逐题条件相对C03,相对C03,HAMD-17,PDCH共同24人验证,Kimi-K2.6,思考,15,疑病,3,C03：全文｜不规整｜逐条评分｜不清洗,4,C04：全文｜不规整｜逐条评分｜清洗,24,是,是,0.19825798859315735,-0.06533142755206993,-0.2635894161452273,-0.5883648660257069,-0.03472485886024561,0.06696651674162919,0.08855126679673754,-0.15615859272398272,-0.24470985952072027,-0.5064945295579446,-0.026720137080399876,0.05297351324337831,exploratory_only,探索性,0.5835519740129935,0.7164750957854407,差异未达FDR显著
各逐题条件相对C03,相对C03,HAMD-17,PDCH共同24人验证,Kimi-K2.6,思考,15,疑病,3,C03：全文｜不规整｜逐条评分｜不清洗,7,C07：全文｜规整｜逐条评分｜不清洗,24,是,是,0.19825798859315735,0.27036729818032923,0.07210930958717188,-0.2616750321651545,0.4373573145939489,0.7061469265367316,0.08855126679673754,0.18991836842789164,0.1013671016311541,-0.2841353168124872,0.49518705891171433,0.6206896551724138,exploratory_only,探索性,1.0,1.0,差异未达FDR显著
各逐题条件相对C03,相对C03,HAMD-17,PDCH共同24人验证,Kimi-K2.6,思考,15,疑病,3,C03：全文｜不规整｜逐条评分｜不清洗,8,C08：全文｜规整｜逐条评分｜清洗,24,是,是,0.19825798859315735,0.023756882746207252,-0.1745011058469501,-0.3943056998783403,0.0,0.24237881059470265,0.08855126679673754,-0.08515402667485712,-0.17370529347159466,-0.40113930802853925,0.0,0.2513743128435782,exploratory_only,探索性,0.8177161419290355,0.9726265899308411,差异未达FDR显著
各逐题条件相对C03,相对C03,HAMD-17,PDCH共同24人验证,Kimi-K2.6,思考,15,疑病,3,C03：全文｜不规整｜逐条评分｜不清洗,11,C11：事件序列｜不规整｜逐条评分｜不清洗,24,是,是,0.19825798859315735,0.19825798859315735,0.0,0.0,0.0,1.0,0.08855126679673754,0.08855126679673754,0.0,0.0,0.0,1.0,exploratory_only,探索性,1.0,1.0,差异未达FDR显著
各逐题条件相对C03,相对C03,HAMD-17,PDCH共同24人验证,Kimi-K2.6,思考,15,疑病,3,C03：全文｜不规整｜逐条评分｜不清洗,12,C12：事件序列｜不规整｜逐条评分｜清洗,24,是,是,0.19825798859315735,0.19825798859315735,0.0,0.0,0.0,1.0,0.08855126679673754,0.08855126679673754,0.0,0.0,0.0,1.0,exploratory_only,探索性,1.0,1.0,差异未达FDR显著
各逐题条件相对C03,相对C03,HAMD-17,PDCH共同24人验证,Kimi-K2.6,思考,15,疑病,3,C03：全文｜不规整｜逐条评分｜不清洗,15,C15：事件序列｜规整｜逐条评分｜不清洗,24,是,是,0.19825798859315735,0.3150522980872149,0.11679430949405756,-0.10589685980309059,0.4225928426847593,0.7386306846576711,0.08855126679673754,0.19691282395196677,0.10836155715522923,-0.13035873744563664,0.5001843223874142,0.8750624687656172,exploratory_only,探索性,1.0,1.0,差异未达FDR显著
各逐题条件相对C03,相对C03,HAMD-17,PDCH共同24人验证,Kimi-K2.6,思考,15,疑病,3,C03：全文｜不规整｜逐条评分｜不清洗,16,C16：事件序列｜规整｜逐条评分｜清洗,24,是,是,0.19825798859315735,0.276531451069809,0.07827346247665162,-0.15013910630410918,0.4134100691054831,0.8340829585207397,0.08855126679673754,0.1637023323865338,0.07515106558979627,-0.18529706476419752,0.40272028639645224,0.8715642178910544,exploratory_only,探索性,1.0,1.0,差异未达FDR显著
各逐题条件相对C03,相对C03,HAMD-17,PDCH共同24人验证,Kimi-K2.6,思考,16,体重减轻,3,C03：全文｜不规整｜逐条评分｜不清洗,4,C04：全文｜不规整｜逐条评分｜清洗,24,是,是,0.4515552011760485,0.17266872221832427,-0.2788864789577242,-0.6785508235251967,0.029365327928264122,0.18290854572713644,0.42276712269970196,0.1380740044864208,-0.28469311821328114,-0.6569620322346362,0.08453910217715507,0.18440779610194902,exploratory_only,探索性,0.7505557566044565,0.8600315227001883,差异未达FDR显著
各逐题条件相对C03,相对C03,HAMD-17,PDCH共同24人验证,Kimi-K2.6,思考,16,体重减轻,3,C03：全文｜不规整｜逐条评分｜不清洗,7,C07：全文｜规整｜逐条评分｜不清洗,24,是,是,0.4515552011760485,0.010140861463615872,-0.44141433971243266,-0.8986397990477641,-0.07187460224936452,0.06796601699150424,0.42276712269970196,-0.022738377722962156,-0.4455055004226641,-0.8440097049968127,0.012853626738759514,0.11594202898550725,exploratory_only,探索性,0.5835519740129935,0.7164750957854407,差异未达FDR显著
各逐题条件相对C03,相对C03,HAMD-17,PDCH共同24人验证,Kimi-K2.6,思考,16,体重减轻,3,C03：全文｜不规整｜逐条评分｜不清洗,8,C08：全文｜规整｜逐条评分｜清洗,24,是,是,0.4515552011760485,0.0,-0.4515552011760485,-0.8820460195837111,0.03316478977098054,0.063968015992004,0.42276712269970196,-0.0345185011216052,-0.45728562382130716,-0.897580902207539,-0.049360956349199875,0.12643678160919541,exploratory_only,探索性,0.5835519740129935,0.7164750957854407,差异未达FDR显著
各逐题条件相对C03,相对C03,HAMD-17,PDCH共同24人验证,Kimi-K2.6,思考,16,体重减轻,3,C03：全文｜不规整｜逐条评分｜不清洗,11,C11：事件序列｜不规整｜逐条评分｜不清洗,24,是,是,0.4515552011760485,0.2533117748342744,-0.1982434263417741,-0.48485453467213374,0.0,0.0004997501249375312,0.42276712269970196,0.2457727631955904,-0.17699435950411155,-0.460987776763074,0.0,0.0004997501249375312,exploratory_only,探索性,0.014867566216891554,0.014867566216891554,目标条件校正相关显著更弱
各逐题条件相对C03,相对C03,HAMD-17,PDCH共同24人验证,Kimi-K2.6,思考,16,体重减轻,3,C03：全文｜不规整｜逐条评分｜不清洗,12,C12：事件序列｜不规整｜逐条评分｜清洗,24,是,是,0.4515552011760485,0.4515552011760485,0.0,0.0,0.0,1.0,0.42276712269970196,0.42276712269970196,0.0,0.0,0.0,1.0,exploratory_only,探索性,1.0,1.0,差异未达FDR显著
各逐题条件相对C03,相对C03,HAMD-17,PDCH共同24人验证,Kimi-K2.6,思考,16,体重减轻,3,C03：全文｜不规整｜逐条评分｜不清洗,15,C15：事件序列｜规整｜逐条评分｜不清洗,24,是,是,0.4515552011760485,0.1269262957203332,-0.3246289054557153,-0.6868912833969082,-0.01958822436950586,0.0004997501249375312,0.42276712269970196,0.10078222745614043,-0.32198489524356155,-0.6661637636461063,-0.03144501099892556,0.0004997501249375312,exploratory_only,探索性,0.014867566216891554,0.014867566216891554,目标条件校正相关显著更弱
各逐题条件相对C03,相对C03,HAMD-17,PDCH共同24人验证,Kimi-K2.6,思考,16,体重减轻,3,C03：全文｜不规整｜逐条评分｜不清洗,16,C16：事件序列｜规整｜逐条评分｜清洗,24,是,是,0.4515552011760485,0.46131365850084544,0.00975845732479691,-0.13424524874561014,0.22229503143109436,0.8710644677661169,0.42276712269970196,0.4401027421568921,0.017335619457190143,-0.15557595392329246,0.24524621118611328,0.8710644677661169,exploratory_only,探索性,1.0,1.0,差异未达FDR显著
各逐题条件相对C03,相对C03,HAMD-17,PDCH共同24人验证,Kimi-K2.6,思考,17,自知力,3,C03：全文｜不规整｜逐条评分｜不清洗,4,C04：全文｜不规整｜逐条评分｜清洗,24,是,是,0.22682658482900483,0.22682658482900483,0.0,0.0,0.0,1.0,0.19951549742052974,0.19951549742052974,0.0,0.0,0.0,1.0,exploratory_only,探索性,1.0,1.0,差异未达FDR显著
各逐题条件相对C03,相对C03,HAMD-17,PDCH共同24人验证,Kimi-K2.6,思考,17,自知力,3,C03：全文｜不规整｜逐条评分｜不清洗,7,C07：全文｜规整｜逐条评分｜不清洗,24,是,是,0.22682658482900483,0.2935162264640774,0.06668964163507254,-0.27167394198158085,0.3470592769358997,1.0,0.19951549742052974,0.256374139746029,0.05685864232549928,-0.28929597988664657,0.3842987997347996,1.0,exploratory_only,探索性,1.0,1.0,差异未达FDR显著
各逐题条件相对C03,相对C03,HAMD-17,PDCH共同24人验证,Kimi-K2.6,思考,17,自知力,3,C03：全文｜不规整｜逐条评分｜不清洗,8,C08：全文｜规整｜逐条评分｜清洗,24,是,是,0.22682658482900483,0.3286573019029161,0.10183071707391125,-0.20623938099162026,0.5196467180331132,0.6226886556721639,0.19951549742052974,0.30570920353138764,0.1061937061108579,-0.27761294887917215,0.5411273919851004,0.6191904047976012,exploratory_only,探索性,1.0,1.0,差异未达FDR显著
各逐题条件相对C03,相对C03,HAMD-17,PDCH共同24人验证,Kimi-K2.6,思考,17,自知力,3,C03：全文｜不规整｜逐条评分｜不清洗,11,C11：事件序列｜不规整｜逐条评分｜不清洗,24,是,是,0.22682658482900483,0.22682658482900483,0.0,0.0,0.0,1.0,0.19951549742052974,0.19951549742052974,0.0,0.0,0.0,1.0,exploratory_only,探索性,1.0,1.0,差异未达FDR显著
各逐题条件相对C03,相对C03,HAMD-17,PDCH共同24人验证,Kimi-K2.6,思考,17,自知力,3,C03：全文｜不规整｜逐条评分｜不清洗,12,C12：事件序列｜不规整｜逐条评分｜清洗,24,是,是,0.22682658482900483,0.22682658482900483,0.0,0.0,0.0,1.0,0.19951549742052974,0.19951549742052974,0.0,0.0,0.0,1.0,exploratory_only,探索性,1.0,1.0,差异未达FDR显著
各逐题条件相对C03,相对C03,HAMD-17,PDCH共同24人验证,Kimi-K2.6,思考,17,自知力,3,C03：全文｜不规整｜逐条评分｜不清洗,15,C15：事件序列｜规整｜逐条评分｜不清洗,24,是,是,0.22682658482900483,0.0403408688314378,-0.18648571599756703,-0.6903083651974448,0.3049976552794193,0.5077461269365318,0.19951549742052974,0.013616401630251804,-0.18589909579027794,-0.6733548431048627,0.3233634701656625,0.4927536231884058,exploratory_only,探索性,1.0,1.0,差异未达FDR显著
各逐题条件相对C03,相对C03,HAMD-17,PDCH共同24人验证,Kimi-K2.6,思考,17,自知力,3,C03：全文｜不规整｜逐条评分｜不清洗,16,C16：事件序列｜规整｜逐条评分｜清洗,24,是,是,0.22682658482900483,0.09406253540500056,-0.13276404942400427,-0.6119938897296087,0.4240522731509844,0.688655672163918,0.19951549742052974,0.07559487033847323,-0.1239206270820565,-0.5908887996148264,0.4556128620896013,0.7061469265367316,exploratory_only,探索性,1.0,1.0,差异未达FDR显著
各逐题条件相对C03,相对C03,HAMD-17,PDCH共同24人验证,Qwen3.7-Max,不思考,1,抑郁情绪,3,C03：全文｜不规整｜逐条评分｜不清洗,4,C04：全文｜不规整｜逐条评分｜清洗,24,是,是,0.6864374093345651,0.6771281032116814,-0.00930930612288372,-0.19529416417947543,0.17638760250564595,1.0,0.5839376826285528,0.6038909333667539,0.01995325073820109,-0.12680780166888575,0.17807934557829208,1.0,exploratory_only,探索性,1.0,1.0,差异未达FDR显著
各逐题条件相对C03,相对C03,HAMD-17,PDCH共同24人验证,Qwen3.7-Max,不思考,1,抑郁情绪,3,C03：全文｜不规整｜逐条评分｜不清洗,7,C07：全文｜规整｜逐条评分｜不清洗,24,是,是,0.6864374093345651,0.6232693782068357,-0.0631680311277294,-0.3927851759217226,0.19112276310707874,0.7856071964017991,0.5839376826285528,0.5863258564551966,0.0023881738266438024,-0.2484985979264941,0.22508171282334666,0.9930034982508745,exploratory_only,探索性,1.0,1.0,差异未达FDR显著
各逐题条件相对C03,相对C03,HAMD-17,PDCH共同24人验证,Qwen3.7-Max,不思考,1,抑郁情绪,3,C03：全文｜不规整｜逐条评分｜不清洗,8,C08：全文｜规整｜逐条评分｜清洗,24,是,是,0.6864374093345651,0.4452226768768875,-0.2412147324576776,-0.6637193117782518,0.0980665822356793,0.447776111944028,0.5839376826285528,0.35441638191070274,-0.2295213007178501,-0.6601361335637748,0.14044316544906937,0.4987506246876562,exploratory_only,探索性,1.0,1.0,差异未达FDR显著
各逐题条件相对C03,相对C03,HAMD-17,PDCH共同24人验证,Qwen3.7-Max,不思考,1,抑郁情绪,3,C03：全文｜不规整｜逐条评分｜不清洗,11,C11：事件序列｜不规整｜逐条评分｜不清洗,24,是,是,0.6864374093345651,0.7138340243412663,0.027396615006701208,-0.12030263440996349,0.17141671455140106,0.4927536231884058,0.5839376826285528,0.6158440781234348,0.031906395494881945,-0.08096140058656501,0.1803572189600131,1.0,exploratory_only,探索性,1.0,1.0,差异未达FDR显著
各逐题条件相对C03,相对C03,HAMD-17,PDCH共同24人验证,Qwen3.7-Max,不思考,1,抑郁情绪,3,C03：全文｜不规整｜逐条评分｜不清洗,12,C12：事件序列｜不规整｜逐条评分｜清洗,24,是,是,0.6864374093345651,0.6527684455511892,-0.033668963783375916,-0.23447302588167826,0.17576948509376478,1.0,0.5839376826285528,0.5952180665855221,0.011280383956969287,-0.15869592605600005,0.18059447085212008,1.0,exploratory_only,探索性,1.0,1.0,差异未达FDR显著
各逐题条件相对C03,相对C03,HAMD-17,PDCH共同24人验证,Qwen3.7-Max,不思考,1,抑郁情绪,3,C03：全文｜不规整｜逐条评分｜不清洗,15,C15：事件序列｜规整｜逐条评分｜不清洗,24,是,是,0.6864374093345651,0.5451849068815497,-0.14125250245301535,-0.35390365311886096,0.029970519030676074,0.20839580209895053,0.5839376826285528,0.40179323536138134,-0.1821444472671715,-0.44168475802130036,0.02450718763065758,0.12643678160919541,exploratory_only,探索性,1.0,1.0,差异未达FDR显著
各逐题条件相对C03,相对C03,HAMD-17,PDCH共同24人验证,Qwen3.7-Max,不思考,1,抑郁情绪,3,C03：全文｜不规整｜逐条评分｜不清洗,16,C16：事件序列｜规整｜逐条评分｜清洗,24,是,是,0.6864374093345651,0.5860826729452382,-0.1003547363893269,-0.2959856989742009,0.07309719562906891,0.3598200899550225,0.5839376826285528,0.4396987382302518,-0.14423894439830104,-0.3743985767256135,0.036293250172250116,0.2413793103448276,exploratory_only,探索性,1.0,1.0,差异未达FDR显著
各逐题条件相对C03,相对C03,HAMD-17,PDCH共同24人验证,Qwen3.7-Max,不思考,2,有罪感,3,C03：全文｜不规整｜逐条评分｜不清洗,4,C04：全文｜不规整｜逐条评分｜清洗,24,是,是,0.4743055171323389,0.40325895604456585,-0.07104656108777307,-0.23492157949520773,0.0,0.0004997501249375312,0.3126864224204895,0.23543001942969394,-0.07725640299079556,-0.2664734912705786,0.0,1.0,exploratory_only,探索性,0.005947026486756621,1.0,差异未达FDR显著
各逐题条件相对C03,相对C03,HAMD-17,PDCH共同24人验证,Qwen3.7-Max,不思考,2,有罪感,3,C03：全文｜不规整｜逐条评分｜不清洗,7,C07：全文｜规整｜逐条评分｜不清洗,24,是,是,0.4743055171323389,0.42158899608564804,-0.05271652104669089,-0.3050095254986046,0.2041796088390411,0.7071464267866067,0.3126864224204895,0.27638083390852153,-0.03630558851196797,-0.28168672660109234,0.26116534147976794,0.8295852073963018,exploratory_only,探索性,1.0,1.0,差异未达FDR显著
各逐题条件相对C03,相对C03,HAMD-17,PDCH共同24人验证,Qwen3.7-Max,不思考,2,有罪感,3,C03：全文｜不规整｜逐条评分｜不清洗,8,C08：全文｜规整｜逐条评分｜清洗,24,是,是,0.4743055171323389,0.45017679504413827,-0.02412872208820066,-0.4365155092893862,0.37360495001810445,0.9320339830084957,0.3126864224204895,0.33797731214886606,0.025290889728376564,-0.4579187335312763,0.3752037816160851,0.9240379810094953,exploratory_only,探索性,1.0,1.0,差异未达FDR显著
各逐题条件相对C03,相对C03,HAMD-17,PDCH共同24人验证,Qwen3.7-Max,不思考,2,有罪感,3,C03：全文｜不规整｜逐条评分｜不清洗,11,C11：事件序列｜不规整｜逐条评分｜不清洗,24,是,是,0.4743055171323389,0.42812830831162124,-0.046177208820717686,-0.20627309885080886,0.06796833123568463,1.0,0.3126864224204895,0.29639498189879093,-0.016291440521698564,-0.18860782314180333,0.17173079042856035,1.0,exploratory_only,探索性,1.0,1.0,差异未达FDR显著
各逐题条件相对C03,相对C03,HAMD-17,PDCH共同24人验证,Qwen3.7-Max,不思考,2,有罪感,3,C03：全文｜不规整｜逐条评分｜不清洗,12,C12：事件序列｜不规整｜逐条评分｜清洗,24,是,是,0.4743055171323389,0.40325895604456585,-0.07104656108777307,-0.24864355190168214,0.0,0.0004997501249375312,0.3126864224204895,0.23543001942969394,-0.07725640299079556,-0.24910763520141246,0.0,1.0,exploratory_only,探索性,0.005947026486756621,1.0,差异未达FDR显著
各逐题条件相对C03,相对C03,HAMD-17,PDCH共同24人验证,Qwen3.7-Max,不思考,2,有罪感,3,C03：全文｜不规整｜逐条评分｜不清洗,15,C15：事件序列｜规整｜逐条评分｜不清洗,24,是,是,0.4743055171323389,0.40313310355127774,-0.07117241358106119,-0.29602076688342005,0.14205282251977588,0.4827586206896552,0.3126864224204895,0.31137903949974766,-0.0013073829207418397,-0.23238015230038256,0.3189854160068989,0.9690154922538731,exploratory_only,探索性,1.0,1.0,差异未达FDR显著
各逐题条件相对C03,相对C03,HAMD-17,PDCH共同24人验证,Qwen3.7-Max,不思考,2,有罪感,3,C03：全文｜不规整｜逐条评分｜不清洗,16,C16：事件序列｜规整｜逐条评分｜清洗,24,是,是,0.4743055171323389,0.4182004796194518,-0.056105037512887146,-0.27373476896232657,0.14496001862988767,0.5857071464267866,0.3126864224204895,0.31650981206033596,0.003823389639846464,-0.25136593589918543,0.2882821588617867,0.8810594702648675,exploratory_only,探索性,1.0,1.0,差异未达FDR显著
各逐题条件相对C03,相对C03,HAMD-17,PDCH共同24人验证,Qwen3.7-Max,不思考,3,自杀,3,C03：全文｜不规整｜逐条评分｜不清洗,4,C04：全文｜不规整｜逐条评分｜清洗,24,是,是,0.5451477880968114,0.47694749310147094,-0.06820029499534047,-0.39257778060027365,0.15830914796262294,0.743128435782109,0.3631800352301678,0.3419565200831185,-0.021223515147049288,-0.2657587031159259,0.18069659341663472,0.7446276861569215,exploratory_only,探索性,1.0,1.0,差异未达FDR显著
各逐题条件相对C03,相对C03,HAMD-17,PDCH共同24人验证,Qwen3.7-Max,不思考,3,自杀,3,C03：全文｜不规整｜逐条评分｜不清洗,7,C07：全文｜规整｜逐条评分｜不清洗,24,是,是,0.5451477880968114,0.47276290428589296,-0.07238488381091845,-0.3191448941593048,0.12066645212080927,0.7621189405297352,0.3631800352301678,0.3124982747440861,-0.050681760486081695,-0.260307254936827,0.11420624636737589,0.8835582208895553,exploratory_only,探索性,1.0,1.0,差异未达FDR显著
各逐题条件相对C03,相对C03,HAMD-17,PDCH共同24人验证,Qwen3.7-Max,不思考,3,自杀,3,C03：全文｜不规整｜逐条评分｜不清洗,8,C08：全文｜规整｜逐条评分｜清洗,24,是,是,0.5451477880968114,0.40923652542857164,-0.13591126266823977,-0.5506629830580918,0.22895057949679987,0.52023988005997,0.3631800352301678,0.272521692930992,-0.0906583422991758,-0.49638437238105815,0.32333645314513304,0.6771614192903548,exploratory_only,探索性,1.0,1.0,差异未达FDR显著
各逐题条件相对C03,相对C03,HAMD-17,PDCH共同24人验证,Qwen3.7-Max,不思考,3,自杀,3,C03：全文｜不规整｜逐条评分｜不清洗,11,C11：事件序列｜不规整｜逐条评分｜不清洗,24,是,是,0.5451477880968114,0.5821496159757278,0.03700182787891637,-0.06303907223777083,0.1856384845148999,0.4852573713143428,0.3631800352301678,0.41757499104380463,0.05439495581363685,-0.06045016424067229,0.2147437935574705,0.2543728135932034,exploratory_only,探索性,1.0,1.0,差异未达FDR显著
各逐题条件相对C03,相对C03,HAMD-17,PDCH共同24人验证,Qwen3.7-Max,不思考,3,自杀,3,C03：全文｜不规整｜逐条评分｜不清洗,12,C12：事件序列｜不规整｜逐条评分｜清洗,24,是,是,0.5451477880968114,0.4713637175724781,-0.07378407052433333,-0.3894756954498509,0.1540554787724049,0.7531234382808596,0.3631800352301678,0.33360480046100704,-0.02957523476916074,-0.30074473248772965,0.20579320848909133,0.7711144427786107,exploratory_only,探索性,1.0,1.0,差异未达FDR显著
各逐题条件相对C03,相对C03,HAMD-17,PDCH共同24人验证,Qwen3.7-Max,不思考,3,自杀,3,C03：全文｜不规整｜逐条评分｜不清洗,15,C15：事件序列｜规整｜逐条评分｜不清洗,24,是,是,0.5451477880968114,0.5261009913835345,-0.019046796713276914,-0.3472577097044712,0.3113811493536906,0.9295352323838081,0.3631800352301678,0.3243838430809329,-0.03879619214923491,-0.4130331772023193,0.2857145242649912,0.8245877061469266,exploratory_only,探索性,1.0,1.0,差异未达FDR显著
各逐题条件相对C03,相对C03,HAMD-17,PDCH共同24人验证,Qwen3.7-Max,不思考,3,自杀,3,C03：全文｜不规整｜逐条评分｜不清洗,16,C16：事件序列｜规整｜逐条评分｜清洗,24,是,是,0.5451477880968114,0.5119355113323363,-0.033212276764475135,-0.3122966271547566,0.26387784044108525,0.8685657171414293,0.3631800352301678,0.3166909009965614,-0.0464891342336064,-0.38964366016678564,0.26963319370065525,0.8070964517741129,exploratory_only,探索性,1.0,1.0,差异未达FDR显著
各逐题条件相对C03,相对C03,HAMD-17,PDCH共同24人验证,Qwen3.7-Max,不思考,4,入睡困难,3,C03：全文｜不规整｜逐条评分｜不清洗,4,C04：全文｜不规整｜逐条评分｜清洗,24,是,是,0.605485366423736,0.5407936526041531,-0.06469171381958283,-0.20289029813511686,0.0,1.0,0.5770098946079244,0.5108790376692329,-0.06613085693869147,-0.20775048114664973,0.0,1.0,exploratory_only,探索性,1.0,1.0,差异未达FDR显著
各逐题条件相对C03,相对C03,HAMD-17,PDCH共同24人验证,Qwen3.7-Max,不思考,4,入睡困难,3,C03：全文｜不规整｜逐条评分｜不清洗,7,C07：全文｜规整｜逐条评分｜不清洗,24,是,是,0.605485366423736,0.37264434845830474,-0.23284101796543122,-0.551522989591599,0.03252955644833303,0.22588705647176413,0.5770098946079244,0.3508390226034506,-0.22617087200447378,-0.545287964570549,0.05212096809742181,0.23938030984507747,exploratory_only,探索性,1.0,1.0,差异未达FDR显著
各逐题条件相对C03,相对C03,HAMD-17,PDCH共同24人验证,Qwen3.7-Max,不思考,4,入睡困难,3,C03：全文｜不规整｜逐条评分｜不清洗,8,C08：全文｜规整｜逐条评分｜清洗,24,是,是,0.605485366423736,0.39301619601427784,-0.21246917040945812,-0.5995263289248219,0.09462294213797796,0.3708145927036482,0.5770098946079244,0.3656034005344641,-0.2114064940734603,-0.5813057343883592,0.12063136510265975,0.37381309345327335,exploratory_only,探索性,1.0,1.0,差异未达FDR显著
各逐题条件相对C03,相对C03,HAMD-17,PDCH共同24人验证,Qwen3.7-Max,不思考,4,入睡困难,3,C03：全文｜不规整｜逐条评分｜不清洗,11,C11：事件序列｜不规整｜逐条评分｜不清洗,24,是,是,0.605485366423736,0.654041746453315,0.04855638002957907,0.0,0.17988553125309867,1.0,0.5770098946079244,0.6345668083258571,0.0575569137179327,0.0,0.21273625373724753,1.0,exploratory_only,探索性,1.0,1.0,差异未达FDR显著
各逐题条件相对C03,相对C03,HAMD-17,PDCH共同24人验证,Qwen3.7-Max,不思考,4,入睡困难,3,C03：全文｜不规整｜逐条评分｜不清洗,12,C12：事件序列｜不规整｜逐条评分｜清洗,24,是,是,0.605485366423736,0.6086884866627567,0.003203120239020696,-0.03463083442149265,0.05070742331445994,1.0,0.5770098946079244,0.5801549120120943,0.0031450174041699475,-0.03873706079597671,0.060193761912928204,1.0,exploratory_only,探索性,1.0,1.0,差异未达FDR显著
各逐题条件相对C03,相对C03,HAMD-17,PDCH共同24人验证,Qwen3.7-Max,不思考,4,入睡困难,3,C03：全文｜不规整｜逐条评分｜不清洗,15,C15：事件序列｜规整｜逐条评分｜不清洗,24,是,是,0.605485366423736,0.6086884866627567,0.003203120239020696,-0.06977998148812124,0.07944342723766813,1.0,0.5770098946079244,0.5801549120120943,0.0031450174041699475,-0.05494983131123703,0.08472590023124277,1.0,exploratory_only,探索性,1.0,1.0,差异未达FDR显著
各逐题条件相对C03,相对C03,HAMD-17,PDCH共同24人验证,Qwen3.7-Max,不思考,4,入睡困难,3,C03：全文｜不规整｜逐条评分｜不清洗,16,C16：事件序列｜规整｜逐条评分｜清洗,24,是,是,0.605485366423736,0.6086884866627567,0.003203120239020696,-0.06855534045513988,0.07762387691269025,1.0,0.5770098946079244,0.5801549120120943,0.0031450174041699475,-0.05810239790140231,0.07515735311483068,1.0,exploratory_only,探索性,1.0,1.0,差异未达FDR显著
各逐题条件相对C03,相对C03,HAMD-17,PDCH共同24人验证,Qwen3.7-Max,不思考,5,睡眠不深,3,C03：全文｜不规整｜逐条评分｜不清洗,4,C04：全文｜不规整｜逐条评分｜清洗,24,是,是,0.3531352209383894,0.29194784948649305,-0.061187371451896344,-0.2078422020125135,0.0,1.0,0.21705525391586927,0.17816316834243867,-0.0388920855734306,-0.14602535613501877,0.0,1.0,exploratory_only,探索性,1.0,1.0,差异未达FDR显著
各逐题条件相对C03,相对C03,HAMD-17,PDCH共同24人验证,Qwen3.7-Max,不思考,5,睡眠不深,3,C03：全文｜不规整｜逐条评分｜不清洗,7,C07：全文｜规整｜逐条评分｜不清洗,24,是,是,0.3531352209383894,0.16146417571337604,-0.19167104522501335,-0.496816257048891,0.15100771374463245,0.2988505747126437,0.21705525391586927,0.009069630098583034,-0.20798562381728625,-0.5309515107837646,0.10357015710743775,0.23888055972013994,exploratory_only,探索性,1.0,1.0,差异未达FDR显著
各逐题条件相对C03,相对C03,HAMD-17,PDCH共同24人验证,Qwen3.7-Max,不思考,5,睡眠不深,3,C03：全文｜不规整｜逐条评分｜不清洗,8,C08：全文｜规整｜逐条评分｜清洗,24,是,是,0.3531352209383894,0.2688438127411817,-0.0842914081972077,-0.39466825805695405,0.25289851996578083,0.623688155922039,0.21705525391586927,0.10009481703671361,-0.11696043687915567,-0.405354757838923,0.2231074909846727,0.5642178910544727,exploratory_only,探索性,1.0,1.0,差异未达FDR显著
各逐题条件相对C03,相对C03,HAMD-17,PDCH共同24人验证,Qwen3.7-Max,不思考,5,睡眠不深,3,C03：全文｜不规整｜逐条评分｜不清洗,11,C11：事件序列｜不规整｜逐条评分｜不清洗,24,是,是,0.3531352209383894,0.3531352209383894,0.0,0.0,0.0,1.0,0.21705525391586927,0.21705525391586927,0.0,0.0,0.0,1.0,exploratory_only,探索性,1.0,1.0,差异未达FDR显著
各逐题条件相对C03,相对C03,HAMD-17,PDCH共同24人验证,Qwen3.7-Max,不思考,5,睡眠不深,3,C03：全文｜不规整｜逐条评分｜不清洗,12,C12：事件序列｜不规整｜逐条评分｜清洗,24,是,是,0.3531352209383894,0.2725148263581304,-0.08062039458025899,-0.2600102186919805,0.0,1.0,0.21705525391586927,0.13444666108850165,-0.08260859282736763,-0.2393314699698239,0.0,1.0,exploratory_only,探索性,1.0,1.0,差异未达FDR显著
各逐题条件相对C03,相对C03,HAMD-17,PDCH共同24人验证,Qwen3.7-Max,不思考,5,睡眠不深,3,C03：全文｜不规整｜逐条评分｜不清洗,15,C15：事件序列｜规整｜逐条评分｜不清洗,24,是,是,0.3531352209383894,0.2950209847442456,-0.0581142361941438,-0.28752989915713145,0.13476747908946313,0.5647176411794103,0.21705525391586927,0.14012036979716994,-0.07693488411869934,-0.31125712869016264,0.12797937864397171,0.5477261369315343,exploratory_only,探索性,1.0,1.0,差异未达FDR显著
各逐题条件相对C03,相对C03,HAMD-17,PDCH共同24人验证,Qwen3.7-Max,不思考,5,睡眠不深,3,C03：全文｜不规整｜逐条评分｜不清洗,16,C16：事件序列｜规整｜逐条评分｜清洗,24,是,是,0.3531352209383894,0.4456085069876962,0.09247328604930682,-0.003918450634820462,0.25139342185376656,0.0004997501249375312,0.21705525391586927,0.3045830785206139,0.08752782460474462,-0.060002411025958165,0.2640664342163493,0.12743628185907047,exploratory_only,探索性,0.005947026486756621,1.0,差异未达FDR显著
各逐题条件相对C03,相对C03,HAMD-17,PDCH共同24人验证,Qwen3.7-Max,不思考,6,早醒,3,C03：全文｜不规整｜逐条评分｜不清洗,4,C04：全文｜不规整｜逐条评分｜清洗,24,是,是,0.5552691980059962,0.4991434801546733,-0.056125717851322865,-0.257538434459076,0.1263188210633144,0.49725137431284355,0.5441472162885762,0.4723514688159145,-0.07179574747266171,-0.2938748767649732,0.11044129350542635,0.5062468765617192,exploratory_only,探索性,1.0,1.0,差异未达FDR显著
各逐题条件相对C03,相对C03,HAMD-17,PDCH共同24人验证,Qwen3.7-Max,不思考,6,早醒,3,C03：全文｜不规整｜逐条评分｜不清洗,7,C07：全文｜规整｜逐条评分｜不清洗,24,是,是,0.5552691980059962,0.4998235358018866,-0.05544566220410957,-0.275384556450433,0.1688725895853315,0.5717141429285357,0.5441472162885762,0.5017466187807458,-0.04240059750783043,-0.2580104666701499,0.1632400131003243,0.6821589205397302,exploratory_only,探索性,1.0,1.0,差异未达FDR显著
各逐题条件相对C03,相对C03,HAMD-17,PDCH共同24人验证,Qwen3.7-Max,不思考,6,早醒,3,C03：全文｜不规整｜逐条评分｜不清洗,8,C08：全文｜规整｜逐条评分｜清洗,24,是,是,0.5552691980059962,0.29160316664095765,-0.2636660313650385,-0.5805706152520993,-0.02214292925003815,0.12843578210894552,0.5441472162885762,0.3022047627603378,-0.2419424535282384,-0.5707193456025044,0.0223728209037502,0.19590204897551225,exploratory_only,探索性,0.9340329835082458,1.0,差异未达FDR显著
各逐题条件相对C03,相对C03,HAMD-17,PDCH共同24人验证,Qwen3.7-Max,不思考,6,早醒,3,C03：全文｜不规整｜逐条评分｜不清洗,11,C11：事件序列｜不规整｜逐条评分｜不清洗,24,是,是,0.5552691980059962,0.4659314726526212,-0.08933772535337497,-0.24825907366461872,0.0,0.5017491254372813,0.5441472162885762,0.43393367613519734,-0.11021354015337886,-0.2966000325204414,0.0,0.5012493753123438,exploratory_only,探索性,1.0,1.0,差异未达FDR显著
各逐题条件相对C03,相对C03,HAMD-17,PDCH共同24人验证,Qwen3.7-Max,不思考,6,早醒,3,C03：全文｜不规整｜逐条评分｜不清洗,12,C12：事件序列｜不规整｜逐条评分｜清洗,24,是,是,0.5552691980059962,0.5306683315328632,-0.024600866473132976,-0.08332071155412006,0.0,0.0004997501249375312,0.5441472162885762,0.519586615697506,-0.024560600591070236,-0.09261447043972258,0.0,1.0,exploratory_only,探索性,0.005947026486756621,1.0,差异未达FDR显著
各逐题条件相对C03,相对C03,HAMD-17,PDCH共同24人验证,Qwen3.7-Max,不思考,6,早醒,3,C03：全文｜不规整｜逐条评分｜不清洗,15,C15：事件序列｜规整｜逐条评分｜不清洗,24,是,是,0.5552691980059962,0.5006591883697155,-0.05461000963628071,-0.1642293046027952,0.033474671209328455,0.24087956021989004,0.5441472162885762,0.45658647039243583,-0.08756074589614038,-0.23856092184569794,0.0,0.0004997501249375312,exploratory_only,探索性,1.0,0.009911710811261036,目标条件校正相关显著更弱
各逐题条件相对C03,相对C03,HAMD-17,PDCH共同24人验证,Qwen3.7-Max,不思考,6,早醒,3,C03：全文｜不规整｜逐条评分｜不清洗,16,C16：事件序列｜规整｜逐条评分｜清洗,24,是,是,0.5552691980059962,0.50645520232786,-0.04881399567813616,-0.15514571002650943,0.03607145562082259,0.0004997501249375312,0.5441472162885762,0.45182962573950797,-0.09231759054906824,-0.32214513965990693,0.0,0.0004997501249375312,exploratory_only,探索性,0.005947026486756621,0.009911710811261036,目标条件校正相关显著更弱
各逐题条件相对C03,相对C03,HAMD-17,PDCH共同24人验证,Qwen3.7-Max,不思考,7,工作和活动,3,C03：全文｜不规整｜逐条评分｜不清洗,4,C04：全文｜不规整｜逐条评分｜清洗,24,是,是,0.7659447248712038,0.7709387135720535,0.004993988700849661,-0.131366351627562,0.1259530219554672,0.7511244377811095,0.681165444167179,0.728057827362067,0.04689238319488809,-0.0639928353261182,0.18418599684230827,0.7521239380309845,exploratory_only,探索性,1.0,1.0,差异未达FDR显著
各逐题条件相对C03,相对C03,HAMD-17,PDCH共同24人验证,Qwen3.7-Max,不思考,7,工作和活动,3,C03：全文｜不规整｜逐条评分｜不清洗,7,C07：全文｜规整｜逐条评分｜不清洗,24,是,是,0.7659447248712038,0.5678165885611992,-0.1981281363100046,-0.41239335537967936,-0.04325455166047598,0.04397801099450275,0.681165444167179,0.44176085327678793,-0.239404590890391,-0.4412208090543868,-0.058812646853311105,0.02798600699650175,exploratory_only,探索性,0.4361152756954856,0.4757621189405297,差异未达FDR显著
各逐题条件相对C03,相对C03,HAMD-17,PDCH共同24人验证,Qwen3.7-Max,不思考,7,工作和活动,3,C03：全文｜不规整｜逐条评分｜不清洗,8,C08：全文｜规整｜逐条评分｜清洗,24,是,是,0.7659447248712038,0.4272816569050968,-0.338663067966107,-0.7064258361908123,-0.0700996791053967,0.01999000499750125,0.681165444167179,0.33179588470283244,-0.3493695594643465,-0.7742674246678908,-0.03844055707283726,0.031984007996002,exploratory_only,探索性,0.21625550860933174,0.4757621189405297,差异未达FDR显著
各逐题条件相对C03,相对C03,HAMD-17,PDCH共同24人验证,Qwen3.7-Max,不思考,7,工作和活动,3,C03：全文｜不规整｜逐条评分｜不清洗,11,C11：事件序列｜不规整｜逐条评分｜不清洗,24,是,是,0.7659447248712038,0.7495776874873774,-0.01636703738382639,-0.10855449069260331,0.06271754430152646,1.0,0.681165444167179,0.662438436944387,-0.01872700722279197,-0.13751757565057954,0.053128027165502995,0.49025487256371814,exploratory_only,探索性,1.0,1.0,差异未达FDR显著
各逐题条件相对C03,相对C03,HAMD-17,PDCH共同24人验证,Qwen3.7-Max,不思考,7,工作和活动,3,C03：全文｜不规整｜逐条评分｜不清洗,12,C12：事件序列｜不规整｜逐条评分｜清洗,24,是,是,0.7659447248712038,0.7614360494750562,-0.004508675396147632,-0.11190890259122029,0.09272047352983835,1.0,0.681165444167179,0.6925226978163344,0.011357253649155408,-0.11974695198205437,0.17381425999664524,1.0,exploratory_only,探索性,1.0,1.0,差异未达FDR显著
各逐题条件相对C03,相对C03,HAMD-17,PDCH共同24人验证,Qwen3.7-Max,不思考,7,工作和活动,3,C03：全文｜不规整｜逐条评分｜不清洗,15,C15：事件序列｜规整｜逐条评分｜不清洗,24,是,是,0.7659447248712038,0.5768386451957918,-0.18910607967541204,-0.4905936932414108,-0.015451821296255358,0.12093953023488256,0.681165444167179,0.45776541134613163,-0.2234000328210473,-0.5149433800062765,-0.0035524809540517246,0.13343328335832083,exploratory_only,探索性,0.9340329835082458,1.0,差异未达FDR显著
各逐题条件相对C03,相对C03,HAMD-17,PDCH共同24人验证,Qwen3.7-Max,不思考,7,工作和活动,3,C03：全文｜不规整｜逐条评分｜不清洗,16,C16：事件序列｜规整｜逐条评分｜清洗,24,是,是,0.7659447248712038,0.6295043806421593,-0.1364403442290445,-0.34066369866696583,-0.026962636509426697,0.11344327836081959,0.681165444167179,0.5380835454143632,-0.14308189875281574,-0.3892053893392676,0.010639990597340334,0.11894052973513243,exploratory_only,探索性,0.9340329835082458,1.0,差异未达FDR显著
各逐题条件相对C03,相对C03,HAMD-17,PDCH共同24人验证,Qwen3.7-Max,不思考,8,迟滞,3,C03：全文｜不规整｜逐条评分｜不清洗,4,C04：全文｜不规整｜逐条评分｜清洗,24,是,是,0.6974334825752808,0.787907964638685,0.09047448206340414,-0.0875034270041361,0.28604205489806944,0.3808095952023988,0.617119939429631,0.7471121795132358,0.12999224008360488,-0.07231698680309698,0.353287342231035,0.2658670664667666,exploratory_only,探索性,1.0,1.0,差异未达FDR显著
各逐题条件相对C03,相对C03,HAMD-17,PDCH共同24人验证,Qwen3.7-Max,不思考,8,迟滞,3,C03：全文｜不规整｜逐条评分｜不清洗,7,C07：全文｜规整｜逐条评分｜不清洗,24,是,是,0.6974334825752808,0.6538998674732743,-0.043533615102006484,-0.35589009781747694,0.23474545804519226,0.847576211894053,0.617119939429631,0.5897539945502875,-0.027365944879343407,-0.2804326295051296,0.20590222351198273,0.9215392303848076,exploratory_only,探索性,1.0,1.0,差异未达FDR显著
各逐题条件相对C03,相对C03,HAMD-17,PDCH共同24人验证,Qwen3.7-Max,不思考,8,迟滞,3,C03：全文｜不规整｜逐条评分｜不清洗,8,C08：全文｜规整｜逐条评分｜清洗,24,是,是,0.6974334825752808,0.5162665791181289,-0.18116690345715192,-0.5624173961366741,0.1348541974242524,0.4662668665667166,0.617119939429631,0.45115595875002784,-0.1659639806796031,-0.5497827833354324,0.15657914377216967,0.5157421289355323,exploratory_only,探索性,1.0,1.0,差异未达FDR显著
各逐题条件相对C03,相对C03,HAMD-17,PDCH共同24人验证,Qwen3.7-Max,不思考,8,迟滞,3,C03：全文｜不规整｜逐条评分｜不清洗,11,C11：事件序列｜不规整｜逐条评分｜不清洗,24,是,是,0.6974334825752808,0.8147283611656513,0.11729487859037047,0.0,0.306942178754473,0.2608695652173913,0.617119939429631,0.7873250163708887,0.17020507694125775,0.0,0.36806063258591604,0.2688655672163918,exploratory_only,探索性,1.0,1.0,差异未达FDR显著
各逐题条件相对C03,相对C03,HAMD-17,PDCH共同24人验证,Qwen3.7-Max,不思考,8,迟滞,3,C03：全文｜不规整｜逐条评分｜不清洗,12,C12：事件序列｜不规整｜逐条评分｜清洗,24,是,是,0.6974334825752808,0.733533746523553,0.03610026394827215,-0.17552326717625188,0.2266286065246232,0.6351824087956022,0.617119939429631,0.6961123261761595,0.07899238674652853,-0.11097577661713545,0.2854244189428806,0.49975012493753124,exploratory_only,探索性,1.0,1.0,差异未达FDR显著
各逐题条件相对C03,相对C03,HAMD-17,PDCH共同24人验证,Qwen3.7-Max,不思考,8,迟滞,3,C03：全文｜不规整｜逐条评分｜不清洗,15,C15：事件序列｜规整｜逐条评分｜不清洗,24,是,是,0.6974334825752808,0.6505098491276649,-0.046923633447615964,-0.3073025281643238,0.16846044933568735,0.6571714142928535,0.617119939429631,0.5967351495631812,-0.02038478986644976,-0.2583019802374187,0.17689410599087416,0.9120439780109945,exploratory_only,探索性,1.0,1.0,差异未达FDR显著
各逐题条件相对C03,相对C03,HAMD-17,PDCH共同24人验证,Qwen3.7-Max,不思考,8,迟滞,3,C03：全文｜不规整｜逐条评分｜不清洗,16,C16：事件序列｜规整｜逐条评分｜清洗,24,是,是,0.6974334825752808,0.7058954792048447,0.008461996629563928,-0.20018969194646716,0.23270775639763122,0.9700149925037481,0.617119939429631,0.6461663032367584,0.02904636380712744,-0.16577341925526026,0.2143370541090413,0.7296351824087957,exploratory_only,探索性,1.0,1.0,差异未达FDR显著
各逐题条件相对C03,相对C03,HAMD-17,PDCH共同24人验证,Qwen3.7-Max,不思考,9,激越,3,C03：全文｜不规整｜逐条评分｜不清洗,4,C04：全文｜不规整｜逐条评分｜清洗,24,是,是,0.5400693922717587,0.49735366892988353,-0.04271572334187512,-0.1861665813437587,0.10984554577252645,0.512743628185907,0.5092086628561646,0.48757319389021353,-0.021635468965951088,-0.15829093554796506,0.1481801115517693,0.7541229385307346,exploratory_only,探索性,1.0,1.0,差异未达FDR显著
各逐题条件相对C03,相对C03,HAMD-17,PDCH共同24人验证,Qwen3.7-Max,不思考,9,激越,3,C03：全文｜不规整｜逐条评分｜不清洗,7,C07：全文｜规整｜逐条评分｜不清洗,24,是,是,0.5400693922717587,0.6517410696633695,0.11167167739161088,-0.1143436436961901,0.44088442577937376,0.5282358820589705,0.5092086628561646,0.6418149747938359,0.13260631193767125,-0.1175942938843904,0.4225905593988268,0.4587706146926537,exploratory_only,探索性,1.0,1.0,差异未达FDR显著
各逐题条件相对C03,相对C03,HAMD-17,PDCH共同24人验证,Qwen3.7-Max,不思考,9,激越,3,C03：全文｜不规整｜逐条评分｜不清洗,8,C08：全文｜规整｜逐条评分｜清洗,24,是,是,0.5400693922717587,0.41342488677762107,-0.12664450549413758,-0.5080075981329939,0.29277134778361236,0.504247876061969,0.5092086628561646,0.34897808804443103,-0.16023057481173358,-0.5768524727841495,0.2573602674866678,0.4407796101949025,exploratory_only,探索性,1.0,1.0,差异未达FDR显著
各逐题条件相对C03,相对C03,HAMD-17,PDCH共同24人验证,Qwen3.7-Max,不思考,9,激越,3,C03：全文｜不规整｜逐条评分｜不清洗,11,C11：事件序列｜不规整｜逐条评分｜不清洗,24,是,是,0.5400693922717587,0.5010720670612453,-0.038997325210513356,-0.13942712931857817,0.0,1.0,0.5092086628561646,0.4746450610667491,-0.03456360178941553,-0.11650466166314906,0.0,1.0,exploratory_only,探索性,1.0,1.0,差异未达FDR显著
各逐题条件相对C03,相对C03,HAMD-17,PDCH共同24人验证,Qwen3.7-Max,不思考,9,激越,3,C03：全文｜不规整｜逐条评分｜不清洗,12,C12：事件序列｜不规整｜逐条评分｜清洗,24,是,是,0.5400693922717587,0.5456941601117983,0.005624767840039624,-0.12430891830673327,0.18036041303589342,1.0,0.5092086628561646,0.5395295099157205,0.030320847059555844,-0.09945640650007256,0.1859913727081221,0.49525237381309345,exploratory_only,探索性,1.0,1.0,差异未达FDR显著
各逐题条件相对C03,相对C03,HAMD-17,PDCH共同24人验证,Qwen3.7-Max,不思考,9,激越,3,C03：全文｜不规整｜逐条评分｜不清洗,15,C15：事件序列｜规整｜逐条评分｜不清洗,24,是,是,0.5400693922717587,0.6674090230231638,0.1273396307514052,-0.13456905069718628,0.4111747578476045,0.33933033483258374,0.5092086628561646,0.6416459822065275,0.13243731935036285,-0.11489481475508266,0.4102928799429764,0.33383308345827084,exploratory_only,探索性,1.0,1.0,差异未达FDR显著
各逐题条件相对C03,相对C03,HAMD-17,PDCH共同24人验证,Qwen3.7-Max,不思考,9,激越,3,C03：全文｜不规整｜逐条评分｜不清洗,16,C16：事件序列｜规整｜逐条评分｜清洗,24,是,是,0.5400693922717587,0.616326930416956,0.07625753814519731,-0.1852317240980475,0.3897912455913618,0.6326836581709145,0.5092086628561646,0.5711459039833902,0.06193724112722554,-0.27854362614575906,0.3930475059607486,0.7261369315342329,exploratory_only,探索性,1.0,1.0,差异未达FDR显著
各逐题条件相对C03,相对C03,HAMD-17,PDCH共同24人验证,Qwen3.7-Max,不思考,10,精神性焦虑,3,C03：全文｜不规整｜逐条评分｜不清洗,4,C04：全文｜不规整｜逐条评分｜清洗,24,是,是,0.6345050931048767,0.6535677582959106,0.019062665191033945,-0.07790779830600778,0.12507098403138175,1.0,0.5687541737537976,0.6305516163663593,0.061797442612561704,-0.020332122507106653,0.1878937121308479,0.5082458770614693,exploratory_only,探索性,1.0,1.0,差异未达FDR显著
各逐题条件相对C03,相对C03,HAMD-17,PDCH共同24人验证,Qwen3.7-Max,不思考,10,精神性焦虑,3,C03：全文｜不规整｜逐条评分｜不清洗,7,C07：全文｜规整｜逐条评分｜不清洗,24,是,是,0.6345050931048767,0.6428602324647144,0.008355139359837671,-0.2636332244853603,0.23878625220899805,0.9445277361319341,0.5687541737537976,0.6490183895111364,0.08026421575733889,-0.12065769426045289,0.285450348587524,0.2943528235882059,exploratory_only,探索性,1.0,1.0,差异未达FDR显著
各逐题条件相对C03,相对C03,HAMD-17,PDCH共同24人验证,Qwen3.7-Max,不思考,10,精神性焦虑,3,C03：全文｜不规整｜逐条评分｜不清洗,8,C08：全文｜规整｜逐条评分｜清洗,24,是,是,0.6345050931048767,0.4523235170184646,-0.18218157608641206,-0.5792319444231995,0.14663778117022003,0.41579210394802596,0.5687541737537976,0.4185251915623465,-0.15022898219145103,-0.5802359515848401,0.18522477850857108,0.5972013993003499,exploratory_only,探索性,1.0,1.0,差异未达FDR显著
各逐题条件相对C03,相对C03,HAMD-17,PDCH共同24人验证,Qwen3.7-Max,不思考,10,精神性焦虑,3,C03：全文｜不规整｜逐条评分｜不清洗,11,C11：事件序列｜不规整｜逐条评分｜不清洗,24,是,是,0.6345050931048767,0.6345050931048767,0.0,0.0,0.0,1.0,0.5687541737537976,0.5687541737537976,0.0,0.0,0.0,1.0,exploratory_only,探索性,1.0,1.0,差异未达FDR显著
各逐题条件相对C03,相对C03,HAMD-17,PDCH共同24人验证,Qwen3.7-Max,不思考,10,精神性焦虑,3,C03：全文｜不规整｜逐条评分｜不清洗,12,C12：事件序列｜不规整｜逐条评分｜清洗,24,是,是,0.6345050931048767,0.6150934950969107,-0.01941159800796599,-0.19459517331682727,0.14954652640232569,0.7501249375312344,0.5687541737537976,0.581395922092517,0.01264174833871945,-0.140093339226729,0.18660306609105534,0.887056471764118,exploratory_only,探索性,1.0,1.0,差异未达FDR显著
各逐题条件相对C03,相对C03,HAMD-17,PDCH共同24人验证,Qwen3.7-Max,不思考,10,精神性焦虑,3,C03：全文｜不规整｜逐条评分｜不清洗,15,C15：事件序列｜规整｜逐条评分｜不清洗,24,是,是,0.6345050931048767,0.6567205395374233,0.02221544643254658,-0.05427327634296061,0.12047706158587021,0.7466266866566716,0.5687541737537976,0.5986238001350668,0.02986962638126922,-0.07837970310007418,0.1717043128612127,0.4917541229385307,exploratory_only,探索性,1.0,1.0,差异未达FDR显著
各逐题条件相对C03,相对C03,HAMD-17,PDCH共同24人验证,Qwen3.7-Max,不思考,10,精神性焦虑,3,C03：全文｜不规整｜逐条评分｜不清洗,16,C16：事件序列｜规整｜逐条评分｜清洗,24,是,是,0.6345050931048767,0.6440728000158298,0.0095677069109531,-0.09729502549132438,0.138017991293368,0.9400299850074962,0.5687541737537976,0.5820618357752508,0.013307662021453281,-0.11683603168035464,0.1660695080743376,0.8705647176411794,exploratory_only,探索性,1.0,1.0,差异未达FDR显著
各逐题条件相对C03,相对C03,HAMD-17,PDCH共同24人验证,Qwen3.7-Max,不思考,11,躯体性焦虑,3,C03：全文｜不规整｜逐条评分｜不清洗,4,C04：全文｜不规整｜逐条评分｜清洗,24,是,是,0.7161565290873688,0.715239819788979,-0.0009167092983898284,-0.03917910652643603,0.03579715945385695,1.0,0.5709268444547437,0.5897749626524837,0.018848118197740016,-0.004835584523048336,0.09038971255165118,1.0,exploratory_only,探索性,1.0,1.0,差异未达FDR显著
各逐题条件相对C03,相对C03,HAMD-17,PDCH共同24人验证,Qwen3.7-Max,不思考,11,躯体性焦虑,3,C03：全文｜不规整｜逐条评分｜不清洗,7,C07：全文｜规整｜逐条评分｜不清洗,24,是,是,0.7161565290873688,0.678712678129636,-0.03744385095773284,-0.25431284168897655,0.156883671634872,0.7171414292853573,0.5709268444547437,0.6214256724941183,0.050498828039374555,-0.1760716726666678,0.26951281835913365,0.592703648175912,exploratory_only,探索性,1.0,1.0,差异未达FDR显著
各逐题条件相对C03,相对C03,HAMD-17,PDCH共同24人验证,Qwen3.7-Max,不思考,11,躯体性焦虑,3,C03：全文｜不规整｜逐条评分｜不清洗,8,C08：全文｜规整｜逐条评分｜清洗,24,是,是,0.7161565290873688,0.6327549394029837,-0.08340158968438516,-0.42817365261169915,0.2252827707041314,0.7871064467766117,0.5709268444547437,0.554851907464339,-0.016074936990404742,-0.35959254402695096,0.28237142090516926,0.9515242378810594,exploratory_only,探索性,1.0,1.0,差异未达FDR显著
各逐题条件相对C03,相对C03,HAMD-17,PDCH共同24人验证,Qwen3.7-Max,不思考,11,躯体性焦虑,3,C03：全文｜不规整｜逐条评分｜不清洗,11,C11：事件序列｜不规整｜逐条评分｜不清洗,24,是,是,0.7161565290873688,0.6798593825346261,-0.03629714655274274,-0.14638153732968046,0.05695882756879503,1.0,0.5709268444547437,0.6251475887935383,0.054220744338794535,-0.049807964536555345,0.20276413224537038,0.26786606696651677,exploratory_only,探索性,1.0,1.0,差异未达FDR显著
各逐题条件相对C03,相对C03,HAMD-17,PDCH共同24人验证,Qwen3.7-Max,不思考,11,躯体性焦虑,3,C03：全文｜不规整｜逐条评分｜不清洗,12,C12：事件序列｜不规整｜逐条评分｜清洗,24,是,是,0.7161565290873688,0.6939930050884627,-0.022163523998906087,-0.11995034429412274,0.08888579823565661,0.8740629685157422,0.5709268444547437,0.6403966178503644,0.06946977339562066,-0.03907595369047355,0.2367985405463684,0.26186906546726635,exploratory_only,探索性,1.0,1.0,差异未达FDR显著
各逐题条件相对C03,相对C03,HAMD-17,PDCH共同24人验证,Qwen3.7-Max,不思考,11,躯体性焦虑,3,C03：全文｜不规整｜逐条评分｜不清洗,15,C15：事件序列｜规整｜逐条评分｜不清洗,24,是,是,0.7161565290873688,0.7156055823856262,-0.0005509467017426051,-0.13860752390201125,0.16696982080189982,1.0,0.5709268444547437,0.6201012061535561,0.0491743616988124,-0.10454454181236396,0.2583562434237193,0.7411294352823589,exploratory_only,探索性,1.0,1.0,差异未达FDR显著
各逐题条件相对C03,相对C03,HAMD-17,PDCH共同24人验证,Qwen3.7-Max,不思考,11,躯体性焦虑,3,C03：全文｜不规整｜逐条评分｜不清洗,16,C16：事件序列｜规整｜逐条评分｜清洗,24,是,是,0.7161565290873688,0.7156055823856262,-0.0005509467017426051,-0.14509940212149972,0.16336754103322357,1.0,0.5709268444547437,0.6201012061535561,0.0491743616988124,-0.13374465965935275,0.2564727112727869,0.7576211894052973,exploratory_only,探索性,1.0,1.0,差异未达FDR显著
各逐题条件相对C03,相对C03,HAMD-17,PDCH共同24人验证,Qwen3.7-Max,不思考,12,胃肠道症状,3,C03：全文｜不规整｜逐条评分｜不清洗,4,C04：全文｜不规整｜逐条评分｜清洗,24,是,是,0.37289235866854814,0.3741724842309733,0.0012801255624251828,-0.15101177950599584,0.18645429833311938,1.0,0.2306921596324522,0.2082891827014291,-0.02240297693102311,-0.16839997174440494,0.104094586041049,0.4827586206896552,exploratory_only,探索性,1.0,1.0,差异未达FDR显著
各逐题条件相对C03,相对C03,HAMD-17,PDCH共同24人验证,Qwen3.7-Max,不思考,12,胃肠道症状,3,C03：全文｜不规整｜逐条评分｜不清洗,7,C07：全文｜规整｜逐条评分｜不清洗,24,是,是,0.37289235866854814,0.314114813939045,-0.05877754472950314,-0.2765767491532272,0.19389215956930841,0.7576211894052973,0.2306921596324522,0.22784410827896515,-0.0028480513534870633,-0.25538995769956313,0.26731258736452024,1.0,exploratory_only,探索性,1.0,1.0,差异未达FDR显著
各逐题条件相对C03,相对C03,HAMD-17,PDCH共同24人验证,Qwen3.7-Max,不思考,12,胃肠道症状,3,C03：全文｜不规整｜逐条评分｜不清洗,8,C08：全文｜规整｜逐条评分｜清洗,24,是,是,0.37289235866854814,0.25573483355098553,-0.11715752511756261,-0.33495452474423476,0.026452493181034677,0.0004997501249375312,0.2306921596324522,0.12905508314718736,-0.10163707648526485,-0.315886384680218,0.04214878281953987,0.4832583708145927,exploratory_only,探索性,0.005947026486756621,1.0,差异未达FDR显著
各逐题条件相对C03,相对C03,HAMD-17,PDCH共同24人验证,Qwen3.7-Max,不思考,12,胃肠道症状,3,C03：全文｜不规整｜逐条评分｜不清洗,11,C11：事件序列｜不规整｜逐条评分｜不清洗,24,是,是,0.37289235866854814,0.4250116153791958,0.052119256710647655,-0.039661506633658396,0.19266951562341658,0.0004997501249375312,0.2306921596324522,0.2578723037723615,0.027180144139909268,-0.0747888717724818,0.13215284755279025,0.48375812093953025,exploratory_only,探索性,0.005947026486756621,1.0,差异未达FDR显著
各逐题条件相对C03,相对C03,HAMD-17,PDCH共同24人验证,Qwen3.7-Max,不思考,12,胃肠道症状,3,C03：全文｜不规整｜逐条评分｜不清洗,12,C12：事件序列｜不规整｜逐条评分｜清洗,24,是,是,0.37289235866854814,0.32848863441207543,-0.04440372425647271,-0.17506728709940844,0.046854328408414615,1.0,0.2306921596324522,0.1728510925890332,-0.057841067043419014,-0.19059233833531006,0.03417521020451457,0.4862568715642179,exploratory_only,探索性,1.0,1.0,差异未达FDR显著
各逐题条件相对C03,相对C03,HAMD-17,PDCH共同24人验证,Qwen3.7-Max,不思考,12,胃肠道症状,3,C03：全文｜不规整｜逐条评分｜不清洗,15,C15：事件序列｜规整｜逐条评分｜不清洗,24,是,是,0.37289235866854814,0.37289235866854814,0.0,0.0,0.0,1.0,0.2306921596324522,0.2306921596324522,0.0,0.0,0.0,1.0,exploratory_only,探索性,1.0,1.0,差异未达FDR显著
各逐题条件相对C03,相对C03,HAMD-17,PDCH共同24人验证,Qwen3.7-Max,不思考,12,胃肠道症状,3,C03：全文｜不规整｜逐条评分｜不清洗,16,C16：事件序列｜规整｜逐条评分｜清洗,24,是,是,0.37289235866854814,0.41242241326115703,0.03953005459260889,-0.0914731877688089,0.1836272532585457,1.0,0.2306921596324522,0.2883794494325332,0.057687289800080976,-0.06143809222677727,0.21108282280727308,1.0,exploratory_only,探索性,1.0,1.0,差异未达FDR显著
各逐题条件相对C03,相对C03,HAMD-17,PDCH共同24人验证,Qwen3.7-Max,不思考,13,全身症状,3,C03：全文｜不规整｜逐条评分｜不清洗,4,C04：全文｜不规整｜逐条评分｜清洗,24,是,是,0.740926070637769,0.6162818166893015,-0.12464425394846756,-0.31863446927858546,0.005488422070351232,0.13343328335832083,0.633451248698456,0.48970234321071365,-0.14374890548774238,-0.3385857633794861,0.008467479783204432,0.24687656171914044,exploratory_only,探索性,0.9340329835082458,1.0,差异未达FDR显著
各逐题条件相对C03,相对C03,HAMD-17,PDCH共同24人验证,Qwen3.7-Max,不思考,13,全身症状,3,C03：全文｜不规整｜逐条评分｜不清洗,7,C07：全文｜规整｜逐条评分｜不清洗,24,是,是,0.740926070637769,0.6291983711333652,-0.11172769950440387,-0.48039119181844336,0.16709138088463513,0.559720139930035,0.633451248698456,0.5146850126549787,-0.11876623604347736,-0.483260082871558,0.1926063487546881,0.551224387806097,exploratory_only,探索性,1.0,1.0,差异未达FDR显著
各逐题条件相对C03,相对C03,HAMD-17,PDCH共同24人验证,Qwen3.7-Max,不思考,13,全身症状,3,C03：全文｜不规整｜逐条评分｜不清洗,8,C08：全文｜规整｜逐条评分｜清洗,24,是,是,0.740926070637769,0.6150396789735533,-0.12588639166421578,-0.5025662726732012,0.2077826561134619,0.6381809095452274,0.633451248698456,0.4948870925865358,-0.13856415611192024,-0.48734274745870065,0.20648660862367302,0.5992003998001,exploratory_only,探索性,1.0,1.0,差异未达FDR显著
各逐题条件相对C03,相对C03,HAMD-17,PDCH共同24人验证,Qwen3.7-Max,不思考,13,全身症状,3,C03：全文｜不规整｜逐条评分｜不清洗,11,C11：事件序列｜不规整｜逐条评分｜不清洗,24,是,是,0.740926070637769,0.6672553349196981,-0.07367073571807092,-0.21432600342576016,0.009179599737708223,0.25337331334332835,0.633451248698456,0.5559233513956142,-0.07752789730284182,-0.2599747883046071,0.022157535762737907,0.4947526236881559,exploratory_only,探索性,1.0,1.0,差异未达FDR显著
各逐题条件相对C03,相对C03,HAMD-17,PDCH共同24人验证,Qwen3.7-Max,不思考,13,全身症状,3,C03：全文｜不规整｜逐条评分｜不清洗,12,C12：事件序列｜不规整｜逐条评分｜清洗,24,是,是,0.740926070637769,0.6481939779588001,-0.09273209267896898,-0.33044432317524364,0.08850010188485907,0.33833083458270863,0.633451248698456,0.5123630129912754,-0.12108823570718064,-0.36846744196197145,0.08296173869615825,0.35132433783108447,exploratory_only,探索性,1.0,1.0,差异未达FDR显著
各逐题条件相对C03,相对C03,HAMD-17,PDCH共同24人验证,Qwen3.7-Max,不思考,13,全身症状,3,C03：全文｜不规整｜逐条评分｜不清洗,15,C15：事件序列｜规整｜逐条评分｜不清洗,24,是,是,0.740926070637769,0.5991404319700075,-0.1417856386677615,-0.328823377066631,0.0,0.0004997501249375312,0.633451248698456,0.46011463198655606,-0.17333661671189998,-0.4316329429207419,0.0,0.2593703148425787,exploratory_only,探索性,0.005947026486756621,1.0,差异未达FDR显著
各逐题条件相对C03,相对C03,HAMD-17,PDCH共同24人验证,Qwen3.7-Max,不思考,13,全身症状,3,C03：全文｜不规整｜逐条评分｜不清洗,16,C16：事件序列｜规整｜逐条评分｜清洗,24,是,是,0.740926070637769,0.6626349956767893,-0.07829107496097976,-0.23134569074974332,0.0,0.2478760619690155,0.633451248698456,0.5417324764572004,-0.09171877224125569,-0.25040180420904723,0.0018899250554380818,0.25787106446776614,exploratory_only,探索性,1.0,1.0,差异未达FDR显著
各逐题条件相对C03,相对C03,HAMD-17,PDCH共同24人验证,Qwen3.7-Max,不思考,14,性症状,3,C03：全文｜不规整｜逐条评分｜不清洗,4,C04：全文｜不规整｜逐条评分｜清洗,16,是,是,0.6443620078072435,0.6443620078072435,0.0,0.0,0.0,1.0,0.5780108310085438,0.5780108310085438,0.0,0.0,0.0,1.0,not_estimable,不可估计,1.0,1.0,差异未达FDR显著
各逐题条件相对C03,相对C03,HAMD-17,PDCH共同24人验证,Qwen3.7-Max,不思考,14,性症状,3,C03：全文｜不规整｜逐条评分｜不清洗,7,C07：全文｜规整｜逐条评分｜不清洗,11,是,是,0.7903686430589093,0.8524497093157124,0.0620810662568031,-0.002762207518995103,0.3389142370732201,1.0,0.7674445940394162,0.8485483171719467,0.08110372313253045,0.0,0.3407213339392201,0.0004997501249375312,not_estimable,不可估计,1.0,0.009911710811261036,目标条件校正相关显著更强
各逐题条件相对C03,相对C03,HAMD-17,PDCH共同24人验证,Qwen3.7-Max,不思考,14,性症状,3,C03：全文｜不规整｜逐条评分｜不清洗,8,C08：全文｜规整｜逐条评分｜清洗,13,是,是,0.7663488127434505,0.6759725602347323,-0.09037625250871817,-0.38972069002624254,0.12214413708556753,0.5222388805597201,0.6692014483788844,0.595890499088271,-0.07331094929061344,-0.3711228119540731,0.1900175582197676,1.0,not_estimable,不可估计,1.0,1.0,差异未达FDR显著
各逐题条件相对C03,相对C03,HAMD-17,PDCH共同24人验证,Qwen3.7-Max,不思考,14,性症状,3,C03：全文｜不规整｜逐条评分｜不清洗,11,C11：事件序列｜不规整｜逐条评分｜不清洗,17,是,是,0.6651253616721985,0.5706775603147464,-0.09444780135745212,-0.29673258790132573,0.0,1.0,0.6053822962944465,0.5092372437613746,-0.09614505253307193,-0.2803372839559334,0.0,1.0,not_estimable,不可估计,1.0,1.0,差异未达FDR显著
各逐题条件相对C03,相对C03,HAMD-17,PDCH共同24人验证,Qwen3.7-Max,不思考,14,性症状,3,C03：全文｜不规整｜逐条评分｜不清洗,12,C12：事件序列｜不规整｜逐条评分｜清洗,17,是,是,0.6651253616721985,0.5706775603147464,-0.09444780135745212,-0.28594725101379215,0.0,1.0,0.6053822962944465,0.5092372437613746,-0.09614505253307193,-0.3013516802933864,0.0,1.0,not_estimable,不可估计,1.0,1.0,差异未达FDR显著
各逐题条件相对C03,相对C03,HAMD-17,PDCH共同24人验证,Qwen3.7-Max,不思考,14,性症状,3,C03：全文｜不规整｜逐条评分｜不清洗,15,C15：事件序列｜规整｜逐条评分｜不清洗,17,是,是,0.6651253616721985,0.5094365535296677,-0.15568880814253083,-0.37362666825194807,0.0,0.4962518740629685,0.6053822962944465,0.4277784545095209,-0.1776038417849256,-0.42331461141502363,0.0,0.0004997501249375312,not_estimable,不可估计,1.0,0.009911710811261036,目标条件校正相关显著更弱
各逐题条件相对C03,相对C03,HAMD-17,PDCH共同24人验证,Qwen3.7-Max,不思考,14,性症状,3,C03：全文｜不规整｜逐条评分｜不清洗,16,C16：事件序列｜规整｜逐条评分｜清洗,17,是,是,0.6651253616721985,0.5094365535296677,-0.15568880814253083,-0.373386241112418,0.0,0.511744127936032,0.6053822962944465,0.4277784545095209,-0.1776038417849256,-0.40118547100190305,0.0,0.0004997501249375312,not_estimable,不可估计,1.0,0.009911710811261036,目标条件校正相关显著更弱
各逐题条件相对C03,相对C03,HAMD-17,PDCH共同24人验证,Qwen3.7-Max,不思考,15,疑病,3,C03：全文｜不规整｜逐条评分｜不清洗,4,C04：全文｜不规整｜逐条评分｜清洗,24,是,是,0.37779818659755254,0.3533704875745909,-0.024427699022961658,-0.18403726509347007,0.13476140077578452,0.8580709645177411,0.2535740638345426,0.24024799784655707,-0.013326065987985553,-0.17486810972892042,0.13964565185872518,1.0,exploratory_only,探索性,1.0,1.0,差异未达FDR显著
各逐题条件相对C03,相对C03,HAMD-17,PDCH共同24人验证,Qwen3.7-Max,不思考,15,疑病,3,C03：全文｜不规整｜逐条评分｜不清洗,7,C07：全文｜规整｜逐条评分｜不清洗,24,是,是,0.37779818659755254,0.30774905703033634,-0.0700491295672162,-0.352266217368348,0.2062856368669063,0.672663668165917,0.2535740638345426,0.20267248945857128,-0.05090157437597134,-0.3750677479227588,0.24286530097135714,0.7561219390304847,exploratory_only,探索性,1.0,1.0,差异未达FDR显著
各逐题条件相对C03,相对C03,HAMD-17,PDCH共同24人验证,Qwen3.7-Max,不思考,15,疑病,3,C03：全文｜不规整｜逐条评分｜不清洗,8,C08：全文｜规整｜逐条评分｜清洗,24,是,是,0.37779818659755254,0.3251384912304158,-0.052659695367136716,-0.2768499318797292,0.19604298731028102,0.7266366816591704,0.2535740638345426,0.2348570671631709,-0.018716996671371722,-0.28386489904400775,0.26099249997060187,0.9335332333833083,exploratory_only,探索性,1.0,1.0,差异未达FDR显著
各逐题条件相对C03,相对C03,HAMD-17,PDCH共同24人验证,Qwen3.7-Max,不思考,15,疑病,3,C03：全文｜不规整｜逐条评分｜不清洗,11,C11：事件序列｜不规整｜逐条评分｜不清洗,24,是,是,0.37779818659755254,0.3490671796665136,-0.028731006931038916,-0.16212643822239226,0.10955433450261708,0.7621189405297352,0.2535740638345426,0.23232971140920985,-0.021244352425332763,-0.20136528859964797,0.1303437954405737,0.7481259370314842,exploratory_only,探索性,1.0,1.0,差异未达FDR显著
各逐题条件相对C03,相对C03,HAMD-17,PDCH共同24人验证,Qwen3.7-Max,不思考,15,疑病,3,C03：全文｜不规整｜逐条评分｜不清洗,12,C12：事件序列｜不规整｜逐条评分｜清洗,24,是,是,0.37779818659755254,0.3490671796665136,-0.028731006931038916,-0.19944382538537286,0.10170881297796053,0.760119940029985,0.2535740638345426,0.23232971140920985,-0.021244352425332763,-0.23357672365006904,0.1332657075514332,0.7256371814092953,exploratory_only,探索性,1.0,1.0,差异未达FDR显著
各逐题条件相对C03,相对C03,HAMD-17,PDCH共同24人验证,Qwen3.7-Max,不思考,15,疑病,3,C03：全文｜不规整｜逐条评分｜不清洗,15,C15：事件序列｜规整｜逐条评分｜不清洗,24,是,是,0.37779818659755254,0.4735733229256971,0.09577513632814455,-0.18972551522629574,0.3898300255542515,0.55872063968016,0.2535740638345426,0.3461766565766324,0.09260259274208976,-0.1858135359607504,0.39017556461473046,0.567216391804098,exploratory_only,探索性,1.0,1.0,差异未达FDR显著
各逐题条件相对C03,相对C03,HAMD-17,PDCH共同24人验证,Qwen3.7-Max,不思考,15,疑病,3,C03：全文｜不规整｜逐条评分｜不清洗,16,C16：事件序列｜规整｜逐条评分｜清洗,24,是,是,0.37779818659755254,0.21172811281171183,-0.1660700737858407,-0.4770033424463805,0.11722906339436041,0.26636681659170414,0.2535740638345426,0.09702656097053354,-0.1565475028640091,-0.4530819843247605,0.0945645870707661,0.28735632183908044,exploratory_only,探索性,1.0,1.0,差异未达FDR显著
各逐题条件相对C03,相对C03,HAMD-17,PDCH共同24人验证,Qwen3.7-Max,不思考,16,体重减轻,3,C03：全文｜不规整｜逐条评分｜不清洗,4,C04：全文｜不规整｜逐条评分｜清洗,24,是,是,0.42917090019340853,0.4355088882617735,0.0063379880683649414,-0.15748392805771455,0.19294145181326097,1.0,0.38818495460813107,0.40846892993899486,0.02028397533086379,-0.1142064501575339,0.17971876958290167,1.0,exploratory_only,探索性,1.0,1.0,差异未达FDR显著
各逐题条件相对C03,相对C03,HAMD-17,PDCH共同24人验证,Qwen3.7-Max,不思考,16,体重减轻,3,C03：全文｜不规整｜逐条评分｜不清洗,7,C07：全文｜规整｜逐条评分｜不清洗,24,是,是,0.42917090019340853,0.21147690803638353,-0.217693992157025,-0.5131288022210082,0.04898484500037444,0.06696651674162919,0.38818495460813107,0.17153256207897744,-0.21665239252915364,-0.48719564294030876,0.03691302054597131,0.14042978510744628,exploratory_only,探索性,0.6130011917118364,1.0,差异未达FDR显著
各逐题条件相对C03,相对C03,HAMD-17,PDCH共同24人验证,Qwen3.7-Max,不思考,16,体重减轻,3,C03：全文｜不规整｜逐条评分｜不清洗,8,C08：全文｜规整｜逐条评分｜清洗,24,是,是,0.42917090019340853,0.14675811323203872,-0.28241278696136984,-0.6785944636309208,0.1423647555158064,0.22038980509745126,0.38818495460813107,0.12377250027565168,-0.2644124543324794,-0.7118126944346083,0.13248012725159436,0.27136431784107945,exploratory_only,探索性,1.0,1.0,差异未达FDR显著
各逐题条件相对C03,相对C03,HAMD-17,PDCH共同24人验证,Qwen3.7-Max,不思考,16,体重减轻,3,C03：全文｜不规整｜逐条评分｜不清洗,11,C11：事件序列｜不规整｜逐条评分｜不清洗,24,是,是,0.42917090019340853,0.42917090019340853,0.0,0.0,0.0,1.0,0.38818495460813107,0.38818495460813107,0.0,0.0,0.0,1.0,exploratory_only,探索性,1.0,1.0,差异未达FDR显著
各逐题条件相对C03,相对C03,HAMD-17,PDCH共同24人验证,Qwen3.7-Max,不思考,16,体重减轻,3,C03：全文｜不规整｜逐条评分｜不清洗,12,C12：事件序列｜不规整｜逐条评分｜清洗,24,是,是,0.42917090019340853,0.40665877508452936,-0.022512125108879177,-0.13936895007924077,0.052480766496443836,0.0004997501249375312,0.38818495460813107,0.36831763555399727,-0.019867319054133803,-0.12441821683287974,0.07304912024611432,0.0004997501249375312,exploratory_only,探索性,0.005947026486756621,0.009911710811261036,目标条件校正相关显著更弱
各逐题条件相对C03,相对C03,HAMD-17,PDCH共同24人验证,Qwen3.7-Max,不思考,16,体重减轻,3,C03：全文｜不规整｜逐条评分｜不清洗,15,C15：事件序列｜规整｜逐条评分｜不清洗,24,是,是,0.42917090019340853,0.2891109339418873,-0.14005996625152123,-0.4291673342507502,0.04243872703227941,0.0004997501249375312,0.38818495460813107,0.24469112781894858,-0.1434938267891825,-0.3889886133905825,0.02555760045177413,0.2413793103448276,exploratory_only,探索性,0.005947026486756621,1.0,差异未达FDR显著
各逐题条件相对C03,相对C03,HAMD-17,PDCH共同24人验证,Qwen3.7-Max,不思考,16,体重减轻,3,C03：全文｜不规整｜逐条评分｜不清洗,16,C16：事件序列｜规整｜逐条评分｜清洗,24,是,是,0.42917090019340853,0.39034869480779744,-0.0388222053856111,-0.15903964588449174,0.042275192090155345,0.4817591204397801,0.38818495460813107,0.3484028613679938,-0.03978209324013726,-0.14992477916572733,0.07597524167211309,0.5027486256871564,exploratory_only,探索性,1.0,1.0,差异未达FDR显著
各逐题条件相对C03,相对C03,HAMD-17,PDCH共同24人验证,Qwen3.7-Max,不思考,17,自知力,3,C03：全文｜不规整｜逐条评分｜不清洗,4,C04：全文｜不规整｜逐条评分｜清洗,24,是,是,0.3662856731381801,0.3662856731381801,0.0,0.0,0.0,1.0,0.34126421963873355,0.34126421963873355,0.0,0.0,0.0,1.0,exploratory_only,探索性,1.0,1.0,差异未达FDR显著
各逐题条件相对C03,相对C03,HAMD-17,PDCH共同24人验证,Qwen3.7-Max,不思考,17,自知力,3,C03：全文｜不规整｜逐条评分｜不清洗,7,C07：全文｜规整｜逐条评分｜不清洗,24,是,是,0.3662856731381801,0.26890142882965856,-0.09738424430852155,-0.3440864431255693,0.12141922011311032,0.5022488755622189,0.34126421963873355,0.23860230519522937,-0.10266191444350417,-0.3662897272261449,0.1594096132888855,0.504247876061969,exploratory_only,探索性,1.0,1.0,差异未达FDR显著
各逐题条件相对C03,相对C03,HAMD-17,PDCH共同24人验证,Qwen3.7-Max,不思考,17,自知力,3,C03：全文｜不规整｜逐条评分｜不清洗,8,C08：全文｜规整｜逐条评分｜清洗,24,是,是,0.3662856731381801,0.4204549604022718,0.0541692872640917,-0.30006303344718593,0.3985226994347192,0.7591204397801099,0.34126421963873355,0.37307917335873203,0.031814953719998484,-0.3090410890739605,0.36038021878397114,0.7566216891554223,exploratory_only,探索性,1.0,1.0,差异未达FDR显著
各逐题条件相对C03,相对C03,HAMD-17,PDCH共同24人验证,Qwen3.7-Max,不思考,17,自知力,3,C03：全文｜不规整｜逐条评分｜不清洗,11,C11：事件序列｜不规整｜逐条评分｜不清洗,24,是,是,0.3662856731381801,0.3662856731381801,0.0,0.0,0.0,1.0,0.34126421963873355,0.34126421963873355,0.0,0.0,0.0,1.0,exploratory_only,探索性,1.0,1.0,差异未达FDR显著
各逐题条件相对C03,相对C03,HAMD-17,PDCH共同24人验证,Qwen3.7-Max,不思考,17,自知力,3,C03：全文｜不规整｜逐条评分｜不清洗,12,C12：事件序列｜不规整｜逐条评分｜清洗,24,是,是,0.3662856731381801,0.3662856731381801,0.0,0.0,0.0,1.0,0.34126421963873355,0.34126421963873355,0.0,0.0,0.0,1.0,exploratory_only,探索性,1.0,1.0,差异未达FDR显著
各逐题条件相对C03,相对C03,HAMD-17,PDCH共同24人验证,Qwen3.7-Max,不思考,17,自知力,3,C03：全文｜不规整｜逐条评分｜不清洗,15,C15：事件序列｜规整｜逐条评分｜不清洗,24,是,是,0.3662856731381801,0.04386150885648655,-0.32242416428169357,-0.7450358101439138,0.03195057050479548,0.1714142928535732,0.34126421963873355,0.012509777084013358,-0.3287544425547202,-0.767649862907487,0.07442198289992086,0.12743628185907047,exploratory_only,探索性,1.0,1.0,差异未达FDR显著
各逐题条件相对C03,相对C03,HAMD-17,PDCH共同24人验证,Qwen3.7-Max,不思考,17,自知力,3,C03：全文｜不规整｜逐条评分｜不清洗,16,C16：事件序列｜规整｜逐条评分｜清洗,24,是,是,0.3662856731381801,0.12012998868636335,-0.24615568445181676,-0.6496054682053675,0.1270606048835578,0.3963018490754623,0.34126421963873355,0.0799455371482997,-0.26131868249043383,-0.6690294029301117,0.16754282653433364,0.25237381309345325,exploratory_only,探索性,1.0,1.0,差异未达FDR显著
各逐题条件相对C03,相对C03,HAMD-17,PDCH共同24人验证,Qwen3.7-Max,思考,1,抑郁情绪,3,C03：全文｜不规整｜逐条评分｜不清洗,4,C04：全文｜不规整｜逐条评分｜清洗,24,是,是,0.7735475735038827,0.7324597864974268,-0.04108778700645588,-0.13768086308959462,0.0019953203852914846,0.4927536231884058,0.6340991774016005,0.598973732828575,-0.035125444573025466,-0.16784144886626418,0.029716600083701406,1.0,exploratory_only,探索性,0.9870145572375102,1.0,差异未达FDR显著
各逐题条件相对C03,相对C03,HAMD-17,PDCH共同24人验证,Qwen3.7-Max,思考,1,抑郁情绪,3,C03：全文｜不规整｜逐条评分｜不清洗,7,C07：全文｜规整｜逐条评分｜不清洗,24,是,是,0.7735475735038827,0.6582478811242021,-0.11529969237968063,-0.3396675996566412,0.07208962572696008,0.2908545727136432,0.6340991774016005,0.5656485455294815,-0.06845063187211897,-0.27069268229090643,0.09990562079616977,0.47226386806596704,exploratory_only,探索性,0.8807263035149093,1.0,差异未达FDR显著
各逐题条件相对C03,相对C03,HAMD-17,PDCH共同24人验证,Qwen3.7-Max,思考,1,抑郁情绪,3,C03：全文｜不规整｜逐条评分｜不清洗,8,C08：全文｜规整｜逐条评分｜清洗,24,是,是,0.7735475735038827,0.5436562613397639,-0.22989131216411884,-0.7070799249647265,0.11163037485891457,0.48825587206396803,0.6340991774016005,0.4016567419096238,-0.23244243549197668,-0.711560657570602,0.10876863241581429,0.4707646176911544,exploratory_only,探索性,0.9870145572375102,1.0,差异未达FDR显著
各逐题条件相对C03,相对C03,HAMD-17,PDCH共同24人验证,Qwen3.7-Max,思考,1,抑郁情绪,3,C03：全文｜不规整｜逐条评分｜不清洗,11,C11：事件序列｜不规整｜逐条评分｜不清洗,24,是,是,0.7735475735038827,0.7387882390527647,-0.03475933445111801,-0.20034223519439295,0.06531195428394108,0.7361319340329835,0.6340991774016005,0.646470478048966,0.012371300647365469,-0.1372770885661238,0.18938007457129793,0.8760619690154923,exploratory_only,探索性,1.0,1.0,差异未达FDR显著
各逐题条件相对C03,相对C03,HAMD-17,PDCH共同24人验证,Qwen3.7-Max,思考,1,抑郁情绪,3,C03：全文｜不规整｜逐条评分｜不清洗,12,C12：事件序列｜不规整｜逐条评分｜清洗,24,是,是,0.7735475735038827,0.745019284352427,-0.028528289151455666,-0.15085392581879276,0.08692494677472119,0.7386306846576711,0.6340991774016005,0.6325534031744863,-0.001545774227114216,-0.1093770837116118,0.1334410505170698,1.0,exploratory_only,探索性,1.0,1.0,差异未达FDR显著
各逐题条件相对C03,相对C03,HAMD-17,PDCH共同24人验证,Qwen3.7-Max,思考,1,抑郁情绪,3,C03：全文｜不规整｜逐条评分｜不清洗,15,C15：事件序列｜规整｜逐条评分｜不清洗,24,是,是,0.7735475735038827,0.6106637763196093,-0.16288379718427337,-0.3778111211049899,0.00011954139496265263,0.08245877061469266,0.6340991774016005,0.4800089462415135,-0.15409023116008697,-0.3715663271367988,0.008009963791438635,0.10644677661169415,exploratory_only,探索性,0.6226886556721639,1.0,差异未达FDR显著
各逐题条件相对C03,相对C03,HAMD-17,PDCH共同24人验证,Qwen3.7-Max,思考,1,抑郁情绪,3,C03：全文｜不规整｜逐条评分｜不清洗,16,C16：事件序列｜规整｜逐条评分｜清洗,24,是,是,0.7735475735038827,0.6673240538480341,-0.10622351965584864,-0.30884929085529644,0.045062761501637454,0.38980509745127434,0.6340991774016005,0.5113275800766047,-0.12277159732499576,-0.33140982827343707,0.027532898179841604,0.25037481259370314,exploratory_only,探索性,0.9787814426120273,1.0,差异未达FDR显著
各逐题条件相对C03,相对C03,HAMD-17,PDCH共同24人验证,Qwen3.7-Max,思考,2,有罪感,3,C03：全文｜不规整｜逐条评分｜不清洗,4,C04：全文｜不规整｜逐条评分｜清洗,24,是,是,0.35368460088465953,0.2921648076667285,-0.06151979321793105,-0.1763357536031709,0.018783489910880573,0.5142428785607196,0.2598294061460088,0.20683382973684766,-0.05299557640916114,-0.1878850803346307,0.03557742887071902,1.0,exploratory_only,探索性,0.9870145572375102,1.0,差异未达FDR显著
各逐题条件相对C03,相对C03,HAMD-17,PDCH共同24人验证,Qwen3.7-Max,思考,2,有罪感,3,C03：全文｜不规整｜逐条评分｜不清洗,7,C07：全文｜规整｜逐条评分｜不清洗,24,是,是,0.35368460088465953,0.4652316541390919,0.11154705325443237,-0.10696244140653825,0.3487734054738549,0.3918040979510245,0.2598294061460088,0.2797480105546372,0.019918604408628415,-0.18201559360091704,0.2425717663143608,0.8745627186406797,exploratory_only,探索性,0.9787814426120273,1.0,差异未达FDR显著
各逐题条件相对C03,相对C03,HAMD-17,PDCH共同24人验证,Qwen3.7-Max,思考,2,有罪感,3,C03：全文｜不规整｜逐条评分｜不清洗,8,C08：全文｜规整｜逐条评分｜清洗,24,是,是,0.35368460088465953,0.4122236652727775,0.058539064388117956,-0.4029369195478448,0.4489962868971705,0.792103948025987,0.2598294061460088,0.30413209801648816,0.04430269187047936,-0.44196763288559476,0.46800908644808553,0.8470764617691154,exploratory_only,探索性,1.0,1.0,差异未达FDR显著
各逐题条件相对C03,相对C03,HAMD-17,PDCH共同24人验证,Qwen3.7-Max,思考,2,有罪感,3,C03：全文｜不规整｜逐条评分｜不清洗,11,C11：事件序列｜不规整｜逐条评分｜不清洗,24,是,是,0.35368460088465953,0.38760708463758575,0.033922483752926225,-0.044366369000439256,0.14108713968655592,0.7426286856571714,0.2598294061460088,0.2690562757322803,0.009226869586271502,-0.1071227957076894,0.15187105337412835,1.0,exploratory_only,探索性,1.0,1.0,差异未达FDR显著
各逐题条件相对C03,相对C03,HAMD-17,PDCH共同24人验证,Qwen3.7-Max,思考,2,有罪感,3,C03：全文｜不规整｜逐条评分｜不清洗,12,C12：事件序列｜不规整｜逐条评分｜清洗,24,是,是,0.35368460088465953,0.4329412922604745,0.07925669137581498,-0.03824222040959426,0.30382216993648675,0.769615192403798,0.2598294061460088,0.32993281596548363,0.07010340981947483,-0.10468198306979455,0.3383296547311063,1.0,exploratory_only,探索性,1.0,1.0,差异未达FDR显著
各逐题条件相对C03,相对C03,HAMD-17,PDCH共同24人验证,Qwen3.7-Max,思考,2,有罪感,3,C03：全文｜不规整｜逐条评分｜不清洗,15,C15：事件序列｜规整｜逐条评分｜不清洗,24,是,是,0.35368460088465953,0.43966698439162566,0.08598238350696613,-0.021822373626227343,0.2158594674504355,0.2613693153423288,0.2598294061460088,0.34095673894636597,0.08112733280035717,-0.02137104533196323,0.22146541709061543,0.12143928035982009,exploratory_only,探索性,0.8807263035149093,1.0,差异未达FDR显著
各逐题条件相对C03,相对C03,HAMD-17,PDCH共同24人验证,Qwen3.7-Max,思考,2,有罪感,3,C03：全文｜不规整｜逐条评分｜不清洗,16,C16：事件序列｜规整｜逐条评分｜清洗,24,是,是,0.35368460088465953,0.45832531396331805,0.10464071307865852,-0.02603747583576225,0.320325205309544,0.2448775612193903,0.2598294061460088,0.34075009112536864,0.08092068497935984,-0.045763567998667355,0.25155923505478456,0.25987006496751625,exploratory_only,探索性,0.8807263035149093,1.0,差异未达FDR显著
各逐题条件相对C03,相对C03,HAMD-17,PDCH共同24人验证,Qwen3.7-Max,思考,3,自杀,3,C03：全文｜不规整｜逐条评分｜不清洗,4,C04：全文｜不规整｜逐条评分｜清洗,24,是,是,0.44005400022008173,0.5307628514463725,0.09070885122629074,0.0,0.2725045573879508,1.0,0.23510434950210077,0.32358763208848484,0.08848328258638408,0.0,0.27558447510278744,1.0,exploratory_only,探索性,1.0,1.0,差异未达FDR显著
各逐题条件相对C03,相对C03,HAMD-17,PDCH共同24人验证,Qwen3.7-Max,思考,3,自杀,3,C03：全文｜不规整｜逐条评分｜不清洗,7,C07：全文｜规整｜逐条评分｜不清洗,24,是,是,0.44005400022008173,0.4323448731437435,-0.007709127076338251,-0.4698236511341403,0.48430212093965846,0.9300349825087456,0.23510434950210077,0.2956241287783271,0.06051977927622634,-0.36426992166981675,0.4585123009090839,0.8200899550224887,exploratory_only,探索性,1.0,1.0,差异未达FDR显著
各逐题条件相对C03,相对C03,HAMD-17,PDCH共同24人验证,Qwen3.7-Max,思考,3,自杀,3,C03：全文｜不规整｜逐条评分｜不清洗,8,C08：全文｜规整｜逐条评分｜清洗,24,是,是,0.44005400022008173,0.2776984471621138,-0.16235555305796795,-0.5607896091030605,0.1883090125601633,0.4592703648175912,0.23510434950210077,0.1436247066672777,-0.09147964283482307,-0.4717340134224954,0.33841492554443453,0.7091454272863568,exploratory_only,探索性,0.9870145572375102,1.0,差异未达FDR显著
各逐题条件相对C03,相对C03,HAMD-17,PDCH共同24人验证,Qwen3.7-Max,思考,3,自杀,3,C03：全文｜不规整｜逐条评分｜不清洗,11,C11：事件序列｜不规整｜逐条评分｜不清洗,24,是,是,0.44005400022008173,0.3908606867988233,-0.04919331342125843,-0.18271785326659257,0.03981622916931702,0.2518740629685157,0.23510434950210077,0.19990524826799733,-0.03519910123410344,-0.16374922503453054,0.06695997153777344,0.24037981009495252,exploratory_only,探索性,0.8807263035149093,1.0,差异未达FDR显著
各逐题条件相对C03,相对C03,HAMD-17,PDCH共同24人验证,Qwen3.7-Max,思考,3,自杀,3,C03：全文｜不规整｜逐条评分｜不清洗,12,C12：事件序列｜不规整｜逐条评分｜清洗,24,是,是,0.44005400022008173,0.5790885718869028,0.13903457166682104,-0.0801370038549232,0.4307977720430116,0.29535232383808097,0.23510434950210077,0.4056620615788595,0.1705577120767587,-0.04282286610218606,0.4700873224593917,0.18290854572713644,exploratory_only,探索性,0.8807263035149093,1.0,差异未达FDR显著
各逐题条件相对C03,相对C03,HAMD-17,PDCH共同24人验证,Qwen3.7-Max,思考,3,自杀,3,C03：全文｜不规整｜逐条评分｜不清洗,15,C15：事件序列｜规整｜逐条评分｜不清洗,24,是,是,0.44005400022008173,0.4127120852486941,-0.027341914971387604,-0.29913086028775737,0.19589241606953134,1.0,0.23510434950210077,0.24568736367796712,0.010583014175866351,-0.23873117557058737,0.23239739231990864,0.7576211894052973,exploratory_only,探索性,1.0,1.0,差异未达FDR显著
各逐题条件相对C03,相对C03,HAMD-17,PDCH共同24人验证,Qwen3.7-Max,思考,3,自杀,3,C03：全文｜不规整｜逐条评分｜不清洗,16,C16：事件序列｜规整｜逐条评分｜清洗,24,是,是,0.44005400022008173,0.5899435328921177,0.14988953267203592,0.0,0.37827153095027194,0.5227386306846576,0.23510434950210077,0.38730844162343536,0.1522040921213346,0.0,0.3763218027524287,0.4877561219390305,exploratory_only,探索性,0.9873951912932423,1.0,差异未达FDR显著
各逐题条件相对C03,相对C03,HAMD-17,PDCH共同24人验证,Qwen3.7-Max,思考,4,入睡困难,3,C03：全文｜不规整｜逐条评分｜不清洗,4,C04：全文｜不规整｜逐条评分｜清洗,24,是,是,0.5801491354312616,0.6018687770062361,0.021719641574974524,-0.06737893817006434,0.15777393213674398,1.0,0.5513121704424616,0.5819256640999266,0.03061349365746502,-0.0641333455010904,0.1785998092952702,1.0,exploratory_only,探索性,1.0,1.0,差异未达FDR显著
各逐题条件相对C03,相对C03,HAMD-17,PDCH共同24人验证,Qwen3.7-Max,思考,4,入睡困难,3,C03：全文｜不规整｜逐条评分｜不清洗,7,C07：全文｜规整｜逐条评分｜不清洗,24,是,是,0.5801491354312616,0.2672714889600573,-0.31287764647120425,-0.6350143135467583,0.01334604223452165,0.0734632683658171,0.5513121704424616,0.23632627577839802,-0.31498589466406357,-0.6660410793113514,0.02543320938030609,0.09195402298850575,exploratory_only,探索性,0.6226886556721639,1.0,差异未达FDR显著
各逐题条件相对C03,相对C03,HAMD-17,PDCH共同24人验证,Qwen3.7-Max,思考,4,入睡困难,3,C03：全文｜不规整｜逐条评分｜不清洗,8,C08：全文｜规整｜逐条评分｜清洗,24,是,是,0.5801491354312616,0.35065230859121155,-0.22949682684005002,-0.6074942501621629,0.12678866779696504,0.2863568215892054,0.5513121704424616,0.3221757018578064,-0.2291364685846552,-0.6290098931826736,0.10423288177727745,0.2798600699650175,exploratory_only,探索性,0.8807263035149093,1.0,差异未达FDR显著
各逐题条件相对C03,相对C03,HAMD-17,PDCH共同24人验证,Qwen3.7-Max,思考,4,入睡困难,3,C03：全文｜不规整｜逐条评分｜不清洗,11,C11：事件序列｜不规整｜逐条评分｜不清洗,24,是,是,0.5801491354312616,0.6018687770062361,0.021719641574974524,-0.06927081585487148,0.14822097735683562,1.0,0.5513121704424616,0.5819256640999266,0.03061349365746502,-0.07678730162859418,0.19195942698037302,1.0,exploratory_only,探索性,1.0,1.0,差异未达FDR显著
各逐题条件相对C03,相对C03,HAMD-17,PDCH共同24人验证,Qwen3.7-Max,思考,4,入睡困难,3,C03：全文｜不规整｜逐条评分｜不清洗,12,C12：事件序列｜不规整｜逐条评分｜清洗,24,是,是,0.5801491354312616,0.6242844831979627,0.04413534776670114,0.0,0.17746923698407344,1.0,0.5513121704424616,0.6051057326807353,0.053793562238273696,0.0,0.19454547530928157,1.0,exploratory_only,探索性,1.0,1.0,差异未达FDR显著
各逐题条件相对C03,相对C03,HAMD-17,PDCH共同24人验证,Qwen3.7-Max,思考,4,入睡困难,3,C03：全文｜不规整｜逐条评分｜不清洗,15,C15：事件序列｜规整｜逐条评分｜不清洗,24,是,是,0.5801491354312616,0.5181445848201237,-0.062004550611137854,-0.24164228884982494,0.09415481286478801,0.7496251874062968,0.5513121704424616,0.47788856801947943,-0.07342360242298218,-0.26639222912533994,0.07182505548311566,0.7456271864067966,exploratory_only,探索性,1.0,1.0,差异未达FDR显著
各逐题条件相对C03,相对C03,HAMD-17,PDCH共同24人验证,Qwen3.7-Max,思考,4,入睡困难,3,C03：全文｜不规整｜逐条评分｜不清洗,16,C16：事件序列｜规整｜逐条评分｜清洗,24,是,是,0.5801491354312616,0.5521813325649038,-0.027967802866357805,-0.1942611887942432,0.1210362650232787,0.4802598700649675,0.5513121704424616,0.5237176289430447,-0.02759454149941687,-0.2023954934284381,0.13093105894642623,0.24887556221889057,exploratory_only,探索性,0.9870145572375102,1.0,差异未达FDR显著
各逐题条件相对C03,相对C03,HAMD-17,PDCH共同24人验证,Qwen3.7-Max,思考,5,睡眠不深,3,C03：全文｜不规整｜逐条评分｜不清洗,4,C04：全文｜不规整｜逐条评分｜清洗,24,是,是,0.42016055739792246,0.24773576792013596,-0.1724247894777865,-0.5508386395236063,0.09489434332783084,0.3458270864567716,0.258888758412039,0.09430027824513931,-0.1645884801668997,-0.5315207181956283,0.1368895183397819,0.46926536731634183,exploratory_only,探索性,0.9353050747353596,1.0,差异未达FDR显著
各逐题条件相对C03,相对C03,HAMD-17,PDCH共同24人验证,Qwen3.7-Max,思考,5,睡眠不深,3,C03：全文｜不规整｜逐条评分｜不清洗,7,C07：全文｜规整｜逐条评分｜不清洗,24,是,是,0.42016055739792246,0.12259664424851624,-0.2975639131494062,-0.6177483214503775,0.010011502677491638,0.05897051474262868,0.258888758412039,-0.024508505927591445,-0.2833972643396305,-0.602848613247005,-0.01886431965857528,0.11894052973513243,exploratory_only,探索性,0.6046143594869232,1.0,差异未达FDR显著
各逐题条件相对C03,相对C03,HAMD-17,PDCH共同24人验证,Qwen3.7-Max,思考,5,睡眠不深,3,C03：全文｜不规整｜逐条评分｜不清洗,8,C08：全文｜规整｜逐条评分｜清洗,24,是,是,0.42016055739792246,0.18170536200597506,-0.2384551953919474,-0.5086160630237904,-0.009563672097907615,0.08595702148925537,0.258888758412039,0.046278368964564706,-0.2126103894474743,-0.5137647153241099,0.08906227894965488,0.1584207896051974,exploratory_only,探索性,0.6226886556721639,1.0,差异未达FDR显著
各逐题条件相对C03,相对C03,HAMD-17,PDCH共同24人验证,Qwen3.7-Max,思考,5,睡眠不深,3,C03：全文｜不规整｜逐条评分｜不清洗,11,C11：事件序列｜不规整｜逐条评分｜不清洗,24,是,是,0.42016055739792246,0.25307402518722805,-0.16708653221069442,-0.5084887947438907,0.06990140236471201,0.25487256371814093,0.258888758412039,0.08045506369389153,-0.17843369471814746,-0.5077187506949343,0.08312464383218088,0.3803098450774613,exploratory_only,探索性,0.8807263035149093,1.0,差异未达FDR显著
各逐题条件相对C03,相对C03,HAMD-17,PDCH共同24人验证,Qwen3.7-Max,思考,5,睡眠不深,3,C03：全文｜不规整｜逐条评分｜不清洗,12,C12：事件序列｜不规整｜逐条评分｜清洗,24,是,是,0.42016055739792246,0.37779818659755254,-0.04236237080036992,-0.20979106023646454,0.07931340846354432,0.4927536231884058,0.258888758412039,0.23194252596437204,-0.026946232447666973,-0.16898989671751832,0.11839191709999694,0.5172413793103449,exploratory_only,探索性,0.9870145572375102,1.0,差异未达FDR显著
各逐题条件相对C03,相对C03,HAMD-17,PDCH共同24人验证,Qwen3.7-Max,思考,5,睡眠不深,3,C03：全文｜不规整｜逐条评分｜不清洗,15,C15：事件序列｜规整｜逐条评分｜不清洗,24,是,是,0.42016055739792246,0.304740229989169,-0.11542032740875346,-0.29624577902334853,0.02706801656127579,0.25737131434282856,0.258888758412039,0.15055225069806172,-0.10833650771397729,-0.2881673875669066,0.0672905024340828,0.248375812093953,exploratory_only,探索性,0.8807263035149093,1.0,差异未达FDR显著
各逐题条件相对C03,相对C03,HAMD-17,PDCH共同24人验证,Qwen3.7-Max,思考,5,睡眠不深,3,C03：全文｜不规整｜逐条评分｜不清洗,16,C16：事件序列｜规整｜逐条评分｜清洗,24,是,是,0.42016055739792246,0.30896891260426995,-0.11119164479365251,-0.28207739502649737,0.06369911219309757,0.30184907546226886,0.258888758412039,0.15953246788789643,-0.09935629052414258,-0.2820026169660566,0.060880847065923296,0.3713143428285857,exploratory_only,探索性,0.8807263035149093,1.0,差异未达FDR显著
各逐题条件相对C03,相对C03,HAMD-17,PDCH共同24人验证,Qwen3.7-Max,思考,6,早醒,3,C03：全文｜不规整｜逐条评分｜不清洗,4,C04：全文｜不规整｜逐条评分｜清洗,24,是,是,0.3672636313850072,0.39521951974416447,0.027955888359157244,-0.19709326056861198,0.34955996626870794,1.0,0.324423600138933,0.36795385534744807,0.043530255208515056,-0.16796242538554176,0.2862711918204514,1.0,exploratory_only,探索性,1.0,1.0,差异未达FDR显著
各逐题条件相对C03,相对C03,HAMD-17,PDCH共同24人验证,Qwen3.7-Max,思考,6,早醒,3,C03：全文｜不规整｜逐条评分｜不清洗,7,C07：全文｜规整｜逐条评分｜不清洗,24,是,是,0.3672636313850072,0.41327962098863513,0.046015989603627905,-0.2371051500683791,0.3789788577703479,0.8135932033983009,0.324423600138933,0.4248274503773164,0.10040385023838339,-0.18559618316680015,0.4505143505398029,0.6176911544227887,exploratory_only,探索性,1.0,1.0,差异未达FDR显著
各逐题条件相对C03,相对C03,HAMD-17,PDCH共同24人验证,Qwen3.7-Max,思考,6,早醒,3,C03：全文｜不规整｜逐条评分｜不清洗,8,C08：全文｜规整｜逐条评分｜清洗,24,是,是,0.3672636313850072,0.45226847193966546,0.08500484055465823,-0.06738099598712327,0.314788217271897,0.5037481259370314,0.324423600138933,0.4532543420149537,0.12883074187602067,-0.04156915340055855,0.3694382543617911,0.2463768115942029,exploratory_only,探索性,0.9870145572375102,1.0,差异未达FDR显著
各逐题条件相对C03,相对C03,HAMD-17,PDCH共同24人验证,Qwen3.7-Max,思考,6,早醒,3,C03：全文｜不规整｜逐条评分｜不清洗,11,C11：事件序列｜不规整｜逐条评分｜不清洗,24,是,是,0.3672636313850072,0.4256172701823151,0.05835363879730787,-0.2084168681347279,0.3556440232451208,0.7401299350324838,0.324423600138933,0.35921319011160807,0.03478958997267506,-0.22078472220055695,0.33135808505961395,0.8865567216391804,exploratory_only,探索性,1.0,1.0,差异未达FDR显著
各逐题条件相对C03,相对C03,HAMD-17,PDCH共同24人验证,Qwen3.7-Max,思考,6,早醒,3,C03：全文｜不规整｜逐条评分｜不清洗,12,C12：事件序列｜不规整｜逐条评分｜清洗,24,是,是,0.3672636313850072,0.4726576399045758,0.1053940085195686,0.0,0.29507050728700146,0.5007496251874063,0.324423600138933,0.4556371787654027,0.1312135786264697,0.0,0.3411414841993559,0.5047476261869065,exploratory_only,探索性,0.9870145572375102,1.0,差异未达FDR显著
各逐题条件相对C03,相对C03,HAMD-17,PDCH共同24人验证,Qwen3.7-Max,思考,6,早醒,3,C03：全文｜不规整｜逐条评分｜不清洗,15,C15：事件序列｜规整｜逐条评分｜不清洗,24,是,是,0.3672636313850072,0.3953432518252071,0.02807962044019985,-0.04890295914052175,0.11515398610457868,1.0,0.324423600138933,0.3644288696244592,0.040005269485526185,-0.04529586605254992,0.14092414813003823,0.48825587206396803,exploratory_only,探索性,1.0,1.0,差异未达FDR显著
各逐题条件相对C03,相对C03,HAMD-17,PDCH共同24人验证,Qwen3.7-Max,思考,6,早醒,3,C03：全文｜不规整｜逐条评分｜不清洗,16,C16：事件序列｜规整｜逐条评分｜清洗,24,是,是,0.3672636313850072,0.3953432518252071,0.02807962044019985,-0.07118516904668554,0.12839300668982623,1.0,0.324423600138933,0.3644288696244592,0.040005269485526185,-0.029350903973305666,0.17056476646976296,0.4682658670664668,exploratory_only,探索性,1.0,1.0,差异未达FDR显著
各逐题条件相对C03,相对C03,HAMD-17,PDCH共同24人验证,Qwen3.7-Max,思考,7,工作和活动,3,C03：全文｜不规整｜逐条评分｜不清洗,4,C04：全文｜不规整｜逐条评分｜清洗,24,是,是,0.7154108247996226,0.7362363488858389,0.020825524086216296,-0.09372037316710004,0.15807360057278913,0.8605697151424287,0.5734963109034011,0.5764784614442297,0.00298215054082851,-0.09627806738216911,0.12813770172759792,1.0,exploratory_only,探索性,1.0,1.0,差异未达FDR显著
各逐题条件相对C03,相对C03,HAMD-17,PDCH共同24人验证,Qwen3.7-Max,思考,7,工作和活动,3,C03：全文｜不规整｜逐条评分｜不清洗,7,C07：全文｜规整｜逐条评分｜不清洗,24,是,是,0.7154108247996226,0.5647586178293406,-0.15065220697028203,-0.3346948054800682,-0.02023240692062034,0.08895552223888056,0.5734963109034011,0.41313345155634135,-0.1603628593470598,-0.3426478048343119,-0.010955217587887381,0.06546726636681659,exploratory_only,探索性,0.6226886556721639,1.0,差异未达FDR显著
各逐题条件相对C03,相对C03,HAMD-17,PDCH共同24人验证,Qwen3.7-Max,思考,7,工作和活动,3,C03：全文｜不规整｜逐条评分｜不清洗,8,C08：全文｜规整｜逐条评分｜清洗,24,是,是,0.7154108247996226,0.37256295715276455,-0.34284786764685804,-0.6898063829851305,-0.027941645614293544,0.030984507746126936,0.5734963109034011,0.29271188011880833,-0.2807844307845928,-0.7207565277746669,0.08609392185436121,0.21639180409795103,exploratory_only,探索性,0.3687156421789105,1.0,差异未达FDR显著
各逐题条件相对C03,相对C03,HAMD-17,PDCH共同24人验证,Qwen3.7-Max,思考,7,工作和活动,3,C03：全文｜不规整｜逐条评分｜不清洗,11,C11：事件序列｜不规整｜逐条评分｜不清洗,24,是,是,0.7154108247996226,0.6603227233816692,-0.055088101417953395,-0.1967902676221492,0.05791383176844191,0.33383308345827084,0.5734963109034011,0.5165790012849792,-0.056917309618421896,-0.24768542012682887,0.09067506611954268,0.5292353823088456,exploratory_only,探索性,0.9238636495705634,1.0,差异未达FDR显著
各逐题条件相对C03,相对C03,HAMD-17,PDCH共同24人验证,Qwen3.7-Max,思考,7,工作和活动,3,C03：全文｜不规整｜逐条评分｜不清洗,12,C12：事件序列｜不规整｜逐条评分｜清洗,24,是,是,0.7154108247996226,0.711524653023679,-0.0038861717759436365,-0.13908984117203918,0.1095771997802451,1.0,0.5734963109034011,0.5913530274652904,0.017856716561889252,-0.10681835997608664,0.15112378318767908,0.8905547226386806,exploratory_only,探索性,1.0,1.0,差异未达FDR显著
各逐题条件相对C03,相对C03,HAMD-17,PDCH共同24人验证,Qwen3.7-Max,思考,7,工作和活动,3,C03：全文｜不规整｜逐条评分｜不清洗,15,C15：事件序列｜规整｜逐条评分｜不清洗,24,是,是,0.7154108247996226,0.5746869588005904,-0.1407238659990322,-0.41014658698418494,0.07507565647319571,0.3078460769615192,0.5734963109034011,0.46949465493138565,-0.1040016559720155,-0.3662216951395397,0.15603893137203279,0.5492253873063468,exploratory_only,探索性,0.8807263035149093,1.0,差异未达FDR显著
各逐题条件相对C03,相对C03,HAMD-17,PDCH共同24人验证,Qwen3.7-Max,思考,7,工作和活动,3,C03：全文｜不规整｜逐条评分｜不清洗,16,C16：事件序列｜规整｜逐条评分｜清洗,24,是,是,0.7154108247996226,0.566210487554607,-0.14920033724501558,-0.4092019582206597,0.05234969245977399,0.24287856071964017,0.5734963109034011,0.49240661851500334,-0.0810896923883978,-0.36882896344910926,0.1374624597005446,0.68015992003998,exploratory_only,探索性,0.8807263035149093,1.0,差异未达FDR显著
各逐题条件相对C03,相对C03,HAMD-17,PDCH共同24人验证,Qwen3.7-Max,思考,8,迟滞,3,C03：全文｜不规整｜逐条评分｜不清洗,4,C04：全文｜不规整｜逐条评分｜清洗,24,是,是,0.6460166510197662,0.6192464730598075,-0.02677017795995873,-0.12501667543338568,0.02790312298426067,0.4862568715642179,0.5981429785925224,0.566522439351547,-0.03162053924097541,-0.15220119945569557,0.03312961871896409,0.487256371814093,exploratory_only,探索性,0.9870145572375102,1.0,差异未达FDR显著
各逐题条件相对C03,相对C03,HAMD-17,PDCH共同24人验证,Qwen3.7-Max,思考,8,迟滞,3,C03：全文｜不规整｜逐条评分｜不清洗,7,C07：全文｜规整｜逐条评分｜不清洗,24,是,是,0.6460166510197662,0.6291590514767149,-0.016857599543051327,-0.2907832870932326,0.19238595390697566,0.8910544727636182,0.5981429785925224,0.5690782827811773,-0.029064695811345076,-0.2637339147627832,0.1882640196925529,0.8565717141429285,exploratory_only,探索性,1.0,1.0,差异未达FDR显著
各逐题条件相对C03,相对C03,HAMD-17,PDCH共同24人验证,Qwen3.7-Max,思考,8,迟滞,3,C03：全文｜不规整｜逐条评分｜不清洗,8,C08：全文｜规整｜逐条评分｜清洗,24,是,是,0.6460166510197662,0.5297118895919712,-0.116304761427795,-0.5109224128780122,0.14980742430125243,0.7651174412793603,0.5981429785925224,0.46228542397784544,-0.13585755461467697,-0.4608646231290935,0.20147144066690648,0.6371814092953523,exploratory_only,探索性,1.0,1.0,差异未达FDR显著
各逐题条件相对C03,相对C03,HAMD-17,PDCH共同24人验证,Qwen3.7-Max,思考,8,迟滞,3,C03：全文｜不规整｜逐条评分｜不清洗,11,C11：事件序列｜不规整｜逐条评分｜不清洗,24,是,是,0.6460166510197662,0.5032450831202383,-0.14277156789952794,-0.44018434773443627,0.008997546063878275,0.0004997501249375312,0.5981429785925224,0.4447140603473226,-0.15342891824519983,-0.4364757537512939,0.0,0.24737631184407796,exploratory_only,探索性,0.006607807207507357,1.0,差异未达FDR显著
各逐题条件相对C03,相对C03,HAMD-17,PDCH共同24人验证,Qwen3.7-Max,思考,8,迟滞,3,C03：全文｜不规整｜逐条评分｜不清洗,12,C12：事件序列｜不规整｜逐条评分｜清洗,24,是,是,0.6460166510197662,0.5909107382582653,-0.0551059127615009,-0.183114863979743,0.04671727178666756,0.26186906546726635,0.5981429785925224,0.5158598223173221,-0.08228315627520033,-0.26759594261590247,0.023859813475032264,0.2698650674662669,exploratory_only,探索性,0.8807263035149093,1.0,差异未达FDR显著
各逐题条件相对C03,相对C03,HAMD-17,PDCH共同24人验证,Qwen3.7-Max,思考,8,迟滞,3,C03：全文｜不规整｜逐条评分｜不清洗,15,C15：事件序列｜规整｜逐条评分｜不清洗,24,是,是,0.6460166510197662,0.4160564832365431,-0.22996016778322315,-0.4952095624082369,-0.013291780112452307,0.10944527736131934,0.5981429785925224,0.3674378456295346,-0.23070513296298784,-0.5192894058868244,0.009266621444374118,0.08345827086456771,exploratory_only,探索性,0.7235548892220556,1.0,差异未达FDR显著
各逐题条件相对C03,相对C03,HAMD-17,PDCH共同24人验证,Qwen3.7-Max,思考,8,迟滞,3,C03：全文｜不规整｜逐条评分｜不清洗,16,C16：事件序列｜规整｜逐条评分｜清洗,24,是,是,0.6460166510197662,0.5902440412935765,-0.05577260972618969,-0.33154718696112473,0.20979302950806625,0.7856071964017991,0.5981429785925224,0.5520860716656288,-0.04605690692689357,-0.3062041634540642,0.20537423880574354,0.8095952023988006,exploratory_only,探索性,1.0,1.0,差异未达FDR显著
各逐题条件相对C03,相对C03,HAMD-17,PDCH共同24人验证,Qwen3.7-Max,思考,9,激越,3,C03：全文｜不规整｜逐条评分｜不清洗,4,C04：全文｜不规整｜逐条评分｜清洗,24,是,是,0.6260150767554152,0.3891810522634817,-0.23683402449193353,-0.5365289941626266,-0.005486738720701419,0.0004997501249375312,0.6292131937624621,0.41150793600309915,-0.21770525775936295,-0.48205990022529704,0.04036875449462045,0.10994502748625687,exploratory_only,探索性,0.006607807207507357,1.0,差异未达FDR显著
各逐题条件相对C03,相对C03,HAMD-17,PDCH共同24人验证,Qwen3.7-Max,思考,9,激越,3,C03：全文｜不规整｜逐条评分｜不清洗,7,C07：全文｜规整｜逐条评分｜不清洗,24,是,是,0.6260150767554152,0.6285007001502112,0.002485623394795966,-0.2704834432298004,0.3195401509787927,0.991504247876062,0.6292131937624621,0.5954398498575795,-0.033773343904882624,-0.30768853665549956,0.2507371885706676,0.8680659670164917,exploratory_only,探索性,1.0,1.0,差异未达FDR显著
各逐题条件相对C03,相对C03,HAMD-17,PDCH共同24人验证,Qwen3.7-Max,思考,9,激越,3,C03：全文｜不规整｜逐条评分｜不清洗,8,C08：全文｜规整｜逐条评分｜清洗,24,是,是,0.6260150767554152,0.48437449151118933,-0.1416405852442259,-0.5666133737601344,0.2548413526179925,0.5757121439280359,0.6292131937624621,0.4480377754641816,-0.1811754182982805,-0.5899960422098288,0.2221909684765309,0.5777111444277861,exploratory_only,探索性,1.0,1.0,差异未达FDR显著
各逐题条件相对C03,相对C03,HAMD-17,PDCH共同24人验证,Qwen3.7-Max,思考,9,激越,3,C03：全文｜不规整｜逐条评分｜不清洗,11,C11：事件序列｜不规整｜逐条评分｜不清洗,24,是,是,0.6260150767554152,0.5595153066971477,-0.06649977005826757,-0.28905883936063315,0.05177967225331938,0.3853073463268366,0.6292131937624621,0.5521822451927547,-0.07703094856970738,-0.2738157148427518,0.06701715841091704,0.5017491254372813,exploratory_only,探索性,0.9787814426120273,1.0,差异未达FDR显著
各逐题条件相对C03,相对C03,HAMD-17,PDCH共同24人验证,Qwen3.7-Max,思考,9,激越,3,C03：全文｜不规整｜逐条评分｜不清洗,12,C12：事件序列｜不规整｜逐条评分｜清洗,24,是,是,0.6260150767554152,0.6241602131916522,-0.0018548635637630762,-0.3250777997627199,0.2564785199798842,0.9700149925037481,0.6292131937624621,0.6079580715071082,-0.021255122255353864,-0.316716765859196,0.2770881873239503,0.8770614692653673,exploratory_only,探索性,1.0,1.0,差异未达FDR显著
各逐题条件相对C03,相对C03,HAMD-17,PDCH共同24人验证,Qwen3.7-Max,思考,9,激越,3,C03：全文｜不规整｜逐条评分｜不清洗,15,C15：事件序列｜规整｜逐条评分｜不清洗,24,是,是,0.6260150767554152,0.5443186369223664,-0.08169643983304886,-0.2950643542184102,0.07297070391848938,0.5552223888055972,0.6292131937624621,0.542613372167197,-0.08659982159526514,-0.35890259138094566,0.08777206001464266,0.6811594202898551,exploratory_only,探索性,1.0,1.0,差异未达FDR显著
各逐题条件相对C03,相对C03,HAMD-17,PDCH共同24人验证,Qwen3.7-Max,思考,9,激越,3,C03：全文｜不规整｜逐条评分｜不清洗,16,C16：事件序列｜规整｜逐条评分｜清洗,24,是,是,0.6260150767554152,0.7038005860279664,0.07778550927255112,-0.1715597718659108,0.33978633780163225,0.6821589205397302,0.6292131937624621,0.6900260524843135,0.06081285872185138,-0.18246437245692512,0.3488197195367838,0.7386306846576711,exploratory_only,探索性,1.0,1.0,差异未达FDR显著
各逐题条件相对C03,相对C03,HAMD-17,PDCH共同24人验证,Qwen3.7-Max,思考,10,精神性焦虑,3,C03：全文｜不规整｜逐条评分｜不清洗,4,C04：全文｜不规整｜逐条评分｜清洗,24,是,是,0.7196981082299748,0.7268072128241976,0.007109104594222759,-0.0026544042099351127,0.04332699752576604,0.0004997501249375312,0.6706465140659639,0.6821957162730286,0.01154920220706468,0.0,0.06492407590622976,0.0004997501249375312,exploratory_only,探索性,0.006607807207507357,0.019823421622522073,目标条件校正相关显著更强
各逐题条件相对C03,相对C03,HAMD-17,PDCH共同24人验证,Qwen3.7-Max,思考,10,精神性焦虑,3,C03：全文｜不规整｜逐条评分｜不清洗,7,C07：全文｜规整｜逐条评分｜不清洗,24,是,是,0.7196981082299748,0.6715163624180269,-0.048181745811947896,-0.2919730774458862,0.18258674616869552,0.6931534232883558,0.6706465140659639,0.6289204744025444,-0.04172603966341948,-0.3035597196631544,0.2038268497935479,0.7646176911544228,exploratory_only,探索性,1.0,1.0,差异未达FDR显著
各逐题条件相对C03,相对C03,HAMD-17,PDCH共同24人验证,Qwen3.7-Max,思考,10,精神性焦虑,3,C03：全文｜不规整｜逐条评分｜不清洗,8,C08：全文｜规整｜逐条评分｜清洗,24,是,是,0.7196981082299748,0.49053616779722803,-0.2291619404327468,-0.5420926539932811,0.0030329045680121884,0.22938530734632684,0.6706465140659639,0.4746264505294191,-0.19602006353654478,-0.5422036146985159,0.08091733844182238,0.36531734132933535,exploratory_only,探索性,0.8807263035149093,1.0,差异未达FDR显著
各逐题条件相对C03,相对C03,HAMD-17,PDCH共同24人验证,Qwen3.7-Max,思考,10,精神性焦虑,3,C03：全文｜不规整｜逐条评分｜不清洗,11,C11：事件序列｜不规整｜逐条评分｜不清洗,24,是,是,0.7196981082299748,0.726278593479396,0.006580485249421231,-0.060571894975009206,0.07656674122732395,1.0,0.6706465140659639,0.6805569392432796,0.009910425177315774,-0.05549464043454927,0.07430264062776805,0.5017491254372813,exploratory_only,探索性,1.0,1.0,差异未达FDR显著
各逐题条件相对C03,相对C03,HAMD-17,PDCH共同24人验证,Qwen3.7-Max,思考,10,精神性焦虑,3,C03：全文｜不规整｜逐条评分｜不清洗,12,C12：事件序列｜不规整｜逐条评分｜清洗,24,是,是,0.7196981082299748,0.7893307626322272,0.06963265440225241,0.0,0.17265795933313532,0.24287856071964017,0.6706465140659639,0.7398167248727519,0.06917021080678798,0.0,0.18913364848578115,0.0004997501249375312,exploratory_only,探索性,0.8807263035149093,0.019823421622522073,目标条件校正相关显著更强
各逐题条件相对C03,相对C03,HAMD-17,PDCH共同24人验证,Qwen3.7-Max,思考,10,精神性焦虑,3,C03：全文｜不规整｜逐条评分｜不清洗,15,C15：事件序列｜规整｜逐条评分｜不清洗,24,是,是,0.7196981082299748,0.7959176676502979,0.0762195594203231,-0.04199755976361407,0.21003975135239938,0.3003498250874563,0.6706465140659639,0.7539602297365363,0.08331371567057244,-0.06769560420802351,0.25536215425310577,0.3818090954522739,exploratory_only,探索性,0.8807263035149093,1.0,差异未达FDR显著
各逐题条件相对C03,相对C03,HAMD-17,PDCH共同24人验证,Qwen3.7-Max,思考,10,精神性焦虑,3,C03：全文｜不规整｜逐条评分｜不清洗,16,C16：事件序列｜规整｜逐条评分｜清洗,24,是,是,0.7196981082299748,0.7587021896967304,0.0390040814667556,-0.07949870449160643,0.182081199050551,0.6181909045477262,0.6706465140659639,0.6997067993994774,0.02906028533351357,-0.12096248641520298,0.1724910681562659,0.7456271864067966,exploratory_only,探索性,1.0,1.0,差异未达FDR显著
各逐题条件相对C03,相对C03,HAMD-17,PDCH共同24人验证,Qwen3.7-Max,思考,11,躯体性焦虑,3,C03：全文｜不规整｜逐条评分｜不清洗,4,C04：全文｜不规整｜逐条评分｜清洗,24,是,是,0.7636390623372193,0.6443836615300969,-0.11925540080712249,-0.2782030081435583,0.0034039346270087556,0.13143428285857073,0.6378183834722292,0.5167304840438047,-0.12108789942842446,-0.3360392979784926,0.008513393280215952,0.2593703148425787,exploratory_only,探索性,0.7447942695319009,1.0,差异未达FDR显著
各逐题条件相对C03,相对C03,HAMD-17,PDCH共同24人验证,Qwen3.7-Max,思考,11,躯体性焦虑,3,C03：全文｜不规整｜逐条评分｜不清洗,7,C07：全文｜规整｜逐条评分｜不清洗,24,是,是,0.7636390623372193,0.6253906797566422,-0.13824838258057714,-0.45062958003109205,0.08882388927802853,0.3053473263368316,0.6378183834722292,0.5971539351079551,-0.040664448364274075,-0.40398537866708406,0.2538357716334017,0.7726136931534233,exploratory_only,探索性,0.8807263035149093,1.0,差异未达FDR显著
各逐题条件相对C03,相对C03,HAMD-17,PDCH共同24人验证,Qwen3.7-Max,思考,11,躯体性焦虑,3,C03：全文｜不规整｜逐条评分｜不清洗,8,C08：全文｜规整｜逐条评分｜清洗,24,是,是,0.7636390623372193,0.6194756545391166,-0.14416340779810277,-0.5023396673071616,0.10841128965644775,0.7091454272863568,0.6378183834722292,0.5619212500062679,-0.07589713346596128,-0.4655519311516982,0.2628892433440237,0.8325837081459271,exploratory_only,探索性,1.0,1.0,差异未达FDR显著
各逐题条件相对C03,相对C03,HAMD-17,PDCH共同24人验证,Qwen3.7-Max,思考,11,躯体性焦虑,3,C03：全文｜不规整｜逐条评分｜不清洗,11,C11：事件序列｜不规整｜逐条评分｜不清洗,24,是,是,0.7636390623372193,0.7438598630750907,-0.019779199262128677,-0.12723855275542387,0.06279660914005715,0.7521239380309845,0.6378183834722292,0.6260064288479382,-0.011811954624290966,-0.12639656551382025,0.08814979533605326,1.0,exploratory_only,探索性,1.0,1.0,差异未达FDR显著
各逐题条件相对C03,相对C03,HAMD-17,PDCH共同24人验证,Qwen3.7-Max,思考,11,躯体性焦虑,3,C03：全文｜不规整｜逐条评分｜不清洗,12,C12：事件序列｜不规整｜逐条评分｜清洗,24,是,是,0.7636390623372193,0.7461509287563236,-0.017488133580895737,-0.12914314999264906,0.08692871195383312,0.8685657171414293,0.6378183834722292,0.610623027975355,-0.02719535549687424,-0.16056021295282447,0.09040462614441608,0.7561219390304847,exploratory_only,探索性,1.0,1.0,差异未达FDR显著
各逐题条件相对C03,相对C03,HAMD-17,PDCH共同24人验证,Qwen3.7-Max,思考,11,躯体性焦虑,3,C03：全文｜不规整｜逐条评分｜不清洗,15,C15：事件序列｜规整｜逐条评分｜不清洗,24,是,是,0.7636390623372193,0.7050700155842039,-0.05856904675301544,-0.19346092409071025,0.05339421679430729,0.4112943528235882,0.6378183834722292,0.5560915044574026,-0.08172687901482656,-0.2515983356231957,0.06633850837615532,0.39030484757621187,exploratory_only,探索性,0.9870145572375102,1.0,差异未达FDR显著
各逐题条件相对C03,相对C03,HAMD-17,PDCH共同24人验证,Qwen3.7-Max,思考,11,躯体性焦虑,3,C03：全文｜不规整｜逐条评分｜不清洗,16,C16：事件序列｜规整｜逐条评分｜清洗,24,是,是,0.7636390623372193,0.7090198316714873,-0.054619230665732044,-0.18348990916061333,0.04152430895149832,0.5097451274362819,0.6378183834722292,0.5635725929270564,-0.07424579054517277,-0.2622207430236637,0.06923661246970535,0.45977011494252873,exploratory_only,探索性,0.9870145572375102,1.0,差异未达FDR显著
各逐题条件相对C03,相对C03,HAMD-17,PDCH共同24人验证,Qwen3.7-Max,思考,12,胃肠道症状,3,C03：全文｜不规整｜逐条评分｜不清洗,4,C04：全文｜不规整｜逐条评分｜清洗,24,是,是,0.46107989287889944,0.4250116153791958,-0.03606827749970365,-0.13446374060247915,0.0,1.0,0.30061445383540497,0.2578723037723615,-0.042742150063043494,-0.14593572223994167,0.0,1.0,exploratory_only,探索性,1.0,1.0,差异未达FDR显著
各逐题条件相对C03,相对C03,HAMD-17,PDCH共同24人验证,Qwen3.7-Max,思考,12,胃肠道症状,3,C03：全文｜不规整｜逐条评分｜不清洗,7,C07：全文｜规整｜逐条评分｜不清洗,24,是,是,0.46107989287889944,0.4381627504422291,-0.022917142436670368,-0.25681305900236195,0.19502411020066035,0.750624687656172,0.30061445383540497,0.3484685993953185,0.04785414555991352,-0.20192936314168822,0.286927072994403,0.7376311844077961,exploratory_only,探索性,1.0,1.0,差异未达FDR显著
各逐题条件相对C03,相对C03,HAMD-17,PDCH共同24人验证,Qwen3.7-Max,思考,12,胃肠道症状,3,C03：全文｜不规整｜逐条评分｜不清洗,8,C08：全文｜规整｜逐条评分｜清洗,24,是,是,0.46107989287889944,0.22557782541726992,-0.23550206746162952,-0.6116761406572373,0.07524524326217322,0.26486756621689156,0.30061445383540497,0.10410674902399578,-0.1965077048114092,-0.5749318788500596,0.11110532327677779,0.4362818590704648,exploratory_only,探索性,0.8807263035149093,1.0,差异未达FDR显著
各逐题条件相对C03,相对C03,HAMD-17,PDCH共同24人验证,Qwen3.7-Max,思考,12,胃肠道症状,3,C03：全文｜不规整｜逐条评分｜不清洗,11,C11：事件序列｜不规整｜逐条评分｜不清洗,24,是,是,0.46107989287889944,0.4250116153791958,-0.03606827749970365,-0.12272537612456794,0.0,1.0,0.30061445383540497,0.2578723037723615,-0.042742150063043494,-0.16256485615517344,0.0,1.0,exploratory_only,探索性,1.0,1.0,差异未达FDR显著
各逐题条件相对C03,相对C03,HAMD-17,PDCH共同24人验证,Qwen3.7-Max,思考,12,胃肠道症状,3,C03：全文｜不规整｜逐条评分｜不清洗,12,C12：事件序列｜不规整｜逐条评分｜清洗,24,是,是,0.46107989287889944,0.3869786474569953,-0.07410124542190416,-0.3571082556109603,0.13461334488354695,0.7426286856571714,0.30061445383540497,0.262648905994752,-0.03796554784065298,-0.28934371361837485,0.20436367926584353,1.0,exploratory_only,探索性,1.0,1.0,差异未达FDR显著
各逐题条件相对C03,相对C03,HAMD-17,PDCH共同24人验证,Qwen3.7-Max,思考,12,胃肠道症状,3,C03：全文｜不规整｜逐条评分｜不清洗,15,C15：事件序列｜规整｜逐条评分｜不清洗,24,是,是,0.46107989287889944,0.38277881709977324,-0.0783010757791262,-0.3490333545751967,0.14486009207529313,0.5062468765617192,0.30061445383540497,0.2653841800717616,-0.03523027376364335,-0.3033312565255493,0.20242600302039443,1.0,exploratory_only,探索性,0.9870145572375102,1.0,差异未达FDR显著
各逐题条件相对C03,相对C03,HAMD-17,PDCH共同24人验证,Qwen3.7-Max,思考,12,胃肠道症状,3,C03：全文｜不规整｜逐条评分｜不清洗,16,C16：事件序列｜规整｜逐条评分｜清洗,24,是,是,0.46107989287889944,0.35901441686928887,-0.10206547600961058,-0.42713288562070467,0.13315002227167602,0.5142428785607196,0.30061445383540497,0.25302759861250096,-0.04758685522290401,-0.3179387389607982,0.21064306972306596,0.8855572213893054,exploratory_only,探索性,0.9870145572375102,1.0,差异未达FDR显著
各逐题条件相对C03,相对C03,HAMD-17,PDCH共同24人验证,Qwen3.7-Max,思考,13,全身症状,3,C03：全文｜不规整｜逐条评分｜不清洗,4,C04：全文｜不规整｜逐条评分｜清洗,24,是,是,0.7577578455527084,0.71262935188771,-0.04512849366499838,-0.2530320209269227,0.18618963398688182,0.7091454272863568,0.6584159178439608,0.5815148720189864,-0.07690104582497437,-0.30677064101919493,0.1903174631994987,0.5337331334332833,exploratory_only,探索性,1.0,1.0,差异未达FDR显著
各逐题条件相对C03,相对C03,HAMD-17,PDCH共同24人验证,Qwen3.7-Max,思考,13,全身症状,3,C03：全文｜不规整｜逐条评分｜不清洗,7,C07：全文｜规整｜逐条评分｜不清洗,24,是,是,0.7577578455527084,0.607494979826163,-0.15026286572654546,-0.4570340851620667,0.13434832286611056,0.3073463268365817,0.6584159178439608,0.4835022014547524,-0.17491371638920838,-0.4738385546981231,0.10943362969297074,0.30834582708645675,exploratory_only,探索性,0.8807263035149093,1.0,差异未达FDR显著
各逐题条件相对C03,相对C03,HAMD-17,PDCH共同24人验证,Qwen3.7-Max,思考,13,全身症状,3,C03：全文｜不规整｜逐条评分｜不清洗,8,C08：全文｜规整｜逐条评分｜清洗,24,是,是,0.7577578455527084,0.4749175948326838,-0.2828402507200246,-0.6756148423568284,0.022069204884788144,0.06896551724137931,0.6584159178439608,0.3408063604777264,-0.3176095573662344,-0.6635284030940994,-0.020879457581506757,0.13393303348325838,exploratory_only,探索性,0.6226886556721639,1.0,差异未达FDR显著
各逐题条件相对C03,相对C03,HAMD-17,PDCH共同24人验证,Qwen3.7-Max,思考,13,全身症状,3,C03：全文｜不规整｜逐条评分｜不清洗,11,C11：事件序列｜不规整｜逐条评分｜不清洗,24,是,是,0.7577578455527084,0.8000306727531746,0.04227282720046621,-0.10875173092873797,0.23146452807943083,0.664167916041979,0.6584159178439608,0.6814868535902836,0.023070935746322796,-0.13300822706568688,0.19058152074924126,0.8040979510244878,exploratory_only,探索性,1.0,1.0,差异未达FDR显著
各逐题条件相对C03,相对C03,HAMD-17,PDCH共同24人验证,Qwen3.7-Max,思考,13,全身症状,3,C03：全文｜不规整｜逐条评分｜不清洗,12,C12：事件序列｜不规整｜逐条评分｜清洗,24,是,是,0.7577578455527084,0.7926297862062534,0.03487194065354493,-0.10643526042697782,0.22092848231609974,0.7616191904047976,0.6584159178439608,0.6603004714549632,0.0018845536110023708,-0.15313364701693324,0.16927158845391188,1.0,exploratory_only,探索性,1.0,1.0,差异未达FDR显著
各逐题条件相对C03,相对C03,HAMD-17,PDCH共同24人验证,Qwen3.7-Max,思考,13,全身症状,3,C03：全文｜不规整｜逐条评分｜不清洗,15,C15：事件序列｜规整｜逐条评分｜不清洗,24,是,是,0.7577578455527084,0.6281661742050748,-0.1295916713476336,-0.3489047011156199,0.06663861185694682,0.12643678160919541,0.6584159178439608,0.503411383339014,-0.15500453450494678,-0.4145892356479396,0.026951713570035,0.23288355822088955,exploratory_only,探索性,0.7447942695319009,1.0,差异未达FDR显著
各逐题条件相对C03,相对C03,HAMD-17,PDCH共同24人验证,Qwen3.7-Max,思考,13,全身症状,3,C03：全文｜不规整｜逐条评分｜不清洗,16,C16：事件序列｜规整｜逐条评分｜清洗,24,是,是,0.7577578455527084,0.644188417208055,-0.11356942834465344,-0.3262332893229247,0.045430577108355866,0.12693653173413294,0.6584159178439608,0.503411383339014,-0.15500453450494678,-0.3984264640257471,0.02072148731033205,0.26286856571714146,exploratory_only,探索性,0.7447942695319009,1.0,差异未达FDR显著
各逐题条件相对C03,相对C03,HAMD-17,PDCH共同24人验证,Qwen3.7-Max,思考,14,性症状,3,C03：全文｜不规整｜逐条评分｜不清洗,4,C04：全文｜不规整｜逐条评分｜清洗,17,是,是,0.6604405815715751,0.6604405815715751,0.0,0.0,0.0,1.0,0.6061032181989394,0.6061032181989394,0.0,0.0,0.0,1.0,not_estimable,不可估计,1.0,1.0,差异未达FDR显著
各逐题条件相对C03,相对C03,HAMD-17,PDCH共同24人验证,Qwen3.7-Max,思考,14,性症状,3,C03：全文｜不规整｜逐条评分｜不清洗,7,C07：全文｜规整｜逐条评分｜不清洗,14,是,是,0.8008294319969608,0.8008294319969608,0.0,0.0,0.0,1.0,0.7625921222926896,0.7625921222926896,0.0,0.0,0.0,1.0,not_estimable,不可估计,1.0,1.0,差异未达FDR显著
各逐题条件相对C03,相对C03,HAMD-17,PDCH共同24人验证,Qwen3.7-Max,思考,14,性症状,3,C03：全文｜不规整｜逐条评分｜不清洗,8,C08：全文｜规整｜逐条评分｜清洗,14,是,是,0.7891042572971517,0.6648174054791753,-0.12428685181797638,-0.3871959844271577,0.0,1.0,0.7042899722703126,0.5771912852215311,-0.12709868704878158,-0.3876894720091023,0.0,1.0,not_estimable,不可估计,1.0,1.0,差异未达FDR显著
各逐题条件相对C03,相对C03,HAMD-17,PDCH共同24人验证,Qwen3.7-Max,思考,14,性症状,3,C03：全文｜不规整｜逐条评分｜不清洗,11,C11：事件序列｜不规整｜逐条评分｜不清洗,18,是,是,0.6801932938473141,0.6801932938473141,0.0,0.0,0.0,1.0,0.6260653918113653,0.6260653918113653,0.0,0.0,0.0,1.0,not_estimable,不可估计,1.0,1.0,差异未达FDR显著
各逐题条件相对C03,相对C03,HAMD-17,PDCH共同24人验证,Qwen3.7-Max,思考,14,性症状,3,C03：全文｜不规整｜逐条评分｜不清洗,12,C12：事件序列｜不规整｜逐条评分｜清洗,18,是,是,0.6801932938473141,0.6801932938473141,0.0,0.0,0.0,1.0,0.6260653918113653,0.6260653918113653,0.0,0.0,0.0,1.0,not_estimable,不可估计,1.0,1.0,差异未达FDR显著
各逐题条件相对C03,相对C03,HAMD-17,PDCH共同24人验证,Qwen3.7-Max,思考,14,性症状,3,C03：全文｜不规整｜逐条评分｜不清洗,15,C15：事件序列｜规整｜逐条评分｜不清洗,18,是,是,0.6801932938473141,0.5483045714187855,-0.13188872242852856,-0.34482109593563653,0.0,0.0004997501249375312,0.6260653918113653,0.47554720929002237,-0.15051818252134297,-0.3279855432123364,0.0,0.5012493753123438,not_estimable,不可估计,0.006607807207507357,1.0,差异未达FDR显著
各逐题条件相对C03,相对C03,HAMD-17,PDCH共同24人验证,Qwen3.7-Max,思考,14,性症状,3,C03：全文｜不规整｜逐条评分｜不清洗,16,C16：事件序列｜规整｜逐条评分｜清洗,18,是,是,0.6801932938473141,0.5483045714187855,-0.13188872242852856,-0.32083943670278203,0.0,0.0004997501249375312,0.6260653918113653,0.47554720929002237,-0.15051818252134297,-0.3433446858976249,0.0,0.4912543728135932,not_estimable,不可估计,0.006607807207507357,1.0,差异未达FDR显著
各逐题条件相对C03,相对C03,HAMD-17,PDCH共同24人验证,Qwen3.7-Max,思考,15,疑病,3,C03：全文｜不规整｜逐条评分｜不清洗,4,C04：全文｜不规整｜逐条评分｜清洗,24,是,是,0.2724508867106418,0.2638931193612662,-0.008557767349375633,-0.05822789656120244,0.03472395955246577,1.0,0.1406520171085477,0.1263742023931325,-0.014277814715415199,-0.06846461353942757,0.01550370165201419,1.0,exploratory_only,探索性,1.0,1.0,差异未达FDR显著
各逐题条件相对C03,相对C03,HAMD-17,PDCH共同24人验证,Qwen3.7-Max,思考,15,疑病,3,C03：全文｜不规整｜逐条评分｜不清洗,7,C07：全文｜规整｜逐条评分｜不清洗,24,是,是,0.2724508867106418,0.03907016911039846,-0.23338071760024337,-0.5011375985006638,-0.02118227214882159,0.06096951524237881,0.1406520171085477,-0.07366881762588193,-0.21432083473442962,-0.5428176885949044,-0.011060268671515605,0.08045977011494253,exploratory_only,探索性,0.6046143594869232,1.0,差异未达FDR显著
各逐题条件相对C03,相对C03,HAMD-17,PDCH共同24人验证,Qwen3.7-Max,思考,15,疑病,3,C03：全文｜不规整｜逐条评分｜不清洗,8,C08：全文｜规整｜逐条评分｜清洗,24,是,是,0.2724508867106418,0.33298840740962565,0.06053752069898383,-0.12878804210831957,0.29516140952699255,0.7596201899050474,0.1406520171085477,0.22473063754204456,0.08407862043349687,-0.10572257225653053,0.34719648531041847,0.6271864067966016,exploratory_only,探索性,1.0,1.0,差异未达FDR显著
各逐题条件相对C03,相对C03,HAMD-17,PDCH共同24人验证,Qwen3.7-Max,思考,15,疑病,3,C03：全文｜不规整｜逐条评分｜不清洗,11,C11：事件序列｜不规整｜逐条评分｜不清洗,24,是,是,0.2724508867106418,0.20126067247549678,-0.07119021423514504,-0.24994583216123745,0.0,1.0,0.1406520171085477,0.07924167445726396,-0.06141034265128373,-0.20927779051428205,0.0,1.0,exploratory_only,探索性,1.0,1.0,差异未达FDR显著
各逐题条件相对C03,相对C03,HAMD-17,PDCH共同24人验证,Qwen3.7-Max,思考,15,疑病,3,C03：全文｜不规整｜逐条评分｜不清洗,12,C12：事件序列｜不规整｜逐条评分｜清洗,24,是,是,0.2724508867106418,0.2638931193612662,-0.008557767349375633,-0.05789275116077566,0.022676231672898277,1.0,0.1406520171085477,0.1263742023931325,-0.014277814715415199,-0.08634301491583138,0.01801573731372011,1.0,exploratory_only,探索性,1.0,1.0,差异未达FDR显著
各逐题条件相对C03,相对C03,HAMD-17,PDCH共同24人验证,Qwen3.7-Max,思考,15,疑病,3,C03：全文｜不规整｜逐条评分｜不清洗,15,C15：事件序列｜规整｜逐条评分｜不清洗,24,是,是,0.2724508867106418,0.3213556774618813,0.04890479075123949,-0.31146447894782187,0.4309918254145567,0.8435782108945528,0.1406520171085477,0.21025165328388581,0.06959963617533813,-0.30455996707888755,0.44023873664146435,0.7551224387806097,exploratory_only,探索性,1.0,1.0,差异未达FDR显著
各逐题条件相对C03,相对C03,HAMD-17,PDCH共同24人验证,Qwen3.7-Max,思考,15,疑病,3,C03：全文｜不规整｜逐条评分｜不清洗,16,C16：事件序列｜规整｜逐条评分｜清洗,24,是,是,0.2724508867106418,0.12293120416914496,-0.14951968254149686,-0.4263821500836088,0.08470778542728202,0.31084457771114443,0.1406520171085477,0.00975021813674479,-0.1309017989718029,-0.4018288773515939,0.09803975164577207,0.42778610694652675,exploratory_only,探索性,0.8807263035149093,1.0,差异未达FDR显著
各逐题条件相对C03,相对C03,HAMD-17,PDCH共同24人验证,Qwen3.7-Max,思考,16,体重减轻,3,C03：全文｜不规整｜逐条评分｜不清洗,4,C04：全文｜不规整｜逐条评分｜清洗,24,是,是,0.3628783939953355,0.30894354350626096,-0.05393485048907454,-0.22726686701933993,0.0,0.0004997501249375312,0.3372402768309206,0.2846487902733121,-0.052591486557608536,-0.1938634612638865,0.0,1.0,exploratory_only,探索性,0.006607807207507357,1.0,差异未达FDR显著
各逐题条件相对C03,相对C03,HAMD-17,PDCH共同24人验证,Qwen3.7-Max,思考,16,体重减轻,3,C03：全文｜不规整｜逐条评分｜不清洗,7,C07：全文｜规整｜逐条评分｜不清洗,24,是,是,0.3628783939953355,0.2877812036972071,-0.07509719029812839,-0.2386381646319482,0.0490965218521201,0.24437781109445278,0.3372402768309206,0.258888758412039,-0.0783515184188816,-0.2301501859261119,0.06051542849580781,0.4987506246876562,exploratory_only,探索性,0.8807263035149093,1.0,差异未达FDR显著
各逐题条件相对C03,相对C03,HAMD-17,PDCH共同24人验证,Qwen3.7-Max,思考,16,体重减轻,3,C03：全文｜不规整｜逐条评分｜不清洗,8,C08：全文｜规整｜逐条评分｜清洗,24,是,是,0.3628783939953355,0.1458631641425949,-0.2170152298527406,-0.5314991902914321,0.0,0.0004997501249375312,0.3372402768309206,0.12395436314800344,-0.21328591368291716,-0.5282579117561678,0.0,0.47976011994003,exploratory_only,探索性,0.006607807207507357,1.0,差异未达FDR显著
各逐题条件相对C03,相对C03,HAMD-17,PDCH共同24人验证,Qwen3.7-Max,思考,16,体重减轻,3,C03：全文｜不规整｜逐条评分｜不清洗,11,C11：事件序列｜不规整｜逐条评分｜不清洗,24,是,是,0.3628783939953355,0.3812064477677166,0.018328053772381114,-0.08425897188072837,0.11797923740675989,0.24587706146926536,0.3372402768309206,0.3492368161296929,0.011996539298772257,-0.09432363946081712,0.0972252633250239,0.248375812093953,exploratory_only,探索性,0.8807263035149093,1.0,差异未达FDR显著
各逐题条件相对C03,相对C03,HAMD-17,PDCH共同24人验证,Qwen3.7-Max,思考,16,体重减轻,3,C03：全文｜不规整｜逐条评分｜不清洗,12,C12：事件序列｜不规整｜逐条评分｜清洗,24,是,是,0.3628783939953355,0.3984554727797715,0.035577078784436,-0.14873615911900762,0.25220879090056403,1.0,0.3372402768309206,0.37516515239672354,0.03792487556580293,-0.16334261216240284,0.24432509598493943,1.0,exploratory_only,探索性,1.0,1.0,差异未达FDR显著
各逐题条件相对C03,相对C03,HAMD-17,PDCH共同24人验证,Qwen3.7-Max,思考,16,体重减轻,3,C03：全文｜不规整｜逐条评分｜不清洗,15,C15：事件序列｜规整｜逐条评分｜不清洗,24,是,是,0.3628783939953355,0.33958182036270446,-0.023296573632631046,-0.07632981047305065,0.0,1.0,0.3372402768309206,0.3106665100944468,-0.026573766736473825,-0.11037151298883732,0.0,1.0,exploratory_only,探索性,1.0,1.0,差异未达FDR显著
各逐题条件相对C03,相对C03,HAMD-17,PDCH共同24人验证,Qwen3.7-Max,思考,16,体重减轻,3,C03：全文｜不规整｜逐条评分｜不清洗,16,C16：事件序列｜规整｜逐条评分｜清洗,24,是,是,0.3628783939953355,0.23485556569604393,-0.12802282829929157,-0.3944953280700986,0.04119018487987561,0.0004997501249375312,0.3372402768309206,0.19659026073525757,-0.14065001609566305,-0.3975103314905316,0.03047199259010985,0.2608695652173913,exploratory_only,探索性,0.006607807207507357,1.0,差异未达FDR显著
各逐题条件相对C03,相对C03,HAMD-17,PDCH共同24人验证,Qwen3.7-Max,思考,17,自知力,3,C03：全文｜不规整｜逐条评分｜不清洗,4,C04：全文｜不规整｜逐条评分｜清洗,24,是,是,0.2166150398905583,0.29423194619643894,0.07761690630588064,0.0,0.3011956983385922,1.0,0.18640805093377297,0.27273394144642393,0.08632589051265097,0.0,0.3349405799190666,1.0,exploratory_only,探索性,1.0,1.0,差异未达FDR显著
各逐题条件相对C03,相对C03,HAMD-17,PDCH共同24人验证,Qwen3.7-Max,思考,17,自知力,3,C03：全文｜不规整｜逐条评分｜不清洗,7,C07：全文｜规整｜逐条评分｜不清洗,24,是,是,0.2166150398905583,0.13023490600468626,-0.08638013388587204,-0.3216997136707625,0.0,1.0,0.18640805093377297,0.08937872419109688,-0.09702932674267609,-0.39209835063849857,0.0,0.0004997501249375312,exploratory_only,探索性,1.0,0.019823421622522073,目标条件校正相关显著更弱
各逐题条件相对C03,相对C03,HAMD-17,PDCH共同24人验证,Qwen3.7-Max,思考,17,自知力,3,C03：全文｜不规整｜逐条评分｜不清洗,8,C08：全文｜规整｜逐条评分｜清洗,24,是,是,0.2166150398905583,0.29423194619643894,0.07761690630588064,0.0,0.3264805191246413,1.0,0.18640805093377297,0.24476122950320098,0.05835317856942801,-0.005839220253313485,0.27881756901148214,1.0,exploratory_only,探索性,1.0,1.0,差异未达FDR显著
各逐题条件相对C03,相对C03,HAMD-17,PDCH共同24人验证,Qwen3.7-Max,思考,17,自知力,3,C03：全文｜不规整｜逐条评分｜不清洗,11,C11：事件序列｜不规整｜逐条评分｜不清洗,24,是,是,0.2166150398905583,0.11204226201235777,-0.10457277787820053,-0.356711433334132,0.056189387868998845,0.4947526236881559,0.18640805093377297,0.0745632203735092,-0.11184483056026377,-0.35457170288565854,0.0760955154526901,0.47876061969015493,exploratory_only,探索性,0.9870145572375102,1.0,差异未达FDR显著
各逐题条件相对C03,相对C03,HAMD-17,PDCH共同24人验证,Qwen3.7-Max,思考,17,自知力,3,C03：全文｜不规整｜逐条评分｜不清洗,12,C12：事件序列｜不规整｜逐条评分｜清洗,24,是,是,0.2166150398905583,0.3029918493526695,0.08637680946211118,-0.012759176560414837,0.32654789130404993,0.0004997501249375312,0.18640805093377297,0.257552788282848,0.07114473734907503,-0.01799847012079906,0.23306852780726658,0.48875562218890556,exploratory_only,探索性,0.006607807207507357,1.0,差异未达FDR显著
各逐题条件相对C03,相对C03,HAMD-17,PDCH共同24人验证,Qwen3.7-Max,思考,17,自知力,3,C03：全文｜不规整｜逐条评分｜不清洗,15,C15：事件序列｜规整｜逐条评分｜不清洗,24,是,是,0.2166150398905583,0.04386150885648655,-0.17275353103407176,-0.5197466361081887,0.23266635728624455,0.39480259870064965,0.18640805093377297,0.012509777084013358,-0.17389827384975962,-0.5663962132438701,0.175577828036043,0.33033483258370816,exploratory_only,探索性,0.9787814426120273,1.0,差异未达FDR显著
各逐题条件相对C03,相对C03,HAMD-17,PDCH共同24人验证,Qwen3.7-Max,思考,17,自知力,3,C03：全文｜不规整｜逐条评分｜不清洗,16,C16：事件序列｜规整｜逐条评分｜清洗,24,是,是,0.2166150398905583,0.14800461684614385,-0.06861042304441445,-0.4268623098119825,0.32369233883998655,0.8055972013993004,0.18640805093377297,0.10277830647412975,-0.08362974445964322,-0.41615204333826866,0.30153860648436975,0.5727136431784108,exploratory_only,探索性,1.0,1.0,差异未达FDR显著
各逐题条件相对C03,相对C03,HAMD-17,PDCH标签99人,GLM-5.2,思考,1,抑郁情绪,3,C03：全文｜不规整｜逐条评分｜不清洗,4,C04：全文｜不规整｜逐条评分｜清洗,99,是,是,0.5698207052456556,0.5527116313403292,-0.017109073905326455,-0.1350980659002939,0.08674104785919026,0.7776111944027986,0.5342771267767431,0.5040910669746322,-0.030186059802110865,-0.1587421329078674,0.07748087331818895,0.617191404297851,formal,正式,0.9695455302651704,0.9500374812593704,差异未达FDR显著
各逐题条件相对C03,相对C03,HAMD-17,PDCH标签99人,GLM-5.2,思考,1,抑郁情绪,3,C03：全文｜不规整｜逐条评分｜不清洗,7,C07：全文｜规整｜逐条评分｜不清洗,99,是,是,0.5698207052456556,0.5564582127808799,-0.013362492464775722,-0.12944847888406547,0.08988723420440127,0.8470764617691154,0.5342771267767431,0.5130961814689682,-0.021180945307774923,-0.1412405521710996,0.1090821737863047,0.7871064467766117,formal,正式,0.9902087791055929,0.9880059970014993,差异未达FDR显著
各逐题条件相对C03,相对C03,HAMD-17,PDCH标签99人,GLM-5.2,思考,1,抑郁情绪,3,C03：全文｜不规整｜逐条评分｜不清洗,8,C08：全文｜规整｜逐条评分｜清洗,99,是,是,0.5698207052456556,0.5411442541711926,-0.02867645107446304,-0.1745371582733562,0.1356233972888004,0.7286356821589205,0.5342771267767431,0.5134212830036673,-0.02085584377307581,-0.17553571031154339,0.1433298408618995,0.8065967016491754,formal,正式,0.9626340675815939,0.9880059970014993,差异未达FDR显著
各逐题条件相对C03,相对C03,HAMD-17,PDCH标签99人,GLM-5.2,思考,1,抑郁情绪,3,C03：全文｜不规整｜逐条评分｜不清洗,11,C11：事件序列｜不规整｜逐条评分｜不清洗,99,是,是,0.5698207052456556,0.551152015074134,-0.018668690171521618,-0.13904765918376333,0.09066244072347801,0.7661169415292354,0.5342771267767431,0.5112442490706306,-0.02303287770611251,-0.14901619208593808,0.10598281866481898,0.7276361819090454,formal,正式,0.9695455302651704,0.9880059970014993,差异未达FDR显著
各逐题条件相对C03,相对C03,HAMD-17,PDCH标签99人,GLM-5.2,思考,1,抑郁情绪,3,C03：全文｜不规整｜逐条评分｜不清洗,12,C12：事件序列｜不规整｜逐条评分｜清洗,99,是,是,0.5698207052456556,0.5008647268681268,-0.06895597837752887,-0.1910312188854171,0.06354082232594775,0.2683658170914543,0.5342771267767431,0.4735599288660732,-0.06071719791066993,-0.18028595399168929,0.044177332905925966,0.33033483258370816,formal,正式,0.8759809284546916,0.9185744965355159,差异未达FDR显著
各逐题条件相对C03,相对C03,HAMD-17,PDCH标签99人,GLM-5.2,思考,1,抑郁情绪,3,C03：全文｜不规整｜逐条评分｜不清洗,15,C15：事件序列｜规整｜逐条评分｜不清洗,99,是,是,0.5698207052456556,0.5954211441421678,0.0256004388965122,-0.09327592694918724,0.16291850648581535,0.696151924037981,0.5342771267767431,0.5498813672937156,0.015604240516972512,-0.10082706177577773,0.14463330634807076,0.8050974512743628,formal,正式,0.9626340675815939,0.9880059970014993,差异未达FDR显著
各逐题条件相对C03,相对C03,HAMD-17,PDCH标签99人,GLM-5.2,思考,1,抑郁情绪,3,C03：全文｜不规整｜逐条评分｜不清洗,16,C16：事件序列｜规整｜逐条评分｜清洗,99,是,是,0.5698207052456556,0.6022877721819319,0.03246706693627621,-0.09821120402308602,0.16017202708212344,0.6191904047976012,0.5342771267767431,0.5752277355780603,0.04095060880131718,-0.09389201336756947,0.17102197253478324,0.52023988005997,formal,正式,0.9626340675815939,0.9185744965355159,差异未达FDR显著
各逐题条件相对C03,相对C03,HAMD-17,PDCH标签99人,GLM-5.2,思考,2,有罪感,3,C03：全文｜不规整｜逐条评分｜不清洗,4,C04：全文｜不规整｜逐条评分｜清洗,99,是,是,0.40157686698207024,0.45836793464331815,0.05679106766124792,-0.08050678904036664,0.1974922614868633,0.44127936031984005,0.35995186977950494,0.41167114665836146,0.051719276878856524,-0.09655553091816602,0.20092494930266713,0.48825587206396803,formal,正式,0.9198067632850242,0.9185744965355159,差异未达FDR显著
各逐题条件相对C03,相对C03,HAMD-17,PDCH标签99人,GLM-5.2,思考,2,有罪感,3,C03：全文｜不规整｜逐条评分｜不清洗,7,C07：全文｜规整｜逐条评分｜不清洗,99,是,是,0.40157686698207024,0.36361379561088747,-0.037963071371182766,-0.20996088360206133,0.13177952940436896,0.6746626686656672,0.35995186977950494,0.3079066846155645,-0.052045185163940466,-0.24056965190038584,0.1157860562923011,0.5637181409295352,formal,正式,0.9626340675815939,0.9185744965355159,差异未达FDR显著
各逐题条件相对C03,相对C03,HAMD-17,PDCH标签99人,GLM-5.2,思考,2,有罪感,3,C03：全文｜不规整｜逐条评分｜不清洗,8,C08：全文｜规整｜逐条评分｜清洗,99,是,是,0.40157686698207024,0.4253364060447981,0.023759539062727875,-0.1268518759598658,0.16782269565356933,0.7336331834082959,0.35995186977950494,0.3653206821367978,0.0053688123572928625,-0.13455447931996886,0.135724964498191,0.9245377311344328,formal,正式,0.9626340675815939,0.9880059970014993,差异未达FDR显著
各逐题条件相对C03,相对C03,HAMD-17,PDCH标签99人,GLM-5.2,思考,2,有罪感,3,C03：全文｜不规整｜逐条评分｜不清洗,11,C11：事件序列｜不规整｜逐条评分｜不清洗,99,是,是,0.40157686698207024,0.4003808274879258,-0.0011960394941444297,-0.1156897852683494,0.10888689340366435,0.9885057471264368,0.35995186977950494,0.3554527642125772,-0.00449910556692773,-0.1254202218799834,0.11361294971806003,0.9330334832583708,formal,正式,0.9930034982508745,0.9880059970014993,差异未达FDR显著
各逐题条件相对C03,相对C03,HAMD-17,PDCH标签99人,GLM-5.2,思考,2,有罪感,3,C03：全文｜不规整｜逐条评分｜不清洗,12,C12：事件序列｜不规整｜逐条评分｜清洗,99,是,是,0.40157686698207024,0.43583427813864056,0.03425741115657033,-0.1044694862692261,0.17116479355507397,0.6351824087956022,0.35995186977950494,0.391075897840355,0.031124028060850073,-0.09816668459219331,0.18120369964681382,0.6701649175412294,formal,正式,0.9626340675815939,0.972556404724467,差异未达FDR显著
各逐题条件相对C03,相对C03,HAMD-17,PDCH标签99人,GLM-5.2,思考,2,有罪感,3,C03：全文｜不规整｜逐条评分｜不清洗,15,C15：事件序列｜规整｜逐条评分｜不清洗,99,是,是,0.40157686698207024,0.37122454883951717,-0.03035231814255307,-0.1852287758257603,0.12468938102206517,0.7061469265367316,0.35995186977950494,0.3315289967776369,-0.02842287300186802,-0.1913339624200323,0.1553778007596805,0.7481259370314842,formal,正式,0.9626340675815939,0.9880059970014993,差异未达FDR显著
各逐题条件相对C03,相对C03,HAMD-17,PDCH标签99人,GLM-5.2,思考,2,有罪感,3,C03：全文｜不规整｜逐条评分｜不清洗,16,C16：事件序列｜规整｜逐条评分｜清洗,99,是,是,0.40157686698207024,0.41436611928213496,0.012789252300064724,-0.15756327087669814,0.16776570538281685,0.8950524737631185,0.35995186977950494,0.3659756283225053,0.006023758543000357,-0.15671564859312775,0.17607662953972844,0.9300349825087456,formal,正式,0.9930034982508745,0.9880059970014993,差异未达FDR显著
各逐题条件相对C03,相对C03,HAMD-17,PDCH标签99人,GLM-5.2,思考,3,自杀,3,C03：全文｜不规整｜逐条评分｜不清洗,4,C04：全文｜不规整｜逐条评分｜清洗,99,是,是,0.49057897344695106,0.40872913183451604,-0.08184984161243503,-0.16500998753527854,-0.009088280075098583,0.051974012993503245,0.41365510241265785,0.33408227723859035,-0.0795728251740675,-0.1656032655257243,-0.004430244206401842,0.07646176911544228,formal,正式,0.7244559538412613,0.7525275823626648,差异未达FDR显著
各逐题条件相对C03,相对C03,HAMD-17,PDCH标签99人,GLM-5.2,思考,3,自杀,3,C03：全文｜不规整｜逐条评分｜不清洗,7,C07：全文｜规整｜逐条评分｜不清洗,99,是,是,0.49057897344695106,0.4653627188431812,-0.02521625460376986,-0.07881361844601864,0.02944118486632584,0.36481759120439783,0.41365510241265785,0.39784711613061063,-0.015807986282047215,-0.06715514793293763,0.03898832156217185,0.5612193903048476,formal,正式,0.9158420789605197,0.9185744965355159,差异未达FDR显著
各逐题条件相对C03,相对C03,HAMD-17,PDCH标签99人,GLM-5.2,思考,3,自杀,3,C03：全文｜不规整｜逐条评分｜不清洗,8,C08：全文｜规整｜逐条评分｜清洗,99,是,是,0.49057897344695106,0.3944311035365875,-0.09614786991036356,-0.2012138980233431,-0.007330871628362167,0.09245377311344327,0.41365510241265785,0.33364885918137177,-0.08000624323128608,-0.19285521552789317,0.005889178434255472,0.1519240379810095,formal,正式,0.8028485757121439,0.7525275823626648,差异未达FDR显著
各逐题条件相对C03,相对C03,HAMD-17,PDCH标签99人,GLM-5.2,思考,3,自杀,3,C03：全文｜不规整｜逐条评分｜不清洗,11,C11：事件序列｜不规整｜逐条评分｜不清洗,99,是,是,0.49057897344695106,0.4168744460459571,-0.07370452740099398,-0.15644609686993582,0.002380594597649932,0.136431784107946,0.41365510241265785,0.3397820039102015,-0.07387309850245632,-0.16175751692495438,0.0017631128123995429,0.11394302848575712,formal,正式,0.8053265034149591,0.7525275823626648,差异未达FDR显著
各逐题条件相对C03,相对C03,HAMD-17,PDCH标签99人,GLM-5.2,思考,3,自杀,3,C03：全文｜不规整｜逐条评分｜不清洗,12,C12：事件序列｜不规整｜逐条评分｜清洗,99,是,是,0.49057897344695106,0.3813113814866195,-0.10926759196033153,-0.22961287600645447,-0.00866361769867321,0.05897051474262868,0.41365510241265785,0.3078161420937953,-0.10583896031886253,-0.2137875743658607,-0.02028372642169379,0.06196901549225387,formal,正式,0.7244559538412613,0.737431284357821,差异未达FDR显著
各逐题条件相对C03,相对C03,HAMD-17,PDCH标签99人,GLM-5.2,思考,3,自杀,3,C03：全文｜不规整｜逐条评分｜不清洗,15,C15：事件序列｜规整｜逐条评分｜不清洗,99,是,是,0.49057897344695106,0.518506898739091,0.027927925292139888,-0.0349313345854376,0.09686567182788422,0.42278860569715143,0.41365510241265785,0.43928322626754734,0.025628123854889495,-0.04264879351615937,0.09419870908526733,0.4847576211894053,formal,正式,0.9158420789605197,0.9185744965355159,差异未达FDR显著
各逐题条件相对C03,相对C03,HAMD-17,PDCH标签99人,GLM-5.2,思考,3,自杀,3,C03：全文｜不规整｜逐条评分｜不清洗,16,C16：事件序列｜规整｜逐条评分｜清洗,99,是,是,0.49057897344695106,0.49902752680210305,0.008448553355151989,-0.09002118791665835,0.11513679941680105,0.8930534732633684,0.41365510241265785,0.41727374358473207,0.0036186411720742218,-0.10013427313031446,0.12330872137467079,0.9570214892553723,formal,正式,0.9930034982508745,0.9880059970014993,差异未达FDR显著
各逐题条件相对C03,相对C03,HAMD-17,PDCH标签99人,GLM-5.2,思考,4,入睡困难,3,C03：全文｜不规整｜逐条评分｜不清洗,4,C04：全文｜不规整｜逐条评分｜清洗,99,是,是,0.4882766168397509,0.44742226300830124,-0.04085435383144964,-0.1536608983435316,0.05663842910261958,0.45827086456771615,0.45456572897870884,0.41009309314585457,-0.04447263583285427,-0.15543378601768953,0.056699770836327414,0.42478760619690153,formal,正式,0.9198067632850242,0.9185744965355159,差异未达FDR显著
各逐题条件相对C03,相对C03,HAMD-17,PDCH标签99人,GLM-5.2,思考,4,入睡困难,3,C03：全文｜不规整｜逐条评分｜不清洗,7,C07：全文｜规整｜逐条评分｜不清洗,99,是,是,0.4882766168397509,0.4203766537225786,-0.06789996311717228,-0.19023975111583663,0.06061304664122053,0.328335832083958,0.45456572897870884,0.3960083738555716,-0.058557355123137256,-0.19986288253729245,0.0639129984915818,0.38780609695152424,formal,正式,0.9158420789605197,0.9185744965355159,差异未达FDR显著
各逐题条件相对C03,相对C03,HAMD-17,PDCH标签99人,GLM-5.2,思考,4,入睡困难,3,C03：全文｜不规整｜逐条评分｜不清洗,8,C08：全文｜规整｜逐条评分｜清洗,99,是,是,0.4882766168397509,0.4169534803129187,-0.0713231365268322,-0.20368097760190776,0.07774068091092821,0.3598200899550225,0.45456572897870884,0.38846606677353807,-0.06609966220517077,-0.1942294863791485,0.050452910093964125,0.3633183408295852,formal,正式,0.9158420789605197,0.9185744965355159,差异未达FDR显著
各逐题条件相对C03,相对C03,HAMD-17,PDCH标签99人,GLM-5.2,思考,4,入睡困难,3,C03：全文｜不规整｜逐条评分｜不清洗,11,C11：事件序列｜不规整｜逐条评分｜不清洗,99,是,是,0.4882766168397509,0.4695044556753812,-0.018772161164369694,-0.12464338875715489,0.08290229046078872,0.7301349325337332,0.45456572897870884,0.42908024084671725,-0.025485488131991585,-0.1206219767804074,0.06540296293493655,0.638680659670165,formal,正式,0.9626340675815939,0.9500374812593704,差异未达FDR显著
各逐题条件相对C03,相对C03,HAMD-17,PDCH标签99人,GLM-5.2,思考,4,入睡困难,3,C03：全文｜不规整｜逐条评分｜不清洗,12,C12：事件序列｜不规整｜逐条评分｜清洗,99,是,是,0.4882766168397509,0.4227218407975373,-0.0655547760422136,-0.18402310983543085,0.036272119230094664,0.26036981509245377,0.45456572897870884,0.38538454631243213,-0.06918118266627671,-0.18167905972927495,0.0368165391835001,0.21039480259870064,formal,正式,0.8759809284546916,0.7629185407296352,差异未达FDR显著
各逐题条件相对C03,相对C03,HAMD-17,PDCH标签99人,GLM-5.2,思考,4,入睡困难,3,C03：全文｜不规整｜逐条评分｜不清洗,15,C15：事件序列｜规整｜逐条评分｜不清洗,99,是,是,0.4882766168397509,0.45642494688651425,-0.03185166995323663,-0.16632246550171392,0.0908733773948798,0.6426786606696652,0.45456572897870884,0.422100256168466,-0.03246547281024281,-0.153250900967444,0.08690719508439092,0.6266866566716641,formal,正式,0.9626340675815939,0.9500374812593704,差异未达FDR显著
各逐题条件相对C03,相对C03,HAMD-17,PDCH标签99人,GLM-5.2,思考,4,入睡困难,3,C03：全文｜不规整｜逐条评分｜不清洗,16,C16：事件序列｜规整｜逐条评分｜清洗,99,是,是,0.4882766168397509,0.48954956369788455,0.0012729468581336723,-0.1132235040557527,0.11340078522802106,0.9805097451274363,0.45456572897870884,0.45656540273598545,0.00199967375727661,-0.10811293362060818,0.10955403663031218,0.9675162418790605,formal,正式,0.9930034982508745,0.9880059970014993,差异未达FDR显著
各逐题条件相对C03,相对C03,HAMD-17,PDCH标签99人,GLM-5.2,思考,5,睡眠不深,3,C03：全文｜不规整｜逐条评分｜不清洗,4,C04：全文｜不规整｜逐条评分｜清洗,99,是,是,0.2805468055882835,0.14983688566616257,-0.13070991992212092,-0.27026279630910444,0.004052214636572441,0.06696651674162919,0.2268914729246467,0.09562610856290929,-0.1312653643617374,-0.2697756333904677,0.01346764927575916,0.054972513743128434,formal,正式,0.7244559538412613,0.737431284357821,差异未达FDR显著
各逐题条件相对C03,相对C03,HAMD-17,PDCH标签99人,GLM-5.2,思考,5,睡眠不深,3,C03：全文｜不规整｜逐条评分｜不清洗,7,C07：全文｜规整｜逐条评分｜不清洗,99,是,是,0.2805468055882835,0.26694062681124,-0.01360617877704351,-0.14258372346427128,0.1356483436558287,0.8520739630184908,0.2268914729246467,0.21418345652340479,-0.012708016401241917,-0.14520448815517342,0.12280567697238255,0.8590704647676162,formal,正式,0.9902087791055929,0.9880059970014993,差异未达FDR显著
各逐题条件相对C03,相对C03,HAMD-17,PDCH标签99人,GLM-5.2,思考,5,睡眠不深,3,C03：全文｜不规整｜逐条评分｜不清洗,8,C08：全文｜规整｜逐条评分｜清洗,99,是,是,0.2805468055882835,0.26226816139733056,-0.01827864419095293,-0.1468599979108834,0.12457703866525163,0.7991004497751124,0.2268914729246467,0.22260917587446385,-0.004282297050182848,-0.15513534330022333,0.12573848270264548,0.9495252373813093,formal,正式,0.9695455302651704,0.9880059970014993,差异未达FDR显著
各逐题条件相对C03,相对C03,HAMD-17,PDCH标签99人,GLM-5.2,思考,5,睡眠不深,3,C03：全文｜不规整｜逐条评分｜不清洗,11,C11：事件序列｜不规整｜逐条评分｜不清洗,99,是,是,0.2805468055882835,0.2485873438143979,-0.03195946177388559,-0.14405673943030822,0.07983318589252962,0.5772113943028486,0.2268914729246467,0.20755650729879774,-0.019334965625848965,-0.12757357284931656,0.08660974796600589,0.7221389305347327,formal,正式,0.9626340675815939,0.9880059970014993,差异未达FDR显著
各逐题条件相对C03,相对C03,HAMD-17,PDCH标签99人,GLM-5.2,思考,5,睡眠不深,3,C03：全文｜不规整｜逐条评分｜不清洗,12,C12：事件序列｜不规整｜逐条评分｜清洗,99,是,是,0.2805468055882835,0.13080749236605177,-0.14973931322223172,-0.29262337731904586,-0.016975831359684463,0.04097951024487756,0.2268914729246467,0.07486715761734468,-0.15202431530730204,-0.3060734485059815,-0.01851527133469273,0.026486756621689155,formal,正式,0.7244559538412613,0.6739963351657504,差异未达FDR显著
各逐题条件相对C03,相对C03,HAMD-17,PDCH标签99人,GLM-5.2,思考,5,睡眠不深,3,C03：全文｜不规整｜逐条评分｜不清洗,15,C15：事件序列｜规整｜逐条评分｜不清洗,99,是,是,0.2805468055882835,0.19846257490713376,-0.08208423068114973,-0.18406439190652465,0.03405238646979421,0.15892053973013492,0.2268914729246467,0.1532919338942078,-0.07359953903043889,-0.17361923542944324,0.02416856519115535,0.18940529735132433,formal,正式,0.8053265034149591,0.7629185407296352,差异未达FDR显著
各逐题条件相对C03,相对C03,HAMD-17,PDCH标签99人,GLM-5.2,思考,5,睡眠不深,3,C03：全文｜不规整｜逐条评分｜不清洗,16,C16：事件序列｜规整｜逐条评分｜清洗,99,是,是,0.2805468055882835,0.17083070918186738,-0.10971609640641611,-0.23965977386073067,0.037717879847905214,0.12243878060969515,0.2268914729246467,0.11988302891488277,-0.10700844400976393,-0.22716053745244932,0.024546391768336277,0.12293853073463268,formal,正式,0.8053265034149591,0.7525275823626648,差异未达FDR显著
各逐题条件相对C03,相对C03,HAMD-17,PDCH标签99人,GLM-5.2,思考,6,早醒,3,C03：全文｜不规整｜逐条评分｜不清洗,4,C04：全文｜不规整｜逐条评分｜清洗,99,是,是,0.4182526595037635,0.38110043074629646,-0.03715222875746704,-0.14610713884298224,0.05846000022199243,0.4527736131934033,0.3643886202884685,0.3298792584866167,-0.03450936180185182,-0.12258519247140465,0.0594050510642378,0.4877561219390305,formal,正式,0.9198067632850242,0.9185744965355159,差异未达FDR显著
各逐题条件相对C03,相对C03,HAMD-17,PDCH标签99人,GLM-5.2,思考,6,早醒,3,C03：全文｜不规整｜逐条评分｜不清洗,7,C07：全文｜规整｜逐条评分｜不清洗,99,是,是,0.4182526595037635,0.35453322300148327,-0.06371943650228024,-0.18799770974496274,0.04234640943036784,0.2723638180909545,0.3643886202884685,0.3007972536190706,-0.06359136666939791,-0.17059360885138183,0.04695662806397029,0.263368315842079,formal,正式,0.8759809284546916,0.8142851651097528,差异未达FDR显著
各逐题条件相对C03,相对C03,HAMD-17,PDCH标签99人,GLM-5.2,思考,6,早醒,3,C03：全文｜不规整｜逐条评分｜不清洗,8,C08：全文｜规整｜逐条评分｜清洗,99,是,是,0.4182526595037635,0.3307226346701638,-0.08753002483359973,-0.20291815563069732,0.014014959524179362,0.12243878060969515,0.3643886202884685,0.28021435645275644,-0.08417426383571208,-0.18967837917803684,0.012998255826033239,0.1374312843578211,formal,正式,0.8053265034149591,0.7525275823626648,差异未达FDR显著
各逐题条件相对C03,相对C03,HAMD-17,PDCH标签99人,GLM-5.2,思考,6,早醒,3,C03：全文｜不规整｜逐条评分｜不清洗,11,C11：事件序列｜不规整｜逐条评分｜不清洗,99,是,是,0.4182526595037635,0.31286158767359035,-0.10539107183017316,-0.19611934748635348,-0.022546351659790194,0.02348825587206397,0.3643886202884685,0.26423203827673114,-0.10015658201173738,-0.1940538632067237,-0.0171619127417902,0.03398300849575212,formal,正式,0.7244559538412613,0.6739963351657504,差异未达FDR显著
各逐题条件相对C03,相对C03,HAMD-17,PDCH标签99人,GLM-5.2,思考,6,早醒,3,C03：全文｜不规整｜逐条评分｜不清洗,12,C12：事件序列｜不规整｜逐条评分｜清洗,99,是,是,0.4182526595037635,0.349053415014856,-0.06919924448890752,-0.16281513847789408,0.018642966548058817,0.15942028985507245,0.3643886202884685,0.3005152529929044,-0.06387336729556414,-0.15980454093558366,0.03401639673134034,0.2048975512243878,formal,正式,0.8053265034149591,0.7629185407296352,差异未达FDR显著
各逐题条件相对C03,相对C03,HAMD-17,PDCH标签99人,GLM-5.2,思考,6,早醒,3,C03：全文｜不规整｜逐条评分｜不清洗,15,C15：事件序列｜规整｜逐条评分｜不清洗,99,是,是,0.4182526595037635,0.31829573657570254,-0.09995692292806097,-0.22234337773974328,-0.005235283238420328,0.06096951524237881,0.3643886202884685,0.268114462697446,-0.09627415759102254,-0.21004689570975918,-0.006005690066862218,0.057971014492753624,formal,正式,0.7244559538412613,0.737431284357821,差异未达FDR显著
各逐题条件相对C03,相对C03,HAMD-17,PDCH标签99人,GLM-5.2,思考,6,早醒,3,C03：全文｜不规整｜逐条评分｜不清洗,16,C16：事件序列｜规整｜逐条评分｜清洗,99,是,是,0.4182526595037635,0.3045480307015449,-0.1137046288022186,-0.2138989885529206,-0.018403497135263465,0.01999000499750125,0.3643886202884685,0.2529376634756125,-0.11145095681285605,-0.19672152567738777,-0.021055711782627887,0.01649175412293853,formal,正式,0.7244559538412613,0.6739963351657504,差异未达FDR显著
各逐题条件相对C03,相对C03,HAMD-17,PDCH标签99人,GLM-5.2,思考,7,工作和活动,3,C03：全文｜不规整｜逐条评分｜不清洗,4,C04：全文｜不规整｜逐条评分｜清洗,99,是,是,0.6416946198205917,0.6000301109359298,-0.04166450888466189,-0.14041100047189545,0.04843174462164626,0.40379810094952523,0.6049576050184508,0.5617569062529245,-0.043200698765526235,-0.1461628655084429,0.06178811409133772,0.3893053473263368,formal,正式,0.9158420789605197,0.9185744965355159,差异未达FDR显著
各逐题条件相对C03,相对C03,HAMD-17,PDCH标签99人,GLM-5.2,思考,7,工作和活动,3,C03：全文｜不规整｜逐条评分｜不清洗,7,C07：全文｜规整｜逐条评分｜不清洗,99,是,是,0.6416946198205917,0.6328045247611268,-0.00889009505946492,-0.11725992740956,0.09983478988293397,0.8810594702648675,0.6049576050184508,0.6025904283217336,-0.002367176696717155,-0.11258830874725773,0.11334033972471379,0.9655172413793104,formal,正式,0.9930034982508745,0.9880059970014993,差异未达FDR显著
各逐题条件相对C03,相对C03,HAMD-17,PDCH标签99人,GLM-5.2,思考,7,工作和活动,3,C03：全文｜不规整｜逐条评分｜不清洗,8,C08：全文｜规整｜逐条评分｜清洗,99,是,是,0.6416946198205917,0.6676505921688168,0.02595597234822511,-0.06676020370415352,0.12440506534619308,0.6361819090454772,0.6049576050184508,0.6379902702112732,0.03303266519282244,-0.060411120546459834,0.1310317361657462,0.5422288855572214,formal,正式,0.9626340675815939,0.9185744965355159,差异未达FDR显著
各逐题条件相对C03,相对C03,HAMD-17,PDCH标签99人,GLM-5.2,思考,7,工作和活动,3,C03：全文｜不规整｜逐条评分｜不清洗,11,C11：事件序列｜不规整｜逐条评分｜不清洗,99,是,是,0.6416946198205917,0.6468651577190787,0.005170537898486982,-0.08617535286067686,0.1043224877972987,0.9115442278860569,0.6049576050184508,0.6040471009391611,-0.0009105040792896091,-0.10381248982825109,0.118865281240104,0.9870064967516242,formal,正式,0.9930034982508745,0.9880059970014993,差异未达FDR显著
各逐题条件相对C03,相对C03,HAMD-17,PDCH标签99人,GLM-5.2,思考,7,工作和活动,3,C03：全文｜不规整｜逐条评分｜不清洗,12,C12：事件序列｜不规整｜逐条评分｜清洗,99,是,是,0.6416946198205917,0.5392173897561703,-0.10247723006442144,-0.24605712055097617,0.00947249682894703,0.12193903048475763,0.6049576050184508,0.5021744360176309,-0.10278316900081985,-0.24066803124364236,0.015833812937983666,0.12443778110944528,formal,正式,0.8053265034149591,0.7525275823626648,差异未达FDR显著
各逐题条件相对C03,相对C03,HAMD-17,PDCH标签99人,GLM-5.2,思考,7,工作和活动,3,C03：全文｜不规整｜逐条评分｜不清洗,15,C15：事件序列｜规整｜逐条评分｜不清洗,99,是,是,0.6416946198205917,0.6384177803375973,-0.003276839482994398,-0.1272578289648027,0.14396066748834146,0.9650174912543729,0.6049576050184508,0.608564438980024,0.0036068339615732414,-0.12117255867389969,0.1307548308193399,0.960519740129935,formal,正式,0.9930034982508745,0.9880059970014993,差异未达FDR显著
各逐题条件相对C03,相对C03,HAMD-17,PDCH标签99人,GLM-5.2,思考,7,工作和活动,3,C03：全文｜不规整｜逐条评分｜不清洗,16,C16：事件序列｜规整｜逐条评分｜清洗,99,是,是,0.6416946198205917,0.500880281647211,-0.14081433817338074,-0.29109327291248294,-0.011320596900471233,0.07796101949025487,0.6049576050184508,0.4707351658553901,-0.13422243916306065,-0.2803794318831132,0.005108181335848273,0.10444777611194403,formal,正式,0.7731134432783607,0.7525275823626648,差异未达FDR显著
各逐题条件相对C03,相对C03,HAMD-17,PDCH标签99人,GLM-5.2,思考,8,迟滞,3,C03：全文｜不规整｜逐条评分｜不清洗,4,C04：全文｜不规整｜逐条评分｜清洗,99,是,是,0.4476225309422096,0.47276789508185224,0.025145364139642634,-0.14975258538691616,0.17422211796764214,0.7726136931534233,0.4447727728001737,0.4566356048011393,0.011862832000965606,-0.13870776741125365,0.15674488940250283,0.8950524737631185,formal,正式,0.9695455302651704,0.9880059970014993,差异未达FDR显著
各逐题条件相对C03,相对C03,HAMD-17,PDCH标签99人,GLM-5.2,思考,8,迟滞,3,C03：全文｜不规整｜逐条评分｜不清洗,7,C07：全文｜规整｜逐条评分｜不清洗,99,是,是,0.4476225309422096,0.5146585883540767,0.06703605741186713,-0.06410140157771965,0.22135629541153154,0.4017991004497751,0.4447727728001737,0.507722485001148,0.06294971220097434,-0.08722623600440232,0.21360942038020597,0.4172913543228386,formal,正式,0.9158420789605197,0.9185744965355159,差异未达FDR显著
各逐题条件相对C03,相对C03,HAMD-17,PDCH标签99人,GLM-5.2,思考,8,迟滞,3,C03：全文｜不规整｜逐条评分｜不清洗,8,C08：全文｜规整｜逐条评分｜清洗,99,是,是,0.4476225309422096,0.31919436576031496,-0.12842816518189465,-0.304219293550347,0.03316713571820474,0.18140929535232383,0.4447727728001737,0.312865819863871,-0.13190695293630267,-0.3198965867804097,0.038218481469071905,0.16041979010494753,formal,正式,0.8302963902664052,0.7525275823626648,差异未达FDR显著
各逐题条件相对C03,相对C03,HAMD-17,PDCH标签99人,GLM-5.2,思考,8,迟滞,3,C03：全文｜不规整｜逐条评分｜不清洗,11,C11：事件序列｜不规整｜逐条评分｜不清洗,99,是,是,0.4476225309422096,0.4983630677915075,0.05074053684929791,-0.08206195146486055,0.17347339370714662,0.42328835582208896,0.4447727728001737,0.4938047108359002,0.04903193803572653,-0.06708541745549061,0.16035847441631196,0.4367816091954023,formal,正式,0.9158420789605197,0.9185744965355159,差异未达FDR显著
各逐题条件相对C03,相对C03,HAMD-17,PDCH标签99人,GLM-5.2,思考,8,迟滞,3,C03：全文｜不规整｜逐条评分｜不清洗,12,C12：事件序列｜不规整｜逐条评分｜清洗,99,是,是,0.4476225309422096,0.33514143461078005,-0.11248109633142955,-0.2952206254245475,0.051213944220415634,0.21889055472263869,0.4447727728001737,0.3290209918568405,-0.11575178094333322,-0.2716514405144899,0.04216793816548354,0.2158920539730135,formal,正式,0.8682658670664668,0.7629185407296352,差异未达FDR显著
各逐题条件相对C03,相对C03,HAMD-17,PDCH标签99人,GLM-5.2,思考,8,迟滞,3,C03：全文｜不规整｜逐条评分｜不清洗,15,C15：事件序列｜规整｜逐条评分｜不清洗,99,是,是,0.4476225309422096,0.48921724815118195,0.04159471720897234,-0.11256843185921295,0.21904346942988281,0.657671164417791,0.4447727728001737,0.47824586253258317,0.03347308973240948,-0.13899854708895354,0.21139451124486064,0.7436281859070465,formal,正式,0.9626340675815939,0.9880059970014993,差异未达FDR显著
各逐题条件相对C03,相对C03,HAMD-17,PDCH标签99人,GLM-5.2,思考,8,迟滞,3,C03：全文｜不规整｜逐条评分｜不清洗,16,C16：事件序列｜规整｜逐条评分｜清洗,99,是,是,0.4476225309422096,0.4484969802254308,0.0008744492832211681,-0.15734690392849804,0.15557473883462214,0.9930034982508745,0.4447727728001737,0.4468412770714407,0.0020685042712670354,-0.16366750740954075,0.1504436989137947,0.9880059970014993,formal,正式,0.9930034982508745,0.9880059970014993,差异未达FDR显著
各逐题条件相对C03,相对C03,HAMD-17,PDCH标签99人,GLM-5.2,思考,9,激越,3,C03：全文｜不规整｜逐条评分｜不清洗,4,C04：全文｜不规整｜逐条评分｜清洗,99,是,是,0.3488503511554472,0.27053527004278083,-0.07831508111266638,-0.21670286873410913,0.051137002606815606,0.2893553223388306,0.34962315313782083,0.2578655034008031,-0.09175764973701772,-0.23704399169252802,0.052548170572489845,0.22438780609695153,formal,正式,0.9061390357452853,0.7629185407296352,差异未达FDR显著
各逐题条件相对C03,相对C03,HAMD-17,PDCH标签99人,GLM-5.2,思考,9,激越,3,C03：全文｜不规整｜逐条评分｜不清洗,7,C07：全文｜规整｜逐条评分｜不清洗,99,是,是,0.3488503511554472,0.39586150208841275,0.04701115093296554,-0.09470820652699857,0.18421401775245844,0.5737131434282858,0.34962315313782083,0.39311782267925394,0.043494669541433106,-0.10730894272895773,0.19968361178697588,0.585207396301849,formal,正式,0.9626340675815939,0.9285290687989338,差异未达FDR显著
各逐题条件相对C03,相对C03,HAMD-17,PDCH标签99人,GLM-5.2,思考,9,激越,3,C03：全文｜不规整｜逐条评分｜不清洗,8,C08：全文｜规整｜逐条评分｜清洗,99,是,是,0.3488503511554472,0.24212524946276578,-0.10672510169268143,-0.26238230589956,0.06568907338121002,0.24737631184407796,0.34962315313782083,0.22974368959142105,-0.11987946354639978,-0.29050097097269123,0.07031733399669023,0.20089955022488756,formal,正式,0.8759809284546916,0.7629185407296352,差异未达FDR显著
各逐题条件相对C03,相对C03,HAMD-17,PDCH标签99人,GLM-5.2,思考,9,激越,3,C03：全文｜不规整｜逐条评分｜不清洗,11,C11：事件序列｜不规整｜逐条评分｜不清洗,99,是,是,0.3488503511554472,0.355551656781975,0.006701305626527765,-0.14476799990894548,0.15984267907987063,0.9330334832583708,0.34962315313782083,0.35504645328531115,0.0054233001474903175,-0.12224558825372096,0.1476013355196512,0.936031984007996,formal,正式,0.9930034982508745,0.9880059970014993,差异未达FDR显著
各逐题条件相对C03,相对C03,HAMD-17,PDCH标签99人,GLM-5.2,思考,9,激越,3,C03：全文｜不规整｜逐条评分｜不清洗,12,C12：事件序列｜不规整｜逐条评分｜清洗,99,是,是,0.3488503511554472,0.3701351273205504,0.021284776165103214,-0.1541298861121085,0.19467787117519023,0.8000999500249875,0.34962315313782083,0.36101633101029107,0.01139317787247024,-0.16466284764522618,0.17994685351848264,0.8980509745127436,formal,正式,0.9695455302651704,0.9880059970014993,差异未达FDR显著
各逐题条件相对C03,相对C03,HAMD-17,PDCH标签99人,GLM-5.2,思考,9,激越,3,C03：全文｜不规整｜逐条评分｜不清洗,15,C15：事件序列｜规整｜逐条评分｜不清洗,99,是,是,0.3488503511554472,0.41318249116867806,0.06433214001323084,-0.11251119098505144,0.24800890737451264,0.5152423788105946,0.34962315313782083,0.4037608827183543,0.05413772958053348,-0.1303017272537599,0.23782620553278264,0.5427286356821589,formal,正式,0.9331584207896052,0.9185744965355159,差异未达FDR显著
各逐题条件相对C03,相对C03,HAMD-17,PDCH标签99人,GLM-5.2,思考,9,激越,3,C03：全文｜不规整｜逐条评分｜不清洗,16,C16：事件序列｜规整｜逐条评分｜清洗,99,是,是,0.3488503511554472,0.33365427726106894,-0.01519607389437827,-0.19835750053626955,0.15407512620042196,0.8570714642678661,0.34962315313782083,0.32779854994610724,-0.021824603191713587,-0.2001886033504742,0.16823814817711172,0.8125937031484258,formal,正式,0.9902087791055929,0.9880059970014993,差异未达FDR显著
各逐题条件相对C03,相对C03,HAMD-17,PDCH标签99人,GLM-5.2,思考,10,精神性焦虑,3,C03：全文｜不规整｜逐条评分｜不清洗,4,C04：全文｜不规整｜逐条评分｜清洗,99,是,是,0.5333196580338646,0.4881725467274873,-0.04514711130637733,-0.14816475436040688,0.039863152160765115,0.33483258370814595,0.47797872110908557,0.4309866225788663,-0.046992098530219295,-0.13714885376204047,0.048744080544487735,0.31384307846076964,formal,正式,0.9158420789605197,0.910910398459307,差异未达FDR显著
各逐题条件相对C03,相对C03,HAMD-17,PDCH标签99人,GLM-5.2,思考,10,精神性焦虑,3,C03：全文｜不规整｜逐条评分｜不清洗,7,C07：全文｜规整｜逐条评分｜不清洗,99,是,是,0.5333196580338646,0.5126877976658543,-0.020631860368010346,-0.1691136126532476,0.11349259539236022,0.8065967016491754,0.47797872110908557,0.4658744168334581,-0.012104304275627475,-0.14520124250413663,0.1160470778681777,0.8855572213893054,formal,正式,0.9695455302651704,0.9880059970014993,差异未达FDR显著
各逐题条件相对C03,相对C03,HAMD-17,PDCH标签99人,GLM-5.2,思考,10,精神性焦虑,3,C03：全文｜不规整｜逐条评分｜不清洗,8,C08：全文｜规整｜逐条评分｜清洗,99,是,是,0.5333196580338646,0.536205669691268,0.002886011657403431,-0.10993499696228999,0.14054897772308794,0.967016491754123,0.47797872110908557,0.49342715025759515,0.01544842914850958,-0.1113926045084932,0.14330921537851513,0.8220889555222389,formal,正式,0.9930034982508745,0.9880059970014993,差异未达FDR显著
各逐题条件相对C03,相对C03,HAMD-17,PDCH标签99人,GLM-5.2,思考,10,精神性焦虑,3,C03：全文｜不规整｜逐条评分｜不清洗,11,C11：事件序列｜不规整｜逐条评分｜不清洗,99,是,是,0.5333196580338646,0.5054512688547277,-0.02786838917913692,-0.13311045737665472,0.0804722226222652,0.6166916541729135,0.47797872110908557,0.4504775206877802,-0.027501200421305383,-0.131884420752565,0.08230254392113351,0.6376811594202898,formal,正式,0.9626340675815939,0.9500374812593704,差异未达FDR显著
各逐题条件相对C03,相对C03,HAMD-17,PDCH标签99人,GLM-5.2,思考,10,精神性焦虑,3,C03：全文｜不规整｜逐条评分｜不清洗,12,C12：事件序列｜不规整｜逐条评分｜清洗,99,是,是,0.5333196580338646,0.4531140877316732,-0.08020557030219139,-0.1743975365635652,0.013991593066198571,0.13193403298350825,0.47797872110908557,0.3894990690849543,-0.08847965202413127,-0.20230770566439854,0.005597152993419808,0.11744127936031984,formal,正式,0.8053265034149591,0.7525275823626648,差异未达FDR显著
各逐题条件相对C03,相对C03,HAMD-17,PDCH标签99人,GLM-5.2,思考,10,精神性焦虑,3,C03：全文｜不规整｜逐条评分｜不清洗,15,C15：事件序列｜规整｜逐条评分｜不清洗,99,是,是,0.5333196580338646,0.5536161875032171,0.020296529469352453,-0.09509001521720521,0.14048792901189266,0.7736131934032984,0.47797872110908557,0.4991228759942407,0.021144154885155142,-0.09983548843529837,0.14921352952402786,0.7631184407796102,formal,正式,0.9695455302651704,0.9880059970014993,差异未达FDR显著
各逐题条件相对C03,相对C03,HAMD-17,PDCH标签99人,GLM-5.2,思考,10,精神性焦虑,3,C03：全文｜不规整｜逐条评分｜不清洗,16,C16：事件序列｜规整｜逐条评分｜清洗,99,是,是,0.5333196580338646,0.6081179227599423,0.07479826472607765,-0.047617068542253164,0.19142030920068046,0.25837081459270367,0.47797872110908557,0.5536803575555205,0.0757016364464349,-0.04671849697959403,0.1878978160370054,0.23938030984507747,formal,正式,0.8759809284546916,0.7912849130990061,差异未达FDR显著
各逐题条件相对C03,相对C03,HAMD-17,PDCH标签99人,GLM-5.2,思考,11,躯体性焦虑,3,C03：全文｜不规整｜逐条评分｜不清洗,4,C04：全文｜不规整｜逐条评分｜清洗,99,是,是,0.6015990461268277,0.5743342784127576,-0.02726476771407005,-0.13884619445155202,0.0703050364587929,0.6376811594202898,0.5512925234891841,0.5166809442994242,-0.03461157918975988,-0.1461333364970175,0.06466258006956391,0.5492253873063468,formal,正式,0.9626340675815939,0.9185744965355159,差异未达FDR显著
各逐题条件相对C03,相对C03,HAMD-17,PDCH标签99人,GLM-5.2,思考,11,躯体性焦虑,3,C03：全文｜不规整｜逐条评分｜不清洗,7,C07：全文｜规整｜逐条评分｜不清洗,99,是,是,0.6015990461268277,0.6367101843439069,0.03511113821707923,-0.0655298074598382,0.1349325404541078,0.463768115942029,0.5512925234891841,0.5871768699700738,0.03588434648088967,-0.06542685872350747,0.13446122152928605,0.48225887056471767,formal,正式,0.9198067632850242,0.9185744965355159,差异未达FDR显著
各逐题条件相对C03,相对C03,HAMD-17,PDCH标签99人,GLM-5.2,思考,11,躯体性焦虑,3,C03：全文｜不规整｜逐条评分｜不清洗,8,C08：全文｜规整｜逐条评分｜清洗,99,是,是,0.6015990461268277,0.5548453829758695,-0.04675366315095819,-0.17750962841256623,0.06515159355448762,0.4127936031984008,0.5512925234891841,0.49691147287292375,-0.05438105061626036,-0.19618086530261358,0.06796377164924201,0.36431784107946025,formal,正式,0.9158420789605197,0.9185744965355159,差异未达FDR显著
各逐题条件相对C03,相对C03,HAMD-17,PDCH标签99人,GLM-5.2,思考,11,躯体性焦虑,3,C03：全文｜不规整｜逐条评分｜不清洗,11,C11：事件序列｜不规整｜逐条评分｜不清洗,99,是,是,0.6015990461268277,0.5103271675891538,-0.09127187853767393,-0.20803603445235463,-0.00998194825810534,0.051974012993503245,0.5512925234891841,0.4577004730273167,-0.09359205046186742,-0.194561915250333,0.0030017749647060048,0.05647176411794103,formal,正式,0.7244559538412613,0.737431284357821,差异未达FDR显著
各逐题条件相对C03,相对C03,HAMD-17,PDCH标签99人,GLM-5.2,思考,11,躯体性焦虑,3,C03：全文｜不规整｜逐条评分｜不清洗,12,C12：事件序列｜不规整｜逐条评分｜清洗,99,是,是,0.6015990461268277,0.5250519937654354,-0.07654705236139225,-0.1704050332948123,-0.0004731044126539554,0.06296851574212893,0.5512925234891841,0.47290377084440305,-0.07838875264478107,-0.17393494134886822,0.003705789234402428,0.0734632683658171,formal,正式,0.7244559538412613,0.7525275823626648,差异未达FDR显著
各逐题条件相对C03,相对C03,HAMD-17,PDCH标签99人,GLM-5.2,思考,11,躯体性焦虑,3,C03：全文｜不规整｜逐条评分｜不清洗,15,C15：事件序列｜规整｜逐条评分｜不清洗,99,是,是,0.6015990461268277,0.5671868683360071,-0.03441217779082062,-0.14613239968440614,0.06315962819039428,0.5332333833083458,0.5512925234891841,0.5089297007370818,-0.04236282275210235,-0.15676153006926954,0.06468870592182578,0.42128935532233885,formal,正式,0.9331584207896052,0.9185744965355159,差异未达FDR显著
各逐题条件相对C03,相对C03,HAMD-17,PDCH标签99人,GLM-5.2,思考,11,躯体性焦虑,3,C03：全文｜不规整｜逐条评分｜不清洗,16,C16：事件序列｜规整｜逐条评分｜清洗,99,是,是,0.6015990461268277,0.5678116680775163,-0.03378737804931142,-0.10431599655374167,0.04168440394049361,0.408295852073963,0.5512925234891841,0.5109303806349641,-0.04036214285422002,-0.12348754253606645,0.04007999824655879,0.3553223388305847,formal,正式,0.9158420789605197,0.9185744965355159,差异未达FDR显著
各逐题条件相对C03,相对C03,HAMD-17,PDCH标签99人,GLM-5.2,思考,12,胃肠道症状,3,C03：全文｜不规整｜逐条评分｜不清洗,4,C04：全文｜不规整｜逐条评分｜清洗,99,是,是,0.49435688363544067,0.490840193744926,-0.0035166898905146793,-0.11779225283550546,0.09916706281077753,0.9475262368815592,0.43611280219576554,0.43749290600018254,0.0013801038044169989,-0.13696752059704484,0.1187358307105776,0.9825087456271864,formal,正式,0.9930034982508745,0.9880059970014993,差异未达FDR显著
各逐题条件相对C03,相对C03,HAMD-17,PDCH标签99人,GLM-5.2,思考,12,胃肠道症状,3,C03：全文｜不规整｜逐条评分｜不清洗,7,C07：全文｜规整｜逐条评分｜不清洗,99,是,是,0.49435688363544067,0.4645068907438741,-0.02984999289156659,-0.1552810173681856,0.11649796822506604,0.6581709145427287,0.43611280219576554,0.4195163528805599,-0.016596449315205652,-0.15586124649881775,0.12635553581137327,0.8355822088955522,formal,正式,0.9626340675815939,0.9880059970014993,差异未达FDR显著
各逐题条件相对C03,相对C03,HAMD-17,PDCH标签99人,GLM-5.2,思考,12,胃肠道症状,3,C03：全文｜不规整｜逐条评分｜不清洗,8,C08：全文｜规整｜逐条评分｜清洗,99,是,是,0.49435688363544067,0.48970131584315546,-0.004655567792285209,-0.10468250531303004,0.10281566284095386,0.935032483758121,0.43611280219576554,0.43223556548494,-0.0038772367108255157,-0.12768164257000286,0.1037935139343265,0.9405297351324338,formal,正式,0.9930034982508745,0.9880059970014993,差异未达FDR显著
各逐题条件相对C03,相对C03,HAMD-17,PDCH标签99人,GLM-5.2,思考,12,胃肠道症状,3,C03：全文｜不规整｜逐条评分｜不清洗,11,C11：事件序列｜不规整｜逐条评分｜不清洗,99,是,是,0.49435688363544067,0.5239935097341595,0.02963662609871881,-0.047103272242320984,0.11231382844556682,0.5322338830584707,0.43611280219576554,0.46771960383025823,0.0316068016344927,-0.03810775609143586,0.1254601812980921,0.5067466266866567,formal,正式,0.9331584207896052,0.9185744965355159,差异未达FDR显著
各逐题条件相对C03,相对C03,HAMD-17,PDCH标签99人,GLM-5.2,思考,12,胃肠道症状,3,C03：全文｜不规整｜逐条评分｜不清洗,12,C12：事件序列｜不规整｜逐条评分｜清洗,99,是,是,0.49435688363544067,0.5271604772949614,0.032803593659520736,-0.042793521928646605,0.10657753097598502,0.38780609695152424,0.43611280219576554,0.4718133690357325,0.035700566839966974,-0.03276788592464744,0.10322299937401933,0.408295852073963,formal,正式,0.9158420789605197,0.9185744965355159,差异未达FDR显著
各逐题条件相对C03,相对C03,HAMD-17,PDCH标签99人,GLM-5.2,思考,12,胃肠道症状,3,C03：全文｜不规整｜逐条评分｜不清洗,15,C15：事件序列｜规整｜逐条评分｜不清洗,99,是,是,0.49435688363544067,0.422939474837166,-0.07141740879827468,-0.18191213531732842,0.03593631426653259,0.2063968015992004,0.43611280219576554,0.36621816961451065,-0.06989463258125489,-0.17930616787418002,0.03829806906785979,0.2193903048475762,formal,正式,0.8682658670664668,0.7629185407296352,差异未达FDR显著
各逐题条件相对C03,相对C03,HAMD-17,PDCH标签99人,GLM-5.2,思考,12,胃肠道症状,3,C03：全文｜不规整｜逐条评分｜不清洗,16,C16：事件序列｜规整｜逐条评分｜清洗,99,是,是,0.49435688363544067,0.45866999493993,-0.03568688869551068,-0.13500023817838422,0.07637409508732902,0.48225887056471767,0.43611280219576554,0.4059387579822094,-0.030174044213556128,-0.1416386835458938,0.07802561005122265,0.5712143928035982,formal,正式,0.9256258967290549,0.9185744965355159,差异未达FDR显著
各逐题条件相对C03,相对C03,HAMD-17,PDCH标签99人,GLM-5.2,思考,13,全身症状,3,C03：全文｜不规整｜逐条评分｜不清洗,4,C04：全文｜不规整｜逐条评分｜清洗,99,是,是,0.5817871027414319,0.4726937740514314,-0.10909332869000044,-0.24005380020333364,0.010081058040658872,0.0944527736131934,0.5419903457304613,0.43236556991263664,-0.1096247758178247,-0.2481100442821682,0.02511386342122215,0.10394802598700649,formal,正式,0.8028485757121439,0.7525275823626648,差异未达FDR显著
各逐题条件相对C03,相对C03,HAMD-17,PDCH标签99人,GLM-5.2,思考,13,全身症状,3,C03：全文｜不规整｜逐条评分｜不清洗,7,C07：全文｜规整｜逐条评分｜不清洗,99,是,是,0.5817871027414319,0.5377332571969435,-0.044053845544488324,-0.14630413320692232,0.052590081532431124,0.41879060469765117,0.5419903457304613,0.49746872884692817,-0.04452161688353318,-0.1548931880708637,0.06056203115778508,0.4292853573213393,formal,正式,0.9158420789605197,0.9185744965355159,差异未达FDR显著
各逐题条件相对C03,相对C03,HAMD-17,PDCH标签99人,GLM-5.2,思考,13,全身症状,3,C03：全文｜不规整｜逐条评分｜不清洗,8,C08：全文｜规整｜逐条评分｜清洗,99,是,是,0.5817871027414319,0.5102857462004321,-0.07150135654099976,-0.2235446187390345,0.06532370901071086,0.33983008495752126,0.5419903457304613,0.4716522424309118,-0.07033810329954954,-0.22166199754585206,0.05152590362137845,0.3543228385807096,formal,正式,0.9158420789605197,0.9185744965355159,差异未达FDR显著
各逐题条件相对C03,相对C03,HAMD-17,PDCH标签99人,GLM-5.2,思考,13,全身症状,3,C03：全文｜不规整｜逐条评分｜不清洗,11,C11：事件序列｜不规整｜逐条评分｜不清洗,99,是,是,0.5817871027414319,0.6034761016509985,0.02168899890956666,-0.08768616799426164,0.13788582052766807,0.7096451774112944,0.5419903457304613,0.5651031522317427,0.023112806501281336,-0.08738913119466324,0.1453892504770165,0.7056471764117941,formal,正式,0.9626340675815939,0.9880059970014993,差异未达FDR显著
各逐题条件相对C03,相对C03,HAMD-17,PDCH标签99人,GLM-5.2,思考,13,全身症状,3,C03：全文｜不规整｜逐条评分｜不清洗,12,C12：事件序列｜不规整｜逐条评分｜清洗,99,是,是,0.5817871027414319,0.529984847200089,-0.05180225554134288,-0.17644549898424244,0.08239140651336882,0.4767616191904048,0.5419903457304613,0.48631399098042966,-0.05567635475003169,-0.20105961067411787,0.07015721957004853,0.4312843578210895,formal,正式,0.9256258967290549,0.9185744965355159,差异未达FDR显著
各逐题条件相对C03,相对C03,HAMD-17,PDCH标签99人,GLM-5.2,思考,13,全身症状,3,C03：全文｜不规整｜逐条评分｜不清洗,15,C15：事件序列｜规整｜逐条评分｜不清洗,99,是,是,0.5817871027414319,0.6281994525529249,0.046412349811493,-0.057916933322334656,0.15292136607324072,0.3803098450774613,0.5419903457304613,0.5804700860790947,0.03847974034863333,-0.0748520283312671,0.14282345777471073,0.5072463768115942,formal,正式,0.9158420789605197,0.9185744965355159,差异未达FDR显著
各逐题条件相对C03,相对C03,HAMD-17,PDCH标签99人,GLM-5.2,思考,13,全身症状,3,C03：全文｜不规整｜逐条评分｜不清洗,16,C16：事件序列｜规整｜逐条评分｜清洗,99,是,是,0.5817871027414319,0.5598826369252473,-0.02190446581618455,-0.13472185971297498,0.09824135687142897,0.7351324337831084,0.5419903457304613,0.5112065623694656,-0.030783783360995742,-0.15258389233581154,0.09085350823293611,0.6571714142928535,formal,正式,0.9626340675815939,0.9654740530969083,差异未达FDR显著
各逐题条件相对C03,相对C03,HAMD-17,PDCH标签99人,GLM-5.2,思考,14,性症状,3,C03：全文｜不规整｜逐条评分｜不清洗,4,C04：全文｜不规整｜逐条评分｜清洗,58,是,是,0.46488795848608344,0.44227724660226103,-0.02261071188382241,-0.11922515861756003,0.07102634801834787,0.6866566716641679,0.4115783790675909,0.3806939416360543,-0.030884437431536627,-0.1421007213583267,0.06875919025814374,0.5637181409295352,formal,正式,0.9626340675815939,0.9185744965355159,差异未达FDR显著
各逐题条件相对C03,相对C03,HAMD-17,PDCH标签99人,GLM-5.2,思考,14,性症状,3,C03：全文｜不规整｜逐条评分｜不清洗,7,C07：全文｜规整｜逐条评分｜不清洗,57,是,是,0.44701803649124555,0.48029350540093246,0.03327546890968691,-0.019747847893356797,0.11280018062220211,0.5162418790604698,0.3992465544490541,0.4323767720469138,0.033130217597859724,-0.026974016332663858,0.12453497871131641,0.4312843578210895,formal,正式,0.9331584207896052,0.9185744965355159,差异未达FDR显著
各逐题条件相对C03,相对C03,HAMD-17,PDCH标签99人,GLM-5.2,思考,14,性症状,3,C03：全文｜不规整｜逐条评分｜不清洗,8,C08：全文｜规整｜逐条评分｜清洗,57,是,是,0.4979377851584072,0.5319588086687443,0.034021023510337145,-0.0557693516462115,0.1652894416402274,0.5282358820589705,0.45207205397551153,0.48822467817189336,0.03615262419638182,-0.0804505439957533,0.15814949638074294,0.5537231384307846,formal,正式,0.9331584207896052,0.9185744965355159,差异未达FDR显著
各逐题条件相对C03,相对C03,HAMD-17,PDCH标签99人,GLM-5.2,思考,14,性症状,3,C03：全文｜不规整｜逐条评分｜不清洗,11,C11：事件序列｜不规整｜逐条评分｜不清洗,59,是,是,0.4962165550662757,0.4444088096341349,-0.051807745432140784,-0.13257653103928138,0.003105290666763042,0.23938030984507747,0.44103811684414057,0.3849545345808997,-0.056083582263240894,-0.15326410193571116,0.002456895342174814,0.0004997501249375312,formal,正式,0.8759809284546916,0.059470264867566215,差异未达FDR显著
各逐题条件相对C03,相对C03,HAMD-17,PDCH标签99人,GLM-5.2,思考,14,性症状,3,C03：全文｜不规整｜逐条评分｜不清洗,12,C12：事件序列｜不规整｜逐条评分｜清洗,59,是,是,0.46671011146960706,0.40438090052735076,-0.0623292109422563,-0.17822638188415593,0.03333948120402465,0.2178910544727636,0.411482110991755,0.3403506126113613,-0.07113149838039373,-0.17131731527216135,0.02865343742646785,0.19640179910044978,formal,正式,0.8682658670664668,0.7629185407296352,差异未达FDR显著
各逐题条件相对C03,相对C03,HAMD-17,PDCH标签99人,GLM-5.2,思考,14,性症状,3,C03：全文｜不规整｜逐条评分｜不清洗,15,C15：事件序列｜规整｜逐条评分｜不清洗,57,是,是,0.47531403892886376,0.4333902369542272,-0.041923801974636576,-0.14647306753644215,0.039848485301522546,0.31984007996002,0.42178448917326405,0.3762584490077303,-0.04552604016553374,-0.15346381425506717,0.05223019457089218,0.2463768115942029,formal,正式,0.9158420789605197,0.7924010967489228,差异未达FDR显著
各逐题条件相对C03,相对C03,HAMD-17,PDCH标签99人,GLM-5.2,思考,14,性症状,3,C03：全文｜不规整｜逐条评分｜不清洗,16,C16：事件序列｜规整｜逐条评分｜清洗,57,是,是,0.4860022428613892,0.4686757725473009,-0.017326470314088294,-0.10909215925741496,0.06318418751649141,0.7361319340329835,0.42907391911180215,0.4153616815952542,-0.013712237516547932,-0.11207140114683704,0.08080926899561802,0.7591204397801099,formal,正式,0.9626340675815939,0.9880059970014993,差异未达FDR显著
各逐题条件相对C03,相对C03,HAMD-17,PDCH标签99人,GLM-5.2,思考,15,疑病,3,C03：全文｜不规整｜逐条评分｜不清洗,4,C04：全文｜不规整｜逐条评分｜清洗,99,是,是,0.09132884753625604,0.10988495323657789,0.018556105700321845,-0.11210432674405604,0.16039472962498913,0.7866066966516742,0.032485822621619614,0.04756312732836932,0.015077304706749707,-0.11716345900371751,0.1508345724333525,0.8335832083958021,formal,正式,0.9695455302651704,0.9880059970014993,差异未达FDR显著
各逐题条件相对C03,相对C03,HAMD-17,PDCH标签99人,GLM-5.2,思考,15,疑病,3,C03：全文｜不规整｜逐条评分｜不清洗,7,C07：全文｜规整｜逐条评分｜不清洗,99,是,是,0.09132884753625604,0.109702848433025,0.018374000896768952,-0.14222213752920254,0.1727093447012396,0.8295852073963018,0.032485822621619614,0.056495403834282316,0.024009581212662702,-0.15591487160544357,0.20684613198465648,0.7746126936531734,formal,正式,0.9872063968015992,0.9880059970014993,差异未达FDR显著
各逐题条件相对C03,相对C03,HAMD-17,PDCH标签99人,GLM-5.2,思考,15,疑病,3,C03：全文｜不规整｜逐条评分｜不清洗,8,C08：全文｜规整｜逐条评分｜清洗,99,是,是,0.09132884753625604,0.171092539150203,0.07976369161394696,-0.03053955436283443,0.1992864632411523,0.16241879060469766,0.032485822621619614,0.11962654494475634,0.08714072232313673,-0.03160727827977532,0.20252952948428724,0.1294352823588206,formal,正式,0.8053265034149591,0.7525275823626648,差异未达FDR显著
各逐题条件相对C03,相对C03,HAMD-17,PDCH标签99人,GLM-5.2,思考,15,疑病,3,C03：全文｜不规整｜逐条评分｜不清洗,11,C11：事件序列｜不规整｜逐条评分｜不清洗,99,是,是,0.09132884753625604,0.05910348351338439,-0.032225364022871655,-0.13879461702126852,0.04557090660309507,0.43728135932033985,0.032485822621619614,0.010097431837052511,-0.022388390784567103,-0.12155946483106941,0.055700828204999005,0.6166916541729135,formal,正式,0.9198067632850242,0.9500374812593704,差异未达FDR显著
各逐题条件相对C03,相对C03,HAMD-17,PDCH标签99人,GLM-5.2,思考,15,疑病,3,C03：全文｜不规整｜逐条评分｜不清洗,12,C12：事件序列｜不规整｜逐条评分｜清洗,99,是,是,0.09132884753625604,-0.029280408627470667,-0.12060925616372671,-0.229549701782595,-0.008150327464462193,0.030484757621189407,0.032485822621619614,-0.08967833297388911,-0.12216415559550872,-0.2317530156587791,-0.019981350038924473,0.02448775612193903,formal,正式,0.7244559538412613,0.6739963351657504,差异未达FDR显著
各逐题条件相对C03,相对C03,HAMD-17,PDCH标签99人,GLM-5.2,思考,15,疑病,3,C03：全文｜不规整｜逐条评分｜不清洗,15,C15：事件序列｜规整｜逐条评分｜不清洗,99,是,是,0.09132884753625604,0.1857959619604366,0.09446711442418056,-0.040834802980833904,0.2774958805262823,0.2413793103448276,0.032485822621619614,0.1338369817872568,0.1013511591656372,-0.051587691104207745,0.26180595168894005,0.21139430284857572,formal,正式,0.8759809284546916,0.7629185407296352,差异未达FDR显著
各逐题条件相对C03,相对C03,HAMD-17,PDCH标签99人,GLM-5.2,思考,15,疑病,3,C03：全文｜不规整｜逐条评分｜不清洗,16,C16：事件序列｜规整｜逐条评分｜清洗,99,是,是,0.09132884753625604,0.17580639197499218,0.08447754443873613,-0.018747321758639073,0.22276712114941277,0.16091954022988506,0.032485822621619614,0.11872268490408668,0.08623686228246706,-0.02440268439914753,0.2013877649440957,0.16441779110444776,formal,正式,0.8053265034149591,0.7525275823626648,差异未达FDR显著
各逐题条件相对C03,相对C03,HAMD-17,PDCH标签99人,GLM-5.2,思考,16,体重减轻,3,C03：全文｜不规整｜逐条评分｜不清洗,4,C04：全文｜不规整｜逐条评分｜清洗,99,是,是,0.2411345008986614,0.23559809284727576,-0.005536408051385638,-0.08985332077409451,0.06916999202674408,0.9030484757621189,0.18039114232533185,0.17406327917383088,-0.0063278631515009676,-0.0910559574902379,0.08058529731116014,0.8825587206396801,formal,正式,0.9930034982508745,0.9880059970014993,差异未达FDR显著
各逐题条件相对C03,相对C03,HAMD-17,PDCH标签99人,GLM-5.2,思考,16,体重减轻,3,C03：全文｜不规整｜逐条评分｜不清洗,7,C07：全文｜规整｜逐条评分｜不清洗,99,是,是,0.2411345008986614,0.30311178889980644,0.06197728800114505,-0.0025252578671327254,0.15768892864666448,0.14142928535732133,0.18039114232533185,0.24386411519754767,0.06347297287221582,-0.005348876182657731,0.16145968720891962,0.13693153423288357,formal,正式,0.8053265034149591,0.7525275823626648,差异未达FDR显著
各逐题条件相对C03,相对C03,HAMD-17,PDCH标签99人,GLM-5.2,思考,16,体重减轻,3,C03：全文｜不规整｜逐条评分｜不清洗,8,C08：全文｜规整｜逐条评分｜清洗,99,是,是,0.2411345008986614,0.27296485380106505,0.03183035290240366,-0.07583685518642404,0.13795542033537764,0.6196901549225388,0.18039114232533185,0.22123424937402167,0.04084310704868982,-0.058487627756489136,0.15475382403109147,0.4927536231884058,formal,正式,0.9626340675815939,0.9185744965355159,差异未达FDR显著
各逐题条件相对C03,相对C03,HAMD-17,PDCH标签99人,GLM-5.2,思考,16,体重减轻,3,C03：全文｜不规整｜逐条评分｜不清洗,11,C11：事件序列｜不规整｜逐条评分｜不清洗,99,是,是,0.2411345008986614,0.20143784080765528,-0.039696660091006114,-0.11776260198904112,0.04281170092608326,0.36081959020489757,0.18039114232533185,0.13818436089223715,-0.0422067814330947,-0.12662478169744013,0.031967788893496225,0.30484757621189407,formal,正式,0.9158420789605197,0.9069215392303848,差异未达FDR显著
各逐题条件相对C03,相对C03,HAMD-17,PDCH标签99人,GLM-5.2,思考,16,体重减轻,3,C03：全文｜不规整｜逐条评分｜不清洗,12,C12：事件序列｜不规整｜逐条评分｜清洗,99,是,是,0.2411345008986614,0.24709183091487436,0.005957330016212958,-0.08475133098093054,0.10040448293034182,0.9145427286356822,0.18039114232533185,0.1901502298267035,0.009759087501371638,-0.09430292347609068,0.1266590696942491,0.872063968015992,formal,正式,0.9930034982508745,0.9880059970014993,差异未达FDR显著
各逐题条件相对C03,相对C03,HAMD-17,PDCH标签99人,GLM-5.2,思考,16,体重减轻,3,C03：全文｜不规整｜逐条评分｜不清洗,15,C15：事件序列｜规整｜逐条评分｜不清洗,99,是,是,0.2411345008986614,0.27511996833562086,0.03398546743695946,-0.10192955015026141,0.15757976280396288,0.6401799100449775,0.18039114232533185,0.20528818061660267,0.024897038291270823,-0.10604552045665862,0.1685284396469977,0.735632183908046,formal,正式,0.9626340675815939,0.9880059970014993,差异未达FDR显著
各逐题条件相对C03,相对C03,HAMD-17,PDCH标签99人,GLM-5.2,思考,16,体重减轻,3,C03：全文｜不规整｜逐条评分｜不清洗,16,C16：事件序列｜规整｜逐条评分｜清洗,99,是,是,0.2411345008986614,0.23718912571583642,-0.003945375182824978,-0.1399917872079086,0.11498620070763493,0.9505247376311844,0.18039114232533185,0.16929227104589706,-0.011098871279434791,-0.13211395162381862,0.09518399182581155,0.841079460269865,formal,正式,0.9930034982508745,0.9880059970014993,差异未达FDR显著
各逐题条件相对C03,相对C03,HAMD-17,PDCH标签99人,GLM-5.2,思考,17,自知力,3,C03：全文｜不规整｜逐条评分｜不清洗,4,C04：全文｜不规整｜逐条评分｜清洗,99,是,是,0.06577709945673778,-0.08750105181791623,-0.153278151274654,-0.3535611119709528,0.054846979110311236,0.19290354822588707,0.06586572811822333,-0.10180580576356155,-0.16767153388178488,-0.3890323900944854,0.0535372273952481,0.1504247876061969,formal,正式,0.8502045273659468,0.7525275823626648,差异未达FDR显著
各逐题条件相对C03,相对C03,HAMD-17,PDCH标签99人,GLM-5.2,思考,17,自知力,3,C03：全文｜不规整｜逐条评分｜不清洗,7,C07：全文｜规整｜逐条评分｜不清洗,99,是,是,0.06577709945673778,-0.003278852850233164,-0.06905595230697094,-0.3283830082740549,0.19473395472308283,0.6086956521739131,0.06586572811822333,-0.012168345699728507,-0.07803407381795184,-0.320395824319804,0.1973942123954036,0.5472263868065967,formal,正式,0.9626340675815939,0.9185744965355159,差异未达FDR显著
各逐题条件相对C03,相对C03,HAMD-17,PDCH标签99人,GLM-5.2,思考,17,自知力,3,C03：全文｜不规整｜逐条评分｜不清洗,8,C08：全文｜规整｜逐条评分｜清洗,99,是,是,0.06577709945673778,0.0006200147102250093,-0.06515708474651277,-0.2564300110902301,0.1557135896563572,0.5242378810594702,0.06586572811822333,-0.004883009349710039,-0.07074873746793336,-0.26874443792222097,0.11531077621484133,0.5027486256871564,formal,正式,0.9331584207896052,0.9185744965355159,差异未达FDR显著
各逐题条件相对C03,相对C03,HAMD-17,PDCH标签99人,GLM-5.2,思考,17,自知力,3,C03：全文｜不规整｜逐条评分｜不清洗,11,C11：事件序列｜不规整｜逐条评分｜不清洗,99,是,是,0.06577709945673778,0.06328832752835661,-0.0024887719283811643,-0.17928667105439164,0.1880971819038058,0.9865067466266867,0.06586572811822333,0.05830828562214841,-0.007557442496074922,-0.16614464397695403,0.17435315683149447,0.9415292353823088,formal,正式,0.9930034982508745,0.9880059970014993,差异未达FDR显著
各逐题条件相对C03,相对C03,HAMD-17,PDCH标签99人,GLM-5.2,思考,17,自知力,3,C03：全文｜不规整｜逐条评分｜不清洗,12,C12：事件序列｜不规整｜逐条评分｜清洗,99,是,是,0.06577709945673778,-0.05158666652432667,-0.11736376598106445,-0.3338711043032963,0.10368470202125343,0.3003498250874563,0.06586572811822333,-0.05559051805666103,-0.12145624617488436,-0.3361872058944556,0.08527146963088282,0.26686656671664166,formal,正式,0.9158420789605197,0.8142851651097528,差异未达FDR显著
各逐题条件相对C03,相对C03,HAMD-17,PDCH标签99人,GLM-5.2,思考,17,自知力,3,C03：全文｜不规整｜逐条评分｜不清洗,15,C15：事件序列｜规整｜逐条评分｜不清洗,99,是,是,0.06577709945673778,-0.12046108371718889,-0.18623818317392665,-0.40571437507116825,0.03631233942774151,0.16941529235382308,0.06586572811822333,-0.1342703140903383,-0.20013604220856163,-0.40611297874326757,0.048433158742457606,0.1424287856071964,formal,正式,0.8064167916041979,0.7525275823626648,差异未达FDR显著
各逐题条件相对C03,相对C03,HAMD-17,PDCH标签99人,GLM-5.2,思考,17,自知力,3,C03：全文｜不规整｜逐条评分｜不清洗,16,C16：事件序列｜规整｜逐条评分｜清洗,99,是,是,0.06577709945673778,-0.19826349102477295,-0.26404059048151074,-0.4703225507965374,-0.035553508076917366,0.035982008995502246,0.06586572811822333,-0.20146040279060656,-0.2673261309088299,-0.46775952781403096,-0.06164980084679441,0.02848575712143928,formal,正式,0.7244559538412613,0.6739963351657504,差异未达FDR显著
各逐题条件相对C03,相对C03,HAMD-17,PDCH标签99人,Kimi-K2.6,不思考,1,抑郁情绪,3,C03：全文｜不规整｜逐条评分｜不清洗,4,C04：全文｜不规整｜逐条评分｜清洗,99,是,是,0.5332868799218012,0.49066930094278594,-0.0426175789790153,-0.13744740881523532,0.06129220909625484,0.40379810094952523,0.5009977361132273,0.4702032830048999,-0.030794453108327402,-0.13458131006434615,0.07335505416087096,0.5592203898050975,formal,正式,0.6493510001755879,0.7922288855572214,差异未达FDR显著
各逐题条件相对C03,相对C03,HAMD-17,PDCH标签99人,Kimi-K2.6,不思考,1,抑郁情绪,3,C03：全文｜不规整｜逐条评分｜不清洗,7,C07：全文｜规整｜逐条评分｜不清洗,99,是,是,0.5332868799218012,0.5412216728263888,0.00793479290458754,-0.18959715435461813,0.19080848091323455,0.9440279860069966,0.5009977361132273,0.5400606721561324,0.039062936042905116,-0.14948136508648047,0.23618314118368794,0.7056471764117941,formal,正式,0.9804969310216686,0.852407129768449,差异未达FDR显著
各逐题条件相对C03,相对C03,HAMD-17,PDCH标签99人,Kimi-K2.6,不思考,1,抑郁情绪,3,C03：全文｜不规整｜逐条评分｜不清洗,8,C08：全文｜规整｜逐条评分｜清洗,99,是,是,0.5332868799218012,0.5288568202884084,-0.004430059633392824,-0.17922094778961595,0.1770489674594619,0.9620189905047476,0.5009977361132273,0.5299575801216786,0.028959844008451308,-0.16418827866348953,0.19566237005227888,0.7936031984007996,formal,正式,0.9804969310216686,0.899416958187573,差异未达FDR显著
各逐题条件相对C03,相对C03,HAMD-17,PDCH标签99人,Kimi-K2.6,不思考,1,抑郁情绪,3,C03：全文｜不规整｜逐条评分｜不清洗,11,C11：事件序列｜不规整｜逐条评分｜不清洗,99,是,是,0.5332868799218012,0.6554611434498596,0.12217426352805838,-0.003958405097931353,0.26227181000513483,0.09245377311344327,0.5009977361132273,0.6359827908496617,0.1349850547364344,-0.0018925632404544522,0.27484030870340376,0.06446776611694154,formal,正式,0.44373966862722486,0.3738130934532734,差异未达FDR显著
各逐题条件相对C03,相对C03,HAMD-17,PDCH标签99人,Kimi-K2.6,不思考,1,抑郁情绪,3,C03：全文｜不规整｜逐条评分｜不清洗,12,C12：事件序列｜不规整｜逐条评分｜清洗,99,是,是,0.5332868799218012,0.5499785200799556,0.016691640158154386,-0.10056206557149708,0.14066184053282335,0.7806096951524237,0.5009977361132273,0.5261307587132429,0.025133022600015598,-0.08469019733883157,0.13478717405623708,0.6866566716641679,formal,正式,0.9165417291354323,0.8511681659170415,差异未达FDR显著
各逐题条件相对C03,相对C03,HAMD-17,PDCH标签99人,Kimi-K2.6,不思考,1,抑郁情绪,3,C03：全文｜不规整｜逐条评分｜不清洗,15,C15：事件序列｜规整｜逐条评分｜不清洗,99,是,是,0.5332868799218012,0.44524011662494817,-0.08804676329685307,-0.26397869178428346,0.06622938507012725,0.27936031984008,0.5009977361132273,0.42327879505980254,-0.07771894105342475,-0.23010388805594695,0.10135820328253703,0.3698150924537731,formal,正式,0.5905292967551311,0.6805097451274362,差异未达FDR显著
各逐题条件相对C03,相对C03,HAMD-17,PDCH标签99人,Kimi-K2.6,不思考,1,抑郁情绪,3,C03：全文｜不规整｜逐条评分｜不清洗,16,C16：事件序列｜规整｜逐条评分｜清洗,99,是,是,0.5332868799218012,0.36992856837501037,-0.16335831154679087,-0.3080290297044239,-0.012230978859617523,0.047476261869065464,0.5009977361132273,0.3555366413016628,-0.1454610948115645,-0.29642697209528684,0.021819976248098904,0.08345827086456771,formal,正式,0.3818617007285831,0.4138139263701482,差异未达FDR显著
各逐题条件相对C03,相对C03,HAMD-17,PDCH标签99人,Kimi-K2.6,不思考,2,有罪感,3,C03：全文｜不规整｜逐条评分｜不清洗,4,C04：全文｜不规整｜逐条评分｜清洗,99,是,是,0.3621949574472743,0.3626020768754207,0.00040711942814636304,-0.06598123959596221,0.08712819573618331,0.9640179910044977,0.3160499805165276,0.3102333755630177,-0.005816604953509885,-0.07637663457663708,0.08133661042946204,0.8595702148925537,formal,正式,0.9804969310216686,0.9247358302830567,差异未达FDR显著
各逐题条件相对C03,相对C03,HAMD-17,PDCH标签99人,Kimi-K2.6,不思考,2,有罪感,3,C03：全文｜不规整｜逐条评分｜不清洗,7,C07：全文｜规整｜逐条评分｜不清洗,99,是,是,0.3621949574472743,0.21667840167632754,-0.14551655577094677,-0.3371357908802485,0.022294435043692502,0.14792603698150925,0.3160499805165276,0.17380425352082207,-0.14224572699570553,-0.3503775443816139,0.06288788031035845,0.14842578710644677,formal,正式,0.5029485257371314,0.5229885057471265,差异未达FDR显著
各逐题条件相对C03,相对C03,HAMD-17,PDCH标签99人,Kimi-K2.6,不思考,2,有罪感,3,C03：全文｜不规整｜逐条评分｜不清洗,8,C08：全文｜规整｜逐条评分｜清洗,99,是,是,0.3621949574472743,0.23688228220426336,-0.12531267524301096,-0.3080457973350741,0.06390512706316583,0.20089955022488756,0.3160499805165276,0.19877603399379992,-0.11727394652272768,-0.30025512819392175,0.06690932345605138,0.21489255372313842,formal,正式,0.5554522738630684,0.5500999500249876,差异未达FDR显著
各逐题条件相对C03,相对C03,HAMD-17,PDCH标签99人,Kimi-K2.6,不思考,2,有罪感,3,C03：全文｜不规整｜逐条评分｜不清洗,11,C11：事件序列｜不规整｜逐条评分｜不清洗,99,是,是,0.3621949574472743,0.3613144976750774,-0.0008804597721969176,-0.08317896234973068,0.09211218969009649,0.9770114942528736,0.3160499805165276,0.3055579472504791,-0.010492033266048528,-0.10281570383913251,0.09354828898312804,0.815592203898051,formal,正式,0.9852912526787454,0.9153974414661827,差异未达FDR显著
各逐题条件相对C03,相对C03,HAMD-17,PDCH标签99人,Kimi-K2.6,不思考,2,有罪感,3,C03：全文｜不规整｜逐条评分｜不清洗,12,C12：事件序列｜不规整｜逐条评分｜清洗,99,是,是,0.3621949574472743,0.34883361780881583,-0.01336133963845848,-0.10349847163861019,0.06849768790292511,0.7701149425287356,0.3160499805165276,0.30885777253416685,-0.007192207982360754,-0.09527253516347195,0.07849310303596324,0.8845577211394303,formal,正式,0.9165417291354323,0.9327174019827693,差异未达FDR显著
各逐题条件相对C03,相对C03,HAMD-17,PDCH标签99人,Kimi-K2.6,不思考,2,有罪感,3,C03：全文｜不规整｜逐条评分｜不清洗,15,C15：事件序列｜规整｜逐条评分｜不清洗,99,是,是,0.3621949574472743,0.29333523634175246,-0.06885972110552185,-0.19937180212543315,0.04357299143219718,0.25837081459270367,0.3160499805165276,0.25197479831821945,-0.06407518219830816,-0.17198856048345285,0.04984590844469463,0.3078460769615192,formal,正式,0.5801156025760705,0.6426961957617682,差异未达FDR显著
各逐题条件相对C03,相对C03,HAMD-17,PDCH标签99人,Kimi-K2.6,不思考,2,有罪感,3,C03：全文｜不规整｜逐条评分｜不清洗,16,C16：事件序列｜规整｜逐条评分｜清洗,99,是,是,0.3621949574472743,0.296865691974376,-0.0653292654728983,-0.18793620607678352,0.048888139577903646,0.3233383308345827,0.3160499805165276,0.2569256312452914,-0.05912434927123622,-0.18433630480249044,0.06344817431179975,0.39430284857571213,formal,正式,0.6206009898276669,0.6805097451274362,差异未达FDR显著
各逐题条件相对C03,相对C03,HAMD-17,PDCH标签99人,Kimi-K2.6,不思考,3,自杀,3,C03：全文｜不规整｜逐条评分｜不清洗,4,C04：全文｜不规整｜逐条评分｜清洗,99,是,是,0.3341657653516834,0.2990873248164145,-0.03507844053526893,-0.1345533168755585,0.04435102669679219,0.4512743628185907,0.26665160484437783,0.2335230756489618,-0.033128529195416034,-0.12226071531446234,0.054672616392382925,0.46026986506746626,formal,正式,0.6842844400584518,0.7221389305347328,差异未达FDR显著
各逐题条件相对C03,相对C03,HAMD-17,PDCH标签99人,Kimi-K2.6,不思考,3,自杀,3,C03：全文｜不规整｜逐条评分｜不清洗,7,C07：全文｜规整｜逐条评分｜不清洗,99,是,是,0.3341657653516834,0.3114831988269638,-0.022682566524719616,-0.1886854648211988,0.1426593515074975,0.8060969515242379,0.26665160484437783,0.25145696570725123,-0.015194639137126598,-0.19718002307110422,0.15465434248343912,0.862568715642179,formal,正式,0.9220722971847409,0.9247358302830567,差异未达FDR显著
各逐题条件相对C03,相对C03,HAMD-17,PDCH标签99人,Kimi-K2.6,不思考,3,自杀,3,C03：全文｜不规整｜逐条评分｜不清洗,8,C08：全文｜规整｜逐条评分｜清洗,99,是,是,0.3341657653516834,0.2430462086551902,-0.09111955669649321,-0.2656330840311863,0.055199571282913557,0.2708645677161419,0.26665160484437783,0.19588755161512755,-0.07076405322925028,-0.24585726992276818,0.08210792869811054,0.4147926036981509,formal,正式,0.5905292967551311,0.6855599977788883,差异未达FDR显著
各逐题条件相对C03,相对C03,HAMD-17,PDCH标签99人,Kimi-K2.6,不思考,3,自杀,3,C03：全文｜不规整｜逐条评分｜不清洗,11,C11：事件序列｜不规整｜逐条评分｜不清洗,99,是,是,0.3341657653516834,0.39185882600422306,0.05769306065253965,-0.038590001313218235,0.1592340106419282,0.22088955522238882,0.26665160484437783,0.33419292409256085,0.06754131924818302,-0.02021849597736969,0.15568491654636174,0.16541729135432284,formal,正式,0.5554522738630684,0.5432689060874967,差异未达FDR显著
各逐题条件相对C03,相对C03,HAMD-17,PDCH标签99人,Kimi-K2.6,不思考,3,自杀,3,C03：全文｜不规整｜逐条评分｜不清洗,12,C12：事件序列｜不规整｜逐条评分｜清洗,99,是,是,0.3341657653516834,0.4076319977056158,0.0734662323539324,-0.010207694378177886,0.16065071723640956,0.11494252873563218,0.26665160484437783,0.348628019945805,0.08197641510142717,-0.0066593932270154034,0.18469926032714878,0.07946026986506746,formal,正式,0.4441685407296352,0.41112052669317517,差异未达FDR显著
各逐题条件相对C03,相对C03,HAMD-17,PDCH标签99人,Kimi-K2.6,不思考,3,自杀,3,C03：全文｜不规整｜逐条评分｜不清洗,15,C15：事件序列｜规整｜逐条评分｜不清洗,99,是,是,0.3341657653516834,0.23706964510479628,-0.09709612024688713,-0.20962869512174442,0.011506658788914034,0.14142928535732133,0.26665160484437783,0.17586715171011025,-0.09078445313426758,-0.2031961853069134,0.025199024950409946,0.1744127936031984,formal,正式,0.49500249875062463,0.5461874325994898,差异未达FDR显著
各逐题条件相对C03,相对C03,HAMD-17,PDCH标签99人,Kimi-K2.6,不思考,3,自杀,3,C03：全文｜不规整｜逐条评分｜不清洗,16,C16：事件序列｜规整｜逐条评分｜清洗,99,是,是,0.3341657653516834,0.28939708724468377,-0.04476867810699964,-0.15896819602205575,0.06152254980788379,0.4917541229385307,0.26665160484437783,0.23199711908564588,-0.03465448575873195,-0.15113811927258797,0.07293361108062328,0.5972013993003499,formal,正式,0.717269414073451,0.8018462678772974,差异未达FDR显著
各逐题条件相对C03,相对C03,HAMD-17,PDCH标签99人,Kimi-K2.6,不思考,4,入睡困难,3,C03：全文｜不规整｜逐条评分｜不清洗,4,C04：全文｜不规整｜逐条评分｜清洗,99,是,是,0.33054905481541624,0.28038674499231764,-0.050162309823098605,-0.16329981956654005,0.052111962393034277,0.3853073463268366,0.30736345522269515,0.2573264828419125,-0.05003697238078264,-0.15581741744200442,0.048487961911192125,0.3918040979510245,formal,正式,0.6493510001755879,0.6805097451274362,差异未达FDR显著
各逐题条件相对C03,相对C03,HAMD-17,PDCH标签99人,Kimi-K2.6,不思考,4,入睡困难,3,C03：全文｜不规整｜逐条评分｜不清洗,7,C07：全文｜规整｜逐条评分｜不清洗,99,是,是,0.33054905481541624,0.2725517899652795,-0.05799726485013673,-0.20477492645359519,0.09665283015104997,0.4682658670664668,0.30736345522269515,0.2447950563189375,-0.06256839890375765,-0.2281526896371982,0.08897605570469716,0.4577711144427786,formal,正式,0.6965454772613693,0.7221389305347328,差异未达FDR显著
各逐题条件相对C03,相对C03,HAMD-17,PDCH标签99人,Kimi-K2.6,不思考,4,入睡困难,3,C03：全文｜不规整｜逐条评分｜不清洗,8,C08：全文｜规整｜逐条评分｜清洗,99,是,是,0.33054905481541624,0.30012716189889627,-0.030421892916519977,-0.19951178464004476,0.13535653049220994,0.7146426786606697,0.30736345522269515,0.27464757965542336,-0.03271587556727179,-0.1947677651691022,0.13500297130259842,0.7061469265367316,formal,正式,0.8858591537564551,0.852407129768449,差异未达FDR显著
各逐题条件相对C03,相对C03,HAMD-17,PDCH标签99人,Kimi-K2.6,不思考,4,入睡困难,3,C03：全文｜不规整｜逐条评分｜不清洗,11,C11：事件序列｜不规整｜逐条评分｜不清洗,99,是,是,0.33054905481541624,0.3690531243811821,0.03850406956576585,-0.045197235020268574,0.1275995028699086,0.3638180909545227,0.30736345522269515,0.3431402040560151,0.03577674883331994,-0.04018260310031861,0.11996198852172915,0.383808095952024,formal,正式,0.6455540345769144,0.6805097451274362,差异未达FDR显著
各逐题条件相对C03,相对C03,HAMD-17,PDCH标签99人,Kimi-K2.6,不思考,4,入睡困难,3,C03：全文｜不规整｜逐条评分｜不清洗,12,C12：事件序列｜不规整｜逐条评分｜清洗,99,是,是,0.33054905481541624,0.37051158436601883,0.03996252955060259,-0.04353015057789283,0.13163936804479265,0.3983008495752124,0.30736345522269515,0.34766001845693234,0.04029656323423719,-0.033536539282047174,0.13106292267296796,0.3818090954522739,formal,正式,0.6493510001755879,0.6805097451274362,差异未达FDR显著
各逐题条件相对C03,相对C03,HAMD-17,PDCH标签99人,Kimi-K2.6,不思考,4,入睡困难,3,C03：全文｜不规整｜逐条评分｜不清洗,15,C15：事件序列｜规整｜逐条评分｜不清洗,99,是,是,0.33054905481541624,0.20649397716924509,-0.12405507764617116,-0.29016260530819754,0.04502807424937137,0.15692153923038482,0.30736345522269515,0.1821768597170654,-0.12518659550562974,-0.2849968798096366,0.03185161363211686,0.15542228885557222,formal,正式,0.5046935991463728,0.5284357821089456,差异未达FDR显著
各逐题条件相对C03,相对C03,HAMD-17,PDCH标签99人,Kimi-K2.6,不思考,4,入睡困难,3,C03：全文｜不规整｜逐条评分｜不清洗,16,C16：事件序列｜规整｜逐条评分｜清洗,99,是,是,0.33054905481541624,0.16037363392158324,-0.170175420893833,-0.34871271473149007,0.0034454442842372563,0.07146426786606697,0.30736345522269515,0.1371503132475661,-0.17021314197512905,-0.3616051736755023,-0.003356911039581433,0.06546726636681659,formal,正式,0.4106280193236715,0.3738130934532734,差异未达FDR显著
各逐题条件相对C03,相对C03,HAMD-17,PDCH标签99人,Kimi-K2.6,不思考,5,睡眠不深,3,C03：全文｜不规整｜逐条评分｜不清洗,4,C04：全文｜不规整｜逐条评分｜清洗,99,是,是,0.20535102167199626,0.18522462502712653,-0.020126396644869732,-0.14884914526650245,0.09174440350042495,0.7816091954022989,0.16103120516259148,0.1480229860880984,-0.013008219074493066,-0.14069334027454306,0.11274994302976157,0.8605697151424287,formal,正式,0.9165417291354323,0.9247358302830567,差异未达FDR显著
各逐题条件相对C03,相对C03,HAMD-17,PDCH标签99人,Kimi-K2.6,不思考,5,睡眠不深,3,C03：全文｜不规整｜逐条评分｜不清洗,7,C07：全文｜规整｜逐条评分｜不清洗,99,是,是,0.20535102167199626,0.08763344038810222,-0.11771758128389403,-0.32697769434335344,0.054395127500360796,0.23138430784607697,0.16103120516259148,0.06267282189584494,-0.09835838326674654,-0.2968834078108416,0.09378376787484603,0.351824087956022,formal,正式,0.5554522738630684,0.6805097451274362,差异未达FDR显著
各逐题条件相对C03,相对C03,HAMD-17,PDCH标签99人,Kimi-K2.6,不思考,5,睡眠不深,3,C03：全文｜不规整｜逐条评分｜不清洗,8,C08：全文｜规整｜逐条评分｜清洗,99,是,是,0.20535102167199626,0.20109589799858768,-0.0042551236734085784,-0.16920013374786078,0.14245420101092818,0.9560219890054973,0.16103120516259148,0.16519951018924403,0.004168305026652552,-0.14948708006086725,0.1421385222453684,0.953023488255872,formal,正式,0.9804969310216686,0.9610999584953286,差异未达FDR显著
各逐题条件相对C03,相对C03,HAMD-17,PDCH标签99人,Kimi-K2.6,不思考,5,睡眠不深,3,C03：全文｜不规整｜逐条评分｜不清洗,11,C11：事件序列｜不规整｜逐条评分｜不清洗,99,是,是,0.20535102167199626,0.2570982931699317,0.051747271497935454,-0.057475085177191756,0.16436774936956072,0.3073463268365817,0.16103120516259148,0.21345587331186788,0.052424668149276404,-0.03622832313305918,0.14933852576983106,0.3293353323338331,formal,正式,0.5995772605500529,0.6642526194529854,差异未达FDR显著
各逐题条件相对C03,相对C03,HAMD-17,PDCH标签99人,Kimi-K2.6,不思考,5,睡眠不深,3,C03：全文｜不规整｜逐条评分｜不清洗,12,C12：事件序列｜不规整｜逐条评分｜清洗,99,是,是,0.20535102167199626,0.19377060594949547,-0.011580415722500792,-0.11005894720945501,0.06833277130785378,0.8135932033983009,0.16103120516259148,0.15554340736496663,-0.005487797797624844,-0.09367215979156247,0.07740811985914907,0.9030484757621189,formal,正式,0.9220722971847409,0.9327174019827693,差异未达FDR显著
各逐题条件相对C03,相对C03,HAMD-17,PDCH标签99人,Kimi-K2.6,不思考,5,睡眠不深,3,C03：全文｜不规整｜逐条评分｜不清洗,15,C15：事件序列｜规整｜逐条评分｜不清洗,99,是,是,0.20535102167199626,0.1489202773862585,-0.05643074428573777,-0.2255882424701895,0.11038802611331701,0.5407296351824088,0.16103120516259148,0.11812590933036547,-0.042905295832226006,-0.22836762933161434,0.12631083334166038,0.623688155922039,formal,正式,0.7502934579222016,0.8038077735325886,差异未达FDR显著
各逐题条件相对C03,相对C03,HAMD-17,PDCH标签99人,Kimi-K2.6,不思考,5,睡眠不深,3,C03：全文｜不规整｜逐条评分｜不清洗,16,C16：事件序列｜规整｜逐条评分｜清洗,99,是,是,0.20535102167199626,0.1318033070438482,-0.07354771462814805,-0.21833156996250846,0.07174420988346933,0.3968015992003998,0.16103120516259148,0.09161362983092933,-0.06941757533166215,-0.2237728227420229,0.06809368897201644,0.4002998500749625,formal,正式,0.6493510001755879,0.6805097451274362,差异未达FDR显著
各逐题条件相对C03,相对C03,HAMD-17,PDCH标签99人,Kimi-K2.6,不思考,6,早醒,3,C03：全文｜不规整｜逐条评分｜不清洗,4,C04：全文｜不规整｜逐条评分｜清洗,99,是,是,0.37998294883715356,0.38639919910717724,0.006416250270023682,-0.10454187524790039,0.10351268155450415,0.9340329835082459,0.32992416755191506,0.33805242754881637,0.00812825999690131,-0.10409247946677486,0.11313360764287071,0.9170414792603698,formal,正式,0.9804969310216686,0.9327174019827693,差异未达FDR显著
各逐题条件相对C03,相对C03,HAMD-17,PDCH标签99人,Kimi-K2.6,不思考,6,早醒,3,C03：全文｜不规整｜逐条评分｜不清洗,7,C07：全文｜规整｜逐条评分｜不清洗,99,是,是,0.37998294883715356,0.2938771663523125,-0.08610578248484108,-0.22424137445983328,0.06410051636030892,0.2563718140929535,0.32992416755191506,0.24591446942814582,-0.08400969812376924,-0.22780169352791402,0.05688119279546486,0.26286856571714146,formal,正式,0.5801156025760705,0.6133599866733301,差异未达FDR显著
各逐题条件相对C03,相对C03,HAMD-17,PDCH标签99人,Kimi-K2.6,不思考,6,早醒,3,C03：全文｜不规整｜逐条评分｜不清洗,8,C08：全文｜规整｜逐条评分｜清洗,99,是,是,0.37998294883715356,0.21078131550248763,-0.16920163333466592,-0.31835258752757273,-0.0010446962009231491,0.059470264867566215,0.32992416755191506,0.16540206512075348,-0.16452210243116158,-0.3073048339185168,-0.011546294809322729,0.06596701649175413,formal,正式,0.3818617007285831,0.3738130934532734,差异未达FDR显著
各逐题条件相对C03,相对C03,HAMD-17,PDCH标签99人,Kimi-K2.6,不思考,6,早醒,3,C03：全文｜不规整｜逐条评分｜不清洗,11,C11：事件序列｜不规整｜逐条评分｜不清洗,99,是,是,0.37998294883715356,0.3904030660913811,0.010420117254227534,-0.06779916991255301,0.11565974718453795,0.8495752123938031,0.32992416755191506,0.34035809488781843,0.01043392733590337,-0.07328454035951266,0.10550127314058826,0.823088455772114,formal,正式,0.9448546754660052,0.9153974414661827,差异未达FDR显著
各逐题条件相对C03,相对C03,HAMD-17,PDCH标签99人,Kimi-K2.6,不思考,6,早醒,3,C03：全文｜不规整｜逐条评分｜不清洗,12,C12：事件序列｜不规整｜逐条评分｜清洗,99,是,是,0.37998294883715356,0.37823494843780536,-0.001748000399348193,-0.08227298229757654,0.09072229123367138,0.993503248375812,0.32992416755191506,0.32560643262395905,-0.004317734927956007,-0.07596121912475724,0.08097791347858127,0.9110444777611194,formal,正式,0.993503248375812,0.9327174019827693,差异未达FDR显著
各逐题条件相对C03,相对C03,HAMD-17,PDCH标签99人,Kimi-K2.6,不思考,6,早醒,3,C03：全文｜不规整｜逐条评分｜不清洗,15,C15：事件序列｜规整｜逐条评分｜不清洗,99,是,是,0.37998294883715356,0.30898153395045536,-0.0710014148866982,-0.19867735654442295,0.05349409907779566,0.3583208395802099,0.32992416755191506,0.26948751948883104,-0.06043664806308402,-0.18814558501705492,0.0699558106112576,0.4492753623188406,formal,正式,0.6455540345769144,0.7221389305347328,差异未达FDR显著
各逐题条件相对C03,相对C03,HAMD-17,PDCH标签99人,Kimi-K2.6,不思考,6,早醒,3,C03：全文｜不规整｜逐条评分｜不清洗,16,C16：事件序列｜规整｜逐条评分｜清洗,99,是,是,0.37998294883715356,0.2572111406342781,-0.12277180820287548,-0.25160294227948127,0.0028155006997188326,0.11944027986006997,0.32992416755191506,0.22146210594124172,-0.10846206161067334,-0.2504169186164042,0.021702486905730404,0.14942528735632185,formal,正式,0.4441685407296352,0.5229885057471265,差异未达FDR显著
各逐题条件相对C03,相对C03,HAMD-17,PDCH标签99人,Kimi-K2.6,不思考,7,工作和活动,3,C03：全文｜不规整｜逐条评分｜不清洗,4,C04：全文｜不规整｜逐条评分｜清洗,99,是,是,0.6248635702723085,0.5718828239172092,-0.052980746355099306,-0.1519126698956264,0.033107989334774754,0.303848075962019,0.5867157207460997,0.5316512158408848,-0.05506450490521486,-0.1510357201260149,0.0453456150338593,0.27786106946526734,formal,正式,0.5995772605500529,0.6217345872518286,差异未达FDR显著
各逐题条件相对C03,相对C03,HAMD-17,PDCH标签99人,Kimi-K2.6,不思考,7,工作和活动,3,C03：全文｜不规整｜逐条评分｜不清洗,7,C07：全文｜规整｜逐条评分｜不清洗,99,是,是,0.6248635702723085,0.5365893579190197,-0.0882742123532888,-0.25093832196613863,0.07606521000796759,0.3698150924537731,0.5867157207460997,0.5175281556546503,-0.06918756509144941,-0.2310777143520989,0.1038249880541275,0.4672663668165917,formal,正式,0.6455540345769144,0.7221389305347328,差异未达FDR显著
各逐题条件相对C03,相对C03,HAMD-17,PDCH标签99人,Kimi-K2.6,不思考,7,工作和活动,3,C03：全文｜不规整｜逐条评分｜不清洗,8,C08：全文｜规整｜逐条评分｜清洗,99,是,是,0.6248635702723085,0.5402406530087875,-0.084622917263521,-0.22831781334380533,0.050525160304101153,0.30684657671164417,0.5867157207460997,0.5105447034086262,-0.07617101733747345,-0.20544338565924,0.0679370601498206,0.3503248375812094,formal,正式,0.5995772605500529,0.6805097451274362,差异未达FDR显著
各逐题条件相对C03,相对C03,HAMD-17,PDCH标签99人,Kimi-K2.6,不思考,7,工作和活动,3,C03：全文｜不规整｜逐条评分｜不清洗,11,C11：事件序列｜不规整｜逐条评分｜不清洗,99,是,是,0.6248635702723085,0.6038298008745455,-0.021033769397763025,-0.08399227270246884,0.03663558813322295,0.5232383808095952,0.5867157207460997,0.5721410278473202,-0.01457469289877944,-0.07680213053941168,0.050050104993460826,0.6206896551724138,formal,正式,0.7501851483896605,0.8038077735325886,差异未达FDR显著
各逐题条件相对C03,相对C03,HAMD-17,PDCH标签99人,Kimi-K2.6,不思考,7,工作和活动,3,C03：全文｜不规整｜逐条评分｜不清洗,12,C12：事件序列｜不规整｜逐条评分｜清洗,99,是,是,0.6248635702723085,0.5949375101908808,-0.02992606008142773,-0.09243777698281512,0.04038738853481569,0.41379310344827586,0.5867157207460997,0.562177861115737,-0.0245378596303627,-0.0924964076551255,0.03807372380501403,0.4672663668165917,formal,正式,0.6565517241379311,0.7221389305347328,差异未达FDR显著
各逐题条件相对C03,相对C03,HAMD-17,PDCH标签99人,Kimi-K2.6,不思考,7,工作和活动,3,C03：全文｜不规整｜逐条评分｜不清洗,15,C15：事件序列｜规整｜逐条评分｜不清洗,99,是,是,0.6248635702723085,0.4966663745208165,-0.12819719575149202,-0.2787623819637747,0.0024865477319981075,0.11094452773613193,0.5867157207460997,0.46276274749871366,-0.12395297324738602,-0.2614722785420388,0.024569634501042,0.13343328335832083,formal,正式,0.4441685407296352,0.5122116361174252,差异未达FDR显著
各逐题条件相对C03,相对C03,HAMD-17,PDCH标签99人,Kimi-K2.6,不思考,7,工作和活动,3,C03：全文｜不规整｜逐条评分｜不清洗,16,C16：事件序列｜规整｜逐条评分｜清洗,99,是,是,0.6248635702723085,0.41485721749024734,-0.2100063527820612,-0.3769516118220562,-0.07741359918751158,0.014492753623188406,0.5867157207460997,0.39150041544814496,-0.19521530529795472,-0.3511645832637678,-0.032115575069821815,0.029985007496251874,formal,正式,0.21557971014492755,0.32438326291399755,差异未达FDR显著
各逐题条件相对C03,相对C03,HAMD-17,PDCH标签99人,Kimi-K2.6,不思考,8,迟滞,3,C03：全文｜不规整｜逐条评分｜不清洗,4,C04：全文｜不规整｜逐条评分｜清洗,99,是,是,0.4818432342030756,0.37360543591222717,-0.10823779829084845,-0.21892257537319626,-0.0019503323773594151,0.06096951524237881,0.47659635403427375,0.36548639885785794,-0.11110995517641581,-0.21174486740430398,0.007011749781516538,0.05347326336831584,formal,正式,0.3818617007285831,0.3738130934532734,差异未达FDR显著
各逐题条件相对C03,相对C03,HAMD-17,PDCH标签99人,Kimi-K2.6,不思考,8,迟滞,3,C03：全文｜不规整｜逐条评分｜不清洗,7,C07：全文｜规整｜逐条评分｜不清洗,99,是,是,0.4818432342030756,0.2907693779903787,-0.1910738562126969,-0.37418096509579307,-0.01482340946882224,0.059470264867566215,0.47659635403427375,0.2863853509616525,-0.19021100307262123,-0.38868096660763213,-0.003596075855210902,0.04697651174412794,formal,正式,0.3818617007285831,0.3738130934532734,差异未达FDR显著
各逐题条件相对C03,相对C03,HAMD-17,PDCH标签99人,Kimi-K2.6,不思考,8,迟滞,3,C03：全文｜不规整｜逐条评分｜不清洗,8,C08：全文｜规整｜逐条评分｜清洗,99,是,是,0.4818432342030756,0.2179577220402918,-0.26388551216278383,-0.44707143412176054,-0.09028689390893016,0.004497751124437781,0.47659635403427375,0.21854284577725694,-0.2580535082570168,-0.42761439869301576,-0.09364296150378897,0.005497251374312844,formal,正式,0.11894052973513244,0.19030484757621188,差异未达FDR显著
各逐题条件相对C03,相对C03,HAMD-17,PDCH标签99人,Kimi-K2.6,不思考,8,迟滞,3,C03：全文｜不规整｜逐条评分｜不清洗,11,C11：事件序列｜不规整｜逐条评分｜不清洗,99,是,是,0.4818432342030756,0.41650199207235755,-0.06534124213071807,-0.14599152213870706,0.023329183510586667,0.16841579210394803,0.47659635403427375,0.4189733628308511,-0.057622991203422624,-0.15679347760097517,0.021133935017348265,0.22088955522238882,formal,正式,0.5274073489571004,0.5500999500249876,差异未达FDR显著
各逐题条件相对C03,相对C03,HAMD-17,PDCH标签99人,Kimi-K2.6,不思考,8,迟滞,3,C03：全文｜不规整｜逐条评分｜不清洗,12,C12：事件序列｜不规整｜逐条评分｜清洗,99,是,是,0.4818432342030756,0.47528578944098193,-0.006557444762093689,-0.10662927432642105,0.0838960232951723,0.8995502248875562,0.47659635403427375,0.45997840403393697,-0.01661795000033678,-0.10929407504967882,0.07491361447375244,0.728135932033983,formal,正式,0.9804969310216686,0.8664817591204397,差异未达FDR显著
各逐题条件相对C03,相对C03,HAMD-17,PDCH标签99人,Kimi-K2.6,不思考,8,迟滞,3,C03：全文｜不规整｜逐条评分｜不清洗,15,C15：事件序列｜规整｜逐条评分｜不清洗,99,是,是,0.4818432342030756,0.18357616290150944,-0.29826707130156616,-0.4896801073502948,-0.12682888242353185,0.004997501249375313,0.47659635403427375,0.1920376266985832,-0.28455872733569054,-0.4671788073014187,-0.11511034214229193,0.0069965017491254375,formal,正式,0.11894052973513244,0.19030484757621188,差异未达FDR显著
各逐题条件相对C03,相对C03,HAMD-17,PDCH标签99人,Kimi-K2.6,不思考,8,迟滞,3,C03：全文｜不规整｜逐条评分｜不清洗,16,C16：事件序列｜规整｜逐条评分｜清洗,99,是,是,0.4818432342030756,0.24370433379582787,-0.23813890040724775,-0.42484748985785303,-0.046029833188819855,0.022488755622188907,0.47659635403427375,0.24437195314125074,-0.23222440089302301,-0.4143026213335741,-0.02841069718442666,0.028985507246376812,formal,正式,0.2432874471854982,0.32438326291399755,差异未达FDR显著
各逐题条件相对C03,相对C03,HAMD-17,PDCH标签99人,Kimi-K2.6,不思考,9,激越,3,C03：全文｜不规整｜逐条评分｜不清洗,4,C04：全文｜不规整｜逐条评分｜清洗,99,是,是,0.3296082573235172,0.242751598222472,-0.08685665910104517,-0.22052222476834496,0.047810161116956566,0.23138430784607697,0.3171174785323615,0.22493127218881973,-0.09218620634354177,-0.22444580089989358,0.04220076255158435,0.19990004997501248,formal,正式,0.5554522738630684,0.5500999500249876,差异未达FDR显著
各逐题条件相对C03,相对C03,HAMD-17,PDCH标签99人,Kimi-K2.6,不思考,9,激越,3,C03：全文｜不规整｜逐条评分｜不清洗,7,C07：全文｜规整｜逐条评分｜不清洗,99,是,是,0.3296082573235172,0.0688786821336757,-0.26072957518984147,-0.44825921584481254,-0.06150008816076677,0.013493253373313344,0.3171174785323615,0.054404676490814714,-0.2627128020415468,-0.4399431254082994,-0.0897744327332192,0.01249375312343828,formal,正式,0.21557971014492755,0.19327836081959018,差异未达FDR显著
各逐题条件相对C03,相对C03,HAMD-17,PDCH标签99人,Kimi-K2.6,不思考,9,激越,3,C03：全文｜不规整｜逐条评分｜不清洗,8,C08：全文｜规整｜逐条评分｜清洗,99,是,是,0.3296082573235172,0.25439503436664407,-0.0752132229568731,-0.2185373579031157,0.06777832694402662,0.34182908545727136,0.3171174785323615,0.23903429700708337,-0.07808318152527813,-0.21926995328780294,0.06568857639025605,0.3218390804597701,formal,正式,0.6258101718371584,0.6603250099088387,差异未达FDR显著
各逐题条件相对C03,相对C03,HAMD-17,PDCH标签99人,Kimi-K2.6,不思考,9,激越,3,C03：全文｜不规整｜逐条评分｜不清洗,11,C11：事件序列｜不规整｜逐条评分｜不清洗,99,是,是,0.3296082573235172,0.37909387303381664,0.04948561571029947,-0.10140367854844788,0.16339908677993345,0.4542728635682159,0.3171174785323615,0.36300096804758636,0.04588348951522486,-0.07903196071682084,0.16569833387210445,0.4947526236881559,formal,正式,0.6842844400584518,0.7452602812517792,差异未达FDR显著
各逐题条件相对C03,相对C03,HAMD-17,PDCH标签99人,Kimi-K2.6,不思考,9,激越,3,C03：全文｜不规整｜逐条评分｜不清洗,12,C12：事件序列｜不规整｜逐条评分｜清洗,99,是,是,0.3296082573235172,0.30051134330474366,-0.029096914018773512,-0.1077560685994983,0.057481082008775025,0.5377311344327836,0.3171174785323615,0.28863011687565976,-0.028487361656701737,-0.11697247302338731,0.06365113531068976,0.5702148925537232,formal,正式,0.7502934579222016,0.7938588845112328,差异未达FDR显著
各逐题条件相对C03,相对C03,HAMD-17,PDCH标签99人,Kimi-K2.6,不思考,9,激越,3,C03：全文｜不规整｜逐条评分｜不清洗,15,C15：事件序列｜规整｜逐条评分｜不清洗,99,是,是,0.3296082573235172,0.23633249798996042,-0.09327575933355675,-0.2401514796438705,0.052813169573772106,0.22538730634682658,0.3171174785323615,0.21930550213030478,-0.09781197640205672,-0.24257144155846153,0.05985482563399123,0.21739130434782608,formal,正式,0.5554522738630684,0.5500999500249876,差异未达FDR显著
各逐题条件相对C03,相对C03,HAMD-17,PDCH标签99人,Kimi-K2.6,不思考,9,激越,3,C03：全文｜不规整｜逐条评分｜不清洗,16,C16：事件序列｜规整｜逐条评分｜清洗,99,是,是,0.3296082573235172,0.2555873160627972,-0.07402094126071995,-0.23223551534610254,0.07406320508186917,0.4197901049475262,0.3171174785323615,0.24232145188995052,-0.07479602664241097,-0.25412248245567587,0.09673496582654835,0.4002998500749625,formal,正式,0.6573029274836265,0.6805097451274362,差异未达FDR显著
各逐题条件相对C03,相对C03,HAMD-17,PDCH标签99人,Kimi-K2.6,不思考,10,精神性焦虑,3,C03：全文｜不规整｜逐条评分｜不清洗,4,C04：全文｜不规整｜逐条评分｜清洗,99,是,是,0.5251460181745082,0.4173270216646744,-0.10781899650983384,-0.2202400228704695,-0.004663569825764188,0.057971014492753624,0.4776901532469591,0.3704733698190628,-0.10721678342789631,-0.22336276513073847,-0.003530346946921591,0.06146926536731634,formal,正式,0.3818617007285831,0.3738130934532734,差异未达FDR显著
各逐题条件相对C03,相对C03,HAMD-17,PDCH标签99人,Kimi-K2.6,不思考,10,精神性焦虑,3,C03：全文｜不规整｜逐条评分｜不清洗,7,C07：全文｜规整｜逐条评分｜不清洗,99,是,是,0.5251460181745082,0.38774123811151867,-0.13740478006298956,-0.33017574650445036,0.04583644043785761,0.13843078460769614,0.4776901532469591,0.35771807796702354,-0.11997207527993559,-0.2797027141788696,0.03711290230189441,0.18290854572713644,formal,正式,0.49500249875062463,0.5500999500249876,差异未达FDR显著
各逐题条件相对C03,相对C03,HAMD-17,PDCH标签99人,Kimi-K2.6,不思考,10,精神性焦虑,3,C03：全文｜不规整｜逐条评分｜不清洗,8,C08：全文｜规整｜逐条评分｜清洗,99,是,是,0.5251460181745082,0.30235619830101396,-0.22278981987349428,-0.3846724739315486,-0.08611706525424695,0.004497751124437781,0.4776901532469591,0.2611197406740508,-0.21657041257290832,-0.3752481369916314,-0.062421007053102974,0.0079960019990005,formal,正式,0.11894052973513244,0.19030484757621188,差异未达FDR显著
各逐题条件相对C03,相对C03,HAMD-17,PDCH标签99人,Kimi-K2.6,不思考,10,精神性焦虑,3,C03：全文｜不规整｜逐条评分｜不清洗,11,C11：事件序列｜不规整｜逐条评分｜不清洗,99,是,是,0.5251460181745082,0.45977423955560237,-0.06537177861890586,-0.15558675687998297,0.0015828834699101917,0.10394802598700649,0.4776901532469591,0.4036072582451699,-0.07408289500178922,-0.15764455839627486,-0.00256176996180879,0.06496751624187906,formal,正式,0.4441685407296352,0.3738130934532734,差异未达FDR显著
各逐题条件相对C03,相对C03,HAMD-17,PDCH标签99人,Kimi-K2.6,不思考,10,精神性焦虑,3,C03：全文｜不规整｜逐条评分｜不清洗,12,C12：事件序列｜不规整｜逐条评分｜清洗,99,是,是,0.5251460181745082,0.476562743443574,-0.04858327473093421,-0.1425616737235933,0.030618818288141787,0.2753623188405797,0.4776901532469591,0.43124667578404885,-0.046443477462910276,-0.12976856848034724,0.028055613733793446,0.2848575712143928,formal,正式,0.5905292967551311,0.6217345872518286,差异未达FDR显著
各逐题条件相对C03,相对C03,HAMD-17,PDCH标签99人,Kimi-K2.6,不思考,10,精神性焦虑,3,C03：全文｜不规整｜逐条评分｜不清洗,15,C15：事件序列｜规整｜逐条评分｜不清洗,99,是,是,0.5251460181745082,0.3927071973807966,-0.1324388207937116,-0.27815883606699665,-0.0032110429865352054,0.079960019990005,0.4776901532469591,0.34958271471965985,-0.12810743852729928,-0.2646528850198514,4.080826160049282e-05,0.09645177411294353,formal,正式,0.4325110172186635,0.42478760619690153,差异未达FDR显著
各逐题条件相对C03,相对C03,HAMD-17,PDCH标签99人,Kimi-K2.6,不思考,10,精神性焦虑,3,C03：全文｜不规整｜逐条评分｜不清洗,16,C16：事件序列｜规整｜逐条评分｜清洗,99,是,是,0.5251460181745082,0.37617953905929075,-0.1489664791152175,-0.3151551542424985,-0.011453089855973937,0.09495252373813093,0.4776901532469591,0.3351240133648455,-0.14256613988211364,-0.3084831755855422,0.01441389729881388,0.09895052473763119,formal,正式,0.44373966862722486,0.42478760619690153,差异未达FDR显著
各逐题条件相对C03,相对C03,HAMD-17,PDCH标签99人,Kimi-K2.6,不思考,11,躯体性焦虑,3,C03：全文｜不规整｜逐条评分｜不清洗,4,C04：全文｜不规整｜逐条评分｜清洗,99,是,是,0.5028526460922987,0.505242411246936,0.002389765154637291,-0.08239815732778256,0.08112400525079336,0.952023988005997,0.4526339215295498,0.448183700047665,-0.004450221481884786,-0.09067596744680846,0.07343184141219991,0.9155422288855573,formal,正式,0.9804969310216686,0.9327174019827693,差异未达FDR显著
各逐题条件相对C03,相对C03,HAMD-17,PDCH标签99人,Kimi-K2.6,不思考,11,躯体性焦虑,3,C03：全文｜不规整｜逐条评分｜不清洗,7,C07：全文｜规整｜逐条评分｜不清洗,99,是,是,0.5028526460922987,0.4399898222544865,-0.06286282383781222,-0.1968925297870704,0.0726210590243872,0.43278360819590206,0.4526339215295498,0.4036975023762401,-0.04893641915330971,-0.17953385413122416,0.07308946619175219,0.5492253873063468,formal,正式,0.668847394484576,0.7922288855572214,差异未达FDR显著
各逐题条件相对C03,相对C03,HAMD-17,PDCH标签99人,Kimi-K2.6,不思考,11,躯体性焦虑,3,C03：全文｜不规整｜逐条评分｜不清洗,8,C08：全文｜规整｜逐条评分｜清洗,99,是,是,0.5028526460922987,0.5082795291943408,0.0054268831020420905,-0.16549020299358683,0.17547170795051215,0.9570214892553723,0.4526339215295498,0.4627301317265766,0.010096210197026834,-0.17661496871691978,0.18756629079637066,0.9160419790104948,formal,正式,0.9804969310216686,0.9327174019827693,差异未达FDR显著
各逐题条件相对C03,相对C03,HAMD-17,PDCH标签99人,Kimi-K2.6,不思考,11,躯体性焦虑,3,C03：全文｜不规整｜逐条评分｜不清洗,11,C11：事件序列｜不规整｜逐条评分｜不清洗,99,是,是,0.5028526460922987,0.5066516051458185,0.0037989590535197904,-0.08301062457417116,0.09886756017119196,0.9390304847576212,0.4526339215295498,0.4527312593004064,9.733777085663142e-05,-0.09313858914705997,0.08609618492086529,0.9970014992503748,formal,正式,0.9804969310216686,0.9970014992503748,差异未达FDR显著
各逐题条件相对C03,相对C03,HAMD-17,PDCH标签99人,Kimi-K2.6,不思考,11,躯体性焦虑,3,C03：全文｜不规整｜逐条评分｜不清洗,12,C12：事件序列｜不规整｜逐条评分｜清洗,99,是,是,0.5028526460922987,0.516244284790825,0.01339163869852622,-0.07346619240800346,0.09478759737629579,0.7586206896551724,0.4526339215295498,0.46657310491199283,0.013939183382443043,-0.06544139191943728,0.11361106189671852,0.7721139430284858,formal,正式,0.9165417291354323,0.889194825664091,差异未达FDR显著
各逐题条件相对C03,相对C03,HAMD-17,PDCH标签99人,Kimi-K2.6,不思考,11,躯体性焦虑,3,C03：全文｜不规整｜逐条评分｜不清洗,15,C15：事件序列｜规整｜逐条评分｜不清洗,99,是,是,0.5028526460922987,0.3310690539344583,-0.17178359215784045,-0.3104574652463481,-0.041385097189652345,0.018490754622688656,0.4526339215295498,0.2730735317724976,-0.17956038975705219,-0.32099169470678585,-0.04781797070890677,0.015492253873063468,formal,正式,0.2432874471854982,0.20484202343272806,差异未达FDR显著
各逐题条件相对C03,相对C03,HAMD-17,PDCH标签99人,Kimi-K2.6,不思考,11,躯体性焦虑,3,C03：全文｜不规整｜逐条评分｜不清洗,16,C16：事件序列｜规整｜逐条评分｜清洗,99,是,是,0.5028526460922987,0.31257408340470305,-0.1902785626875957,-0.32906450440204954,-0.06444385709017933,0.02048975512243878,0.4526339215295498,0.24822052087582727,-0.20441340065372252,-0.3683039155132309,-0.04950522128704972,0.012993503248375811,formal,正式,0.2432874471854982,0.19327836081959018,差异未达FDR显著
各逐题条件相对C03,相对C03,HAMD-17,PDCH标签99人,Kimi-K2.6,不思考,12,胃肠道症状,3,C03：全文｜不规整｜逐条评分｜不清洗,4,C04：全文｜不规整｜逐条评分｜清洗,99,是,是,0.46479693007733247,0.38422762342833733,-0.08056930664899514,-0.22628737656782222,0.015819861308875638,0.18790604697651175,0.4210604164908235,0.3326686497186817,-0.08839176677214178,-0.21993078547477016,0.01118547580123687,0.16891554222888555,formal,正式,0.545385843663534,0.5432689060874967,差异未达FDR显著
各逐题条件相对C03,相对C03,HAMD-17,PDCH标签99人,Kimi-K2.6,不思考,12,胃肠道症状,3,C03：全文｜不规整｜逐条评分｜不清洗,7,C07：全文｜规整｜逐条评分｜不清洗,99,是,是,0.46479693007733247,0.41508407996881613,-0.04971285010851634,-0.20956542846768147,0.11382711710367775,0.5422288855572214,0.4210604164908235,0.3659971335470215,-0.05506328294380197,-0.2149043899149259,0.10409974634781556,0.5247376311844077,formal,正式,0.7502934579222016,0.7805472263868065,差异未达FDR显著
各逐题条件相对C03,相对C03,HAMD-17,PDCH标签99人,Kimi-K2.6,不思考,12,胃肠道症状,3,C03：全文｜不规整｜逐条评分｜不清洗,8,C08：全文｜规整｜逐条评分｜清洗,99,是,是,0.46479693007733247,0.3604798148913896,-0.10431711518594289,-0.25352087491816605,0.03991135188370978,0.22088955522238882,0.4210604164908235,0.31859950890157174,-0.10246090758925175,-0.2601956914172946,0.033685235316073384,0.21989005497251374,formal,正式,0.5554522738630684,0.5500999500249876,差异未达FDR显著
各逐题条件相对C03,相对C03,HAMD-17,PDCH标签99人,Kimi-K2.6,不思考,12,胃肠道症状,3,C03：全文｜不规整｜逐条评分｜不清洗,11,C11：事件序列｜不规整｜逐条评分｜不清洗,99,是,是,0.46479693007733247,0.4447679042564617,-0.020029025820870794,-0.09192330574487889,0.0422571919072342,0.5887056471764118,0.4210604164908235,0.4026701520958409,-0.01839026439498259,-0.09403244750375717,0.041510667913700665,0.6446776611694153,formal,正式,0.7960905910681024,0.8161344859485151,差异未达FDR显著
各逐题条件相对C03,相对C03,HAMD-17,PDCH标签99人,Kimi-K2.6,不思考,12,胃肠道症状,3,C03：全文｜不规整｜逐条评分｜不清洗,12,C12：事件序列｜不规整｜逐条评分｜清洗,99,是,是,0.46479693007733247,0.43418842919585116,-0.030608500881481315,-0.09334146281653531,0.028144843491156514,0.3073463268365817,0.4210604164908235,0.38784774070380357,-0.03321267578701992,-0.08814247395400336,0.021553460894625658,0.23888055972013994,formal,正式,0.5995772605500529,0.5801385021774826,差异未达FDR显著
各逐题条件相对C03,相对C03,HAMD-17,PDCH标签99人,Kimi-K2.6,不思考,12,胃肠道症状,3,C03：全文｜不规整｜逐条评分｜不清洗,15,C15：事件序列｜规整｜逐条评分｜不清洗,99,是,是,0.46479693007733247,0.29645713801408013,-0.16833979206325234,-0.33447152950173265,-0.020613552532466852,0.051974012993503245,0.4210604164908235,0.25172279602428244,-0.16933762046654105,-0.31821491487591086,-0.006493997994479465,0.050974512743628186,formal,正式,0.3818617007285831,0.3738130934532734,差异未达FDR显著
各逐题条件相对C03,相对C03,HAMD-17,PDCH标签99人,Kimi-K2.6,不思考,12,胃肠道症状,3,C03：全文｜不规整｜逐条评分｜不清洗,16,C16：事件序列｜规整｜逐条评分｜清洗,99,是,是,0.46479693007733247,0.3339732635576874,-0.13082366651964505,-0.3025658461511386,0.02655378628475227,0.11594202898550725,0.4210604164908235,0.284827100037647,-0.1362333164531765,-0.3063060404696587,0.028160451703779607,0.11144427786106946,formal,正式,0.4441685407296352,0.45730582984369883,差异未达FDR显著
各逐题条件相对C03,相对C03,HAMD-17,PDCH标签99人,Kimi-K2.6,不思考,13,全身症状,3,C03：全文｜不规整｜逐条评分｜不清洗,4,C04：全文｜不规整｜逐条评分｜清洗,99,是,是,0.5895302617814917,0.4359837445412208,-0.1535465172402709,-0.2928997214125629,-0.029671143987010193,0.027486256871564217,0.5460323454700721,0.3997015143335473,-0.14633083113652479,-0.3031483893260051,-0.020125492218090277,0.04397801099450275,formal,正式,0.2725720473096785,0.3738130934532734,差异未达FDR显著
各逐题条件相对C03,相对C03,HAMD-17,PDCH标签99人,Kimi-K2.6,不思考,13,全身症状,3,C03：全文｜不规整｜逐条评分｜不清洗,7,C07：全文｜规整｜逐条评分｜不清洗,99,是,是,0.5895302617814917,0.4424112572564583,-0.1471190045250334,-0.29954378841815366,-0.021202590040724584,0.07246376811594203,0.5460323454700721,0.40460227693479517,-0.1414300685352769,-0.2887184500580701,0.00719813513846774,0.09995002498750624,formal,正式,0.4106280193236715,0.42478760619690153,差异未达FDR显著
各逐题条件相对C03,相对C03,HAMD-17,PDCH标签99人,Kimi-K2.6,不思考,13,全身症状,3,C03：全文｜不规整｜逐条评分｜不清洗,8,C08：全文｜规整｜逐条评分｜清洗,99,是,是,0.5895302617814917,0.3735681693228209,-0.21596209245867082,-0.38604650710736893,-0.07043543789537762,0.0074962518740629685,0.5460323454700721,0.34060217219192657,-0.2054301732781455,-0.360967892479159,-0.045866812895213264,0.01199400299850075,formal,正式,0.14867566216891553,0.19327836081959018,差异未达FDR显著
各逐题条件相对C03,相对C03,HAMD-17,PDCH标签99人,Kimi-K2.6,不思考,13,全身症状,3,C03：全文｜不规整｜逐条评分｜不清洗,11,C11：事件序列｜不规整｜逐条评分｜不清洗,99,是,是,0.5895302617814917,0.5588168045975671,-0.030713457183924597,-0.1441177249478588,0.061917867549061624,0.6056971514242878,0.5460323454700721,0.5160030038862572,-0.030029341583814873,-0.14245400869626687,0.0674144555439696,0.5997001499250375,formal,正式,0.8044823741975166,0.8018462678772974,差异未达FDR显著
各逐题条件相对C03,相对C03,HAMD-17,PDCH标签99人,Kimi-K2.6,不思考,13,全身症状,3,C03：全文｜不规整｜逐条评分｜不清洗,12,C12：事件序列｜不规整｜逐条评分｜清洗,99,是,是,0.5895302617814917,0.5240553658669937,-0.06547489591449795,-0.16236709129451385,0.025619184953765015,0.20039980009995004,0.5460323454700721,0.4886295088410333,-0.05740283662903878,-0.16214175092721173,0.03521076095366575,0.248375812093953,formal,正式,0.5554522738630684,0.5911344327836082,差异未达FDR显著
各逐题条件相对C03,相对C03,HAMD-17,PDCH标签99人,Kimi-K2.6,不思考,13,全身症状,3,C03：全文｜不规整｜逐条评分｜不清洗,15,C15：事件序列｜规整｜逐条评分｜不清洗,99,是,是,0.5895302617814917,0.3061969171146793,-0.2833333446668124,-0.454407556992317,-0.11514956785883308,0.0009995002498750624,0.5460323454700721,0.262981316297301,-0.2830510291727711,-0.4515622235872833,-0.11866599104064865,0.0029985007496251873,formal,正式,0.059470264867566215,0.17841079460269865,差异未达FDR显著
各逐题条件相对C03,相对C03,HAMD-17,PDCH标签99人,Kimi-K2.6,不思考,13,全身症状,3,C03：全文｜不规整｜逐条评分｜不清洗,16,C16：事件序列｜规整｜逐条评分｜清洗,99,是,是,0.5895302617814917,0.29042192221359314,-0.29910833956789856,-0.4792825051111512,-0.15358177501262157,0.0009995002498750624,0.5460323454700721,0.2517985112195684,-0.29423383425050365,-0.4841408966100475,-0.1362381365274664,0.001999000499750125,formal,正式,0.059470264867566215,0.17841079460269865,差异未达FDR显著
各逐题条件相对C03,相对C03,HAMD-17,PDCH标签99人,Kimi-K2.6,不思考,14,性症状,3,C03：全文｜不规整｜逐条评分｜不清洗,4,C04：全文｜不规整｜逐条评分｜清洗,37,是,是,0.3759616167573138,0.47775445520576254,0.10179283844844872,-0.07075899645867269,0.2895758467965606,0.4942528735632184,0.3584901602000221,0.4695281114740999,0.11103795127407778,-0.051581400048449175,0.30940538371618564,0.4817591204397801,formal,正式,0.717269414073451,0.7349914786196645,差异未达FDR显著
各逐题条件相对C03,相对C03,HAMD-17,PDCH标签99人,Kimi-K2.6,不思考,14,性症状,3,C03：全文｜不规整｜逐条评分｜不清洗,7,C07：全文｜规整｜逐条评分｜不清洗,34,是,是,0.41534717562441315,0.2177671108754886,-0.19758006474892453,-0.44675116421424466,0.06355044405715608,0.2518740629685157,0.40169046153810395,0.22038372344266804,-0.1813067380954359,-0.45955302527170905,0.09118454730419731,0.26936531734132935,formal,正式,0.5801156025760705,0.6164321685311192,差异未达FDR显著
各逐题条件相对C03,相对C03,HAMD-17,PDCH标签99人,Kimi-K2.6,不思考,14,性症状,3,C03：全文｜不规整｜逐条评分｜不清洗,8,C08：全文｜规整｜逐条评分｜清洗,34,是,是,0.30092247064196687,0.3550202487962138,0.054097778154246934,-0.21904940570992726,0.3726490051635292,0.8455772113943029,0.2795523054126063,0.36688608558013713,0.08733378016753085,-0.19448580090387127,0.37856663055502204,0.5737131434282858,formal,正式,0.9448546754660052,0.7938588845112328,差异未达FDR显著
各逐题条件相对C03,相对C03,HAMD-17,PDCH标签99人,Kimi-K2.6,不思考,14,性症状,3,C03：全文｜不规整｜逐条评分｜不清洗,11,C11：事件序列｜不规整｜逐条评分｜不清洗,37,是,是,0.40055829957930644,0.4433902494067177,0.04283194982741123,-0.08610132864108243,0.20452206033636638,0.6356821589205397,0.37262152516527636,0.40682345936075265,0.03420193419547629,-0.09708295864608191,0.18949847639395775,0.6281859070464768,formal,正式,0.8222410533863503,0.8038077735325886,差异未达FDR显著
各逐题条件相对C03,相对C03,HAMD-17,PDCH标签99人,Kimi-K2.6,不思考,14,性症状,3,C03：全文｜不规整｜逐条评分｜不清洗,12,C12：事件序列｜不规整｜逐条评分｜清洗,36,是,是,0.38717496032730453,0.5849458593185416,0.19777089899123707,-0.015805544350485617,0.46553800054419264,0.1539230384807596,0.37187895634461454,0.5739887381908859,0.20210978184627137,-0.009756808678374118,0.4278121479914427,0.18840579710144928,formal,正式,0.5046935991463728,0.5500999500249876,差异未达FDR显著
各逐题条件相对C03,相对C03,HAMD-17,PDCH标签99人,Kimi-K2.6,不思考,14,性症状,3,C03：全文｜不规整｜逐条评分｜不清洗,15,C15：事件序列｜规整｜逐条评分｜不清洗,39,是,是,0.3403514657689505,0.39945683525098263,0.059105369482032155,-0.11450254980214243,0.2646364703869414,0.6141929035482259,0.29285745507208016,0.35531458872850097,0.062457133656420805,-0.1233020792345529,0.2618192969850047,0.5897051474262869,formal,正式,0.8044823741975166,0.8018462678772974,差异未达FDR显著
各逐题条件相对C03,相对C03,HAMD-17,PDCH标签99人,Kimi-K2.6,不思考,14,性症状,3,C03：全文｜不规整｜逐条评分｜不清洗,16,C16：事件序列｜规整｜逐条评分｜清洗,36,是,是,0.3062399488683772,0.2500891197307985,-0.056150829137578684,-0.37487333117175564,0.3070137971584917,0.784607696151924,0.2866576285296554,0.23086662549625434,-0.05579100303340104,-0.39344479403313515,0.2753086322330425,0.777111444277861,formal,正式,0.9165417291354323,0.889194825664091,差异未达FDR显著
各逐题条件相对C03,相对C03,HAMD-17,PDCH标签99人,Kimi-K2.6,不思考,15,疑病,3,C03：全文｜不规整｜逐条评分｜不清洗,4,C04：全文｜不规整｜逐条评分｜清洗,99,是,是,0.15088766079739394,0.12616647073890866,-0.024721190058485276,-0.13384510768143915,0.06908874488170097,0.6446776611694153,0.11046724392542771,0.08579474321606456,-0.02467250070936315,-0.11417924626832994,0.057143190868046846,0.623688155922039,formal,正式,0.8249101255823701,0.8038077735325886,差异未达FDR显著
各逐题条件相对C03,相对C03,HAMD-17,PDCH标签99人,Kimi-K2.6,不思考,15,疑病,3,C03：全文｜不规整｜逐条评分｜不清洗,7,C07：全文｜规整｜逐条评分｜不清洗,99,是,是,0.15088766079739394,0.06923943328557432,-0.08164822751181962,-0.26113270164285,0.10796516923165184,0.4017991004497751,0.11046724392542771,0.02550057044049627,-0.08496667348493145,-0.29545934433005927,0.08845548709790824,0.40679660169915044,formal,正式,0.6493510001755879,0.6818140225661817,差异未达FDR显著
各逐题条件相对C03,相对C03,HAMD-17,PDCH标签99人,Kimi-K2.6,不思考,15,疑病,3,C03：全文｜不规整｜逐条评分｜不清洗,8,C08：全文｜规整｜逐条评分｜清洗,99,是,是,0.15088766079739394,0.05118601922736014,-0.0997016415700338,-0.2904456410129814,0.07979568459186023,0.34132933533233384,0.11046724392542771,0.004529973573792884,-0.10593727035163483,-0.28864548991471806,0.1028186623638458,0.28735632183908044,formal,正式,0.6258101718371584,0.6217345872518286,差异未达FDR显著
各逐题条件相对C03,相对C03,HAMD-17,PDCH标签99人,Kimi-K2.6,不思考,15,疑病,3,C03：全文｜不规整｜逐条评分｜不清洗,11,C11：事件序列｜不规整｜逐条评分｜不清洗,99,是,是,0.15088766079739394,0.12371555023047694,-0.027172110566917,-0.14905284491602888,0.07368001939034872,0.6776611694152923,0.11046724392542771,0.07158805737502108,-0.03887918655040663,-0.16773406888384806,0.08451191829797278,0.5452273863068465,formal,正式,0.8578902038342531,0.7922288855572214,差异未达FDR显著
各逐题条件相对C03,相对C03,HAMD-17,PDCH标签99人,Kimi-K2.6,不思考,15,疑病,3,C03：全文｜不规整｜逐条评分｜不清洗,12,C12：事件序列｜不规整｜逐条评分｜清洗,99,是,是,0.15088766079739394,0.16127718159502266,0.010389520797628726,-0.05182496765132182,0.08009335496948437,0.7856071964017991,0.11046724392542771,0.12102433090291487,0.010557086977487154,-0.05678318498012551,0.07522760466182014,0.7626186906546727,formal,正式,0.9165417291354323,0.889194825664091,差异未达FDR显著
各逐题条件相对C03,相对C03,HAMD-17,PDCH标签99人,Kimi-K2.6,不思考,15,疑病,3,C03：全文｜不规整｜逐条评分｜不清洗,15,C15：事件序列｜规整｜逐条评分｜不清洗,99,是,是,0.15088766079739394,0.25350575111746465,0.10261809032007072,-0.06320096940391833,0.26316989453350365,0.23338330834582707,0.11046724392542771,0.2173704291271829,0.1069031852017552,-0.05603703695290917,0.2622076730691091,0.22188905547226387,formal,正式,0.5554522738630684,0.5500999500249876,差异未达FDR显著
各逐题条件相对C03,相对C03,HAMD-17,PDCH标签99人,Kimi-K2.6,不思考,15,疑病,3,C03：全文｜不规整｜逐条评分｜不清洗,16,C16：事件序列｜规整｜逐条评分｜清洗,99,是,是,0.15088766079739394,0.20014248475434634,0.04925482395695241,-0.0987871881582245,0.21099108072378764,0.5622188905547226,0.11046724392542771,0.16232664088463875,0.05185939695921103,-0.12288893206925816,0.22885142485996474,0.5552223888055972,formal,正式,0.7690120457012873,0.7922288855572214,差异未达FDR显著
各逐题条件相对C03,相对C03,HAMD-17,PDCH标签99人,Kimi-K2.6,不思考,16,体重减轻,3,C03：全文｜不规整｜逐条评分｜不清洗,4,C04：全文｜不规整｜逐条评分｜清洗,99,是,是,0.3223129817973375,0.24729355546304765,-0.07501942633428987,-0.16561407016196106,-0.0002076886120813031,0.10644677661169415,0.26949136908355315,0.1934356051210571,-0.07605576396249605,-0.1832949958222012,-0.0033377528133131705,0.07146426786606697,formal,正式,0.4441685407296352,0.3865567216391804,差异未达FDR显著
各逐题条件相对C03,相对C03,HAMD-17,PDCH标签99人,Kimi-K2.6,不思考,16,体重减轻,3,C03：全文｜不规整｜逐条评分｜不清洗,7,C07：全文｜规整｜逐条评分｜不清洗,99,是,是,0.3223129817973375,0.28634071605309813,-0.035972265744239396,-0.16368431655598162,0.1074143665554419,0.6151924037981009,0.26949136908355315,0.23717651935629233,-0.032314849727260814,-0.18190860052806282,0.1255845639052737,0.6516741629185407,formal,正式,0.8044823741975166,0.8163076356558563,差异未达FDR显著
各逐题条件相对C03,相对C03,HAMD-17,PDCH标签99人,Kimi-K2.6,不思考,16,体重减轻,3,C03：全文｜不规整｜逐条评分｜不清洗,8,C08：全文｜规整｜逐条评分｜清洗,99,是,是,0.3223129817973375,0.20562614208244773,-0.1166868397148898,-0.25990525470104064,-0.009993231717044544,0.08895552223888056,0.26949136908355315,0.15597955536884092,-0.11351181371471222,-0.24199085819741437,-0.00495957239350965,0.11544227886056972,formal,正式,0.44373966862722486,0.45792103948025986,差异未达FDR显著
各逐题条件相对C03,相对C03,HAMD-17,PDCH标签99人,Kimi-K2.6,不思考,16,体重减轻,3,C03：全文｜不规整｜逐条评分｜不清洗,11,C11：事件序列｜不规整｜逐条评分｜不清洗,99,是,是,0.3223129817973375,0.31134457939862353,-0.010968402398713994,-0.10728868159909533,0.06917394985326354,0.9070464767616192,0.26949136908355315,0.25351333153548966,-0.015978037548063484,-0.12530533751476267,0.0600626549236625,0.8425787106446777,formal,正式,0.9804969310216686,0.9247358302830567,差异未达FDR显著
各逐题条件相对C03,相对C03,HAMD-17,PDCH标签99人,Kimi-K2.6,不思考,16,体重减轻,3,C03：全文｜不规整｜逐条评分｜不清洗,12,C12：事件序列｜不规整｜逐条评分｜清洗,99,是,是,0.3223129817973375,0.29060006338046207,-0.03171291841687546,-0.08800847806447244,0.021631361879401245,0.28285857071464265,0.26949136908355315,0.238693733045865,-0.030797636037688148,-0.08365065369921366,0.017264805546794507,0.2988505747126437,formal,正式,0.5905292967551311,0.6350574712643678,差异未达FDR显著
各逐题条件相对C03,相对C03,HAMD-17,PDCH标签99人,Kimi-K2.6,不思考,16,体重减轻,3,C03：全文｜不规整｜逐条评分｜不清洗,15,C15：事件序列｜规整｜逐条评分｜不清洗,99,是,是,0.3223129817973375,0.22135472052260272,-0.10095826127473481,-0.24876279307193336,0.038342522724057575,0.20789605197401298,0.26949136908355315,0.17159771332650017,-0.09789365575705297,-0.22175885416342558,0.039946501396648314,0.2063968015992004,formal,正式,0.5554522738630684,0.5500999500249876,差异未达FDR显著
各逐题条件相对C03,相对C03,HAMD-17,PDCH标签99人,Kimi-K2.6,不思考,16,体重减轻,3,C03：全文｜不规整｜逐条评分｜不清洗,16,C16：事件序列｜规整｜逐条评分｜清洗,99,是,是,0.3223129817973375,0.19622416254654954,-0.126088819250788,-0.28160860422576794,0.00933012008073072,0.09695152423788106,0.26949136908355315,0.14424425600402,-0.12524711307953315,-0.2724861328533611,-0.0018769370736062753,0.09345327336331834,formal,正式,0.44373966862722486,0.42478760619690153,差异未达FDR显著
各逐题条件相对C03,相对C03,HAMD-17,PDCH标签99人,Kimi-K2.6,不思考,17,自知力,3,C03：全文｜不规整｜逐条评分｜不清洗,4,C04：全文｜不规整｜逐条评分｜清洗,99,是,是,0.16975697381868632,0.12362031210973295,-0.046136661708953364,-0.2818710108485142,0.1936954316329288,0.697151424287856,0.16483546165044827,0.11806536151832613,-0.04677010013212214,-0.27374966080206775,0.20208668020114537,0.7091454272863568,formal,正式,0.8732738893711038,0.852407129768449,差异未达FDR显著
各逐题条件相对C03,相对C03,HAMD-17,PDCH标签99人,Kimi-K2.6,不思考,17,自知力,3,C03：全文｜不规整｜逐条评分｜不清洗,7,C07：全文｜规整｜逐条评分｜不清洗,99,是,是,0.16975697381868632,0.3059025700023294,0.13614559618364308,-0.03547230531321101,0.33321140970855256,0.18790604697651175,0.16483546165044827,0.2976690655485819,0.13283360389813365,-0.06288923884918546,0.3405653010113416,0.2143928035982009,formal,正式,0.545385843663534,0.5500999500249876,差异未达FDR显著
各逐题条件相对C03,相对C03,HAMD-17,PDCH标签99人,Kimi-K2.6,不思考,17,自知力,3,C03：全文｜不规整｜逐条评分｜不清洗,8,C08：全文｜规整｜逐条评分｜清洗,99,是,是,0.16975697381868632,0.27275291382164707,0.10299594000296075,-0.11751510503601213,0.3074530188801887,0.3328335832083958,0.16483546165044827,0.2630861700995679,0.09825070844911965,-0.1284101479794484,0.3142745306202003,0.3658170914542729,formal,正式,0.6258101718371584,0.6805097451274362,差异未达FDR显著
各逐题条件相对C03,相对C03,HAMD-17,PDCH标签99人,Kimi-K2.6,不思考,17,自知力,3,C03：全文｜不规整｜逐条评分｜不清洗,11,C11：事件序列｜不规整｜逐条评分｜不清洗,99,是,是,0.16975697381868632,0.2949192392803075,0.12516226546162118,-0.05967064464538857,0.28909505636765054,0.17991004497751126,0.16483546165044827,0.29277430924216274,0.12793884759171448,-0.03963275954052632,0.32221066187926317,0.1489255372313843,formal,正式,0.545385843663534,0.5229885057471265,差异未达FDR显著
各逐题条件相对C03,相对C03,HAMD-17,PDCH标签99人,Kimi-K2.6,不思考,17,自知力,3,C03：全文｜不规整｜逐条评分｜不清洗,12,C12：事件序列｜不规整｜逐条评分｜清洗,99,是,是,0.16975697381868632,0.19549772300183313,0.02574074918314681,-0.14288352133070126,0.19920366707433798,0.7956021989005497,0.16483546165044827,0.19246651552462302,0.02763105387417475,-0.1500174400950124,0.21701577572287065,0.769615192403798,formal,正式,0.9191908899918972,0.889194825664091,差异未达FDR显著
各逐题条件相对C03,相对C03,HAMD-17,PDCH标签99人,Kimi-K2.6,不思考,17,自知力,3,C03：全文｜不规整｜逐条评分｜不清洗,15,C15：事件序列｜规整｜逐条评分｜不清洗,99,是,是,0.16975697381868632,0.04014682792390239,-0.12961014589478392,-0.3808697116117912,0.12976432364366397,0.3743128435782109,0.16483546165044827,0.03362915517233753,-0.13120630647811074,-0.3727365790972455,0.13956160916408583,0.37881059470264866,formal,正式,0.6455540345769144,0.6805097451274362,差异未达FDR显著
各逐题条件相对C03,相对C03,HAMD-17,PDCH标签99人,Kimi-K2.6,不思考,17,自知力,3,C03：全文｜不规整｜逐条评分｜不清洗,16,C16：事件序列｜规整｜逐条评分｜清洗,99,是,是,0.16975697381868632,-0.11759151329720573,-0.28734848711589206,-0.5286818602829342,-0.04424064654749732,0.05297351324337831,0.16483546165044827,-0.12252429927748812,-0.28735976092793636,-0.5153320074893732,-0.03362335586525616,0.049475262368815595,formal,正式,0.3818617007285831,0.3738130934532734,差异未达FDR显著
各逐题条件相对C03,相对C03,HAMD-17,PDCH标签99人,Kimi-K2.6,思考,1,抑郁情绪,3,C03：全文｜不规整｜逐条评分｜不清洗,4,C04：全文｜不规整｜逐条评分｜清洗,99,是,是,0.5878263382844384,0.43822026277582254,-0.14960607550861588,-0.30787774364360915,-0.01818078364678646,0.04547726136931534,0.5358956496458294,0.3985722557095277,-0.13732339393630166,-0.30471831565846974,-0.0006755603153768858,0.06646676661669165,formal,正式,0.3865567216391804,0.49434657671164417,差异未达FDR显著
各逐题条件相对C03,相对C03,HAMD-17,PDCH标签99人,Kimi-K2.6,思考,1,抑郁情绪,3,C03：全文｜不规整｜逐条评分｜不清洗,7,C07：全文｜规整｜逐条评分｜不清洗,99,是,是,0.5878263382844384,0.5302021291629734,-0.05762420912146504,-0.21041734232165024,0.05719781333272705,0.47876061969015493,0.5358956496458294,0.5170261175238603,-0.018869532121969068,-0.16334402300585796,0.12413282852418472,0.815592203898051,formal,正式,0.9189115119859426,0.9548904792886576,差异未达FDR显著
各逐题条件相对C03,相对C03,HAMD-17,PDCH标签99人,Kimi-K2.6,思考,1,抑郁情绪,3,C03：全文｜不规整｜逐条评分｜不清洗,8,C08：全文｜规整｜逐条评分｜清洗,99,是,是,0.5878263382844384,0.552484376257231,-0.03534196202720741,-0.16456770455083033,0.11085060443406614,0.6451774112943528,0.5358956496458294,0.535252904123095,-0.0006427455227343559,-0.14135928689613197,0.137931026239483,0.992503748125937,formal,正式,0.9632149737097263,1.0,差异未达FDR显著
各逐题条件相对C03,相对C03,HAMD-17,PDCH标签99人,Kimi-K2.6,思考,1,抑郁情绪,3,C03：全文｜不规整｜逐条评分｜不清洗,11,C11：事件序列｜不规整｜逐条评分｜不清洗,99,是,是,0.5878263382844384,0.6266450763721819,0.0388187380877435,-0.034765295673204306,0.12301837915956426,0.3453273363318341,0.5358956496458294,0.5812754677416461,0.045379818095816704,-0.038748254638139995,0.14348865369102723,0.31984007996002,formal,正式,0.8386521025201686,0.8053265034149591,差异未达FDR显著
各逐题条件相对C03,相对C03,HAMD-17,PDCH标签99人,Kimi-K2.6,思考,1,抑郁情绪,3,C03：全文｜不规整｜逐条评分｜不清洗,12,C12：事件序列｜不规整｜逐条评分｜清洗,99,是,是,0.5878263382844384,0.381486833859884,-0.2063395044245544,-0.3940892646366769,-0.059692244833120446,0.01199400299850075,0.5358956496458294,0.3488905568640749,-0.18700509278175448,-0.3519314918660763,-0.03573604516537278,0.02348825587206397,formal,正式,0.29735132433783107,0.3522469534463537,差异未达FDR显著
各逐题条件相对C03,相对C03,HAMD-17,PDCH标签99人,Kimi-K2.6,思考,1,抑郁情绪,3,C03：全文｜不规整｜逐条评分｜不清洗,15,C15：事件序列｜规整｜逐条评分｜不清洗,99,是,是,0.5878263382844384,0.4799509916971174,-0.10787534658732101,-0.27772336395784913,0.03442988715718004,0.21539230384807595,0.5358956496458294,0.4443963704073749,-0.09149927923845447,-0.2612194371599087,0.03917167969625656,0.2983508245877061,formal,正式,0.6266135225070392,0.7889721805763784,差异未达FDR显著
各逐题条件相对C03,相对C03,HAMD-17,PDCH标签99人,Kimi-K2.6,思考,1,抑郁情绪,3,C03：全文｜不规整｜逐条评分｜不清洗,16,C16：事件序列｜规整｜逐条评分｜清洗,99,是,是,0.5878263382844384,0.47577098138296225,-0.11205535690147617,-0.25897728576484846,0.04352717432061361,0.18490754622688654,0.5358956496458294,0.4454347856591123,-0.09046086398671704,-0.2535671269498261,0.05017233101751289,0.29185407296351823,formal,正式,0.6266135225070392,0.7889721805763784,差异未达FDR显著
各逐题条件相对C03,相对C03,HAMD-17,PDCH标签99人,Kimi-K2.6,思考,2,有罪感,3,C03：全文｜不规整｜逐条评分｜不清洗,4,C04：全文｜不规整｜逐条评分｜清洗,99,是,是,0.429128496095247,0.3322166881567895,-0.0969118079384575,-0.2536643768793582,0.04337319228657647,0.16841579210394803,0.3848502882321167,0.2831226822557272,-0.10172760597638952,-0.2565262328152882,0.028773261973459332,0.14642678660669664,formal,正式,0.6262962268865567,0.6223138430784607,差异未达FDR显著
各逐题条件相对C03,相对C03,HAMD-17,PDCH标签99人,Kimi-K2.6,思考,2,有罪感,3,C03：全文｜不规整｜逐条评分｜不清洗,7,C07：全文｜规整｜逐条评分｜不清洗,99,是,是,0.429128496095247,0.28000035386763955,-0.14912814222760745,-0.29871317251900453,-0.007261457986546881,0.04997501249375312,0.3848502882321167,0.2332528436404965,-0.1515974445916202,-0.3053732372522086,9.018118843765399e-05,0.046476761619190406,formal,正式,0.39646843245044144,0.372680326503415,差异未达FDR显著
各逐题条件相对C03,相对C03,HAMD-17,PDCH标签99人,Kimi-K2.6,思考,2,有罪感,3,C03：全文｜不规整｜逐条评分｜不清洗,8,C08：全文｜规整｜逐条评分｜清洗,99,是,是,0.429128496095247,0.3938979594434917,-0.035230536651755295,-0.15825049606483668,0.09389745634214355,0.6196901549225388,0.3848502882321167,0.36019374145943733,-0.024656546772679366,-0.1782172737915289,0.11195622172101032,0.7226386806596702,formal,正式,0.9632149737097263,0.9548904792886576,差异未达FDR显著
各逐题条件相对C03,相对C03,HAMD-17,PDCH标签99人,Kimi-K2.6,思考,2,有罪感,3,C03：全文｜不规整｜逐条评分｜不清洗,11,C11：事件序列｜不规整｜逐条评分｜不清洗,99,是,是,0.429128496095247,0.3597784347690402,-0.0693500613262068,-0.18688446401851144,0.04833996907345001,0.20539730134932535,0.3848502882321167,0.32900909945759865,-0.05584118877451805,-0.16964470240983429,0.040316885654016366,0.3153423288355822,formal,正式,0.6266135225070392,0.8053265034149591,差异未达FDR显著
各逐题条件相对C03,相对C03,HAMD-17,PDCH标签99人,Kimi-K2.6,思考,2,有罪感,3,C03：全文｜不规整｜逐条评分｜不清洗,12,C12：事件序列｜不规整｜逐条评分｜清洗,99,是,是,0.429128496095247,0.3660919767412317,-0.06303651935401533,-0.21131343971667424,0.06375492622174735,0.4217891054472764,0.3848502882321167,0.31363984534528294,-0.07121044288683376,-0.23553534857961225,0.07527749625145894,0.3583208395802099,formal,正式,0.8668547082391007,0.8360146849652098,差异未达FDR显著
各逐题条件相对C03,相对C03,HAMD-17,PDCH标签99人,Kimi-K2.6,思考,2,有罪感,3,C03：全文｜不规整｜逐条评分｜不清洗,15,C15：事件序列｜规整｜逐条评分｜不清洗,99,是,是,0.429128496095247,0.2813238661541052,-0.1478046299411418,-0.3104772109984459,0.0016694070019974833,0.08045977011494253,0.3848502882321167,0.24068752394648113,-0.14416276428563557,-0.30937680488733793,-0.002738080001232319,0.09645177411294353,formal,正式,0.5632183908045977,0.605045303435239,差异未达FDR显著
各逐题条件相对C03,相对C03,HAMD-17,PDCH标签99人,Kimi-K2.6,思考,2,有罪感,3,C03：全文｜不规整｜逐条评分｜不清洗,16,C16：事件序列｜规整｜逐条评分｜清洗,99,是,是,0.429128496095247,0.19601548546565706,-0.23311301062958995,-0.3865454192078492,-0.0801718352656396,0.0024987506246876563,0.3848502882321167,0.1510392092275043,-0.2338110790046124,-0.3713833984605111,-0.07748745686908162,0.00399800099950025,formal,正式,0.14867566216891556,0.23788105947026486,差异未达FDR显著
各逐题条件相对C03,相对C03,HAMD-17,PDCH标签99人,Kimi-K2.6,思考,3,自杀,3,C03：全文｜不规整｜逐条评分｜不清洗,4,C04：全文｜不规整｜逐条评分｜清洗,99,是,是,0.4121730852426701,0.3422544538314697,-0.06991863141120042,-0.22201148511378588,0.0794198274334433,0.3773113443278361,0.33905824728977985,0.2796902677748101,-0.05936797951496975,-0.21614459145122025,0.08676018534814073,0.46676661669165415,formal,正式,0.8668547082391007,0.9317008162585374,差异未达FDR显著
各逐题条件相对C03,相对C03,HAMD-17,PDCH标签99人,Kimi-K2.6,思考,3,自杀,3,C03：全文｜不规整｜逐条评分｜不清洗,7,C07：全文｜规整｜逐条评分｜不清洗,99,是,是,0.4121730852426701,0.44037809463596056,0.02820500939329046,-0.11955144404900166,0.1835239413039943,0.7426286856571714,0.33905824728977985,0.3838316183859518,0.044773371096171966,-0.10380107904628663,0.1998803404123329,0.6206896551724138,formal,正式,0.9632149737097263,0.9548904792886576,差异未达FDR显著
各逐题条件相对C03,相对C03,HAMD-17,PDCH标签99人,Kimi-K2.6,思考,3,自杀,3,C03：全文｜不规整｜逐条评分｜不清洗,8,C08：全文｜规整｜逐条评分｜清洗,99,是,是,0.4121730852426701,0.3605034762679042,-0.05166960897476591,-0.21705096012315048,0.10544680597022804,0.544727636181909,0.33905824728977985,0.297803757698101,-0.04125448959167882,-0.22129823079048355,0.11992795429300257,0.6481759120439781,formal,正式,0.9632149737097263,0.9548904792886576,差异未达FDR显著
各逐题条件相对C03,相对C03,HAMD-17,PDCH标签99人,Kimi-K2.6,思考,3,自杀,3,C03：全文｜不规整｜逐条评分｜不清洗,11,C11：事件序列｜不规整｜逐条评分｜不清洗,99,是,是,0.4121730852426701,0.3986517421445843,-0.01352134309808578,-0.14255521254494477,0.13279224699471326,0.8525737131434283,0.33905824728977985,0.32240524807016224,-0.016652999219617604,-0.15775972575194772,0.11511799671655168,0.809095452273863,formal,正式,0.9632149737097263,0.9548904792886576,差异未达FDR显著
各逐题条件相对C03,相对C03,HAMD-17,PDCH标签99人,Kimi-K2.6,思考,3,自杀,3,C03：全文｜不规整｜逐条评分｜不清洗,12,C12：事件序列｜不规整｜逐条评分｜清洗,99,是,是,0.4121730852426701,0.4032183366678309,-0.008954748574839189,-0.14726127402797223,0.10877295459112411,0.8935532233883059,0.33905824728977985,0.32398122041026794,-0.015077026879511901,-0.15504833538684126,0.10638887845976873,0.8325837081459271,formal,正式,0.9632149737097263,0.9548904792886576,差异未达FDR显著
各逐题条件相对C03,相对C03,HAMD-17,PDCH标签99人,Kimi-K2.6,思考,3,自杀,3,C03：全文｜不规整｜逐条评分｜不清洗,15,C15：事件序列｜规整｜逐条评分｜不清洗,99,是,是,0.4121730852426701,0.3492841642899408,-0.0628889209527293,-0.1999329218701951,0.07913520534615258,0.43728135932033985,0.33905824728977985,0.2776387488525319,-0.06141949843724792,-0.2145939856567597,0.0990508375718647,0.456271864067966,formal,正式,0.8672746959853407,0.9317008162585374,差异未达FDR显著
各逐题条件相对C03,相对C03,HAMD-17,PDCH标签99人,Kimi-K2.6,思考,3,自杀,3,C03：全文｜不规整｜逐条评分｜不清洗,16,C16：事件序列｜规整｜逐条评分｜清洗,99,是,是,0.4121730852426701,0.43670997611512175,0.024536890872451644,-0.1339935579183778,0.17100385181842012,0.7606196901549226,0.33905824728977985,0.37215007691003016,0.03309182962025031,-0.11536991584211542,0.1635459588154243,0.6581709145427287,formal,正式,0.9632149737097263,0.9548904792886576,差异未达FDR显著
各逐题条件相对C03,相对C03,HAMD-17,PDCH标签99人,Kimi-K2.6,思考,4,入睡困难,3,C03：全文｜不规整｜逐条评分｜不清洗,4,C04：全文｜不规整｜逐条评分｜清洗,99,是,是,0.5535472126772231,0.46431530575952673,-0.08923190691769634,-0.20005743177372057,0.009424548347482119,0.10994502748625687,0.5158993920402308,0.4277753922123504,-0.08812399982788044,-0.19469787186256413,0.0210513471453386,0.12593703148425786,formal,正式,0.6196417920072221,0.6223138430784607,差异未达FDR显著
各逐题条件相对C03,相对C03,HAMD-17,PDCH标签99人,Kimi-K2.6,思考,4,入睡困难,3,C03：全文｜不规整｜逐条评分｜不清洗,7,C07：全文｜规整｜逐条评分｜不清洗,99,是,是,0.5535472126772231,0.2958773878710633,-0.25766982480615974,-0.4027010888593134,-0.1226810693931428,0.0024987506246876563,0.5158993920402308,0.2705527578992316,-0.24534663414099922,-0.414757747797879,-0.0893678510658448,0.0024987506246876563,formal,正式,0.14867566216891556,0.23788105947026486,差异未达FDR显著
各逐题条件相对C03,相对C03,HAMD-17,PDCH标签99人,Kimi-K2.6,思考,4,入睡困难,3,C03：全文｜不规整｜逐条评分｜不清洗,8,C08：全文｜规整｜逐条评分｜清洗,99,是,是,0.5535472126772231,0.4226214009280094,-0.13092581174921364,-0.2601473381416487,-0.014053584216125356,0.0384807596201899,0.5158993920402308,0.38939967291863964,-0.1264997191215912,-0.24757692616816465,-0.012106263291440428,0.0384807596201899,formal,正式,0.3865567216391804,0.3522469534463537,差异未达FDR显著
各逐题条件相对C03,相对C03,HAMD-17,PDCH标签99人,Kimi-K2.6,思考,4,入睡困难,3,C03：全文｜不规整｜逐条评分｜不清洗,11,C11：事件序列｜不规整｜逐条评分｜不清洗,99,是,是,0.5535472126772231,0.4255599475699607,-0.12798726510726238,-0.25487417488918285,-0.021534946756302957,0.03698150924537731,0.5158993920402308,0.38859732098633465,-0.12730207105389618,-0.24770707315193224,-0.014856138767079911,0.0384807596201899,formal,正式,0.3865567216391804,0.3522469534463537,差异未达FDR显著
各逐题条件相对C03,相对C03,HAMD-17,PDCH标签99人,Kimi-K2.6,思考,4,入睡困难,3,C03：全文｜不规整｜逐条评分｜不清洗,12,C12：事件序列｜不规整｜逐条评分｜清洗,99,是,是,0.5535472126772231,0.48710105348790855,-0.06644615918931451,-0.15579475997014228,0.005719619539170717,0.12143928035982009,0.5158993920402308,0.44898838027296456,-0.06691101176726627,-0.1568687916682896,0.002432674534551977,0.10844577711144428,formal,正式,0.6196417920072221,0.605045303435239,差异未达FDR显著
各逐题条件相对C03,相对C03,HAMD-17,PDCH标签99人,Kimi-K2.6,思考,4,入睡困难,3,C03：全文｜不规整｜逐条评分｜不清洗,15,C15：事件序列｜规整｜逐条评分｜不清洗,99,是,是,0.5535472126772231,0.40130918926368025,-0.1522380234135428,-0.2607437219904746,-0.04568562898600478,0.009495252373813094,0.5158993920402308,0.36465188465464604,-0.1512475073855848,-0.2757172747460671,-0.04856038758313211,0.010494752623688156,formal,正式,0.29735132433783107,0.31221889055472263,差异未达FDR显著
各逐题条件相对C03,相对C03,HAMD-17,PDCH标签99人,Kimi-K2.6,思考,4,入睡困难,3,C03：全文｜不规整｜逐条评分｜不清洗,16,C16：事件序列｜规整｜逐条评分｜清洗,99,是,是,0.5535472126772231,0.42232189228507333,-0.13122532039214974,-0.23326558155758167,-0.03874242577762182,0.01249375312343828,0.5158993920402308,0.3936964016546808,-0.12220299038555005,-0.2250833671485373,-0.02492299972294576,0.019490254872563718,formal,正式,0.29735132433783107,0.3522469534463537,差异未达FDR显著
各逐题条件相对C03,相对C03,HAMD-17,PDCH标签99人,Kimi-K2.6,思考,5,睡眠不深,3,C03：全文｜不规整｜逐条评分｜不清洗,4,C04：全文｜不规整｜逐条评分｜清洗,99,是,是,0.27685690473557384,0.21706569686909355,-0.05979120786648029,-0.19301221219404127,0.06698421867676951,0.39930034982508744,0.22870827759072124,0.1690032522206364,-0.05970502537008485,-0.1897831133625806,0.08142272563771434,0.39730134932533734,formal,正式,0.8668547082391007,0.8821422622022322,差异未达FDR显著
各逐题条件相对C03,相对C03,HAMD-17,PDCH标签99人,Kimi-K2.6,思考,5,睡眠不深,3,C03：全文｜不规整｜逐条评分｜不清洗,7,C07：全文｜规整｜逐条评分｜不清洗,99,是,是,0.27685690473557384,0.17474177176498848,-0.10211513297058536,-0.2555968585104202,0.05722232913996512,0.22688655672163918,0.22870827759072124,0.13481086444351717,-0.09389741314720407,-0.2692617879844576,0.06348941445888853,0.26436781609195403,formal,正式,0.6428452440446444,0.7745294019656839,差异未达FDR显著
各逐题条件相对C03,相对C03,HAMD-17,PDCH标签99人,Kimi-K2.6,思考,5,睡眠不深,3,C03：全文｜不规整｜逐条评分｜不清洗,8,C08：全文｜规整｜逐条评分｜清洗,99,是,是,0.27685690473557384,0.25456828926380703,-0.022288615471766804,-0.20247409710593794,0.16963049821765608,0.8285857071464268,0.22870827759072124,0.20684119228939662,-0.021867085301324612,-0.18844652115439878,0.15336513583378628,0.8130934532733634,formal,正式,0.9632149737097263,0.9548904792886576,差异未达FDR显著
各逐题条件相对C03,相对C03,HAMD-17,PDCH标签99人,Kimi-K2.6,思考,5,睡眠不深,3,C03：全文｜不规整｜逐条评分｜不清洗,11,C11：事件序列｜不规整｜逐条评分｜不清洗,99,是,是,0.27685690473557384,0.21657251050790538,-0.06028439422766846,-0.149022306288635,0.010590123903214654,0.16141929035482258,0.22870827759072124,0.1633839877382619,-0.06532428985245933,-0.1548019214561743,0.01823720596675834,0.13893053473263367,formal,正式,0.6196417920072221,0.6223138430784607,差异未达FDR显著
各逐题条件相对C03,相对C03,HAMD-17,PDCH标签99人,Kimi-K2.6,思考,5,睡眠不深,3,C03：全文｜不规整｜逐条评分｜不清洗,12,C12：事件序列｜不规整｜逐条评分｜清洗,99,是,是,0.27685690473557384,0.16663763742911014,-0.1102192673064637,-0.26304225975398926,0.02411267194316806,0.13943028485757122,0.22870827759072124,0.11881048867565075,-0.10989778891507049,-0.2628486738975975,0.02692462512376708,0.14492753623188406,formal,正式,0.6196417920072221,0.6223138430784607,差异未达FDR显著
各逐题条件相对C03,相对C03,HAMD-17,PDCH标签99人,Kimi-K2.6,思考,5,睡眠不深,3,C03：全文｜不规整｜逐条评分｜不清洗,15,C15：事件序列｜规整｜逐条评分｜不清洗,99,是,是,0.27685690473557384,0.13307221797061777,-0.14378468676495607,-0.3277593744157874,0.02428473344926078,0.13843078460769614,0.22870827759072124,0.09620798366724824,-0.132500293923473,-0.30304548900114336,0.06779160131913801,0.17041479260369816,formal,正式,0.6196417920072221,0.6541729135432284,差异未达FDR显著
各逐题条件相对C03,相对C03,HAMD-17,PDCH标签99人,Kimi-K2.6,思考,5,睡眠不深,3,C03：全文｜不规整｜逐条评分｜不清洗,16,C16：事件序列｜规整｜逐条评分｜清洗,99,是,是,0.27685690473557384,0.2714889472691448,-0.005367957466429041,-0.17808226500687738,0.16575445860199922,0.9470264867566217,0.22870827759072124,0.2222863251719529,-0.006421952418768334,-0.17946778251098952,0.15774639264899698,0.9370314842578711,formal,正式,0.9632149737097263,0.9612650571266091,差异未达FDR显著
各逐题条件相对C03,相对C03,HAMD-17,PDCH标签99人,Kimi-K2.6,思考,6,早醒,3,C03：全文｜不规整｜逐条评分｜不清洗,4,C04：全文｜不规整｜逐条评分｜清洗,99,是,是,0.36886031869760094,0.3416724366621437,-0.027187882035457245,-0.16145338962192787,0.07994708882552279,0.6511744127936032,0.3197330512467516,0.2937351555054508,-0.02599789574130079,-0.12834326382950847,0.08423897937618484,0.6611694152923538,formal,正式,0.9632149737097263,0.9548904792886576,差异未达FDR显著
各逐题条件相对C03,相对C03,HAMD-17,PDCH标签99人,Kimi-K2.6,思考,6,早醒,3,C03：全文｜不规整｜逐条评分｜不清洗,7,C07：全文｜规整｜逐条评分｜不清洗,99,是,是,0.36886031869760094,0.327360514781873,-0.04149980391572794,-0.19802756266723276,0.11584393070802869,0.6426786606696652,0.3197330512467516,0.28581225169258256,-0.033920799554169045,-0.188970844399905,0.12131464506398858,0.6951524237881059,formal,正式,0.9632149737097263,0.9548904792886576,差异未达FDR显著
各逐题条件相对C03,相对C03,HAMD-17,PDCH标签99人,Kimi-K2.6,思考,6,早醒,3,C03：全文｜不规整｜逐条评分｜不清洗,8,C08：全文｜规整｜逐条评分｜清洗,99,是,是,0.36886031869760094,0.34856535126896626,-0.02029496742863468,-0.15414376314302847,0.11756872009177796,0.7981009495252374,0.3197330512467516,0.30619028033260437,-0.01354277091414724,-0.14836063449372308,0.11864625967615895,0.8505747126436781,formal,正式,0.9632149737097263,0.9548904792886576,差异未达FDR显著
各逐题条件相对C03,相对C03,HAMD-17,PDCH标签99人,Kimi-K2.6,思考,6,早醒,3,C03：全文｜不规整｜逐条评分｜不清洗,11,C11：事件序列｜不规整｜逐条评分｜不清洗,99,是,是,0.36886031869760094,0.35470695738120084,-0.014153361316400104,-0.1348614131808804,0.10982853535466432,0.8330834582708646,0.3197330512467516,0.30203072473044007,-0.01770232651631154,-0.14567687791475903,0.11342528877467276,0.8010994502748626,formal,正式,0.9632149737097263,0.9548904792886576,差异未达FDR显著
各逐题条件相对C03,相对C03,HAMD-17,PDCH标签99人,Kimi-K2.6,思考,6,早醒,3,C03：全文｜不规整｜逐条评分｜不清洗,12,C12：事件序列｜不规整｜逐条评分｜清洗,99,是,是,0.36886031869760094,0.32742169310792224,-0.0414386255896787,-0.13444274834633851,0.04063992327368322,0.4272863568215892,0.3197330512467516,0.27811389743354487,-0.041619153813206744,-0.13421611651901622,0.04752622861513654,0.42128935532233885,formal,正式,0.8668547082391007,0.9115169687883331,差异未达FDR显著
各逐题条件相对C03,相对C03,HAMD-17,PDCH标签99人,Kimi-K2.6,思考,6,早醒,3,C03：全文｜不规整｜逐条评分｜不清洗,15,C15：事件序列｜规整｜逐条评分｜不清洗,99,是,是,0.36886031869760094,0.3644574094054374,-0.004402909292163526,-0.14593269142064327,0.13503112231453357,0.9610194902548725,0.3197330512467516,0.31241274894371995,-0.007320302303031656,-0.1599732946977754,0.12612816054415357,0.9160419790104948,formal,正式,0.9691637232231342,0.9603926107121877,差异未达FDR显著
各逐题条件相对C03,相对C03,HAMD-17,PDCH标签99人,Kimi-K2.6,思考,6,早醒,3,C03：全文｜不规整｜逐条评分｜不清洗,16,C16：事件序列｜规整｜逐条评分｜清洗,99,是,是,0.36886031869760094,0.3960629281971301,0.027202609499529185,-0.09470900070450351,0.1598720565806698,0.7191404297851074,0.3197330512467516,0.343769956530098,0.0240369052833464,-0.12224722313906786,0.16990398323051442,0.729135432283858,formal,正式,0.9632149737097263,0.9548904792886576,差异未达FDR显著
各逐题条件相对C03,相对C03,HAMD-17,PDCH标签99人,Kimi-K2.6,思考,7,工作和活动,3,C03：全文｜不规整｜逐条评分｜不清洗,4,C04：全文｜不规整｜逐条评分｜清洗,99,是,是,0.673114709776662,0.6459148374486342,-0.027199872328027785,-0.13213171173355656,0.0790300592127236,0.5952023988005997,0.6412808966727348,0.6030297636826477,-0.03825113299008709,-0.13423429521457433,0.06656603123552662,0.4782608695652174,formal,正式,0.9632149737097263,0.933000712758375,差异未达FDR显著
各逐题条件相对C03,相对C03,HAMD-17,PDCH标签99人,Kimi-K2.6,思考,7,工作和活动,3,C03：全文｜不规整｜逐条评分｜不清洗,7,C07：全文｜规整｜逐条评分｜不清洗,99,是,是,0.673114709776662,0.6527737151108299,-0.020340994665832057,-0.14318412257783522,0.08149632463156278,0.7481259370314842,0.6412808966727348,0.6320536973610918,-0.009227199311642953,-0.12625861936420188,0.09270503224683697,0.881559220389805,formal,正式,0.9632149737097263,0.9603926107121877,差异未达FDR显著
各逐题条件相对C03,相对C03,HAMD-17,PDCH标签99人,Kimi-K2.6,思考,7,工作和活动,3,C03：全文｜不规整｜逐条评分｜不清洗,8,C08：全文｜规整｜逐条评分｜清洗,99,是,是,0.673114709776662,0.5880782344177092,-0.08503647535895276,-0.23299317103723152,0.05203465988876297,0.2143928035982009,0.6412808966727348,0.5670597807940281,-0.07422111587870672,-0.20910773595893278,0.05104609280009385,0.29535232383808097,formal,正式,0.6266135225070392,0.7889721805763784,差异未达FDR显著
各逐题条件相对C03,相对C03,HAMD-17,PDCH标签99人,Kimi-K2.6,思考,7,工作和活动,3,C03：全文｜不规整｜逐条评分｜不清洗,11,C11：事件序列｜不规整｜逐条评分｜不清洗,99,是,是,0.673114709776662,0.6058168363846285,-0.06729787339203352,-0.15766400143788464,0.01391689730357266,0.0944527736131934,0.6412808966727348,0.5598301564362145,-0.08145074023652032,-0.16438428152359663,0.003967577940636481,0.04697651174412794,formal,正式,0.5915726347352639,0.372680326503415,差异未达FDR显著
各逐题条件相对C03,相对C03,HAMD-17,PDCH标签99人,Kimi-K2.6,思考,7,工作和活动,3,C03：全文｜不规整｜逐条评分｜不清洗,12,C12：事件序列｜不规整｜逐条评分｜清洗,99,是,是,0.673114709776662,0.5674283523086002,-0.10568635746806176,-0.20773657239167898,-0.008857771164166443,0.031484257871064465,0.6412808966727348,0.5315488672995622,-0.10973202937317261,-0.2126327592475869,-0.020246423195871575,0.02848575712143928,formal,正式,0.3865567216391804,0.3522469534463537,差异未达FDR显著
各逐题条件相对C03,相对C03,HAMD-17,PDCH标签99人,Kimi-K2.6,思考,7,工作和活动,3,C03：全文｜不规整｜逐条评分｜不清洗,15,C15：事件序列｜规整｜逐条评分｜不清洗,99,是,是,0.673114709776662,0.5375740787532681,-0.13554063102339386,-0.2648382576131505,-0.019913896108336767,0.029985007496251874,0.6412808966727348,0.4925229137919378,-0.148757982880797,-0.2775291850576965,-0.03248465493352681,0.02348825587206397,formal,正式,0.3865567216391804,0.3522469534463537,差异未达FDR显著
各逐题条件相对C03,相对C03,HAMD-17,PDCH标签99人,Kimi-K2.6,思考,7,工作和活动,3,C03：全文｜不规整｜逐条评分｜不清洗,16,C16：事件序列｜规整｜逐条评分｜清洗,99,是,是,0.673114709776662,0.523541271359051,-0.14957343841761095,-0.3025983099799263,-0.0346567293980917,0.0399800099950025,0.6412808966727348,0.4771564059953957,-0.16412449067733909,-0.29863687995955357,-0.03759560047306666,0.02948525737131434,formal,正式,0.3865567216391804,0.3522469534463537,差异未达FDR显著
各逐题条件相对C03,相对C03,HAMD-17,PDCH标签99人,Kimi-K2.6,思考,8,迟滞,3,C03：全文｜不规整｜逐条评分｜不清洗,4,C04：全文｜不规整｜逐条评分｜清洗,99,是,是,0.2547555671632735,0.2057246543343442,-0.049030912828929324,-0.239932927994533,0.1110686488997806,0.6206896551724138,0.2579080393213569,0.2072722098084139,-0.050635829512943015,-0.23335022214482012,0.1131341787847432,0.6061969015492253,formal,正式,0.9632149737097263,0.9548904792886576,差异未达FDR显著
各逐题条件相对C03,相对C03,HAMD-17,PDCH标签99人,Kimi-K2.6,思考,8,迟滞,3,C03：全文｜不规整｜逐条评分｜不清洗,7,C07：全文｜规整｜逐条评分｜不清洗,99,是,是,0.2547555671632735,0.22790426750045117,-0.026851299662822348,-0.20144723747458432,0.15612498465050306,0.8120939530234883,0.2579080393213569,0.2340471317223054,-0.023860907599051517,-0.21578308530548446,0.18718506093231776,0.8490754622688655,formal,正式,0.9632149737097263,0.9548904792886576,差异未达FDR显著
各逐题条件相对C03,相对C03,HAMD-17,PDCH标签99人,Kimi-K2.6,思考,8,迟滞,3,C03：全文｜不规整｜逐条评分｜不清洗,8,C08：全文｜规整｜逐条评分｜清洗,99,是,是,0.2547555671632735,0.2640739966159187,0.00931842945264516,-0.19686412096904402,0.2165895703078058,0.9435282358820589,0.2579080393213569,0.2715529551149214,0.013644915793564472,-0.181391871025512,0.21273076779856942,0.920039980009995,formal,正式,0.9632149737097263,0.9603926107121877,差异未达FDR显著
各逐题条件相对C03,相对C03,HAMD-17,PDCH标签99人,Kimi-K2.6,思考,8,迟滞,3,C03：全文｜不规整｜逐条评分｜不清洗,11,C11：事件序列｜不规整｜逐条评分｜不清洗,99,是,是,0.2547555671632735,0.23504291985352385,-0.01971264730974967,-0.16633997509443008,0.12555097193388373,0.8180909545227386,0.2579080393213569,0.2335888420299206,-0.024319197291436306,-0.16928617027929974,0.11926606199472027,0.7871064467766117,formal,正式,0.9632149737097263,0.9548904792886576,差异未达FDR显著
各逐题条件相对C03,相对C03,HAMD-17,PDCH标签99人,Kimi-K2.6,思考,8,迟滞,3,C03：全文｜不规整｜逐条评分｜不清洗,12,C12：事件序列｜不规整｜逐条评分｜清洗,99,是,是,0.2547555671632735,0.2354465311049192,-0.019309036058354323,-0.1902109518490694,0.14310565621281582,0.8515742128935532,0.2579080393213569,0.23217937593889276,-0.025728663382464156,-0.2233039748308,0.1393734178616361,0.792103948025987,formal,正式,0.9632149737097263,0.9548904792886576,差异未达FDR显著
各逐题条件相对C03,相对C03,HAMD-17,PDCH标签99人,Kimi-K2.6,思考,8,迟滞,3,C03：全文｜不规整｜逐条评分｜不清洗,15,C15：事件序列｜规整｜逐条评分｜不清洗,99,是,是,0.2547555671632735,0.297067021173719,0.042311454010445504,-0.1391637313542703,0.2325357957692431,0.7061469265367316,0.2579080393213569,0.3107973999879314,0.05288936066657446,-0.11341224955084181,0.227464008773589,0.6231884057971014,formal,正式,0.9632149737097263,0.9548904792886576,差异未达FDR显著
各逐题条件相对C03,相对C03,HAMD-17,PDCH标签99人,Kimi-K2.6,思考,8,迟滞,3,C03：全文｜不规整｜逐条评分｜不清洗,16,C16：事件序列｜规整｜逐条评分｜清洗,99,是,是,0.2547555671632735,0.2782060935111453,0.02345052634787176,-0.144642849393202,0.19897025813877428,0.8295852073963018,0.2579080393213569,0.285005076262139,0.027097036940782082,-0.13222660368660102,0.2074771253556384,0.8115942028985508,formal,正式,0.9632149737097263,0.9548904792886576,差异未达FDR显著
各逐题条件相对C03,相对C03,HAMD-17,PDCH标签99人,Kimi-K2.6,思考,9,激越,3,C03：全文｜不规整｜逐条评分｜不清洗,4,C04：全文｜不规整｜逐条评分｜清洗,99,是,是,0.2204743597871274,0.10301206217923256,-0.11746229760789484,-0.2979087392764039,0.05835510616245724,0.2158920539730135,0.20800512019802708,0.08974692860505104,-0.11825819159297604,-0.30146925587425116,0.0598954358267018,0.25237381309345325,formal,正式,0.6266135225070392,0.770063686105665,差异未达FDR显著
各逐题条件相对C03,相对C03,HAMD-17,PDCH标签99人,Kimi-K2.6,思考,9,激越,3,C03：全文｜不规整｜逐条评分｜不清洗,7,C07：全文｜规整｜逐条评分｜不清洗,99,是,是,0.2204743597871274,0.2634932601196214,0.043018900332493976,-0.1495711499478521,0.22846071755724562,0.6656671664167916,0.20800512019802708,0.24837541536020025,0.040370295162173164,-0.13748819088391037,0.22045559809541926,0.6756621689155422,formal,正式,0.9632149737097263,0.9548904792886576,差异未达FDR显著
各逐题条件相对C03,相对C03,HAMD-17,PDCH标签99人,Kimi-K2.6,思考,9,激越,3,C03：全文｜不规整｜逐条评分｜不清洗,8,C08：全文｜规整｜逐条评分｜清洗,99,是,是,0.2204743597871274,0.22858398401988447,0.008109624232757073,-0.1608977741750703,0.1477280247885672,0.9240379810094953,0.20800512019802708,0.21997206097267735,0.01196694077465027,-0.15423041147731845,0.19290171059638223,0.9010494752623688,formal,正式,0.9632149737097263,0.9603926107121877,差异未达FDR显著
各逐题条件相对C03,相对C03,HAMD-17,PDCH标签99人,Kimi-K2.6,思考,9,激越,3,C03：全文｜不规整｜逐条评分｜不清洗,11,C11：事件序列｜不规整｜逐条评分｜不清洗,99,是,是,0.2204743597871274,0.2789914111195241,0.05851705133239668,-0.12907289716874037,0.21293415043913724,0.5207396301849075,0.20800512019802708,0.2740085402987575,0.0660034201007304,-0.08791911306919434,0.2470120820536947,0.46976511744127936,formal,正式,0.9389093332121818,0.9317008162585374,差异未达FDR显著
各逐题条件相对C03,相对C03,HAMD-17,PDCH标签99人,Kimi-K2.6,思考,9,激越,3,C03：全文｜不规整｜逐条评分｜不清洗,12,C12：事件序列｜不规整｜逐条评分｜清洗,99,是,是,0.2204743597871274,0.21482821223495213,-0.005646147552175268,-0.16633123382893591,0.16717468504818422,0.9420289855072463,0.20800512019802708,0.21366776187943257,0.005662641681405484,-0.19590216146044165,0.1535705607702207,0.9455272363818091,formal,正式,0.9632149737097263,0.9616900951233786,差异未达FDR显著
各逐题条件相对C03,相对C03,HAMD-17,PDCH标签99人,Kimi-K2.6,思考,9,激越,3,C03：全文｜不规整｜逐条评分｜不清洗,15,C15：事件序列｜规整｜逐条评分｜不清洗,99,是,是,0.2204743597871274,0.24716456135126397,0.026690201564136568,-0.1561989928331288,0.20448666414526115,0.7626186906546727,0.20800512019802708,0.23621731537644852,0.02821219517842144,-0.1431491511145712,0.21485494013824152,0.7651174412793603,formal,正式,0.9632149737097263,0.9548904792886576,差异未达FDR显著
各逐题条件相对C03,相对C03,HAMD-17,PDCH标签99人,Kimi-K2.6,思考,9,激越,3,C03：全文｜不规整｜逐条评分｜不清洗,16,C16：事件序列｜规整｜逐条评分｜清洗,99,是,是,0.2204743597871274,0.21267212595320548,-0.007802233833921923,-0.22392562457557375,0.2033856865779484,0.9335332333833083,0.20800512019802708,0.19224712318130976,-0.015757997016717318,-0.22436836386299078,0.1855864246670616,0.863568215892054,formal,正式,0.9632149737097263,0.9603926107121877,差异未达FDR显著
各逐题条件相对C03,相对C03,HAMD-17,PDCH标签99人,Kimi-K2.6,思考,10,精神性焦虑,3,C03：全文｜不规整｜逐条评分｜不清洗,4,C04：全文｜不规整｜逐条评分｜清洗,99,是,是,0.4439792178324966,0.3483325441277978,-0.09564667370469881,-0.22611365669491887,0.019327791156335497,0.12993503248375812,0.380785057145621,0.3019913931504584,-0.07879366399516258,-0.2035031885756418,0.04773907019041705,0.19940029985007496,formal,正式,0.6196417920072221,0.6979010494752623,差异未达FDR显著
各逐题条件相对C03,相对C03,HAMD-17,PDCH标签99人,Kimi-K2.6,思考,10,精神性焦虑,3,C03：全文｜不规整｜逐条评分｜不清洗,7,C07：全文｜规整｜逐条评分｜不清洗,99,是,是,0.4439792178324966,0.37184236515035096,-0.07213685268214565,-0.25511040044821537,0.0970423276008868,0.42828585707146427,0.380785057145621,0.3250949273218771,-0.055690129823743884,-0.23034718741477395,0.11036157592510273,0.5162418790604698,formal,正式,0.8668547082391007,0.9478645292738247,差异未达FDR显著
各逐题条件相对C03,相对C03,HAMD-17,PDCH标签99人,Kimi-K2.6,思考,10,精神性焦虑,3,C03：全文｜不规整｜逐条评分｜不清洗,8,C08：全文｜规整｜逐条评分｜清洗,99,是,是,0.4439792178324966,0.5012023120893387,0.05722309425684213,-0.10224018327153377,0.21196922181757322,0.5132433783108445,0.380785057145621,0.4687751910518754,0.08799013390625438,-0.09427142278790243,0.2718913996619177,0.3353323338330835,formal,正式,0.9389093332121818,0.8143785250232027,差异未达FDR显著
各逐题条件相对C03,相对C03,HAMD-17,PDCH标签99人,Kimi-K2.6,思考,10,精神性焦虑,3,C03：全文｜不规整｜逐条评分｜不清洗,11,C11：事件序列｜不规整｜逐条评分｜不清洗,99,是,是,0.4439792178324966,0.4399085521224867,-0.004070665710009913,-0.09614561591156459,0.08479689706256023,0.9305347326336831,0.380785057145621,0.39196533223681934,0.011180275091198344,-0.07806768732610993,0.109692468904902,0.8100949525237381,formal,正式,0.9632149737097263,0.9548904792886576,差异未达FDR显著
各逐题条件相对C03,相对C03,HAMD-17,PDCH标签99人,Kimi-K2.6,思考,10,精神性焦虑,3,C03：全文｜不规整｜逐条评分｜不清洗,12,C12：事件序列｜不规整｜逐条评分｜清洗,99,是,是,0.4439792178324966,0.4532362966367387,0.009257078804242092,-0.09378241342219573,0.12048737836145727,0.8670664667666167,0.380785057145621,0.40077289851478337,0.019987841369162374,-0.08554622639056368,0.13686641239433803,0.7141429285357321,formal,正式,0.9632149737097263,0.9548904792886576,差异未达FDR显著
各逐题条件相对C03,相对C03,HAMD-17,PDCH标签99人,Kimi-K2.6,思考,10,精神性焦虑,3,C03：全文｜不规整｜逐条评分｜不清洗,15,C15：事件序列｜规整｜逐条评分｜不清洗,99,是,是,0.4439792178324966,0.4522324553870162,0.008253237554519566,-0.1322967545355977,0.1388156490563231,0.912543728135932,0.380785057145621,0.4042747624769288,0.023489705331307786,-0.1079817048448682,0.17272886723664035,0.7471264367816092,formal,正式,0.9632149737097263,0.9548904792886576,差异未达FDR显著
各逐题条件相对C03,相对C03,HAMD-17,PDCH标签99人,Kimi-K2.6,思考,10,精神性焦虑,3,C03：全文｜不规整｜逐条评分｜不清洗,16,C16：事件序列｜规整｜逐条评分｜清洗,99,是,是,0.4439792178324966,0.37798539490558086,-0.06599382292691575,-0.20916106645613733,0.08913246262935759,0.42978510744627685,0.380785057145621,0.340498376006565,-0.04028668113905598,-0.1966927195875919,0.10734974887038132,0.6316841579210395,formal,正式,0.8668547082391007,0.9548904792886576,差异未达FDR显著
各逐题条件相对C03,相对C03,HAMD-17,PDCH标签99人,Kimi-K2.6,思考,11,躯体性焦虑,3,C03：全文｜不规整｜逐条评分｜不清洗,4,C04：全文｜不规整｜逐条评分｜清洗,99,是,是,0.5047234398840729,0.5222858401687617,0.017562400284688806,-0.10385510112937268,0.13852153443996942,0.7721139430284858,0.45615311732982,0.4774474817313943,0.021294364401574284,-0.11109822995845647,0.1504667468185286,0.7216391804097951,formal,正式,0.9632149737097263,0.9548904792886576,差异未达FDR显著
各逐题条件相对C03,相对C03,HAMD-17,PDCH标签99人,Kimi-K2.6,思考,11,躯体性焦虑,3,C03：全文｜不规整｜逐条评分｜不清洗,7,C07：全文｜规整｜逐条评分｜不清洗,99,是,是,0.5047234398840729,0.5928140043517373,0.08809056446766439,-0.05886924761672246,0.24932616832777316,0.2563718140929535,0.45615311732982,0.551182873913051,0.09502975658323098,-0.06271964765702533,0.24967414602592092,0.21689155422288856,formal,正式,0.6722725593724876,0.7169470820145483,差异未达FDR显著
各逐题条件相对C03,相对C03,HAMD-17,PDCH标签99人,Kimi-K2.6,思考,11,躯体性焦虑,3,C03：全文｜不规整｜逐条评分｜不清洗,8,C08：全文｜规整｜逐条评分｜清洗,99,是,是,0.5047234398840729,0.4970439253761714,-0.0076795145079014415,-0.15088874531282648,0.1389316113026971,0.9175412293853074,0.45615311732982,0.44590161233721287,-0.01025150499260713,-0.15739182869489546,0.13873627435094063,0.8990504747626187,formal,正式,0.9632149737097263,0.9603926107121877,差异未达FDR显著
各逐题条件相对C03,相对C03,HAMD-17,PDCH标签99人,Kimi-K2.6,思考,11,躯体性焦虑,3,C03：全文｜不规整｜逐条评分｜不清洗,11,C11：事件序列｜不规整｜逐条评分｜不清洗,99,是,是,0.5047234398840729,0.47252776729153356,-0.032195672592539304,-0.14136443021978726,0.06689702160608578,0.5732133933033483,0.45615311732982,0.4126948868472266,-0.043458230482593396,-0.15291171017708222,0.07592121935374017,0.4592703648175912,formal,正式,0.9632149737097263,0.9317008162585374,差异未达FDR显著
各逐题条件相对C03,相对C03,HAMD-17,PDCH标签99人,Kimi-K2.6,思考,11,躯体性焦虑,3,C03：全文｜不规整｜逐条评分｜不清洗,12,C12：事件序列｜不规整｜逐条评分｜清洗,99,是,是,0.5047234398840729,0.4737232715979668,-0.031000168286106078,-0.151650017951764,0.09808984030167743,0.5937031484257871,0.45615311732982,0.42241739329417816,-0.033735724035641845,-0.14181902269218544,0.0812731425703626,0.5687156421789106,formal,正式,0.9632149737097263,0.9548904792886576,差异未达FDR显著
各逐题条件相对C03,相对C03,HAMD-17,PDCH标签99人,Kimi-K2.6,思考,11,躯体性焦虑,3,C03：全文｜不规整｜逐条评分｜不清洗,15,C15：事件序列｜规整｜逐条评分｜不清洗,99,是,是,0.5047234398840729,0.5380048969214283,0.03328145703735541,-0.09498765222038973,0.16175633105277312,0.6466766616691654,0.45615311732982,0.47686246637017815,0.02070934904035815,-0.10471257923369572,0.15891863632601577,0.7981009495252374,formal,正式,0.9632149737097263,0.9548904792886576,差异未达FDR显著
各逐题条件相对C03,相对C03,HAMD-17,PDCH标签99人,Kimi-K2.6,思考,11,躯体性焦虑,3,C03：全文｜不规整｜逐条评分｜不清洗,16,C16：事件序列｜规整｜逐条评分｜清洗,99,是,是,0.5047234398840729,0.5477271218385847,0.043003681954511874,-0.08438818291781715,0.18271723330183415,0.584207896051974,0.45615311732982,0.492016508020707,0.03586339069088701,-0.09983502797841694,0.17730933270780735,0.6436781609195402,formal,正式,0.9632149737097263,0.9548904792886576,差异未达FDR显著
各逐题条件相对C03,相对C03,HAMD-17,PDCH标签99人,Kimi-K2.6,思考,12,胃肠道症状,3,C03：全文｜不规整｜逐条评分｜不清洗,4,C04：全文｜不规整｜逐条评分｜清洗,99,是,是,0.4816495429108982,0.43837566424269353,-0.043273878668204646,-0.11423398310924178,0.013084736999339914,0.191904047976012,0.42258785310971625,0.37958847987418864,-0.042999373235527605,-0.122080176371945,0.016659793777453098,0.3248375812093953,formal,正式,0.6266135225070392,0.8053265034149591,差异未达FDR显著
各逐题条件相对C03,相对C03,HAMD-17,PDCH标签99人,Kimi-K2.6,思考,12,胃肠道症状,3,C03：全文｜不规整｜逐条评分｜不清洗,7,C07：全文｜规整｜逐条评分｜不清洗,99,是,是,0.4816495429108982,0.49813383940480294,0.01648429649390476,-0.07510216939794023,0.11706159841219982,0.7491254372813593,0.42258785310971625,0.4358375939916478,0.013249740881931538,-0.08216160671445276,0.11344720017176907,0.7926036981509246,formal,正式,0.9632149737097263,0.9548904792886576,差异未达FDR显著
各逐题条件相对C03,相对C03,HAMD-17,PDCH标签99人,Kimi-K2.6,思考,12,胃肠道症状,3,C03：全文｜不规整｜逐条评分｜不清洗,8,C08：全文｜规整｜逐条评分｜清洗,99,是,是,0.4816495429108982,0.5004410197188333,0.01879147680793508,-0.07526712053954339,0.1278727904652568,0.7451274362818591,0.42258785310971625,0.4442817303396828,0.021693877229966574,-0.07328651100269937,0.11430077543594347,0.6811594202898551,formal,正式,0.9632149737097263,0.9548904792886576,差异未达FDR显著
各逐题条件相对C03,相对C03,HAMD-17,PDCH标签99人,Kimi-K2.6,思考,12,胃肠道症状,3,C03：全文｜不规整｜逐条评分｜不清洗,11,C11：事件序列｜不规整｜逐条评分｜不清洗,99,是,是,0.4816495429108982,0.4524478603044179,-0.02920168260648026,-0.09748043111096504,0.02930866705384503,0.4017991004497751,0.42258785310971625,0.39807488195792196,-0.024512971151794294,-0.09843577232718663,0.037574795544058154,0.5147426286856571,formal,正式,0.8668547082391007,0.9478645292738247,差异未达FDR显著
各逐题条件相对C03,相对C03,HAMD-17,PDCH标签99人,Kimi-K2.6,思考,12,胃肠道症状,3,C03：全文｜不规整｜逐条评分｜不清洗,12,C12：事件序列｜不规整｜逐条评分｜清洗,99,是,是,0.4816495429108982,0.41267196401805495,-0.06897757889284323,-0.14973779241475624,-0.003507214662631794,0.11894052973513243,0.42258785310971625,0.35691549641260306,-0.06567235669711319,-0.14343286290108315,0.006036226779957339,0.11344327836081959,formal,正式,0.6196417920072221,0.605045303435239,差异未达FDR显著
各逐题条件相对C03,相对C03,HAMD-17,PDCH标签99人,Kimi-K2.6,思考,12,胃肠道症状,3,C03：全文｜不规整｜逐条评分｜不清洗,15,C15：事件序列｜规整｜逐条评分｜不清洗,99,是,是,0.4816495429108982,0.42992628090115886,-0.05172326200973931,-0.1397559548540562,0.021131002133636605,0.20389805097451275,0.42258785310971625,0.3656595144621172,-0.05692833864759905,-0.14147281876035553,0.013658231351462075,0.16841579210394803,formal,正式,0.6266135225070392,0.6541729135432284,差异未达FDR显著
各逐题条件相对C03,相对C03,HAMD-17,PDCH标签99人,Kimi-K2.6,思考,12,胃肠道症状,3,C03：全文｜不规整｜逐条评分｜不清洗,16,C16：事件序列｜规整｜逐条评分｜清洗,99,是,是,0.4816495429108982,0.41325275430037123,-0.06839678861052695,-0.16162093333097496,0.015025050189594501,0.14492753623188406,0.42258785310971625,0.35430833330869427,-0.06827951980102198,-0.1598668216753954,0.01212846154760481,0.11444277861069466,formal,正式,0.6196417920072221,0.605045303435239,差异未达FDR显著
各逐题条件相对C03,相对C03,HAMD-17,PDCH标签99人,Kimi-K2.6,思考,13,全身症状,3,C03：全文｜不规整｜逐条评分｜不清洗,4,C04：全文｜不规整｜逐条评分｜清洗,99,是,是,0.6110491203734394,0.4964382595574566,-0.11461086081598282,-0.2492709485620953,-0.003721028397552472,0.08545727136431784,0.5692365591320785,0.4628942677954328,-0.10634229133664569,-0.22665776886812447,0.013810968795348447,0.10644677661169415,formal,正式,0.5649675162418791,0.605045303435239,差异未达FDR显著
各逐题条件相对C03,相对C03,HAMD-17,PDCH标签99人,Kimi-K2.6,思考,13,全身症状,3,C03：全文｜不规整｜逐条评分｜不清洗,7,C07：全文｜规整｜逐条评分｜不清洗,99,是,是,0.6110491203734394,0.5513703249881724,-0.05967879538526699,-0.22254142481437994,0.09048196209370671,0.4927536231884058,0.5692365591320785,0.5163937174012126,-0.05284284173086584,-0.23142019336854772,0.09074920229868864,0.5407296351824088,formal,正式,0.9307568438003221,0.9548904792886576,差异未达FDR显著
各逐题条件相对C03,相对C03,HAMD-17,PDCH标签99人,Kimi-K2.6,思考,13,全身症状,3,C03：全文｜不规整｜逐条评分｜不清洗,8,C08：全文｜规整｜逐条评分｜清洗,99,是,是,0.6110491203734394,0.5075494265417232,-0.1034996938317162,-0.2646814163334793,0.01758665183845898,0.1519240379810095,0.5692365591320785,0.46378818258429516,-0.10544837654778333,-0.2610026800174266,0.02863505086595193,0.13693153423288357,formal,正式,0.6196417920072221,0.6223138430784607,差异未达FDR显著
各逐题条件相对C03,相对C03,HAMD-17,PDCH标签99人,Kimi-K2.6,思考,13,全身症状,3,C03：全文｜不规整｜逐条评分｜不清洗,11,C11：事件序列｜不规整｜逐条评分｜不清洗,99,是,是,0.6110491203734394,0.6504437535505421,0.03939463317710268,-0.016153871210306484,0.1068058790912942,0.20239880059970014,0.5692365591320785,0.6095541723705789,0.04031761323850036,-0.015700344190514245,0.10802337178853291,0.20689655172413793,formal,正式,0.6266135225070392,0.7034482758620689,差异未达FDR显著
各逐题条件相对C03,相对C03,HAMD-17,PDCH标签99人,Kimi-K2.6,思考,13,全身症状,3,C03：全文｜不规整｜逐条评分｜不清洗,12,C12：事件序列｜不规整｜逐条评分｜清洗,99,是,是,0.6110491203734394,0.5763707095969851,-0.03467841077645428,-0.15685009489966775,0.07530799014801118,0.624687656171914,0.5692365591320785,0.5420822482117273,-0.027154310920351143,-0.17287126383536783,0.09231703280437654,0.7091454272863568,formal,正式,0.9632149737097263,0.9548904792886576,差异未达FDR显著
各逐题条件相对C03,相对C03,HAMD-17,PDCH标签99人,Kimi-K2.6,思考,13,全身症状,3,C03：全文｜不规整｜逐条评分｜不清洗,15,C15：事件序列｜规整｜逐条评分｜不清洗,99,是,是,0.6110491203734394,0.46886108070187626,-0.14218803967156313,-0.26589883647419077,-0.006699013761302489,0.04247876061969016,0.5692365591320785,0.4259641459377236,-0.1432724131943549,-0.2717155994758934,-0.017546708258219756,0.034482758620689655,formal,正式,0.3865567216391804,0.3522469534463537,差异未达FDR显著
各逐题条件相对C03,相对C03,HAMD-17,PDCH标签99人,Kimi-K2.6,思考,13,全身症状,3,C03：全文｜不规整｜逐条评分｜不清洗,16,C16：事件序列｜规整｜逐条评分｜清洗,99,是,是,0.6110491203734394,0.4708849698653008,-0.14016415050813857,-0.27244553582242087,-0.006835313800837994,0.05747126436781609,0.5692365591320785,0.43284556189502976,-0.13639099723704873,-0.26193299731811615,-0.013459717005202439,0.07596201899050475,formal,正式,0.42744252873563215,0.5317341329335333,差异未达FDR显著
各逐题条件相对C03,相对C03,HAMD-17,PDCH标签99人,Kimi-K2.6,思考,14,性症状,3,C03：全文｜不规整｜逐条评分｜不清洗,4,C04：全文｜不规整｜逐条评分｜清洗,57,是,是,0.467533799159366,0.4832153389430344,0.01568153978366843,-0.08643185846028807,0.10579469255489674,0.744127936031984,0.40201179798389713,0.414975954424727,0.012964156440829877,-0.08318863722827516,0.10413981174648851,0.8370814592703648,formal,正式,0.9632149737097263,0.9548904792886576,差异未达FDR显著
各逐题条件相对C03,相对C03,HAMD-17,PDCH标签99人,Kimi-K2.6,思考,14,性症状,3,C03：全文｜不规整｜逐条评分｜不清洗,7,C07：全文｜规整｜逐条评分｜不清洗,44,是,是,0.4538228012223011,0.4552946680859493,0.0014718668636481969,-0.1954355214210598,0.1961054515156377,0.9795102448775612,0.411124357879314,0.4189018293610703,0.007777471481756282,-0.2005145626836054,0.20087798278952018,0.9130434782608695,formal,正式,0.9795102448775612,0.9603926107121877,差异未达FDR显著
各逐题条件相对C03,相对C03,HAMD-17,PDCH标签99人,Kimi-K2.6,思考,14,性症状,3,C03：全文｜不规整｜逐条评分｜不清洗,8,C08：全文｜规整｜逐条评分｜清洗,45,是,是,0.3850809158959563,0.31375408504401736,-0.07132683085193892,-0.2201215562188465,0.03699972925206041,0.5032483758120939,0.34145759997292313,0.2791847357487339,-0.062272864224189206,-0.204985576162116,0.0335013151922837,0.5057471264367817,formal,正式,0.9357274487756121,0.9478645292738247,差异未达FDR显著
各逐题条件相对C03,相对C03,HAMD-17,PDCH标签99人,Kimi-K2.6,思考,14,性症状,3,C03：全文｜不规整｜逐条评分｜不清洗,11,C11：事件序列｜不规整｜逐条评分｜不清洗,59,是,是,0.49121301482128454,0.48794351051839313,-0.003269504302891413,-0.07233206450454238,0.0622557881611705,0.7486256871564217,0.43162686380042836,0.42265427223691626,-0.0089725915635121,-0.0807534364836939,0.05370697742190686,0.7536231884057971,formal,正式,0.9632149737097263,0.9548904792886576,差异未达FDR显著
各逐题条件相对C03,相对C03,HAMD-17,PDCH标签99人,Kimi-K2.6,思考,14,性症状,3,C03：全文｜不规整｜逐条评分｜不清洗,12,C12：事件序列｜不规整｜逐条评分｜清洗,57,是,是,0.4691144447115364,0.42406306102629837,-0.04505138368523803,-0.15046038766463954,0.03815993515308017,0.33683158420789605,0.4077307471083968,0.36861794079416127,-0.039112806314235526,-0.13436715214433018,0.046777042170855966,0.36531734132933535,formal,正式,0.8350616358487423,0.8360146849652098,差异未达FDR显著
各逐题条件相对C03,相对C03,HAMD-17,PDCH标签99人,Kimi-K2.6,思考,14,性症状,3,C03：全文｜不规整｜逐条评分｜不清洗,15,C15：事件序列｜规整｜逐条评分｜不清洗,60,是,是,0.47518033134461996,0.437665655013112,-0.03751467633150796,-0.13899286147843218,0.03622195075140508,0.40429785107446276,0.4130555101267873,0.3744810343594926,-0.038574475767294725,-0.13440603555296574,0.048396260902680434,0.46526736631684157,formal,正式,0.8668547082391007,0.9317008162585374,差异未达FDR显著
各逐题条件相对C03,相对C03,HAMD-17,PDCH标签99人,Kimi-K2.6,思考,14,性症状,3,C03：全文｜不规整｜逐条评分｜不清洗,16,C16：事件序列｜规整｜逐条评分｜清洗,59,是,是,0.4811331540438301,0.422500435080331,-0.058632718963499086,-0.1890520809394129,0.05221694163616616,0.3893053473263368,0.42002033356397467,0.3605210246189887,-0.05949930894498595,-0.19219560277444553,0.05555338037638049,0.3588205897051474,formal,正式,0.8668547082391007,0.8360146849652098,差异未达FDR显著
各逐题条件相对C03,相对C03,HAMD-17,PDCH标签99人,Kimi-K2.6,思考,15,疑病,3,C03：全文｜不规整｜逐条评分｜不清洗,4,C04：全文｜不规整｜逐条评分｜清洗,99,是,是,0.12484352642391223,0.19616117110358422,0.07131764467967198,-0.044340893477721265,0.19170525038425512,0.31634182908545727,0.07939758911069954,0.15336047979170578,0.07396289068100624,-0.04605264197994355,0.1960205110172176,0.2733633183408296,formal,正式,0.8009505885355195,0.7745294019656839,差异未达FDR显著
各逐题条件相对C03,相对C03,HAMD-17,PDCH标签99人,Kimi-K2.6,思考,15,疑病,3,C03：全文｜不规整｜逐条评分｜不清洗,7,C07：全文｜规整｜逐条评分｜不清洗,99,是,是,0.12484352642391223,0.147574974132969,0.02273144770905676,-0.13592797145328817,0.1788158516026776,0.7806096951524237,0.07939758911069954,0.11582178807911886,0.03642419896841932,-0.1303715444170385,0.20657139909948385,0.6846576711644178,formal,正式,0.9632149737097263,0.9548904792886576,差异未达FDR显著
各逐题条件相对C03,相对C03,HAMD-17,PDCH标签99人,Kimi-K2.6,思考,15,疑病,3,C03：全文｜不规整｜逐条评分｜不清洗,8,C08：全文｜规整｜逐条评分｜清洗,99,是,是,0.12484352642391223,0.09334444921346213,-0.0314990772104501,-0.17296775696108943,0.12336636839794808,0.6686656671664168,0.07939758911069954,0.04647110296381753,-0.032926486146882004,-0.1878295757147748,0.11029546262782142,0.6856571714142928,formal,正式,0.9632149737097263,0.9548904792886576,差异未达FDR显著
各逐题条件相对C03,相对C03,HAMD-17,PDCH标签99人,Kimi-K2.6,思考,15,疑病,3,C03：全文｜不规整｜逐条评分｜不清洗,11,C11：事件序列｜不规整｜逐条评分｜不清洗,99,是,是,0.12484352642391223,0.18117040464114464,0.05632687821723241,-0.07755320133808564,0.20730805599474522,0.4777611194402799,0.07939758911069954,0.11057905697072191,0.031181467860022377,-0.09594624846602913,0.17123529402774526,0.6831584207896052,formal,正式,0.9189115119859426,0.9548904792886576,差异未达FDR显著
各逐题条件相对C03,相对C03,HAMD-17,PDCH标签99人,Kimi-K2.6,思考,15,疑病,3,C03：全文｜不规整｜逐条评分｜不清洗,12,C12：事件序列｜不规整｜逐条评分｜清洗,99,是,是,0.12484352642391223,0.0016237570753000557,-0.12321976934861217,-0.2472149767784685,-0.02380113249642984,0.02048975512243878,0.07939758911069954,-0.05899297349919815,-0.13839056260989768,-0.2734468970311369,-0.04479300521303294,0.0069965017491254375,formal,正式,0.3865567216391804,0.277527902715309,差异未达FDR显著
各逐题条件相对C03,相对C03,HAMD-17,PDCH标签99人,Kimi-K2.6,思考,15,疑病,3,C03：全文｜不规整｜逐条评分｜不清洗,15,C15：事件序列｜规整｜逐条评分｜不清洗,99,是,是,0.12484352642391223,0.08015121415949224,-0.04469231226442,-0.23076995908943693,0.13287346288034985,0.6186906546726637,0.07939758911069954,0.020216860593732608,-0.05918072851696693,-0.2071090482525033,0.09959231504317763,0.5177411294352824,formal,正式,0.9632149737097263,0.9478645292738247,差异未达FDR显著
各逐题条件相对C03,相对C03,HAMD-17,PDCH标签99人,Kimi-K2.6,思考,15,疑病,3,C03：全文｜不规整｜逐条评分｜不清洗,16,C16：事件序列｜规整｜逐条评分｜清洗,99,是,是,0.12484352642391223,0.14726588319661993,0.022422356772707694,-0.16215940287129807,0.23942023631265288,0.8380809595202399,0.07939758911069954,0.10201676140455242,0.02261917229385288,-0.16378028706046602,0.22085815764073652,0.8335832083958021,formal,正式,0.9632149737097263,0.9548904792886576,差异未达FDR显著
各逐题条件相对C03,相对C03,HAMD-17,PDCH标签99人,Kimi-K2.6,思考,16,体重减轻,3,C03：全文｜不规整｜逐条评分｜不清洗,4,C04：全文｜不规整｜逐条评分｜清洗,99,是,是,0.28455234127098006,0.16863200139457016,-0.1159203398764099,-0.26163453232626166,-0.002333997561579651,0.1054472763618191,0.22081162441596616,0.10688267905206482,-0.11392894536390134,-0.2658736654069201,0.01480711040745619,0.11694152923538231,formal,正式,0.6196417920072221,0.605045303435239,差异未达FDR显著
各逐题条件相对C03,相对C03,HAMD-17,PDCH标签99人,Kimi-K2.6,思考,16,体重减轻,3,C03：全文｜不规整｜逐条评分｜不清洗,7,C07：全文｜规整｜逐条评分｜不清洗,99,是,是,0.28455234127098006,0.34974347962836355,0.0651911383573835,-0.024992802311388583,0.17542923396932483,0.24237881059470265,0.22081162441596616,0.2916340616711002,0.07082243725513401,-0.03700710759450719,0.17891330530377308,0.22688655672163918,formal,正式,0.670769266529526,0.7297162229695963,差异未达FDR显著
各逐题条件相对C03,相对C03,HAMD-17,PDCH标签99人,Kimi-K2.6,思考,16,体重减轻,3,C03：全文｜不规整｜逐条评分｜不清洗,8,C08：全文｜规整｜逐条评分｜清洗,99,是,是,0.28455234127098006,0.2690664098081241,-0.015485931462855984,-0.15896871160973008,0.11481035338935737,0.8350824587706147,0.22081162441596616,0.2141700028664602,-0.006641621549505955,-0.1399047482351179,0.14112771848527353,0.9305347326336831,formal,正式,0.9632149737097263,0.9612650571266091,差异未达FDR显著
各逐题条件相对C03,相对C03,HAMD-17,PDCH标签99人,Kimi-K2.6,思考,16,体重减轻,3,C03：全文｜不规整｜逐条评分｜不清洗,11,C11：事件序列｜不规整｜逐条评分｜不清洗,99,是,是,0.28455234127098006,0.28863375028908295,0.004081409018102888,-0.07632943460654094,0.10200739032302501,0.8895552223888056,0.22081162441596616,0.2219095253922186,0.001097900976252425,-0.08542157248570718,0.09278485503158652,1.0,formal,正式,0.9632149737097263,1.0,差异未达FDR显著
各逐题条件相对C03,相对C03,HAMD-17,PDCH标签99人,Kimi-K2.6,思考,16,体重减轻,3,C03：全文｜不规整｜逐条评分｜不清洗,12,C12：事件序列｜不规整｜逐条评分｜清洗,99,是,是,0.28455234127098006,0.2518904858437807,-0.03266185542719935,-0.17122981112565736,0.09965286918969012,0.6686656671664168,0.22081162441596616,0.18892857058706292,-0.031883053828903246,-0.18114588751208927,0.1045427645872581,0.6826586706646677,formal,正式,0.9632149737097263,0.9548904792886576,差异未达FDR显著
各逐题条件相对C03,相对C03,HAMD-17,PDCH标签99人,Kimi-K2.6,思考,16,体重减轻,3,C03：全文｜不规整｜逐条评分｜不清洗,15,C15：事件序列｜规整｜逐条评分｜不清洗,99,是,是,0.28455234127098006,0.2634861943122156,-0.021066146958764465,-0.1381552368743633,0.08742991698112514,0.7006496751624188,0.22081162441596616,0.19498691648586514,-0.025824707930101026,-0.12958318852829168,0.08049506811877741,0.6496751624187906,formal,正式,0.9632149737097263,0.9548904792886576,差异未达FDR显著
各逐题条件相对C03,相对C03,HAMD-17,PDCH标签99人,Kimi-K2.6,思考,16,体重减轻,3,C03：全文｜不规整｜逐条评分｜不清洗,16,C16：事件序列｜规整｜逐条评分｜清洗,99,是,是,0.28455234127098006,0.2913407777392837,0.006788436468303627,-0.10656882256195342,0.11294097181728828,0.9115442278860569,0.22081162441596616,0.22920267104778513,0.008391046631818971,-0.09783283036275284,0.12227122719834775,0.8980509745127436,formal,正式,0.9632149737097263,0.9603926107121877,差异未达FDR显著
各逐题条件相对C03,相对C03,HAMD-17,PDCH标签99人,Kimi-K2.6,思考,17,自知力,3,C03：全文｜不规整｜逐条评分｜不清洗,4,C04：全文｜不规整｜逐条评分｜清洗,99,是,是,0.044760536505065056,-0.07714509579935996,-0.12190563230442503,-0.2798486689317405,0.03713383046026084,0.15292353823088456,0.04116585995517322,-0.08377337756849616,-0.12493923752366938,-0.29784347494412106,0.06193062169852647,0.16041979010494753,formal,正式,0.6196417920072221,0.6541729135432284,差异未达FDR显著
各逐题条件相对C03,相对C03,HAMD-17,PDCH标签99人,Kimi-K2.6,思考,17,自知力,3,C03：全文｜不规整｜逐条评分｜不清洗,7,C07：全文｜规整｜逐条评分｜不清洗,99,是,是,0.044760536505065056,0.20804547742306093,0.16328494091799586,-0.06526064814554529,0.36434561554361716,0.15792103948025987,0.04116585995517322,0.2063218248596862,0.16515596490451298,-0.08205433228234249,0.3888697110563059,0.18190904547726136,formal,正式,0.6196417920072221,0.6764742628685657,差异未达FDR显著
各逐题条件相对C03,相对C03,HAMD-17,PDCH标签99人,Kimi-K2.6,思考,17,自知力,3,C03：全文｜不规整｜逐条评分｜不清洗,8,C08：全文｜规整｜逐条评分｜清洗,99,是,是,0.044760536505065056,0.3056380797239101,0.26087754321884504,0.044148949952805244,0.49189161928825054,0.04247876061969016,0.04116585995517322,0.3073950784656466,0.26622921851047343,0.02685582276475151,0.4921498843089801,0.029985007496251874,formal,正式,0.3865567216391804,0.3522469534463537,差异未达FDR显著
各逐题条件相对C03,相对C03,HAMD-17,PDCH标签99人,Kimi-K2.6,思考,17,自知力,3,C03：全文｜不规整｜逐条评分｜不清洗,11,C11：事件序列｜不规整｜逐条评分｜不清洗,99,是,是,0.044760536505065056,0.15881165006697742,0.11405111356191236,-0.013373265034033863,0.29004436966929714,0.2538730634682659,0.04116585995517322,0.15409143185894655,0.11292557190377334,-0.020671456884333406,0.2845747328311439,0.24387806096951525,formal,正式,0.6722725593724876,0.7637234014571662,差异未达FDR显著
各逐题条件相对C03,相对C03,HAMD-17,PDCH标签99人,Kimi-K2.6,思考,17,自知力,3,C03：全文｜不规整｜逐条评分｜不清洗,12,C12：事件序列｜不规整｜逐条评分｜清洗,99,是,是,0.044760536505065056,0.18982098155894803,0.14506044505388296,-0.0575668025251055,0.3381048500875883,0.19490254872563717,0.04116585995517322,0.18500408366508098,0.14383822370990776,-0.03145253902833674,0.3387692665286962,0.19590204897551225,formal,正式,0.6266135225070392,0.6979010494752623,差异未达FDR显著
各逐题条件相对C03,相对C03,HAMD-17,PDCH标签99人,Kimi-K2.6,思考,17,自知力,3,C03：全文｜不规整｜逐条评分｜不清洗,15,C15：事件序列｜规整｜逐条评分｜不清洗,99,是,是,0.044760536505065056,-0.07734660271859985,-0.1221071392236649,-0.34958826919171315,0.13550064542993395,0.38580709645177413,0.04116585995517322,-0.07886637293992514,-0.12003223289509836,-0.37168878616291073,0.12628510841826002,0.4002998500749625,formal,正式,0.8668547082391007,0.8821422622022322,差异未达FDR显著
各逐题条件相对C03,相对C03,HAMD-17,PDCH标签99人,Kimi-K2.6,思考,17,自知力,3,C03：全文｜不规整｜逐条评分｜不清洗,16,C16：事件序列｜规整｜逐条评分｜清洗,99,是,是,0.044760536505065056,-0.114857725069183,-0.15961826157424805,-0.40932289110874215,0.129119092312457,0.25987006496751625,0.04116585995517322,-0.11688219205337684,-0.15804805200855004,-0.41612961770207774,0.0957918215349982,0.2733633183408296,formal,正式,0.6722725593724876,0.7745294019656839,差异未达FDR显著
各逐题条件相对C03,相对C03,HAMD-17,PDCH标签99人,Qwen3.7-Max,不思考,1,抑郁情绪,3,C03：全文｜不规整｜逐条评分｜不清洗,4,C04：全文｜不规整｜逐条评分｜清洗,99,是,是,0.6036928509507241,0.5969218043699754,-0.006771046580748674,-0.07889866490487897,0.05993537060588407,0.8580709645177411,0.5716895525372803,0.5682336977675472,-0.003455854769733091,-0.06988353779641995,0.06155518603942846,0.9115442278860569,formal,正式,1.0,1.0,差异未达FDR显著
各逐题条件相对C03,相对C03,HAMD-17,PDCH标签99人,Qwen3.7-Max,不思考,1,抑郁情绪,3,C03：全文｜不规整｜逐条评分｜不清洗,7,C07：全文｜规整｜逐条评分｜不清洗,99,是,是,0.6036928509507241,0.5587565631740005,-0.04493628777672365,-0.18557940923512053,0.08202319877340453,0.55872063968016,0.5716895525372803,0.526649683266783,-0.0450398692704973,-0.19924778790782147,0.07843589523540473,0.5817091454272864,formal,正式,0.927899064166547,0.8967314095761109,差异未达FDR显著
各逐题条件相对C03,相对C03,HAMD-17,PDCH标签99人,Qwen3.7-Max,不思考,1,抑郁情绪,3,C03：全文｜不规整｜逐条评分｜不清洗,8,C08：全文｜规整｜逐条评分｜清洗,99,是,是,0.6036928509507241,0.471543589658553,-0.13214926129217114,-0.31261799498793974,0.019895481069913568,0.17391304347826086,0.5716895525372803,0.45230941529767554,-0.11938013723960472,-0.3004774980609022,0.049236837395231964,0.21989005497251374,formal,正式,0.7593895360012302,0.7857666911225238,差异未达FDR显著
各逐题条件相对C03,相对C03,HAMD-17,PDCH标签99人,Qwen3.7-Max,不思考,1,抑郁情绪,3,C03：全文｜不规整｜逐条评分｜不清洗,11,C11：事件序列｜不规整｜逐条评分｜不清洗,99,是,是,0.6036928509507241,0.6136842943615829,0.00999144341085878,-0.04134394342182577,0.07482090339415642,0.736631684157921,0.5716895525372803,0.5871039043568617,0.015414351819581396,-0.03462393344528505,0.07113115189875674,0.6086956521739131,formal,正式,0.9896119356052312,0.8967314095761109,差异未达FDR显著
各逐题条件相对C03,相对C03,HAMD-17,PDCH标签99人,Qwen3.7-Max,不思考,1,抑郁情绪,3,C03：全文｜不规整｜逐条评分｜不清洗,12,C12：事件序列｜不规整｜逐条评分｜清洗,99,是,是,0.6036928509507241,0.5462498787614364,-0.05744297218928773,-0.13403284418339978,0.017013161986389518,0.19540229885057472,0.5716895525372803,0.5196892443797619,-0.05200030815751833,-0.13430888117348003,0.024823384047243543,0.22188905547226387,formal,正式,0.7593895360012302,0.7857666911225238,差异未达FDR显著
各逐题条件相对C03,相对C03,HAMD-17,PDCH标签99人,Qwen3.7-Max,不思考,1,抑郁情绪,3,C03：全文｜不规整｜逐条评分｜不清洗,15,C15：事件序列｜规整｜逐条评分｜不清洗,99,是,是,0.6036928509507241,0.560830468568891,-0.04286238238183315,-0.1578646620270596,0.06286178969015853,0.5137431284357821,0.5716895525372803,0.5144300631708209,-0.057259489366459415,-0.17413656333687624,0.0498064194264182,0.383808095952024,formal,正式,0.926294428543304,0.815592203898051,差异未达FDR显著
各逐题条件相对C03,相对C03,HAMD-17,PDCH标签99人,Qwen3.7-Max,不思考,1,抑郁情绪,3,C03：全文｜不规整｜逐条评分｜不清洗,16,C16：事件序列｜规整｜逐条评分｜清洗,99,是,是,0.6036928509507241,0.5289194354567894,-0.07477341549393468,-0.20242725802584777,0.04684946824053649,0.27386306846576713,0.5716895525372803,0.4911932815737793,-0.08049627096350098,-0.20644724432493147,0.047747576648032364,0.248375812093953,formal,正式,0.7759453606530068,0.7857666911225238,差异未达FDR显著
各逐题条件相对C03,相对C03,HAMD-17,PDCH标签99人,Qwen3.7-Max,不思考,2,有罪感,3,C03：全文｜不规整｜逐条评分｜不清洗,4,C04：全文｜不规整｜逐条评分｜清洗,99,是,是,0.3753410826158687,0.3761765665737679,0.0008354839578992301,-0.08530495245870377,0.07410775576310098,0.984007996001999,0.3283108739425223,0.3321177248042325,0.0038068508617102315,-0.07160798538362953,0.08455409265869383,0.9705147426286856,formal,正式,1.0,1.0,差异未达FDR显著
各逐题条件相对C03,相对C03,HAMD-17,PDCH标签99人,Qwen3.7-Max,不思考,2,有罪感,3,C03：全文｜不规整｜逐条评分｜不清洗,7,C07：全文｜规整｜逐条评分｜不清洗,99,是,是,0.3753410826158687,0.36014323967794915,-0.015197842937919537,-0.152283317790718,0.10965301144929908,0.8135932033983009,0.3283108739425223,0.31691766352842443,-0.011393210414097854,-0.14227761425599414,0.11828429553841277,0.8790604697651174,formal,正式,1.0,1.0,差异未达FDR显著
各逐题条件相对C03,相对C03,HAMD-17,PDCH标签99人,Qwen3.7-Max,不思考,2,有罪感,3,C03：全文｜不规整｜逐条评分｜不清洗,8,C08：全文｜规整｜逐条评分｜清洗,99,是,是,0.3753410826158687,0.4104606263302432,0.035119543714374535,-0.0832593864897068,0.1511956090211867,0.5857071464267866,0.3283108739425223,0.3718284387596223,0.04351756481710001,-0.07640595602156063,0.16930105779897223,0.4847576211894053,formal,正式,0.9388372480426452,0.8967314095761109,差异未达FDR显著
各逐题条件相对C03,相对C03,HAMD-17,PDCH标签99人,Qwen3.7-Max,不思考,2,有罪感,3,C03：全文｜不规整｜逐条评分｜不清洗,11,C11：事件序列｜不规整｜逐条评分｜不清洗,99,是,是,0.3753410826158687,0.41373202243245816,0.038390939816589476,-0.019935195411624296,0.11558712111835556,0.29685157421289354,0.3283108739425223,0.3683306034446142,0.04001972950209193,-0.017915379951349876,0.11651136900266876,0.26936531734132935,formal,正式,0.7966537564551057,0.7857666911225238,差异未达FDR显著
各逐题条件相对C03,相对C03,HAMD-17,PDCH标签99人,Qwen3.7-Max,不思考,2,有罪感,3,C03：全文｜不规整｜逐条评分｜不清洗,12,C12：事件序列｜不规整｜逐条评分｜清洗,99,是,是,0.3753410826158687,0.40835460386595995,0.03301352125009127,-0.050720928420446114,0.11897025627494386,0.46976511744127936,0.3283108739425223,0.363759917869236,0.03544904392671372,-0.05103495285985132,0.12971173985272455,0.45977011494252873,formal,正式,0.9134260994502749,0.8967314095761109,差异未达FDR显著
各逐题条件相对C03,相对C03,HAMD-17,PDCH标签99人,Qwen3.7-Max,不思考,2,有罪感,3,C03：全文｜不规整｜逐条评分｜不清洗,15,C15：事件序列｜规整｜逐条评分｜不清洗,99,是,是,0.3753410826158687,0.35616607966605995,-0.019175002949808728,-0.13654664108786743,0.1066661661097163,0.7706146926536732,0.3283108739425223,0.323291947726299,-0.005018926216223296,-0.11830650124767204,0.12449895059686746,0.9475262368815592,formal,正式,0.9951779429434219,1.0,差异未达FDR显著
各逐题条件相对C03,相对C03,HAMD-17,PDCH标签99人,Qwen3.7-Max,不思考,2,有罪感,3,C03：全文｜不规整｜逐条评分｜不清洗,16,C16：事件序列｜规整｜逐条评分｜清洗,99,是,是,0.3753410826158687,0.356718637430211,-0.0186224451856577,-0.13193426284029444,0.11463200588279278,0.7861069465267366,0.3283108739425223,0.3151985344414405,-0.01311233950108176,-0.1435374798816572,0.1096308331905473,0.8515742128935532,formal,正式,0.9951779429434219,1.0,差异未达FDR显著
各逐题条件相对C03,相对C03,HAMD-17,PDCH标签99人,Qwen3.7-Max,不思考,3,自杀,3,C03：全文｜不规整｜逐条评分｜不清洗,4,C04：全文｜不规整｜逐条评分｜清洗,99,是,是,0.42712167130956885,0.36034495348268136,-0.06677671782688749,-0.15337452823923703,-0.002057430981958245,0.09945027486256872,0.3562401251631665,0.2892755809797873,-0.06696454418337922,-0.15055782930347447,-0.0026915310117971826,0.09895052473763119,formal,正式,0.657476817146982,0.735944527736132,差异未达FDR显著
各逐题条件相对C03,相对C03,HAMD-17,PDCH标签99人,Qwen3.7-Max,不思考,3,自杀,3,C03：全文｜不规整｜逐条评分｜不清洗,7,C07：全文｜规整｜逐条评分｜不清洗,99,是,是,0.42712167130956885,0.449851903187507,0.022730231877938156,-0.1044753955091385,0.14009276123862702,0.7206396801599201,0.3562401251631665,0.3905783884858154,0.03433826332264889,-0.08961733987715638,0.14040925768635365,0.5732133933033483,formal,正式,0.985702551023339,0.8967314095761109,差异未达FDR显著
各逐题条件相对C03,相对C03,HAMD-17,PDCH标签99人,Qwen3.7-Max,不思考,3,自杀,3,C03：全文｜不规整｜逐条评分｜不清洗,8,C08：全文｜规整｜逐条评分｜清洗,99,是,是,0.42712167130956885,0.4631875266870074,0.03606585537743856,-0.06552237196616599,0.15182132305416898,0.56071964017991,0.3562401251631665,0.40973838991837996,0.053498264755213465,-0.07395849210755223,0.1655782758342339,0.3758120939530235,formal,正式,0.927899064166547,0.8131207123710872,差异未达FDR显著
各逐题条件相对C03,相对C03,HAMD-17,PDCH标签99人,Qwen3.7-Max,不思考,3,自杀,3,C03：全文｜不规整｜逐条评分｜不清洗,11,C11：事件序列｜不规整｜逐条评分｜不清洗,99,是,是,0.42712167130956885,0.44526003880328846,0.01813836749371961,-0.02630949165331289,0.058686395094172915,0.42978510744627685,0.3562401251631665,0.3776762065938482,0.021436081430681708,-0.016655421263469004,0.06508597602976095,0.3408295852073963,formal,正式,0.8818004790708094,0.7999333666500082,差异未达FDR显著
各逐题条件相对C03,相对C03,HAMD-17,PDCH标签99人,Qwen3.7-Max,不思考,3,自杀,3,C03：全文｜不规整｜逐条评分｜不清洗,12,C12：事件序列｜不规整｜逐条评分｜清洗,99,是,是,0.42712167130956885,0.3609138332480351,-0.06620783806153374,-0.14123207438933202,0.00558773556390544,0.0879560219890055,0.3562401251631665,0.29706806807686603,-0.05917205708630047,-0.13163485306952558,0.009490475008462626,0.1184407796101949,formal,正式,0.6506746626686657,0.7702815259037147,差异未达FDR显著
各逐题条件相对C03,相对C03,HAMD-17,PDCH标签99人,Qwen3.7-Max,不思考,3,自杀,3,C03：全文｜不规整｜逐条评分｜不清洗,15,C15：事件序列｜规整｜逐条评分｜不清洗,99,是,是,0.42712167130956885,0.461869611597456,0.034747940287887136,-0.05970947272469881,0.12447794649054642,0.4852573713143428,0.3562401251631665,0.3943150280067889,0.038074902843622416,-0.05593846345026892,0.13478607943283832,0.440279860069965,formal,正式,0.9134260994502749,0.8967314095761109,差异未达FDR显著
各逐题条件相对C03,相对C03,HAMD-17,PDCH标签99人,Qwen3.7-Max,不思考,3,自杀,3,C03：全文｜不规整｜逐条评分｜不清洗,16,C16：事件序列｜规整｜逐条评分｜清洗,99,是,是,0.42712167130956885,0.42950023855312175,0.002378567243552898,-0.0850261712031978,0.08474404546272789,0.967016491754123,0.3562401251631665,0.36116252433885365,0.004922399175687153,-0.10064497416762597,0.0998256742715447,0.9300349825087456,formal,正式,1.0,1.0,差异未达FDR显著
各逐题条件相对C03,相对C03,HAMD-17,PDCH标签99人,Qwen3.7-Max,不思考,4,入睡困难,3,C03：全文｜不规整｜逐条评分｜不清洗,4,C04：全文｜不规整｜逐条评分｜清洗,99,是,是,0.4269483556824837,0.3853563119449708,-0.04159204373751291,-0.11617415126722244,0.033184811846116644,0.3103448275862069,0.39442981321259313,0.35053740698610814,-0.04389240622648499,-0.11763054880526129,0.03273838807420278,0.3213393303348326,formal,正式,0.7966537564551057,0.7966537564551057,差异未达FDR显著
各逐题条件相对C03,相对C03,HAMD-17,PDCH标签99人,Qwen3.7-Max,不思考,4,入睡困难,3,C03：全文｜不规整｜逐条评分｜不清洗,7,C07：全文｜规整｜逐条评分｜不清洗,99,是,是,0.4269483556824837,0.3990467587053803,-0.02790159697710337,-0.15556988093854945,0.09792258443954652,0.6956521739130435,0.39442981321259313,0.3636504499059843,-0.030779363306608853,-0.17737424512426703,0.1032860925458178,0.6596701649175413,formal,正式,0.985408458561417,0.8967314095761109,差异未达FDR显著
各逐题条件相对C03,相对C03,HAMD-17,PDCH标签99人,Qwen3.7-Max,不思考,4,入睡困难,3,C03：全文｜不规整｜逐条评分｜不清洗,8,C08：全文｜规整｜逐条评分｜清洗,99,是,是,0.4269483556824837,0.32762559754610887,-0.09932275813637481,-0.245530158203505,0.03457300178334105,0.15592203898050974,0.39442981321259313,0.2878885725749945,-0.10654124063759862,-0.2585467187382699,0.0353675891497788,0.1359320339830085,formal,正式,0.7593895360012302,0.7702815259037147,差异未达FDR显著
各逐题条件相对C03,相对C03,HAMD-17,PDCH标签99人,Qwen3.7-Max,不思考,4,入睡困难,3,C03：全文｜不规整｜逐条评分｜不清洗,11,C11：事件序列｜不规整｜逐条评分｜不清洗,99,是,是,0.4269483556824837,0.47244875341192805,0.045500397729444364,-0.0031513642019358355,0.1154544111992896,0.12493753123438281,0.39442981321259313,0.4367729848773256,0.04234317166473245,-0.00561838726855249,0.10549527638490211,0.1184407796101949,formal,正式,0.7278027652840245,0.7702815259037147,差异未达FDR显著
各逐题条件相对C03,相对C03,HAMD-17,PDCH标签99人,Qwen3.7-Max,不思考,4,入睡困难,3,C03：全文｜不规整｜逐条评分｜不清洗,12,C12：事件序列｜不规整｜逐条评分｜清洗,99,是,是,0.4269483556824837,0.3813744442930139,-0.04557391138946976,-0.14301182799571147,0.0482287062034045,0.3728135932033983,0.39442981321259313,0.3483974864818427,-0.04603232673075042,-0.14035378807660806,0.0440327534064546,0.3428285857071464,formal,正式,0.8370720300227246,0.7999333666500082,差异未达FDR显著
各逐题条件相对C03,相对C03,HAMD-17,PDCH标签99人,Qwen3.7-Max,不思考,4,入睡困难,3,C03：全文｜不规整｜逐条评分｜不清洗,15,C15：事件序列｜规整｜逐条评分｜不清洗,99,是,是,0.4269483556824837,0.43181869236199316,0.004870336679509479,-0.0916711189403731,0.12041406287741097,0.9220389805097451,0.39442981321259313,0.40737800164188565,0.012948188429292518,-0.0848970058356602,0.12164617851976789,0.8195902048975512,formal,正式,1.0,1.0,差异未达FDR显著
各逐题条件相对C03,相对C03,HAMD-17,PDCH标签99人,Qwen3.7-Max,不思考,4,入睡困难,3,C03：全文｜不规整｜逐条评分｜不清洗,16,C16：事件序列｜规整｜逐条评分｜清洗,99,是,是,0.4269483556824837,0.42234581928538245,-0.004602536397101231,-0.12574686776640867,0.1099420683165523,0.9270364817591205,0.39442981321259313,0.39251348625519716,-0.001916326957395964,-0.10596274282853252,0.107344543081279,0.9740129935032483,formal,正式,1.0,1.0,差异未达FDR显著
各逐题条件相对C03,相对C03,HAMD-17,PDCH标签99人,Qwen3.7-Max,不思考,5,睡眠不深,3,C03：全文｜不规整｜逐条评分｜不清洗,4,C04：全文｜不规整｜逐条评分｜清洗,99,是,是,0.2759109729899049,0.23870834048772807,-0.03720263250217684,-0.1773263193322724,0.06592590252919876,0.6006996501749126,0.233699642412668,0.19268034981852006,-0.04101929259414794,-0.1651902142206712,0.06609232872300258,0.5892053973013494,formal,正式,0.9405691890896657,0.8967314095761109,差异未达FDR显著
各逐题条件相对C03,相对C03,HAMD-17,PDCH标签99人,Qwen3.7-Max,不思考,5,睡眠不深,3,C03：全文｜不规整｜逐条评分｜不清洗,7,C07：全文｜规整｜逐条评分｜不清洗,99,是,是,0.2759109729899049,0.23727845490693317,-0.038632518082971745,-0.2463943654152776,0.15771227417419406,0.6876561719140429,0.233699642412668,0.1926804783435712,-0.04101916406909681,-0.22493238326727977,0.14249473650512512,0.6616691654172914,formal,正式,0.985408458561417,0.8967314095761109,差异未达FDR显著
各逐题条件相对C03,相对C03,HAMD-17,PDCH标签99人,Qwen3.7-Max,不思考,5,睡眠不深,3,C03：全文｜不规整｜逐条评分｜不清洗,8,C08：全文｜规整｜逐条评分｜清洗,99,是,是,0.2759109729899049,0.21488521729243032,-0.06102575569747459,-0.24033548020433093,0.16529889155709984,0.5692153923038481,0.233699642412668,0.17158016667369821,-0.06211947573896978,-0.2549277666806116,0.13195426148846845,0.527736131934033,formal,正式,0.927899064166547,0.8967314095761109,差异未达FDR显著
各逐题条件相对C03,相对C03,HAMD-17,PDCH标签99人,Qwen3.7-Max,不思考,5,睡眠不深,3,C03：全文｜不规整｜逐条评分｜不清洗,11,C11：事件序列｜不规整｜逐条评分｜不清洗,99,是,是,0.2759109729899049,0.31483009752895247,0.038919124539047556,-0.06144915714829708,0.1538438100316908,0.47976011994003,0.233699642412668,0.2575728366228369,0.023873194210168924,-0.07819634135922442,0.1276924284785966,0.6526736631684158,formal,正式,0.9134260994502749,0.8967314095761109,差异未达FDR显著
各逐题条件相对C03,相对C03,HAMD-17,PDCH标签99人,Qwen3.7-Max,不思考,5,睡眠不深,3,C03：全文｜不规整｜逐条评分｜不清洗,12,C12：事件序列｜不规整｜逐条评分｜清洗,99,是,是,0.2759109729899049,0.24278245298289786,-0.033128520007007056,-0.15250344093452753,0.07895624915370396,0.591704147926037,0.233699642412668,0.19680324171168564,-0.03689640070098235,-0.1418786586241525,0.08102168428907151,0.5262368815592204,formal,正式,0.9388372480426452,0.8967314095761109,差异未达FDR显著
各逐题条件相对C03,相对C03,HAMD-17,PDCH标签99人,Qwen3.7-Max,不思考,5,睡眠不深,3,C03：全文｜不规整｜逐条评分｜不清洗,15,C15：事件序列｜规整｜逐条评分｜不清洗,99,是,是,0.2759109729899049,0.20126449760638354,-0.07464647538352137,-0.21397480810869277,0.067243096194745,0.3213393303348326,0.233699642412668,0.153041312812688,-0.08065832959997998,-0.22358815251530204,0.054742346741061106,0.25337331334332835,formal,正式,0.7966537564551057,0.7857666911225238,差异未达FDR显著
各逐题条件相对C03,相对C03,HAMD-17,PDCH标签99人,Qwen3.7-Max,不思考,5,睡眠不深,3,C03：全文｜不规整｜逐条评分｜不清洗,16,C16：事件序列｜规整｜逐条评分｜清洗,99,是,是,0.2759109729899049,0.21758581430257873,-0.058325158687326184,-0.18520741249845818,0.07780189265908043,0.35582208895552225,0.233699642412668,0.166393543428991,-0.06730609898367701,-0.1839603911268639,0.05803673916381177,0.29985007496251875,formal,正式,0.8200034598085573,0.7857666911225238,差异未达FDR显著
各逐题条件相对C03,相对C03,HAMD-17,PDCH标签99人,Qwen3.7-Max,不思考,6,早醒,3,C03：全文｜不规整｜逐条评分｜不清洗,4,C04：全文｜不规整｜逐条评分｜清洗,99,是,是,0.3686665560838665,0.3826502910309971,0.013983734947130622,-0.01777374862418271,0.05557067127546144,0.312343828085957,0.30809537369874157,0.3236458356522978,0.01555046195355625,-0.020270571152638864,0.05279665207849583,0.3353323338330835,formal,正式,0.7966537564551057,0.7999333666500082,差异未达FDR显著
各逐题条件相对C03,相对C03,HAMD-17,PDCH标签99人,Qwen3.7-Max,不思考,6,早醒,3,C03：全文｜不规整｜逐条评分｜不清洗,7,C07：全文｜规整｜逐条评分｜不清洗,99,是,是,0.3686665560838665,0.3721490621325873,0.0034825060487208015,-0.10414409926771964,0.11417401326526382,0.9435282358820589,0.30809537369874157,0.3183344779901567,0.010239104291415113,-0.09384535939878814,0.13159498880077375,0.8390804597701149,formal,正式,1.0,1.0,差异未达FDR显著
各逐题条件相对C03,相对C03,HAMD-17,PDCH标签99人,Qwen3.7-Max,不思考,6,早醒,3,C03：全文｜不规整｜逐条评分｜不清洗,8,C08：全文｜规整｜逐条评分｜清洗,99,是,是,0.3686665560838665,0.35071290810307093,-0.017953647980795573,-0.12350761427990921,0.10166311755011445,0.7591204397801099,0.30809537369874157,0.3025309623614818,-0.005564411337259767,-0.13406555860759586,0.12337496738501316,0.9280359820089955,formal,正式,0.9951779429434219,1.0,差异未达FDR显著
各逐题条件相对C03,相对C03,HAMD-17,PDCH标签99人,Qwen3.7-Max,不思考,6,早醒,3,C03：全文｜不规整｜逐条评分｜不清洗,11,C11：事件序列｜不规整｜逐条评分｜不清洗,99,是,是,0.3686665560838665,0.35485356493032183,-0.013812991153544674,-0.08586221643530731,0.058213935930676766,0.7086456771614192,0.30809537369874157,0.2997224405988488,-0.008372933099892788,-0.08865879891633763,0.060455590110589166,0.8610694652673663,formal,正式,0.985408458561417,1.0,差异未达FDR显著
各逐题条件相对C03,相对C03,HAMD-17,PDCH标签99人,Qwen3.7-Max,不思考,6,早醒,3,C03：全文｜不规整｜逐条评分｜不清洗,12,C12：事件序列｜不规整｜逐条评分｜清洗,99,是,是,0.3686665560838665,0.3654881297183348,-0.003178426365531728,-0.06398273874151597,0.06078305012159266,0.8900549725137431,0.30809537369874157,0.30926964296560383,0.00117426926686226,-0.059316363500644474,0.06042113931341136,0.9585207396301849,formal,正式,1.0,1.0,差异未达FDR显著
各逐题条件相对C03,相对C03,HAMD-17,PDCH标签99人,Qwen3.7-Max,不思考,6,早醒,3,C03：全文｜不规整｜逐条评分｜不清洗,15,C15：事件序列｜规整｜逐条评分｜不清洗,99,是,是,0.3686665560838665,0.33711138248109396,-0.031555173602772546,-0.11440897920097388,0.06775151488402392,0.5112443778110944,0.30809537369874157,0.28265420723039886,-0.025441166468342713,-0.12293526364021408,0.0814403426831229,0.6336831584207896,formal,正式,0.926294428543304,0.8967314095761109,差异未达FDR显著
各逐题条件相对C03,相对C03,HAMD-17,PDCH标签99人,Qwen3.7-Max,不思考,6,早醒,3,C03：全文｜不规整｜逐条评分｜不清洗,16,C16：事件序列｜规整｜逐条评分｜清洗,99,是,是,0.3686665560838665,0.33561801809255326,-0.03304853799131324,-0.12215060251986538,0.059896828109886266,0.4912543728135932,0.30809537369874157,0.27921910713146836,-0.028876266567273212,-0.12063988525072167,0.06844502732181863,0.5877061469265368,formal,正式,0.9134260994502749,0.8967314095761109,差异未达FDR显著
各逐题条件相对C03,相对C03,HAMD-17,PDCH标签99人,Qwen3.7-Max,不思考,7,工作和活动,3,C03：全文｜不规整｜逐条评分｜不清洗,4,C04：全文｜不规整｜逐条评分｜清洗,99,是,是,0.6144544257797407,0.6416664306661767,0.027212004886435937,-0.034538417239524,0.10885253413130233,0.4642678660669665,0.5828196525492016,0.6070348641687068,0.024215211619505128,-0.04392292269449595,0.08424997703444473,0.511744127936032,formal,正式,0.9134260994502749,0.8967314095761109,差异未达FDR显著
各逐题条件相对C03,相对C03,HAMD-17,PDCH标签99人,Qwen3.7-Max,不思考,7,工作和活动,3,C03：全文｜不规整｜逐条评分｜不清洗,7,C07：全文｜规整｜逐条评分｜不清洗,99,是,是,0.6144544257797407,0.556928288979923,-0.05752613679981777,-0.1559619785088398,0.04010422605179839,0.28385807096451776,0.5828196525492016,0.5262918916543053,-0.056527760894896306,-0.15258751813152044,0.04308846854773312,0.30484757621189407,formal,正式,0.7855607080180841,0.7857666911225238,差异未达FDR显著
各逐题条件相对C03,相对C03,HAMD-17,PDCH标签99人,Qwen3.7-Max,不思考,7,工作和活动,3,C03：全文｜不规整｜逐条评分｜不清洗,8,C08：全文｜规整｜逐条评分｜清洗,99,是,是,0.6144544257797407,0.5072479111724689,-0.10720651460727182,-0.23983770510794114,0.02131526033142471,0.1409295352323838,0.5828196525492016,0.4873923467845706,-0.09542730576463104,-0.23654758452766775,0.043651614423346,0.20239880059970014,formal,正式,0.7575994611389957,0.7857666911225238,差异未达FDR显著
各逐题条件相对C03,相对C03,HAMD-17,PDCH标签99人,Qwen3.7-Max,不思考,7,工作和活动,3,C03：全文｜不规整｜逐条评分｜不清洗,11,C11：事件序列｜不规整｜逐条评分｜不清洗,99,是,是,0.6144544257797407,0.640354507403445,0.025900081623704274,-0.032039677471354444,0.08819914137233795,0.41379310344827586,0.5828196525492016,0.6060698150703187,0.023250162521117,-0.035931732723753315,0.09536890220369111,0.4912543728135932,formal,正式,0.8793103448275862,0.8967314095761109,差异未达FDR显著
各逐题条件相对C03,相对C03,HAMD-17,PDCH标签99人,Qwen3.7-Max,不思考,7,工作和活动,3,C03：全文｜不规整｜逐条评分｜不清洗,12,C12：事件序列｜不规整｜逐条评分｜清洗,99,是,是,0.6144544257797407,0.6122493963144476,-0.002205029465293107,-0.0649840127780471,0.06340360850123106,0.9565217391304348,0.5828196525492016,0.5818946645746497,-0.0009249879745519829,-0.0634584575301733,0.06222569502595978,0.9790104947526237,formal,正式,1.0,1.0,差异未达FDR显著
各逐题条件相对C03,相对C03,HAMD-17,PDCH标签99人,Qwen3.7-Max,不思考,7,工作和活动,3,C03：全文｜不规整｜逐条评分｜不清洗,15,C15：事件序列｜规整｜逐条评分｜不清洗,99,是,是,0.6144544257797407,0.5265967136193656,-0.08785771216037519,-0.17115672200632992,-0.000808270386166201,0.051974012993503245,0.5828196525492016,0.4860516921588858,-0.09676796039031588,-0.1899164401505487,-0.010462791048119828,0.04597701149425287,formal,正式,0.6363318340829586,0.5471264367816092,差异未达FDR显著
各逐题条件相对C03,相对C03,HAMD-17,PDCH标签99人,Qwen3.7-Max,不思考,7,工作和活动,3,C03：全文｜不规整｜逐条评分｜不清洗,16,C16：事件序列｜规整｜逐条评分｜清洗,99,是,是,0.6144544257797407,0.5468744792116207,-0.06757994656812005,-0.15353518033809171,0.013462847745820154,0.12843578210894552,0.5828196525492016,0.5125527707416392,-0.07026688180756246,-0.15340599254301365,0.0054438411425719035,0.15292353823088456,formal,正式,0.7278027652840245,0.7857666911225238,差异未达FDR显著
各逐题条件相对C03,相对C03,HAMD-17,PDCH标签99人,Qwen3.7-Max,不思考,8,迟滞,3,C03：全文｜不规整｜逐条评分｜不清洗,4,C04：全文｜不规整｜逐条评分｜清洗,99,是,是,0.550780151883875,0.5093866937911748,-0.04139345809270012,-0.1593529132641902,0.0471247118295549,0.5472263868065967,0.5543140219845368,0.507909304758056,-0.046404717226480874,-0.15567435454377254,0.046989806858494874,0.4897551224387806,formal,正式,0.927899064166547,0.8967314095761109,差异未达FDR显著
各逐题条件相对C03,相对C03,HAMD-17,PDCH标签99人,Qwen3.7-Max,不思考,8,迟滞,3,C03：全文｜不规整｜逐条评分｜不清洗,7,C07：全文｜规整｜逐条评分｜不清洗,99,是,是,0.550780151883875,0.3618066676087758,-0.1889734842750992,-0.3562206087047079,-0.018688748892034146,0.02848575712143928,0.5543140219845368,0.36372342057599183,-0.190590601408545,-0.34913476185035214,-0.03294907546572181,0.028985507246376812,formal,正式,0.42372563718140926,0.4030762396579488,差异未达FDR显著
各逐题条件相对C03,相对C03,HAMD-17,PDCH标签99人,Qwen3.7-Max,不思考,8,迟滞,3,C03：全文｜不规整｜逐条评分｜不清洗,8,C08：全文｜规整｜逐条评分｜清洗,99,是,是,0.550780151883875,0.33574545227261626,-0.2150346996112587,-0.3883384053684976,-0.054514986734137856,0.01249375312343828,0.5543140219845368,0.33040950664667956,-0.22390451533785727,-0.38457508420499,-0.05068686790540306,0.01249375312343828,formal,正式,0.21239380309845077,0.21239380309845077,差异未达FDR显著
各逐题条件相对C03,相对C03,HAMD-17,PDCH标签99人,Qwen3.7-Max,不思考,8,迟滞,3,C03：全文｜不规整｜逐条评分｜不清洗,11,C11：事件序列｜不规整｜逐条评分｜不清洗,99,是,是,0.550780151883875,0.6246759194922925,0.07389576760841754,-0.019819617348155474,0.17516758425800574,0.18140929535232383,0.5543140219845368,0.6206036058061033,0.06628958382156647,-0.030273846356366475,0.16801926954375393,0.2383808095952024,formal,正式,0.7593895360012302,0.7857666911225238,差异未达FDR显著
各逐题条件相对C03,相对C03,HAMD-17,PDCH标签99人,Qwen3.7-Max,不思考,8,迟滞,3,C03：全文｜不规整｜逐条评分｜不清洗,12,C12：事件序列｜不规整｜逐条评分｜清洗,99,是,是,0.550780151883875,0.5246306630606589,-0.026149488823216105,-0.13385954229648062,0.08673702530688161,0.671664167916042,0.5543140219845368,0.5285966382056654,-0.02571738377887145,-0.1485330628255557,0.09599996687842938,0.670664667666167,formal,正式,0.985408458561417,0.8967314095761109,差异未达FDR显著
各逐题条件相对C03,相对C03,HAMD-17,PDCH标签99人,Qwen3.7-Max,不思考,8,迟滞,3,C03：全文｜不规整｜逐条评分｜不清洗,15,C15：事件序列｜规整｜逐条评分｜不清洗,99,是,是,0.550780151883875,0.4808726472412246,-0.06990750464265039,-0.18907934417369074,0.04028913041558239,0.22788605697151423,0.5543140219845368,0.48332357983338,-0.07099044215115685,-0.19147517550845924,0.04104880421672071,0.2303848075962019,formal,正式,0.7593895360012302,0.7857666911225238,差异未达FDR显著
各逐题条件相对C03,相对C03,HAMD-17,PDCH标签99人,Qwen3.7-Max,不思考,8,迟滞,3,C03：全文｜不规整｜逐条评分｜不清洗,16,C16：事件序列｜规整｜逐条评分｜清洗,99,是,是,0.550780151883875,0.4938204037419403,-0.05695974814193466,-0.16096434946445523,0.05925971838891592,0.4057971014492754,0.5543140219845368,0.5011590716912011,-0.05315495029333572,-0.16522151331219642,0.06542383413089757,0.4547726136931534,formal,正式,0.8779973649538868,0.8967314095761109,差异未达FDR显著
各逐题条件相对C03,相对C03,HAMD-17,PDCH标签99人,Qwen3.7-Max,不思考,9,激越,3,C03：全文｜不规整｜逐条评分｜不清洗,4,C04：全文｜不规整｜逐条评分｜清洗,99,是,是,0.33434048001379557,0.3108321911787725,-0.023508288835023095,-0.14238041136680593,0.1125216492892196,0.712143928035982,0.3231146806750535,0.30067454089057133,-0.02244013978448217,-0.14865178568325074,0.09694602111897194,0.7391304347826086,formal,正式,0.985408458561417,0.9665551839464882,差异未达FDR显著
各逐题条件相对C03,相对C03,HAMD-17,PDCH标签99人,Qwen3.7-Max,不思考,9,激越,3,C03：全文｜不规整｜逐条评分｜不清洗,7,C07：全文｜规整｜逐条评分｜不清洗,99,是,是,0.33434048001379557,0.3393007002854696,0.004960220271674032,-0.17099745779678052,0.18694319131275636,0.960519740129935,0.3231146806750535,0.3282459932226453,0.005131312547591804,-0.15718393982770043,0.16599856067378632,0.9550224887556222,formal,正式,1.0,1.0,差异未达FDR显著
各逐题条件相对C03,相对C03,HAMD-17,PDCH标签99人,Qwen3.7-Max,不思考,9,激越,3,C03：全文｜不规整｜逐条评分｜不清洗,8,C08：全文｜规整｜逐条评分｜清洗,99,是,是,0.33434048001379557,0.24206979002405063,-0.09227068998974494,-0.26286976806261225,0.05418882760651871,0.26286856571714146,0.3231146806750535,0.22780011915230203,-0.09531456152275147,-0.2535861936537238,0.0733919056511943,0.2478760619690155,formal,正式,0.7759453606530068,0.7857666911225238,差异未达FDR显著
各逐题条件相对C03,相对C03,HAMD-17,PDCH标签99人,Qwen3.7-Max,不思考,9,激越,3,C03：全文｜不规整｜逐条评分｜不清洗,11,C11：事件序列｜不规整｜逐条评分｜不清洗,99,是,是,0.33434048001379557,0.45222517573474097,0.1178846957209454,0.00035871042347476875,0.24001067589440475,0.05347326336831584,0.3231146806750535,0.43757771521795896,0.11446303454290546,0.005896625509522152,0.22748974343452233,0.06046976511744128,formal,正式,0.6363318340829586,0.6541729135432285,差异未达FDR显著
各逐题条件相对C03,相对C03,HAMD-17,PDCH标签99人,Qwen3.7-Max,不思考,9,激越,3,C03：全文｜不规整｜逐条评分｜不清洗,12,C12：事件序列｜不规整｜逐条评分｜清洗,99,是,是,0.33434048001379557,0.3361754247333203,0.0018349447195247226,-0.123031335010331,0.1156131738409136,0.9780109945027486,0.3231146806750535,0.33011686740468615,0.007002186729632653,-0.11616479882480468,0.12162831860728388,0.9130434782608695,formal,正式,1.0,1.0,差异未达FDR显著
各逐题条件相对C03,相对C03,HAMD-17,PDCH标签99人,Qwen3.7-Max,不思考,9,激越,3,C03：全文｜不规整｜逐条评分｜不清洗,15,C15：事件序列｜规整｜逐条评分｜不清洗,99,是,是,0.33434048001379557,0.3362926817633031,0.0019522017495075539,-0.16261575359586167,0.15514786925219506,0.9765117441279361,0.3231146806750535,0.3286446792050796,0.0055299985300261145,-0.143661437324743,0.16781068554962444,0.952023988005997,formal,正式,1.0,1.0,差异未达FDR显著
各逐题条件相对C03,相对C03,HAMD-17,PDCH标签99人,Qwen3.7-Max,不思考,9,激越,3,C03：全文｜不规整｜逐条评分｜不清洗,16,C16：事件序列｜规整｜逐条评分｜清洗,99,是,是,0.33434048001379557,0.3250822585510725,-0.009258221462723093,-0.1760546007573285,0.16146850967271695,0.9220389805097451,0.3231146806750535,0.3200664640496611,-0.003048216625392397,-0.17152334402546002,0.16158768705396737,0.9735132433783108,formal,正式,1.0,1.0,差异未达FDR显著
各逐题条件相对C03,相对C03,HAMD-17,PDCH标签99人,Qwen3.7-Max,不思考,10,精神性焦虑,3,C03：全文｜不规整｜逐条评分｜不清洗,4,C04：全文｜不规整｜逐条评分｜清洗,99,是,是,0.528134539334414,0.4777300533342216,-0.05040448600019243,-0.1273211462985249,0.027920414151083827,0.2178910544727636,0.4712671485235436,0.4225826128770029,-0.04868453564654074,-0.13249136120999233,0.0243347960468162,0.255872063968016,formal,正式,0.7593895360012302,0.7857666911225238,差异未达FDR显著
各逐题条件相对C03,相对C03,HAMD-17,PDCH标签99人,Qwen3.7-Max,不思考,10,精神性焦虑,3,C03：全文｜不规整｜逐条评分｜不清洗,7,C07：全文｜规整｜逐条评分｜不清洗,99,是,是,0.528134539334414,0.4622209373673238,-0.06591360196709023,-0.21467186681621953,0.057685405985990305,0.39430284857571213,0.4712671485235436,0.418189490286962,-0.053077658236581615,-0.1933741279720634,0.0696168140848391,0.4987506246876562,formal,正式,0.8689266477872174,0.8967314095761109,差异未达FDR显著
各逐题条件相对C03,相对C03,HAMD-17,PDCH标签99人,Qwen3.7-Max,不思考,10,精神性焦虑,3,C03：全文｜不规整｜逐条评分｜不清洗,8,C08：全文｜规整｜逐条评分｜清洗,99,是,是,0.528134539334414,0.38144352852856483,-0.14669101080584918,-0.28843161699106407,-0.008301494880651492,0.06746626686656672,0.4712671485235436,0.34699344591169434,-0.12427370261184928,-0.2927147788097985,0.01056541769330292,0.12343828085957022,formal,正式,0.6506746626686657,0.7702815259037147,差异未达FDR显著
各逐题条件相对C03,相对C03,HAMD-17,PDCH标签99人,Qwen3.7-Max,不思考,10,精神性焦虑,3,C03：全文｜不规整｜逐条评分｜不清洗,11,C11：事件序列｜不规整｜逐条评分｜不清洗,99,是,是,0.528134539334414,0.5369525055617436,0.008817966227329554,-0.03755252632451889,0.060416005397525445,0.7116441779110445,0.4712671485235436,0.4801317839394768,0.008864635415933186,-0.03462481437250267,0.055844291899206464,0.736631684157921,formal,正式,0.985408458561417,0.9665551839464882,差异未达FDR显著
各逐题条件相对C03,相对C03,HAMD-17,PDCH标签99人,Qwen3.7-Max,不思考,10,精神性焦虑,3,C03：全文｜不规整｜逐条评分｜不清洗,12,C12：事件序列｜不规整｜逐条评分｜清洗,99,是,是,0.528134539334414,0.4582854401502903,-0.06984909918412369,-0.1760634933957042,0.023512472033871367,0.14642678660669664,0.4712671485235436,0.4036455090809972,-0.0676216394425464,-0.16406259632988845,0.01508664785583132,0.13143428285857073,formal,正式,0.7575994611389957,0.7702815259037147,差异未达FDR显著
各逐题条件相对C03,相对C03,HAMD-17,PDCH标签99人,Qwen3.7-Max,不思考,10,精神性焦虑,3,C03：全文｜不规整｜逐条评分｜不清洗,15,C15：事件序列｜规整｜逐条评分｜不清洗,99,是,是,0.528134539334414,0.5914828227296084,0.06334828339519438,-0.03160237296395136,0.16243240397120676,0.22088955522238882,0.4712671485235436,0.5332518305365297,0.06198468201298607,-0.05420476786775677,0.16753826115365666,0.23738130934532733,formal,正式,0.7593895360012302,0.7857666911225238,差异未达FDR显著
各逐题条件相对C03,相对C03,HAMD-17,PDCH标签99人,Qwen3.7-Max,不思考,10,精神性焦虑,3,C03：全文｜不规整｜逐条评分｜不清洗,16,C16：事件序列｜规整｜逐条评分｜清洗,99,是,是,0.528134539334414,0.5540262044683373,0.02589166513392327,-0.07606436628703926,0.13268259670285162,0.6266866566716641,0.4712671485235436,0.4958955067378741,0.02462835821433046,-0.08456263462536541,0.14752816693506376,0.6636681659170415,formal,正式,0.9644857058650163,0.8967314095761109,差异未达FDR显著
各逐题条件相对C03,相对C03,HAMD-17,PDCH标签99人,Qwen3.7-Max,不思考,11,躯体性焦虑,3,C03：全文｜不规整｜逐条评分｜不清洗,4,C04：全文｜不规整｜逐条评分｜清洗,99,是,是,0.5523615885885786,0.6142719125229432,0.061910323934364575,-0.004124027223107879,0.13880029930815263,0.08295852073963018,0.4893806543758307,0.5552307116811074,0.06585005730527665,-0.0059916512094148255,0.1487015755909673,0.07796101949025487,formal,正式,0.6506746626686657,0.7295019157088123,差异未达FDR显著
各逐题条件相对C03,相对C03,HAMD-17,PDCH标签99人,Qwen3.7-Max,不思考,11,躯体性焦虑,3,C03：全文｜不规整｜逐条评分｜不清洗,7,C07：全文｜规整｜逐条评分｜不清洗,99,是,是,0.5523615885885786,0.5885872482015848,0.03622565961300617,-0.11368971237094426,0.19221121303022123,0.6516741629185407,0.4893806543758307,0.5392837686079056,0.049903114232074886,-0.09386692432161801,0.19814599569368593,0.5357321339330335,formal,正式,0.9816357643962829,0.8967314095761109,差异未达FDR显著
各逐题条件相对C03,相对C03,HAMD-17,PDCH标签99人,Qwen3.7-Max,不思考,11,躯体性焦虑,3,C03：全文｜不规整｜逐条评分｜不清洗,8,C08：全文｜规整｜逐条评分｜清洗,99,是,是,0.5523615885885786,0.5449262832443456,-0.00743530534423309,-0.16153824358683597,0.14666041399480315,0.9410294852573713,0.4893806543758307,0.49844590037486974,0.009065245999039018,-0.15759956986819035,0.15775187619979736,0.9185407296351824,formal,正式,1.0,1.0,差异未达FDR显著
各逐题条件相对C03,相对C03,HAMD-17,PDCH标签99人,Qwen3.7-Max,不思考,11,躯体性焦虑,3,C03：全文｜不规整｜逐条评分｜不清洗,11,C11：事件序列｜不规整｜逐条评分｜不清洗,99,是,是,0.5523615885885786,0.6210958034959361,0.06873421490735743,-0.0007204954263893941,0.1448464338761054,0.06546726636681659,0.4893806543758307,0.573679580014258,0.08429892563842728,0.02016977835872099,0.15431983183386067,0.030484757621189407,formal,正式,0.6506746626686657,0.4030762396579488,差异未达FDR显著
各逐题条件相对C03,相对C03,HAMD-17,PDCH标签99人,Qwen3.7-Max,不思考,11,躯体性焦虑,3,C03：全文｜不规整｜逐条评分｜不清洗,12,C12：事件序列｜不规整｜逐条评分｜清洗,99,是,是,0.5523615885885786,0.5624215102131414,0.010059921624562707,-0.06623119743981845,0.09436369952685225,0.8250874562718641,0.4893806543758307,0.5125003405505577,0.023119686174726983,-0.07582314367169729,0.11243951435981733,0.6346826586706646,formal,正式,1.0,0.8967314095761109,差异未达FDR显著
各逐题条件相对C03,相对C03,HAMD-17,PDCH标签99人,Qwen3.7-Max,不思考,11,躯体性焦虑,3,C03：全文｜不规整｜逐条评分｜不清洗,15,C15：事件序列｜规整｜逐条评分｜不清洗,99,是,是,0.5523615885885786,0.548816022753012,-0.003545565835566644,-0.10551918340472917,0.09262903596160567,0.9425287356321839,0.4893806543758307,0.49512002748266976,0.00573937310683903,-0.10237536650270625,0.10979333353498702,0.9090454772613693,formal,正式,1.0,1.0,差异未达FDR显著
各逐题条件相对C03,相对C03,HAMD-17,PDCH标签99人,Qwen3.7-Max,不思考,11,躯体性焦虑,3,C03：全文｜不规整｜逐条评分｜不清洗,16,C16：事件序列｜规整｜逐条评分｜清洗,99,是,是,0.5523615885885786,0.5389318447490873,-0.01342974383949136,-0.10799799870700695,0.07757061645935408,0.7811094452773614,0.4893806543758307,0.48100698429914174,-0.008373670076688988,-0.10395636975168676,0.09455963494766323,0.8770614692653673,formal,正式,0.9951779429434219,1.0,差异未达FDR显著
各逐题条件相对C03,相对C03,HAMD-17,PDCH标签99人,Qwen3.7-Max,不思考,12,胃肠道症状,3,C03：全文｜不规整｜逐条评分｜不清洗,4,C04：全文｜不规整｜逐条评分｜清洗,99,是,是,0.5023126376576212,0.44914100331508083,-0.05317163434254041,-0.13397288997424778,0.005029714596762171,0.12593703148425786,0.44134986609073845,0.3865999616358401,-0.05474990445489836,-0.1443779763113799,0.006308877109567628,0.16241879060469766,formal,正式,0.7278027652840245,0.7857666911225238,差异未达FDR显著
各逐题条件相对C03,相对C03,HAMD-17,PDCH标签99人,Qwen3.7-Max,不思考,12,胃肠道症状,3,C03：全文｜不规整｜逐条评分｜不清洗,7,C07：全文｜规整｜逐条评分｜不清洗,99,是,是,0.5023126376576212,0.43074727132312346,-0.07156536633449778,-0.1997809964074315,0.045156213262472863,0.3153423288355822,0.44134986609073845,0.3794114969179749,-0.061938369172763574,-0.1919304294059271,0.06270058340377851,0.37031484257871067,formal,正式,0.7966537564551057,0.8131207123710872,差异未达FDR显著
各逐题条件相对C03,相对C03,HAMD-17,PDCH标签99人,Qwen3.7-Max,不思考,12,胃肠道症状,3,C03：全文｜不规整｜逐条评分｜不清洗,8,C08：全文｜规整｜逐条评分｜清洗,99,是,是,0.5023126376576212,0.4229333219294252,-0.07937931572819606,-0.21908291757746723,0.03011065737360454,0.24737631184407796,0.44134986609073845,0.36460325626326034,-0.07674660982747811,-0.20627255751381407,0.03420649916911957,0.27886056971514245,formal,正式,0.7593895360012302,0.7857666911225238,差异未达FDR显著
各逐题条件相对C03,相对C03,HAMD-17,PDCH标签99人,Qwen3.7-Max,不思考,12,胃肠道症状,3,C03：全文｜不规整｜逐条评分｜不清洗,11,C11：事件序列｜不规整｜逐条评分｜不清洗,99,是,是,0.5023126376576212,0.5080151596727448,0.005702522015123557,-0.05539220843013016,0.07631048498273645,0.8620689655172413,0.44134986609073845,0.4417465774125494,0.0003967113218109608,-0.06411566360199113,0.06901706037651607,0.9945027486256871,formal,正式,1.0,1.0,差异未达FDR显著
各逐题条件相对C03,相对C03,HAMD-17,PDCH标签99人,Qwen3.7-Max,不思考,12,胃肠道症状,3,C03：全文｜不规整｜逐条评分｜不清洗,12,C12：事件序列｜不规整｜逐条评分｜清洗,99,是,是,0.5023126376576212,0.49610538682937405,-0.0062072508282471905,-0.061029780077695474,0.052903608436560126,0.8185907046476761,0.44134986609073845,0.43079148955110463,-0.010558376539633818,-0.07106909601397106,0.04385359750560547,0.7661169415292354,formal,正式,1.0,0.9909556091519458,差异未达FDR显著
各逐题条件相对C03,相对C03,HAMD-17,PDCH标签99人,Qwen3.7-Max,不思考,12,胃肠道症状,3,C03：全文｜不规整｜逐条评分｜不清洗,15,C15：事件序列｜规整｜逐条评分｜不清洗,99,是,是,0.5023126376576212,0.4489698334552639,-0.05334280420235732,-0.12610918173832206,0.023292798070170494,0.18690654672663667,0.44134986609073845,0.38951365273919697,-0.05183621335154148,-0.14023296321899908,0.028351451151627273,0.21389305347326337,formal,正式,0.7593895360012302,0.7857666911225238,差异未达FDR显著
各逐题条件相对C03,相对C03,HAMD-17,PDCH标签99人,Qwen3.7-Max,不思考,12,胃肠道症状,3,C03：全文｜不规整｜逐条评分｜不清洗,16,C16：事件序列｜规整｜逐条评分｜清洗,99,是,是,0.5023126376576212,0.42729578146417585,-0.07501685619344539,-0.16839424282110563,0.010962400623943654,0.07796101949025487,0.44134986609073845,0.3680676015724555,-0.07328226451828296,-0.15084176616615066,0.013609779990855558,0.09195402298850575,formal,正式,0.6506746626686657,0.7295019157088123,差异未达FDR显著
各逐题条件相对C03,相对C03,HAMD-17,PDCH标签99人,Qwen3.7-Max,不思考,13,全身症状,3,C03：全文｜不规整｜逐条评分｜不清洗,4,C04：全文｜不规整｜逐条评分｜清洗,99,是,是,0.638524716563378,0.6047566502468963,-0.03376806631648166,-0.08139743179106898,0.015022567016314796,0.19090454772613694,0.6013623187726131,0.5682129523155308,-0.03314936645708233,-0.09058050234659662,0.016456173184081734,0.16741629185407297,formal,正式,0.7593895360012302,0.7857666911225238,差异未达FDR显著
各逐题条件相对C03,相对C03,HAMD-17,PDCH标签99人,Qwen3.7-Max,不思考,13,全身症状,3,C03：全文｜不规整｜逐条评分｜不清洗,7,C07：全文｜规整｜逐条评分｜不清洗,99,是,是,0.638524716563378,0.5237451523660172,-0.1147795641973608,-0.24561756468497323,-0.00019094500465247164,0.08495752123938032,0.6013623187726131,0.4875747068885827,-0.11378761188403047,-0.2395684114271336,0.004219188522805147,0.08245877061469266,formal,正式,0.6506746626686657,0.7295019157088123,差异未达FDR显著
各逐题条件相对C03,相对C03,HAMD-17,PDCH标签99人,Qwen3.7-Max,不思考,13,全身症状,3,C03：全文｜不规整｜逐条评分｜不清洗,8,C08：全文｜规整｜逐条评分｜清洗,99,是,是,0.638524716563378,0.5225944018866728,-0.11593031467670512,-0.27379890888655806,0.018765562404544703,0.09295352323838081,0.6013623187726131,0.4797933732460889,-0.12156894552652425,-0.26167543488384004,0.025899173619921372,0.08595702148925537,formal,正式,0.6506746626686657,0.7295019157088123,差异未达FDR显著
各逐题条件相对C03,相对C03,HAMD-17,PDCH标签99人,Qwen3.7-Max,不思考,13,全身症状,3,C03：全文｜不规整｜逐条评分｜不清洗,11,C11：事件序列｜不规整｜逐条评分｜不清洗,99,是,是,0.638524716563378,0.6744645212262327,0.035939804662854735,-0.013681814121387494,0.10689588851036222,0.2478760619690155,0.6013623187726131,0.6346075846727833,0.033245265900170184,-0.016752911017953058,0.08885653283019018,0.3053473263368316,formal,正式,0.7593895360012302,0.7857666911225238,差异未达FDR显著
各逐题条件相对C03,相对C03,HAMD-17,PDCH标签99人,Qwen3.7-Max,不思考,13,全身症状,3,C03：全文｜不规整｜逐条评分｜不清洗,12,C12：事件序列｜不规整｜逐条评分｜清洗,99,是,是,0.638524716563378,0.6216984078035442,-0.016826308759833708,-0.06722870583820757,0.0327477854294201,0.5582208895552224,0.6013623187726131,0.5811170420247466,-0.02024527674786658,-0.08141578299652455,0.03048068133368878,0.47476261869065467,formal,正式,0.927899064166547,0.8967314095761109,差异未达FDR显著
各逐题条件相对C03,相对C03,HAMD-17,PDCH标签99人,Qwen3.7-Max,不思考,13,全身症状,3,C03：全文｜不规整｜逐条评分｜不清洗,15,C15：事件序列｜规整｜逐条评分｜不清洗,99,是,是,0.638524716563378,0.4969575829679195,-0.14156713359545847,-0.25032472260129013,-0.04486339909494933,0.009495252373813094,0.6013623187726131,0.45723035990039457,-0.14413195887221858,-0.2596105611895733,-0.045044301327236365,0.0069965017491254375,formal,正式,0.1883225054139597,0.1387639513576545,差异未达FDR显著
各逐题条件相对C03,相对C03,HAMD-17,PDCH标签99人,Qwen3.7-Max,不思考,13,全身症状,3,C03：全文｜不规整｜逐条评分｜不清洗,16,C16：事件序列｜规整｜逐条评分｜清洗,99,是,是,0.638524716563378,0.4725037860629347,-0.16602093050044325,-0.29445286673210025,-0.05238973203525765,0.00399800099950025,0.6013623187726131,0.4308530946830351,-0.17050922408957803,-0.3064099215471214,-0.061343920550294674,0.005997001499250375,formal,正式,0.11894052973513243,0.1387639513576545,差异未达FDR显著
各逐题条件相对C03,相对C03,HAMD-17,PDCH标签99人,Qwen3.7-Max,不思考,14,性症状,3,C03：全文｜不规整｜逐条评分｜不清洗,4,C04：全文｜不规整｜逐条评分｜清洗,57,是,是,0.4865450422727148,0.4865450422727148,0.0,0.0,0.0,1.0,0.41967826718638196,0.41967826718638196,0.0,0.0,0.0,1.0,formal,正式,1.0,1.0,差异未达FDR显著
各逐题条件相对C03,相对C03,HAMD-17,PDCH标签99人,Qwen3.7-Max,不思考,14,性症状,3,C03：全文｜不规整｜逐条评分｜不清洗,7,C07：全文｜规整｜逐条评分｜不清洗,47,是,是,0.4340565654747218,0.4262270341892645,-0.007829531285457325,-0.11140112560488638,0.079782122570929,0.888055972013993,0.37376140411748837,0.3716242079203763,-0.0021371961971120568,-0.10050953272101004,0.08393213601762493,1.0,formal,正式,1.0,1.0,差异未达FDR显著
各逐题条件相对C03,相对C03,HAMD-17,PDCH标签99人,Qwen3.7-Max,不思考,14,性症状,3,C03：全文｜不规整｜逐条评分｜不清洗,8,C08：全文｜规整｜逐条评分｜清洗,56,是,是,0.4793026834164597,0.504560658549032,0.025257975132572275,-0.005202446153245013,0.07219048382795193,0.0004997501249375312,0.41499525432105616,0.4460887054226316,0.031093451101575464,-0.004912387072544945,0.08633914612641902,0.0004997501249375312,formal,正式,0.019823421622522073,0.019823421622522073,目标条件校正相关显著更强
各逐题条件相对C03,相对C03,HAMD-17,PDCH标签99人,Qwen3.7-Max,不思考,14,性症状,3,C03：全文｜不规整｜逐条评分｜不清洗,11,C11：事件序列｜不规整｜逐条评分｜不清洗,57,是,是,0.47960020310721785,0.48604971984072615,0.006449516733508298,-0.003512615425104051,0.031000739150923034,0.0004997501249375312,0.41121987729719206,0.4220949321456141,0.01087505484842205,0.0,0.04654252711912919,0.0004997501249375312,formal,正式,0.019823421622522073,0.019823421622522073,目标条件校正相关显著更强
各逐题条件相对C03,相对C03,HAMD-17,PDCH标签99人,Qwen3.7-Max,不思考,14,性症状,3,C03：全文｜不规整｜逐条评分｜不清洗,12,C12：事件序列｜不规整｜逐条评分｜清洗,56,是,是,0.4937357492869832,0.4998569066234314,0.006121157336448191,-0.0029379917204917145,0.031472226068918585,1.0,0.42512914520699985,0.43597333264864324,0.010844187441643394,0.0,0.042204029339573006,1.0,formal,正式,1.0,1.0,差异未达FDR显著
各逐题条件相对C03,相对C03,HAMD-17,PDCH标签99人,Qwen3.7-Max,不思考,14,性症状,3,C03：全文｜不规整｜逐条评分｜不清洗,15,C15：事件序列｜规整｜逐条评分｜不清洗,58,是,是,0.47547130088011,0.4103565678360668,-0.06511473304404325,-0.1894461235399715,0.019285791950660484,0.21689155422288856,0.40890992601759074,0.34503978130432444,-0.0638701447132663,-0.17014164743847526,0.030636768308194073,0.2723638180909545,formal,正式,0.7593895360012302,0.7857666911225238,差异未达FDR显著
各逐题条件相对C03,相对C03,HAMD-17,PDCH标签99人,Qwen3.7-Max,不思考,14,性症状,3,C03：全文｜不规整｜逐条评分｜不清洗,16,C16：事件序列｜规整｜逐条评分｜清洗,58,是,是,0.47547130088011,0.4486075145855675,-0.026863786294542502,-0.1102888227991603,0.03516356363469008,0.43928035982008995,0.40890992601759074,0.3820675666371586,-0.026842359380432168,-0.11403785628631904,0.04364804901091306,0.5542228885557221,formal,正式,0.886006149467639,0.8967314095761109,差异未达FDR显著
各逐题条件相对C03,相对C03,HAMD-17,PDCH标签99人,Qwen3.7-Max,不思考,15,疑病,3,C03：全文｜不规整｜逐条评分｜不清洗,4,C04：全文｜不规整｜逐条评分｜清洗,99,是,是,0.1464667187472026,0.10308845513687828,-0.04337826361032432,-0.10830556101542706,0.030601783570395252,0.22588705647176413,0.08690450000458697,0.050233827089870856,-0.03667067291471611,-0.10495219669002276,0.027808246993845275,0.3103448275862069,formal,正式,0.7593895360012302,0.7857666911225238,差异未达FDR显著
各逐题条件相对C03,相对C03,HAMD-17,PDCH标签99人,Qwen3.7-Max,不思考,15,疑病,3,C03：全文｜不规整｜逐条评分｜不清洗,7,C07：全文｜规整｜逐条评分｜不清洗,99,是,是,0.1464667187472026,0.15622174068541278,0.009755021938210179,-0.1300184627874884,0.16322704155475426,0.9085457271364318,0.08690450000458697,0.09625733727294614,0.009352837268359171,-0.13864780844100846,0.156209186869539,0.9155422288855573,formal,正式,1.0,1.0,差异未达FDR显著
各逐题条件相对C03,相对C03,HAMD-17,PDCH标签99人,Qwen3.7-Max,不思考,15,疑病,3,C03：全文｜不规整｜逐条评分｜不清洗,8,C08：全文｜规整｜逐条评分｜清洗,99,是,是,0.1464667187472026,0.17285806004918394,0.02639134130198134,-0.1211411052643677,0.16790986622081408,0.7401299350324838,0.08690450000458697,0.1235124716398206,0.03660797163523363,-0.1219451611292638,0.16487993067782283,0.6411794102948526,formal,正式,0.9896119356052312,0.8967314095761109,差异未达FDR显著
各逐题条件相对C03,相对C03,HAMD-17,PDCH标签99人,Qwen3.7-Max,不思考,15,疑病,3,C03：全文｜不规整｜逐条评分｜不清洗,11,C11：事件序列｜不规整｜逐条评分｜不清洗,99,是,是,0.1464667187472026,0.19925055958161392,0.052783840834411316,-0.05410977449185268,0.15981493501025076,0.3583208395802099,0.08690450000458697,0.14238581702317332,0.05548131701858636,-0.04197734547640983,0.16077347247889096,0.36481759120439783,formal,正式,0.8200034598085573,0.8131207123710872,差异未达FDR显著
各逐题条件相对C03,相对C03,HAMD-17,PDCH标签99人,Qwen3.7-Max,不思考,15,疑病,3,C03：全文｜不规整｜逐条评分｜不清洗,12,C12：事件序列｜不规整｜逐条评分｜清洗,99,是,是,0.1464667187472026,0.1208577055584021,-0.025609013188800503,-0.12102068549154266,0.05069142523887371,0.5572213893053474,0.08690450000458697,0.0644995200323799,-0.02240497997220707,-0.11254573041609937,0.0716127396429843,0.6391804097951025,formal,正式,0.927899064166547,0.8967314095761109,差异未达FDR显著
各逐题条件相对C03,相对C03,HAMD-17,PDCH标签99人,Qwen3.7-Max,不思考,15,疑病,3,C03：全文｜不规整｜逐条评分｜不清洗,15,C15：事件序列｜规整｜逐条评分｜不清洗,99,是,是,0.1464667187472026,0.07390500018849108,-0.07256171855871152,-0.2184215542857397,0.04945548897257413,0.2368815592203898,0.08690450000458697,0.020081421104861864,-0.06682307889972511,-0.1841051978662035,0.057908633195241484,0.2783608195902049,formal,正式,0.7593895360012302,0.7857666911225238,差异未达FDR显著
各逐题条件相对C03,相对C03,HAMD-17,PDCH标签99人,Qwen3.7-Max,不思考,15,疑病,3,C03：全文｜不规整｜逐条评分｜不清洗,16,C16：事件序列｜规整｜逐条评分｜清洗,99,是,是,0.1464667187472026,0.07832128444305428,-0.06814543430414832,-0.19803923724864794,0.05396167942710357,0.2723638180909545,0.08690450000458697,0.02006846700799998,-0.06683603299658698,-0.18901773130039737,0.06634973070809543,0.3008495752123938,formal,正式,0.7759453606530068,0.7857666911225238,差异未达FDR显著
各逐题条件相对C03,相对C03,HAMD-17,PDCH标签99人,Qwen3.7-Max,不思考,16,体重减轻,3,C03：全文｜不规整｜逐条评分｜不清洗,4,C04：全文｜不规整｜逐条评分｜清洗,99,是,是,0.3299899709985718,0.2685411239790698,-0.061448847019501984,-0.18997968512398983,0.02547738849049792,0.24887556221889057,0.26456338013549974,0.21087611864356307,-0.05368726149193667,-0.17064890476598132,0.02675626224998533,0.4927536231884058,formal,正式,0.7593895360012302,0.8967314095761109,差异未达FDR显著
各逐题条件相对C03,相对C03,HAMD-17,PDCH标签99人,Qwen3.7-Max,不思考,16,体重减轻,3,C03：全文｜不规整｜逐条评分｜不清洗,7,C07：全文｜规整｜逐条评分｜不清洗,99,是,是,0.3299899709985718,0.3619728769838838,0.031982905985312005,-0.1350901597435119,0.16922084792105974,0.7051474262868566,0.26456338013549974,0.3039043059121333,0.03934092577663356,-0.13062305502698207,0.1960988007317485,0.6291854072963519,formal,正式,0.985408458561417,0.8967314095761109,差异未达FDR显著
各逐题条件相对C03,相对C03,HAMD-17,PDCH标签99人,Qwen3.7-Max,不思考,16,体重减轻,3,C03：全文｜不规整｜逐条评分｜不清洗,8,C08：全文｜规整｜逐条评分｜清洗,99,是,是,0.3299899709985718,0.2899882948433569,-0.04000167615521488,-0.16034422002515883,0.08446516419051393,0.5662168915542228,0.26456338013549974,0.22603261876150646,-0.03853076137399328,-0.16322771819948506,0.0671608463256537,0.5612193903048476,formal,正式,0.927899064166547,0.8967314095761109,差异未达FDR显著
各逐题条件相对C03,相对C03,HAMD-17,PDCH标签99人,Qwen3.7-Max,不思考,16,体重减轻,3,C03：全文｜不规整｜逐条评分｜不清洗,11,C11：事件序列｜不规整｜逐条评分｜不清洗,99,是,是,0.3299899709985718,0.34036848840489703,0.010378517406325227,-0.03317797849853497,0.06528978754344814,0.8120939530234883,0.26456338013549974,0.2812869075330577,0.016723527397557947,-0.028459165715905534,0.07126368713054172,0.6151924037981009,formal,正式,1.0,0.8967314095761109,差异未达FDR显著
各逐题条件相对C03,相对C03,HAMD-17,PDCH标签99人,Qwen3.7-Max,不思考,16,体重减轻,3,C03：全文｜不规整｜逐条评分｜不清洗,12,C12：事件序列｜不规整｜逐条评分｜清洗,99,是,是,0.3299899709985718,0.3406560574161942,0.0106660864176224,-0.04648156863230964,0.0726576454204272,0.7656171914042978,0.26456338013549974,0.28243668983511316,0.017873309699613427,-0.03819316828782776,0.08230421529967488,0.5907046476761619,formal,正式,0.9951779429434219,0.8967314095761109,差异未达FDR显著
各逐题条件相对C03,相对C03,HAMD-17,PDCH标签99人,Qwen3.7-Max,不思考,16,体重减轻,3,C03：全文｜不规整｜逐条评分｜不清洗,15,C15：事件序列｜规整｜逐条评分｜不清洗,99,是,是,0.3299899709985718,0.2920176989620122,-0.03797227203655962,-0.10762036729666002,0.030626162017415453,0.34132933533233384,0.26456338013549974,0.21807739161273532,-0.04648598852276442,-0.11251124291338961,0.013645171249796858,0.1774112943528236,formal,正式,0.8200034598085573,0.7857666911225238,差异未达FDR显著
各逐题条件相对C03,相对C03,HAMD-17,PDCH标签99人,Qwen3.7-Max,不思考,16,体重减轻,3,C03：全文｜不规整｜逐条评分｜不清洗,16,C16：事件序列｜规整｜逐条评分｜清洗,99,是,是,0.3299899709985718,0.30396253165759396,-0.026027439340977843,-0.11179222127024324,0.06559010913745815,0.632183908045977,0.26456338013549974,0.23938637689164435,-0.025177003243855384,-0.11919540916314081,0.06934936653771247,0.6461769115442278,formal,正式,0.9644857058650163,0.8967314095761109,差异未达FDR显著
各逐题条件相对C03,相对C03,HAMD-17,PDCH标签99人,Qwen3.7-Max,不思考,17,自知力,3,C03：全文｜不规整｜逐条评分｜不清洗,4,C04：全文｜不规整｜逐条评分｜清洗,99,是,是,0.30188512751926777,0.17171812924183796,-0.1301669982774298,-0.28055710581555965,0.0,0.2463768115942029,0.3006109221718697,0.1729630221306992,-0.1276479000411705,-0.3019025384684091,0.0,0.25837081459270367,formal,正式,0.7593895360012302,0.7857666911225238,差异未达FDR显著
各逐题条件相对C03,相对C03,HAMD-17,PDCH标签99人,Qwen3.7-Max,不思考,17,自知力,3,C03：全文｜不规整｜逐条评分｜不清洗,7,C07：全文｜规整｜逐条评分｜不清洗,99,是,是,0.30188512751926777,0.19822264636415013,-0.10366248115511764,-0.27935253547244904,0.11948439689301886,0.35082458770614694,0.3006109221718697,0.17933960512111297,-0.12127131705075672,-0.32956210254969986,0.10915146601777634,0.2913543228385807,formal,正式,0.8200034598085573,0.7857666911225238,差异未达FDR显著
各逐题条件相对C03,相对C03,HAMD-17,PDCH标签99人,Qwen3.7-Max,不思考,17,自知力,3,C03：全文｜不规整｜逐条评分｜不清洗,8,C08：全文｜规整｜逐条评分｜清洗,99,是,是,0.30188512751926777,0.21196640282625298,-0.08991872469301479,-0.2761153401098544,0.09205053403552767,0.424287856071964,0.3006109221718697,0.19740517489984225,-0.10320574727202744,-0.25944845537251077,0.11919945447702639,0.36081959020489757,formal,正式,0.8818004790708094,0.8131207123710872,差异未达FDR显著
各逐题条件相对C03,相对C03,HAMD-17,PDCH标签99人,Qwen3.7-Max,不思考,17,自知力,3,C03：全文｜不规整｜逐条评分｜不清洗,11,C11：事件序列｜不规整｜逐条评分｜不清洗,99,是,是,0.30188512751926777,0.30188512751926777,0.0,0.0,0.0,1.0,0.3006109221718697,0.3006109221718697,0.0,0.0,0.0,1.0,formal,正式,1.0,1.0,差异未达FDR显著
各逐题条件相对C03,相对C03,HAMD-17,PDCH标签99人,Qwen3.7-Max,不思考,17,自知力,3,C03：全文｜不规整｜逐条评分｜不清洗,12,C12：事件序列｜不规整｜逐条评分｜清洗,99,是,是,0.30188512751926777,0.30188512751926777,0.0,0.0,0.0,1.0,0.3006109221718697,0.3006109221718697,0.0,0.0,0.0,1.0,formal,正式,1.0,1.0,差异未达FDR显著
各逐题条件相对C03,相对C03,HAMD-17,PDCH标签99人,Qwen3.7-Max,不思考,17,自知力,3,C03：全文｜不规整｜逐条评分｜不清洗,15,C15：事件序列｜规整｜逐条评分｜不清洗,99,是,是,0.30188512751926777,-0.21098415479363125,-0.5128692823128991,-0.7190784558078057,-0.3289362493879619,0.0004997501249375312,0.3006109221718697,-0.2106161201164976,-0.5112270422883674,-0.7128070095204966,-0.29027432637253126,0.0004997501249375312,formal,正式,0.019823421622522073,0.019823421622522073,目标条件校正相关显著更弱
各逐题条件相对C03,相对C03,HAMD-17,PDCH标签99人,Qwen3.7-Max,不思考,17,自知力,3,C03：全文｜不规整｜逐条评分｜不清洗,16,C16：事件序列｜规整｜逐条评分｜清洗,99,是,是,0.30188512751926777,-0.05910492700918879,-0.36099005452845656,-0.5733396543792803,-0.13630278444454696,0.004997501249375313,0.3006109221718697,-0.05991390395301756,-0.36052482612488723,-0.5727692111602737,-0.13828397065295714,0.004497751124437781,formal,正式,0.11894052973513244,0.13380809595202398,差异未达FDR显著
各逐题条件相对C03,相对C03,HAMD-17,PDCH标签99人,Qwen3.7-Max,思考,1,抑郁情绪,3,C03：全文｜不规整｜逐条评分｜不清洗,4,C04：全文｜不规整｜逐条评分｜清洗,99,是,是,0.5826691003243959,0.5878167728869609,0.005147672562564987,-0.08571914489293209,0.10391213249627505,0.9150424787606197,0.5394762033636196,0.5492024906995892,0.009726287335969586,-0.08739001247834796,0.08954914042328313,0.8450774612693653,formal,正式,1.0,0.9902861069465266,差异未达FDR显著
各逐题条件相对C03,相对C03,HAMD-17,PDCH标签99人,Qwen3.7-Max,思考,1,抑郁情绪,3,C03：全文｜不规整｜逐条评分｜不清洗,7,C07：全文｜规整｜逐条评分｜不清洗,99,是,是,0.5826691003243959,0.4990726331202579,-0.08359646720413799,-0.2826671803609881,0.10992827627154775,0.45177411294352826,0.5394762033636196,0.47339145812329747,-0.0660847452403221,-0.25000576306736416,0.11396275185610685,0.5362318840579711,formal,正式,0.7297162229695963,0.8010130737100585,差异未达FDR显著
各逐题条件相对C03,相对C03,HAMD-17,PDCH标签99人,Qwen3.7-Max,思考,1,抑郁情绪,3,C03：全文｜不规整｜逐条评分｜不清洗,8,C08：全文｜规整｜逐条评分｜清洗,99,是,是,0.5826691003243959,0.5595130471306502,-0.023156053193745696,-0.15451332606572546,0.1190743637329509,0.7816091954022989,0.5394762033636196,0.5274878999316978,-0.01198830343192181,-0.15296668489668072,0.13189700032422255,0.8705647176411794,formal,正式,0.939510042958319,0.9902861069465266,差异未达FDR显著
各逐题条件相对C03,相对C03,HAMD-17,PDCH标签99人,Qwen3.7-Max,思考,1,抑郁情绪,3,C03：全文｜不规整｜逐条评分｜不清洗,11,C11：事件序列｜不规整｜逐条评分｜不清洗,99,是,是,0.5826691003243959,0.5003146979316415,-0.08235440239275438,-0.17117955012374003,-0.010124888434891307,0.03648175912043978,0.5394762033636196,0.46438283678482256,-0.075093366578797,-0.1670796749400871,-0.0046118891423541164,0.05697151424287856,formal,正式,0.3473063468265867,0.42404884514264607,差异未达FDR显著
各逐题条件相对C03,相对C03,HAMD-17,PDCH标签99人,Qwen3.7-Max,思考,1,抑郁情绪,3,C03：全文｜不规整｜逐条评分｜不清洗,12,C12：事件序列｜不规整｜逐条评分｜清洗,99,是,是,0.5826691003243959,0.4770557976034689,-0.105613302720927,-0.22036561867033874,-0.0023706810503913867,0.06946526736631684,0.5394762033636196,0.4472224938148355,-0.09225370954878409,-0.2128707473046172,0.01350505366500526,0.11544227886056972,formal,正式,0.3473063468265867,0.47371142015199297,差异未达FDR显著
各逐题条件相对C03,相对C03,HAMD-17,PDCH标签99人,Qwen3.7-Max,思考,1,抑郁情绪,3,C03：全文｜不规整｜逐条评分｜不清洗,15,C15：事件序列｜规整｜逐条评分｜不清洗,99,是,是,0.5826691003243959,0.4509506025597072,-0.1317184977646887,-0.25603013548597386,0.013433440476329312,0.06946526736631684,0.5394762033636196,0.411402043340917,-0.12807416002270255,-0.277392886232765,0.01427963857335389,0.09295352323838081,formal,正式,0.3473063468265867,0.44245877061469263,差异未达FDR显著
各逐题条件相对C03,相对C03,HAMD-17,PDCH标签99人,Qwen3.7-Max,思考,1,抑郁情绪,3,C03：全文｜不规整｜逐条评分｜不清洗,16,C16：事件序列｜规整｜逐条评分｜清洗,99,是,是,0.5826691003243959,0.3954010367793115,-0.1872680635450844,-0.32184660883889094,-0.03473602617278946,0.027486256871564217,0.5394762033636196,0.36791702878506943,-0.17155917457855013,-0.3055930310670281,-0.0205751716993394,0.04047976011994003,formal,正式,0.3473063468265867,0.42404884514264607,差异未达FDR显著
各逐题条件相对C03,相对C03,HAMD-17,PDCH标签99人,Qwen3.7-Max,思考,2,有罪感,3,C03：全文｜不规整｜逐条评分｜不清洗,4,C04：全文｜不规整｜逐条评分｜清洗,99,是,是,0.3998978626503374,0.41472605941406787,0.014828196763730483,-0.1110942217000338,0.13943728450321768,0.8180909545227386,0.3411209005102676,0.35434736689804647,0.013226466387778857,-0.08765895558863528,0.12762500482360545,0.8455772113943029,formal,正式,0.9451730445456883,0.9902861069465266,差异未达FDR显著
各逐题条件相对C03,相对C03,HAMD-17,PDCH标签99人,Qwen3.7-Max,思考,2,有罪感,3,C03：全文｜不规整｜逐条评分｜不清洗,7,C07：全文｜规整｜逐条评分｜不清洗,99,是,是,0.3998978626503374,0.29512431658420946,-0.10477354606612793,-0.26924650539855843,0.07464283511664999,0.1984007996001999,0.3411209005102676,0.2432642630957057,-0.09785663741456191,-0.27666732228931773,0.055286547563707863,0.24587706146926536,formal,正式,0.5758462232298486,0.647708754318493,差异未达FDR显著
各逐题条件相对C03,相对C03,HAMD-17,PDCH标签99人,Qwen3.7-Max,思考,2,有罪感,3,C03：全文｜不规整｜逐条评分｜不清洗,8,C08：全文｜规整｜逐条评分｜清洗,99,是,是,0.3998978626503374,0.395928461687987,-0.003969400962350378,-0.14190283779653218,0.13721281842508648,0.9660169915042479,0.3411209005102676,0.3507327749018762,0.0096118743916086,-0.1417990479283887,0.1590738258317486,0.8960519740129935,formal,正式,1.0,0.9902861069465266,差异未达FDR显著
各逐题条件相对C03,相对C03,HAMD-17,PDCH标签99人,Qwen3.7-Max,思考,2,有罪感,3,C03：全文｜不规整｜逐条评分｜不清洗,11,C11：事件序列｜不规整｜逐条评分｜不清洗,99,是,是,0.3998978626503374,0.38948259285238085,-0.010415269797956539,-0.10471581827266713,0.07713249441481869,0.8320839580209896,0.3411209005102676,0.3343323980424917,-0.006788502467775903,-0.10517361003559869,0.09839450374240977,0.8850574712643678,formal,正式,0.95209606735094,0.9902861069465266,差异未达FDR显著
各逐题条件相对C03,相对C03,HAMD-17,PDCH标签99人,Qwen3.7-Max,思考,2,有罪感,3,C03：全文｜不规整｜逐条评分｜不清洗,12,C12：事件序列｜不规整｜逐条评分｜清洗,99,是,是,0.3998978626503374,0.30102028746238946,-0.09887757518794793,-0.18817842044251762,-0.007955917078929477,0.02798600699650175,0.3411209005102676,0.261303238656571,-0.0798176618536966,-0.17700993906318932,0.003933524901692632,0.12043978010994502,formal,正式,0.3473063468265867,0.47774446110278196,差异未达FDR显著
各逐题条件相对C03,相对C03,HAMD-17,PDCH标签99人,Qwen3.7-Max,思考,2,有罪感,3,C03：全文｜不规整｜逐条评分｜不清洗,15,C15：事件序列｜规整｜逐条评分｜不清洗,99,是,是,0.3998978626503374,0.39907535711072817,-0.0008225055396092196,-0.12185546146783371,0.10219840936698646,0.9895052473763118,0.3411209005102676,0.3492327021863742,0.00811180167610659,-0.11304726006017042,0.1222767454329276,0.9070464767616192,formal,正式,1.0,0.9902861069465266,差异未达FDR显著
各逐题条件相对C03,相对C03,HAMD-17,PDCH标签99人,Qwen3.7-Max,思考,2,有罪感,3,C03：全文｜不规整｜逐条评分｜不清洗,16,C16：事件序列｜规整｜逐条评分｜清洗,99,是,是,0.3998978626503374,0.3425501961469282,-0.05734766650340917,-0.17486320561338495,0.059377799584233955,0.40429785107446276,0.3411209005102676,0.2922232574973637,-0.04889764301290389,-0.1802263112750883,0.07524841878832385,0.49825087456271866,formal,正式,0.7058861873411121,0.7800645131979463,差异未达FDR显著
各逐题条件相对C03,相对C03,HAMD-17,PDCH标签99人,Qwen3.7-Max,思考,3,自杀,3,C03：全文｜不规整｜逐条评分｜不清洗,4,C04：全文｜不规整｜逐条评分｜清洗,99,是,是,0.39346129494286763,0.4641313318291848,0.07067003688631718,-0.03933891471602576,0.18414280380935127,0.1839080459770115,0.31799749564614926,0.39541160448849155,0.07741410884234229,-0.018007437318285288,0.19491368942221246,0.17341329335332334,formal,正式,0.5471264367816092,0.5430574186590915,差异未达FDR显著
各逐题条件相对C03,相对C03,HAMD-17,PDCH标签99人,Qwen3.7-Max,思考,3,自杀,3,C03：全文｜不规整｜逐条评分｜不清洗,7,C07：全文｜规整｜逐条评分｜不清洗,99,是,是,0.39346129494286763,0.35607391437233205,-0.03738738057053559,-0.17655938655809897,0.11012312562759967,0.6151924037981009,0.31799749564614926,0.2929070632307783,-0.025090432415370956,-0.18094977455651715,0.1379924644308582,0.7446276861569215,formal,正式,0.8206896551724138,0.9528031683083189,差异未达FDR显著
各逐题条件相对C03,相对C03,HAMD-17,PDCH标签99人,Qwen3.7-Max,思考,3,自杀,3,C03：全文｜不规整｜逐条评分｜不清洗,8,C08：全文｜规整｜逐条评分｜清洗,99,是,是,0.39346129494286763,0.4520959262082598,0.058634631265392145,-0.04439475452480298,0.17165311630581065,0.32033983008495753,0.31799749564614926,0.3892390841416875,0.07124158849553824,-0.03290582699343014,0.1705598919691809,0.24087956021989004,formal,正式,0.6900601423426218,0.647708754318493,差异未达FDR显著
各逐题条件相对C03,相对C03,HAMD-17,PDCH标签99人,Qwen3.7-Max,思考,3,自杀,3,C03：全文｜不规整｜逐条评分｜不清洗,11,C11：事件序列｜不规整｜逐条评分｜不清洗,99,是,是,0.39346129494286763,0.4314076152433139,0.03794632030044626,-0.041718981049660465,0.12787256451253137,0.40929535232383807,0.31799749564614926,0.35807922379781615,0.040081728151666884,-0.0382961195688127,0.1456996809640786,0.375312343828086,formal,正式,0.7058861873411121,0.7247938530734632,差异未达FDR显著
各逐题条件相对C03,相对C03,HAMD-17,PDCH标签99人,Qwen3.7-Max,思考,3,自杀,3,C03：全文｜不规整｜逐条评分｜不清洗,12,C12：事件序列｜不规整｜逐条评分｜清洗,99,是,是,0.39346129494286763,0.4558088985511309,0.06234760360826325,-0.05055124208433891,0.178450807317878,0.3333333333333333,0.31799749564614926,0.38537164053694556,0.0673741448907963,-0.03955992270632505,0.19813894123979495,0.303848075962019,formal,正式,0.6900601423426218,0.66904047976012,差异未达FDR显著
各逐题条件相对C03,相对C03,HAMD-17,PDCH标签99人,Qwen3.7-Max,思考,3,自杀,3,C03：全文｜不规整｜逐条评分｜不清洗,15,C15：事件序列｜规整｜逐条评分｜不清洗,99,是,是,0.39346129494286763,0.38962383377196785,-0.0038374611708997808,-0.09914724062005445,0.09309157478355178,0.9450274862568716,0.31799749564614926,0.3155048042603046,-0.002492691385844681,-0.10312924453608663,0.10105384133669387,0.9540229885057471,formal,正式,1.0,1.0,差异未达FDR显著
各逐题条件相对C03,相对C03,HAMD-17,PDCH标签99人,Qwen3.7-Max,思考,3,自杀,3,C03：全文｜不规整｜逐条评分｜不清洗,16,C16：事件序列｜规整｜逐条评分｜清洗,99,是,是,0.39346129494286763,0.47294154010577477,0.07948024516290714,-0.01851060302451396,0.1943727035998199,0.16391804097951024,0.31799749564614926,0.40212309345704095,0.08412559781089168,-0.026049583732033515,0.2109282095082906,0.13793103448275862,formal,正式,0.5271958615286951,0.5294771968854282,差异未达FDR显著
各逐题条件相对C03,相对C03,HAMD-17,PDCH标签99人,Qwen3.7-Max,思考,4,入睡困难,3,C03：全文｜不规整｜逐条评分｜不清洗,4,C04：全文｜不规整｜逐条评分｜清洗,99,是,是,0.49710567808640843,0.47194654189718777,-0.025159136189220666,-0.12313997734484448,0.05961912537670553,0.6206896551724138,0.4594830293120115,0.4355345693808243,-0.023948459931187216,-0.10777858447682576,0.0677511258070718,0.6266866566716641,formal,正式,0.8206896551724138,0.8406021708247001,差异未达FDR显著
各逐题条件相对C03,相对C03,HAMD-17,PDCH标签99人,Qwen3.7-Max,思考,4,入睡困难,3,C03：全文｜不规整｜逐条评分｜不清洗,7,C07：全文｜规整｜逐条评分｜不清洗,99,是,是,0.49710567808640843,0.40658630609884866,-0.09051937198755977,-0.24129040275127725,0.05301015137904761,0.23138430784607697,0.4594830293120115,0.3738448455771514,-0.0856381837348601,-0.21417546663986142,0.03204067654104585,0.25037481259370314,formal,正式,0.6048252469509926,0.647708754318493,差异未达FDR显著
各逐题条件相对C03,相对C03,HAMD-17,PDCH标签99人,Qwen3.7-Max,思考,4,入睡困难,3,C03：全文｜不规整｜逐条评分｜不清洗,8,C08：全文｜规整｜逐条评分｜清洗,99,是,是,0.49710567808640843,0.32159433951541183,-0.1755113385709966,-0.3203463872531703,-0.023802585545773143,0.0399800099950025,0.4594830293120115,0.28675222275349327,-0.17273080655851825,-0.33707749730487024,-0.010381539809533671,0.03548225887056472,formal,正式,0.3473063468265867,0.42404884514264607,差异未达FDR显著
各逐题条件相对C03,相对C03,HAMD-17,PDCH标签99人,Qwen3.7-Max,思考,4,入睡困难,3,C03：全文｜不规整｜逐条评分｜不清洗,11,C11：事件序列｜不规整｜逐条评分｜不清洗,99,是,是,0.49710567808640843,0.4301904904648265,-0.06691518762158194,-0.1644317484516148,0.017323576658014796,0.17341329335332334,0.4594830293120115,0.3945000181976969,-0.06498301111431459,-0.15437389806643387,0.016360049333895572,0.17341329335332334,formal,正式,0.5306577480490524,0.5430574186590915,差异未达FDR显著
各逐题条件相对C03,相对C03,HAMD-17,PDCH标签99人,Qwen3.7-Max,思考,4,入睡困难,3,C03：全文｜不规整｜逐条评分｜不清洗,12,C12：事件序列｜不规整｜逐条评分｜清洗,99,是,是,0.49710567808640843,0.4946959617947405,-0.0024097162916679182,-0.07844337834771709,0.07443283596439385,0.95952023988006,0.4594830293120115,0.463239165089035,0.003756135777023495,-0.06840189709651376,0.08570718373019297,0.9320339830084957,formal,正式,1.0,0.9902861069465266,差异未达FDR显著
各逐题条件相对C03,相对C03,HAMD-17,PDCH标签99人,Qwen3.7-Max,思考,4,入睡困难,3,C03：全文｜不规整｜逐条评分｜不清洗,15,C15：事件序列｜规整｜逐条评分｜不清洗,99,是,是,0.49710567808640843,0.3485624307339652,-0.14854324735244323,-0.260850282255435,-0.04641658272664103,0.005497251374312844,0.4594830293120115,0.3081579419182204,-0.15132508739379114,-0.2699453983636053,-0.03712336960979053,0.009495252373813094,formal,正式,0.17841079460269865,0.28248375812093957,差异未达FDR显著
各逐题条件相对C03,相对C03,HAMD-17,PDCH标签99人,Qwen3.7-Max,思考,4,入睡困难,3,C03：全文｜不规整｜逐条评分｜不清洗,16,C16：事件序列｜规整｜逐条评分｜清洗,99,是,是,0.49710567808640843,0.2782672819036099,-0.21883839618279854,-0.34589238554898755,-0.09453996491670559,0.0004997501249375312,0.4594830293120115,0.24025142418973192,-0.2192316051222796,-0.3562723233929728,-0.09098955882277901,0.0029985007496251873,formal,正式,0.059470264867566215,0.17841079460269865,差异未达FDR显著
各逐题条件相对C03,相对C03,HAMD-17,PDCH标签99人,Qwen3.7-Max,思考,5,睡眠不深,3,C03：全文｜不规整｜逐条评分｜不清洗,4,C04：全文｜不规整｜逐条评分｜清洗,99,是,是,0.2722938980210038,0.21303151847524132,-0.05926237954576247,-0.13974504627460116,0.024646002455321257,0.1344327836081959,0.22014574463846734,0.16463364258806198,-0.055512102050405354,-0.1404200579431818,0.019360670098543826,0.1454272863568216,formal,正式,0.48837702360940743,0.5299850074962518,差异未达FDR显著
各逐题条件相对C03,相对C03,HAMD-17,PDCH标签99人,Qwen3.7-Max,思考,5,睡眠不深,3,C03：全文｜不规整｜逐条评分｜不清洗,7,C07：全文｜规整｜逐条评分｜不清洗,99,是,是,0.2722938980210038,0.22472612257256758,-0.04756777544843621,-0.19850622927805334,0.11279384068068408,0.5497251374312844,0.22014574463846734,0.1756959325061707,-0.04444981213229665,-0.18563916498450111,0.11256263403910859,0.5727136431784108,formal,正式,0.7787106446776613,0.8113443278360819,差异未达FDR显著
各逐题条件相对C03,相对C03,HAMD-17,PDCH标签99人,Qwen3.7-Max,思考,5,睡眠不深,3,C03：全文｜不规整｜逐条评分｜不清洗,8,C08：全文｜规整｜逐条评分｜清洗,99,是,是,0.2722938980210038,0.1542540539900367,-0.1180398440309671,-0.2419013971080085,0.002446400361970256,0.08995502248875563,0.22014574463846734,0.1011049206632112,-0.11904082397525614,-0.24248900898123255,-0.0012378695073978914,0.0769615192403798,formal,正式,0.38230884557721145,0.42404884514264607,差异未达FDR显著
各逐题条件相对C03,相对C03,HAMD-17,PDCH标签99人,Qwen3.7-Max,思考,5,睡眠不深,3,C03：全文｜不规整｜逐条评分｜不清洗,11,C11：事件序列｜不规整｜逐条评分｜不清洗,99,是,是,0.2722938980210038,0.2645259016286682,-0.007767996392335608,-0.09625019681003004,0.08223582646990113,0.8665667166416792,0.22014574463846734,0.21087687620750162,-0.009268868430965721,-0.11241677949051218,0.07884943631975078,0.8385807096451774,formal,正式,0.9637517689753254,0.9902861069465266,差异未达FDR显著
各逐题条件相对C03,相对C03,HAMD-17,PDCH标签99人,Qwen3.7-Max,思考,5,睡眠不深,3,C03：全文｜不规整｜逐条评分｜不清洗,12,C12：事件序列｜不规整｜逐条评分｜清洗,99,是,是,0.2722938980210038,0.24105766710664703,-0.03123623091435676,-0.12074553355132694,0.0612449313148294,0.567216391804098,0.22014574463846734,0.19418022447346736,-0.025965520164999978,-0.12314969671352043,0.07553303761564202,0.6131934032983508,formal,正式,0.7848691933103216,0.8387358045115374,差异未达FDR显著
各逐题条件相对C03,相对C03,HAMD-17,PDCH标签99人,Qwen3.7-Max,思考,5,睡眠不深,3,C03：全文｜不规整｜逐条评分｜不清洗,15,C15：事件序列｜规整｜逐条评分｜不清洗,99,是,是,0.2722938980210038,0.33030314868359845,0.05800925066259466,-0.0406822849184561,0.18240144918284995,0.3213393303348326,0.22014574463846734,0.2929552907335631,0.07280954609509574,-0.027348311679744868,0.19016594307576795,0.22638680659670166,formal,正式,0.6900601423426218,0.6414292853573214,差异未达FDR显著
各逐题条件相对C03,相对C03,HAMD-17,PDCH标签99人,Qwen3.7-Max,思考,5,睡眠不深,3,C03：全文｜不规整｜逐条评分｜不清洗,16,C16：事件序列｜规整｜逐条评分｜清洗,99,是,是,0.2722938980210038,0.27180644194158005,-0.0004874560794237426,-0.11536215040640443,0.11126082633057763,0.9965017491254373,0.22014574463846734,0.23201981894434362,0.011874074305876281,-0.09623297526177504,0.13406952660037402,0.8535732133933034,formal,正式,1.0,0.9902861069465266,差异未达FDR显著
各逐题条件相对C03,相对C03,HAMD-17,PDCH标签99人,Qwen3.7-Max,思考,6,早醒,3,C03：全文｜不规整｜逐条评分｜不清洗,4,C04：全文｜不规整｜逐条评分｜清洗,99,是,是,0.39803742765523364,0.37529450380230994,-0.022742923852923702,-0.1291548332669108,0.07156983089673319,0.7136431784107946,0.3417929902832302,0.3298696978009303,-0.011923292482299896,-0.12283263766775357,0.09849688400429778,0.8515742128935532,formal,正式,0.8958099897419711,0.9902861069465266,差异未达FDR显著
各逐题条件相对C03,相对C03,HAMD-17,PDCH标签99人,Qwen3.7-Max,思考,6,早醒,3,C03：全文｜不规整｜逐条评分｜不清洗,7,C07：全文｜规整｜逐条评分｜不清洗,99,是,是,0.39803742765523364,0.2654319461723163,-0.13260548148291734,-0.24568901879337177,-0.015253459400576753,0.031484257871064465,0.3417929902832302,0.21512351020673115,-0.12666948007649903,-0.24708221142058107,-0.02260708455751938,0.030484757621189407,formal,正式,0.3473063468265867,0.42404884514264607,差异未达FDR显著
各逐题条件相对C03,相对C03,HAMD-17,PDCH标签99人,Qwen3.7-Max,思考,6,早醒,3,C03：全文｜不规整｜逐条评分｜不清洗,8,C08：全文｜规整｜逐条评分｜清洗,99,是,是,0.39803742765523364,0.23467509738250933,-0.16336233027272432,-0.34598400653833405,-0.013408339308391814,0.062468765617191405,0.3417929902832302,0.18465138582962481,-0.15714160445360537,-0.3173765191009815,0.006873430075636711,0.06896551724137931,formal,正式,0.3473063468265867,0.42404884514264607,差异未达FDR显著
各逐题条件相对C03,相对C03,HAMD-17,PDCH标签99人,Qwen3.7-Max,思考,6,早醒,3,C03：全文｜不规整｜逐条评分｜不清洗,11,C11：事件序列｜不规整｜逐条评分｜不清洗,99,是,是,0.39803742765523364,0.31707148297146903,-0.08096594468376461,-0.18389694252163347,0.01592226677770527,0.11544227886056972,0.3417929902832302,0.26548501333708235,-0.07630797694614783,-0.19387412101571566,0.024633695677521623,0.14942528735632185,formal,正式,0.47371142015199297,0.5299850074962518,差异未达FDR显著
各逐题条件相对C03,相对C03,HAMD-17,PDCH标签99人,Qwen3.7-Max,思考,6,早醒,3,C03：全文｜不规整｜逐条评分｜不清洗,12,C12：事件序列｜不规整｜逐条评分｜清洗,99,是,是,0.39803742765523364,0.3387690937948483,-0.059268333860385325,-0.15218644843415566,0.03728152775464152,0.3288355822088955,0.3417929902832302,0.28728786171900295,-0.054505128564227234,-0.17224149435162353,0.058300203406429704,0.34382808595702147,formal,正式,0.6900601423426218,0.707696151924038,差异未达FDR显著
各逐题条件相对C03,相对C03,HAMD-17,PDCH标签99人,Qwen3.7-Max,思考,6,早醒,3,C03：全文｜不规整｜逐条评分｜不清洗,15,C15：事件序列｜规整｜逐条评分｜不清洗,99,是,是,0.39803742765523364,0.26835727436285073,-0.12968015329238292,-0.2635567577957958,-0.00398029103892155,0.05747126436781609,0.3417929902832302,0.21685332388458362,-0.12493966639864656,-0.26811313212294746,0.0015694066330848365,0.0704647676161919,formal,正式,0.3473063468265867,0.42404884514264607,差异未达FDR显著
各逐题条件相对C03,相对C03,HAMD-17,PDCH标签99人,Qwen3.7-Max,思考,6,早醒,3,C03：全文｜不规整｜逐条评分｜不清洗,16,C16：事件序列｜规整｜逐条评分｜清洗,99,是,是,0.39803742765523364,0.23890807131147307,-0.15912935634376058,-0.30703106296260724,-0.02459950848707003,0.04097951024487756,0.3417929902832302,0.1857212949135189,-0.15607169536971127,-0.32492319148032967,-0.016747379898870405,0.03948025987006497,formal,正式,0.3473063468265867,0.42404884514264607,差异未达FDR显著
各逐题条件相对C03,相对C03,HAMD-17,PDCH标签99人,Qwen3.7-Max,思考,7,工作和活动,3,C03：全文｜不规整｜逐条评分｜不清洗,4,C04：全文｜不规整｜逐条评分｜清洗,99,是,是,0.6745030352251339,0.605012915747425,-0.06949011947770889,-0.1753388139971182,0.03295496433916382,0.17391304347826086,0.6399102874784891,0.5742665154543821,-0.06564377202410698,-0.17430170258673053,0.033507996301280915,0.2098950524737631,formal,正式,0.5306577480490524,0.6244377811094453,差异未达FDR显著
各逐题条件相对C03,相对C03,HAMD-17,PDCH标签99人,Qwen3.7-Max,思考,7,工作和活动,3,C03：全文｜不规整｜逐条评分｜不清洗,7,C07：全文｜规整｜逐条评分｜不清洗,99,是,是,0.6745030352251339,0.606998597987092,-0.06750443723804189,-0.1850668743429634,0.028133789726385305,0.23388305847076463,0.6399102874784891,0.5753814635284615,-0.06452882395002757,-0.18032458641378457,0.045637603515561925,0.25987006496751625,formal,正式,0.6048252469509926,0.6579688878964772,差异未达FDR显著
各逐题条件相对C03,相对C03,HAMD-17,PDCH标签99人,Qwen3.7-Max,思考,7,工作和活动,3,C03：全文｜不规整｜逐条评分｜不清洗,8,C08：全文｜规整｜逐条评分｜清洗,99,是,是,0.6745030352251339,0.6063529257223699,-0.06815010950276401,-0.17574575359252637,0.03673028747987157,0.2698650674662669,0.6399102874784891,0.5948319932244385,-0.04507829425405063,-0.13932588549973038,0.059008181802925885,0.46676661669165415,formal,正式,0.6434682658670664,0.7780692986839912,差异未达FDR显著
各逐题条件相对C03,相对C03,HAMD-17,PDCH标签99人,Qwen3.7-Max,思考,7,工作和活动,3,C03：全文｜不规整｜逐条评分｜不清洗,11,C11：事件序列｜不规整｜逐条评分｜不清洗,99,是,是,0.6745030352251339,0.6385625933057376,-0.03594044191939627,-0.1045783904228966,0.03121044864024061,0.3363318340829585,0.6399102874784891,0.606943516540633,-0.03296677093785605,-0.10694309093544312,0.04163359207024206,0.38980509745127434,formal,正式,0.6900601423426218,0.7247938530734632,差异未达FDR显著
各逐题条件相对C03,相对C03,HAMD-17,PDCH标签99人,Qwen3.7-Max,思考,7,工作和活动,3,C03：全文｜不规整｜逐条评分｜不清洗,12,C12：事件序列｜不规整｜逐条评分｜清洗,99,是,是,0.6745030352251339,0.6350774447931806,-0.03942559043195326,-0.12372283725107444,0.03548340567601798,0.3278360819590205,0.6399102874784891,0.5988921899304159,-0.041018097548073174,-0.12201693829698193,0.030590014473397292,0.351824087956022,formal,正式,0.6900601423426218,0.707696151924038,差异未达FDR显著
各逐题条件相对C03,相对C03,HAMD-17,PDCH标签99人,Qwen3.7-Max,思考,7,工作和活动,3,C03：全文｜不规整｜逐条评分｜不清洗,15,C15：事件序列｜规整｜逐条评分｜不清洗,99,是,是,0.6745030352251339,0.5549885329144928,-0.11951450231064109,-0.23535826124959386,-0.016702508993557654,0.046476761619190406,0.6399102874784891,0.5248119701450226,-0.11509831733346654,-0.23023774022233867,-0.0032926164121762623,0.06546726636681659,formal,正式,0.3473063468265867,0.42404884514264607,差异未达FDR显著
各逐题条件相对C03,相对C03,HAMD-17,PDCH标签99人,Qwen3.7-Max,思考,7,工作和活动,3,C03：全文｜不规整｜逐条评分｜不清洗,16,C16：事件序列｜规整｜逐条评分｜清洗,99,是,是,0.6745030352251339,0.4961317393343118,-0.17837129589082207,-0.2924915778900656,-0.06402167110913934,0.00849575212393803,0.6399102874784891,0.4684253785320475,-0.17148490894644158,-0.3139155248724175,-0.056361011317719825,0.018490754622688656,formal,正式,0.2021989005497251,0.3667333000166583,差异未达FDR显著
各逐题条件相对C03,相对C03,HAMD-17,PDCH标签99人,Qwen3.7-Max,思考,8,迟滞,3,C03：全文｜不规整｜逐条评分｜不清洗,4,C04：全文｜不规整｜逐条评分｜清洗,99,是,是,0.36683886457823944,0.29358156979856115,-0.0732572947796783,-0.19639724114190996,0.03272410105259454,0.2703648175912044,0.3636543247384619,0.2955664276706044,-0.06808789706785745,-0.20948019074741697,0.05507099965792605,0.3148425787106447,formal,正式,0.6434682658670664,0.66904047976012,差异未达FDR显著
各逐题条件相对C03,相对C03,HAMD-17,PDCH标签99人,Qwen3.7-Max,思考,8,迟滞,3,C03：全文｜不规整｜逐条评分｜不清洗,7,C07：全文｜规整｜逐条评分｜不清洗,99,是,是,0.36683886457823944,0.3110116048223759,-0.055827259755863556,-0.22714910148293016,0.12559728744638293,0.6291854072963519,0.3636543247384619,0.3113858394012696,-0.05226848533719225,-0.2215406294829514,0.12129647055610059,0.6531734132933533,formal,正式,0.8227809172336908,0.8541498481528467,差异未达FDR显著
各逐题条件相对C03,相对C03,HAMD-17,PDCH标签99人,Qwen3.7-Max,思考,8,迟滞,3,C03：全文｜不规整｜逐条评分｜不清洗,8,C08：全文｜规整｜逐条评分｜清洗,99,是,是,0.36683886457823944,0.20502895196278106,-0.16180991261545838,-0.33980546472844186,-0.007706166109373883,0.1329335332333833,0.3636543247384619,0.20871381423257798,-0.1549405105058839,-0.34988313391119813,0.006772644498652193,0.16441779110444776,formal,正式,0.48837702360940743,0.5430574186590915,差异未达FDR显著
各逐题条件相对C03,相对C03,HAMD-17,PDCH标签99人,Qwen3.7-Max,思考,8,迟滞,3,C03：全文｜不规整｜逐条评分｜不清洗,11,C11：事件序列｜不规整｜逐条评分｜不清洗,99,是,是,0.36683886457823944,0.32350155571726863,-0.043337308860970813,-0.17737677177222944,0.06690809749232104,0.4852573713143428,0.3636543247384619,0.3199904667549777,-0.043663857983484156,-0.16758634008942042,0.05934125760141184,0.49075462268865566,formal,正式,0.7418915542228885,0.7786640013326669,差异未达FDR显著
各逐题条件相对C03,相对C03,HAMD-17,PDCH标签99人,Qwen3.7-Max,思考,8,迟滞,3,C03：全文｜不规整｜逐条评分｜不清洗,12,C12：事件序列｜不规整｜逐条评分｜清洗,99,是,是,0.36683886457823944,0.25097199607377235,-0.11586686850446709,-0.28561699141310787,0.019462192373805042,0.13543228385807096,0.3636543247384619,0.2514391397860962,-0.11221518495236565,-0.2594739054209381,0.01694155678152263,0.15142428785607195,formal,正式,0.48837702360940743,0.5299850074962518,差异未达FDR显著
各逐题条件相对C03,相对C03,HAMD-17,PDCH标签99人,Qwen3.7-Max,思考,8,迟滞,3,C03：全文｜不规整｜逐条评分｜不清洗,15,C15：事件序列｜规整｜逐条评分｜不清洗,99,是,是,0.36683886457823944,0.4394680463893613,0.07262918181112188,-0.05144401653016982,0.19977436653963243,0.38630684657671166,0.3636543247384619,0.4395621986519081,0.07590787391344622,-0.056459489016091574,0.20203057686479442,0.3493253373313343,formal,正式,0.6965229506458892,0.707696151924038,差异未达FDR显著
各逐题条件相对C03,相对C03,HAMD-17,PDCH标签99人,Qwen3.7-Max,思考,8,迟滞,3,C03：全文｜不规整｜逐条评分｜不清洗,16,C16：事件序列｜规整｜逐条评分｜清洗,99,是,是,0.36683886457823944,0.361834645833272,-0.005004218744967426,-0.16090688880668888,0.1389076219547666,0.95952023988006,0.3636543247384619,0.36505614619110266,0.0014018214526407835,-0.1479416716163532,0.1529725714442058,0.9855072463768116,formal,正式,1.0,1.0,差异未达FDR显著
各逐题条件相对C03,相对C03,HAMD-17,PDCH标签99人,Qwen3.7-Max,思考,9,激越,3,C03：全文｜不规整｜逐条评分｜不清洗,4,C04：全文｜不规整｜逐条评分｜清洗,99,是,是,0.36119955250165675,0.3473222243146552,-0.013877328187001547,-0.13329022122674286,0.09430291840629586,0.8110944527736131,0.3457436810900992,0.33726010614932717,-0.00848357494077201,-0.14343562066290091,0.10187947045263675,0.889055472263868,formal,正式,0.9451730445456883,0.9902861069465266,差异未达FDR显著
各逐题条件相对C03,相对C03,HAMD-17,PDCH标签99人,Qwen3.7-Max,思考,9,激越,3,C03：全文｜不规整｜逐条评分｜不清洗,7,C07：全文｜规整｜逐条评分｜不清洗,99,是,是,0.36119955250165675,0.2676046889051431,-0.09359486359651364,-0.278897908252285,0.0850622218915747,0.32283858070964516,0.3457436810900992,0.2560684177933846,-0.0896752632967146,-0.25726285362582363,0.07068223759228538,0.3568215892053973,formal,正式,0.6900601423426218,0.707696151924038,差异未达FDR显著
各逐题条件相对C03,相对C03,HAMD-17,PDCH标签99人,Qwen3.7-Max,思考,9,激越,3,C03：全文｜不规整｜逐条评分｜不清洗,8,C08：全文｜规整｜逐条评分｜清洗,99,是,是,0.36119955250165675,0.20822729724722394,-0.1529722552544328,-0.34005765260917337,0.01980358361419606,0.07946026986506746,0.3457436810900992,0.19222248342936343,-0.15352119766073574,-0.34365227089121186,0.016869340142217457,0.09795102448775612,formal,正式,0.3612267940104022,0.4483143043862684,差异未达FDR显著
各逐题条件相对C03,相对C03,HAMD-17,PDCH标签99人,Qwen3.7-Max,思考,9,激越,3,C03：全文｜不规整｜逐条评分｜不清洗,11,C11：事件序列｜不规整｜逐条评分｜不清洗,99,是,是,0.36119955250165675,0.37568883528068536,0.014489282779028612,-0.09110188762515259,0.12595565122751212,0.809095452273863,0.3457436810900992,0.3550011159026936,0.009257434812594445,-0.09734081202527564,0.12374637602356506,0.8770614692653673,formal,正式,0.9451730445456883,0.9902861069465266,差异未达FDR显著
各逐题条件相对C03,相对C03,HAMD-17,PDCH标签99人,Qwen3.7-Max,思考,9,激越,3,C03：全文｜不规整｜逐条评分｜不清洗,12,C12：事件序列｜不规整｜逐条评分｜清洗,99,是,是,0.36119955250165675,0.3006622381046963,-0.06053731439696047,-0.23489969024281007,0.1022048239076529,0.4987506246876562,0.3457436810900992,0.28061286869168106,-0.06513081239841811,-0.22438582102624058,0.0871706802168343,0.44627686156921537,formal,正式,0.7418915542228885,0.7780692986839912,差异未达FDR显著
各逐题条件相对C03,相对C03,HAMD-17,PDCH标签99人,Qwen3.7-Max,思考,9,激越,3,C03：全文｜不规整｜逐条评分｜不清洗,15,C15：事件序列｜规整｜逐条评分｜不清洗,99,是,是,0.36119955250165675,0.33436020916305903,-0.02683934333859772,-0.1556520011555523,0.10562914406768559,0.7151424287856072,0.3457436810900992,0.323671105605813,-0.02207257548428615,-0.1623095380940366,0.10810655876323044,0.7901049475262368,formal,正式,0.8958099897419711,0.979400924537731,差异未达FDR显著
各逐题条件相对C03,相对C03,HAMD-17,PDCH标签99人,Qwen3.7-Max,思考,9,激越,3,C03：全文｜不规整｜逐条评分｜不清洗,16,C16：事件序列｜规整｜逐条评分｜清洗,99,是,是,0.36119955250165675,0.2976508713698335,-0.06354868113182327,-0.24803191105096106,0.10811193643722801,0.495752123938031,0.3457436810900992,0.28608171038990077,-0.05966197070019841,-0.2303486942996963,0.1138273309578785,0.5422288855572214,formal,正式,0.7418915542228885,0.8010130737100585,差异未达FDR显著
各逐题条件相对C03,相对C03,HAMD-17,PDCH标签99人,Qwen3.7-Max,思考,10,精神性焦虑,3,C03：全文｜不规整｜逐条评分｜不清洗,4,C04：全文｜不规整｜逐条评分｜清洗,99,是,是,0.4901621871762141,0.5344498157836933,0.0442876286074792,-0.046569497220306524,0.13356217232363787,0.37231384307846077,0.4344846334862157,0.48307329811037214,0.04858866462415645,-0.0430869240969498,0.14057187821889447,0.29685157421289354,formal,正式,0.692271051974013,0.6665157987044213,差异未达FDR显著
各逐题条件相对C03,相对C03,HAMD-17,PDCH标签99人,Qwen3.7-Max,思考,10,精神性焦虑,3,C03：全文｜不规整｜逐条评分｜不清洗,7,C07：全文｜规整｜逐条评分｜不清洗,99,是,是,0.4901621871762141,0.36591082991740254,-0.12425135725881159,-0.2694117315903187,0.027803698392060854,0.16141929035482258,0.4344846334862157,0.3107451524256977,-0.12373948106051796,-0.28440709601090847,0.032263233678177294,0.15892053973013492,formal,正式,0.5271958615286951,0.5403298350824588,差异未达FDR显著
各逐题条件相对C03,相对C03,HAMD-17,PDCH标签99人,Qwen3.7-Max,思考,10,精神性焦虑,3,C03：全文｜不规整｜逐条评分｜不清洗,8,C08：全文｜规整｜逐条评分｜清洗,99,是,是,0.4901621871762141,0.4032936182517164,-0.08686856892449774,-0.256416300565397,0.07401014120808644,0.3468265867066467,0.4344846334862157,0.36734885663931033,-0.06713577684690536,-0.23605944479247074,0.08989245252259603,0.48575712143928035,formal,正式,0.692271051974013,0.7786640013326669,差异未达FDR显著
各逐题条件相对C03,相对C03,HAMD-17,PDCH标签99人,Qwen3.7-Max,思考,10,精神性焦虑,3,C03：全文｜不规整｜逐条评分｜不清洗,11,C11：事件序列｜不规整｜逐条评分｜不清洗,99,是,是,0.4901621871762141,0.47826003426990027,-0.011902152906313856,-0.1431922420032629,0.1162731026385696,0.8540729635182409,0.4344846334862157,0.4281735534401025,-0.006311080046113193,-0.14220554833866964,0.1171810534107873,0.9215392303848076,formal,正式,0.9637517689753254,0.9902861069465266,差异未达FDR显著
各逐题条件相对C03,相对C03,HAMD-17,PDCH标签99人,Qwen3.7-Max,思考,10,精神性焦虑,3,C03：全文｜不规整｜逐条评分｜不清洗,12,C12：事件序列｜不规整｜逐条评分｜清洗,99,是,是,0.4901621871762141,0.4274364130192469,-0.06272577415696723,-0.1890789572052815,0.06128643319059734,0.35932033983008493,0.4344846334862157,0.3660428620128559,-0.06844177147335978,-0.19772268879580143,0.044007301489688636,0.27136431784107945,formal,正式,0.692271051974013,0.663688155922039,差异未达FDR显著
各逐题条件相对C03,相对C03,HAMD-17,PDCH标签99人,Qwen3.7-Max,思考,10,精神性焦虑,3,C03：全文｜不规整｜逐条评分｜不清洗,15,C15：事件序列｜规整｜逐条评分｜不清洗,99,是,是,0.4901621871762141,0.46358910234826534,-0.02657308482794879,-0.18513011770371707,0.1156713976423909,0.7496251874062968,0.4344846334862157,0.4114930736624596,-0.022991559823756114,-0.17255172288849954,0.11797773947843852,0.7746126936531734,formal,正式,0.9196432711479312,0.979400924537731,差异未达FDR显著
各逐题条件相对C03,相对C03,HAMD-17,PDCH标签99人,Qwen3.7-Max,思考,10,精神性焦虑,3,C03：全文｜不规整｜逐条评分｜不清洗,16,C16：事件序列｜规整｜逐条评分｜清洗,99,是,是,0.4901621871762141,0.42523795708624573,-0.0649242300899684,-0.20438669143565513,0.06958447902316875,0.4427786106946527,0.4344846334862157,0.3777761946319623,-0.05670843885425336,-0.1970711995648367,0.0848765522627569,0.48875562218890556,formal,正式,0.7297162229695963,0.7786640013326669,差异未达FDR显著
各逐题条件相对C03,相对C03,HAMD-17,PDCH标签99人,Qwen3.7-Max,思考,11,躯体性焦虑,3,C03：全文｜不规整｜逐条评分｜不清洗,4,C04：全文｜不规整｜逐条评分｜清洗,99,是,是,0.6039843419984362,0.5709289203226741,-0.03305542167576214,-0.13170525341570455,0.040281626881270516,0.49375312343828087,0.5523801274261331,0.5207444453813102,-0.03163568204482292,-0.12232995197742678,0.05798578264062685,0.5047476261869065,formal,正式,0.7418915542228885,0.7800645131979463,差异未达FDR显著
各逐题条件相对C03,相对C03,HAMD-17,PDCH标签99人,Qwen3.7-Max,思考,11,躯体性焦虑,3,C03：全文｜不规整｜逐条评分｜不清洗,7,C07：全文｜规整｜逐条评分｜不清洗,99,是,是,0.6039843419984362,0.5206996848403841,-0.08328465715805211,-0.2025423007417941,0.02046998927838859,0.22288855572213892,0.5523801274261331,0.47072790128423125,-0.08165222614190182,-0.2044717893986665,0.04053209875569338,0.23788105947026486,formal,正式,0.6048252469509926,0.647708754318493,差异未达FDR显著
各逐题条件相对C03,相对C03,HAMD-17,PDCH标签99人,Qwen3.7-Max,思考,11,躯体性焦虑,3,C03：全文｜不规整｜逐条评分｜不清洗,8,C08：全文｜规整｜逐条评分｜清洗,99,是,是,0.6039843419984362,0.48066170934834374,-0.12332263265009247,-0.23518749631015246,-0.00683209749875641,0.06896551724137931,0.5523801274261331,0.42950069028507537,-0.1228794371410577,-0.25833016666367786,0.0036323712374139823,0.0734632683658171,formal,正式,0.3473063468265867,0.42404884514264607,差异未达FDR显著
各逐题条件相对C03,相对C03,HAMD-17,PDCH标签99人,Qwen3.7-Max,思考,11,躯体性焦虑,3,C03：全文｜不规整｜逐条评分｜不清洗,11,C11：事件序列｜不规整｜逐条评分｜不清洗,99,是,是,0.6039843419984362,0.6271530317472804,0.02316868974884423,-0.06354390726014542,0.11489398145305856,0.591704147926037,0.5523801274261331,0.5733585918781763,0.02097846445204321,-0.0655211263643906,0.11406166121168651,0.6286856571714143,formal,正式,0.8069033664985689,0.8406021708247001,差异未达FDR显著
各逐题条件相对C03,相对C03,HAMD-17,PDCH标签99人,Qwen3.7-Max,思考,11,躯体性焦虑,3,C03：全文｜不规整｜逐条评分｜不清洗,12,C12：事件序列｜不规整｜逐条评分｜清洗,99,是,是,0.6039843419984362,0.5772906729606619,-0.02669366903777426,-0.15133366124201905,0.07362722039046773,0.6506746626686657,0.5523801274261331,0.5239300150698144,-0.02845011235631867,-0.13517576898768696,0.08975115176827873,0.6426786606696652,formal,正式,0.8416335310605568,0.8497640068854461,差异未达FDR显著
各逐题条件相对C03,相对C03,HAMD-17,PDCH标签99人,Qwen3.7-Max,思考,11,躯体性焦虑,3,C03：全文｜不规整｜逐条评分｜不清洗,15,C15：事件序列｜规整｜逐条评分｜不清洗,99,是,是,0.6039843419984362,0.5137674005307212,-0.09021694146771497,-0.20780596176938976,0.013064903697773732,0.15242378810594703,0.5523801274261331,0.45246218488622286,-0.09991794253991021,-0.23493743267444908,0.022893762416709026,0.111944027986007,formal,正式,0.5182408795602199,0.47371142015199297,差异未达FDR显著
各逐题条件相对C03,相对C03,HAMD-17,PDCH标签99人,Qwen3.7-Max,思考,11,躯体性焦虑,3,C03：全文｜不规整｜逐条评分｜不清洗,16,C16：事件序列｜规整｜逐条评分｜清洗,99,是,是,0.6039843419984362,0.5370519443896438,-0.06693239760879244,-0.16650770176773463,0.0317070283517347,0.23888055972013994,0.5523801274261331,0.4810174671522497,-0.07136266027388338,-0.18058747479622778,0.03539398964241313,0.2178910544727636,formal,正式,0.6048252469509926,0.6324154995672895,差异未达FDR显著
各逐题条件相对C03,相对C03,HAMD-17,PDCH标签99人,Qwen3.7-Max,思考,12,胃肠道症状,3,C03：全文｜不规整｜逐条评分｜不清洗,4,C04：全文｜不规整｜逐条评分｜清洗,99,是,是,0.5219158382400425,0.47783382967343596,-0.044082008566606545,-0.09795721246515283,-0.00104942635587911,0.07196401799100449,0.45532711967851686,0.41287296063738527,-0.04245415904113159,-0.09305695025882657,0.0018416268739242137,0.05647176411794103,formal,正式,0.3473063468265867,0.42404884514264607,差异未达FDR显著
各逐题条件相对C03,相对C03,HAMD-17,PDCH标签99人,Qwen3.7-Max,思考,12,胃肠道症状,3,C03：全文｜不规整｜逐条评分｜不清洗,7,C07：全文｜规整｜逐条评分｜不清洗,99,是,是,0.5219158382400425,0.5160768394008842,-0.0058389988391582825,-0.11187976801135904,0.08464470881780083,0.9415292353823088,0.45532711967851686,0.4612762830556514,0.005949163377134525,-0.10917954607385692,0.10233371131679804,0.928535732133933,formal,正式,1.0,0.9902861069465266,差异未达FDR显著
各逐题条件相对C03,相对C03,HAMD-17,PDCH标签99人,Qwen3.7-Max,思考,12,胃肠道症状,3,C03：全文｜不规整｜逐条评分｜不清洗,8,C08：全文｜规整｜逐条评分｜清洗,99,是,是,0.5219158382400425,0.4845806054625124,-0.03733523277753009,-0.13605179319880661,0.048681057022718674,0.45377311344327836,0.45532711967851686,0.42434301989818535,-0.03098409978033151,-0.13439043013022417,0.05629058830069343,0.5617191404297851,formal,正式,0.7297162229695963,0.8053563579655955,差异未达FDR显著
各逐题条件相对C03,相对C03,HAMD-17,PDCH标签99人,Qwen3.7-Max,思考,12,胃肠道症状,3,C03：全文｜不规整｜逐条评分｜不清洗,11,C11：事件序列｜不规整｜逐条评分｜不清洗,99,是,是,0.5219158382400425,0.5137019272150594,-0.008213911024983145,-0.06753214664978609,0.05857561492840206,0.8065967016491754,0.45532711967851686,0.45500888104589854,-0.0003182386326183173,-0.06782957283317774,0.06318759123044397,0.9985007496251874,formal,正式,0.9451730445456883,1.0,差异未达FDR显著
各逐题条件相对C03,相对C03,HAMD-17,PDCH标签99人,Qwen3.7-Max,思考,12,胃肠道症状,3,C03：全文｜不规整｜逐条评分｜不清洗,12,C12：事件序列｜不规整｜逐条评分｜清洗,99,是,是,0.5219158382400425,0.48516329735232877,-0.036752540887713736,-0.10943238059427951,0.036615634323549744,0.3168415792103948,0.45532711967851686,0.42598772135330343,-0.02933939832521343,-0.11280442945873333,0.05139046971285045,0.4577711144427786,formal,正式,0.6900601423426218,0.7780692986839912,差异未达FDR显著
各逐题条件相对C03,相对C03,HAMD-17,PDCH标签99人,Qwen3.7-Max,思考,12,胃肠道症状,3,C03：全文｜不规整｜逐条评分｜不清洗,15,C15：事件序列｜规整｜逐条评分｜不清洗,99,是,是,0.5219158382400425,0.4466413728001083,-0.07527446543993421,-0.1622586054498596,0.006085492234733372,0.06996501749125437,0.45532711967851686,0.38197002397267993,-0.07335709570583693,-0.15536621618801302,0.012345013795756572,0.079960019990005,formal,正式,0.3473063468265867,0.42404884514264607,差异未达FDR显著
各逐题条件相对C03,相对C03,HAMD-17,PDCH标签99人,Qwen3.7-Max,思考,12,胃肠道症状,3,C03：全文｜不规整｜逐条评分｜不清洗,16,C16：事件序列｜规整｜逐条评分｜清洗,99,是,是,0.5219158382400425,0.3981133359528045,-0.12380250228723799,-0.22400506471496306,-0.03168200021974257,0.010994502748625687,0.45532711967851686,0.335669854081727,-0.11965726559678985,-0.22480066911666058,-0.03241839536784421,0.013993003498250875,formal,正式,0.2180576378477428,0.33303348325837084,差异未达FDR显著
各逐题条件相对C03,相对C03,HAMD-17,PDCH标签99人,Qwen3.7-Max,思考,13,全身症状,3,C03：全文｜不规整｜逐条评分｜不清洗,4,C04：全文｜不规整｜逐条评分｜清洗,99,是,是,0.6354936255625544,0.5718408737334344,-0.06365275182912,-0.1513716854533628,0.026281033422914636,0.15142428785607195,0.5979524005820942,0.5347982712031703,-0.06315412937892395,-0.1623376523804035,0.027974964204125968,0.18040979510244878,formal,正式,0.5182408795602199,0.5504811696715745,差异未达FDR显著
各逐题条件相对C03,相对C03,HAMD-17,PDCH标签99人,Qwen3.7-Max,思考,13,全身症状,3,C03：全文｜不规整｜逐条评分｜不清洗,7,C07：全文｜规整｜逐条评分｜不清洗,99,是,是,0.6354936255625544,0.5056002128794738,-0.12989341268308063,-0.2616756922977077,-0.022483209726589196,0.038980509745127435,0.5979524005820942,0.4716383570348369,-0.12631404354725728,-0.26375006935096434,-0.01651732810265739,0.06046976511744128,formal,正式,0.3473063468265867,0.42404884514264607,差异未达FDR显著
各逐题条件相对C03,相对C03,HAMD-17,PDCH标签99人,Qwen3.7-Max,思考,13,全身症状,3,C03：全文｜不规整｜逐条评分｜不清洗,8,C08：全文｜规整｜逐条评分｜清洗,99,是,是,0.6354936255625544,0.4121459850790546,-0.2233476404834998,-0.36001899937296183,-0.09057438294580385,0.0024987506246876563,0.5979524005820942,0.36918744549780413,-0.22876495508429007,-0.3698473619272931,-0.10951142551705122,0.0014992503748125937,formal,正式,0.14867566216891556,0.17841079460269865,差异未达FDR显著
各逐题条件相对C03,相对C03,HAMD-17,PDCH标签99人,Qwen3.7-Max,思考,13,全身症状,3,C03：全文｜不规整｜逐条评分｜不清洗,11,C11：事件序列｜不规整｜逐条评分｜不清洗,99,是,是,0.6354936255625544,0.5546814682373007,-0.08081215732525371,-0.21199485825957928,0.023823848391472273,0.13193403298350825,0.5979524005820942,0.5081614041136826,-0.0897909964684116,-0.19831485928256398,0.020904924492952188,0.11494252873563218,formal,正式,0.48837702360940743,0.47371142015199297,差异未达FDR显著
各逐题条件相对C03,相对C03,HAMD-17,PDCH标签99人,Qwen3.7-Max,思考,13,全身症状,3,C03：全文｜不规整｜逐条评分｜不清洗,12,C12：事件序列｜不规整｜逐条评分｜清洗,99,是,是,0.6354936255625544,0.5497959751741387,-0.0856976503884157,-0.19571814090630082,0.0107394186244394,0.08195902048975512,0.5979524005820942,0.5059016791045666,-0.09205072147752758,-0.19539052792728337,0.0073039287911276455,0.07146426786606697,formal,正式,0.3612267940104022,0.42404884514264607,差异未达FDR显著
各逐题条件相对C03,相对C03,HAMD-17,PDCH标签99人,Qwen3.7-Max,思考,13,全身症状,3,C03：全文｜不规整｜逐条评分｜不清洗,15,C15：事件序列｜规整｜逐条评分｜不清洗,99,是,是,0.6354936255625544,0.4495377120174263,-0.18595591354512808,-0.33210964656279834,-0.06340132790397134,0.005997001499250375,0.5979524005820942,0.4085908760384443,-0.1893615245436499,-0.3387252630707811,-0.07366879884180678,0.005997001499250375,formal,正式,0.17841079460269865,0.23788105947026486,差异未达FDR显著
各逐题条件相对C03,相对C03,HAMD-17,PDCH标签99人,Qwen3.7-Max,思考,13,全身症状,3,C03：全文｜不规整｜逐条评分｜不清洗,16,C16：事件序列｜规整｜逐条评分｜清洗,99,是,是,0.6354936255625544,0.5242422551910868,-0.1112513703714676,-0.24891668271833706,-0.008294842165942826,0.0704647676161919,0.5979524005820942,0.48018167774229276,-0.11777072283980144,-0.23742106004550528,-0.007222620459468138,0.06696651674162919,formal,正式,0.3473063468265867,0.42404884514264607,差异未达FDR显著
各逐题条件相对C03,相对C03,HAMD-17,PDCH标签99人,Qwen3.7-Max,思考,14,性症状,3,C03：全文｜不规整｜逐条评分｜不清洗,4,C04：全文｜不规整｜逐条评分｜清洗,56,是,是,0.4768620808967013,0.45832316630460496,-0.018538914592096334,-0.07716444061006755,0.0210992407693528,1.0,0.4127780408930457,0.39225316593151305,-0.020524874961532658,-0.07679799497362953,0.023678307798809885,1.0,formal,正式,1.0,1.0,差异未达FDR显著
各逐题条件相对C03,相对C03,HAMD-17,PDCH标签99人,Qwen3.7-Max,思考,14,性症状,3,C03：全文｜不规整｜逐条评分｜不清洗,7,C07：全文｜规整｜逐条评分｜不清洗,55,是,是,0.46504575236934975,0.47118526695655266,0.00613951458720291,-0.003481620587557657,0.02736503457979067,1.0,0.397762144158441,0.4033074102822363,0.0055452661237953005,-0.006276178179906465,0.03248933632343697,1.0,formal,正式,1.0,1.0,差异未达FDR显著
各逐题条件相对C03,相对C03,HAMD-17,PDCH标签99人,Qwen3.7-Max,思考,14,性症状,3,C03：全文｜不规整｜逐条评分｜不清洗,8,C08：全文｜规整｜逐条评分｜清洗,54,是,是,0.46075356415791724,0.44237438686679686,-0.018379177291120374,-0.1183144556068439,0.07184178750281321,0.7346326836581709,0.39668398541266986,0.3856643195542284,-0.01101966585844144,-0.11107910473777587,0.08113933236858772,0.7991004497751124,formal,正式,0.9106384307846077,0.9803397270436947,差异未达FDR显著
各逐题条件相对C03,相对C03,HAMD-17,PDCH标签99人,Qwen3.7-Max,思考,14,性症状,3,C03：全文｜不规整｜逐条评分｜不清洗,11,C11：事件序列｜不规整｜逐条评分｜不清洗,57,是,是,0.4672867135726675,0.44378761377710224,-0.023499099795565248,-0.07277592690560224,0.0,1.0,0.40229639637765297,0.37735522702017876,-0.024941169357474202,-0.0880682545295926,0.0,1.0,formal,正式,1.0,1.0,差异未达FDR显著
各逐题条件相对C03,相对C03,HAMD-17,PDCH标签99人,Qwen3.7-Max,思考,14,性症状,3,C03：全文｜不规整｜逐条评分｜不清洗,12,C12：事件序列｜不规整｜逐条评分｜清洗,54,是,是,0.47502666348766365,0.45126225411476767,-0.023764409372895978,-0.07929821905108836,0.0,1.0,0.40834233775350165,0.38608651196376553,-0.022255825789736117,-0.08162101823172682,0.0,1.0,formal,正式,1.0,1.0,差异未达FDR显著
各逐题条件相对C03,相对C03,HAMD-17,PDCH标签99人,Qwen3.7-Max,思考,14,性症状,3,C03：全文｜不规整｜逐条评分｜不清洗,15,C15：事件序列｜规整｜逐条评分｜不清洗,57,是,是,0.4672867135726675,0.4097144057029606,-0.05757230786970691,-0.1840609617853189,0.05773949604669286,0.37181409295352325,0.40229639637765297,0.345498656051004,-0.05679774032664897,-0.1724451034084465,0.04401029128958202,0.38830584707646176,formal,正式,0.692271051974013,0.7247938530734632,差异未达FDR显著
各逐题条件相对C03,相对C03,HAMD-17,PDCH标签99人,Qwen3.7-Max,思考,14,性症状,3,C03：全文｜不规整｜逐条评分｜不清洗,16,C16：事件序列｜规整｜逐条评分｜清洗,55,是,是,0.44591507868938246,0.39793544982096046,-0.047979628868422,-0.1602914272213645,0.04650289907924898,0.4332833583208396,0.376650384620058,0.324795458960982,-0.05185492565907601,-0.17416720627097604,0.042737597596352726,0.40729635182408797,formal,正式,0.7297162229695963,0.7343676646525222,差异未达FDR显著
各逐题条件相对C03,相对C03,HAMD-17,PDCH标签99人,Qwen3.7-Max,思考,15,疑病,3,C03：全文｜不规整｜逐条评分｜不清洗,4,C04：全文｜不规整｜逐条评分｜清洗,99,是,是,0.14274620077157102,0.18528380076820378,0.04253759999663276,-0.04714457940299233,0.15429918626160236,0.440279860069965,0.08645198649385898,0.12704486270343138,0.0405928762095724,-0.05212724243491427,0.135317734501109,0.4657671164417791,formal,正式,0.7297162229695963,0.7780692986839912,差异未达FDR显著
各逐题条件相对C03,相对C03,HAMD-17,PDCH标签99人,Qwen3.7-Max,思考,15,疑病,3,C03：全文｜不规整｜逐条评分｜不清洗,7,C07：全文｜规整｜逐条评分｜不清洗,99,是,是,0.14274620077157102,0.11206991434127163,-0.03067628643029939,-0.12534243968783404,0.07235915217755402,0.5967016491754122,0.08645198649385898,0.04722935585372331,-0.03922263064013567,-0.13666740861486484,0.06328014069773102,0.4707646176911544,formal,正式,0.8069033664985689,0.7780692986839912,差异未达FDR显著
各逐题条件相对C03,相对C03,HAMD-17,PDCH标签99人,Qwen3.7-Max,思考,15,疑病,3,C03：全文｜不规整｜逐条评分｜不清洗,8,C08：全文｜规整｜逐条评分｜清洗,99,是,是,0.14274620077157102,0.05122992115447027,-0.09151627961710075,-0.22056028708671646,0.040264236452518455,0.23588205897051473,0.08645198649385898,0.0021875932688840347,-0.08426439322497495,-0.21570393824466266,0.05460173077297997,0.27886056971514245,formal,正式,0.6048252469509926,0.663688155922039,差异未达FDR显著
各逐题条件相对C03,相对C03,HAMD-17,PDCH标签99人,Qwen3.7-Max,思考,15,疑病,3,C03：全文｜不规整｜逐条评分｜不清洗,11,C11：事件序列｜不规整｜逐条评分｜不清洗,99,是,是,0.14274620077157102,0.19355884939854395,0.050812648626972934,-0.05580754328444292,0.15218753113725791,0.38630684657671166,0.08645198649385898,0.13765624405378257,0.0512042575599236,-0.06117225141095431,0.16626914023619158,0.39980009995002497,formal,正式,0.6965229506458892,0.7319417214469688,差异未达FDR显著
各逐题条件相对C03,相对C03,HAMD-17,PDCH标签99人,Qwen3.7-Max,思考,15,疑病,3,C03：全文｜不规整｜逐条评分｜不清洗,12,C12：事件序列｜不规整｜逐条评分｜清洗,99,是,是,0.14274620077157102,0.10399364539698511,-0.03875255537458591,-0.12586640747410552,0.04651330104063091,0.4012993503248376,0.08645198649385898,0.04599063443750212,-0.040461352056356856,-0.1362203549018864,0.05417447602508801,0.383808095952024,formal,正式,0.7058861873411121,0.7247938530734632,差异未达FDR显著
各逐题条件相对C03,相对C03,HAMD-17,PDCH标签99人,Qwen3.7-Max,思考,15,疑病,3,C03：全文｜不规整｜逐条评分｜不清洗,15,C15：事件序列｜规整｜逐条评分｜不清洗,99,是,是,0.14274620077157102,0.19609242118262016,0.05334622041104914,-0.11497939878484505,0.22210176798516562,0.5467266366816592,0.08645198649385898,0.1411518889439772,0.05469990245011823,-0.09641119856047604,0.22024867401212275,0.5262368815592204,formal,正式,0.7787106446776613,0.8010130737100585,差异未达FDR显著
各逐题条件相对C03,相对C03,HAMD-17,PDCH标签99人,Qwen3.7-Max,思考,15,疑病,3,C03：全文｜不规整｜逐条评分｜不清洗,16,C16：事件序列｜规整｜逐条评分｜清洗,99,是,是,0.14274620077157102,0.20529737739184636,0.06255117662027534,-0.08453246609083985,0.21102451794611354,0.4707646176911544,0.08645198649385898,0.14174473894798315,0.05529275245412417,-0.0886176124985183,0.20162775731576543,0.5452273863068465,formal,正式,0.7371182829637812,0.8010130737100585,差异未达FDR显著
各逐题条件相对C03,相对C03,HAMD-17,PDCH标签99人,Qwen3.7-Max,思考,16,体重减轻,3,C03：全文｜不规整｜逐条评分｜不清洗,4,C04：全文｜不规整｜逐条评分｜清洗,99,是,是,0.2688158748426932,0.29217414276312753,0.023358267920434328,-0.0737948616829692,0.126388199562472,0.6796601699150425,0.2056062069314406,0.22210642936295943,0.01650022243151883,-0.09009921359423315,0.13817257639017202,0.7886056971514243,formal,正式,0.8696726905364524,0.979400924537731,差异未达FDR显著
各逐题条件相对C03,相对C03,HAMD-17,PDCH标签99人,Qwen3.7-Max,思考,16,体重减轻,3,C03：全文｜不规整｜逐条评分｜不清洗,7,C07：全文｜规整｜逐条评分｜不清洗,99,是,是,0.2688158748426932,0.3205592714524697,0.051743396609776504,-0.08321763484093517,0.1807178500614304,0.5312343828085957,0.2056062069314406,0.2552195962217368,0.049613389290296184,-0.09618845773910804,0.19076126702464355,0.5557221389305347,formal,正式,0.7787106446776613,0.8053563579655955,差异未达FDR显著
各逐题条件相对C03,相对C03,HAMD-17,PDCH标签99人,Qwen3.7-Max,思考,16,体重减轻,3,C03：全文｜不规整｜逐条评分｜不清洗,8,C08：全文｜规整｜逐条评分｜清洗,99,是,是,0.2688158748426932,0.3047258135176345,0.0359099386749413,-0.07081528674843066,0.15372973485024638,0.5467266366816592,0.2056062069314406,0.2370996388235756,0.03149343189213499,-0.08085830745320713,0.15116480341138633,0.6131934032983508,formal,正式,0.7787106446776613,0.8387358045115374,差异未达FDR显著
各逐题条件相对C03,相对C03,HAMD-17,PDCH标签99人,Qwen3.7-Max,思考,16,体重减轻,3,C03：全文｜不规整｜逐条评分｜不清洗,11,C11：事件序列｜不规整｜逐条评分｜不清洗,99,是,是,0.2688158748426932,0.25466031655038907,-0.014155558292304138,-0.10233188317379759,0.07243046394051514,0.777111444277861,0.2056062069314406,0.18879042940972135,-0.016815777521719255,-0.11654770668512482,0.08568630783133482,0.7371314342828585,formal,正式,0.939510042958319,0.9528031683083189,差异未达FDR显著
各逐题条件相对C03,相对C03,HAMD-17,PDCH标签99人,Qwen3.7-Max,思考,16,体重减轻,3,C03：全文｜不规整｜逐条评分｜不清洗,12,C12：事件序列｜不规整｜逐条评分｜清洗,99,是,是,0.2688158748426932,0.33601582949541164,0.06719995465271844,-0.030409364680714604,0.18894469190535085,0.2608695652173913,0.2056062069314406,0.2665989693032237,0.06099276237178308,-0.044205769520649835,0.16750676965944866,0.3103448275862069,formal,正式,0.6434682658670664,0.66904047976012,差异未达FDR显著
各逐题条件相对C03,相对C03,HAMD-17,PDCH标签99人,Qwen3.7-Max,思考,16,体重减轻,3,C03：全文｜不规整｜逐条评分｜不清洗,15,C15：事件序列｜规整｜逐条评分｜不清洗,99,是,是,0.2688158748426932,0.2787752667014742,0.009959391858780975,-0.07539323461615292,0.10346780279355897,0.8600699650174912,0.2056062069314406,0.20945546266240503,0.0038492557309644237,-0.08071807864032789,0.10655830485630477,0.9310344827586207,formal,正式,0.9637517689753254,0.9902861069465266,差异未达FDR显著
各逐题条件相对C03,相对C03,HAMD-17,PDCH标签99人,Qwen3.7-Max,思考,16,体重减轻,3,C03：全文｜不规整｜逐条评分｜不清洗,16,C16：事件序列｜规整｜逐条评分｜清洗,99,是,是,0.2688158748426932,0.20249628460669458,-0.06631959023599862,-0.20006633251357203,0.05659265464403728,0.351824087956022,0.2056062069314406,0.1335635681935525,-0.0720426387378881,-0.20987613880769448,0.049531643204452046,0.2908545727136432,formal,正式,0.692271051974013,0.6665157987044213,差异未达FDR显著
各逐题条件相对C03,相对C03,HAMD-17,PDCH标签99人,Qwen3.7-Max,思考,17,自知力,3,C03：全文｜不规整｜逐条评分｜不清洗,4,C04：全文｜不规整｜逐条评分｜清洗,99,是,是,0.08987817395149213,0.009551444251244995,-0.08032672970024714,-0.2803607329119201,0.11740073082866145,0.4662668665667166,0.07718973709694643,-0.0036903190433298185,-0.08088005614027625,-0.2725130444961839,0.11401357506416399,0.4612693653173413,formal,正式,0.7371182829637812,0.7780692986839912,差异未达FDR显著
各逐题条件相对C03,相对C03,HAMD-17,PDCH标签99人,Qwen3.7-Max,思考,17,自知力,3,C03：全文｜不规整｜逐条评分｜不清洗,7,C07：全文｜规整｜逐条评分｜不清洗,99,是,是,0.08987817395149213,-0.03708043868834496,-0.1269586126398371,-0.31288468551232507,0.10156546910921223,0.23788105947026486,0.07718973709694643,-0.04033380600974259,-0.11752354310668903,-0.3204580446751388,0.08691713764246335,0.2748625687156422,formal,正式,0.6048252469509926,0.663688155922039,差异未达FDR显著
各逐题条件相对C03,相对C03,HAMD-17,PDCH标签99人,Qwen3.7-Max,思考,17,自知力,3,C03：全文｜不规整｜逐条评分｜不清洗,8,C08：全文｜规整｜逐条评分｜清洗,99,是,是,0.08987817395149213,0.19395106952623214,0.10407289557474002,-0.11934596871100263,0.3360512246800229,0.36681659170414793,0.07718973709694643,0.19616491556132307,0.11897517846437664,-0.10402044929044034,0.32595643303694344,0.2943528235882059,formal,正式,0.692271051974013,0.6665157987044213,差异未达FDR显著
各逐题条件相对C03,相对C03,HAMD-17,PDCH标签99人,Qwen3.7-Max,思考,17,自知力,3,C03：全文｜不规整｜逐条评分｜不清洗,11,C11：事件序列｜不规整｜逐条评分｜不清洗,99,是,是,0.08987817395149213,0.040659821591954165,-0.04921835235953796,-0.2045955133055972,0.10824959206370116,0.5562218890554723,0.07718973709694643,0.03686787597864271,-0.04032186111830372,-0.1999982545742408,0.107419218689562,0.5972013993003499,formal,正式,0.7787106446776613,0.8360819590204898,差异未达FDR显著
各逐题条件相对C03,相对C03,HAMD-17,PDCH标签99人,Qwen3.7-Max,思考,17,自知力,3,C03：全文｜不规整｜逐条评分｜不清洗,12,C12：事件序列｜不规整｜逐条评分｜清洗,99,是,是,0.08987817395149213,-0.060640564664881005,-0.15051873861637313,-0.29849260182677506,0.004775753195283023,0.07246376811594203,0.07718973709694643,-0.06322504837626246,-0.1404147854732089,-0.3004462506065669,0.018232598865840458,0.08895552223888056,formal,正式,0.3473063468265867,0.4410711311011161,差异未达FDR显著
各逐题条件相对C03,相对C03,HAMD-17,PDCH标签99人,Qwen3.7-Max,思考,17,自知力,3,C03：全文｜不规整｜逐条评分｜不清洗,15,C15：事件序列｜规整｜逐条评分｜不清洗,99,是,是,0.08987817395149213,-0.09673274586557915,-0.18661091981707129,-0.34840816282094644,-0.02534997504661174,0.06346826586706647,0.07718973709694643,-0.10090023493408438,-0.17808997203103083,-0.3816166955606964,-0.006255485842523213,0.08195902048975512,formal,正式,0.3473063468265867,0.42404884514264607,差异未达FDR显著
各逐题条件相对C03,相对C03,HAMD-17,PDCH标签99人,Qwen3.7-Max,思考,17,自知力,3,C03：全文｜不规整｜逐条评分｜不清洗,16,C16：事件序列｜规整｜逐条评分｜清洗,99,是,是,0.08987817395149213,-0.12849828365831695,-0.21837645760980906,-0.425069659737508,-0.008550909369367195,0.07296351824087956,0.07718973709694643,-0.13196563859296384,-0.20915537568991027,-0.3953635082465191,0.0179559316004039,0.07546226886556721,formal,正式,0.3473063468265867,0.42404884514264607,差异未达FDR显著
各逐题条件相对C03,相对C03,PHQ-8,DAIC-WOZ全量189人,DeepSeek-V4-Pro,思考,1,兴趣或愉悦感降低,3,C03：全文｜不规整｜逐条评分｜不清洗,4,C04：全文｜不规整｜逐条评分｜清洗,189,是,是,0.33031072505516285,0.26602263515458224,-0.0642880899005806,-0.16123170415974547,0.01788501575548065,0.16091954022988506,0.3155752918852482,0.25341086070744473,-0.06216443117780346,-0.15358076805796755,0.019067579727322502,0.17991004497751126,formal,正式,0.4519740129935032,0.4466100283191738,差异未达FDR显著
各逐题条件相对C03,相对C03,PHQ-8,DAIC-WOZ全量189人,DeepSeek-V4-Pro,思考,1,兴趣或愉悦感降低,3,C03：全文｜不规整｜逐条评分｜不清洗,7,C07：全文｜规整｜逐条评分｜不清洗,189,是,是,0.33031072505516285,0.4963508786012322,0.16604015354606938,0.058444758441712014,0.2680333363440565,0.025487256371814093,0.3155752918852482,0.4869305050597149,0.17135521317446673,0.05992537378586219,0.27023888427093856,0.01899050474762619,formal,正式,0.4519740129935032,0.35448942195568883,差异未达FDR显著
各逐题条件相对C03,相对C03,PHQ-8,DAIC-WOZ全量189人,DeepSeek-V4-Pro,思考,1,兴趣或愉悦感降低,3,C03：全文｜不规整｜逐条评分｜不清洗,8,C08：全文｜规整｜逐条评分｜清洗,189,是,是,0.33031072505516285,0.4334985943036096,0.10318786924844675,-0.008629824127110296,0.20649371277702905,0.13093453273363317,0.3155752918852482,0.4166524251142424,0.1010771332289942,0.009482005405811999,0.21452025529918264,0.14842578710644677,formal,正式,0.4519740129935032,0.4466100283191738,差异未达FDR显著
各逐题条件相对C03,相对C03,PHQ-8,DAIC-WOZ全量189人,DeepSeek-V4-Pro,思考,1,兴趣或愉悦感降低,3,C03：全文｜不规整｜逐条评分｜不清洗,11,C11：事件序列｜不规整｜逐条评分｜不清洗,189,是,是,0.33031072505516285,0.3571119124196617,0.02680118736449888,-0.05477992930595198,0.10314400173054133,0.5257371314342829,0.3155752918852482,0.34055319968711867,0.02497790780187048,-0.047992518282558315,0.09701848523126635,0.5782108945527237,formal,正式,0.8411794102948527,0.8751300025662845,差异未达FDR显著
各逐题条件相对C03,相对C03,PHQ-8,DAIC-WOZ全量189人,DeepSeek-V4-Pro,思考,1,兴趣或愉悦感降低,3,C03：全文｜不规整｜逐条评分｜不清洗,12,C12：事件序列｜不规整｜逐条评分｜清洗,189,是,是,0.33031072505516285,0.32223038304485024,-0.008080342010312602,-0.10062195824616932,0.07816266172050937,0.8950524737631185,0.3155752918852482,0.2988498224773961,-0.016725469407852078,-0.10603742918062295,0.0747717865424048,0.7621189405297352,formal,正式,1.0,0.9699695606742084,差异未达FDR显著
各逐题条件相对C03,相对C03,PHQ-8,DAIC-WOZ全量189人,DeepSeek-V4-Pro,思考,1,兴趣或愉悦感降低,3,C03：全文｜不规整｜逐条评分｜不清洗,15,C15：事件序列｜规整｜逐条评分｜不清洗,189,是,是,0.33031072505516285,0.5311163746349886,0.20080564957982577,0.09777953506101139,0.30016078254402334,0.004997501249375313,0.3155752918852482,0.51680347033521,0.20122817844996183,0.09943123787430976,0.30410607224526814,0.005997001499250375,formal,正式,0.2798600699650175,0.2798600699650175,差异未达FDR显著
各逐题条件相对C03,相对C03,PHQ-8,DAIC-WOZ全量189人,DeepSeek-V4-Pro,思考,1,兴趣或愉悦感降低,3,C03：全文｜不规整｜逐条评分｜不清洗,16,C16：事件序列｜规整｜逐条评分｜清洗,189,是,是,0.33031072505516285,0.4006939543716474,0.07038322931648455,-0.038267498484988303,0.18441230139695267,0.2888555722138931,0.3155752918852482,0.3797140389092563,0.06413874702400812,-0.051320286848795305,0.18741755519259362,0.3588205897051474,formal,正式,0.5425674259644372,0.6509003562734762,差异未达FDR显著
各逐题条件相对C03,相对C03,PHQ-8,DAIC-WOZ全量189人,DeepSeek-V4-Pro,思考,2,情绪低落、抑郁或无望,3,C03：全文｜不规整｜逐条评分｜不清洗,4,C04：全文｜不规整｜逐条评分｜清洗,189,是,是,0.641862375333217,0.6052995693163672,-0.0365628060168498,-0.11563252481583608,0.03584350055674896,0.4012993503248376,0.6336402663296684,0.5965079058325521,-0.037132360497116323,-0.11058529706607555,0.04061813981453063,0.3893053473263368,formal,正式,0.680992836914876,0.6606393772810564,差异未达FDR显著
各逐题条件相对C03,相对C03,PHQ-8,DAIC-WOZ全量189人,DeepSeek-V4-Pro,思考,2,情绪低落、抑郁或无望,3,C03：全文｜不规整｜逐条评分｜不清洗,7,C07：全文｜规整｜逐条评分｜不清洗,189,是,是,0.641862375333217,0.6400040207534122,-0.0018583545798047663,-0.0759992463775428,0.07896612306643022,0.9715142428785607,0.6336402663296684,0.6237802905980137,-0.009859975731654758,-0.08286463998586512,0.06806254607417675,0.8285857071464268,formal,正式,1.0,0.9908237370676364,差异未达FDR显著
各逐题条件相对C03,相对C03,PHQ-8,DAIC-WOZ全量189人,DeepSeek-V4-Pro,思考,2,情绪低落、抑郁或无望,3,C03：全文｜不规整｜逐条评分｜不清洗,8,C08：全文｜规整｜逐条评分｜清洗,189,是,是,0.641862375333217,0.6403371636034063,-0.0015252117298106826,-0.09326142916221501,0.08011537349974063,0.9780109945027486,0.6336402663296684,0.6352197661901774,0.0015794998605089816,-0.0917056069426249,0.09322067625647724,0.9780109945027486,formal,正式,1.0,1.0,差异未达FDR显著
各逐题条件相对C03,相对C03,PHQ-8,DAIC-WOZ全量189人,DeepSeek-V4-Pro,思考,2,情绪低落、抑郁或无望,3,C03：全文｜不规整｜逐条评分｜不清洗,11,C11：事件序列｜不规整｜逐条评分｜不清洗,189,是,是,0.641862375333217,0.6678785498405835,0.026016174507366485,-0.024995755851240687,0.07595542917927062,0.33483258370814595,0.6336402663296684,0.657007418828623,0.023367152498954602,-0.0233499521899478,0.0747643763949366,0.3503248375812094,formal,正式,0.5859570214892554,0.6509003562734762,差异未达FDR显著
各逐题条件相对C03,相对C03,PHQ-8,DAIC-WOZ全量189人,DeepSeek-V4-Pro,思考,2,情绪低落、抑郁或无望,3,C03：全文｜不规整｜逐条评分｜不清洗,12,C12：事件序列｜不规整｜逐条评分｜清洗,189,是,是,0.641862375333217,0.657742395861969,0.015880020528752037,-0.06532515829205535,0.09829317403253128,0.7081459270364817,0.6336402663296684,0.6464547439736579,0.012814477643989464,-0.07071848164053209,0.0940750709261738,0.7536231884057971,formal,正式,0.926082413338785,0.9699695606742084,差异未达FDR显著
各逐题条件相对C03,相对C03,PHQ-8,DAIC-WOZ全量189人,DeepSeek-V4-Pro,思考,2,情绪低落、抑郁或无望,3,C03：全文｜不规整｜逐条评分｜不清洗,15,C15：事件序列｜规整｜逐条评分｜不清洗,189,是,是,0.641862375333217,0.5603845845540557,-0.08147779077916129,-0.15505131154094295,-0.0006972721761083771,0.12993503248375812,0.6336402663296684,0.5451270319988885,-0.08851323433077996,-0.16467098974461422,-0.0023171582845083966,0.12243878060969515,formal,正式,0.4519740129935032,0.4466100283191738,差异未达FDR显著
各逐题条件相对C03,相对C03,PHQ-8,DAIC-WOZ全量189人,DeepSeek-V4-Pro,思考,2,情绪低落、抑郁或无望,3,C03：全文｜不规整｜逐条评分｜不清洗,16,C16：事件序列｜规整｜逐条评分｜清洗,189,是,是,0.641862375333217,0.48705541201738495,-0.15480696331583205,-0.2593664019009512,-0.04606759405048182,0.010494752623688156,0.6336402663296684,0.476311249435213,-0.1573290168944554,-0.2805781135498081,-0.055557891347158016,0.009995002498750625,formal,正式,0.2938530734632684,0.2798600699650175,差异未达FDR显著
各逐题条件相对C03,相对C03,PHQ-8,DAIC-WOZ全量189人,DeepSeek-V4-Pro,思考,3,睡眠问题,3,C03：全文｜不规整｜逐条评分｜不清洗,4,C04：全文｜不规整｜逐条评分｜清洗,189,是,是,0.6373632510275654,0.5999812129357427,-0.03738203809182272,-0.0936471863267395,0.02022877612598486,0.21539230384807595,0.593832829628865,0.5559654181858015,-0.03786741144306349,-0.09089144988732946,0.017363166868797,0.19140429785107446,formal,正式,0.5244334354561849,0.4466100283191738,差异未达FDR显著
各逐题条件相对C03,相对C03,PHQ-8,DAIC-WOZ全量189人,DeepSeek-V4-Pro,思考,3,睡眠问题,3,C03：全文｜不规整｜逐条评分｜不清洗,7,C07：全文｜规整｜逐条评分｜不清洗,189,是,是,0.6373632510275654,0.5918462959755191,-0.04551695505204634,-0.10295739230333725,0.01709227267976062,0.25237381309345325,0.593832829628865,0.554293980170482,-0.03953884945838293,-0.10435715013261052,0.029453799721342166,0.33833083458270863,formal,正式,0.5425674259644372,0.6509003562734762,差异未达FDR显著
各逐题条件相对C03,相对C03,PHQ-8,DAIC-WOZ全量189人,DeepSeek-V4-Pro,思考,3,睡眠问题,3,C03：全文｜不规整｜逐条评分｜不清洗,8,C08：全文｜规整｜逐条评分｜清洗,189,是,是,0.6373632510275654,0.5706982453308561,-0.0666650056967093,-0.15605704012617813,0.00735791464099017,0.13543228385807096,0.593832829628865,0.5305314766002842,-0.06330135302858075,-0.1516168762650442,0.0199931973658411,0.18790604697651175,formal,正式,0.4519740129935032,0.4466100283191738,差异未达FDR显著
各逐题条件相对C03,相对C03,PHQ-8,DAIC-WOZ全量189人,DeepSeek-V4-Pro,思考,3,睡眠问题,3,C03：全文｜不规整｜逐条评分｜不清洗,11,C11：事件序列｜不规整｜逐条评分｜不清洗,189,是,是,0.6373632510275654,0.6040798915473254,-0.03328335948023997,-0.0824920392154543,0.012093202547233782,0.18790604697651175,0.593832829628865,0.5599864019296077,-0.033846427699257275,-0.08429084196420573,0.01388832489091307,0.1724137931034483,formal,正式,0.4783063013947572,0.4466100283191738,差异未达FDR显著
各逐题条件相对C03,相对C03,PHQ-8,DAIC-WOZ全量189人,DeepSeek-V4-Pro,思考,3,睡眠问题,3,C03：全文｜不规整｜逐条评分｜不清洗,12,C12：事件序列｜不规整｜逐条评分｜清洗,189,是,是,0.6373632510275654,0.5881261825870193,-0.049237068440546095,-0.09845897992774083,-0.0018594879494914067,0.06596701649175413,0.593832829628865,0.5474282124148626,-0.04640461721400235,-0.09399361085879263,0.0006563047872741269,0.08045977011494253,formal,正式,0.4519740129935032,0.4466100283191738,差异未达FDR显著
各逐题条件相对C03,相对C03,PHQ-8,DAIC-WOZ全量189人,DeepSeek-V4-Pro,思考,3,睡眠问题,3,C03：全文｜不规整｜逐条评分｜不清洗,15,C15：事件序列｜规整｜逐条评分｜不清洗,189,是,是,0.6373632510275654,0.5767190357884591,-0.06064421523910635,-0.11582256587247285,-0.002902436201108584,0.11544227886056972,0.593832829628865,0.5294740803597598,-0.06435874926910512,-0.125211959311506,-0.0030375350794691,0.11594202898550725,formal,正式,0.4519740129935032,0.4466100283191738,差异未达FDR显著
各逐题条件相对C03,相对C03,PHQ-8,DAIC-WOZ全量189人,DeepSeek-V4-Pro,思考,3,睡眠问题,3,C03：全文｜不规整｜逐条评分｜不清洗,16,C16：事件序列｜规整｜逐条评分｜清洗,189,是,是,0.6373632510275654,0.5779626736444459,-0.059400577383119546,-0.13087180231180454,0.00934041406758497,0.16141929035482258,0.593832829628865,0.5278820347238323,-0.06595079490503264,-0.13997539362912712,0.0018583072342579288,0.11744127936031984,formal,正式,0.4519740129935032,0.4466100283191738,差异未达FDR显著
各逐题条件相对C03,相对C03,PHQ-8,DAIC-WOZ全量189人,DeepSeek-V4-Pro,思考,4,疲劳或精力不足,3,C03：全文｜不规整｜逐条评分｜不清洗,4,C04：全文｜不规整｜逐条评分｜清洗,189,是,是,0.4630801967535619,0.39371793152506945,-0.06936226522849243,-0.14132541282508523,-0.0008632387935217205,0.05997001499250375,0.44606620386312607,0.3683427623453785,-0.07772344151774757,-0.149806697526538,-0.008559395439431856,0.03698150924537731,formal,正式,0.4519740129935032,0.4466100283191738,差异未达FDR显著
各逐题条件相对C03,相对C03,PHQ-8,DAIC-WOZ全量189人,DeepSeek-V4-Pro,思考,4,疲劳或精力不足,3,C03：全文｜不规整｜逐条评分｜不清洗,7,C07：全文｜规整｜逐条评分｜不清洗,189,是,是,0.4630801967535619,0.4843468567033114,0.021266659949749522,-0.06377539524392477,0.12213297373940751,0.7161419290354822,0.44606620386312607,0.4590361344133016,0.012969930550175535,-0.07766702469538235,0.11614328145836374,0.8315842078960519,formal,正式,0.926082413338785,0.9908237370676364,差异未达FDR显著
各逐题条件相对C03,相对C03,PHQ-8,DAIC-WOZ全量189人,DeepSeek-V4-Pro,思考,4,疲劳或精力不足,3,C03：全文｜不规整｜逐条评分｜不清洗,8,C08：全文｜规整｜逐条评分｜清洗,189,是,是,0.4630801967535619,0.37136267090946135,-0.09171752584410053,-0.17788823733689174,-0.0006260250643866389,0.079960019990005,0.44606620386312607,0.35568136167718506,-0.090384842185941,-0.20003380514595845,0.00680073425034146,0.08845577211394302,formal,正式,0.4519740129935032,0.4466100283191738,差异未达FDR显著
各逐题条件相对C03,相对C03,PHQ-8,DAIC-WOZ全量189人,DeepSeek-V4-Pro,思考,4,疲劳或精力不足,3,C03：全文｜不规整｜逐条评分｜不清洗,11,C11：事件序列｜不规整｜逐条评分｜不清洗,189,是,是,0.4630801967535619,0.4656583056495304,0.002578108895968545,-0.06188848189109216,0.0636533135369562,0.9410294852573713,0.44606620386312607,0.4431721849220805,-0.002894018941045573,-0.07383927731782174,0.0645665929442229,0.9415292353823088,formal,正式,1.0,1.0,差异未达FDR显著
各逐题条件相对C03,相对C03,PHQ-8,DAIC-WOZ全量189人,DeepSeek-V4-Pro,思考,4,疲劳或精力不足,3,C03：全文｜不规整｜逐条评分｜不清洗,12,C12：事件序列｜不规整｜逐条评分｜清洗,189,是,是,0.4630801967535619,0.4203503760709542,-0.042729820682607667,-0.11672931892441735,0.029176127334524304,0.25287356321839083,0.44606620386312607,0.39481223350303635,-0.05125397036008972,-0.12558694154937156,0.021052582094736448,0.18690654672663667,formal,正式,0.5425674259644372,0.4466100283191738,差异未达FDR显著
各逐题条件相对C03,相对C03,PHQ-8,DAIC-WOZ全量189人,DeepSeek-V4-Pro,思考,4,疲劳或精力不足,3,C03：全文｜不规整｜逐条评分｜不清洗,15,C15：事件序列｜规整｜逐条评分｜不清洗,189,是,是,0.4630801967535619,0.3841100729772561,-0.0789701237763058,-0.17808655577122146,0.016380641543954223,0.15142428785607195,0.44606620386312607,0.359905642044062,-0.08616056181906406,-0.18244296820234374,0.007195348270242784,0.11794102948525736,formal,正式,0.4519740129935032,0.4466100283191738,差异未达FDR显著
各逐题条件相对C03,相对C03,PHQ-8,DAIC-WOZ全量189人,DeepSeek-V4-Pro,思考,4,疲劳或精力不足,3,C03：全文｜不规整｜逐条评分｜不清洗,16,C16：事件序列｜规整｜逐条评分｜清洗,189,是,是,0.4630801967535619,0.37961485538731893,-0.08346534136624295,-0.15487085157693117,-0.01236203639787991,0.079960019990005,0.44606620386312607,0.3609175104189773,-0.08514869344414877,-0.16400294052069536,0.0006192114952217171,0.07446276861569215,formal,正式,0.4519740129935032,0.4466100283191738,差异未达FDR显著
各逐题条件相对C03,相对C03,PHQ-8,DAIC-WOZ全量189人,DeepSeek-V4-Pro,思考,5,食欲问题,3,C03：全文｜不规整｜逐条评分｜不清洗,4,C04：全文｜不规整｜逐条评分｜清洗,189,是,是,0.0866712450049938,0.13429835558428357,0.04762711057928977,-0.09563405557269418,0.18580462401519032,0.6051974012993503,0.07505140053177282,0.13166257523577893,0.056611174704006104,-0.07369668445883903,0.1926412511803306,0.5112443778110944,formal,正式,0.9159744452098274,0.8420495634535673,差异未达FDR显著
各逐题条件相对C03,相对C03,PHQ-8,DAIC-WOZ全量189人,DeepSeek-V4-Pro,思考,5,食欲问题,3,C03：全文｜不规整｜逐条评分｜不清洗,7,C07：全文｜规整｜逐条评分｜不清洗,189,是,是,0.0866712450049938,0.1893854008675897,0.1027141558625959,-0.0014014220074068955,0.22886822869796433,0.15892053973013492,0.07505140053177282,0.1785821938046944,0.10353079327292157,0.005934340933767991,0.21645605957277156,0.11244377811094453,formal,正式,0.4519740129935032,0.4466100283191738,差异未达FDR显著
各逐题条件相对C03,相对C03,PHQ-8,DAIC-WOZ全量189人,DeepSeek-V4-Pro,思考,5,食欲问题,3,C03：全文｜不规整｜逐条评分｜不清洗,8,C08：全文｜规整｜逐条评分｜清洗,189,是,是,0.0866712450049938,0.19255563965642203,0.10588439465142822,-0.0051029156676499305,0.2237475662295093,0.0944527736131934,0.07505140053177282,0.1892512460883434,0.11419984555657058,0.015601416467629683,0.23290419211992622,0.047976011994003,formal,正式,0.4519740129935032,0.4466100283191738,差异未达FDR显著
各逐题条件相对C03,相对C03,PHQ-8,DAIC-WOZ全量189人,DeepSeek-V4-Pro,思考,5,食欲问题,3,C03：全文｜不规整｜逐条评分｜不清洗,11,C11：事件序列｜不规整｜逐条评分｜不清洗,189,是,是,0.0866712450049938,0.10845447789679825,0.02178323289180445,-0.00223236986630162,0.07634925963929061,1.0,0.07505140053177282,0.10000705994305047,0.024955659411277642,-0.002585788293196378,0.08899138563102268,1.0,formal,正式,1.0,1.0,差异未达FDR显著
各逐题条件相对C03,相对C03,PHQ-8,DAIC-WOZ全量189人,DeepSeek-V4-Pro,思考,5,食欲问题,3,C03：全文｜不规整｜逐条评分｜不清洗,12,C12：事件序列｜不规整｜逐条评分｜清洗,189,是,是,0.0866712450049938,0.17482588789912026,0.08815464289412646,-0.028437930753253394,0.21101763386235772,0.26786606696651677,0.07505140053177282,0.17151807410649786,0.09646667357472503,-0.006202696130212003,0.2169054161637081,0.16941529235382308,formal,正式,0.5425674259644372,0.4466100283191738,差异未达FDR显著
各逐题条件相对C03,相对C03,PHQ-8,DAIC-WOZ全量189人,DeepSeek-V4-Pro,思考,5,食欲问题,3,C03：全文｜不规整｜逐条评分｜不清洗,15,C15：事件序列｜规整｜逐条评分｜不清洗,189,是,是,0.0866712450049938,0.1808778793792025,0.09420663437420869,-0.029003761848180015,0.2112204171149942,0.1724137931034483,0.07505140053177282,0.1697106680472083,0.09465926751543548,-0.03431011712100857,0.22181226884957742,0.18790604697651175,formal,正式,0.45977011494252873,0.4466100283191738,差异未达FDR显著
各逐题条件相对C03,相对C03,PHQ-8,DAIC-WOZ全量189人,DeepSeek-V4-Pro,思考,5,食欲问题,3,C03：全文｜不规整｜逐条评分｜不清洗,16,C16：事件序列｜规整｜逐条评分｜清洗,189,是,是,0.0866712450049938,0.1887713963058203,0.10210015130082649,-0.014443046779501756,0.22126880967890772,0.1584207896051974,0.07505140053177282,0.18321836722960377,0.10816696669783095,0.0005957470145436368,0.22189781113731769,0.10744627686156921,formal,正式,0.4519740129935032,0.4466100283191738,差异未达FDR显著
各逐题条件相对C03,相对C03,PHQ-8,DAIC-WOZ全量189人,DeepSeek-V4-Pro,思考,6,自我评价低或觉得让家人失望,3,C03：全文｜不规整｜逐条评分｜不清洗,4,C04：全文｜不规整｜逐条评分｜清洗,189,是,是,0.38700716670404217,0.3327067019517758,-0.05430046475226635,-0.15296468107066163,0.02657847593302357,0.3003498250874563,0.3613958562682185,0.31608776619300655,-0.04530809007521197,-0.1364782382514573,0.04934725166834157,0.36031984007996004,formal,正式,0.5425674259644372,0.6509003562734762,差异未达FDR显著
各逐题条件相对C03,相对C03,PHQ-8,DAIC-WOZ全量189人,DeepSeek-V4-Pro,思考,6,自我评价低或觉得让家人失望,3,C03：全文｜不规整｜逐条评分｜不清洗,7,C07：全文｜规整｜逐条评分｜不清洗,189,是,是,0.38700716670404217,0.3766931563386425,-0.010314010365399695,-0.101017588573559,0.08057205442637452,0.8470764617691154,0.3613958562682185,0.35917026833259014,-0.0022255879356283814,-0.09762978033052848,0.09415629795293749,0.9710144927536232,formal,正式,1.0,1.0,差异未达FDR显著
各逐题条件相对C03,相对C03,PHQ-8,DAIC-WOZ全量189人,DeepSeek-V4-Pro,思考,6,自我评价低或觉得让家人失望,3,C03：全文｜不规整｜逐条评分｜不清洗,8,C08：全文｜规整｜逐条评分｜清洗,189,是,是,0.38700716670404217,0.2513284886350225,-0.13567867806901968,-0.25272475917855275,-0.018999225684110947,0.03798100949525238,0.3613958562682185,0.23074828085283464,-0.13064757541538388,-0.2541211911526501,-0.027556476366681727,0.041979010494752625,formal,正式,0.4519740129935032,0.4466100283191738,差异未达FDR显著
各逐题条件相对C03,相对C03,PHQ-8,DAIC-WOZ全量189人,DeepSeek-V4-Pro,思考,6,自我评价低或觉得让家人失望,3,C03：全文｜不规整｜逐条评分｜不清洗,11,C11：事件序列｜不规整｜逐条评分｜不清洗,189,是,是,0.38700716670404217,0.44913355967746743,0.06212639297342526,-0.023646292575927517,0.14323493843975585,0.13893053473263367,0.3613958562682185,0.4222596553955444,0.06086379912732587,-0.006611923941881315,0.14181279235167926,0.14842578710644677,formal,正式,0.4519740129935032,0.4466100283191738,差异未达FDR显著
各逐题条件相对C03,相对C03,PHQ-8,DAIC-WOZ全量189人,DeepSeek-V4-Pro,思考,6,自我评价低或觉得让家人失望,3,C03：全文｜不规整｜逐条评分｜不清洗,12,C12：事件序列｜不规整｜逐条评分｜清洗,189,是,是,0.38700716670404217,0.3196660173592504,-0.0673411493447918,-0.16225615918482103,0.020115106511207414,0.16141929035482258,0.3613958562682185,0.29858843342942015,-0.06280742283879837,-0.16095213950753365,0.027343940180844455,0.20689655172413793,formal,正式,0.4519740129935032,0.463448275862069,差异未达FDR显著
各逐题条件相对C03,相对C03,PHQ-8,DAIC-WOZ全量189人,DeepSeek-V4-Pro,思考,6,自我评价低或觉得让家人失望,3,C03：全文｜不规整｜逐条评分｜不清洗,15,C15：事件序列｜规整｜逐条评分｜不清洗,189,是,是,0.38700716670404217,0.4217205138970662,0.03471334719302405,-0.08245365200615287,0.15473709250376788,0.6911544227886057,0.3613958562682185,0.4141372829928075,0.05274142672458898,-0.05728012286135366,0.17290745811028557,0.5347326336831584,formal,正式,0.926082413338785,0.8555722138930534,差异未达FDR显著
各逐题条件相对C03,相对C03,PHQ-8,DAIC-WOZ全量189人,DeepSeek-V4-Pro,思考,6,自我评价低或觉得让家人失望,3,C03：全文｜不规整｜逐条评分｜不清洗,16,C16：事件序列｜规整｜逐条评分｜清洗,189,是,是,0.38700716670404217,0.3123574866327159,-0.07464968007132627,-0.1807770461637019,0.043430924201542154,0.2908545727136432,0.3613958562682185,0.2985892682071365,-0.06280658806108202,-0.17295032826243145,0.05485260877929303,0.3778110944527736,formal,正式,0.5425674259644372,0.6606393772810564,差异未达FDR显著
各逐题条件相对C03,相对C03,PHQ-8,DAIC-WOZ全量189人,DeepSeek-V4-Pro,思考,7,注意力困难,3,C03：全文｜不规整｜逐条评分｜不清洗,4,C04：全文｜不规整｜逐条评分｜清洗,189,是,是,0.24333394399602615,0.2948000281038317,0.051466084107805565,-0.037496603943898935,0.14362519649367292,0.28385807096451776,0.24040607274394257,0.2866626283662883,0.046256555622345735,-0.0410241790870104,0.1402424358999177,0.3588205897051474,formal,正式,0.5425674259644372,0.6509003562734762,差异未达FDR显著
各逐题条件相对C03,相对C03,PHQ-8,DAIC-WOZ全量189人,DeepSeek-V4-Pro,思考,7,注意力困难,3,C03：全文｜不规整｜逐条评分｜不清洗,7,C07：全文｜规整｜逐条评分｜不清洗,189,是,是,0.24333394399602615,0.2912410946075104,0.04790715061148426,-0.07145784406910691,0.1638456670075327,0.5157421289355323,0.24040607274394257,0.28430200000756556,0.043895927263622986,-0.07623478513811971,0.1734032286438531,0.559720139930035,formal,正式,0.8411794102948527,0.8706757732244989,差异未达FDR显著
各逐题条件相对C03,相对C03,PHQ-8,DAIC-WOZ全量189人,DeepSeek-V4-Pro,思考,7,注意力困难,3,C03：全文｜不规整｜逐条评分｜不清洗,8,C08：全文｜规整｜逐条评分｜清洗,189,是,是,0.24333394399602615,0.22085841527724112,-0.022475528718785026,-0.13345903021915592,0.09874509122093428,0.7276361819090454,0.24040607274394257,0.21499062700499824,-0.02541544573894433,-0.1323185718430471,0.080171676962933,0.696151924037981,formal,正式,0.926082413338785,0.9535719944905596,差异未达FDR显著
各逐题条件相对C03,相对C03,PHQ-8,DAIC-WOZ全量189人,DeepSeek-V4-Pro,思考,7,注意力困难,3,C03：全文｜不规整｜逐条评分｜不清洗,11,C11：事件序列｜不规整｜逐条评分｜不清洗,189,是,是,0.24333394399602615,0.2581759872426648,0.014842043246638625,-0.06243893491107919,0.0922439524858626,0.6351824087956022,0.24040607274394257,0.25454382705307316,0.014137754309130585,-0.05755871296799928,0.08578151774064514,0.6781609195402298,formal,正式,0.926082413338785,0.9535719944905596,差异未达FDR显著
各逐题条件相对C03,相对C03,PHQ-8,DAIC-WOZ全量189人,DeepSeek-V4-Pro,思考,7,注意力困难,3,C03：全文｜不规整｜逐条评分｜不清洗,12,C12：事件序列｜不规整｜逐条评分｜清洗,189,是,是,0.24333394399602615,0.25405512106639166,0.010721177070365517,-0.06399936465197492,0.09406722887241072,0.889055472263868,0.24040607274394257,0.24120262146568164,0.0007965487217390654,-0.06651152829349874,0.07460172406198072,0.9860069965017492,formal,正式,1.0,1.0,差异未达FDR显著
各逐题条件相对C03,相对C03,PHQ-8,DAIC-WOZ全量189人,DeepSeek-V4-Pro,思考,7,注意力困难,3,C03：全文｜不规整｜逐条评分｜不清洗,15,C15：事件序列｜规整｜逐条评分｜不清洗,189,是,是,0.24333394399602615,0.23677182279255746,-0.00656212120346869,-0.1359577124721534,0.12308837047447793,0.9480259870064968,0.24040607274394257,0.23582059540350248,-0.004585477340440097,-0.13800810255460375,0.12419728790409164,0.9600199900049975,formal,正式,1.0,1.0,差异未达FDR显著
各逐题条件相对C03,相对C03,PHQ-8,DAIC-WOZ全量189人,DeepSeek-V4-Pro,思考,7,注意力困难,3,C03：全文｜不规整｜逐条评分｜不清洗,16,C16：事件序列｜规整｜逐条评分｜清洗,189,是,是,0.24333394399602615,0.3222952889825144,0.07896134498648827,-0.03213179107276232,0.18143347956233613,0.2518740629685157,0.24040607274394257,0.32764818900644943,0.08724211626250686,-0.03371720865809401,0.20425491087241693,0.2158920539730135,formal,正式,0.5425674259644372,0.46499827009572137,差异未达FDR显著
各逐题条件相对C03,相对C03,PHQ-8,DAIC-WOZ全量189人,DeepSeek-V4-Pro,思考,8,动作或语速改变,3,C03：全文｜不规整｜逐条评分｜不清洗,4,C04：全文｜不规整｜逐条评分｜清洗,189,是,是,0.09929694296346034,0.10761996245953105,0.008323019496070713,-0.1289246820952801,0.12676234892948296,0.9235382308845578,0.09193537508308812,0.10256656372536724,0.010631188642279119,-0.13054419395002,0.13858839174395876,0.9070464767616192,formal,正式,1.0,1.0,差异未达FDR显著
各逐题条件相对C03,相对C03,PHQ-8,DAIC-WOZ全量189人,DeepSeek-V4-Pro,思考,8,动作或语速改变,3,C03：全文｜不规整｜逐条评分｜不清洗,7,C07：全文｜规整｜逐条评分｜不清洗,189,是,是,0.09929694296346034,0.08759871175252357,-0.011698231210936771,-0.13908155715357806,0.11032605887175534,0.8840579710144928,0.09193537508308812,0.08539205775538762,-0.0065433173277004986,-0.1372016865247342,0.12640895343133596,0.9110444777611194,formal,正式,1.0,1.0,差异未达FDR显著
各逐题条件相对C03,相对C03,PHQ-8,DAIC-WOZ全量189人,DeepSeek-V4-Pro,思考,8,动作或语速改变,3,C03：全文｜不规整｜逐条评分｜不清洗,8,C08：全文｜规整｜逐条评分｜清洗,189,是,是,0.09929694296346034,0.06609428400534578,-0.033202658958114556,-0.14383370936372292,0.08169452306388902,0.6666666666666666,0.09193537508308812,0.06793518705294145,-0.02400018803014667,-0.14207844463317615,0.10431581002470443,0.7621189405297352,formal,正式,0.926082413338785,0.9699695606742084,差异未达FDR显著
各逐题条件相对C03,相对C03,PHQ-8,DAIC-WOZ全量189人,DeepSeek-V4-Pro,思考,8,动作或语速改变,3,C03：全文｜不规整｜逐条评分｜不清洗,11,C11：事件序列｜不规整｜逐条评分｜不清洗,189,是,是,0.09929694296346034,0.10659505991073444,0.0072981169472741,-0.019815188941420758,0.030424636950408118,1.0,0.09193537508308812,0.10194203620965736,0.010006661126569241,-0.017465079271794734,0.03843248993030356,1.0,formal,正式,1.0,1.0,差异未达FDR显著
各逐题条件相对C03,相对C03,PHQ-8,DAIC-WOZ全量189人,DeepSeek-V4-Pro,思考,8,动作或语速改变,3,C03：全文｜不规整｜逐条评分｜不清洗,12,C12：事件序列｜不规整｜逐条评分｜清洗,189,是,是,0.09929694296346034,0.048186134550734123,-0.051110808412726215,-0.17691061766634575,0.07322692674314434,0.5677161419290355,0.09193537508308812,0.03820016793475252,-0.0537352071483356,-0.18440085569183773,0.07214257233447488,0.6081959020489756,formal,正式,0.8831139985562775,0.8962886977563851,差异未达FDR显著
各逐题条件相对C03,相对C03,PHQ-8,DAIC-WOZ全量189人,DeepSeek-V4-Pro,思考,8,动作或语速改变,3,C03：全文｜不规整｜逐条评分｜不清洗,15,C15：事件序列｜规整｜逐条评分｜不清洗,189,是,是,0.09929694296346034,0.0668650650486273,-0.03243187791483304,-0.16331295903951468,0.0986673381675688,0.6866566716641679,0.09193537508308812,0.07110334778963211,-0.020832027293456012,-0.15344492057083578,0.11306470622298097,0.8000999500249875,formal,正式,0.926082413338785,0.9908237370676364,差异未达FDR显著
各逐题条件相对C03,相对C03,PHQ-8,DAIC-WOZ全量189人,DeepSeek-V4-Pro,思考,8,动作或语速改变,3,C03：全文｜不规整｜逐条评分｜不清洗,16,C16：事件序列｜规整｜逐条评分｜清洗,189,是,是,0.09929694296346034,0.12346913024068554,0.0241721872772252,-0.1005091977291999,0.1585784579359294,0.7746126936531734,0.09193537508308812,0.1263903431630191,0.03445496807993097,-0.1029993477092953,0.17689589380680934,0.6981509245377311,formal,正式,0.9639624632128381,0.9535719944905596,差异未达FDR显著
各逐题条件相对C03,相对C03,PHQ-8,DAIC-WOZ全量189人,GLM-5.2,思考,1,兴趣或愉悦感降低,3,C03：全文｜不规整｜逐条评分｜不清洗,4,C04：全文｜不规整｜逐条评分｜清洗,189,是,是,0.5740355768546277,0.47158247977045403,-0.10245309708417366,-0.18559100151399727,-0.019410849357339704,0.013493253373313344,0.5603480257809339,0.4459370856922186,-0.11441094008871527,-0.21508757978545567,-0.03157563562802786,0.010494752623688156,formal,正式,0.06673586283781187,0.05342783153877607,差异未达FDR显著
各逐题条件相对C03,相对C03,PHQ-8,DAIC-WOZ全量189人,GLM-5.2,思考,1,兴趣或愉悦感降低,3,C03：全文｜不规整｜逐条评分｜不清洗,7,C07：全文｜规整｜逐条评分｜不清洗,189,是,是,0.5740355768546277,0.4859242242141757,-0.088111352640452,-0.17797534368753876,-0.0034895795296645184,0.05897051474262868,0.5603480257809339,0.4703402348424167,-0.09000779093851718,-0.1838756989792893,-0.004814523668602582,0.059470264867566215,formal,正式,0.1270134163687387,0.12334573454013732,差异未达FDR显著
各逐题条件相对C03,相对C03,PHQ-8,DAIC-WOZ全量189人,GLM-5.2,思考,1,兴趣或愉悦感降低,3,C03：全文｜不规整｜逐条评分｜不清洗,8,C08：全文｜规整｜逐条评分｜清洗,189,是,是,0.5740355768546277,0.46904783907071657,-0.10498773778391113,-0.20633026244374517,-0.01673859081838073,0.030484757621189407,0.5603480257809339,0.44392028305281733,-0.11642774272811657,-0.20676373976382056,-0.028352828891999277,0.015992003998001,formal,正式,0.0898498119361372,0.059703481592537064,差异未达FDR显著
各逐题条件相对C03,相对C03,PHQ-8,DAIC-WOZ全量189人,GLM-5.2,思考,1,兴趣或愉悦感降低,3,C03：全文｜不规整｜逐条评分｜不清洗,11,C11：事件序列｜不规整｜逐条评分｜不清洗,189,是,是,0.5740355768546277,0.5657411667108481,-0.00829441014377963,-0.07899418961563848,0.05892895813642782,0.8370814592703648,0.5603480257809339,0.5549479117704916,-0.00540011401044227,-0.08571224825773659,0.06990403913665014,0.888055972013993,formal,正式,0.8604425060197174,0.9042024442324292,差异未达FDR显著
各逐题条件相对C03,相对C03,PHQ-8,DAIC-WOZ全量189人,GLM-5.2,思考,1,兴趣或愉悦感降低,3,C03：全文｜不规整｜逐条评分｜不清洗,12,C12：事件序列｜不规整｜逐条评分｜清洗,189,是,是,0.5740355768546277,0.4457892913122401,-0.1282462855423876,-0.2153090674732786,-0.04812523552433917,0.0024987506246876563,0.5603480257809339,0.42008288689225465,-0.14026513888867925,-0.2349714906346354,-0.057819781227614685,0.0029985007496251873,formal,正式,0.01999000499750125,0.0335832083958021,目标条件校正相关显著更弱
各逐题条件相对C03,相对C03,PHQ-8,DAIC-WOZ全量189人,GLM-5.2,思考,1,兴趣或愉悦感降低,3,C03：全文｜不规整｜逐条评分｜不清洗,15,C15：事件序列｜规整｜逐条评分｜不清洗,189,是,是,0.5740355768546277,0.5542304713767893,-0.019805105477838425,-0.11477388626500518,0.06936203337778199,0.768615692153923,0.5603480257809339,0.5379063861551614,-0.022441639625772503,-0.12926672697973768,0.07413775096547494,0.728135932033983,formal,正式,0.8121222407664092,0.8148233575519932,差异未达FDR显著
各逐题条件相对C03,相对C03,PHQ-8,DAIC-WOZ全量189人,GLM-5.2,思考,1,兴趣或愉悦感降低,3,C03：全文｜不规整｜逐条评分｜不清洗,16,C16：事件序列｜规整｜逐条评分｜清洗,189,是,是,0.5740355768546277,0.4843130258004575,-0.08972255105417021,-0.1770033902058856,-0.00251961248126318,0.08495752123938032,0.5603480257809339,0.46355387579822593,-0.09679414998270797,-0.20461654402278065,0.006222851654328965,0.08295852073963018,formal,正式,0.16405590308294132,0.154855905380643,差异未达FDR显著
各逐题条件相对C03,相对C03,PHQ-8,DAIC-WOZ全量189人,GLM-5.2,思考,2,情绪低落、抑郁或无望,3,C03：全文｜不规整｜逐条评分｜不清洗,4,C04：全文｜不规整｜逐条评分｜清洗,189,是,是,0.69337957727673,0.6570871200237088,-0.036292457253021215,-0.10043389459012292,0.025057647162209883,0.24437781109445278,0.6808284938429997,0.6457514531286878,-0.03507704071431195,-0.09297200612162954,0.02240608716401074,0.28835582208895555,formal,正式,0.3698691194943069,0.43643043343193266,差异未达FDR显著
各逐题条件相对C03,相对C03,PHQ-8,DAIC-WOZ全量189人,GLM-5.2,思考,2,情绪低落、抑郁或无望,3,C03：全文｜不规整｜逐条评分｜不清洗,7,C07：全文｜规整｜逐条评分｜不清洗,189,是,是,0.69337957727673,0.6098460219134151,-0.08353355536331497,-0.16274389201856243,-0.013255250869987509,0.033483258370814596,0.6808284938429997,0.5986804028165319,-0.0821480910264678,-0.1583282519374204,-0.010560156382825443,0.03298350824587706,formal,正式,0.09375312343828088,0.09795102448775612,差异未达FDR显著
各逐题条件相对C03,相对C03,PHQ-8,DAIC-WOZ全量189人,GLM-5.2,思考,2,情绪低落、抑郁或无望,3,C03：全文｜不规整｜逐条评分｜不清洗,8,C08：全文｜规整｜逐条评分｜清洗,189,是,是,0.69337957727673,0.6018578575379118,-0.09152171973881829,-0.15962609552365065,-0.023177506303338816,0.025987006496751622,0.6808284938429997,0.5937742811180081,-0.08705421272499159,-0.1589197521118687,-0.01479689698147342,0.037481259370314844,formal,正式,0.0808484646565606,0.09995002498750626,差异未达FDR显著
各逐题条件相对C03,相对C03,PHQ-8,DAIC-WOZ全量189人,GLM-5.2,思考,2,情绪低落、抑郁或无望,3,C03：全文｜不规整｜逐条评分｜不清洗,11,C11：事件序列｜不规整｜逐条评分｜不清洗,189,是,是,0.69337957727673,0.6970578002212576,0.003678222944527576,-0.04307191351540869,0.04294682898142443,0.8920539730134932,0.6808284938429997,0.6819406226652736,0.0011121288222738501,-0.04574644514184653,0.04788230042711021,0.9615192403798101,formal,正式,0.8920539730134932,0.9615192403798101,差异未达FDR显著
各逐题条件相对C03,相对C03,PHQ-8,DAIC-WOZ全量189人,GLM-5.2,思考,2,情绪低落、抑郁或无望,3,C03：全文｜不规整｜逐条评分｜不清洗,12,C12：事件序列｜不规整｜逐条评分｜清洗,189,是,是,0.69337957727673,0.6441026606096306,-0.049276916667099435,-0.10559985798470041,0.009297843723313432,0.111944027986007,0.6808284938429997,0.6308394895962657,-0.049989004246734026,-0.11181456016650938,0.008302222307623966,0.13143428285857073,formal,正式,0.18996562324898159,0.22303999515393821,差异未达FDR显著
各逐题条件相对C03,相对C03,PHQ-8,DAIC-WOZ全量189人,GLM-5.2,思考,2,情绪低落、抑郁或无望,3,C03：全文｜不规整｜逐条评分｜不清洗,15,C15：事件序列｜规整｜逐条评分｜不清洗,189,是,是,0.69337957727673,0.5689178714649199,-0.12446170581181015,-0.21124047467099769,-0.052446529894156685,0.014992503748125937,0.6808284938429997,0.5533673468316167,-0.127461147011383,-0.2075342763369075,-0.05655980008806299,0.014992503748125937,formal,正式,0.06673586283781187,0.059703481592537064,差异未达FDR显著
各逐题条件相对C03,相对C03,PHQ-8,DAIC-WOZ全量189人,GLM-5.2,思考,2,情绪低落、抑郁或无望,3,C03：全文｜不规整｜逐条评分｜不清洗,16,C16：事件序列｜规整｜逐条评分｜清洗,189,是,是,0.69337957727673,0.5607960418774345,-0.13258353539929557,-0.21095771864400517,-0.06604036876347627,0.001999000499750125,0.6808284938429997,0.5491778378467618,-0.13165065599623793,-0.20402876469646725,-0.06009223481065546,0.006496751624187906,formal,正式,0.018657337997667833,0.051974012993503245,差异未达FDR显著
各逐题条件相对C03,相对C03,PHQ-8,DAIC-WOZ全量189人,GLM-5.2,思考,3,睡眠问题,3,C03：全文｜不规整｜逐条评分｜不清洗,4,C04：全文｜不规整｜逐条评分｜清洗,189,是,是,0.6436316773468036,0.6052450418539636,-0.03838663549284005,-0.07703347299959891,0.000348436392164894,0.0544727636181909,0.599718508874742,0.5582127795473125,-0.041505729327429464,-0.09882090594402851,0.0014746746818636261,0.0704647676161919,formal,正式,0.12201899050474761,0.13606989608643952,差异未达FDR显著
各逐题条件相对C03,相对C03,PHQ-8,DAIC-WOZ全量189人,GLM-5.2,思考,3,睡眠问题,3,C03：全文｜不规整｜逐条评分｜不清洗,7,C07：全文｜规整｜逐条评分｜不清洗,189,是,是,0.6436316773468036,0.6493546409477637,0.00572296360096014,-0.04543861578202952,0.0558774570653492,0.8450774612693653,0.599718508874742,0.6068185463450071,0.007100037470265108,-0.03708628771071231,0.054443075975794286,0.8130934532733634,formal,正式,0.8604425060197174,0.8489088788938864,差异未达FDR显著
各逐题条件相对C03,相对C03,PHQ-8,DAIC-WOZ全量189人,GLM-5.2,思考,3,睡眠问题,3,C03：全文｜不规整｜逐条评分｜不清洗,8,C08：全文｜规整｜逐条评分｜清洗,189,是,是,0.6436316773468036,0.5985509505567747,-0.04508072679002895,-0.0957082730105268,0.005525292922569483,0.12893553223388307,0.599718508874742,0.5493953544394053,-0.05032315443533664,-0.10782743635023267,0.010035151818340225,0.11094452773613193,formal,正式,0.2062968515742129,0.19677661169415292,差异未达FDR显著
各逐题条件相对C03,相对C03,PHQ-8,DAIC-WOZ全量189人,GLM-5.2,思考,3,睡眠问题,3,C03：全文｜不规整｜逐条评分｜不清洗,11,C11：事件序列｜不规整｜逐条评分｜不清洗,189,是,是,0.6436316773468036,0.6221938170878262,-0.021437860258977426,-0.06107544397589569,0.02095360716451517,0.3328335832083958,0.599718508874742,0.5794820277633478,-0.0202364811113942,-0.05950145545317878,0.02027872302160077,0.375312343828086,formal,正式,0.45801489499152864,0.4887788663807631,差异未达FDR显著
各逐题条件相对C03,相对C03,PHQ-8,DAIC-WOZ全量189人,GLM-5.2,思考,3,睡眠问题,3,C03：全文｜不规整｜逐条评分｜不清洗,12,C12：事件序列｜不规整｜逐条评分｜清洗,189,是,是,0.6436316773468036,0.6085497104796902,-0.0350819668671134,-0.07815210381987182,0.005306474681349938,0.10644677661169415,0.599718508874742,0.5625274551730822,-0.03719105370165976,-0.07583741471554149,0.00527449453080975,0.11244377811094453,formal,正式,0.18996562324898159,0.19677661169415292,差异未达FDR显著
各逐题条件相对C03,相对C03,PHQ-8,DAIC-WOZ全量189人,GLM-5.2,思考,3,睡眠问题,3,C03：全文｜不规整｜逐条评分｜不清洗,15,C15：事件序列｜规整｜逐条评分｜不清洗,189,是,是,0.6436316773468036,0.6095480705489698,-0.03408360679783384,-0.08487614060676771,0.014177399366329559,0.22338830584707647,0.599718508874742,0.5735593789197438,-0.02615912995499814,-0.08073768641291086,0.033365908373155895,0.375312343828086,formal,正式,0.3474929202065634,0.4887788663807631,差异未达FDR显著
各逐题条件相对C03,相对C03,PHQ-8,DAIC-WOZ全量189人,GLM-5.2,思考,3,睡眠问题,3,C03：全文｜不规整｜逐条评分｜不清洗,16,C16：事件序列｜规整｜逐条评分｜清洗,189,是,是,0.6436316773468036,0.5653940308083969,-0.0782376465384067,-0.1377076220056084,-0.008662026251442141,0.020989505247376312,0.599718508874742,0.5230961892260534,-0.0766223196486886,-0.14517919745033794,-0.012134252348132825,0.034482758620689655,formal,正式,0.07243437104976923,0.09795102448775612,差异未达FDR显著
各逐题条件相对C03,相对C03,PHQ-8,DAIC-WOZ全量189人,GLM-5.2,思考,4,疲劳或精力不足,3,C03：全文｜不规整｜逐条评分｜不清洗,4,C04：全文｜不规整｜逐条评分｜清洗,189,是,是,0.5238105480226007,0.49766025314992646,-0.026150294872674285,-0.09564524521869448,0.03189062722204826,0.4382808595702149,0.5007813588307611,0.48547161653592336,-0.01530974229483778,-0.07637952243262791,0.05738715010738059,0.6441779110444777,formal,正式,0.5491476483980232,0.7515408962185574,差异未达FDR显著
各逐题条件相对C03,相对C03,PHQ-8,DAIC-WOZ全量189人,GLM-5.2,思考,4,疲劳或精力不足,3,C03：全文｜不规整｜逐条评分｜不清洗,7,C07：全文｜规整｜逐条评分｜不清洗,189,是,是,0.5238105480226007,0.4558505020006348,-0.06796004602196593,-0.1467539853266843,0.010274841300923914,0.10994502748625687,0.5007813588307611,0.43963345917856184,-0.0611478996521993,-0.13382907573726088,0.023592048359930333,0.17091454272863568,formal,正式,0.18996562324898159,0.27346326836581714,差异未达FDR显著
各逐题条件相对C03,相对C03,PHQ-8,DAIC-WOZ全量189人,GLM-5.2,思考,4,疲劳或精力不足,3,C03：全文｜不规整｜逐条评分｜不清洗,8,C08：全文｜规整｜逐条评分｜清洗,189,是,是,0.5238105480226007,0.3991288600872408,-0.12468168793535994,-0.2143745187927203,-0.02987603239646341,0.0069965017491254375,0.5007813588307611,0.38715396525097484,-0.1136273935797863,-0.1962368414627165,-0.031402139703021636,0.009995002498750625,formal,正式,0.04353378866122495,0.05342783153877607,差异未达FDR显著
各逐题条件相对C03,相对C03,PHQ-8,DAIC-WOZ全量189人,GLM-5.2,思考,4,疲劳或精力不足,3,C03：全文｜不规整｜逐条评分｜不清洗,11,C11：事件序列｜不规整｜逐条评分｜不清洗,189,是,是,0.5238105480226007,0.5129959241540425,-0.010814623868558249,-0.06806673603289286,0.045639801376437326,0.7336331834082959,0.5007813588307611,0.49401776251224266,-0.006763596318518472,-0.07035826914228807,0.05909381545650308,0.8185907046476761,formal,正式,0.790066505208934,0.8489088788938864,差异未达FDR显著
各逐题条件相对C03,相对C03,PHQ-8,DAIC-WOZ全量189人,GLM-5.2,思考,4,疲劳或精力不足,3,C03：全文｜不规整｜逐条评分｜不清洗,12,C12：事件序列｜不规整｜逐条评分｜清洗,189,是,是,0.5238105480226007,0.5017604922503386,-0.022050055772262156,-0.08801574749684417,0.04732214203055479,0.5062468765617192,0.5007813588307611,0.4906307356961466,-0.010150623134614511,-0.07326328655738643,0.056665074362073665,0.7486256871564217,formal,正式,0.6031877678182186,0.8148233575519932,差异未达FDR显著
各逐题条件相对C03,相对C03,PHQ-8,DAIC-WOZ全量189人,GLM-5.2,思考,4,疲劳或精力不足,3,C03：全文｜不规整｜逐条评分｜不清洗,15,C15：事件序列｜规整｜逐条评分｜不清洗,189,是,是,0.5238105480226007,0.4646088462304855,-0.05920170179211526,-0.14773718602203198,0.021965093786002705,0.25487256371814093,0.5007813588307611,0.4444983266827509,-0.056283032148010226,-0.14661205244023756,0.016425412025535508,0.2978510744627686,formal,正式,0.37560167284778667,0.4389384255240801,差异未达FDR显著
各逐题条件相对C03,相对C03,PHQ-8,DAIC-WOZ全量189人,GLM-5.2,思考,4,疲劳或精力不足,3,C03：全文｜不规整｜逐条评分｜不清洗,16,C16：事件序列｜规整｜逐条评分｜清洗,189,是,是,0.5238105480226007,0.38830815049399436,-0.13550239752860638,-0.23691902773681245,-0.05779794266342184,0.00849575212393803,0.5007813588307611,0.3750871415211571,-0.12569421730960406,-0.20824630561373184,-0.042809839516109414,0.01199400299850075,formal,正式,0.04757621189405297,0.05597201399300349,差异未达FDR显著
各逐题条件相对C03,相对C03,PHQ-8,DAIC-WOZ全量189人,GLM-5.2,思考,5,食欲问题,3,C03：全文｜不规整｜逐条评分｜不清洗,4,C04：全文｜不规整｜逐条评分｜清洗,189,是,是,0.23373033882499306,0.16014870260234232,-0.07358163622265074,-0.17376497279890502,-0.0027230512043175783,0.050474762618690654,0.22213642670389278,0.15039876772534105,-0.07173765897855172,-0.1697620297392603,-0.010400207138616476,0.030484757621189407,formal,正式,0.1177744461102782,0.09795102448775612,差异未达FDR显著
各逐题条件相对C03,相对C03,PHQ-8,DAIC-WOZ全量189人,GLM-5.2,思考,5,食欲问题,3,C03：全文｜不规整｜逐条评分｜不清洗,7,C07：全文｜规整｜逐条评分｜不清洗,189,是,是,0.23373033882499306,0.20024948244853527,-0.033480856376457785,-0.09595014250446102,0.020801965893072445,0.26186906546726635,0.22213642670389278,0.18482551114791104,-0.03731091555598173,-0.10010099711225971,0.017966012246846325,0.23738130934532733,formal,正式,0.37601711964530554,0.3692598145371758,差异未达FDR显著
各逐题条件相对C03,相对C03,PHQ-8,DAIC-WOZ全量189人,GLM-5.2,思考,5,食欲问题,3,C03：全文｜不规整｜逐条评分｜不清洗,8,C08：全文｜规整｜逐条评分｜清洗,189,是,是,0.23373033882499306,0.12362540105197482,-0.11010493777301823,-0.20821292744408126,-0.026443223641406985,0.015492253873063468,0.22213642670389278,0.11330352587298517,-0.1088329008309076,-0.21704102401598502,-0.019702034013595517,0.012993503248375811,formal,正式,0.06673586283781187,0.05597201399300349,差异未达FDR显著
各逐题条件相对C03,相对C03,PHQ-8,DAIC-WOZ全量189人,GLM-5.2,思考,5,食欲问题,3,C03：全文｜不规整｜逐条评分｜不清洗,11,C11：事件序列｜不规整｜逐条评分｜不清洗,189,是,是,0.23373033882499306,0.1556789749408169,-0.07805136388417616,-0.16101867997271638,-0.012722109877116267,0.062468765617191405,0.22213642670389278,0.1506422820715415,-0.07149414463235126,-0.1455411574822544,-0.010805260419179452,0.050974512743628186,formal,正式,0.12956484720602662,0.11754122938530735,差异未达FDR显著
各逐题条件相对C03,相对C03,PHQ-8,DAIC-WOZ全量189人,GLM-5.2,思考,5,食欲问题,3,C03：全文｜不规整｜逐条评分｜不清洗,12,C12：事件序列｜不规整｜逐条评分｜清洗,189,是,是,0.23373033882499306,0.12258701082983767,-0.11114332799515539,-0.22330116817085374,-0.022631203300835928,0.04597701149425287,0.22213642670389278,0.1197913334796337,-0.10234509322425908,-0.2171307629152788,-0.008875208169260141,0.04597701149425287,formal,正式,0.111944027986007,0.11703239289446186,差异未达FDR显著
各逐题条件相对C03,相对C03,PHQ-8,DAIC-WOZ全量189人,GLM-5.2,思考,5,食欲问题,3,C03：全文｜不规整｜逐条评分｜不清洗,15,C15：事件序列｜规整｜逐条评分｜不清洗,189,是,是,0.23373033882499306,0.07863536732888335,-0.1550949714961097,-0.2733268724532191,-0.04804293183121019,0.01999000499750125,0.22213642670389278,0.06042702999021957,-0.1617093967136732,-0.26167575468598797,-0.050574331538339505,0.010494752623688156,formal,正式,0.07243437104976923,0.05342783153877607,差异未达FDR显著
各逐题条件相对C03,相对C03,PHQ-8,DAIC-WOZ全量189人,GLM-5.2,思考,5,食欲问题,3,C03：全文｜不规整｜逐条评分｜不清洗,16,C16：事件序列｜规整｜逐条评分｜清洗,189,是,是,0.23373033882499306,0.09425385448435757,-0.13947648434063548,-0.25558791660920666,-0.041970430001014906,0.021989005497251374,0.22213642670389278,0.09211889971654005,-0.13001752698735272,-0.2600894755012913,-0.03185417570395777,0.02848575712143928,formal,正式,0.07243437104976923,0.09795102448775612,差异未达FDR显著
各逐题条件相对C03,相对C03,PHQ-8,DAIC-WOZ全量189人,GLM-5.2,思考,6,自我评价低或觉得让家人失望,3,C03：全文｜不规整｜逐条评分｜不清洗,4,C04：全文｜不规整｜逐条评分｜清洗,189,是,是,0.5591832010966084,0.3440386150028106,-0.21514458609379777,-0.34485460355865594,-0.10572213238875312,0.0004997501249375312,0.53473051832875,0.3286790908156096,-0.20605142751314037,-0.3290693007686054,-0.10324807378706993,0.0004997501249375312,formal,正式,0.0069965017491254375,0.009328668998833917,目标条件校正相关显著更弱
各逐题条件相对C03,相对C03,PHQ-8,DAIC-WOZ全量189人,GLM-5.2,思考,6,自我评价低或觉得让家人失望,3,C03：全文｜不规整｜逐条评分｜不清洗,7,C07：全文｜规整｜逐条评分｜不清洗,189,是,是,0.5591832010966084,0.5769344159578921,0.017751214861283726,-0.05157540678735747,0.09176514844296381,0.696151924037981,0.53473051832875,0.5526497317644158,0.017919213435665826,-0.06320071601401082,0.10157594024973976,0.7106446776611695,formal,正式,0.7796901549225388,0.8121653458984794,差异未达FDR显著
各逐题条件相对C03,相对C03,PHQ-8,DAIC-WOZ全量189人,GLM-5.2,思考,6,自我评价低或觉得让家人失望,3,C03：全文｜不规整｜逐条评分｜不清洗,8,C08：全文｜规整｜逐条评分｜清洗,189,是,是,0.5591832010966084,0.2996667656344283,-0.25951643546218006,-0.3791929838210671,-0.14200381745563434,0.0004997501249375312,0.53473051832875,0.2959675231143287,-0.23876299521442124,-0.3528928177830398,-0.12082736006219982,0.0004997501249375312,formal,正式,0.0069965017491254375,0.009328668998833917,目标条件校正相关显著更弱
各逐题条件相对C03,相对C03,PHQ-8,DAIC-WOZ全量189人,GLM-5.2,思考,6,自我评价低或觉得让家人失望,3,C03：全文｜不规整｜逐条评分｜不清洗,11,C11：事件序列｜不规整｜逐条评分｜不清洗,189,是,是,0.5591832010966084,0.5922734594555148,0.033090258358906444,-0.03801735024932771,0.11480715315508436,0.38580709645177413,0.53473051832875,0.5704441663123956,0.035713647983645624,-0.0399441485668461,0.09457641781163299,0.3428285857071464,formal,正式,0.5024464511930081,0.47996001999000504,差异未达FDR显著
各逐题条件相对C03,相对C03,PHQ-8,DAIC-WOZ全量189人,GLM-5.2,思考,6,自我评价低或觉得让家人失望,3,C03：全文｜不规整｜逐条评分｜不清洗,12,C12：事件序列｜不规整｜逐条评分｜清洗,189,是,是,0.5591832010966084,0.38596849562010577,-0.17321470547650258,-0.28248384011309546,-0.06344552205866096,0.0014992503748125937,0.53473051832875,0.3714733231091145,-0.16325719521963544,-0.2707092340043886,-0.06274118758201785,0.00399800099950025,formal,正式,0.01679160419790105,0.03731467599533567,目标条件校正相关显著更弱
各逐题条件相对C03,相对C03,PHQ-8,DAIC-WOZ全量189人,GLM-5.2,思考,6,自我评价低或觉得让家人失望,3,C03：全文｜不规整｜逐条评分｜不清洗,15,C15：事件序列｜规整｜逐条评分｜不清洗,189,是,是,0.5591832010966084,0.3822428983022475,-0.17694030279436085,-0.29311457033660787,-0.06059057502078076,0.020989505247376312,0.53473051832875,0.3724599807038611,-0.16227053762488886,-0.2839231564882565,-0.04219989030263427,0.03498250874562719,formal,正式,0.07243437104976923,0.09795102448775612,差异未达FDR显著
各逐题条件相对C03,相对C03,PHQ-8,DAIC-WOZ全量189人,GLM-5.2,思考,6,自我评价低或觉得让家人失望,3,C03：全文｜不规整｜逐条评分｜不清洗,16,C16：事件序列｜规整｜逐条评分｜清洗,189,是,是,0.5591832010966084,0.2256440817469823,-0.33353911934962605,-0.4551856407605114,-0.21630896242157027,0.0004997501249375312,0.53473051832875,0.220077214051196,-0.31465330427755395,-0.452230035416938,-0.18711330679457833,0.0004997501249375312,formal,正式,0.0069965017491254375,0.009328668998833917,目标条件校正相关显著更弱
各逐题条件相对C03,相对C03,PHQ-8,DAIC-WOZ全量189人,GLM-5.2,思考,7,注意力困难,3,C03：全文｜不规整｜逐条评分｜不清洗,4,C04：全文｜不规整｜逐条评分｜清洗,189,是,是,0.37352853535497,0.3570581979677855,-0.016470337387184508,-0.11110286884517362,0.06918774679427925,0.7211394302848576,0.36970348466831615,0.35472590891466654,-0.014977575753649608,-0.1013613953183197,0.06695214872181716,0.7566216891554223,formal,正式,0.790066505208934,0.8148233575519932,差异未达FDR显著
各逐题条件相对C03,相对C03,PHQ-8,DAIC-WOZ全量189人,GLM-5.2,思考,7,注意力困难,3,C03：全文｜不规整｜逐条评分｜不清洗,7,C07：全文｜规整｜逐条评分｜不清洗,189,是,是,0.37352853535497,0.2572578092358957,-0.1162707261190743,-0.2335595839159613,-0.00834810673083671,0.04147926036981509,0.36970348466831615,0.2538118875461859,-0.11589159712213026,-0.2265548301414651,-0.008479132602126849,0.054972513743128434,formal,正式,0.10685566307755213,0.11840233729289201,差异未达FDR显著
各逐题条件相对C03,相对C03,PHQ-8,DAIC-WOZ全量189人,GLM-5.2,思考,7,注意力困难,3,C03：全文｜不规整｜逐条评分｜不清洗,8,C08：全文｜规整｜逐条评分｜清洗,189,是,是,0.37352853535497,0.20878057157639152,-0.16474796377857848,-0.27551285062050274,-0.05619739498397032,0.004997501249375313,0.36970348466831615,0.20748911246287277,-0.16221437220544338,-0.2682167459210142,-0.05782516565570915,0.00849575212393803,formal,正式,0.03498250874562719,0.05342783153877607,差异未达FDR显著
各逐题条件相对C03,相对C03,PHQ-8,DAIC-WOZ全量189人,GLM-5.2,思考,7,注意力困难,3,C03：全文｜不规整｜逐条评分｜不清洗,11,C11：事件序列｜不规整｜逐条评分｜不清洗,189,是,是,0.37352853535497,0.349146793803322,-0.024381741551648017,-0.09340860883608285,0.04211911484224243,0.47476261869065467,0.36970348466831615,0.3476309786435622,-0.02207250602475397,-0.09143469861793825,0.050968946944666534,0.5527236381809095,formal,正式,0.5779718836234057,0.6728809508289334,差异未达FDR显著
各逐题条件相对C03,相对C03,PHQ-8,DAIC-WOZ全量189人,GLM-5.2,思考,7,注意力困难,3,C03：全文｜不规整｜逐条评分｜不清洗,12,C12：事件序列｜不规整｜逐条评分｜清洗,189,是,是,0.37352853535497,0.33904036095972745,-0.03448817439524254,-0.11306742248171793,0.05089557867801412,0.44127936031984005,0.36970348466831615,0.337839858529207,-0.03186362613910915,-0.11119321377473007,0.051958199814662036,0.4752623688155922,formal,正式,0.5491476483980232,0.6048793784925719,差异未达FDR显著
各逐题条件相对C03,相对C03,PHQ-8,DAIC-WOZ全量189人,GLM-5.2,思考,7,注意力困难,3,C03：全文｜不规整｜逐条评分｜不清洗,15,C15：事件序列｜规整｜逐条评分｜不清洗,189,是,是,0.37352853535497,0.3299635209800854,-0.04356501437488458,-0.18734725729662197,0.10927836974827837,0.63968015992004,0.36970348466831615,0.3218907161006821,-0.047812768567634056,-0.1895347689920951,0.0896097774811987,0.6081959020489756,formal,正式,0.7310630399086171,0.7246589471221837,差异未达FDR显著
各逐题条件相对C03,相对C03,PHQ-8,DAIC-WOZ全量189人,GLM-5.2,思考,7,注意力困难,3,C03：全文｜不规整｜逐条评分｜不清洗,16,C16：事件序列｜规整｜逐条评分｜清洗,189,是,是,0.37352853535497,0.25875021252217506,-0.11477832283279493,-0.21770692897055974,-0.005980035897116637,0.041979010494752625,0.36970348466831615,0.25161768650340866,-0.1180857981649075,-0.2436924098107034,0.002197458453450681,0.04997501249375312,formal,正式,0.10685566307755213,0.11754122938530735,差异未达FDR显著
各逐题条件相对C03,相对C03,PHQ-8,DAIC-WOZ全量189人,GLM-5.2,思考,8,动作或语速改变,3,C03：全文｜不规整｜逐条评分｜不清洗,4,C04：全文｜不规整｜逐条评分｜清洗,189,是,是,0.3378909279716189,0.2414945360195385,-0.09639639195208041,-0.19391388564015805,0.0044428247851463765,0.06496751624187906,0.33858879014073173,0.24030977569324363,-0.0982790144474881,-0.18778761121364193,-0.011387572202687938,0.05247376311844078,formal,正式,0.12993503248375812,0.11754122938530735,差异未达FDR显著
各逐题条件相对C03,相对C03,PHQ-8,DAIC-WOZ全量189人,GLM-5.2,思考,8,动作或语速改变,3,C03：全文｜不规整｜逐条评分｜不清洗,7,C07：全文｜规整｜逐条评分｜不清洗,189,是,是,0.3378909279716189,0.23195481786428884,-0.10593611010733006,-0.21608474303072872,0.008618735767516887,0.09095452273863068,0.33858879014073173,0.22375937758269038,-0.11482941255804135,-0.22618283236316092,-0.013399942408981621,0.062468765617191405,formal,正式,0.16978177577877726,0.12493753123438281,差异未达FDR显著
各逐题条件相对C03,相对C03,PHQ-8,DAIC-WOZ全量189人,GLM-5.2,思考,8,动作或语速改变,3,C03：全文｜不规整｜逐条评分｜不清洗,8,C08：全文｜规整｜逐条评分｜清洗,189,是,是,0.3378909279716189,0.10973814107868474,-0.22815278689293417,-0.3523624556529632,-0.10799839495627245,0.0004997501249375312,0.33858879014073173,0.1081756180936196,-0.23041317204711215,-0.36637748496488975,-0.10889358715453593,0.0024987506246876563,formal,正式,0.0069965017491254375,0.0335832083958021,目标条件校正相关显著更弱
各逐题条件相对C03,相对C03,PHQ-8,DAIC-WOZ全量189人,GLM-5.2,思考,8,动作或语速改变,3,C03：全文｜不规整｜逐条评分｜不清洗,11,C11：事件序列｜不规整｜逐条评分｜不清洗,189,是,是,0.3378909279716189,0.2918114109822768,-0.046079516989342095,-0.13188215173775947,0.03835670713244462,0.3353323338330835,0.33858879014073173,0.2937701538793205,-0.04481863626141125,-0.13462888057610095,0.052868521795220946,0.3613193403298351,formal,正式,0.45801489499152864,0.4887788663807631,差异未达FDR显著
各逐题条件相对C03,相对C03,PHQ-8,DAIC-WOZ全量189人,GLM-5.2,思考,8,动作或语速改变,3,C03：全文｜不规整｜逐条评分｜不清洗,12,C12：事件序列｜不规整｜逐条评分｜清洗,189,是,是,0.3378909279716189,0.3152699548228159,-0.022620973148803014,-0.11608311404125451,0.07128171557704634,0.6261869065467266,0.33858879014073173,0.30765376750910206,-0.03093502263162967,-0.12152575241170772,0.06030697192907815,0.5207396301849075,formal,正式,0.730551390971181,0.6480315397856627,差异未达FDR显著
各逐题条件相对C03,相对C03,PHQ-8,DAIC-WOZ全量189人,GLM-5.2,思考,8,动作或语速改变,3,C03：全文｜不规整｜逐条评分｜不清洗,15,C15：事件序列｜规整｜逐条评分｜不清洗,189,是,是,0.3378909279716189,0.2749547727892957,-0.0629361551823232,-0.17149798277255018,0.04504096174074182,0.37381309345327335,0.33858879014073173,0.27090855367719663,-0.0676802364635351,-0.17708645010653085,0.06715618716517137,0.3408295852073963,formal,正式,0.4984174579376978,0.47996001999000504,差异未达FDR显著
各逐题条件相对C03,相对C03,PHQ-8,DAIC-WOZ全量189人,GLM-5.2,思考,8,动作或语速改变,3,C03：全文｜不规整｜逐条评分｜不清洗,16,C16：事件序列｜规整｜逐条评分｜清洗,189,是,是,0.3378909279716189,0.24475571304771512,-0.09313521492390378,-0.20247304421568632,0.02042325526066481,0.1199400299850075,0.33858879014073173,0.24855052862748933,-0.0900382615132424,-0.2181961939104605,0.015955037509421524,0.14442778610694654,formal,正式,0.19754828468118882,0.2378810594702649,差异未达FDR显著
各逐题条件相对C03,相对C03,PHQ-8,DAIC-WOZ全量189人,Qwen3.7-Max,思考,1,兴趣或愉悦感降低,3,C03：全文｜不规整｜逐条评分｜不清洗,4,C04：全文｜不规整｜逐条评分｜清洗,189,是,是,0.3446805643565944,0.3895524447666308,0.044871880410036424,-0.027143536533446047,0.12739524529725588,0.27786106946526734,0.33063591903794265,0.37600974325979325,0.0453738242218506,-0.03420841353914761,0.1240890663241235,0.2588705647176412,formal,正式,0.7066466766616691,0.7982372450138566,差异未达FDR显著
各逐题条件相对C03,相对C03,PHQ-8,DAIC-WOZ全量189人,Qwen3.7-Max,思考,1,兴趣或愉悦感降低,3,C03：全文｜不规整｜逐条评分｜不清洗,7,C07：全文｜规整｜逐条评分｜不清洗,189,是,是,0.3446805643565944,0.4343757387425129,0.08969517438591851,-0.003183256783599695,0.1790983500693641,0.07846076961519241,0.33063591903794265,0.4219765321166271,0.09134061307868446,0.010671590814774258,0.18189920659239456,0.07546226886556721,formal,正式,0.7066466766616691,0.7982372450138566,差异未达FDR显著
各逐题条件相对C03,相对C03,PHQ-8,DAIC-WOZ全量189人,Qwen3.7-Max,思考,1,兴趣或愉悦感降低,3,C03：全文｜不规整｜逐条评分｜不清洗,8,C08：全文｜规整｜逐条评分｜清洗,189,是,是,0.3446805643565944,0.4643532057001987,0.11967264134360434,0.021228178000326905,0.21966291696747214,0.04697651174412794,0.33063591903794265,0.4475245703862931,0.11688865134835047,0.007922127847647295,0.22591980416653895,0.06346826586706647,formal,正式,0.7066466766616691,0.7982372450138566,差异未达FDR显著
各逐题条件相对C03,相对C03,PHQ-8,DAIC-WOZ全量189人,Qwen3.7-Max,思考,1,兴趣或愉悦感降低,3,C03：全文｜不规整｜逐条评分｜不清洗,11,C11：事件序列｜不规整｜逐条评分｜不清洗,189,是,是,0.3446805643565944,0.29252607694818994,-0.05215448740840445,-0.11493473073246867,-0.0016946664979431186,0.07196401799100449,0.33063591903794265,0.2800581008014132,-0.05057781823652946,-0.11604694096157425,0.00150710183758073,0.11694152923538231,formal,正式,0.7066466766616691,0.7982372450138566,差异未达FDR显著
各逐题条件相对C03,相对C03,PHQ-8,DAIC-WOZ全量189人,Qwen3.7-Max,思考,1,兴趣或愉悦感降低,3,C03：全文｜不规整｜逐条评分｜不清洗,12,C12：事件序列｜不规整｜逐条评分｜清洗,189,是,是,0.3446805643565944,0.39584419330892046,0.05116362895232607,-0.02656235005217981,0.12895538178273702,0.21039480259870064,0.33063591903794265,0.3725640279540126,0.04192810891606996,-0.03787090802237761,0.11826419280431785,0.3373313343328336,formal,正式,0.7066466766616691,0.7982372450138566,差异未达FDR显著
各逐题条件相对C03,相对C03,PHQ-8,DAIC-WOZ全量189人,Qwen3.7-Max,思考,1,兴趣或愉悦感降低,3,C03：全文｜不规整｜逐条评分｜不清洗,15,C15：事件序列｜规整｜逐条评分｜不清洗,189,是,是,0.3446805643565944,0.368968787353482,0.0242882229968876,-0.07366112070820248,0.12523454723977076,0.6551724137931034,0.33063591903794265,0.3609322828190767,0.03029636378113404,-0.07327423701049923,0.13629940710546298,0.5952023988005997,formal,正式,0.8153256704980844,0.7982372450138566,差异未达FDR显著
各逐题条件相对C03,相对C03,PHQ-8,DAIC-WOZ全量189人,Qwen3.7-Max,思考,1,兴趣或愉悦感降低,3,C03：全文｜不规整｜逐条评分｜不清洗,16,C16：事件序列｜规整｜逐条评分｜清洗,189,是,是,0.3446805643565944,0.40595246803970586,0.06127190368311147,-0.043594913649050604,0.17596307086486412,0.40379810094952523,0.33063591903794265,0.38703278619990744,0.05639686716196479,-0.06535959145763136,0.17497208785899257,0.4257871064467766,formal,正式,0.7633960797379088,0.7982372450138566,差异未达FDR显著
各逐题条件相对C03,相对C03,PHQ-8,DAIC-WOZ全量189人,Qwen3.7-Max,思考,2,情绪低落、抑郁或无望,3,C03：全文｜不规整｜逐条评分｜不清洗,4,C04：全文｜不规整｜逐条评分｜清洗,189,是,是,0.642015453534049,0.6834786141155809,0.04146316058153188,-0.005033270920774946,0.09125459273460393,0.127936031984008,0.6306441735447141,0.6728732406746506,0.04222906712993646,-0.006124976573975884,0.09190842601389713,0.11444277861069466,formal,正式,0.7066466766616691,0.7982372450138566,差异未达FDR显著
各逐题条件相对C03,相对C03,PHQ-8,DAIC-WOZ全量189人,Qwen3.7-Max,思考,2,情绪低落、抑郁或无望,3,C03：全文｜不规整｜逐条评分｜不清洗,7,C07：全文｜规整｜逐条评分｜不清洗,189,是,是,0.642015453534049,0.6118797396962075,-0.030135713837841527,-0.11489779366873533,0.04676598026110402,0.5707146426786607,0.6306441735447141,0.6050695022970598,-0.025574671247654335,-0.11225511147006535,0.057557656421935416,0.6146926536731634,formal,正式,0.7965773210955498,0.7982372450138566,差异未达FDR显著
各逐题条件相对C03,相对C03,PHQ-8,DAIC-WOZ全量189人,Qwen3.7-Max,思考,2,情绪低落、抑郁或无望,3,C03：全文｜不规整｜逐条评分｜不清洗,8,C08：全文｜规整｜逐条评分｜清洗,189,是,是,0.642015453534049,0.6305667395303447,-0.011448714003704286,-0.08342659248978146,0.07247823032493683,0.8200899550224887,0.6306441735447141,0.6234584862643363,-0.007185687280377828,-0.08689628246566984,0.06754421129765611,0.8970514742628686,formal,正式,0.9185007496251874,0.9509962000132008,差异未达FDR显著
各逐题条件相对C03,相对C03,PHQ-8,DAIC-WOZ全量189人,Qwen3.7-Max,思考,2,情绪低落、抑郁或无望,3,C03：全文｜不规整｜逐条评分｜不清洗,11,C11：事件序列｜不规整｜逐条评分｜不清洗,189,是,是,0.642015453534049,0.6776672634173468,0.03565180988329786,-0.007498178945475668,0.09290028606998815,0.16591704147926037,0.6306441735447141,0.6678537429236353,0.03720956937892117,-0.0072165148669032265,0.08846857107163154,0.14192903548225888,formal,正式,0.7066466766616691,0.7982372450138566,差异未达FDR显著
各逐题条件相对C03,相对C03,PHQ-8,DAIC-WOZ全量189人,Qwen3.7-Max,思考,2,情绪低落、抑郁或无望,3,C03：全文｜不规整｜逐条评分｜不清洗,12,C12：事件序列｜不规整｜逐条评分｜清洗,189,是,是,0.642015453534049,0.6866563268221942,0.044640873288145255,-0.009342175039451646,0.10502358690664604,0.14292853573213393,0.6306441735447141,0.6779385746968796,0.04729440115216543,-0.010176821484359685,0.11411927289753884,0.12043978010994502,formal,正式,0.7066466766616691,0.7982372450138566,差异未达FDR显著
各逐题条件相对C03,相对C03,PHQ-8,DAIC-WOZ全量189人,Qwen3.7-Max,思考,2,情绪低落、抑郁或无望,3,C03：全文｜不规整｜逐条评分｜不清洗,15,C15：事件序列｜规整｜逐条评分｜不清洗,189,是,是,0.642015453534049,0.6124050822948571,-0.029610371239191857,-0.10856432897575546,0.04524252122279947,0.5692153923038481,0.6306441735447141,0.6000286772115991,-0.030615496333115,-0.10836516865257448,0.04436525439672342,0.5557221389305347,formal,正式,0.7965773210955498,0.7982372450138566,差异未达FDR显著
各逐题条件相对C03,相对C03,PHQ-8,DAIC-WOZ全量189人,Qwen3.7-Max,思考,2,情绪低落、抑郁或无望,3,C03：全文｜不规整｜逐条评分｜不清洗,16,C16：事件序列｜规整｜逐条评分｜清洗,189,是,是,0.642015453534049,0.5819699332047642,-0.060045520329284785,-0.14401925844641358,0.02117637883232288,0.26436781609195403,0.6306441735447141,0.5711056857659251,-0.05953848777878901,-0.1469404809481595,0.025165849815288386,0.25487256371814093,formal,正式,0.7066466766616691,0.7982372450138566,差异未达FDR显著
各逐题条件相对C03,相对C03,PHQ-8,DAIC-WOZ全量189人,Qwen3.7-Max,思考,3,睡眠问题,3,C03：全文｜不规整｜逐条评分｜不清洗,4,C04：全文｜不规整｜逐条评分｜清洗,189,是,是,0.637430257563957,0.6072891008517894,-0.03014115671216755,-0.08536732209330737,0.020194603952968113,0.26186906546726635,0.5955313078783031,0.5666083803851449,-0.028922927493158168,-0.07815963740367717,0.02121771776923496,0.2898550724637681,formal,正式,0.7066466766616691,0.7982372450138566,差异未达FDR显著
各逐题条件相对C03,相对C03,PHQ-8,DAIC-WOZ全量189人,Qwen3.7-Max,思考,3,睡眠问题,3,C03：全文｜不规整｜逐条评分｜不清洗,7,C07：全文｜规整｜逐条评分｜不清洗,189,是,是,0.637430257563957,0.6075318114342066,-0.029898446129750345,-0.09923270298014264,0.03597228704101906,0.47626186906546725,0.5955313078783031,0.5640417124990382,-0.03148959537926488,-0.09718308925729788,0.05131711051633864,0.456271864067966,formal,正式,0.7633960797379088,0.7982372450138566,差异未达FDR显著
各逐题条件相对C03,相对C03,PHQ-8,DAIC-WOZ全量189人,Qwen3.7-Max,思考,3,睡眠问题,3,C03：全文｜不规整｜逐条评分｜不清洗,8,C08：全文｜规整｜逐条评分｜清洗,189,是,是,0.637430257563957,0.6333358294046976,-0.004094428159259422,-0.07876563651110625,0.07494807504244486,0.9105447276361819,0.5955313078783031,0.5882656741387021,-0.007265633739600985,-0.08143555123173817,0.06612598498284485,0.8700649675162418,formal,正式,0.9620849952382299,0.9509962000132008,差异未达FDR显著
各逐题条件相对C03,相对C03,PHQ-8,DAIC-WOZ全量189人,Qwen3.7-Max,思考,3,睡眠问题,3,C03：全文｜不规整｜逐条评分｜不清洗,11,C11：事件序列｜不规整｜逐条评分｜不清洗,189,是,是,0.637430257563957,0.6199387409292874,-0.017491516634669635,-0.06173286635193269,0.026031280603858717,0.43928035982008995,0.5955313078783031,0.5742457629557637,-0.021285544922539423,-0.07552551721782892,0.023973733443003874,0.37831084457771114,formal,正式,0.7633960797379088,0.7982372450138566,差异未达FDR显著
各逐题条件相对C03,相对C03,PHQ-8,DAIC-WOZ全量189人,Qwen3.7-Max,思考,3,睡眠问题,3,C03：全文｜不规整｜逐条评分｜不清洗,12,C12：事件序列｜不规整｜逐条评分｜清洗,189,是,是,0.637430257563957,0.5967217313512805,-0.04070852621267651,-0.09530892626620313,0.010505387258820133,0.1584207896051974,0.5955313078783031,0.5541995268606218,-0.04133178101768131,-0.10388500969524282,0.01693579131859233,0.16541729135432284,formal,正式,0.7066466766616691,0.7982372450138566,差异未达FDR显著
各逐题条件相对C03,相对C03,PHQ-8,DAIC-WOZ全量189人,Qwen3.7-Max,思考,3,睡眠问题,3,C03：全文｜不规整｜逐条评分｜不清洗,15,C15：事件序列｜规整｜逐条评分｜不清洗,189,是,是,0.637430257563957,0.5780759179273276,-0.059354339636629394,-0.12987548574905275,0.00509145261041612,0.08045977011494253,0.5955313078783031,0.5328189152323477,-0.0627123926459554,-0.1304217720732842,0.00811087297662116,0.07746126936531735,formal,正式,0.7066466766616691,0.7982372450138566,差异未达FDR显著
各逐题条件相对C03,相对C03,PHQ-8,DAIC-WOZ全量189人,Qwen3.7-Max,思考,3,睡眠问题,3,C03：全文｜不规整｜逐条评分｜不清洗,16,C16：事件序列｜规整｜逐条评分｜清洗,189,是,是,0.637430257563957,0.6090922243828395,-0.028338033181117495,-0.096322744494272,0.048459165260239946,0.4892553723138431,0.5955313078783031,0.5710159986115386,-0.024515309266764485,-0.09678342628996184,0.054144390876657865,0.5337331334332833,formal,正式,0.7633960797379088,0.7982372450138566,差异未达FDR显著
各逐题条件相对C03,相对C03,PHQ-8,DAIC-WOZ全量189人,Qwen3.7-Max,思考,4,疲劳或精力不足,3,C03：全文｜不规整｜逐条评分｜不清洗,4,C04：全文｜不规整｜逐条评分｜清洗,189,是,是,0.4670381089828643,0.5082940910254681,0.04125598204260378,-0.017698780124604727,0.10003344157910951,0.21689155422288856,0.4441858863838947,0.48706192816324284,0.04287604177934812,-0.022412686347969363,0.1092687984089153,0.21339330334832585,formal,正式,0.7066466766616691,0.7982372450138566,差异未达FDR显著
各逐题条件相对C03,相对C03,PHQ-8,DAIC-WOZ全量189人,Qwen3.7-Max,思考,4,疲劳或精力不足,3,C03：全文｜不规整｜逐条评分｜不清洗,7,C07：全文｜规整｜逐条评分｜不清洗,189,是,是,0.4670381089828643,0.4429879679696791,-0.0240501410131852,-0.09753417392082979,0.05703966831829921,0.6221889055472264,0.4441858863838947,0.422499778037232,-0.021686108346662736,-0.09623647542477272,0.05482854523855488,0.6261869065467266,formal,正式,0.8153256704980844,0.7982372450138566,差异未达FDR显著
各逐题条件相对C03,相对C03,PHQ-8,DAIC-WOZ全量189人,Qwen3.7-Max,思考,4,疲劳或精力不足,3,C03：全文｜不规整｜逐条评分｜不清洗,8,C08：全文｜规整｜逐条评分｜清洗,189,是,是,0.4670381089828643,0.409068191169167,-0.057969917813697314,-0.13057926376614268,0.004000675197595576,0.16591704147926037,0.4441858863838947,0.402461589949766,-0.04172429643412873,-0.10556440050274625,0.030098949247265236,0.3243378310844578,formal,正式,0.7066466766616691,0.7982372450138566,差异未达FDR显著
各逐题条件相对C03,相对C03,PHQ-8,DAIC-WOZ全量189人,Qwen3.7-Max,思考,4,疲劳或精力不足,3,C03：全文｜不规整｜逐条评分｜不清洗,11,C11：事件序列｜不规整｜逐条评分｜不清洗,189,是,是,0.4670381089828643,0.44744564900497624,-0.019592459977888055,-0.09101564565413442,0.04261084033557859,0.5702148925537232,0.4441858863838947,0.4255099263069589,-0.018675960076935838,-0.08452356712418402,0.03810310243845753,0.5812093953023488,formal,正式,0.7965773210955498,0.7982372450138566,差异未达FDR显著
各逐题条件相对C03,相对C03,PHQ-8,DAIC-WOZ全量189人,Qwen3.7-Max,思考,4,疲劳或精力不足,3,C03：全文｜不规整｜逐条评分｜不清洗,12,C12：事件序列｜不规整｜逐条评分｜清洗,189,是,是,0.4670381089828643,0.4447347738767791,-0.022303335106085176,-0.0812101650496246,0.035526820454125384,0.49075462268865566,0.4441858863838947,0.42316539238396506,-0.021020493999929668,-0.09541315529445452,0.03555158075669036,0.5342328835582209,formal,正式,0.7633960797379088,0.7982372450138566,差异未达FDR显著
各逐题条件相对C03,相对C03,PHQ-8,DAIC-WOZ全量189人,Qwen3.7-Max,思考,4,疲劳或精力不足,3,C03：全文｜不规整｜逐条评分｜不清洗,15,C15：事件序列｜规整｜逐条评分｜不清洗,189,是,是,0.4670381089828643,0.42838188176446096,-0.03865622721840334,-0.12364420568871293,0.040334938905530554,0.38780609695152424,0.4441858863838947,0.4085282676198406,-0.0356576187640541,-0.12153982987087675,0.05549231407939556,0.5112443778110944,formal,正式,0.7633960797379088,0.7982372450138566,差异未达FDR显著
各逐题条件相对C03,相对C03,PHQ-8,DAIC-WOZ全量189人,Qwen3.7-Max,思考,4,疲劳或精力不足,3,C03：全文｜不规整｜逐条评分｜不清洗,16,C16：事件序列｜规整｜逐条评分｜清洗,189,是,是,0.4670381089828643,0.4494786432042489,-0.01755946577861539,-0.10114191894910503,0.0691685567750021,0.751624187906047,0.4441858863838947,0.4314116674827866,-0.012774218901108136,-0.09407409997237495,0.07842909305617114,0.7961019490254873,formal,正式,0.8641393588919826,0.909830798886271,差异未达FDR显著
各逐题条件相对C03,相对C03,PHQ-8,DAIC-WOZ全量189人,Qwen3.7-Max,思考,5,食欲问题,3,C03：全文｜不规整｜逐条评分｜不清洗,4,C04：全文｜不规整｜逐条评分｜清洗,189,是,是,0.1509089440320269,0.17777399748544276,0.02686505345341586,-0.04567294689988979,0.12257019215393207,0.6881559220389805,0.14334315001462664,0.1661439978737517,0.022800847859125062,-0.06556628552307879,0.10309507006182718,0.6271864067966016,formal,正式,0.8377550355257154,0.7982372450138566,差异未达FDR显著
各逐题条件相对C03,相对C03,PHQ-8,DAIC-WOZ全量189人,Qwen3.7-Max,思考,5,食欲问题,3,C03：全文｜不规整｜逐条评分｜不清洗,7,C07：全文｜规整｜逐条评分｜不清洗,189,是,是,0.1509089440320269,0.15032095061650147,-0.0005879934155254285,-0.1183882124256463,0.1204100809903853,0.9655172413793104,0.14334315001462664,0.14224681501086983,-0.0010963350037568043,-0.12418214758908357,0.10437907464607925,0.9655172413793104,formal,正式,0.9655172413793104,0.9830721003134797,差异未达FDR显著
各逐题条件相对C03,相对C03,PHQ-8,DAIC-WOZ全量189人,Qwen3.7-Max,思考,5,食欲问题,3,C03：全文｜不规整｜逐条评分｜不清洗,8,C08：全文｜规整｜逐条评分｜清洗,189,是,是,0.1509089440320269,0.16917130132635225,0.01826235729432535,-0.05769888257345387,0.1030515288545621,0.63968015992004,0.14334315001462664,0.15708210044256632,0.013738950427939683,-0.05780746476748742,0.09061573427663365,0.7351324337831084,formal,正式,0.8153256704980844,0.8803931367649508,差异未达FDR显著
各逐题条件相对C03,相对C03,PHQ-8,DAIC-WOZ全量189人,Qwen3.7-Max,思考,5,食欲问题,3,C03：全文｜不规整｜逐条评分｜不清洗,11,C11：事件序列｜不规整｜逐条评分｜不清洗,189,是,是,0.1509089440320269,0.08559255683117314,-0.06531638720085375,-0.1693542279998199,0.0,0.0004997501249375312,0.14334315001462664,0.07410328653557556,-0.06923986347905108,-0.18230303828877412,0.0,0.48825587206396803,formal,正式,0.02798600699650175,0.7982372450138566,差异未达FDR显著
各逐题条件相对C03,相对C03,PHQ-8,DAIC-WOZ全量189人,Qwen3.7-Max,思考,5,食欲问题,3,C03：全文｜不规整｜逐条评分｜不清洗,12,C12：事件序列｜不规整｜逐条评分｜清洗,189,是,是,0.1509089440320269,0.143478506781259,-0.007430437250767891,-0.07003841150238115,0.048931438295217934,0.48825587206396803,0.14334315001462664,0.13132472175409757,-0.012018428260529068,-0.0751792801172802,0.041330624474256096,1.0,formal,正式,0.7633960797379088,1.0,差异未达FDR显著
各逐题条件相对C03,相对C03,PHQ-8,DAIC-WOZ全量189人,Qwen3.7-Max,思考,5,食欲问题,3,C03：全文｜不规整｜逐条评分｜不清洗,15,C15：事件序列｜规整｜逐条评分｜不清洗,189,是,是,0.1509089440320269,0.1565652416694564,0.005656297637429503,-0.09886802883129986,0.11907376106775287,0.9325337331334332,0.14334315001462664,0.14101379836674832,-0.002329351647878314,-0.10061812831711246,0.11119223749695602,0.9535232383808095,formal,正式,0.9655172413793104,0.9830721003134797,差异未达FDR显著
各逐题条件相对C03,相对C03,PHQ-8,DAIC-WOZ全量189人,Qwen3.7-Max,思考,5,食欲问题,3,C03：全文｜不规整｜逐条评分｜不清洗,16,C16：事件序列｜规整｜逐条评分｜清洗,189,是,是,0.1509089440320269,0.1406730210842068,-0.010235922947820109,-0.08319812508613432,0.07023157831120179,0.8470764617691154,0.14334315001462664,0.12442751518035348,-0.01891563483427315,-0.10380116600951149,0.07200237187531894,0.6906546726636682,formal,正式,0.9301231737072639,0.8594813704258982,差异未达FDR显著
各逐题条件相对C03,相对C03,PHQ-8,DAIC-WOZ全量189人,Qwen3.7-Max,思考,6,自我评价低或觉得让家人失望,3,C03：全文｜不规整｜逐条评分｜不清洗,4,C04：全文｜不规整｜逐条评分｜清洗,189,是,是,0.42908764614356,0.37903943344281404,-0.05004821270074594,-0.14600031451044065,0.037638123885147395,0.3028485757121439,0.4042562458532373,0.37267847781589,-0.0315777680373473,-0.1287915960722716,0.0593035850804988,0.5027486256871564,formal,正式,0.7066466766616691,0.7982372450138566,差异未达FDR显著
各逐题条件相对C03,相对C03,PHQ-8,DAIC-WOZ全量189人,Qwen3.7-Max,思考,6,自我评价低或觉得让家人失望,3,C03：全文｜不规整｜逐条评分｜不清洗,7,C07：全文｜规整｜逐条评分｜不清洗,189,是,是,0.42908764614356,0.4682831648406064,0.039195518697046405,-0.034250521204971816,0.12761686083465482,0.37181409295352325,0.4042562458532373,0.44640783468455336,0.04215158883131609,-0.04374165685588753,0.12417311377250971,0.37831084457771114,formal,正式,0.7633960797379088,0.7982372450138566,差异未达FDR显著
各逐题条件相对C03,相对C03,PHQ-8,DAIC-WOZ全量189人,Qwen3.7-Max,思考,6,自我评价低或觉得让家人失望,3,C03：全文｜不规整｜逐条评分｜不清洗,8,C08：全文｜规整｜逐条评分｜清洗,189,是,是,0.42908764614356,0.36429973068862037,-0.06478791545493962,-0.1736744149109278,0.04644208234497136,0.28585707146426786,0.4042562458532373,0.36897595872533834,-0.035280287127898935,-0.1532614100645032,0.08300312596601152,0.5732133933033483,formal,正式,0.7066466766616691,0.7982372450138566,差异未达FDR显著
各逐题条件相对C03,相对C03,PHQ-8,DAIC-WOZ全量189人,Qwen3.7-Max,思考,6,自我评价低或觉得让家人失望,3,C03：全文｜不规整｜逐条评分｜不清洗,11,C11：事件序列｜不规整｜逐条评分｜不清洗,189,是,是,0.42908764614356,0.4270395928614781,-0.0020480532820819075,-0.055994983444549035,0.04900819825652988,0.9505247376311844,0.4042562458532373,0.4093122425516994,0.0050559966984621285,-0.050992762197211015,0.056764673683798283,0.8700649675162418,formal,正式,0.9655172413793104,0.9509962000132008,差异未达FDR显著
各逐题条件相对C03,相对C03,PHQ-8,DAIC-WOZ全量189人,Qwen3.7-Max,思考,6,自我评价低或觉得让家人失望,3,C03：全文｜不规整｜逐条评分｜不清洗,12,C12：事件序列｜不规整｜逐条评分｜清洗,189,是,是,0.42908764614356,0.34194735222461364,-0.08714029391894634,-0.19204339768999484,0.011083863811711931,0.09695152423788106,0.4042562458532373,0.33516519178350956,-0.06909105406972771,-0.1720603398898886,0.035319060871624605,0.18990504747626186,formal,正式,0.7066466766616691,0.7982372450138566,差异未达FDR显著
各逐题条件相对C03,相对C03,PHQ-8,DAIC-WOZ全量189人,Qwen3.7-Max,思考,6,自我评价低或觉得让家人失望,3,C03：全文｜不规整｜逐条评分｜不清洗,15,C15：事件序列｜规整｜逐条评分｜不清洗,189,是,是,0.42908764614356,0.3661415862578991,-0.06294605988566088,-0.16906152375654182,0.03000975767740582,0.29685157421289354,0.4042562458532373,0.36036192652211413,-0.043894319331123144,-0.13196080747530423,0.049696405573574215,0.5037481259370314,formal,正式,0.7066466766616691,0.7982372450138566,差异未达FDR显著
各逐题条件相对C03,相对C03,PHQ-8,DAIC-WOZ全量189人,Qwen3.7-Max,思考,6,自我评价低或觉得让家人失望,3,C03：全文｜不规整｜逐条评分｜不清洗,16,C16：事件序列｜规整｜逐条评分｜清洗,189,是,是,0.42908764614356,0.24018140534573298,-0.188906240797827,-0.31903389849153074,-0.06631707683626348,0.0069965017491254375,0.4042562458532373,0.23594943492702722,-0.16830681092621005,-0.3022446114399256,-0.047879755214689436,0.025987006496751622,formal,正式,0.19590204897551225,0.7982372450138566,差异未达FDR显著
各逐题条件相对C03,相对C03,PHQ-8,DAIC-WOZ全量189人,Qwen3.7-Max,思考,7,注意力困难,3,C03：全文｜不规整｜逐条评分｜不清洗,4,C04：全文｜不规整｜逐条评分｜清洗,189,是,是,0.28740401777299407,0.2938640839087199,0.006460066135725806,-0.06746381959322849,0.07963864263291884,0.8725637181409296,0.2787555693179963,0.28439838856943345,0.00564281925143717,-0.07599718544392109,0.07818914543471941,0.9000499750124937,formal,正式,0.9396840041517703,0.9509962000132008,差异未达FDR显著
各逐题条件相对C03,相对C03,PHQ-8,DAIC-WOZ全量189人,Qwen3.7-Max,思考,7,注意力困难,3,C03：全文｜不规整｜逐条评分｜不清洗,7,C07：全文｜规整｜逐条评分｜不清洗,189,是,是,0.28740401777299407,0.24512061669110236,-0.042283401081891714,-0.1402406094797903,0.04682815078291498,0.4527736131934033,0.2787555693179963,0.2425900870290303,-0.03616548228896599,-0.14380453795568757,0.05593412132335804,0.5387306346826587,formal,正式,0.7633960797379088,0.7982372450138566,差异未达FDR显著
各逐题条件相对C03,相对C03,PHQ-8,DAIC-WOZ全量189人,Qwen3.7-Max,思考,7,注意力困难,3,C03：全文｜不规整｜逐条评分｜不清洗,8,C08：全文｜规整｜逐条评分｜清洗,189,是,是,0.28740401777299407,0.3458160668788541,0.05841204910586001,-0.06318956848508653,0.16648046683600565,0.3728135932033983,0.2787555693179963,0.344511488401585,0.06575591908358874,-0.04888641934357165,0.18412857173876143,0.3118440779610195,formal,正式,0.7633960797379088,0.7982372450138566,差异未达FDR显著
各逐题条件相对C03,相对C03,PHQ-8,DAIC-WOZ全量189人,Qwen3.7-Max,思考,7,注意力困难,3,C03：全文｜不规整｜逐条评分｜不清洗,11,C11：事件序列｜不规整｜逐条评分｜不清洗,189,是,是,0.28740401777299407,0.237909170087135,-0.04949484768585907,-0.1337531096236016,0.014413515558386665,0.1889055472263868,0.2787555693179963,0.23071368348126592,-0.04804188583673036,-0.11777212260176033,0.01567053919670091,0.18040979510244878,formal,正式,0.7066466766616691,0.7982372450138566,差异未达FDR显著
各逐题条件相对C03,相对C03,PHQ-8,DAIC-WOZ全量189人,Qwen3.7-Max,思考,7,注意力困难,3,C03：全文｜不规整｜逐条评分｜不清洗,12,C12：事件序列｜不规整｜逐条评分｜清洗,189,是,是,0.28740401777299407,0.26024746182546543,-0.027156555947528638,-0.11437378665727321,0.0656626894921334,0.5832083958020989,0.2787555693179963,0.2537942216477829,-0.024961347670213352,-0.1187595258847859,0.06014518278610092,0.6176911544227887,formal,正式,0.7965773210955498,0.7982372450138566,差异未达FDR显著
各逐题条件相对C03,相对C03,PHQ-8,DAIC-WOZ全量189人,Qwen3.7-Max,思考,7,注意力困难,3,C03：全文｜不规整｜逐条评分｜不清洗,15,C15：事件序列｜规整｜逐条评分｜不清洗,189,是,是,0.28740401777299407,0.22712864525590373,-0.060275372517090336,-0.1716432210417324,0.06121445352954083,0.41379310344827586,0.2787555693179963,0.22041146454576216,-0.05834410477223412,-0.1792731462568168,0.06847115816051323,0.43228385807096453,formal,正式,0.7633960797379088,0.7982372450138566,差异未达FDR显著
各逐题条件相对C03,相对C03,PHQ-8,DAIC-WOZ全量189人,Qwen3.7-Max,思考,7,注意力困难,3,C03：全文｜不规整｜逐条评分｜不清洗,16,C16：事件序列｜规整｜逐条评分｜清洗,189,是,是,0.28740401777299407,0.2546152084023398,-0.03278880937065426,-0.1516406009828002,0.08568944214974387,0.6426786606696652,0.2787555693179963,0.23952570716950272,-0.039229862148493555,-0.15666163907728198,0.07923219545349468,0.5642178910544727,formal,正式,0.8153256704980844,0.7982372450138566,差异未达FDR显著
各逐题条件相对C03,相对C03,PHQ-8,DAIC-WOZ全量189人,Qwen3.7-Max,思考,8,动作或语速改变,3,C03：全文｜不规整｜逐条评分｜不清洗,4,C04：全文｜不规整｜逐条评分｜清洗,189,是,是,0.0708228120881636,0.03744997022697384,-0.03337284186118976,-0.13169634049517837,0.05807361477842771,0.7561219390304847,0.06462188606821208,0.023866345418505346,-0.04075554064970673,-0.14792594597921888,0.042189882693132646,0.7546226886556722,formal,正式,0.8641393588919826,0.8803931367649508,差异未达FDR显著
各逐题条件相对C03,相对C03,PHQ-8,DAIC-WOZ全量189人,Qwen3.7-Max,思考,8,动作或语速改变,3,C03：全文｜不规整｜逐条评分｜不清洗,7,C07：全文｜规整｜逐条评分｜不清洗,189,是,是,0.0708228120881636,0.15147927456382448,0.08065646247566088,-0.06622914300843684,0.20897993074517796,0.263368315842079,0.06462188606821208,0.15536779508959628,0.0907459090213842,-0.05507102452910444,0.2344861063361993,0.2288855572213893,formal,正式,0.7066466766616691,0.7982372450138566,差异未达FDR显著
各逐题条件相对C03,相对C03,PHQ-8,DAIC-WOZ全量189人,Qwen3.7-Max,思考,8,动作或语速改变,3,C03：全文｜不规整｜逐条评分｜不清洗,8,C08：全文｜规整｜逐条评分｜清洗,189,是,是,0.0708228120881636,0.15071801407568555,0.07989520198752195,-0.059364030328889504,0.22370778977836625,0.39030484757621187,0.06462188606821208,0.14733046744997502,0.08270858138176294,-0.05449229696733361,0.23474853329896642,0.36731634182908546,formal,正式,0.7633960797379088,0.7982372450138566,差异未达FDR显著
各逐题条件相对C03,相对C03,PHQ-8,DAIC-WOZ全量189人,Qwen3.7-Max,思考,8,动作或语速改变,3,C03：全文｜不规整｜逐条评分｜不清洗,11,C11：事件序列｜不规整｜逐条评分｜不清洗,189,是,是,0.0708228120881636,0.01824722294435052,-0.05257558914381308,-0.17543947093809745,0.03737374519802813,0.7556221889055472,0.06462188606821208,0.0125076150074357,-0.05211427106077638,-0.17357503377583577,0.04589602916434998,0.751624187906047,formal,正式,0.8641393588919826,0.8803931367649508,差异未达FDR显著
各逐题条件相对C03,相对C03,PHQ-8,DAIC-WOZ全量189人,Qwen3.7-Max,思考,8,动作或语速改变,3,C03：全文｜不规整｜逐条评分｜不清洗,12,C12：事件序列｜不规整｜逐条评分｜清洗,189,是,是,0.0708228120881636,0.00848560860012928,-0.06233720348803432,-0.17354177952402394,0.006192700894338722,0.5217391304347826,0.06462188606821208,0.00454763903985149,-0.06007424702836059,-0.16832582697717835,0.00940175337247449,0.5062468765617192,formal,正式,0.7896592244418331,0.7982372450138566,差异未达FDR显著
各逐题条件相对C03,相对C03,PHQ-8,DAIC-WOZ全量189人,Qwen3.7-Max,思考,8,动作或语速改变,3,C03：全文｜不规整｜逐条评分｜不清洗,15,C15：事件序列｜规整｜逐条评分｜不清洗,189,是,是,0.0708228120881636,0.1752908316646997,0.10446801957653609,-0.02094703534372679,0.223816983460681,0.2063968015992004,0.06462188606821208,0.169034147842403,0.10441226177419093,-0.01688008179866123,0.24287309496676107,0.19990004997501248,formal,正式,0.7066466766616691,0.7982372450138566,差异未达FDR显著
各逐题条件相对C03,相对C03,PHQ-8,DAIC-WOZ全量189人,Qwen3.7-Max,思考,8,动作或语速改变,3,C03：全文｜不规整｜逐条评分｜不清洗,16,C16：事件序列｜规整｜逐条评分｜清洗,189,是,是,0.0708228120881636,0.1845698581938819,0.11374704610571831,-0.006667535823061283,0.2455284555273915,0.14342828585707146,0.06462188606821208,0.1800052620709823,0.11538337600277022,0.003412305199254322,0.22805461021620707,0.13043478260869565,formal,正式,0.7066466766616691,0.7982372450138566,差异未达FDR显著
