量表,队列,模型,思考模式,条件编号,刺激条件,输入范围,规整状态,清洗状态,条目编号,条目名称,相关方法,总记录数n_total,符合主分析资格n_eligible,实际使用n_used,未使用n_missing或无效,AI预测9排除n_sentinel9,AI预测不同取值数,总分一致样本数（仅敏感性使用）,普通相关系数,普通95%CI下限,普通95%CI上限,普通解析P值（复现参照）,普通置换P值,校正相关系数,校正95%CI下限,校正95%CI上限,校正解析P值（复现参照）,校正置换P值,校正减普通相关变化,相关变化95%CI下限,相关变化95%CI上限,相对相关保留比例,可估计性代码,可估计性,校正总分规则,普通FDR校正q值,校正FDR校正q值,普通FDR结论,校正FDR结论,校正关联类型
HAMD-17,PDCH共同24人验证,GLM-5.2,不思考,3,C03：全文｜不规整｜逐条评分｜不清洗,全文,不规整,不清洗,1,抑郁情绪,Spearman秩相关,24,24,24,0,0,4,1,0.7436431822169829,0.4921807787137837,0.8914770804321531,3.119729856014594e-05,9.999000099990002e-05,0.59549773804163,0.2410800812443811,0.8554058025532085,0.0021397521368095207,0.0024997500249975004,-0.1481454441753529,-0.35375884258451057,-0.002771296774723806,0.8007842366903776,exploratory_only,探索性,金标准总分－对应金标准条目分；HAMD14金标准9视为无法评估且总分已不含该项,0.0011332200113322,0.014781130582593916,FDR显著,FDR显著,not_estimable
HAMD-17,PDCH共同24人验证,GLM-5.2,不思考,3,C03：全文｜不规整｜逐条评分｜不清洗,全文,不规整,不清洗,2,有罪感,Spearman秩相关,24,24,24,0,0,3,1,0.41287707647474264,0.03203186973722502,0.7118151666018635,0.04494407229081951,0.0448955104489551,0.33553077157592176,-0.07986489018419586,0.6722201850898692,0.10896266415092927,0.10788921107889211,-0.07734630489882088,-0.23225483910365569,0.04417451732917742,0.8126650538237076,exploratory_only,探索性,金标准总分－对应金标准条目分；HAMD14金标准9视为无法评估且总分已不含该项,0.06938397069383971,0.1650172061445541,FDR不显著,FDR不显著,not_estimable
HAMD-17,PDCH共同24人验证,GLM-5.2,不思考,3,C03：全文｜不规整｜逐条评分｜不清洗,全文,不规整,不清洗,3,自杀,Spearman秩相关,24,24,24,0,0,4,1,0.4901727629651677,0.13406695214085287,0.7718142439809024,0.015031708638959277,0.014998500149985002,0.32961374290946177,-0.08713228574999045,0.6646848951865559,0.11574359744832703,0.11498850114988501,-0.16055902005570594,-0.34176968868835544,-0.044494275869191295,0.6724440193607505,exploratory_only,探索性,金标准总分－对应金标准条目分；HAMD14金标准9视为无法评估且总分已不含该项,0.027197280271972803,0.17131330345226345,FDR显著,FDR不显著,not_estimable
HAMD-17,PDCH共同24人验证,GLM-5.2,不思考,3,C03：全文｜不规整｜逐条评分｜不清洗,全文,不规整,不清洗,4,入睡困难,Spearman秩相关,24,24,24,0,0,3,1,0.5801491354312616,0.15780758047275065,0.8505006301470809,0.0029605728502111214,0.004899510048995101,0.5513121704424616,0.14888695085772022,0.8380389856220827,0.0052316172354861,0.0057994200579942,-0.02883696498879995,-0.09214783833593711,0.0,0.9502938757852951,exploratory_only,探索性,金标准总分－对应金标准条目分；HAMD14金标准9视为无法评估且总分已不含该项,0.01074731236553764,0.0182345401823454,FDR显著,FDR显著,not_estimable
HAMD-17,PDCH共同24人验证,GLM-5.2,不思考,3,C03：全文｜不规整｜逐条评分｜不清洗,全文,不规整,不清洗,5,睡眠不深,Spearman秩相关,24,24,24,0,0,3,1,0.3696896951717038,-0.033805149576306356,0.703294143174524,0.07540004482478062,0.07339266073392661,0.21149446046816192,-0.25548511197956764,0.6083030225522884,0.32115971413350664,0.31626837316268375,-0.15819523470354188,-0.3234592453929933,-0.04092147565474617,0.5720864368965776,exploratory_only,探索性,金标准总分－对应金标准条目分；HAMD14金标准9视为无法评估且总分已不含该项,0.10290105010117545,0.3840401674118303,FDR不显著,FDR不显著,not_estimable
HAMD-17,PDCH共同24人验证,GLM-5.2,不思考,3,C03：全文｜不规整｜逐条评分｜不清洗,全文,不规整,不清洗,6,早醒,Spearman秩相关,24,24,24,0,0,3,1,0.3803501943707582,-0.11810888031466771,0.7291750291925387,0.06673361665771534,0.0680931906809319,0.3494523407357828,-0.14666154845674542,0.7027735902647383,0.09416661824800003,0.09429057094290572,-0.03089785363497538,-0.1328160040121592,0.033436864565790654,0.9187647223735694,exploratory_only,探索性,金标准总分－对应金标准条目分；HAMD14金标准9视为无法评估且总分已不含该项,0.09646535346465353,0.14911067032831601,FDR不显著,FDR不显著,not_estimable
HAMD-17,PDCH共同24人验证,GLM-5.2,不思考,3,C03：全文｜不规整｜逐条评分｜不清洗,全文,不规整,不清洗,7,工作和活动,Spearman秩相关,24,24,24,0,0,5,1,0.7541235312866506,0.4918711992531158,0.9117675897275492,2.0799441088638144e-05,0.00029997000299970003,0.6106090917911239,0.21697582123604695,0.8740846622081125,0.0015294755618682808,0.0027997200279972004,-0.14351443949552667,-0.34859019784263046,-0.014068314142504142,0.8096937258400239,exploratory_only,探索性,金标准总分－对应金标准条目分；HAMD14金标准9视为无法评估且总分已不含该项,0.0018543600185436002,0.01523047695230477,FDR显著,FDR显著,not_estimable
HAMD-17,PDCH共同24人验证,GLM-5.2,不思考,3,C03：全文｜不规整｜逐条评分｜不清洗,全文,不规整,不清洗,8,迟滞,Spearman秩相关,24,24,24,0,0,3,1,0.7140317626453581,0.4682437906509281,0.8626822963102099,8.907362941903911e-05,0.00029997000299970003,0.6645532110842073,0.3221584095991981,0.8450635159191577,0.0003969990868144388,0.0007999200079992001,-0.049478551561150774,-0.2073712525426077,0.05051475734641318,0.9307053913430381,exploratory_only,探索性,金标准总分－对应金标准条目分；HAMD14金标准9视为无法评估且总分已不含该项,0.0018543600185436002,0.00815918408159184,FDR显著,FDR显著,not_estimable
HAMD-17,PDCH共同24人验证,GLM-5.2,不思考,3,C03：全文｜不规整｜逐条评分｜不清洗,全文,不规整,不清洗,9,激越,Spearman秩相关,24,24,24,0,0,3,1,0.39063162971579013,-0.010722681360720363,0.6932906289116962,0.059118302679932316,0.064993500649935,0.38327170943399036,-0.03113183939881987,0.7039894968538166,0.06449730191367586,0.0658934106589341,-0.00735992028179977,-0.08761080392292675,0.06913300705072198,0.9811589238507015,exploratory_only,探索性,金标准总分－对应金标准条目分；HAMD14金标准9视为无法评估且总分已不含该项,0.09304332724622273,0.11201879812018797,FDR不显著,FDR不显著,not_estimable
HAMD-17,PDCH共同24人验证,GLM-5.2,不思考,3,C03：全文｜不规整｜逐条评分｜不清洗,全文,不规整,不清洗,10,精神性焦虑,Spearman秩相关,24,24,24,0,0,4,1,0.6600665852895982,0.33195414840208576,0.8440906366784844,0.00044859443458000303,0.0012998700129987,0.611016804379221,0.23993766207754555,0.8207663604096516,0.0015153303995758152,0.0021997800219978004,-0.04904978091037715,-0.1477509005937278,0.018300808662261314,0.9256896470696862,exploratory_only,探索性,金标准总分－对应金标准条目分；HAMD14金标准9视为无法评估且总分已不含该项,0.004777900588319547,0.01424619442817623,FDR显著,FDR显著,not_estimable
HAMD-17,PDCH共同24人验证,GLM-5.2,不思考,3,C03：全文｜不规整｜逐条评分｜不清洗,全文,不规整,不清洗,11,躯体性焦虑,Spearman秩相关,24,24,24,0,0,4,1,0.6604939493481464,0.33390117830381494,0.8384334753945583,0.0004434416825805096,0.0004999500049995,0.60363396361039,0.2641817373017138,0.8101826369480821,0.0017895542178754595,0.0033996600339966003,-0.05685998573775641,-0.19850220023382534,0.072634837518372,0.9139129347151892,exploratory_only,探索性,金标准总分－对应金标准条目分；HAMD14金标准9视为无法评估且总分已不含该项,0.0026151231030743078,0.01631836816318368,FDR显著,FDR显著,not_estimable
HAMD-17,PDCH共同24人验证,GLM-5.2,不思考,3,C03：全文｜不规整｜逐条评分｜不清洗,全文,不规整,不清洗,12,胃肠道症状,Spearman秩相关,24,24,24,0,0,3,1,0.29441042155011476,-0.09789013791602193,0.6354350497789103,0.16256611637884621,0.16778322167783222,0.25096634172642107,-0.17656325518716195,0.6206741056333995,0.23685134480327366,0.23917608239176083,-0.04344407982369369,-0.1112683096408126,-0.00022099850384898136,0.8524370177014994,exploratory_only,探索性,金标准总分－对应金标准条目分；HAMD14金标准9视为无法评估且总分已不含该项,0.20373676918022482,0.3127687231276873,FDR不显著,FDR不显著,not_estimable
HAMD-17,PDCH共同24人验证,GLM-5.2,不思考,3,C03：全文｜不规整｜逐条评分｜不清洗,全文,不规整,不清洗,13,全身症状,Spearman秩相关,24,24,24,0,0,3,1,0.5112169365188771,0.18190142471370066,0.7667834834689757,0.010676519680983295,0.011898810118988102,0.36896563383357056,-0.05362328222347219,0.6825621985552351,0.07601821113055277,0.07879212078792121,-0.14225130268530656,-0.3545628880488599,-0.012831134123079475,0.7217398475606768,exploratory_only,探索性,金标准总分－对应金标准条目分；HAMD14金标准9视为无法评估且总分已不含该项,0.02186808346192408,0.12910516177297932,FDR显著,FDR不显著,not_estimable
HAMD-17,PDCH共同24人验证,GLM-5.2,不思考,3,C03：全文｜不规整｜逐条评分｜不清洗,全文,不规整,不清洗,14,性症状,Spearman秩相关,24,11,11,13,13,3,1,0.8695427828248539,0.5590031504638138,0.9570202978345286,0.0005056632555954532,0.0013998600139986002,0.7602045506994217,0.28423316813555616,0.9375872052464562,0.006615044502485979,0.008399160083991601,-0.10933823212543214,-0.43416209720975374,0.0,0.8742577889379649,not_estimable,不可估计,金标准总分－对应金标准条目分；HAMD14金标准9视为无法评估且总分已不含该项,0.004881563125738709,0.023589477786915183,FDR显著,FDR显著,not_estimable
HAMD-17,PDCH共同24人验证,GLM-5.2,不思考,3,C03：全文｜不规整｜逐条评分｜不清洗,全文,不规整,不清洗,15,疑病,Spearman秩相关,24,24,24,0,0,3,1,0.05229128801703313,-0.41329625336735315,0.4808203024638429,0.8082655984890613,0.81001899810019,-0.021870517209176772,-0.5162951057401711,0.45885930139139686,0.9192049246938472,0.923007699230077,-0.07416180522620991,-0.19795353139035687,0.008516866067313599,-0.4182439951001545,exploratory_only,探索性,金标准总分－对应金标准条目分；HAMD14金标准9视为无法评估且总分已不含该项,0.81001899810019,0.9362915560295824,FDR不显著,FDR不显著,not_estimable
HAMD-17,PDCH共同24人验证,GLM-5.2,不思考,3,C03：全文｜不规整｜逐条评分｜不清洗,全文,不规整,不清洗,16,体重减轻,Spearman秩相关,24,24,24,0,0,3,1,0.40665877508452936,-0.06653243720474054,0.7366655772330929,0.04860539730595274,0.04789521047895211,0.36831763555399727,-0.07473481837549836,0.7184626494451681,0.07657469037600717,0.073992600739926,-0.03834113953053209,-0.13388408048974815,0.000595499443457212,0.9057166797333652,exploratory_only,探索性,金标准总分－对应金标准条目分；HAMD14金标准9视为无法评估且总分已不含该项,0.07237498472374984,0.12271943537353582,FDR不显著,FDR不显著,not_estimable
HAMD-17,PDCH共同24人验证,GLM-5.2,不思考,3,C03：全文｜不规整｜逐条评分｜不清洗,全文,不规整,不清洗,17,自知力,Spearman秩相关,24,24,24,0,0,3,1,0.22682658482900483,-0.2590373720076025,0.5958992812547244,0.2864829480158689,0.2853714628537146,0.19951549742052974,-0.3414836626045183,0.5968638576738304,0.3499487985741812,0.35536446355364465,-0.0273110874084751,-0.11468354799793645,0.03551190306607923,0.8795948568856521,exploratory_only,探索性,金标准总分－对应金标准条目分；HAMD14金标准9视为无法评估且总分已不含该项,0.3234209912342099,0.4166341986491007,FDR不显著,FDR不显著,not_estimable
HAMD-17,PDCH共同24人验证,GLM-5.2,不思考,4,C04：全文｜不规整｜逐条评分｜清洗,全文,不规整,清洗,1,抑郁情绪,Spearman秩相关,24,24,24,0,0,4,1,0.7314745942980608,0.47475906618142233,0.8946029192366873,4.879975413641884e-05,0.00029997000299970003,0.6224228834068171,0.27320851249336287,0.8553910688480965,0.0011624493834366083,0.0012998700129987,-0.10905171089124377,-0.2407657533994903,-0.015623529762319559,0.8509152447107309,exploratory_only,探索性,金标准总分－对应金标准条目分；HAMD14金标准9视为无法评估且总分已不含该项,0.0018543600185436002,0.0103989601039896,FDR显著,FDR显著,not_estimable
HAMD-17,PDCH共同24人验证,GLM-5.2,不思考,4,C04：全文｜不规整｜逐条评分｜清洗,全文,不规整,清洗,2,有罪感,Spearman秩相关,24,24,24,0,0,4,1,0.2734027716418921,-0.1300949409043892,0.6152401742990136,0.19611876244260268,0.20587941205879412,0.179055753673614,-0.2698240556127843,0.5674237092943988,0.4025028885865184,0.39286071392860716,-0.09434701796827807,-0.24570886062273203,0.032344351149901696,0.654915649165929,exploratory_only,探索性,金标准总分－对应金标准条目分；HAMD14金标准9视为无法评估且总分已不含该项,0.24137586241375864,0.4452421424524215,FDR不显著,FDR不显著,not_estimable
HAMD-17,PDCH共同24人验证,GLM-5.2,不思考,4,C04：全文｜不规整｜逐条评分｜清洗,全文,不规整,清洗,3,自杀,Spearman秩相关,24,24,24,0,0,5,1,0.5872441532515943,0.2823627506782902,0.7940157438627511,0.002552986292713692,0.0033996600339966003,0.3892542301300759,0.006647535409233306,0.7164330840776022,0.06009768896650135,0.064993500649935,-0.19798992312151842,-0.4001751916866891,-0.05024519941775926,0.6628490517525968,exploratory_only,探索性,金标准总分－对应金标准条目分；HAMD14金标准9视为无法评估且总分已不含该项,0.008256317225420315,0.11188754542267292,FDR显著,FDR不显著,not_estimable
HAMD-17,PDCH共同24人验证,GLM-5.2,不思考,4,C04：全文｜不规整｜逐条评分｜清洗,全文,不规整,清洗,4,入睡困难,Spearman秩相关,24,24,24,0,0,3,1,0.60548669368804,0.23638435743035033,0.8718795355601381,0.0017170419820218667,0.0021997800219978004,0.576915273536639,0.17136686100613163,0.8448226461598817,0.003163885147885585,0.0032996700329967,-0.028571420151401017,-0.09578004842557364,0.0,0.952812472265292,exploratory_only,探索性,金标准总分－对应金标准条目分；HAMD14金标准9视为无法评估且总分已不含该项,0.006648224066482241,0.01631836816318368,FDR显著,FDR显著,not_estimable
HAMD-17,PDCH共同24人验证,GLM-5.2,不思考,4,C04：全文｜不规整｜逐条评分｜清洗,全文,不规整,清洗,5,睡眠不深,Spearman秩相关,24,24,24,0,0,3,1,0.35667403605527787,-0.08173489468692938,0.7256886539681945,0.08710847895052772,0.09379062093790622,0.22130229821851052,-0.24480953221025242,0.6124104656091238,0.29869512070151555,0.29527047295270475,-0.13537173783676734,-0.2747642644642382,-0.028916363431115956,0.6204609134605267,exploratory_only,探索性,金标准总分－对应金标准条目分；HAMD14金标准9视为无法评估且总分已不含该项,0.12384004318014802,0.3690346561674108,FDR不显著,FDR不显著,not_estimable
HAMD-17,PDCH共同24人验证,GLM-5.2,不思考,4,C04：全文｜不规整｜逐条评分｜清洗,全文,不规整,清洗,6,早醒,Spearman秩相关,24,24,24,0,0,3,1,0.5644973471772889,0.19715142902668825,0.8059790253507316,0.0040580104087290635,0.0047995200479952005,0.5617651210996514,0.15927863540594442,0.8040911742065748,0.004280970968648731,0.0044995500449955,-0.0027322260776375673,-0.10750167131562617,0.09117457914545865,0.9951598956287399,exploratory_only,探索性,金标准总分－对应金标准条目分；HAMD14金标准9视为无法评估且总分已不含该项,0.010700569287333563,0.016998300169983,FDR显著,FDR显著,not_estimable
HAMD-17,PDCH共同24人验证,GLM-5.2,不思考,4,C04：全文｜不规整｜逐条评分｜清洗,全文,不规整,清洗,7,工作和活动,Spearman秩相关,24,24,24,0,0,5,1,0.6480203530408712,0.25128634707552155,0.8788374051066229,0.0006168214217130576,0.0011998800119988001,0.5695544230275716,0.15963693410971233,0.8476644181913942,0.0036711082587207967,0.004199580041995801,-0.0784659300132996,-0.2564244531907053,0.05505852915029161,0.8789144050104385,exploratory_only,探索性,金标准总分－对应金标准条目分；HAMD14金标准9视为无法评估且总分已不含该项,0.004662390903766767,0.016998300169983,FDR显著,FDR显著,not_estimable
HAMD-17,PDCH共同24人验证,GLM-5.2,不思考,4,C04：全文｜不规整｜逐条评分｜清洗,全文,不规整,清洗,8,迟滞,Spearman秩相关,24,24,24,0,0,3,1,0.7610565426415572,0.511146481446074,0.8925810206064263,1.573223252251717e-05,9.999000099990002e-05,0.7348137156577562,0.45023681256321085,0.8856789690890896,4.326449489889597e-05,0.00019998000199980003,-0.026242826983800982,-0.15087760955445859,0.06269331682577114,0.9655179010843077,exploratory_only,探索性,金标准总分－对应金标准条目分；HAMD14金标准9视为无法评估且总分已不含该项,0.0011332200113322,0.006799320067993201,FDR显著,FDR显著,not_estimable
HAMD-17,PDCH共同24人验证,GLM-5.2,不思考,4,C04：全文｜不规整｜逐条评分｜清洗,全文,不规整,清洗,9,激越,Spearman秩相关,24,24,24,0,0,3,1,0.5647163833638759,0.17957124272219432,0.8420934562287156,0.004040568176074204,0.004399560043995601,0.5560592117443062,0.15840498958072105,0.8307474803245861,0.0047800082924006814,0.004999500049995001,-0.008657171619569692,-0.08406850487753381,0.0678427651438203,0.9846698769955973,exploratory_only,探索性,金标准总分－对应金标准条目分；HAMD14金标准9视为无法评估且总分已不含该项,0.010316209758334511,0.01767823217678232,FDR显著,FDR显著,not_estimable
HAMD-17,PDCH共同24人验证,GLM-5.2,不思考,4,C04：全文｜不规整｜逐条评分｜清洗,全文,不规整,清洗,10,精神性焦虑,Spearman秩相关,24,24,24,0,0,4,1,0.6865871456809031,0.3635389373380774,0.878435628280076,0.0002113526191854494,0.0007999200079992001,0.6313427136053765,0.27339712471307503,0.8522924612372658,0.0009380120955923521,0.0015998400159984002,-0.05524443207552654,-0.161922910609862,0.011634866097193235,0.9195376254521348,exploratory_only,探索性,金标准总分－对应金标准条目分；HAMD14金标准9视为无法评估且总分已不含该项,0.00362630403626304,0.011451486430304338,FDR显著,FDR显著,not_estimable
HAMD-17,PDCH共同24人验证,GLM-5.2,不思考,4,C04：全文｜不规整｜逐条评分｜清洗,全文,不规整,清洗,11,躯体性焦虑,Spearman秩相关,24,24,24,0,0,4,1,0.7574523267066118,0.464081181612879,0.9053055980774465,1.8210561972186485e-05,9.999000099990002e-05,0.6580482871544395,0.2983258281613522,0.8693552567492537,0.0004736360943084328,0.0008999100089991,-0.09940403955217225,-0.27711223944164337,0.010407141064527127,0.8687652858835629,exploratory_only,探索性,金标准总分－对应金标准条目分；HAMD14金标准9视为无法评估且总分已不含该项,0.0011332200113322,0.00815918408159184,FDR显著,FDR显著,not_estimable
HAMD-17,PDCH共同24人验证,GLM-5.2,不思考,4,C04：全文｜不规整｜逐条评分｜清洗,全文,不规整,清洗,12,胃肠道症状,Spearman秩相关,24,24,24,0,0,3,1,0.2684423411442234,-0.10869400864274112,0.6017944713628015,0.2046826092830653,0.20567943205679431,0.17627507503849935,-0.2788367770763723,0.5628322747043873,0.40996861908902127,0.41145885411458855,-0.09216726610572404,-0.24617435422303366,-0.0008347496327288284,0.6566589841495748,exploratory_only,探索性,金标准总分－对应金标准条目分；HAMD14金标准9视为无法评估且总分已不含该项,0.24137586241375864,0.46246615007920694,FDR不显著,FDR不显著,not_estimable
HAMD-17,PDCH共同24人验证,GLM-5.2,不思考,4,C04：全文｜不规整｜逐条评分｜清洗,全文,不规整,清洗,13,全身症状,Spearman秩相关,24,24,24,0,0,3,1,0.6191913468247807,0.31761297068450106,0.8240437166350665,0.0012544107483423933,0.0023997600239976003,0.4811157147743242,0.0801570164087097,0.7465980191935498,0.017307675190695322,0.015598440155984402,-0.13807563205045653,-0.33810654867436396,-0.01958855704622989,0.7770065218796908,exploratory_only,探索性,金标准总分－对应金标准条目分；HAMD14金标准9视为无法评估且总分已不含该项,0.006660558433952524,0.03657565277954963,FDR显著,FDR显著,not_estimable
HAMD-17,PDCH共同24人验证,GLM-5.2,不思考,4,C04：全文｜不规整｜逐条评分｜清洗,全文,不规整,清洗,14,性症状,Spearman秩相关,24,13,13,11,11,3,1,0.7707531162649645,0.416949171113693,0.9203653948983829,0.0020432030355418997,0.0029997000299970002,0.6964045388766186,0.23603091178774507,0.8829319176803139,0.00818172490047637,0.0103989601039896,-0.07434857738834588,-0.2942055589312759,0.0,0.9035377531152442,not_estimable,不可估计,金标准总分－对应金标准条目分；HAMD14金标准9视为无法评估且总分已不含该项,0.0075548000755480006,0.027197280271972803,FDR显著,FDR显著,not_estimable
HAMD-17,PDCH共同24人验证,GLM-5.2,不思考,4,C04：全文｜不规整｜逐条评分｜清洗,全文,不规整,清洗,15,疑病,Spearman秩相关,24,24,24,0,0,3,1,0.08090836116611765,-0.3692537344670087,0.49875148381195916,0.7070463208565207,0.7073292670732927,-0.02015157437291609,-0.4994645689644277,0.3916475119432661,0.9255372122484803,0.9294070592940706,-0.10105993553903374,-0.24090153349585988,0.009688095871307886,-0.24906664876750778,exploratory_only,探索性,金标准总分－对应金标准条目分；HAMD14金标准9视为无法评估且总分已不含该项,0.7178864203131926,0.9362915560295824,FDR不显著,FDR不显著,not_estimable
HAMD-17,PDCH共同24人验证,GLM-5.2,不思考,4,C04：全文｜不规整｜逐条评分｜清洗,全文,不规整,清洗,16,体重减轻,Spearman秩相关,24,24,24,0,0,3,1,0.40665877508452936,-0.04440114848265235,0.7299703050523254,0.04860539730595274,0.047795220477952205,0.36831763555399727,-0.10778355328629374,0.7157392345952077,0.07657469037600717,0.08389161083891611,-0.03834113953053209,-0.1345886524279148,0.0006621468965633588,0.9057166797333652,exploratory_only,探索性,金标准总分－对应金标准条目分；HAMD14金标准9视为无法评估且总分已不含该项,0.07237498472374984,0.13582451278681656,FDR不显著,FDR不显著,not_estimable
HAMD-17,PDCH共同24人验证,GLM-5.2,不思考,4,C04：全文｜不规整｜逐条评分｜清洗,全文,不规整,清洗,17,自知力,Spearman秩相关,24,24,24,0,0,3,1,0.22682658482900483,-0.257230538677797,0.6161342518105551,0.2864829480158689,0.29217078292170784,0.19951549742052974,-0.33686080256161477,0.6103693753108519,0.3499487985741812,0.35266473352664734,-0.0273110874084751,-0.11315977161321125,0.031108379560415532,0.8795948568856521,exploratory_only,探索性,金标准总分－对应金标准条目分；HAMD14金标准9视为无法评估且总分已不含该项,0.32493010861515476,0.4166341986491007,FDR不显著,FDR不显著,not_estimable
HAMD-17,PDCH共同24人验证,GLM-5.2,不思考,7,C07：全文｜规整｜逐条评分｜不清洗,全文,规整,不清洗,1,抑郁情绪,Spearman秩相关,24,24,24,0,0,5,3,0.7832166864311417,0.5339964589529257,0.9232480552932801,6.034678316127171e-06,9.999000099990002e-05,0.6945900996381279,0.353776533400878,0.8908872425896099,0.0001658650261472544,0.00019998000199980003,-0.08862658679301383,-0.2113496274547235,-0.00408736442474221,0.886842826093433,exploratory_only,探索性,金标准总分－对应金标准条目分；HAMD14金标准9视为无法评估且总分已不含该项,0.0011332200113322,0.006799320067993201,FDR显著,FDR显著,not_estimable
HAMD-17,PDCH共同24人验证,GLM-5.2,不思考,7,C07：全文｜规整｜逐条评分｜不清洗,全文,规整,不清洗,2,有罪感,Spearman秩相关,24,24,24,0,0,4,3,0.40695126753960004,0.01689483263962694,0.7072742271824917,0.04842812273016974,0.04939506049395061,0.2760610082981799,-0.16601247235266076,0.6350649819789731,0.19163144079376968,0.19048095190480951,-0.13089025924142011,-0.28800401162593997,-0.022001455270122778,0.6783638000864973,exploratory_only,探索性,金标准总分－对应金标准条目分；HAMD14金标准9视为无法评估且总分已不含该项,0.07301878507801395,0.2515088296995543,FDR不显著,FDR不显著,not_estimable
HAMD-17,PDCH共同24人验证,GLM-5.2,不思考,7,C07：全文｜规整｜逐条评分｜不清洗,全文,规整,不清洗,3,自杀,Spearman秩相关,24,24,24,0,0,5,3,0.7282529320559291,0.4689260893590963,0.8899976697725047,5.472085269483585e-05,0.00019998000199980003,0.5545391084310166,0.17664242790398535,0.8264539276407186,0.004920910696724411,0.0051994800519948,-0.1737138236249125,-0.3872754718188218,-0.03673849564593641,0.7614649856135816,exploratory_only,探索性,金标准总分－对应金标准条目分；HAMD14金标准9视为无法评估且总分已不含该项,0.0016998300169983002,0.01767823217678232,FDR显著,FDR显著,not_estimable
HAMD-17,PDCH共同24人验证,GLM-5.2,不思考,7,C07：全文｜规整｜逐条评分｜不清洗,全文,规整,不清洗,4,入睡困难,Spearman秩相关,24,24,24,0,0,3,3,0.6595162734715524,0.3277903821011531,0.8652037295417121,0.00045530589372936594,0.0007999200079992001,0.6462898399722681,0.2989874547746304,0.8631482476235074,0.000644979212066596,0.0007999200079992001,-0.013226433499284318,-0.059287650754178904,0.008453028658472236,0.9799452507370846,exploratory_only,探索性,金标准总分－对应金标准条目分；HAMD14金标准9视为无法评估且总分已不含该项,0.00362630403626304,0.00815918408159184,FDR显著,FDR显著,not_estimable
HAMD-17,PDCH共同24人验证,GLM-5.2,不思考,7,C07：全文｜规整｜逐条评分｜不清洗,全文,规整,不清洗,5,睡眠不深,Spearman秩相关,24,24,24,0,0,3,3,0.33948975603870485,-0.10742440063422233,0.7068270543412459,0.10459174354377287,0.10338966103389662,0.21799590507043423,-0.2297603275805582,0.6407125071853484,0.30615652219917233,0.30156984301569845,-0.12149385096827062,-0.2649528319931245,-0.010666366840556581,0.6421280795452949,exploratory_only,探索性,金标准总分－对应金标准条目分；HAMD14金标准9视为无法评估且总分已不含该项,0.13391422762485658,0.3726762458889246,FDR不显著,FDR不显著,not_estimable
HAMD-17,PDCH共同24人验证,GLM-5.2,不思考,7,C07：全文｜规整｜逐条评分｜不清洗,全文,规整,不清洗,6,早醒,Spearman秩相关,24,24,24,0,0,3,3,0.46821336239847205,0.03295655868625255,0.755248417212781,0.021027440880268047,0.0198980101989801,0.4271782640556772,0.012657038252982315,0.7223706169673368,0.03734278041522085,0.037696230376962306,-0.04103509834279484,-0.14241076002546052,0.04253233723141086,0.9123581220907745,exploratory_only,探索性,金标准总分－对应金标准条目分；HAMD14金标准9视为无法评估且总分已不含该项,0.034693966500785815,0.0722068638206602,FDR显著,FDR不显著,not_estimable
HAMD-17,PDCH共同24人验证,GLM-5.2,不思考,7,C07：全文｜规整｜逐条评分｜不清洗,全文,规整,不清洗,7,工作和活动,Spearman秩相关,24,24,24,0,0,5,3,0.7464993266884508,0.5300847936093386,0.8942922730805722,2.798762955159443e-05,0.00019998000199980003,0.5653123468253483,0.20740550542097264,0.8371815196215833,0.003993430148816508,0.0044995500449955,-0.1811869798631025,-0.4179521754071644,-0.027045109497659408,0.7572844698107539,exploratory_only,探索性,金标准总分－对应金标准条目分；HAMD14金标准9视为无法评估且总分已不含该项,0.0016998300169983002,0.016998300169983,FDR显著,FDR显著,not_estimable
HAMD-17,PDCH共同24人验证,GLM-5.2,不思考,7,C07：全文｜规整｜逐条评分｜不清洗,全文,规整,不清洗,8,迟滞,Spearman秩相关,24,24,24,0,0,3,3,0.6763700552491817,0.3674005938721528,0.8654766488666716,0.00028495201500219983,0.00029997000299970003,0.6681177206258626,0.3534770623506369,0.8603578752196606,0.000359755357305911,0.00039996000399960006,-0.00825233462331909,-0.13335656623227035,0.08155230510187446,0.9877990834170226,exploratory_only,探索性,金标准总分－对应金标准条目分；HAMD14金标准9视为无法评估且总分已不含该项,0.0018543600185436002,0.00815918408159184,FDR显著,FDR显著,not_estimable
HAMD-17,PDCH共同24人验证,GLM-5.2,不思考,7,C07：全文｜规整｜逐条评分｜不清洗,全文,规整,不清洗,9,激越,Spearman秩相关,24,24,24,0,0,3,3,0.36463133082291527,-0.09831400639615501,0.7157505810523093,0.07979928949432248,0.08039196080391961,0.317591169581393,-0.17992584312278864,0.6793734580738616,0.13046251265936906,0.12758724127587243,-0.04704016124152227,-0.1377219279010949,0.01603822785461617,0.8709925416026097,exploratory_only,探索性,金标准总分－对应金标准条目分；HAMD14金标准9视为无法评估且总分已不含该项,0.11043744110437441,0.18459430652679415,FDR不显著,FDR不显著,not_estimable
HAMD-17,PDCH共同24人验证,GLM-5.2,不思考,7,C07：全文｜规整｜逐条评分｜不清洗,全文,规整,不清洗,10,精神性焦虑,Spearman秩相关,24,24,24,0,0,4,3,0.706746561060631,0.37690336004161784,0.9003101163432936,0.00011308566085721833,0.00039996000399960006,0.6555871635376475,0.32208532203388524,0.8741088936295506,0.0005058020132773818,0.0005999400059994001,-0.051159397522983596,-0.1506811660893273,0.019244256985534856,0.927612810105213,exploratory_only,探索性,金标准总分－对应金标准条目分；HAMD14金标准9视为无法评估且总分已不含该项,0.0022664400226644,0.00815918408159184,FDR显著,FDR显著,not_estimable
HAMD-17,PDCH共同24人验证,GLM-5.2,不思考,7,C07：全文｜规整｜逐条评分｜不清洗,全文,规整,不清洗,11,躯体性焦虑,Spearman秩相关,24,24,24,0,0,4,3,0.5663781320761186,0.171704582329821,0.8142684164958592,0.003910287051786622,0.005099490050994901,0.4135137696621532,-0.01070204511915329,0.7467260485082838,0.044581741065988376,0.046295370462953706,-0.15286436241396545,-0.33131630449105554,-0.025727618609735617,0.7301019341025314,exploratory_only,探索性,金标准总分－对应金标准条目分；HAMD14金标准9视为无法评估且总分已不含该项,0.011008422967227087,0.08394893843948939,FDR显著,FDR不显著,not_estimable
HAMD-17,PDCH共同24人验证,GLM-5.2,不思考,7,C07：全文｜规整｜逐条评分｜不清洗,全文,规整,不清洗,12,胃肠道症状,Spearman秩相关,24,24,24,0,0,3,3,0.33012399100180095,-0.10698885129991513,0.6685317895596273,0.11514699423456515,0.11328867113288671,0.2833048115635329,-0.15502653313470463,0.6459658290531117,0.17976128731101015,0.17738226177382263,-0.04681917943826808,-0.19334763208748482,0.07298383479338648,0.858176985876762,exploratory_only,探索性,金标准总分－对应金标准条目分；HAMD14金标准9视为无法评估且总分已不含该项,0.14399307732778124,0.23885136238851365,FDR不显著,FDR不显著,not_estimable
HAMD-17,PDCH共同24人验证,GLM-5.2,不思考,7,C07：全文｜规整｜逐条评分｜不清洗,全文,规整,不清洗,13,全身症状,Spearman秩相关,24,24,24,0,0,3,3,0.6613126068340124,0.3307210069392313,0.8565602823120342,0.0004337140963783788,0.0006999300069993001,0.5497340316178031,0.14571028860345578,0.8148101113187655,0.005389461257144393,0.005499450054994501,-0.11157857521620929,-0.28717722854054756,-0.0068728689928262135,0.8312771084912718,exploratory_only,探索性,金标准总分－对应金标准条目分；HAMD14金标准9视为无法评估且总分已不含该项,0.003525573368589067,0.0182345401823454,FDR显著,FDR显著,not_estimable
HAMD-17,PDCH共同24人验证,GLM-5.2,不思考,7,C07：全文｜规整｜逐条评分｜不清洗,全文,规整,不清洗,14,性症状,Spearman秩相关,24,17,17,7,7,3,3,0.6465629948378628,0.23642662801204897,0.8685470685673071,0.005035891495177559,0.0065993400659934,0.6102812539845445,0.19939560302048115,0.8536056082529689,0.009276229247650286,0.0115988401159884,-0.03628174085331837,-0.16032666058086242,0.0,0.9438852190072884,not_estimable,不可估计,金标准总分－对应金标准条目分；HAMD14金标准9视为无法评估且总分已不含该项,0.013007394912682645,0.028168611710257547,FDR显著,FDR显著,not_estimable
HAMD-17,PDCH共同24人验证,GLM-5.2,不思考,7,C07：全文｜规整｜逐条评分｜不清洗,全文,规整,不清洗,15,疑病,Spearman秩相关,24,24,24,0,0,4,3,0.21737424887936133,-0.2190077715434869,0.60440778798483,0.30757210137158913,0.3000699930006999,0.08349405408653372,-0.38670419281583995,0.5053296379213644,0.6981061112201142,0.6865313468653135,-0.1338801947928276,-0.314112458849707,-0.015655627134495174,0.3841027836414578,exploratory_only,探索性,金标准总分－对应金标准条目分；HAMD14金标准9视为无法评估且总分已不含该项,0.32897830216978297,0.7097876678497564,FDR不显著,FDR不显著,not_estimable
HAMD-17,PDCH共同24人验证,GLM-5.2,不思考,7,C07：全文｜规整｜逐条评分｜不清洗,全文,规整,不清洗,16,体重减轻,Spearman秩相关,24,24,24,0,0,3,3,0.3424729965910976,-0.08886225841826435,0.6956310562645106,0.10138462114638398,0.09759024097590241,0.3068276290186698,-0.102882483418451,0.6629844998830483,0.14474522669110207,0.13738626137386262,-0.03564536757242781,-0.11798751132590453,0.0005747840859786497,0.8959177280333512,exploratory_only,探索性,金标准总分－对应金标准条目分；HAMD14金标准9视为无法评估且总分已不含该项,0.12761800743002621,0.1946305369463054,FDR不显著,FDR不显著,not_estimable
HAMD-17,PDCH共同24人验证,GLM-5.2,不思考,7,C07：全文｜规整｜逐条评分｜不清洗,全文,规整,不清洗,17,自知力,Spearman秩相关,24,24,24,0,0,3,3,0.17115488138112614,-0.3223030758674034,0.5993826312102157,0.42391383642561653,0.4213578642135786,0.12841553479878978,-0.4103989442306108,0.5665681955829784,0.5498361619777727,0.5506449355064493,-0.04273934658233636,-0.12174049376817087,0.0,0.7502884741734899,exploratory_only,探索性,金标准总分－对应金标准条目分；HAMD14金标准9视为无法评估且总分已不含该项,0.4465413923723907,0.5991016898310169,FDR不显著,FDR不显著,not_estimable
HAMD-17,PDCH共同24人验证,GLM-5.2,不思考,8,C08：全文｜规整｜逐条评分｜清洗,全文,规整,清洗,1,抑郁情绪,Spearman秩相关,24,24,24,0,0,5,2,0.7137736338465019,0.45309813484902534,0.8760611126588269,8.984108722548229e-05,9.999000099990002e-05,0.5690501559787999,0.1930872692657822,0.8139948219228048,0.0037082336702847583,0.0051994800519948,-0.144723477867702,-0.3530982204367729,-0.024680400002475476,0.7972417710531109,exploratory_only,探索性,金标准总分－对应金标准条目分；HAMD14金标准9视为无法评估且总分已不含该项,0.0011332200113322,0.01767823217678232,FDR显著,FDR显著,not_estimable
HAMD-17,PDCH共同24人验证,GLM-5.2,不思考,8,C08：全文｜规整｜逐条评分｜清洗,全文,规整,清洗,2,有罪感,Spearman秩相关,24,24,24,0,0,3,2,0.2699759317817533,-0.11034039904628001,0.6190407595939952,0.20200842863070892,0.20357964203579643,0.13650933963002737,-0.28715386109190577,0.5541214467305232,0.524747631486707,0.5129487051294871,-0.1334665921517259,-0.29565993841029653,-0.023451080094553604,0.50563521988464,exploratory_only,探索性,金标准总分－对应金标准条目分；HAMD14金标准9视为无法评估且总分已不含该项,0.24137586241375864,0.5671627959155304,FDR不显著,FDR不显著,not_estimable
HAMD-17,PDCH共同24人验证,GLM-5.2,不思考,8,C08：全文｜规整｜逐条评分｜清洗,全文,规整,清洗,3,自杀,Spearman秩相关,24,24,24,0,0,3,2,0.6598778307174141,0.38315397104709314,0.8293958472514843,0.00045088671650600677,0.0010998900109989002,0.46854774010166356,0.08475803895903816,0.7525318422956929,0.020923484703886268,0.022997700229977002,-0.19133009061575057,-0.3953062339447852,-0.047599249581118164,0.7100522525393254,exploratory_only,探索性,金标准总分－对应金标准条目分；HAMD14金标准9视为无法评估且总分已不含该项,0.0045328800453288,0.04811826509656726,FDR显著,FDR显著,not_estimable
HAMD-17,PDCH共同24人验证,GLM-5.2,不思考,8,C08：全文｜规整｜逐条评分｜清洗,全文,规整,清洗,4,入睡困难,Spearman秩相关,24,24,24,0,0,3,2,0.5480623844939939,0.15125206855003714,0.8159124844018891,0.005560993837616176,0.007099290070992901,0.5249288167990648,0.11580806297918811,0.8138086032048801,0.008445128525921377,0.011498850114988501,-0.023133567694929136,-0.08260315149438098,0.005740012828379681,0.9577902655802815,exploratory_only,探索性,金标准总分－对应金标准条目分；HAMD14金标准9视为无法评估且总分已不含该项,0.01379290642364335,0.028168611710257547,FDR显著,FDR显著,not_estimable
HAMD-17,PDCH共同24人验证,GLM-5.2,不思考,8,C08：全文｜规整｜逐条评分｜清洗,全文,规整,清洗,5,睡眠不深,Spearman秩相关,24,24,24,0,0,3,2,0.3593833057113648,-0.011342693945685942,0.6636285970045858,0.08456562803928834,0.08309169083091691,0.22197703940132824,-0.1910130554060515,0.5976024891581139,0.2971864538561829,0.2957704229577042,-0.13740626631003655,-0.2938889038700981,-0.017183231692868606,0.6176609649742799,exploratory_only,探索性,金标准总分－对应金标准条目分；HAMD14金标准9视为无法评估且总分已不含该项,0.113004699530047,0.3690346561674108,FDR不显著,FDR不显著,not_estimable
HAMD-17,PDCH共同24人验证,GLM-5.2,不思考,8,C08：全文｜规整｜逐条评分｜清洗,全文,规整,清洗,6,早醒,Spearman秩相关,24,24,24,0,0,3,2,0.32030443967565836,-0.08901005800175743,0.6462366433720335,0.1270285615605165,0.1292870712928707,0.33897546459478844,-0.07162982079205676,0.6571372071399627,0.10515211183160866,0.10328967103289671,0.018671024919130086,-0.10292989921875134,0.13028011586416596,1.0582914958594907,exploratory_only,探索性,金标准总分－对应金标准条目分；HAMD14金标准9视为无法评估且总分已不含该项,0.15984583359845833,0.16146431333878108,FDR不显著,FDR不显著,not_estimable
HAMD-17,PDCH共同24人验证,GLM-5.2,不思考,8,C08：全文｜规整｜逐条评分｜清洗,全文,规整,清洗,7,工作和活动,Spearman秩相关,24,24,24,0,0,5,2,0.7076848242281741,0.46281070329981033,0.8743101040854575,0.00010970567143102587,9.999000099990002e-05,0.5365763404116013,0.14589817891511178,0.8323787414588053,0.006867755381257887,0.006399360063993601,-0.17110848381657284,-0.411209356946518,-0.011319589654134423,0.758213716108453,exploratory_only,探索性,金标准总分－对应金标准条目分；HAMD14金标准9视为无法评估且总分已不含该项,0.0011332200113322,0.01934028819340288,FDR显著,FDR显著,not_estimable
HAMD-17,PDCH共同24人验证,GLM-5.2,不思考,8,C08：全文｜规整｜逐条评分｜清洗,全文,规整,清洗,8,迟滞,Spearman秩相关,24,24,24,0,0,4,2,0.5754318833764813,0.18937219970828084,0.8350505182982323,0.0032610263564857786,0.0035996400359964,0.626309950273687,0.31714045108127176,0.8501689150947173,0.0010595487171083573,0.0018998100189981002,0.05087806689720564,-0.05474129051659227,0.1720091820599502,1.0884171843219161,exploratory_only,探索性,金标准总分－对应金标准条目分；HAMD14金标准9视为无法评估且总分已不含该项,0.008588614822728253,0.012918708129187082,FDR显著,FDR显著,not_estimable
HAMD-17,PDCH共同24人验证,GLM-5.2,不思考,8,C08：全文｜规整｜逐条评分｜清洗,全文,规整,清洗,9,激越,Spearman秩相关,24,24,24,0,0,4,2,0.46984204904106763,0.1035888802290002,0.7558074989446658,0.020525006955259523,0.020897910208979104,0.4450766212447578,0.039969309098987396,0.7441312918514222,0.029303219905707525,0.029897010298970104,-0.024765427796309858,-0.10363338821677859,0.03329797119656583,0.9472898863631825,exploratory_only,探索性,金标准总分－对应金标准条目分；HAMD14金标准9视为无法评估且总分已不含该项,0.035759387024260535,0.060686468666566185,FDR显著,FDR不显著,not_estimable
HAMD-17,PDCH共同24人验证,GLM-5.2,不思考,8,C08：全文｜规整｜逐条评分｜清洗,全文,规整,清洗,10,精神性焦虑,Spearman秩相关,24,24,24,0,0,4,2,0.7637222115766078,0.5307846625010697,0.9042278549672395,1.409598649479886e-05,9.999000099990002e-05,0.7303775077010479,0.4166362588009907,0.9026120128425161,5.074950394265178e-05,0.00019998000199980003,-0.03334470387555988,-0.14923728757404017,0.04433294377697571,0.9563392246943768,exploratory_only,探索性,金标准总分－对应金标准条目分；HAMD14金标准9视为无法评估且总分已不含该项,0.0011332200113322,0.006799320067993201,FDR显著,FDR显著,not_estimable
HAMD-17,PDCH共同24人验证,GLM-5.2,不思考,8,C08：全文｜规整｜逐条评分｜清洗,全文,规整,清洗,11,躯体性焦虑,Spearman秩相关,24,24,24,0,0,5,2,0.7343506341266377,0.41097424096346885,0.9011514513796802,4.399753618214878e-05,9.999000099990002e-05,0.629669422643796,0.26244345462757335,0.855767697387329,0.0009770157223324887,0.0008999100089991,-0.10468121148284171,-0.26937562539402693,0.002741045991840466,0.8574506419439006,exploratory_only,探索性,金标准总分－对应金标准条目分；HAMD14金标准9视为无法评估且总分已不含该项,0.0011332200113322,0.00815918408159184,FDR显著,FDR显著,not_estimable
HAMD-17,PDCH共同24人验证,GLM-5.2,不思考,8,C08：全文｜规整｜逐条评分｜清洗,全文,规整,清洗,12,胃肠道症状,Spearman秩相关,24,24,24,0,0,3,2,0.21056363940030548,-0.22660260597224818,0.5834623935017333,0.323343649705747,0.31816818318168183,0.11333382756380271,-0.34836006789382357,0.5176694243131083,0.5979960722193854,0.5974402559744025,-0.09722981183650277,-0.23414221010255143,-0.012950234610484028,0.5382402578459531,exploratory_only,探索性,金标准总分－对应金标准条目分；HAMD14金标准9视为无法评估且总分已不含该项,0.3434196262913391,0.6448561493057043,FDR不显著,FDR不显著,not_estimable
HAMD-17,PDCH共同24人验证,GLM-5.2,不思考,8,C08：全文｜规整｜逐条评分｜清洗,全文,规整,清洗,13,全身症状,Spearman秩相关,24,24,24,0,0,3,2,0.6025178553119356,0.2733440480252596,0.8225127222434614,0.0018344852413887285,0.0025997400259974,0.4864239897316009,0.08702301649178087,0.7919123135849141,0.015942053803384263,0.018998100189981004,-0.11609386558033469,-0.28334580869557296,-0.012314864238843405,0.8073187963529636,exploratory_only,探索性,金标准总分－对应金标准条目分；HAMD14金标准9视为无法评估且总分已不含该项,0.007071292870712929,0.04100839916008399,FDR显著,FDR显著,not_estimable
HAMD-17,PDCH共同24人验证,GLM-5.2,不思考,8,C08：全文｜规整｜逐条评分｜清洗,全文,规整,清洗,14,性症状,Spearman秩相关,24,17,17,7,7,3,2,0.5678923631385715,0.16153287458659024,0.8207987694331782,0.017403853610721446,0.0212978702129787,0.5188393507740746,0.10648641726363899,0.799730233500069,0.032840251954365324,0.0362963703629637,-0.049053012364496884,-0.17437795263429087,0.0,0.9136226941080955,not_estimable,不可估计,金标准总分－对应金标准条目分；HAMD14金标准9视为无法评估且总分已不含该项,0.035759387024260535,0.07154067201975454,FDR显著,FDR不显著,not_estimable
HAMD-17,PDCH共同24人验证,GLM-5.2,不思考,8,C08：全文｜规整｜逐条评分｜清洗,全文,规整,清洗,15,疑病,Spearman秩相关,24,24,24,0,0,3,2,0.09205133121791355,-0.3370640306828726,0.5046252863904642,0.6688010412701337,0.6714328567143286,-0.013267352742324007,-0.47145069758193486,0.4082702834174222,0.9509377528342216,0.9559044095590441,-0.10531868396023755,-0.25664428357500507,-0.009526734730938515,-0.14412993888068976,exploratory_only,探索性,金标准总分－对应金标准条目分；HAMD14金标准9视为无法评估且总分已不含该项,0.6865779587454789,0.955904409559044,FDR不显著,FDR不显著,not_estimable
HAMD-17,PDCH共同24人验证,GLM-5.2,不思考,8,C08：全文｜规整｜逐条评分｜清洗,全文,规整,清洗,16,体重减轻,Spearman秩相关,24,24,24,0,0,3,2,0.2403658244213816,-0.21520374536897735,0.6320513791189152,0.2578990375115231,0.25537446255374463,0.21286409024989872,-0.2244419925372176,0.6056747215292472,0.3179625599934833,0.32256774322567744,-0.027501734171482883,-0.1008017834729869,0.0015989544950390689,0.8855838418889783,exploratory_only,探索性,金标准总分－对应金标准条目分；HAMD14金标准9视为无法评估且总分已不含该项,0.29684552912230144,0.38822312459019587,FDR不显著,FDR不显著,not_estimable
HAMD-17,PDCH共同24人验证,GLM-5.2,不思考,8,C08：全文｜规整｜逐条评分｜清洗,全文,规整,清洗,17,自知力,Spearman秩相关,24,24,24,0,0,3,2,-0.12038921787956583,-0.6265583516859531,0.36953841999372394,0.5752447508405553,0.5697430256974303,-0.15955424840261867,-0.6341116845760817,0.33871356592740065,0.45644322681301325,0.459054094590541,-0.03916503052305284,-0.1105611888595177,0.0,,exploratory_only,探索性,金标准总分－对应金标准条目分；HAMD14金标准9视为无法评估且总分已不含该项,0.5870079658700798,0.5117324333140456,FDR不显著,FDR不显著,not_estimable
HAMD-17,PDCH共同24人验证,GLM-5.2,不思考,11,C11：事件序列｜不规整｜逐条评分｜不清洗,事件序列,不规整,不清洗,1,抑郁情绪,Spearman秩相关,24,24,24,0,0,5,5,0.756298805836962,0.49980697724919654,0.9083734031925461,1.9073472123889403e-05,9.999000099990002e-05,0.6403281910423032,0.28814447300602863,0.8686429243494078,0.0007506499919338414,0.0004999500049995,-0.11597061479465876,-0.27350836852282345,-0.006169779683552258,0.8466603227459558,exploratory_only,探索性,金标准总分－对应金标准条目分；HAMD14金标准9视为无法评估且总分已不含该项,0.0011332200113322,0.00815918408159184,FDR显著,FDR显著,not_estimable
HAMD-17,PDCH共同24人验证,GLM-5.2,不思考,11,C11：事件序列｜不规整｜逐条评分｜不清洗,事件序列,不规整,不清洗,2,有罪感,Spearman秩相关,24,24,24,0,0,4,5,0.398613864163625,0.0227181582585784,0.6944876343944366,0.05368286898749582,0.05319468053194681,0.3186354886809805,-0.10573016610121244,0.674783631771791,0.1291329734984448,0.125987401259874,-0.07997837548264447,-0.23538337846517424,0.046158537139310556,0.7993587713000003,exploratory_only,探索性,金标准总分－对应金标准条目分；HAMD14金标准9视为无法评估且总分已不含该项,0.07696251651430601,0.1842396405520738,FDR不显著,FDR不显著,not_estimable
HAMD-17,PDCH共同24人验证,GLM-5.2,不思考,11,C11：事件序列｜不规整｜逐条评分｜不清洗,事件序列,不规整,不清洗,3,自杀,Spearman秩相关,24,24,24,0,0,5,5,0.5153652552913037,0.18464686210270956,0.7387694439506742,0.009955322992092838,0.008999100089991,0.30676454788896235,-0.10710734547742981,0.6501174027210689,0.1448320838663943,0.141985801419858,-0.20860070740234138,-0.4073099268260989,-0.05903402462957135,0.5952371541142554,exploratory_only,探索性,金标准总分－对应金标准条目分；HAMD14金标准9视为无法评估且总分已不含该项,0.01695172948458579,0.1990728762175329,FDR显著,FDR不显著,not_estimable
HAMD-17,PDCH共同24人验证,GLM-5.2,不思考,11,C11：事件序列｜不规整｜逐条评分｜不清洗,事件序列,不规整,不清洗,4,入睡困难,Spearman秩相关,24,24,24,0,0,3,5,0.60548669368804,0.22690200450474624,0.875678264759002,0.0017170419820218667,0.0027997200279972004,0.576915273536639,0.1790761035419601,0.8566525485073815,0.003163885147885585,0.0035996400359964,-0.028571420151401017,-0.09563141646135913,0.0,0.952812472265292,exploratory_only,探索性,金标准总分－对应金标准条目分；HAMD14金标准9视为无法评估且总分已不含该项,0.007184187241653194,0.01631836816318368,FDR显著,FDR显著,not_estimable
HAMD-17,PDCH共同24人验证,GLM-5.2,不思考,11,C11：事件序列｜不规整｜逐条评分｜不清洗,事件序列,不规整,不清洗,5,睡眠不深,Spearman秩相关,24,24,24,0,0,3,5,0.2701133315293915,-0.17987805643888946,0.6482680031083837,0.20177000089713376,0.20577942205779423,0.13238726643257484,-0.3106435332865593,0.5631747020075878,0.5374564935037774,0.5298470152984701,-0.13772606509681665,-0.2794600960867296,-0.020397992303977274,0.4901174839575423,exploratory_only,探索性,金标准总分－对应金标准条目分；HAMD14金标准9视为无法评估且总分已不含该项,0.24137586241375864,0.5811225329079995,FDR不显著,FDR不显著,not_estimable
HAMD-17,PDCH共同24人验证,GLM-5.2,不思考,11,C11：事件序列｜不规整｜逐条评分｜不清洗,事件序列,不规整,不清洗,6,早醒,Spearman秩相关,24,24,24,0,0,3,5,0.4697685553685838,0.06505317411032951,0.7460353043373888,0.020547467474520513,0.0230976902309769,0.4377665287950665,0.04548194433369837,0.7263197993393162,0.03240044779183615,0.037396260373962605,-0.032002026573517306,-0.1341094681226914,0.041707410530272444,0.9318770356002047,exploratory_only,探索性,金标准总分－对应金标准条目分；HAMD14金标准9视为无法评估且总分已不含该项,0.038308364285522666,0.0722068638206602,FDR显著,FDR不显著,not_estimable
HAMD-17,PDCH共同24人验证,GLM-5.2,不思考,11,C11：事件序列｜不规整｜逐条评分｜不清洗,事件序列,不规整,不清洗,7,工作和活动,Spearman秩相关,24,24,24,0,0,5,5,0.61834312250875,0.2974162146698985,0.8461036311831726,0.001279557343326998,0.0013998600139986002,0.5157340101504139,0.1260962929162524,0.8023262997900453,0.00989321455718249,0.0103989601039896,-0.10260911235833614,-0.300981185169542,0.059220974633689465,0.8340579710144926,exploratory_only,探索性,金标准总分－对应金标准条目分；HAMD14金标准9视为无法评估且总分已不含该项,0.004881563125738709,0.027197280271972803,FDR显著,FDR显著,not_estimable
HAMD-17,PDCH共同24人验证,GLM-5.2,不思考,11,C11：事件序列｜不规整｜逐条评分｜不清洗,事件序列,不规整,不清洗,8,迟滞,Spearman秩相关,24,24,24,0,0,3,5,0.6274328135557938,0.3195806269198843,0.8289242832338436,0.0010313213342774956,0.001999800019998,0.5700754488970188,0.20494153214524158,0.8174192215005062,0.003633079147258222,0.005699430056994301,-0.057357364658775056,-0.2366398916590419,0.07458183315887236,0.9085840532730209,exploratory_only,探索性,金标准总分－对应金标准条目分；HAMD14金标准9视为无法评估且总分已不含该项,0.006475542921898286,0.0182345401823454,FDR显著,FDR显著,not_estimable
HAMD-17,PDCH共同24人验证,GLM-5.2,不思考,11,C11：事件序列｜不规整｜逐条评分｜不清洗,事件序列,不规整,不清洗,9,激越,Spearman秩相关,24,24,24,0,0,3,5,0.3355317330712526,-0.08247544078946435,0.6732490066042272,0.10896158656662186,0.10888911108889111,0.339542002734898,-0.059249811009561726,0.6752505114675778,0.10453493950198704,0.10798920107989202,0.004010269663645372,-0.08686488698674509,0.09358620090747466,1.0119519832802037,exploratory_only,探索性,金标准总分－对应金标准条目分；HAMD14金标准9视为无法评估且总分已不含该项,0.13970678403857728,0.1650172061445541,FDR不显著,FDR不显著,not_estimable
HAMD-17,PDCH共同24人验证,GLM-5.2,不思考,11,C11：事件序列｜不规整｜逐条评分｜不清洗,事件序列,不规整,不清洗,10,精神性焦虑,Spearman秩相关,24,24,24,0,0,4,5,0.699811684486202,0.3792449864475985,0.8651987758387477,0.0001410218957111316,9.999000099990002e-05,0.6440405264769237,0.3031960385152653,0.84521515260075,0.000683231939604096,0.0011998800119988001,-0.05577115800927834,-0.1625667363871563,0.005621322712076143,0.9203054775368245,exploratory_only,探索性,金标准总分－对应金标准条目分；HAMD14金标准9视为无法评估且总分已不含该项,0.0011332200113322,0.010198980101989802,FDR显著,FDR显著,not_estimable
HAMD-17,PDCH共同24人验证,GLM-5.2,不思考,11,C11：事件序列｜不规整｜逐条评分｜不清洗,事件序列,不规整,不清洗,11,躯体性焦虑,Spearman秩相关,24,24,24,0,0,4,5,0.7349000683565913,0.45590821836659234,0.8909027391685486,4.312899656627873e-05,0.00019998000199980003,0.681858962532027,0.361843907908757,0.881876697004722,0.00024304379036709742,0.00039996000399960006,-0.05304110582456423,-0.19067898362750288,0.06486837282137528,0.9278254172119258,exploratory_only,探索性,金标准总分－对应金标准条目分；HAMD14金标准9视为无法评估且总分已不含该项,0.0016998300169983002,0.00815918408159184,FDR显著,FDR显著,not_estimable
HAMD-17,PDCH共同24人验证,GLM-5.2,不思考,11,C11：事件序列｜不规整｜逐条评分｜不清洗,事件序列,不规整,不清洗,12,胃肠道症状,Spearman秩相关,24,24,24,0,0,3,5,0.17062247297424823,-0.2732681340559827,0.5401749932514077,0.42537853180982865,0.42355764423557646,0.09191242873327518,-0.34165625091059293,0.4887362633164626,0.6692731341079197,0.6628337166283371,-0.07871004424097305,-0.16669902136413678,-0.014782770873359313,0.5386888792026088,exploratory_only,探索性,金标准总分－对应金标准条目分；HAMD14金标准9视为无法评估且总分已不含该项,0.4465413923723907,0.703545149361033,FDR不显著,FDR不显著,not_estimable
HAMD-17,PDCH共同24人验证,GLM-5.2,不思考,11,C11：事件序列｜不规整｜逐条评分｜不清洗,事件序列,不规整,不清洗,13,全身症状,Spearman秩相关,24,24,24,0,0,3,5,0.6354230398024543,0.34026402071907114,0.8363125009328424,0.0008484691209037826,0.0004999500049995,0.5054578789146918,0.09623271476217207,0.7815876724567139,0.01174880748384412,0.013098690130986902,-0.12996516088776244,-0.34085441927185406,-0.009815629281479126,0.7954667162711521,exploratory_only,探索性,金标准总分－对应金标准条目分；HAMD14金标准9视为无法评估且总分已不含该项,0.0026151231030743078,0.03125301504937226,FDR显著,FDR显著,not_estimable
HAMD-17,PDCH共同24人验证,GLM-5.2,不思考,11,C11：事件序列｜不规整｜逐条评分｜不清洗,事件序列,不规整,不清洗,14,性症状,Spearman秩相关,24,16,16,8,8,3,5,0.6471089552772393,0.14756276305581295,0.8860902187174986,0.006736405591895551,0.0081991800819918,0.5874080520256508,-0.02344088244012273,0.8719565484711346,0.016730360530840135,0.018098190180981903,-0.0597009032515885,-0.23464967916616264,0.0,0.9077421155050914,not_estimable,不可估计,金标准总分－对应金标准条目分；HAMD14金标准9视为无法评估且总分已不含该项,0.01570547170635049,0.0407959204079592,FDR显著,FDR显著,not_estimable
HAMD-17,PDCH共同24人验证,GLM-5.2,不思考,11,C11：事件序列｜不规整｜逐条评分｜不清洗,事件序列,不规整,不清洗,15,疑病,Spearman秩相关,24,24,24,0,0,4,5,0.17261236819521167,-0.32659544460960016,0.5608022875983893,0.41991824758985286,0.414958504149585,0.09237134865662225,-0.391300555724764,0.5321198653299247,0.6677138501611211,0.6673332666733327,-0.08024101953858942,-0.19067019634845542,-0.005612018401215579,0.5351374853519023,exploratory_only,探索性,金标准总分－对应金标准条目分；HAMD14金标准9视为无法评估且总分已不含该项,0.44436501231766584,0.703545149361033,FDR不显著,FDR不显著,not_estimable
HAMD-17,PDCH共同24人验证,GLM-5.2,不思考,11,C11：事件序列｜不规整｜逐条评分｜不清洗,事件序列,不规整,不清洗,16,体重减轻,Spearman秩相关,24,24,24,0,0,3,5,0.23901232409906686,-0.21593993470795889,0.6279118597519829,0.2606705472877464,0.2616738326167383,0.18822025267225465,-0.2889743319979977,0.58067708476298,0.3784408862823251,0.38636136386361364,-0.05079207142681222,-0.14754309656490103,0.0,0.787491830731876,exploratory_only,探索性,金标准总分－对应金标准条目分；HAMD14金标准9视为无法评估且总分已不含该项,0.30159017996505433,0.44155584441555845,FDR不显著,FDR不显著,not_estimable
HAMD-17,PDCH共同24人验证,GLM-5.2,不思考,11,C11：事件序列｜不规整｜逐条评分｜不清洗,事件序列,不规整,不清洗,17,自知力,Spearman秩相关,24,24,24,0,0,3,5,0.22682658482900483,-0.27723896266309006,0.6057741143616399,0.2864829480158689,0.29177082291770823,0.19951549742052974,-0.3303529471575536,0.6225987000358867,0.3499487985741812,0.35066493350664935,-0.0273110874084751,-0.11066869972392564,0.03560434644975539,0.8795948568856521,exploratory_only,探索性,金标准总分－对应金标准条目分；HAMD14金标准9视为无法评估且总分已不含该项,0.32493010861515476,0.4166341986491007,FDR不显著,FDR不显著,not_estimable
HAMD-17,PDCH共同24人验证,GLM-5.2,不思考,12,C12：事件序列｜不规整｜逐条评分｜清洗,事件序列,不规整,清洗,1,抑郁情绪,Spearman秩相关,24,24,24,0,0,4,5,0.7503175569429249,0.48846438858155883,0.8996901359324682,2.415291972889746e-05,0.00029997000299970003,0.6350573207314035,0.2988771635744428,0.8436902294213534,0.0008561826277641663,0.0006999300069993001,-0.11526023621152137,-0.2789137529452684,-0.014849029950542767,0.8463847271798692,exploratory_only,探索性,金标准总分－对应金标准条目分；HAMD14金标准9视为无法评估且总分已不含该项,0.0018543600185436002,0.00815918408159184,FDR显著,FDR显著,not_estimable
HAMD-17,PDCH共同24人验证,GLM-5.2,不思考,12,C12：事件序列｜不规整｜逐条评分｜清洗,事件序列,不规整,清洗,2,有罪感,Spearman秩相关,24,24,24,0,0,3,5,0.41287707647474264,0.042626930678162984,0.7071047579806887,0.04494407229081951,0.05019498050194981,0.33553077157592176,-0.08213427326745,0.665755987294196,0.10896266415092927,0.11098890110988902,-0.07734630489882088,-0.22204181313225696,0.04802712378473914,0.8126650538237076,exploratory_only,探索性,金标准总分－对应金标准条目分；HAMD14金标准9视为无法评估且总分已不含该项,0.07340341234693736,0.16771656167716562,FDR不显著,FDR不显著,not_estimable
HAMD-17,PDCH共同24人验证,GLM-5.2,不思考,12,C12：事件序列｜不规整｜逐条评分｜清洗,事件序列,不规整,清洗,3,自杀,Spearman秩相关,24,24,24,0,0,4,5,0.5956042416213592,0.2991479481375907,0.7743932036877524,0.002134816685856372,0.0021997800219978004,0.39080071302925434,0.0018401297536466293,0.7029476418415979,0.058998931284444084,0.05649435056494351,-0.20480352859210482,-0.40187433576504855,-0.04949417981191107,0.6561415881885145,exploratory_only,探索性,金标准总分－对应金标准条目分；HAMD14金标准9视为无法评估且总分已不含该项,0.006648224066482241,0.09978222956925088,FDR显著,FDR不显著,not_estimable
HAMD-17,PDCH共同24人验证,GLM-5.2,不思考,12,C12：事件序列｜不规整｜逐条评分｜清洗,事件序列,不规整,清洗,4,入睡困难,Spearman秩相关,24,24,24,0,0,3,5,0.5772900094231558,0.19507208962258452,0.853151413696629,0.0031397364820006666,0.0032996700329967,0.5487248143925426,0.15610537131824745,0.8307758746496033,0.005492480685511717,0.0058994100589941,-0.028565195030613166,-0.09339375169640823,0.0,0.9505184663438809,exploratory_only,探索性,金标准总分－对应金标准条目分；HAMD14金标准9视为无法评估且总分已不含该项,0.00815918408159184,0.0182345401823454,FDR显著,FDR显著,not_estimable
HAMD-17,PDCH共同24人验证,GLM-5.2,不思考,12,C12：事件序列｜不规整｜逐条评分｜清洗,事件序列,不规整,清洗,5,睡眠不深,Spearman秩相关,24,24,24,0,0,3,5,0.35667403605527787,-0.07136872503512946,0.7049573100718659,0.08710847895052772,0.08639136086391361,0.22130229821851052,-0.24605855643662236,0.6179555943759574,0.29869512070151555,0.30416958304169583,-0.13537173783676734,-0.2676910471535894,-0.02659691945352514,0.6204609134605267,exploratory_only,探索性,金标准总分－对应金标准条目分；HAMD14金标准9视为无法评估且总分已不含该项,0.1163289611632896,0.3726762458889246,FDR不显著,FDR不显著,not_estimable
HAMD-17,PDCH共同24人验证,GLM-5.2,不思考,12,C12：事件序列｜不规整｜逐条评分｜清洗,事件序列,不规整,清洗,6,早醒,Spearman秩相关,24,24,24,0,0,3,5,0.5552691980059962,0.17086752500855337,0.8014698770346593,0.004852807470226092,0.0059994000599940004,0.5441472162885762,0.13573572658567223,0.7922722543137061,0.005980720059398659,0.0065993400659934,-0.01112198171741996,-0.12143015640590185,0.07206919627846668,0.9799701086295447,exploratory_only,探索性,金标准总分－对应金标准条目分；HAMD14金标准9视为无法评估且总分已不含该项,0.012177886688943046,0.019511092369023965,FDR显著,FDR显著,not_estimable
HAMD-17,PDCH共同24人验证,GLM-5.2,不思考,12,C12：事件序列｜不规整｜逐条评分｜清洗,事件序列,不规整,清洗,7,工作和活动,Spearman秩相关,24,24,24,0,0,5,5,0.5913243389839125,0.21435173969254945,0.8575305052992114,0.0023409518481332515,0.0026997300269973002,0.5188943953010139,0.05949493857290681,0.8449626179699211,0.009373953320661162,0.0110988901109889,-0.07242994368289857,-0.24305943237913263,0.06012911635728184,0.8775123246113008,exploratory_only,探索性,金标准总分－对应金标准条目分；HAMD14金标准9视为无法评估且总分已不含该项,0.007184187241653194,0.028168611710257547,FDR显著,FDR显著,not_estimable
HAMD-17,PDCH共同24人验证,GLM-5.2,不思考,12,C12：事件序列｜不规整｜逐条评分｜清洗,事件序列,不规整,清洗,8,迟滞,Spearman秩相关,24,24,24,0,0,3,5,0.6415721169213777,0.37510677949838267,0.830002552661584,0.0007274480277337247,0.0007999200079992001,0.593786041319144,0.24354687045651233,0.8344813867656605,0.002220416110867459,0.0034996500349965005,-0.04778607560223369,-0.22465843001556024,0.08332640329751505,0.9255172188100411,exploratory_only,探索性,金标准总分－对应金标准条目分；HAMD14金标准9视为无法评估且总分已不含该项,0.00362630403626304,0.01631836816318368,FDR显著,FDR显著,not_estimable
HAMD-17,PDCH共同24人验证,GLM-5.2,不思考,12,C12：事件序列｜不规整｜逐条评分｜清洗,事件序列,不规整,清洗,9,激越,Spearman秩相关,24,24,24,0,0,3,5,0.556839897437398,0.21219865345519803,0.8119717258756259,0.004708972520315303,0.005499450054994501,0.5888560606870957,0.24550394088055585,0.815193157161883,0.00246735032139559,0.004299570042995701,0.03201616324969769,-0.042670836479435,0.1394031535032064,1.057496173311283,exploratory_only,探索性,金标准总分－对应金标准条目分；HAMD14金标准9视为无法评估且总分已不含该项,0.011332200113322002,0.016998300169983,FDR显著,FDR显著,not_estimable
HAMD-17,PDCH共同24人验证,GLM-5.2,不思考,12,C12：事件序列｜不规整｜逐条评分｜清洗,事件序列,不规整,清洗,10,精神性焦虑,Spearman秩相关,24,24,24,0,0,4,5,0.7395756195213402,0.4329206725267658,0.8855325084549674,3.6327166915943056e-05,9.999000099990002e-05,0.7038183256028281,0.37599969789704596,0.8543230695602735,0.00012422734997979092,0.00019998000199980003,-0.03575729391851212,-0.10424940503747955,0.012875317475772962,0.9516516053603085,exploratory_only,探索性,金标准总分－对应金标准条目分；HAMD14金标准9视为无法评估且总分已不含该项,0.0011332200113322,0.006799320067993201,FDR显著,FDR显著,not_estimable
HAMD-17,PDCH共同24人验证,GLM-5.2,不思考,12,C12：事件序列｜不规整｜逐条评分｜清洗,事件序列,不规整,清洗,11,躯体性焦虑,Spearman秩相关,24,24,24,0,0,4,5,0.7386093900313485,0.471796435440638,0.8950282659937631,3.76496983435971e-05,9.999000099990002e-05,0.6347802674701484,0.28748911004089744,0.8614239500413418,0.0008620661628131869,0.0008999100089991,-0.10382912256120014,-0.28431619290723414,0.018460508080354907,0.8594262082739114,exploratory_only,探索性,金标准总分－对应金标准条目分；HAMD14金标准9视为无法评估且总分已不含该项,0.0011332200113322,0.00815918408159184,FDR显著,FDR显著,not_estimable
HAMD-17,PDCH共同24人验证,GLM-5.2,不思考,12,C12：事件序列｜不规整｜逐条评分｜清洗,事件序列,不规整,清洗,12,胃肠道症状,Spearman秩相关,24,24,24,0,0,3,5,0.31847786542490925,-0.0866329022882853,0.6613540361730965,0.12933301663973673,0.12918708129187081,0.19134770076836047,-0.26153286161903916,0.5782780864070434,0.3704223282458577,0.37446255374462556,-0.12713016465654878,-0.3016963392795784,-0.016254475835948246,0.6008194651551897,exploratory_only,探索性,金标准总分－对应金标准条目分；HAMD14金标准9视为无法评估且总分已不含该项,0.15984583359845833,0.431583960248043,FDR不显著,FDR不显著,not_estimable
HAMD-17,PDCH共同24人验证,GLM-5.2,不思考,12,C12：事件序列｜不规整｜逐条评分｜清洗,事件序列,不规整,清洗,13,全身症状,Spearman秩相关,24,24,24,0,0,3,5,0.6380622654716214,0.3554377890407994,0.8238312195571363,0.0007945565138681876,0.0011998800119988001,0.5137764281995272,0.11994188660491766,0.7688552408045665,0.010226626802410833,0.0115988401159884,-0.12428583727209419,-0.3130487855670959,-0.006473805848631084,0.8052136225604428,exploratory_only,探索性,金标准总分－对应金标准条目分；HAMD14金标准9视为无法评估且总分已不含该项,0.004662390903766767,0.028168611710257547,FDR显著,FDR显著,not_estimable
HAMD-17,PDCH共同24人验证,GLM-5.2,不思考,12,C12：事件序列｜不规整｜逐条评分｜清洗,事件序列,不规整,清洗,14,性症状,Spearman秩相关,24,17,17,7,7,3,5,0.6224981979172762,0.18113603191432856,0.8537470602255182,0.007613290370712441,0.009099090090990901,0.5730289656143841,0.05398635459293609,0.8427114825455059,0.01619558528921735,0.0183981601839816,-0.04946923230289213,-0.19753998714485962,0.0,0.9205311236748895,not_estimable,不可估计,金标准总分－对应金标准条目分；HAMD14金标准9视为无法评估且总分已不含该项,0.01695172948458579,0.0407959204079592,FDR显著,FDR显著,not_estimable
HAMD-17,PDCH共同24人验证,GLM-5.2,不思考,12,C12：事件序列｜不规整｜逐条评分｜清洗,事件序列,不规整,清洗,15,疑病,Spearman秩相关,24,24,24,0,0,4,5,0.23562959334615866,-0.21396155815872783,0.6068105710889858,0.2676807004052226,0.2706729327067293,0.09691509330029456,-0.3893355093335358,0.5258286087231343,0.6523482675247871,0.6406359364063594,-0.1387145000458641,-0.31545498516344184,-0.019140086122564667,0.41130272273533386,exploratory_only,探索性,金标准总分－对应金标准条目分；HAMD14金标准9视为无法评估且总分已不含该项,0.3093404945219763,0.6860353334745266,FDR不显著,FDR不显著,not_estimable
HAMD-17,PDCH共同24人验证,GLM-5.2,不思考,12,C12：事件序列｜不规整｜逐条评分｜清洗,事件序列,不规整,清洗,16,体重减轻,Spearman秩相关,24,24,24,0,0,3,5,0.3459202667148628,-0.10611646715496231,0.738869825449466,0.09776998465226673,0.09269073092690731,0.30413669749042793,-0.14171951711819497,0.6781267793558092,0.14848346089775766,0.1503849615038496,-0.04178356922443488,-0.12962415317844259,0.0,0.8792104041164015,exploratory_only,探索性,金标准总分－对应金标准条目分；HAMD14金标准9视为无法评估且总分已不含该项,0.12358764123587643,0.20869749759717907,FDR不显著,FDR不显著,not_estimable
HAMD-17,PDCH共同24人验证,GLM-5.2,不思考,12,C12：事件序列｜不规整｜逐条评分｜清洗,事件序列,不规整,清洗,17,自知力,Spearman秩相关,24,24,24,0,0,3,5,-0.07481124653916967,-0.5408983716529933,0.449620851912548,0.7282749787796193,0.73002699730027,-0.08735563204123684,-0.5679357932452892,0.443875415526901,0.6848269819476583,0.6825317468253175,-0.01254438550206717,-0.0745480358707733,0.02804731592304743,,exploratory_only,探索性,金标准总分－对应金标准条目分；HAMD14金标准9视为无法评估且总分已不含该项,0.7354346046876794,0.7097876678497564,FDR不显著,FDR不显著,not_estimable
HAMD-17,PDCH共同24人验证,GLM-5.2,不思考,15,C15：事件序列｜规整｜逐条评分｜不清洗,事件序列,规整,不清洗,1,抑郁情绪,Spearman秩相关,24,24,24,0,0,4,7,0.6124339059116364,0.32334335673993775,0.8032033786030744,0.0014670322010676402,0.0014998500149985001,0.5339444406636683,0.19403038467815492,0.7752122731559236,0.007200741781934996,0.006999300069993001,-0.07848946524796807,-0.21230060475006426,0.00799493561434643,0.8718401047193283,exploratory_only,探索性,金标准总分－对应金标准条目分；HAMD14金标准9视为无法评估且总分已不含该项,0.0050994900509949,0.020253293819554215,FDR显著,FDR显著,not_estimable
HAMD-17,PDCH共同24人验证,GLM-5.2,不思考,15,C15：事件序列｜规整｜逐条评分｜不清洗,事件序列,规整,不清洗,2,有罪感,Spearman秩相关,24,24,24,0,0,4,7,0.46270649029347793,0.12424657384937388,0.7352085355852254,0.022800490209740856,0.0287971202879712,0.3896286294829483,-0.027513759010769946,0.6944489350062425,0.05983024739550492,0.06209379062093791,-0.07307786081052964,-0.20544201237451826,0.029359531695816232,0.8420643272927099,exploratory_only,探索性,金标准总分－对应金标准条目分；HAMD14金标准9视为无法评估且总分已不含该项,0.04662390903766766,0.10826609646727636,FDR显著,FDR不显著,not_estimable
HAMD-17,PDCH共同24人验证,GLM-5.2,不思考,15,C15：事件序列｜规整｜逐条评分｜不清洗,事件序列,规整,不清洗,3,自杀,Spearman秩相关,24,24,24,0,0,4,7,0.5725684044219371,0.25200034941538485,0.8117828924611579,0.0034556917921102544,0.0045995400459954,0.3832015431054016,-0.047323469193899854,0.7131305589577176,0.06455032893635422,0.0690930906909309,-0.18936686131653552,-0.40345921831762255,-0.03955450716339554,0.6692677069603246,exploratory_only,探索性,金标准总分－对应金标准条目分；HAMD14金标准9视为无法评估且总分已不含该项,0.01060232959754872,0.11600815227119263,FDR显著,FDR不显著,not_estimable
HAMD-17,PDCH共同24人验证,GLM-5.2,不思考,15,C15：事件序列｜规整｜逐条评分｜不清洗,事件序列,规整,不清洗,4,入睡困难,Spearman秩相关,24,24,24,0,0,3,7,0.60548669368804,0.2167588725732226,0.8710899790261588,0.0017170419820218667,0.0021997800219978004,0.576915273536639,0.17178166018252328,0.8581705482334417,0.003163885147885585,0.004199580041995801,-0.028571420151401017,-0.08925041306527244,0.0,0.952812472265292,exploratory_only,探索性,金标准总分－对应金标准条目分；HAMD14金标准9视为无法评估且总分已不含该项,0.006648224066482241,0.016998300169983,FDR显著,FDR显著,not_estimable
HAMD-17,PDCH共同24人验证,GLM-5.2,不思考,15,C15：事件序列｜规整｜逐条评分｜不清洗,事件序列,规整,不清洗,5,睡眠不深,Spearman秩相关,24,24,24,0,0,3,7,0.43500801033649705,0.03365068896950618,0.7219180869804813,0.03363476914720524,0.034896510348965105,0.30030288109487,-0.11222526793142538,0.6411244835901725,0.15392702541590608,0.15308469153084692,-0.13470512924162703,-0.2815312331238028,-0.023961028012802178,0.6903387385040866,exploratory_only,探索性,金标准总分－对应金标准条目分；HAMD14金标准9视为无法评估且总分已不含该项,0.054550866752405225,0.21029816210298163,FDR不显著,FDR不显著,not_estimable
HAMD-17,PDCH共同24人验证,GLM-5.2,不思考,15,C15：事件序列｜规整｜逐条评分｜不清洗,事件序列,规整,不清洗,6,早醒,Spearman秩相关,24,24,24,0,0,3,7,0.48799085785749696,0.10854386832782648,0.769856404433049,0.015556230478348252,0.0168983101689831,0.4327945635491982,0.012629572921500135,0.7536573778765236,0.034651973416991395,0.0395960403959604,-0.055196294308298754,-0.18284069414555562,0.053206118489089745,0.886890720554406,exploratory_only,探索性,金标准总分－对应金标准条目分；HAMD14金标准9视为无法评估且总分已不含该项,0.02984636601274937,0.0737679656691865,FDR显著,FDR不显著,not_estimable
HAMD-17,PDCH共同24人验证,GLM-5.2,不思考,15,C15：事件序列｜规整｜逐条评分｜不清洗,事件序列,规整,不清洗,7,工作和活动,Spearman秩相关,24,24,24,0,0,5,7,0.5536517986163367,0.16931331566017468,0.8173538644049414,0.005004758558071088,0.0053994600539946005,0.4249372856937862,-0.008031335965340043,0.7648560449392734,0.038461484486632114,0.0423957604239576,-0.12871451292255054,-0.3416286973134279,0.021145626632911262,0.7675172134467396,exploratory_only,探索性,金标准总分－对应金标准条目分；HAMD14金标准9视为无法评估且总分已不含该项,0.011332200113322002,0.07791653267105722,FDR显著,FDR不显著,not_estimable
HAMD-17,PDCH共同24人验证,GLM-5.2,不思考,15,C15：事件序列｜规整｜逐条评分｜不清洗,事件序列,规整,不清洗,8,迟滞,Spearman秩相关,24,24,24,0,0,3,7,0.4731274110291786,0.11385567480639436,0.7193796103628912,0.01954109786557052,0.0211978802119788,0.4284058169171342,-0.015422256279602106,0.7392324785077166,0.0367409852817832,0.0395960403959604,-0.044721594112044405,-0.2197089568754444,0.0796494149094086,0.9054766368011463,exploratory_only,探索性,金标准总分－对应金标准条目分；HAMD14金标准9视为无法评估且总分已不含该项,0.035759387024260535,0.0737679656691865,FDR显著,FDR不显著,not_estimable
HAMD-17,PDCH共同24人验证,GLM-5.2,不思考,15,C15：事件序列｜规整｜逐条评分｜不清洗,事件序列,规整,不清洗,9,激越,Spearman秩相关,24,24,24,0,0,3,7,0.560948213199011,0.24040133042688538,0.8207041697539657,0.004349603520139619,0.006199380061993801,0.5799584137612823,0.2378292016201995,0.8479937388995503,0.0029722483003198634,0.0027997200279972004,0.019010200562271318,-0.0534286251983057,0.10209130510368304,1.0338894038967674,exploratory_only,探索性,金标准总分－对应金标准条目分；HAMD14金标准9视为无法评估且总分已不含该项,0.012398760123987601,0.01523047695230477,FDR显著,FDR显著,not_estimable
HAMD-17,PDCH共同24人验证,GLM-5.2,不思考,15,C15：事件序列｜规整｜逐条评分｜不清洗,事件序列,规整,不清洗,10,精神性焦虑,Spearman秩相关,24,24,24,0,0,4,7,0.5914622292528752,0.21307124240865746,0.8280679601254568,0.0023340560925918,0.0022997700229977,0.524577174778042,0.10770833598209413,0.7752913972015962,0.008497069237245454,0.0084991500849915,-0.06688505447483317,-0.17442420034624004,-0.0009709436205458929,0.8869157637347,exploratory_only,探索性,金标准总分－对应金标准条目分；HAMD14金标准9视为无法评估且总分已不含该项,0.006654653683567813,0.023589477786915183,FDR显著,FDR显著,not_estimable
HAMD-17,PDCH共同24人验证,GLM-5.2,不思考,15,C15：事件序列｜规整｜逐条评分｜不清洗,事件序列,规整,不清洗,11,躯体性焦虑,Spearman秩相关,24,24,24,0,0,4,7,0.5535499365121318,0.2079677080326742,0.7786637892707621,0.005014460498044784,0.005499450054994501,0.4320702814073846,0.015387273042940955,0.7227328321406092,0.034990072233899876,0.0334966503349665,-0.12147965510474718,-0.29415826392592503,-0.003405423962822461,0.7805443608752274,exploratory_only,探索性,金标准总分－对应金标准条目分；HAMD14金标准9视为无法评估且总分已不含该项,0.011332200113322002,0.066993300669933,FDR显著,FDR不显著,not_estimable
HAMD-17,PDCH共同24人验证,GLM-5.2,不思考,15,C15：事件序列｜规整｜逐条评分｜不清洗,事件序列,规整,不清洗,12,胃肠道症状,Spearman秩相关,24,24,24,0,0,3,7,0.4422237830147084,0.03264144528917629,0.7520976705155429,0.03048247210122028,0.0287971202879712,0.31668044477163654,-0.14968469659581843,0.6941153968033572,0.13163000598482488,0.13288671132886712,-0.12554333824307184,-0.3074673140243106,-0.014322268548537761,0.7161090310719533,exploratory_only,探索性,金标准总分－对应金标准条目分；HAMD14金标准9视为无法评估且总分已不含该项,0.04662390903766766,0.1902378183234308,FDR显著,FDR不显著,not_estimable
HAMD-17,PDCH共同24人验证,GLM-5.2,不思考,15,C15：事件序列｜规整｜逐条评分｜不清洗,事件序列,规整,不清洗,13,全身症状,Spearman秩相关,24,24,24,0,0,3,7,0.6048705216739502,0.28850496121799935,0.8158043139487586,0.0017408740829536304,0.001999800019998,0.4793675488747595,0.040978898243928114,0.7697348972734952,0.017777729398561096,0.018598140185981403,-0.12550297279919065,-0.3178787527425689,-0.013594448893898728,0.7925126646081757,exploratory_only,探索性,金标准总分－对应金标准条目分；HAMD14金标准9视为无法评估且总分已不含该项,0.006475542921898286,0.0407959204079592,FDR显著,FDR显著,not_estimable
HAMD-17,PDCH共同24人验证,GLM-5.2,不思考,15,C15：事件序列｜规整｜逐条评分｜不清洗,事件序列,规整,不清洗,14,性症状,Spearman秩相关,24,22,22,2,2,3,7,0.5194111997940926,0.1391156526874522,0.7930097539231596,0.01323579924891681,0.015998400159984,0.4662540271067645,0.046081233683923827,0.7891031671985331,0.028725450618161247,0.027797220277972202,-0.05315717268732806,-0.1658454389255376,0.0,0.8976587861247488,exploratory_only,探索性,金标准总分－对应金标准条目分；HAMD14金标准9视为无法评估且总分已不含该项,0.028628716075760844,0.057279120572791206,FDR显著,FDR不显著,not_estimable
HAMD-17,PDCH共同24人验证,GLM-5.2,不思考,15,C15：事件序列｜规整｜逐条评分｜不清洗,事件序列,规整,不清洗,15,疑病,Spearman秩相关,24,24,24,0,0,3,7,0.30152387856561286,-0.14184640202854876,0.6616811598636612,0.152178278855275,0.1526847315268473,0.18821243231378745,-0.27758196630812954,0.5942302680344959,0.378461060785401,0.37406259374062595,-0.1133114462518254,-0.26612564205872663,-0.003425754430595071,0.6242040703679514,exploratory_only,探索性,金标准总分－对应金标准条目分；HAMD14金标准9视为无法评估且总分已不含该项,0.18707318457343455,0.431583960248043,FDR不显著,FDR不显著,not_estimable
HAMD-17,PDCH共同24人验证,GLM-5.2,不思考,15,C15：事件序列｜规整｜逐条评分｜不清洗,事件序列,规整,不清洗,16,体重减轻,Spearman秩相关,24,24,24,0,0,3,7,0.14504425178457733,-0.3241102159306545,0.5443310111690731,0.49889726891281105,0.49855014498550143,0.08583910977669362,-0.3361477190485787,0.4575576120666502,0.6900314347081865,0.6926307369263074,-0.05920514200788371,-0.1689615316394825,0.0,0.5918132481677634,exploratory_only,探索性,金标准总分－对应金标准条目分；HAMD14金标准9视为无法评估且总分已不含该项,0.5214196137638145,0.7097876678497564,FDR不显著,FDR不显著,not_estimable
HAMD-17,PDCH共同24人验证,GLM-5.2,不思考,15,C15：事件序列｜规整｜逐条评分｜不清洗,事件序列,规整,不清洗,17,自知力,Spearman秩相关,24,24,24,0,0,3,7,-0.22084500823371114,-0.6484863306667831,0.25921885245894244,0.2997202819046823,0.3023697630236976,-0.23313206532140807,-0.6678409505543937,0.30989506240712333,0.2729329830588516,0.264973502649735,-0.012287057087696923,-0.05483027130205445,0.0017028941759904602,,exploratory_only,探索性,金标准总分－对应金标准条目分；HAMD14金标准9视为无法评估且总分已不含该项,0.32897830216978297,0.33678875103143885,FDR不显著,FDR不显著,not_estimable
HAMD-17,PDCH共同24人验证,GLM-5.2,不思考,16,C16：事件序列｜规整｜逐条评分｜清洗,事件序列,规整,清洗,1,抑郁情绪,Spearman秩相关,24,24,24,0,0,4,7,0.6979391694784218,0.43945911322373715,0.8535928762458075,0.00014952858765003688,0.00029997000299970003,0.5993345920035181,0.24631094612893698,0.819337253063983,0.0019679566504747213,0.0024997500249975004,-0.0986045774749037,-0.2286888548858873,-0.007456035123493082,0.8587203845449854,exploratory_only,探索性,金标准总分－对应金标准条目分；HAMD14金标准9视为无法评估且总分已不含该项,0.0018543600185436002,0.014781130582593916,FDR显著,FDR显著,not_estimable
HAMD-17,PDCH共同24人验证,GLM-5.2,不思考,16,C16：事件序列｜规整｜逐条评分｜清洗,事件序列,规整,清洗,2,有罪感,Spearman秩相关,24,24,24,0,0,4,7,0.4381707784520029,0.08040921125319016,0.7137547517200941,0.03222263319702479,0.0314968503149685,0.35844910074542724,-0.04525310341560718,0.6723544572068975,0.08543606130522674,0.09019098090190981,-0.07972167770657568,-0.21328464917412074,0.028252105959443337,0.8180579773297038,exploratory_only,探索性,金标准总分－对应金标准条目分；HAMD14金标准9视为无法评估且总分已不含该项,0.05039496050394961,0.14430556944305573,FDR不显著,FDR不显著,not_estimable
HAMD-17,PDCH共同24人验证,GLM-5.2,不思考,16,C16：事件序列｜规整｜逐条评分｜清洗,事件序列,规整,清洗,3,自杀,Spearman秩相关,24,24,24,0,0,4,7,0.5905883560452927,0.25839177345052916,0.8158107054173377,0.00237805130073493,0.0027997200279972004,0.4120838917070114,0.014511793188454835,0.7346844482881003,0.04539868394989954,0.048995100489951,-0.17850446433828132,-0.4072358166250239,-0.03442894629729773,0.6977514668023836,exploratory_only,探索性,金标准总分－对应金标准条目分；HAMD14金标准9视为无法评估且总分已不含该项,0.007184187241653194,0.08767544298201758,FDR显著,FDR不显著,not_estimable
HAMD-17,PDCH共同24人验证,GLM-5.2,不思考,16,C16：事件序列｜规整｜逐条评分｜清洗,事件序列,规整,清洗,4,入睡困难,Spearman秩相关,24,24,24,0,0,3,7,0.60548669368804,0.24021668201755716,0.8721812878817593,0.0017170419820218667,0.0022997700229977,0.576915273536639,0.19140683478538423,0.859067598359447,0.003163885147885585,0.004299570042995701,-0.028571420151401017,-0.09567444590739106,0.0,0.952812472265292,exploratory_only,探索性,金标准总分－对应金标准条目分；HAMD14金标准9视为无法评估且总分已不含该项,0.006654653683567813,0.016998300169983,FDR显著,FDR显著,not_estimable
HAMD-17,PDCH共同24人验证,GLM-5.2,不思考,16,C16：事件序列｜规整｜逐条评分｜清洗,事件序列,规整,清洗,5,睡眠不深,Spearman秩相关,24,24,24,0,0,3,7,0.4436687258447153,0.0863568194747758,0.7333033079028342,0.029880544405749953,0.032096790320967905,0.2809362218364767,-0.10273271522921469,0.6232796993680751,0.18358524357190106,0.18338166183381663,-0.16273250400823858,-0.3255139951373153,-0.0384632703923075,0.6332116858171446,exploratory_only,探索性,金标准总分－对应金标准条目分；HAMD14金标准9视为无法评估且总分已不含该项,0.0507577149261818,0.2445088824450888,FDR不显著,FDR不显著,not_estimable
HAMD-17,PDCH共同24人验证,GLM-5.2,不思考,16,C16：事件序列｜规整｜逐条评分｜清洗,事件序列,规整,清洗,6,早醒,Spearman秩相关,24,24,24,0,0,3,7,0.3742240638558957,-0.08517157343410889,0.7307479979851089,0.07161518038040643,0.07529247075292471,0.32987652416971813,-0.1625042623074028,0.6883710119935131,0.11543606127054286,0.11588841115888411,-0.04434753968617755,-0.16115304154429388,0.05562601369202281,0.8814946873559294,exploratory_only,探索性,金标准总分－对应金标准条目分；HAMD14金标准9视为无法评估且总分已不含该项,0.10448751043263022,0.17131330345226345,FDR不显著,FDR不显著,not_estimable
HAMD-17,PDCH共同24人验证,GLM-5.2,不思考,16,C16：事件序列｜规整｜逐条评分｜清洗,事件序列,规整,清洗,7,工作和活动,Spearman秩相关,24,24,24,0,0,5,7,0.6316877750920294,0.3228092325470172,0.8433065756067705,0.0009301376167068953,0.0012998700129987,0.48413699198569093,0.06838093176284746,0.7937172267644088,0.016519200191521203,0.0168983101689831,-0.1475507831063385,-0.37697973445619426,4.212476042813379e-06,0.7664181753638621,exploratory_only,探索性,金标准总分－对应金标准条目分；HAMD14金标准9视为无法评估且总分已不含该项,0.004777900588319547,0.03895203699968986,FDR显著,FDR显著,not_estimable
HAMD-17,PDCH共同24人验证,GLM-5.2,不思考,16,C16：事件序列｜规整｜逐条评分｜清洗,事件序列,规整,清洗,8,迟滞,Spearman秩相关,24,24,24,0,0,3,7,0.6379463541874311,0.3386969040894788,0.8288497405667705,0.0007968607561632222,0.000999900009999,0.5865027463750361,0.21267333767014904,0.834765889668004,0.002593214540145532,0.0029997000299970002,-0.05144360781239499,-0.23895587335067506,0.07105875877344356,0.9193606053632518,exploratory_only,探索性,金标准总分－对应金标准条目分；HAMD14金标准9视为无法评估且总分已不含该项,0.00424957504249575,0.015690738618445846,FDR显著,FDR显著,not_estimable
HAMD-17,PDCH共同24人验证,GLM-5.2,不思考,16,C16：事件序列｜规整｜逐条评分｜清洗,事件序列,规整,清洗,9,激越,Spearman秩相关,24,24,24,0,0,3,7,0.674497750597973,0.3846925130844608,0.8562167396563344,0.00030061706807195165,0.00019998000199980003,0.6702107769842632,0.3735800098201414,0.8730525794288182,0.0003393307847037564,0.0004999500049995,-0.004286973613709777,-0.08139290001983975,0.06153557925203658,0.9936441987984257,exploratory_only,探索性,金标准总分－对应金标准条目分；HAMD14金标准9视为无法评估且总分已不含该项,0.0016998300169983002,0.00815918408159184,FDR显著,FDR显著,not_estimable
HAMD-17,PDCH共同24人验证,GLM-5.2,不思考,16,C16：事件序列｜规整｜逐条评分｜清洗,事件序列,规整,清洗,10,精神性焦虑,Spearman秩相关,24,24,24,0,0,4,7,0.6789685067921396,0.3554777282830756,0.8838199694898593,0.0002643894351658457,0.0008999100089991,0.6188634012647917,0.2522479107974635,0.8546185592228734,0.0012640823847651617,0.0015998400159984002,-0.060105105527347935,-0.1695716254535523,0.00711869454813268,0.911475856499853,exploratory_only,探索性,金标准总分－对应金标准条目分；HAMD14金标准9视为无法评估且总分已不含该项,0.003947992297544439,0.011451486430304338,FDR显著,FDR显著,not_estimable
HAMD-17,PDCH共同24人验证,GLM-5.2,不思考,16,C16：事件序列｜规整｜逐条评分｜清洗,事件序列,规整,清洗,11,躯体性焦虑,Spearman秩相关,24,24,24,0,0,4,7,0.6782403658971172,0.3708545520777836,0.8550611880723605,0.0002700170051926634,0.00039996000399960006,0.571843836922779,0.22143708633764927,0.8168450271056588,0.0035064772611539375,0.004999500049995001,-0.10639652897433827,-0.26840876654335616,0.0029444526081891273,0.8431285804795676,exploratory_only,探索性,金标准总分－对应金标准条目分；HAMD14金标准9视为无法评估且总分已不含该项,0.0022664400226644,0.01767823217678232,FDR显著,FDR显著,not_estimable
HAMD-17,PDCH共同24人验证,GLM-5.2,不思考,16,C16：事件序列｜规整｜逐条评分｜清洗,事件序列,规整,清洗,12,胃肠道症状,Spearman秩相关,24,24,24,0,0,3,7,0.41242241326115703,0.051630213483316624,0.7023778768054455,0.0452042227302633,0.0484951504849515,0.2883794494325332,-0.11640396070276003,0.6399584193072277,0.17175469218044,0.17588241175882413,-0.12404296382862384,-0.2922190859945751,-0.01445457161132963,0.6992332137146084,exploratory_only,探索性,金标准总分－对应金标准条目分；HAMD14金标准9视为无法评估且总分已不含该项,0.07247626885663082,0.23885136238851365,FDR不显著,FDR不显著,not_estimable
HAMD-17,PDCH共同24人验证,GLM-5.2,不思考,16,C16：事件序列｜规整｜逐条评分｜清洗,事件序列,规整,清洗,13,全身症状,Spearman秩相关,24,24,24,0,0,3,7,0.6048705216739502,0.2809987825653039,0.8133950311430608,0.0017408740829536304,0.0023997600239976003,0.4793675488747595,0.08368646901549395,0.7608695456371437,0.017777729398561096,0.0192980701929807,-0.12550297279919065,-0.3031736308163081,-0.011781568278167804,0.7925126646081757,exploratory_only,探索性,金标准总分－对应金标准条目分；HAMD14金标准9视为无法评估且总分已不含该项,0.006660558433952524,0.04100839916008399,FDR显著,FDR显著,not_estimable
HAMD-17,PDCH共同24人验证,GLM-5.2,不思考,16,C16：事件序列｜规整｜逐条评分｜清洗,事件序列,规整,清洗,14,性症状,Spearman秩相关,24,21,21,3,3,3,7,0.6169976127064385,0.2510696458380789,0.8318500397991516,0.002888018305104171,0.0046995300469953,0.5605268134288278,0.1327791584663325,0.8168135738341982,0.0082158042931597,0.009299070092990702,-0.05647079927761067,-0.1766782724650872,0.0,0.9084748496353114,exploratory_only,探索性,金标准总分－对应金标准条目分；HAMD14金标准9视为无法评估且总分已不含该项,0.01065226810652268,0.025293470652934705,FDR显著,FDR显著,not_estimable
HAMD-17,PDCH共同24人验证,GLM-5.2,不思考,16,C16：事件序列｜规整｜逐条评分｜清洗,事件序列,规整,清洗,15,疑病,Spearman秩相关,24,24,24,0,0,3,7,0.3282203603404611,-0.14108643905707766,0.7091963645815181,0.11738430061921623,0.12108789121087891,0.24178379774150843,-0.2338494628765879,0.6447464200049997,0.2550159663366081,0.24837516248375163,-0.08643656259895266,-0.21860357879440157,-0.0032162801017803426,0.7366508204753279,exploratory_only,探索性,金标准总分－对应金标准条目分；HAMD14金标准9视为无法评估且总分已不含该项,0.15248104819147715,0.3217049723599069,FDR不显著,FDR不显著,not_estimable
HAMD-17,PDCH共同24人验证,GLM-5.2,不思考,16,C16：事件序列｜规整｜逐条评分｜清洗,事件序列,规整,清洗,16,体重减轻,Spearman秩相关,24,24,24,0,0,3,7,0.14504425178457733,-0.2781426103590462,0.5467976460215941,0.49889726891281105,0.5022497750224978,0.08583910977669362,-0.3509898542320045,0.4780626444877422,0.6900314347081865,0.6941305869413059,-0.05920514200788371,-0.17190293705602702,0.0,0.5918132481677634,exploratory_only,探索性,金标准总分－对应金标准条目分；HAMD14金标准9视为无法评估且总分已不含该项,0.5214196137638145,0.7097876678497564,FDR不显著,FDR不显著,not_estimable
HAMD-17,PDCH共同24人验证,GLM-5.2,不思考,16,C16：事件序列｜规整｜逐条评分｜清洗,事件序列,规整,清洗,17,自知力,Spearman秩相关,24,24,24,0,0,3,7,-0.22084500823371114,-0.6604148316115939,0.254325742392903,0.2997202819046823,0.29387061293870614,-0.23313206532140807,-0.6769685361859697,0.2876151470142007,0.2729329830588516,0.263973602639736,-0.012287057087696923,-0.05413707938049367,0.0014003698929745893,,exploratory_only,探索性,金标准总分－对应金标准条目分；HAMD14金标准9视为无法评估且总分已不含该项,0.32493010861515476,0.33678875103143885,FDR不显著,FDR不显著,not_estimable
HAMD-17,PDCH共同24人验证,GLM-5.2,思考,3,C03：全文｜不规整｜逐条评分｜不清洗,全文,不规整,不清洗,1,抑郁情绪,Spearman秩相关,24,24,24,0,0,4,13,0.7735475735038827,0.5378750884715559,0.8969691847185618,9.28696397260422e-06,0.00019998000199980003,0.6340991774016005,0.26739450999300574,0.8519259894983267,0.0008766779950187743,0.0007999200079992001,-0.1394483961022822,-0.3350172664172257,-0.009158488393815216,0.8197287395387554,exploratory_only,探索性,金标准总分－对应金标准条目分；HAMD14金标准9视为无法评估且总分已不含该项,0.0013598640135986401,0.00815918408159184,FDR显著,FDR显著,not_estimable
HAMD-17,PDCH共同24人验证,GLM-5.2,思考,3,C03：全文｜不规整｜逐条评分｜不清洗,全文,不规整,不清洗,2,有罪感,Spearman秩相关,24,24,24,0,0,4,13,0.39055036448156455,0.006464649479313103,0.710675400824834,0.05917574150165931,0.06379362063793621,0.32388925884958814,-0.10597496644032872,0.6694786711987794,0.12259247475366838,0.12358764123587641,-0.06666110563197641,-0.20991476481392093,0.052658274288834336,0.8293149573155165,exploratory_only,探索性,金标准总分－对应金标准条目分；HAMD14金标准9视为无法评估且总分已不含该项,0.0913256042816771,0.19099908190999082,FDR不显著,FDR不显著,not_estimable
HAMD-17,PDCH共同24人验证,GLM-5.2,思考,3,C03：全文｜不规整｜逐条评分｜不清洗,全文,不规整,不清洗,3,自杀,Spearman秩相关,24,24,24,0,0,4,13,0.5069808001703712,0.14395503578913316,0.7664623476445007,0.011456981331222724,0.0112988701129887,0.3228847421219828,-0.07317179700843457,0.6465376217723019,0.12382401206200958,0.12808719128087193,-0.18409605804838836,-0.40746225227198496,-0.042171756424757026,0.636877652987011,exploratory_only,探索性,金标准总分－对应金标准条目分；HAMD14金标准9视为无法评估且总分已不含该项,0.024010098990100988,0.19572874173256832,FDR显著,FDR不显著,not_estimable
HAMD-17,PDCH共同24人验证,GLM-5.2,思考,3,C03：全文｜不规整｜逐条评分｜不清洗,全文,不规整,不清洗,4,入睡困难,Spearman秩相关,24,24,24,0,0,3,13,0.5364324134702487,0.1265344551210051,0.8212604405770991,0.006885626612951861,0.0071992800719928,0.5079721868147848,0.08056865567188531,0.8090474841214074,0.011270240785317525,0.013598640135986401,-0.028460226655463883,-0.09067322787435589,0.0,0.9469453635895133,exploratory_only,探索性,金标准总分－对应金标准条目分；HAMD14金标准9视为无法评估且总分已不含该项,0.0181315201813152,0.03556567420181059,FDR显著,FDR显著,not_estimable
HAMD-17,PDCH共同24人验证,GLM-5.2,思考,3,C03：全文｜不规整｜逐条评分｜不清洗,全文,不规整,不清洗,5,睡眠不深,Spearman秩相关,24,24,24,0,0,3,13,0.37305670175335487,-0.024641815610007226,0.6942081179027989,0.07257544874784667,0.0746925307469253,0.22785247195013666,-0.16745294653694098,0.5844297085631166,0.28425013853932485,0.27417258274172585,-0.1452042298032182,-0.3038508313027757,-0.028447328869335778,0.610771689341693,exploratory_only,探索性,金标准总分－对应金标准条目分；HAMD14金标准9视为无法评估且总分已不含该项,0.10365494062838614,0.3517685967252332,FDR不显著,FDR不显著,not_estimable
HAMD-17,PDCH共同24人验证,GLM-5.2,思考,3,C03：全文｜不规整｜逐条评分｜不清洗,全文,不规整,不清洗,6,早醒,Spearman秩相关,24,24,24,0,0,3,13,0.35423911291773047,-0.132433729402159,0.6997754308408586,0.08944239397237858,0.09069093090690931,0.3376030349626661,-0.1069582783061101,0.676316477367249,0.10665834024682466,0.1080891910808919,-0.016636077955064388,-0.12457592254066151,0.06837137917477969,0.9530371510417371,exploratory_only,探索性,金标准总分－对应金标准条目分；HAMD14金标准9视为无法评估且总分已不含该项,0.12333966603339666,0.1750015474643012,FDR不显著,FDR不显著,not_estimable
HAMD-17,PDCH共同24人验证,GLM-5.2,思考,3,C03：全文｜不规整｜逐条评分｜不清洗,全文,不规整,不清洗,7,工作和活动,Spearman秩相关,24,24,24,0,0,5,13,0.8059232742920672,0.6025763895023308,0.9241360477362566,2.002598635758718e-06,9.999000099990002e-05,0.6971662381118635,0.3671804386469613,0.8986866313849321,0.00015316853714595661,0.00039996000399960006,-0.10875703618020371,-0.3042324160823471,0.020788797917318157,0.8650528658875906,exploratory_only,探索性,金标准总分－对应金标准条目分；HAMD14金标准9视为无法评估且总分已不含该项,0.0008499150084991501,0.006799320067993201,FDR显著,FDR显著,not_estimable
HAMD-17,PDCH共同24人验证,GLM-5.2,思考,3,C03：全文｜不规整｜逐条评分｜不清洗,全文,不规整,不清洗,8,迟滞,Spearman秩相关,24,24,24,0,0,3,13,0.6663004232354037,0.40285896073543237,0.8302615878438091,0.0003783457399519417,0.0004999500049995,0.6289521462046961,0.28494340363132303,0.8437628541630212,0.0009941571370765529,0.0012998700129987,-0.037348277030707644,-0.22402159608816777,0.09619386754746234,0.9439467907744185,exploratory_only,探索性,金标准总分－对应金标准条目分；HAMD14金标准9视为无法评估且总分已不含该项,0.0026151231030743078,0.0098212400982124,FDR显著,FDR显著,not_estimable
HAMD-17,PDCH共同24人验证,GLM-5.2,思考,3,C03：全文｜不规整｜逐条评分｜不清洗,全文,不规整,不清洗,9,激越,Spearman秩相关,24,24,24,0,0,3,13,0.5200326168732463,0.1847022865960923,0.757115967185897,0.009192562683513622,0.010198980101989802,0.495535633714497,0.162001096379773,0.7458347317981239,0.013803751550130942,0.015998400159984,-0.02449698315874932,-0.09038849475368757,0.030704598642492975,0.9528933717541793,exploratory_only,探索性,金标准总分－对应金标准条目分；HAMD14金标准9视为无法评估且总分已不含该项,0.02273870973558382,0.040292267069589334,FDR显著,FDR显著,not_estimable
HAMD-17,PDCH共同24人验证,GLM-5.2,思考,3,C03：全文｜不规整｜逐条评分｜不清洗,全文,不规整,不清洗,10,精神性焦虑,Spearman秩相关,24,24,24,0,0,4,13,0.756083604984676,0.47845571997126557,0.8817075763932906,1.923839255982302e-05,9.999000099990002e-05,0.7269989271432786,0.4267918253871162,0.8624661990415947,5.719084273187791e-05,0.00019998000199980003,-0.029084677841397344,-0.10083577111316491,0.02303314233998342,0.961532457985269,exploratory_only,探索性,金标准总分－对应金标准条目分；HAMD14金标准9视为无法评估且总分已不含该项,0.0008499150084991501,0.006799320067993201,FDR显著,FDR显著,not_estimable
HAMD-17,PDCH共同24人验证,GLM-5.2,思考,3,C03：全文｜不规整｜逐条评分｜不清洗,全文,不规整,不清洗,11,躯体性焦虑,Spearman秩相关,24,24,24,0,0,4,13,0.6388727113019029,0.3251025190308303,0.8513668572753101,0.0007786051302573037,0.0012998700129987,0.5229789827198219,0.12952626231660416,0.7908152089456588,0.00873649194515464,0.009799020097990201,-0.11589372858208102,-0.2866331118057613,0.01287793721331662,0.818596527082975,exploratory_only,探索性,金标准总分－对应金标准条目分；HAMD14金标准9视为无法评估且总分已不含该项,0.004777900588319547,0.029614816296148164,FDR显著,FDR显著,not_estimable
HAMD-17,PDCH共同24人验证,GLM-5.2,思考,3,C03：全文｜不规整｜逐条评分｜不清洗,全文,不规整,不清洗,12,胃肠道症状,Spearman秩相关,24,24,24,0,0,3,13,0.3444417248250239,-0.04785695707489651,0.691738147640497,0.09930839728216947,0.09969003099690031,0.18369948752139928,-0.29141350015211176,0.6212134623092329,0.3902057051460267,0.39206079392060794,-0.1607422373036246,-0.3536310177867318,-0.02720775034742488,0.5333253037642826,exploratory_only,探索性,金标准总分－对应金标准条目分；HAMD14金标准9视为无法评估且总分已不含该项,0.1329200413292004,0.46661073023132466,FDR不显著,FDR不显著,not_estimable
HAMD-17,PDCH共同24人验证,GLM-5.2,思考,3,C03：全文｜不规整｜逐条评分｜不清洗,全文,不规整,不清洗,13,全身症状,Spearman秩相关,24,24,24,0,0,3,13,0.7332532386069739,0.4076643947277654,0.9085660213194354,4.577845350685259e-05,9.999000099990002e-05,0.6094175239578987,0.22694196511913356,0.8730822992657019,0.001571464718106795,0.0022997700229977,-0.12383571464907517,-0.305438676436843,-0.01288591000319663,0.8311146707182134,exploratory_only,探索性,金标准总分－对应金标准条目分；HAMD14金标准9视为无法评估且总分已不含该项,0.0008499150084991501,0.013032030130320301,FDR显著,FDR显著,not_estimable
HAMD-17,PDCH共同24人验证,GLM-5.2,思考,3,C03：全文｜不规整｜逐条评分｜不清洗,全文,不规整,不清洗,14,性症状,Spearman秩相关,24,16,16,8,8,3,13,0.6793568176892996,0.27037463003135626,0.9031666345633677,0.0037973591981062256,0.0065993400659934,0.6003900259971413,0.08583860061815611,0.8852072881877234,0.013928693472154526,0.0182981701829817,-0.07896679169215826,-0.27701473480098965,0.0,0.8837624211077347,not_estimable,不可估计,金标准总分－对应金标准条目分；HAMD14金标准9视为无法评估且总分已不含该项,0.01693415564103967,0.04365879201553528,FDR显著,FDR显著,not_estimable
HAMD-17,PDCH共同24人验证,GLM-5.2,思考,3,C03：全文｜不规整｜逐条评分｜不清洗,全文,不规整,不清洗,15,疑病,Spearman秩相关,24,24,24,0,0,3,13,0.04711481833491351,-0.4443930544328352,0.47420684150865233,0.8269509065492525,0.8192180781921807,-0.06537920949838666,-0.5030649364927176,0.41270382295696273,0.7614952357974565,0.7570242975702429,-0.11249402783330018,-0.2974751107564636,-0.005025073812999254,-1.3876570431332573,exploratory_only,探索性,金标准总分－对应金标准条目分；HAMD14金标准9视为无法评估且总分已不含该项,0.8376966814596736,0.8072067793220677,FDR不显著,FDR不显著,not_estimable
HAMD-17,PDCH共同24人验证,GLM-5.2,思考,3,C03：全文｜不规整｜逐条评分｜不清洗,全文,不规整,不清洗,16,体重减轻,Spearman秩相关,24,24,24,0,0,3,13,0.3368217284699751,-0.1196085781707877,0.6941207584977318,0.10752288494343444,0.11068893110688931,0.3004244055504568,-0.14907669567431528,0.6821756169459642,0.1537523412650701,0.15548445155484453,-0.036397322919518305,-0.12753113987025866,0.0004901375985126109,0.8919389105778465,exploratory_only,探索性,金标准总分－对应金标准条目分；HAMD14金标准9视为无法评估且总分已不含该项,0.14201598708053723,0.2249562277814772,FDR不显著,FDR不显著,not_estimable
HAMD-17,PDCH共同24人验证,GLM-5.2,思考,3,C03：全文｜不规整｜逐条评分｜不清洗,全文,不规整,不清洗,17,自知力,Spearman秩相关,24,24,24,0,0,3,13,0.10941372337735288,-0.390350024380865,0.5364700119411472,0.6107988405914097,0.6122387761223878,0.0976324967956353,-0.4217672667941626,0.5401602042381085,0.6499345200237338,0.6446355364463554,-0.011781226581717569,-0.0746990769406073,0.032301608204397925,0.8923240502374118,exploratory_only,探索性,金标准总分－对应金标准条目分；HAMD14金标准9视为无法评估且总分已不含该项,0.6356066683407995,0.7070196206185834,FDR不显著,FDR不显著,not_estimable
HAMD-17,PDCH共同24人验证,GLM-5.2,思考,4,C04：全文｜不规整｜逐条评分｜清洗,全文,不规整,清洗,1,抑郁情绪,Spearman秩相关,24,24,24,0,0,4,17,0.8065261201080466,0.5794098519916238,0.9241211186534926,1.9410613446746942e-06,9.999000099990002e-05,0.7225120652244686,0.39287333940316893,0.9000004135469474,6.684941242834435e-05,0.00019998000199980003,-0.08401405488357794,-0.2307182456388098,0.0007996203140565543,0.8958321958967392,exploratory_only,探索性,金标准总分－对应金标准条目分；HAMD14金标准9视为无法评估且总分已不含该项,0.0008499150084991501,0.006799320067993201,FDR显著,FDR显著,not_estimable
HAMD-17,PDCH共同24人验证,GLM-5.2,思考,4,C04：全文｜不规整｜逐条评分｜清洗,全文,不规整,清洗,2,有罪感,Spearman秩相关,24,24,24,0,0,3,17,0.5214836630095793,0.21898297093080263,0.7407590762234053,0.008965547942132555,0.011198880111988802,0.46844768057764274,0.12547374212411402,0.7047595840399858,0.020954548928575206,0.0245975402459754,-0.053035982431936524,-0.18716200299155958,0.05067926039638543,0.898297902323812,exploratory_only,探索性,金标准总分－对应金标准条目分；HAMD14金标准9视为无法评估且总分已不含该项,0.024010098990100988,0.05167483251674833,FDR显著,FDR不显著,not_estimable
HAMD-17,PDCH共同24人验证,GLM-5.2,思考,4,C04：全文｜不规整｜逐条评分｜清洗,全文,不规整,清洗,3,自杀,Spearman秩相关,24,24,24,0,0,4,17,0.5189168492257316,0.14919366628990638,0.7942028513493756,0.009370346530230694,0.010198980101989802,0.33173768254349734,-0.06299414994580303,0.69938537186836,0.1132749989272854,0.11348865113488651,-0.18717916668223422,-0.4156608846514503,-0.04750552224503727,0.6392887088528314,exploratory_only,探索性,金标准总分－对应金标准条目分；HAMD14金标准9视为无法评估且总分已不含该项,0.02273870973558382,0.18158184181581843,FDR显著,FDR不显著,not_estimable
HAMD-17,PDCH共同24人验证,GLM-5.2,思考,4,C04：全文｜不规整｜逐条评分｜清洗,全文,不规整,清洗,4,入睡困难,Spearman秩相关,24,24,24,0,0,3,17,0.5551455630672443,0.18117080820276696,0.8360638854530998,0.00486428419629518,0.006199380061993801,0.5239397234712254,0.14196601462378758,0.8074677900266963,0.008591903021173955,0.0093990600939906,-0.03120583959601886,-0.09857404963096902,0.0,0.9437880050349264,exploratory_only,探索性,金标准总分－对应金标准条目分；HAMD14金标准9视为无法评估且总分已不含该项,0.016475275549368142,0.029614816296148164,FDR显著,FDR显著,not_estimable
HAMD-17,PDCH共同24人验证,GLM-5.2,思考,4,C04：全文｜不规整｜逐条评分｜清洗,全文,不规整,清洗,5,睡眠不深,Spearman秩相关,24,24,24,0,0,3,17,0.1524747877884923,-0.2794551677070549,0.5588766881178008,0.4769166518853747,0.46915308469153083,-0.012759696406487648,-0.4814461266872896,0.4701712425485684,0.9528129722995597,0.9502049795020497,-0.16523448419497994,-0.3232556324013404,-0.048620756019485144,-0.08368397550542883,exploratory_only,探索性,金标准总分－对应金标准条目分；HAMD14金标准9视为无法评估且总分已不含该项,0.5024001536854188,0.9716381745284118,FDR不显著,FDR不显著,not_estimable
HAMD-17,PDCH共同24人验证,GLM-5.2,思考,4,C04：全文｜不规整｜逐条评分｜清洗,全文,不规整,清洗,6,早醒,Spearman秩相关,24,24,24,0,0,3,17,0.47077111391430243,0.09780627604792018,0.7273713633991236,0.020242785255576143,0.0225977402259774,0.4734011387466166,0.08435681973620582,0.7304345896876739,0.019460879985478668,0.0211978802119788,0.0026300248323141706,-0.10687341951310105,0.10256482160002918,1.0055866317082338,exploratory_only,探索性,金标准总分－对应金标准条目分；HAMD14金标准9视为无法评估且总分已不含该项,0.04043806145701219,0.048048528480485284,FDR显著,FDR显著,not_estimable
HAMD-17,PDCH共同24人验证,GLM-5.2,思考,4,C04：全文｜不规整｜逐条评分｜清洗,全文,不规整,清洗,7,工作和活动,Spearman秩相关,24,24,24,0,0,5,17,0.7796032299770189,0.547485062594023,0.8808066195602243,7.107218434358191e-06,9.999000099990002e-05,0.6867825673117365,0.3845840458119796,0.8378992909840707,0.00021012420653818896,0.00029997000299970003,-0.09282066266528244,-0.26273587582089747,0.005603126224132271,0.880938586326767,exploratory_only,探索性,金标准总分－对应金标准条目分；HAMD14金标准9视为无法评估且总分已不含该项,0.0008499150084991501,0.006799320067993201,FDR显著,FDR显著,not_estimable
HAMD-17,PDCH共同24人验证,GLM-5.2,思考,4,C04：全文｜不规整｜逐条评分｜清洗,全文,不规整,清洗,8,迟滞,Spearman秩相关,24,24,24,0,0,3,17,0.6780138014880412,0.4407778329417834,0.816909943675057,0.00027178916518781035,0.0006999300069993001,0.6511131098913039,0.377977190915223,0.8127712158584781,0.0005691356756096419,0.000999900009999,-0.02690069159673736,-0.20526770513060602,0.07398334669394792,0.960324271367783,exploratory_only,探索性,金标准总分－对应金标准条目分；HAMD14金标准9视为无法评估且总分已不含该项,0.0031730160317301605,0.0084991500849915,FDR显著,FDR显著,not_estimable
HAMD-17,PDCH共同24人验证,GLM-5.2,思考,4,C04：全文｜不规整｜逐条评分｜清洗,全文,不规整,清洗,9,激越,Spearman秩相关,24,24,24,0,0,3,17,0.4760995699318194,0.08728284927168571,0.7579702613282467,0.018684299508268037,0.0184981501849815,0.485430069138447,0.09984711015643445,0.788849745868717,0.016190821670036524,0.016798320167983202,0.009330499206627596,-0.057398151689131705,0.08855074810693153,1.0195977896135546,exploratory_only,探索性,金标准总分－对应金标准条目分；HAMD14金标准9视为无法评估且总分已不含该项,0.03446230719393814,0.04079592040795921,FDR显著,FDR显著,not_estimable
HAMD-17,PDCH共同24人验证,GLM-5.2,思考,4,C04：全文｜不规整｜逐条评分｜清洗,全文,不规整,清洗,10,精神性焦虑,Spearman秩相关,24,24,24,0,0,4,17,0.7735255530153274,0.5149639211748831,0.8975143868488663,9.295864736782534e-06,9.999000099990002e-05,0.7398167248727519,0.4870395265702324,0.8857724750391383,3.600359906050318e-05,9.999000099990002e-05,-0.033708828142575586,-0.10828974176104258,0.018658232437140494,0.9564218298785695,exploratory_only,探索性,金标准总分－对应金标准条目分；HAMD14金标准9视为无法评估且总分已不含该项,0.0008499150084991501,0.006799320067993201,FDR显著,FDR显著,not_estimable
HAMD-17,PDCH共同24人验证,GLM-5.2,思考,4,C04：全文｜不规整｜逐条评分｜清洗,全文,不规整,清洗,11,躯体性焦虑,Spearman秩相关,24,24,24,0,0,4,17,0.6034930724989044,0.2598983933774185,0.8140723304560203,0.0017951737407108832,0.0037996200379962005,0.4661893771106612,0.08042252417249128,0.7544034533390527,0.02166564727835607,0.024697530246975304,-0.13730369538824316,-0.3060578820078406,-0.012463345077033493,0.7724850513698441,exploratory_only,探索性,金标准总分－对应金标准条目分；HAMD14金标准9视为无法评估且总分已不含该项,0.010765590107655902,0.05167483251674833,FDR显著,FDR不显著,not_estimable
HAMD-17,PDCH共同24人验证,GLM-5.2,思考,4,C04：全文｜不规整｜逐条评分｜清洗,全文,不规整,清洗,12,胃肠道症状,Spearman秩相关,24,24,24,0,0,3,17,0.4863502342482801,0.15222622163862515,0.7635212760530842,0.015960406111704996,0.014498550144985502,0.32720456831389644,-0.11744504681004277,0.7100161663797784,0.11859104181144219,0.11938806119388061,-0.15914566593438367,-0.3683507443659246,-0.024129173802416658,0.6727755951832433,exploratory_only,探索性,金标准总分－对应金标准条目分；HAMD14金标准9视为无法评估且总分已不含该项,0.028168611710257547,0.1867859191092385,FDR显著,FDR不显著,not_estimable
HAMD-17,PDCH共同24人验证,GLM-5.2,思考,4,C04：全文｜不规整｜逐条评分｜清洗,全文,不规整,清洗,13,全身症状,Spearman秩相关,24,24,24,0,0,3,17,0.6042739111087626,0.26469692028925956,0.832117569574624,0.0017642180821638982,0.0017998200179982,0.46969865056455307,0.03442449214272916,0.7679921458303567,0.02056884966869006,0.021897810218978103,-0.13457526054420954,-0.3273393985050833,-0.014136167672898534,0.7772942732257268,exploratory_only,探索性,金标准总分－对应金标准条目分；HAMD14金标准9视为无法评估且总分已不含该项,0.00644146111704619,0.04869190500304808,FDR显著,FDR显著,not_estimable
HAMD-17,PDCH共同24人验证,GLM-5.2,思考,4,C04：全文｜不规整｜逐条评分｜清洗,全文,不规整,清洗,14,性症状,Spearman秩相关,24,18,18,6,6,3,17,0.5378819357356373,0.10814231949088761,0.8332480158736622,0.02130970718943398,0.0254974502549745,0.4851696717537179,0.004254033595016285,0.808643172375398,0.041263075827788265,0.0446955304469553,-0.05271226398191936,-0.1710443242161014,0.0,0.9020003080976736,not_estimable,不可估计,金标准总分－对应金标准条目分；HAMD14金标准9视为无法评估且总分已不含该项,0.04482514711491814,0.08809553827225973,FDR显著,FDR不显著,not_estimable
HAMD-17,PDCH共同24人验证,GLM-5.2,思考,4,C04：全文｜不规整｜逐条评分｜清洗,全文,不规整,清洗,15,疑病,Spearman秩相关,24,24,24,0,0,3,17,0.12149899596523261,-0.31216755413899666,0.5232524872965499,0.5717010404303942,0.5732426757324267,-0.029726274807148755,-0.45830723049754346,0.42614756184845964,0.8903318865372145,0.8842115788421158,-0.15122527077238138,-0.3329591581537213,-0.028079908542939958,-0.24466271981091134,exploratory_only,探索性,金标准总分－对应金标准条目分；HAMD14金标准9视为无法评估且总分已不含该项,0.5997000299970002,0.917960112385708,FDR不显著,FDR不显著,not_estimable
HAMD-17,PDCH共同24人验证,GLM-5.2,思考,4,C04：全文｜不规整｜逐条评分｜清洗,全文,不规整,清洗,16,体重减轻,Spearman秩相关,24,24,24,0,0,3,17,0.35983337890677536,-0.049101923844879526,0.6847153577050925,0.08414866641405955,0.08919108089191082,0.32654662831292874,-0.0876736576296686,0.6667664947153885,0.11937747140106875,0.11948805119488051,-0.033286750593846615,-0.1167695496583663,0.00047026132996063355,0.9074939887595296,exploratory_only,探索性,金标准总分－对应金标准条目分；HAMD14金标准9视为无法评估且总分已不含该项,0.12252512122525122,0.1867859191092385,FDR不显著,FDR不显著,not_estimable
HAMD-17,PDCH共同24人验证,GLM-5.2,思考,4,C04：全文｜不规整｜逐条评分｜清洗,全文,不规整,清洗,17,自知力,Spearman秩相关,24,24,24,0,0,3,17,0.02892309922365073,-0.45653995225572314,0.5551791321269622,0.893278288079567,0.8962103789621038,0.005196984006679741,-0.5214236978182535,0.5441511685874977,0.9807721726011693,0.9805019498050195,-0.02372611521697099,-0.10601371231590298,0.03301180397874804,0.17968281913682718,exploratory_only,探索性,金标准总分－对应金标准条目分；HAMD14金标准9视为无法评估且总分已不含该项,0.9028489743618231,0.9877649272109825,FDR不显著,FDR不显著,not_estimable
HAMD-17,PDCH共同24人验证,GLM-5.2,思考,7,C07：全文｜规整｜逐条评分｜不清洗,全文,规整,不清洗,1,抑郁情绪,Spearman秩相关,24,24,24,0,0,4,15,0.6435373692262353,0.3387943178264511,0.8519985893192573,0.0006920517239869219,0.0010998900109989002,0.5068981887363494,0.10924000924285814,0.7887730968439296,0.011472656723918154,0.011398860113988602,-0.13663918048988588,-0.31623588226910737,-0.025044283874956608,0.7876748312935182,exploratory_only,探索性,金标准总分－对应金标准条目分；HAMD14金标准9视为无法评估且总分已不含该项,0.004399560043995601,0.03298393564898829,FDR显著,FDR显著,not_estimable
HAMD-17,PDCH共同24人验证,GLM-5.2,思考,7,C07：全文｜规整｜逐条评分｜不清洗,全文,规整,不清洗,2,有罪感,Spearman秩相关,24,24,24,0,0,4,15,0.3952997357276282,0.009520335205838747,0.6925488570419597,0.05589042861495583,0.055394460553944605,0.30292578972719114,-0.12719628161755517,0.6752622653981566,0.1501878169082633,0.15008499150084992,-0.09237394600043708,-0.22779935642454777,-0.002008009841586869,0.7663192315815635,exploratory_only,探索性,金标准总分－对应金标准条目分；HAMD14金标准9视为无法评估且总分已不含该项,0.08188746342757028,0.2194791273560816,FDR不显著,FDR不显著,not_estimable
HAMD-17,PDCH共同24人验证,GLM-5.2,思考,7,C07：全文｜规整｜逐条评分｜不清洗,全文,规整,不清洗,3,自杀,Spearman秩相关,24,24,24,0,0,4,15,0.5311377837833959,0.1631431565847813,0.7951597294275602,0.007570559047792786,0.007399260073992601,0.34173766391830995,-0.09362356284677245,0.6749990489885911,0.10216828856757589,0.10278972102789721,-0.18940011986508598,-0.39306620232322675,-0.0430668847712056,0.6434068039446323,exploratory_only,探索性,金标准总分－对应金标准条目分；HAMD14金标准9视为无法评估且总分已不含该项,0.01829635218296352,0.16842653084089182,FDR显著,FDR不显著,not_estimable
HAMD-17,PDCH共同24人验证,GLM-5.2,思考,7,C07：全文｜规整｜逐条评分｜不清洗,全文,规整,不清洗,4,入睡困难,Spearman秩相关,24,24,24,0,0,3,15,0.554289019256687,0.16243917262081142,0.8384085803702851,0.004944422989049265,0.006299370062993701,0.5342448289630792,0.10263502360937084,0.8204311409513695,0.007162069495072061,0.0072992700729927005,-0.020044190293607822,-0.07031717002638531,0.0,0.963838016635279,exploratory_only,探索性,金标准总分－对应金标准条目分；HAMD14金标准9视为无法评估且总分已不含该项,0.016475275549368142,0.025453864869923265,FDR显著,FDR显著,not_estimable
HAMD-17,PDCH共同24人验证,GLM-5.2,思考,7,C07：全文｜规整｜逐条评分｜不清洗,全文,规整,不清洗,5,睡眠不深,Spearman秩相关,24,24,24,0,0,3,15,0.16523088546917727,-0.26290957454260894,0.5543865603214438,0.44036506514322227,0.44215578442155784,-0.0023393477612950373,-0.4252066989749606,0.45335819847971937,0.9913442481351723,0.9917008299170083,-0.16757023323047232,-0.3392944047067575,-0.03648895742222241,-0.014158053772164933,exploratory_only,探索性,金标准总分－对应金标准条目分；HAMD14金标准9视为无法评估且总分已不含该项,0.48494505388170855,0.9917008299170083,FDR不显著,FDR不显著,not_estimable
HAMD-17,PDCH共同24人验证,GLM-5.2,思考,7,C07：全文｜规整｜逐条评分｜不清洗,全文,规整,不清洗,6,早醒,Spearman秩相关,24,24,24,0,0,3,15,0.45226847193966546,0.02082294051035908,0.7388908206420383,0.026491707750088904,0.026697330266973303,0.397834597139763,-0.007715299437012976,0.7094454109594516,0.05419575406570551,0.053894610538946106,-0.05443387479990247,-0.1690502203166255,0.042629960073488744,0.8796425614935101,exploratory_only,探索性,金标准总分－对应金标准条目分；HAMD14金标准9视为无法评估且总分已不含该项,0.04482514711491814,0.10323474694784042,FDR显著,FDR不显著,not_estimable
HAMD-17,PDCH共同24人验证,GLM-5.2,思考,7,C07：全文｜规整｜逐条评分｜不清洗,全文,规整,不清洗,7,工作和活动,Spearman秩相关,24,24,24,0,0,4,15,0.8042632915940512,0.5804860402830829,0.9275613254458559,2.1811146646149226e-06,9.999000099990002e-05,0.6614459057219146,0.3406187525826007,0.8859297304685545,0.00043214782130670756,0.0006999300069993001,-0.14281738587213655,-0.34396362893182514,-0.01535542434266193,0.8224245873648265,exploratory_only,探索性,金标准总分－对应金标准条目分；HAMD14金标准9视为无法评估且总分已不含该项,0.0008499150084991501,0.00815918408159184,FDR显著,FDR显著,not_estimable
HAMD-17,PDCH共同24人验证,GLM-5.2,思考,7,C07：全文｜规整｜逐条评分｜不清洗,全文,规整,不清洗,8,迟滞,Spearman秩相关,24,24,24,0,0,3,15,0.6444936917605658,0.3400651468046196,0.8393076869314068,0.0006753716242087917,0.0006999300069993001,0.6284618736286974,0.31155623781795777,0.8255578842936583,0.0010060217681197921,0.0015998400159984002,-0.01603181813186838,-0.16210951313247873,0.08225940311653841,0.9751249417382594,exploratory_only,探索性,金标准总分－对应金标准条目分；HAMD14金标准9视为无法评估且总分已不含该项,0.0031730160317301605,0.010878912108789121,FDR显著,FDR显著,not_estimable
HAMD-17,PDCH共同24人验证,GLM-5.2,思考,7,C07：全文｜规整｜逐条评分｜不清洗,全文,规整,不清洗,9,激越,Spearman秩相关,24,24,24,0,0,3,15,0.4236198755301988,0.010297370189469399,0.7265440260592921,0.03913139147503878,0.0392960703929607,0.3582936224593299,-0.05041488503167435,0.6765377400008172,0.08558157714218956,0.08149185081491851,-0.06532625307086892,-0.1503298046560102,-0.008758412208494503,0.8457903964276766,exploratory_only,探索性,金标准总分－对应金标准条目分；HAMD14金标准9视为无法评估且总分已不含该项,0.06142833992462822,0.14393365858219373,FDR不显著,FDR不显著,not_estimable
HAMD-17,PDCH共同24人验证,GLM-5.2,思考,7,C07：全文｜规整｜逐条评分｜不清洗,全文,规整,不清洗,10,精神性焦虑,Spearman秩相关,24,24,24,0,0,4,15,0.6756323400650519,0.3567312370818098,0.8712276377850919,0.00029103741431987513,0.00039996000399960006,0.6468915507258073,0.29944258311904237,0.8504377763923384,0.0006350653069680011,0.0007999200079992001,-0.02874078933924462,-0.10983319641597553,0.03756858181740678,0.9574609034604865,exploratory_only,探索性,金标准总分－对应金标准条目分；HAMD14金标准9视为无法评估且总分已不含该项,0.0022664400226644,0.00815918408159184,FDR显著,FDR显著,not_estimable
HAMD-17,PDCH共同24人验证,GLM-5.2,思考,7,C07：全文｜规整｜逐条评分｜不清洗,全文,规整,不清洗,11,躯体性焦虑,Spearman秩相关,24,24,24,0,0,4,15,0.5576663183893251,0.19493845131668616,0.8060964397440489,0.004634744295316007,0.005699430056994301,0.4191950111520022,-0.013388297816634294,0.7339385800469267,0.041449090536651405,0.0446955304469553,-0.13847130723732293,-0.2908987138217041,-0.016176587232020187,0.7516950501201839,exploratory_only,探索性,金标准总分－对应金标准条目分；HAMD14金标准9视为无法评估且总分已不含该项,0.0155024497550245,0.08809553827225973,FDR显著,FDR不显著,not_estimable
HAMD-17,PDCH共同24人验证,GLM-5.2,思考,7,C07：全文｜规整｜逐条评分｜不清洗,全文,规整,不清洗,12,胃肠道症状,Spearman秩相关,24,24,24,0,0,3,15,0.4887010740602944,0.13074149295489448,0.7620387721729507,0.015383879960402403,0.0165983401659834,0.3832592634911193,-0.028294161404793742,0.732633245265485,0.06450670528696158,0.0634936506349365,-0.10544181056917512,-0.26305826420420453,0.010778085854211594,0.7842406817461465,exploratory_only,探索性,金标准总分－对应金标准条目分；HAMD14金标准9视为无法评估且总分已不含该项,0.0313524203135242,0.11513515315135152,FDR显著,FDR不显著,not_estimable
HAMD-17,PDCH共同24人验证,GLM-5.2,思考,7,C07：全文｜规整｜逐条评分｜不清洗,全文,规整,不清洗,13,全身症状,Spearman秩相关,24,24,24,0,0,3,15,0.651905793009913,0.3172027731902776,0.870249818840901,0.0005574395218975381,0.000999900009999,0.5361567120015054,0.13132553478683784,0.8190321629092526,0.006919968493443905,0.0091990800919908,-0.11574908100840764,-0.2816302101783706,-0.009953755531415176,0.8224450798726871,exploratory_only,探索性,金标准总分－对应金标准条目分；HAMD14金标准9视为无法评估且总分已不含该项,0.0041208000412080005,0.029614816296148164,FDR显著,FDR显著,not_estimable
HAMD-17,PDCH共同24人验证,GLM-5.2,思考,7,C07：全文｜规整｜逐条评分｜不清洗,全文,规整,不清洗,14,性症状,Spearman秩相关,24,17,17,7,7,3,15,0.6320728371228836,0.24395129332480717,0.8377673334104493,0.006484655369903965,0.0084991500849915,0.5958411302117583,0.16374604863581785,0.8239503074664998,0.01160222996061376,0.0124987501249875,-0.036231706911125316,-0.1260713978230584,0.0,0.9426779561101731,not_estimable,不可估计,金标准总分－对应金标准条目分；HAMD14金标准9视为无法评估且总分已不含该项,0.020278673886997264,0.033996600339966,FDR显著,FDR显著,not_estimable
HAMD-17,PDCH共同24人验证,GLM-5.2,思考,7,C07：全文｜规整｜逐条评分｜不清洗,全文,规整,不清洗,15,疑病,Spearman秩相关,24,24,24,0,0,3,15,0.1783639369287191,-0.2564097092734747,0.56825119731757,0.4043531973550742,0.40255974402559747,0.08788063441716028,-0.39216953989842923,0.5106303005103099,0.6830284839251234,0.675032496750325,-0.09048330251155882,-0.23846231015349015,-0.004888935854301826,0.492704051785315,exploratory_only,探索性,金标准总分－对应金标准条目分；HAMD14金标准9视为无法评估且总分已不含该项,0.44510670884131104,0.7344353564643535,FDR不显著,FDR不显著,not_estimable
HAMD-17,PDCH共同24人验证,GLM-5.2,思考,7,C07：全文｜规整｜逐条评分｜不清洗,全文,规整,不清洗,16,体重减轻,Spearman秩相关,24,24,24,0,0,3,15,0.25687464610067434,-0.19596232277627118,0.6326380656629739,0.22562508335953718,0.22427757224277572,0.22106183406592114,-0.1992425621691726,0.5964766389927281,0.29923392603509136,0.2946705329467053,-0.0358128120347532,-0.13377775482148205,0.0006446726075093748,0.8605825347951334,exploratory_only,探索性,金标准总分－对应金标准条目分；HAMD14金标准9视为无法评估且总分已不含该项,0.2541812485418125,0.3710665970439993,FDR不显著,FDR不显著,not_estimable
HAMD-17,PDCH共同24人验证,GLM-5.2,思考,7,C07：全文｜规整｜逐条评分｜不清洗,全文,规整,不清洗,17,自知力,Spearman秩相关,24,24,24,0,0,3,15,0.03374559885998608,-0.4649147815542287,0.5077569301432631,0.875609137076198,0.8737126287371263,-0.006896374136141417,-0.5089826699367617,0.47799526322781805,0.9744865082205885,0.9769023097690231,-0.04064197299612749,-0.11927521154326293,0.0,-0.20436366131047712,exploratory_only,探索性,金标准总分－对应金标准条目分；HAMD14金标准9视为无法评估且总分已不含该项,0.8867531157332028,0.9877649272109825,FDR不显著,FDR不显著,not_estimable
HAMD-17,PDCH共同24人验证,GLM-5.2,思考,8,C08：全文｜规整｜逐条评分｜清洗,全文,规整,清洗,1,抑郁情绪,Spearman秩相关,24,24,24,0,0,4,17,0.7435594909811258,0.5182210528698052,0.8892009340174436,3.129604638446885e-05,9.999000099990002e-05,0.664371661901152,0.3479715287295827,0.853138082317239,0.0003989822751744271,0.0005999400059994001,-0.07918782907997379,-0.22658139791275497,0.00042906242502514536,0.8935016901263871,exploratory_only,探索性,金标准总分－对应金标准条目分；HAMD14金标准9视为无法评估且总分已不含该项,0.0008499150084991501,0.00815918408159184,FDR显著,FDR显著,not_estimable
HAMD-17,PDCH共同24人验证,GLM-5.2,思考,8,C08：全文｜规整｜逐条评分｜清洗,全文,规整,清洗,2,有罪感,Spearman秩相关,24,24,24,0,0,4,17,0.2720974170599799,-0.10799239128185668,0.6240216627001122,0.19834830025820663,0.19188081191880813,0.13719594521987347,-0.28362649818526325,0.5434114997209499,0.5226447424238293,0.51994800519948,-0.13490147184010645,-0.3041464434241305,-0.019331691887501157,0.5042162718862951,exploratory_only,探索性,金标准总分－对应金标准条目分；HAMD14金标准9视为无法评估且总分已不含该项,0.22496371052549918,0.589274405892744,FDR不显著,FDR不显著,not_estimable
HAMD-17,PDCH共同24人验证,GLM-5.2,思考,8,C08：全文｜规整｜逐条评分｜清洗,全文,规整,清洗,3,自杀,Spearman秩相关,24,24,24,0,0,4,17,0.33584463502995965,-0.06896742533499026,0.6567168852513338,0.10861132145732733,0.10788921107889211,0.1325912222380447,-0.3074865146793831,0.5329861349855746,0.5368243094535396,0.5356464353564644,-0.20325341279191494,-0.3984672668457068,-0.0634838290445653,0.39479928636113737,exploratory_only,探索性,金标准总分－对应金标准条目分；HAMD14金标准9视为无法评估且总分已不含该项,0.14201598708053723,0.5971140590858947,FDR不显著,FDR不显著,not_estimable
HAMD-17,PDCH共同24人验证,GLM-5.2,思考,8,C08：全文｜规整｜逐条评分｜清洗,全文,规整,清洗,4,入睡困难,Spearman秩相关,24,24,24,0,0,3,17,0.5647163833638759,0.15563329056088585,0.8099352646333449,0.004040568176074204,0.003999600039996,0.5398289139309959,0.0955064646454953,0.8092282704978253,0.006474088125440729,0.0072992700729927005,-0.024887469432880005,-0.09665405402987634,0.005534331452049724,0.9559292590651762,exploratory_only,探索性,金标准总分－对应金标准条目分；HAMD14金标准9视为无法评估且总分已不含该项,0.011100930723254205,0.025453864869923265,FDR显著,FDR显著,not_estimable
HAMD-17,PDCH共同24人验证,GLM-5.2,思考,8,C08：全文｜规整｜逐条评分｜清洗,全文,规整,清洗,5,睡眠不深,Spearman秩相关,24,24,24,0,0,3,17,0.30424039051750323,-0.12665338304281737,0.6406691661568136,0.1483381537268022,0.144985501449855,0.14862683406816168,-0.2824279672268005,0.5285600027443127,0.48823744015328985,0.48475152484751527,-0.15561355644934155,-0.31668796516044023,-0.02583070801639625,0.4885177599705028,exploratory_only,探索性,金标准总分－对应金标准条目分；HAMD14金标准9视为无法评估且总分已不含该项,0.1777624039397862,0.563471857942411,FDR不显著,FDR不显著,not_estimable
HAMD-17,PDCH共同24人验证,GLM-5.2,思考,8,C08：全文｜规整｜逐条评分｜清洗,全文,规整,清洗,6,早醒,Spearman秩相关,24,24,24,0,0,3,17,0.14117909584096897,-0.3230494779008865,0.5420858284497616,0.5105254121481995,0.49975002499750026,0.13112707492790693,-0.29760813872635766,0.5234608147112519,0.5413702939794026,0.5349465053494651,-0.010052020913062037,-0.1329693988434523,0.09934921367186997,0.9287995092107324,exploratory_only,探索性,金标准总分－对应金标准条目分；HAMD14金标准9视为无法评估且总分已不含该项,0.530984401559844,0.5971140590858947,FDR不显著,FDR不显著,not_estimable
HAMD-17,PDCH共同24人验证,GLM-5.2,思考,8,C08：全文｜规整｜逐条评分｜清洗,全文,规整,清洗,7,工作和活动,Spearman秩相关,24,24,24,0,0,5,17,0.7609941259403393,0.5398654614980022,0.9072443622239299,1.57724758136126e-05,9.999000099990002e-05,0.5746190523108079,0.1924062130114675,0.8346241630669061,0.003315317113380798,0.0038996100389961006,-0.18637507362953143,-0.4274309987367303,-0.030841466214658112,0.7550899970492769,exploratory_only,探索性,金标准总分－对应金标准条目分；HAMD14金标准9视为无法评估且总分已不含该项,0.0008499150084991501,0.017678232176782323,FDR显著,FDR显著,not_estimable
HAMD-17,PDCH共同24人验证,GLM-5.2,思考,8,C08：全文｜规整｜逐条评分｜清洗,全文,规整,清洗,8,迟滞,Spearman秩相关,24,24,24,0,0,3,17,0.6100961518380791,0.3123380333838738,0.805202638317593,0.001547431717492298,0.0018998100189981002,0.5925676025875559,0.2653359071862909,0.7940396785489643,0.0022793989368355898,0.0037996200379962005,-0.017528549250523162,-0.17062167341577697,0.08475624759684831,0.9712692020795186,exploratory_only,探索性,金标准总分－对应金标准条目分；HAMD14金标准9视为无法评估且总分已不含该项,0.006624978527788247,0.017678232176782323,FDR显著,FDR显著,not_estimable
HAMD-17,PDCH共同24人验证,GLM-5.2,思考,8,C08：全文｜规整｜逐条评分｜清洗,全文,规整,清洗,9,激越,Spearman秩相关,24,24,24,0,0,3,17,0.3350533757387908,-0.08681043472093578,0.7053354479201985,0.10949866806999399,0.1105889411058894,0.344190167235787,-0.0929763197153776,0.7195422176305044,0.0995719182120584,0.09609039096090391,0.0091367914969962,-0.05087278059950213,0.08024665015690045,1.0272696595784168,exploratory_only,探索性,金标准总分－对应金标准条目分；HAMD14金标准9视为无法评估且总分已不含该项,0.14201598708053723,0.16150483717060393,FDR不显著,FDR不显著,not_estimable
HAMD-17,PDCH共同24人验证,GLM-5.2,思考,8,C08：全文｜规整｜逐条评分｜清洗,全文,规整,清洗,10,精神性焦虑,Spearman秩相关,24,24,24,0,0,4,17,0.7897420968299084,0.5565709825744759,0.9122611805585029,4.455825629044378e-06,9.999000099990002e-05,0.7561407353189659,0.45502602126538827,0.9143779933901881,1.919448810580952e-05,9.999000099990002e-05,-0.03360136151094251,-0.15049113355742,0.03829527007382996,0.9574527410330268,exploratory_only,探索性,金标准总分－对应金标准条目分；HAMD14金标准9视为无法评估且总分已不含该项,0.0008499150084991501,0.006799320067993201,FDR显著,FDR显著,not_estimable
HAMD-17,PDCH共同24人验证,GLM-5.2,思考,8,C08：全文｜规整｜逐条评分｜清洗,全文,规整,清洗,11,躯体性焦虑,Spearman秩相关,24,24,24,0,0,4,17,0.6121166533444734,0.27394268415771017,0.8383793982112177,0.001477728918276005,0.0020997900209979003,0.48920744430388025,0.07551070899319645,0.7883998783170676,0.015261953498291472,0.0164983501649835,-0.12290920904059316,-0.29464747364399657,-0.002091542565305326,0.7992062323920714,exploratory_only,探索性,金标准总分－对应金标准条目分；HAMD14金标准9视为无法评估且总分已不含该项,0.006965157142822304,0.04079592040795921,FDR显著,FDR显著,not_estimable
HAMD-17,PDCH共同24人验证,GLM-5.2,思考,8,C08：全文｜规整｜逐条评分｜清洗,全文,规整,清洗,12,胃肠道症状,Spearman秩相关,24,24,24,0,0,3,17,0.4250116153791958,0.04323391115655856,0.7196553317385502,0.03842395933748654,0.0433956604339566,0.2578723037723615,-0.15398402466533856,0.6482239656513406,0.2237649370604399,0.22367763223677634,-0.16713931160683432,-0.37134908650700577,-0.03190171680438394,0.6067417793800471,exploratory_only,探索性,金标准总分－对应金标准条目分；HAMD14金标准9视为无法评估且总分已不含该项,0.06631246987660784,0.30388248303882487,FDR不显著,FDR不显著,not_estimable
HAMD-17,PDCH共同24人验证,GLM-5.2,思考,8,C08：全文｜规整｜逐条评分｜清洗,全文,规整,清洗,13,全身症状,Spearman秩相关,24,24,24,0,0,3,17,0.6593057102978374,0.3176266148774127,0.8515393058664548,0.0004578967696717849,0.0006999300069993001,0.5440611940497407,0.17471406193470918,0.8112775542140735,0.005990231594592043,0.006899310068993101,-0.11524451624809662,-0.3101945934343447,-0.0029349526838762926,0.8252032184037423,exploratory_only,探索性,金标准总分－对应金标准条目分；HAMD14金标准9视为无法评估且总分已不含该项,0.0031730160317301605,0.025359626199542205,FDR显著,FDR显著,not_estimable
HAMD-17,PDCH共同24人验证,GLM-5.2,思考,8,C08：全文｜规整｜逐条评分｜清洗,全文,规整,清洗,14,性症状,Spearman秩相关,24,19,19,5,5,3,17,0.6073542836083838,0.19059297767592723,0.8207929809260898,0.005815761179319015,0.0081991800819918,0.5465139370736364,0.06280166479865001,0.8044659756973053,0.015472091222973756,0.015898410158984102,-0.06084034653474746,-0.20898529571643557,0.0,0.8998272537516558,not_estimable,不可估计,金标准总分－对应金标准条目分；HAMD14金标准9视为无法评估且总分已不含该项,0.01991229448483723,0.040292267069589334,FDR显著,FDR显著,not_estimable
HAMD-17,PDCH共同24人验证,GLM-5.2,思考,8,C08：全文｜规整｜逐条评分｜清洗,全文,规整,清洗,15,疑病,Spearman秩相关,24,24,24,0,0,3,17,0.15681944120138686,-0.2640626432843794,0.5463465400463354,0.46429714754379364,0.45615438456154384,0.020388651718479804,-0.3965904493983486,0.46539445400886004,0.9246635910101787,0.9281071892810719,-0.13643078948290704,-0.3016848737684927,-0.021426657365119502,0.13001354654935152,exploratory_only,探索性,金标准总分－对应金标准条目分；HAMD14金标准9视为无法评估且总分已不含该项,0.49311259350255454,0.9562316495623165,FDR不显著,FDR不显著,not_estimable
HAMD-17,PDCH共同24人验证,GLM-5.2,思考,8,C08：全文｜规整｜逐条评分｜清洗,全文,规整,清洗,16,体重减轻,Spearman秩相关,24,24,24,0,0,3,17,0.25874344034456154,-0.212631175094202,0.6362882915397142,0.22214905337750127,0.22417758224177584,0.2199122794322196,-0.2632952234061959,0.6068203497102578,0.3018180455560996,0.3013698630136986,-0.03883116091234193,-0.13736703756324137,0.0005583497044487905,0.8499240759084307,exploratory_only,探索性,金标准总分－对应金标准条目分；HAMD14金标准9视为无法评估且总分已不含该项,0.2541812485418125,0.3720636945314477,FDR不显著,FDR不显著,not_estimable
HAMD-17,PDCH共同24人验证,GLM-5.2,思考,8,C08：全文｜规整｜逐条评分｜清洗,全文,规整,清洗,17,自知力,Spearman秩相关,24,24,24,0,0,3,17,-0.009948845216258856,-0.5080089184882443,0.43416876834132184,0.9632000410787788,0.9639036096390361,-0.038732125371622114,-0.5192654346396035,0.4267301521024103,0.8573995488784333,0.849015098490151,-0.02878328015536326,-0.0877628093954385,0.0012270219440358358,,exploratory_only,探索性,金标准总分－对应金标准条目分；HAMD14金标准9视为无法评估且总分已不含该项,0.9639036096390361,0.8882004107281579,FDR不显著,FDR不显著,not_estimable
HAMD-17,PDCH共同24人验证,GLM-5.2,思考,11,C11：事件序列｜不规整｜逐条评分｜不清洗,事件序列,不规整,不清洗,1,抑郁情绪,Spearman秩相关,24,24,24,0,0,4,20,0.7746494701996786,0.5258096653392885,0.9065966379711511,8.851095664763285e-06,9.999000099990002e-05,0.6270506265549145,0.26322372838566727,0.8608499887891434,0.001040855626723012,0.0021997800219978004,-0.14759884364476406,-0.35038350636882076,-0.015316848024441668,0.8094637002634004,exploratory_only,探索性,金标准总分－对应金标准条目分；HAMD14金标准9视为无法评估且总分已不含该项,0.0008499150084991501,0.013007394912682645,FDR显著,FDR显著,not_estimable
HAMD-17,PDCH共同24人验证,GLM-5.2,思考,11,C11：事件序列｜不规整｜逐条评分｜不清洗,事件序列,不规整,不清洗,2,有罪感,Spearman秩相关,24,24,24,0,0,3,20,0.39225385178923994,-0.0335076193509561,0.6935356588809718,0.05798067894352721,0.059394060593940604,0.3159115571442664,-0.12974993794607767,0.6413792642042232,0.13262151772979214,0.13458654134586542,-0.07634229464497355,-0.22379633607873115,0.04399101698424556,0.8053752836415927,exploratory_only,探索性,金标准总分－对应金标准条目分；HAMD14金标准9视为无法评估且总分已不含该项,0.08593183234868003,0.20158863234555668,FDR不显著,FDR不显著,not_estimable
HAMD-17,PDCH共同24人验证,GLM-5.2,思考,11,C11：事件序列｜不规整｜逐条评分｜不清洗,事件序列,不规整,不清洗,3,自杀,Spearman秩相关,24,24,24,0,0,5,20,0.4604881160529259,0.10240440270930588,0.7266489883704096,0.02354799005904217,0.025897410258974102,0.25929696549418996,-0.1487314419950087,0.6118882365110532,0.22112635872085168,0.22257774222577742,-0.20119115055873593,-0.4026531344271281,-0.054943590999292635,0.5630915466760663,exploratory_only,探索性,金标准总分－对应金标准条目分；HAMD14金标准9视为无法评估且总分已不含该项,0.04482514711491814,0.30388248303882487,FDR显著,FDR不显著,not_estimable
HAMD-17,PDCH共同24人验证,GLM-5.2,思考,11,C11：事件序列｜不规整｜逐条评分｜不清洗,事件序列,不规整,不清洗,4,入睡困难,Spearman秩相关,24,24,24,0,0,3,20,0.5820541670636439,0.21455657021156055,0.8570663689816431,0.0028460688270282356,0.0037996200379962005,0.552210311039505,0.1771005545984563,0.8317580983325783,0.00514353096541275,0.005599440055994401,-0.02984385602413886,-0.09858056584608499,0.0,0.9487266689031785,exploratory_only,探索性,金标准总分－对应金标准条目分；HAMD14金标准9视为无法评估且总分已不含该项,0.010765590107655902,0.023797620237976203,FDR显著,FDR显著,not_estimable
HAMD-17,PDCH共同24人验证,GLM-5.2,思考,11,C11：事件序列｜不规整｜逐条评分｜不清洗,事件序列,不规整,不清洗,5,睡眠不深,Spearman秩相关,24,24,24,0,0,3,20,0.26937724952954467,-0.13018906354260185,0.6158145846309622,0.2030495412567658,0.2004799520047995,0.10894021395923903,-0.30393938577484575,0.521386632890946,0.6123529059829318,0.6116388361163884,-0.16043703557030564,-0.31643162877227166,-0.03565010217686611,0.4044150504524723,exploratory_only,探索性,金标准总分－对应金标准条目分；HAMD14金标准9视为无法评估且总分已不含该项,0.2330365254072883,0.6762835911530798,FDR不显著,FDR不显著,not_estimable
HAMD-17,PDCH共同24人验证,GLM-5.2,思考,11,C11：事件序列｜不规整｜逐条评分｜不清洗,事件序列,不规整,不清洗,6,早醒,Spearman秩相关,24,24,24,0,0,3,20,0.5102900256426492,0.09290000030861105,0.7776987300484898,0.010843425562707367,0.013298670132986702,0.5042098059187724,0.07042337168894115,0.7650647846669256,0.011992508233508847,0.011998800119988001,-0.006080219723876845,-0.11254624259554263,0.0904715905276838,0.9880847764636992,exploratory_only,探索性,金标准总分－对应金标准条目分；HAMD14金标准9视为无法评估且总分已不含该项,0.02699431549382375,0.033996600339966,FDR显著,FDR显著,not_estimable
HAMD-17,PDCH共同24人验证,GLM-5.2,思考,11,C11：事件序列｜不规整｜逐条评分｜不清洗,事件序列,不规整,不清洗,7,工作和活动,Spearman秩相关,24,24,24,0,0,5,20,0.771323346888482,0.5348406950030763,0.8843672849233716,1.0225089398323408e-05,9.999000099990002e-05,0.6722975547552009,0.33749722215267636,0.8539369095012145,0.00031997720886438205,0.00029997000299970003,-0.09902579213328111,-0.2908761743625211,0.009294894542132729,0.8716157205240175,exploratory_only,探索性,金标准总分－对应金标准条目分；HAMD14金标准9视为无法评估且总分已不含该项,0.0008499150084991501,0.006799320067993201,FDR显著,FDR显著,not_estimable
HAMD-17,PDCH共同24人验证,GLM-5.2,思考,11,C11：事件序列｜不规整｜逐条评分｜不清洗,事件序列,不规整,不清洗,8,迟滞,Spearman秩相关,24,24,24,0,0,3,20,0.6080936239278496,0.30001424913350044,0.7976556269297905,0.0016192688104917535,0.0026997300269973002,0.5425364861890709,0.1270331234799498,0.7931183053483654,0.006160931712141205,0.0064993500649935,-0.06555713773877869,-0.2735545530066293,0.05610337182129127,0.892192361243115,exploratory_only,探索性,金标准总分－对应金标准条目分；HAMD14金标准9视为无法评估且总分已不含该项,0.008538681015619368,0.024553100245531,FDR显著,FDR显著,not_estimable
HAMD-17,PDCH共同24人验证,GLM-5.2,思考,11,C11：事件序列｜不规整｜逐条评分｜不清洗,事件序列,不规整,不清洗,9,激越,Spearman秩相关,24,24,24,0,0,3,20,0.30584662706189625,-0.09907969797080712,0.6726645623854635,0.14610018314618448,0.14508549145085492,0.3474281786025594,-0.08215285238819214,0.7132778529206083,0.09621931719670906,0.09619038096190381,0.041581551540663175,-0.03800676129729264,0.12805379291971916,1.1359555668150234,exploratory_only,探索性,金标准总分－对应金标准条目分；HAMD14金标准9视为无法评估且总分已不含该项,0.1777624039397862,0.16150483717060393,FDR不显著,FDR不显著,not_estimable
HAMD-17,PDCH共同24人验证,GLM-5.2,思考,11,C11：事件序列｜不规整｜逐条评分｜不清洗,事件序列,不规整,不清洗,10,精神性焦虑,Spearman秩相关,24,24,24,0,0,4,20,0.6895334588246556,0.3558524470530883,0.8854547113359167,0.00019348060691596055,0.00019998000199980003,0.664421804300566,0.35636555278548254,0.8654658205852599,0.0003984336781967104,0.00039996000399960006,-0.02511165452408959,-0.10302396415498252,0.026922415811746137,0.9635816736625171,exploratory_only,探索性,金标准总分－对应金标准条目分；HAMD14金标准9视为无法评估且总分已不含该项,0.0013598640135986401,0.006799320067993201,FDR显著,FDR显著,not_estimable
HAMD-17,PDCH共同24人验证,GLM-5.2,思考,11,C11：事件序列｜不规整｜逐条评分｜不清洗,事件序列,不规整,不清洗,11,躯体性焦虑,Spearman秩相关,24,24,24,0,0,4,20,0.5893697317509037,0.23144611306335292,0.8371050219502992,0.0024405785619323315,0.0021997800219978004,0.4685519819735091,0.017474334890698325,0.7664939297260944,0.0209221686075175,0.0197980201979802,-0.12081774977739457,-0.30038028018334223,0.0004205525668115499,0.7950051669289694,exploratory_only,探索性,金标准总分－对应金标准条目分；HAMD14金标准9视为无法评估且总分已不含该项,0.007123097214088115,0.045636114354666225,FDR显著,FDR显著,not_estimable
HAMD-17,PDCH共同24人验证,GLM-5.2,思考,11,C11：事件序列｜不规整｜逐条评分｜不清洗,事件序列,不规整,不清洗,12,胃肠道症状,Spearman秩相关,24,24,24,0,0,3,20,0.4452362506159256,0.07429631078990218,0.7239805341408732,0.0292383288385613,0.026597340265973404,0.27916536292622096,-0.12281534784884002,0.645389941185304,0.18648054081609164,0.18588141185881413,-0.16607088768970463,-0.36002549981781007,-0.02535101848772948,0.627005017089315,exploratory_only,探索性,金标准总分－对应金标准条目分；HAMD14金标准9视为无法评估且总分已不含该项,0.04482514711491814,0.266103915924197,FDR显著,FDR不显著,not_estimable
HAMD-17,PDCH共同24人验证,GLM-5.2,思考,11,C11：事件序列｜不规整｜逐条评分｜不清洗,事件序列,不规整,不清洗,13,全身症状,Spearman秩相关,24,24,24,0,0,3,20,0.6478863024478072,0.3898241805083807,0.8200799612005976,0.0006189640079910558,0.0005999400059994001,0.5094256122420089,0.13057476943065124,0.7683090951213686,0.011001013395160594,0.0105989401059894,-0.13846069020579832,-0.31930124865838044,-0.01950884788126918,0.7862885977328522,exploratory_only,探索性,金标准总分－对应金标准条目分；HAMD14金标准9视为无法评估且总分已不含该项,0.0030219200302192004,0.0313359968350991,FDR显著,FDR显著,not_estimable
HAMD-17,PDCH共同24人验证,GLM-5.2,思考,11,C11：事件序列｜不规整｜逐条评分｜不清洗,事件序列,不规整,不清洗,14,性症状,Spearman秩相关,24,20,20,4,4,3,20,0.6895468553293176,0.26771098797013854,0.8697437534554753,0.0007692851129787274,0.000999900009999,0.6535270982872238,0.22088736518919566,0.8568089750332191,0.0017786299838215818,0.0025997400259974,-0.036019757042093814,-0.14343608262261262,0.0,0.9477631479808702,exploratory_only,探索性,金标准总分－对应金标准条目分；HAMD14金标准9视为无法评估且总分已不含该项,0.0041208000412080005,0.013598640135986401,FDR显著,FDR显著,not_estimable
HAMD-17,PDCH共同24人验证,GLM-5.2,思考,11,C11：事件序列｜不规整｜逐条评分｜不清洗,事件序列,不规整,不清洗,15,疑病,Spearman秩相关,24,24,24,0,0,3,20,0.218044764889727,-0.2200688967818913,0.5993598287608767,0.3060454335273387,0.30496950304969506,0.07525144740612771,-0.37744391795011706,0.5136513416324129,0.7267355833525607,0.7205279472052795,-0.14279331748359927,-0.3094625659009353,-0.02622250936564442,0.3451192577092372,exploratory_only,探索性,金标准总分－对应金标准条目分；HAMD14金标准9视为无法评估且总分已不含该项,0.3427756397913928,0.7777127049199842,FDR不显著,FDR不显著,not_estimable
HAMD-17,PDCH共同24人验证,GLM-5.2,思考,11,C11：事件序列｜不规整｜逐条评分｜不清洗,事件序列,不规整,不清洗,16,体重减轻,Spearman秩相关,24,24,24,0,0,3,20,0.3252829743135812,-0.10515691519117866,0.6719353730204255,0.12089854750668808,0.11588841115888411,0.2773570837348824,-0.15087775619643382,0.6295368391559356,0.18946922902203067,0.19268073192680732,-0.04792589057869884,-0.14814835858408493,0.0,0.8526640053023585,exploratory_only,探索性,金标准总分－对应金标准条目分；HAMD14金标准9视为无法评估且总分已不含该项,0.1472974197907312,0.2729643702296437,FDR不显著,FDR不显著,not_estimable
HAMD-17,PDCH共同24人验证,GLM-5.2,思考,11,C11：事件序列｜不规整｜逐条评分｜不清洗,事件序列,不规整,不清洗,17,自知力,Spearman秩相关,24,24,24,0,0,3,20,0.06936307662383909,-0.4598006965906709,0.5395673599159309,0.7474101160402628,0.7375262473752625,0.0443257329665644,-0.47419041694871167,0.5186324756888525,0.8370571388486233,0.834016598340166,-0.02503734365727469,-0.10475993971419702,0.03212594312540714,0.6390393149217704,exploratory_only,探索性,金标准总分－对应金标准条目分；HAMD14金标准9视为无法评估且总分已不含该项,0.7598755275987553,0.8792733129787796,FDR不显著,FDR不显著,not_estimable
HAMD-17,PDCH共同24人验证,GLM-5.2,思考,12,C12：事件序列｜不规整｜逐条评分｜清洗,事件序列,不规整,清洗,1,抑郁情绪,Spearman秩相关,24,24,24,0,0,4,18,0.7485706801446261,0.5005184723687804,0.903073253127343,2.5845629739133823e-05,9.999000099990002e-05,0.6155467822965575,0.27807630114004167,0.8509397564704484,0.0013655414441611016,0.001999800019998,-0.13302389784806867,-0.3267687058090334,-0.01747251669412593,0.8222961419990854,exploratory_only,探索性,金标准总分－对应金标准条目分；HAMD14金标准9视为无法评估且总分已不含该项,0.0008499150084991501,0.012362400123624,FDR显著,FDR显著,not_estimable
HAMD-17,PDCH共同24人验证,GLM-5.2,思考,12,C12：事件序列｜不规整｜逐条评分｜清洗,事件序列,不规整,清洗,2,有罪感,Spearman秩相关,24,24,24,0,0,4,18,0.44753324009165163,0.10816329657766667,0.7392009879582302,0.028317234641055643,0.028697130286971302,0.35335140740560594,-0.028442404353882185,0.687344413208617,0.09030481362996473,0.09159084091590841,-0.09418183268604569,-0.24279709605574376,0.024491283568243673,0.7895534359263282,exploratory_only,探索性,金标准总分－对应金标准条目分；HAMD14金标准9视为无法评估且总分已不含该项,0.04702180384371201,0.15969685082773774,FDR显著,FDR不显著,not_estimable
HAMD-17,PDCH共同24人验证,GLM-5.2,思考,12,C12：事件序列｜不规整｜逐条评分｜清洗,事件序列,不规整,清洗,3,自杀,Spearman秩相关,24,24,24,0,0,3,18,0.43903642435228896,0.05938330770942911,0.7270710143334465,0.03184448070426687,0.0313968603139686,0.23447098735120775,-0.21574161343442405,0.613416597846425,0.27010914943902387,0.27387261273872615,-0.2045654370010812,-0.39793391849843296,-0.05766984960197394,0.5340581654406537,exploratory_only,探索性,金标准总分－对应金标准条目分；HAMD14金标准9视为无法评估且总分已不含该项,0.05083301193690154,0.3517685967252332,FDR不显著,FDR不显著,not_estimable
HAMD-17,PDCH共同24人验证,GLM-5.2,思考,12,C12：事件序列｜不规整｜逐条评分｜清洗,事件序列,不规整,清洗,4,入睡困难,Spearman秩相关,24,24,24,0,0,3,18,0.605485366423736,0.26671992170551506,0.8589766762796058,0.0017170930165990171,0.0020997900209979003,0.5770098946079244,0.20379893197573792,0.844083707194031,0.00315777280752143,0.0038996100389961006,-0.02847547181581156,-0.09360583196220329,0.0,0.9529708339872848,exploratory_only,探索性,金标准总分－对应金标准条目分；HAMD14金标准9视为无法评估且总分已不含该项,0.006965157142822304,0.017678232176782323,FDR显著,FDR显著,not_estimable
HAMD-17,PDCH共同24人验证,GLM-5.2,思考,12,C12：事件序列｜不规整｜逐条评分｜清洗,事件序列,不规整,清洗,5,睡眠不深,Spearman秩相关,24,24,24,0,0,3,18,0.3246091596528952,-0.06653352887898255,0.6486584527571669,0.1217153655403845,0.125987401259874,0.16580635071778124,-0.2607292152755993,0.5792405564539055,0.4387522089587327,0.44195580441955806,-0.15880280893511398,-0.3410265270266458,-0.024873473382205535,0.5107876527423875,exploratory_only,探索性,金标准总分－对应金标准条目分；HAMD14金标准9视为无法评估且总分已不含该项,0.15865080158650802,0.5181550810436197,FDR不显著,FDR不显著,not_estimable
HAMD-17,PDCH共同24人验证,GLM-5.2,思考,12,C12：事件序列｜不规整｜逐条评分｜清洗,事件序列,不规整,清洗,6,早醒,Spearman秩相关,24,24,24,0,0,3,18,0.28235819168193793,-0.19564028600308017,0.6451934234950433,0.18128289243910578,0.17668233176682333,0.2746246286225975,-0.22573680151237474,0.6460519752443163,0.1940473632130722,0.19958004199580043,-0.00773356305934042,-0.11399258512842322,0.08267173249100676,0.9726108068150122,exploratory_only,探索性,金标准总分－对应金标准条目分；HAMD14金标准9视为无法评估且总分已不含该项,0.21077892210778923,0.279823564035349,FDR不显著,FDR不显著,not_estimable
HAMD-17,PDCH共同24人验证,GLM-5.2,思考,12,C12：事件序列｜不规整｜逐条评分｜清洗,事件序列,不规整,清洗,7,工作和活动,Spearman秩相关,24,24,24,0,0,5,18,0.7589791234302173,0.5332298250285733,0.8890571337379469,1.712151253886371e-05,9.999000099990002e-05,0.627002609187538,0.2795655362066065,0.8613818433560224,0.0010420588362448663,0.0015998400159984002,-0.1319765142426793,-0.3335819403007905,-0.00354061282525581,0.826113116726835,exploratory_only,探索性,金标准总分－对应金标准条目分；HAMD14金标准9视为无法评估且总分已不含该项,0.0008499150084991501,0.010878912108789121,FDR显著,FDR显著,not_estimable
HAMD-17,PDCH共同24人验证,GLM-5.2,思考,12,C12：事件序列｜不规整｜逐条评分｜清洗,事件序列,不规整,清洗,8,迟滞,Spearman秩相关,24,24,24,0,0,3,18,0.6382453824294586,0.34741093057484934,0.8276434983362243,0.0007909279614319661,0.0012998700129987,0.592272657358508,0.23371329680320369,0.7983682162693565,0.0022938754372039214,0.0024997500249975004,-0.045972725070950626,-0.23378189093017174,0.06395928841824411,0.9279701407381012,exploratory_only,探索性,金标准总分－对应金标准条目分；HAMD14金标准9视为无法评估且总分已不含该项,0.004777900588319547,0.013598640135986401,FDR显著,FDR显著,not_estimable
HAMD-17,PDCH共同24人验证,GLM-5.2,思考,12,C12：事件序列｜不规整｜逐条评分｜清洗,事件序列,不规整,清洗,9,激越,Spearman秩相关,24,24,24,0,0,3,18,0.5150667218091209,0.14529096919373613,0.7776943999332717,0.01000584022394186,0.011698830116988301,0.5234063800600441,0.1487439280824528,0.7962356030810327,0.008671922382277195,0.0096990300969903,0.008339658250923199,-0.05579469079152205,0.0764420236607366,1.0161914134573302,exploratory_only,探索性,金标准总分－对应金标准条目分；HAMD14金标准9视为无法评估且总分已不含该项,0.024477552244775522,0.029614816296148164,FDR显著,FDR显著,not_estimable
HAMD-17,PDCH共同24人验证,GLM-5.2,思考,12,C12：事件序列｜不规整｜逐条评分｜清洗,事件序列,不规整,清洗,10,精神性焦虑,Spearman秩相关,24,24,24,0,0,3,18,0.6894276915694106,0.3956591111076615,0.8575229988384776,0.00019409860772476642,0.00029997000299970003,0.661770874241697,0.35624447972758344,0.8344989410532303,0.00042834992816786084,0.0007999200079992001,-0.027656817327713634,-0.1029398658724779,0.030893549064195225,0.959884382849845,exploratory_only,探索性,金标准总分－对应金标准条目分；HAMD14金标准9视为无法评估且总分已不含该项,0.00177373566991127,0.00815918408159184,FDR显著,FDR显著,not_estimable
HAMD-17,PDCH共同24人验证,GLM-5.2,思考,12,C12：事件序列｜不规整｜逐条评分｜清洗,事件序列,不规整,清洗,11,躯体性焦虑,Spearman秩相关,24,24,24,0,0,4,18,0.517514794526214,0.12960621793635843,0.7803217923698466,0.00959777708539599,0.0100989901009899,0.4476700092081676,0.04185361550099124,0.748302031069927,0.028263131740579903,0.031796820317968204,-0.06984478531804639,-0.2197186867800437,0.08248757163264177,0.8650380896221731,exploratory_only,探索性,金标准总分－对应金标准条目分；HAMD14金标准9视为无法评估且总分已不含该项,0.02273870973558382,0.06454279945139814,FDR显著,FDR不显著,not_estimable
HAMD-17,PDCH共同24人验证,GLM-5.2,思考,12,C12：事件序列｜不规整｜逐条评分｜清洗,事件序列,不规整,清洗,12,胃肠道症状,Spearman秩相关,24,24,24,0,0,3,18,0.44904510437491973,0.05749477783572048,0.7507098060325431,0.02772375981260196,0.0273972602739726,0.3066998285051994,-0.11726312903964387,0.6648206725185628,0.1449212353475503,0.1411858814118588,-0.14234527586972034,-0.3055050240434038,-0.029463149621784902,0.6830045033719542,exploratory_only,探索性,金标准总分－对应金标准条目分；HAMD14金标准9视为无法评估且总分已不含该项,0.04543935850317407,0.20870956382622605,FDR显著,FDR不显著,not_estimable
HAMD-17,PDCH共同24人验证,GLM-5.2,思考,12,C12：事件序列｜不规整｜逐条评分｜清洗,事件序列,不规整,清洗,13,全身症状,Spearman秩相关,24,24,24,0,0,3,18,0.7012087526010138,0.3830762292703237,0.8928087585132878,0.00013495354418099578,9.999000099990002e-05,0.5853894654176182,0.17318222767855349,0.8601405561297407,0.002654630528066841,0.0031996800319968005,-0.11581928718339563,-0.29961091634839376,-0.00609896792536757,0.8348290908323893,exploratory_only,探索性,金标准总分－对应金标准条目分；HAMD14金标准9视为无法评估且总分已不含该项,0.0008499150084991501,0.016116906827835734,FDR显著,FDR显著,not_estimable
HAMD-17,PDCH共同24人验证,GLM-5.2,思考,12,C12：事件序列｜不规整｜逐条评分｜清洗,事件序列,不规整,清洗,14,性症状,Spearman秩相关,24,19,19,5,5,3,18,0.5724461467716577,0.13377691554213766,0.8478479014914592,0.010425274653247038,0.0110988901109889,0.5244521037164045,0.08233550178166739,0.8177095711214658,0.021154790065415662,0.0221977802219778,-0.04799404305525323,-0.16160719950372704,0.0,0.9161597237994904,not_estimable,不可估计,金标准总分－对应金标准条目分；HAMD14金标准9视为无法评估且总分已不含该项,0.024010098990100988,0.04869190500304808,FDR显著,FDR显著,not_estimable
HAMD-17,PDCH共同24人验证,GLM-5.2,思考,12,C12：事件序列｜不规整｜逐条评分｜清洗,事件序列,不规整,清洗,15,疑病,Spearman秩相关,24,24,24,0,0,3,18,0.19384472932461155,-0.27358294646647907,0.5901852800790316,0.36409117538109503,0.3598640135986401,0.06453603094700273,-0.4281249047328709,0.5039047121839204,0.7644859399338978,0.7597240275972402,-0.12930869837760883,-0.27525436349893406,-0.02911945317852945,0.33292641575480225,exploratory_only,探索性,金标准总分－对应金标准条目分；HAMD14金标准9视为无法评估且总分已不含该项,0.40115988401159886,0.8072067793220677,FDR不显著,FDR不显著,not_estimable
HAMD-17,PDCH共同24人验证,GLM-5.2,思考,12,C12：事件序列｜不规整｜逐条评分｜清洗,事件序列,不规整,清洗,16,体重减轻,Spearman秩相关,24,24,24,0,0,3,18,0.4355088882617735,0.031774491838631166,0.7409825038778236,0.033407913953848095,0.035396460353964605,0.40846892993899486,0.009116471726116826,0.7155008199032014,0.04751638225401871,0.047495250474952504,-0.027039958322778612,-0.09716916717501287,0.002089674494701523,0.937911810639039,exploratory_only,探索性,金标准总分－对应金标准条目分；HAMD14金标准9视为无法评估且总分已不含该项,0.05663433656634337,0.09227648663705058,FDR不显著,FDR不显著,not_estimable
HAMD-17,PDCH共同24人验证,GLM-5.2,思考,12,C12：事件序列｜不规整｜逐条评分｜清洗,事件序列,不规整,清洗,17,自知力,Spearman秩相关,24,24,24,0,0,3,18,0.3029918493526695,-0.1768463689984469,0.6527622348805765,0.1500944817420177,0.15498450154984503,0.257552788282848,-0.2195698266736685,0.6281435017999887,0.2243595645658394,0.22567743225677434,-0.045439061069821485,-0.12592479771763526,0.0,0.8500320679684938,exploratory_only,探索性,金标准总分－对应金标准条目分；HAMD14金标准9视为无法评估且总分已不含该项,0.18819546616766897,0.30388248303882487,FDR不显著,FDR不显著,not_estimable
HAMD-17,PDCH共同24人验证,GLM-5.2,思考,15,C15：事件序列｜规整｜逐条评分｜不清洗,事件序列,规整,不清洗,1,抑郁情绪,Spearman秩相关,24,24,24,0,0,4,19,0.7027783888959365,0.4218933862333003,0.8710821829475588,0.00012840896930800368,0.00019998000199980003,0.6328039915657339,0.27074931734247454,0.8433221337967286,0.0009050530928072846,0.0008999100089991,-0.06997439733020261,-0.20296118541478966,0.01513717560002891,0.9004317741754521,exploratory_only,探索性,金标准总分－对应金标准条目分；HAMD14金标准9视为无法评估且总分已不含该项,0.0013598640135986401,0.00815918408159184,FDR显著,FDR显著,not_estimable
HAMD-17,PDCH共同24人验证,GLM-5.2,思考,15,C15：事件序列｜规整｜逐条评分｜不清洗,事件序列,规整,不清洗,2,有罪感,Spearman秩相关,24,24,24,0,0,4,19,0.4333199703838309,0.07753417579915431,0.7049885386959096,0.03440833743665777,0.035896410358964105,0.3542076538423378,-0.044501277596157726,0.675942173729544,0.08947285118290568,0.09319068093190681,-0.07911231654149309,-0.21756112487825466,0.03853681443851975,0.8174274855797297,exploratory_only,探索性,金标准总分－对应金标准条目分；HAMD14金标准9视为无法评估且总分已不含该项,0.056766416381617654,0.16042952666758642,FDR不显著,FDR不显著,not_estimable
HAMD-17,PDCH共同24人验证,GLM-5.2,思考,15,C15：事件序列｜规整｜逐条评分｜不清洗,事件序列,规整,不清洗,3,自杀,Spearman秩相关,24,24,24,0,0,3,19,0.4081710024266077,0.010349866919437607,0.6821620636045232,0.04769429667469149,0.0524947505249475,0.19664245741843345,-0.23421091953729473,0.5669219024916883,0.35707288609961396,0.36146385361463856,-0.21152854500817425,-0.41666096503548317,-0.06263872040385951,0.4817648883663442,exploratory_only,探索性,金标准总分－对应金标准条目分；HAMD14金标准9视为无法评估且总分已不含该项,0.07845369309222923,0.43892039367491825,FDR不显著,FDR不显著,not_estimable
HAMD-17,PDCH共同24人验证,GLM-5.2,思考,15,C15：事件序列｜规整｜逐条评分｜不清洗,事件序列,规整,不清洗,4,入睡困难,Spearman秩相关,24,24,24,0,0,3,19,0.5820541670636439,0.15553627556073604,0.8582911183748415,0.0028460688270282356,0.0031996800319968005,0.552210311039505,0.135154499239112,0.8271876131037709,0.00514353096541275,0.0064993500649935,-0.02984385602413886,-0.10221042157789333,0.0,0.9487266689031785,exploratory_only,探索性,金标准总分－对应金标准条目分；HAMD14金标准9视为无法评估且总分已不含该项,0.00967014409670144,0.024553100245531,FDR显著,FDR显著,not_estimable
HAMD-17,PDCH共同24人验证,GLM-5.2,思考,15,C15：事件序列｜规整｜逐条评分｜不清洗,事件序列,规整,不清洗,5,睡眠不深,Spearman秩相关,24,24,24,0,0,3,19,0.3684389576920042,-0.009917238808233572,0.6591612184803588,0.07647026880615014,0.0736926307369263,0.22208673895801279,-0.17801099704471238,0.5626315411169858,0.2969416230006656,0.2903709629037096,-0.1463522187339914,-0.2871739672871858,-0.03896655361026181,0.6027775682279118,exploratory_only,探索性,金标准总分－对应金标准条目分；HAMD14金标准9视为无法评估且总分已不含该项,0.10332162660022658,0.3690696350925655,FDR不显著,FDR不显著,not_estimable
HAMD-17,PDCH共同24人验证,GLM-5.2,思考,15,C15：事件序列｜规整｜逐条评分｜不清洗,事件序列,规整,不清洗,6,早醒,Spearman秩相关,24,24,24,0,0,3,19,0.41049565905441066,-0.05885533049960797,0.744241393892765,0.04631979654063778,0.0481951804819518,0.3430354032017229,-0.13908792051467822,0.6993256617109724,0.10078825645740823,0.09969003099690031,-0.06746025585268778,-0.1753489230895046,0.0011286456564828882,0.8356614634900535,exploratory_only,探索性,金标准总分－对应金标准条目分；HAMD14金标准9视为无法评估且总分已不含该项,0.07282827272828273,0.16533956360461513,FDR不显著,FDR不显著,not_estimable
HAMD-17,PDCH共同24人验证,GLM-5.2,思考,15,C15：事件序列｜规整｜逐条评分｜不清洗,事件序列,规整,不清洗,7,工作和活动,Spearman秩相关,24,24,24,0,0,5,19,0.6459910617474238,0.36559123137247546,0.8435993890083794,0.0006499513778879405,0.0011998800119988001,0.526037398623644,0.1467845454307596,0.818388955322413,0.008283104248054292,0.0084991500849915,-0.11995366312377986,-0.3379564411154192,0.03998200446531668,0.8143106457242584,exploratory_only,探索性,金标准总分－对应金标准条目分；HAMD14金标准9视为无法评估且总分已不含该项,0.004662390903766767,0.028192302720947415,FDR显著,FDR显著,not_estimable
HAMD-17,PDCH共同24人验证,GLM-5.2,思考,15,C15：事件序列｜规整｜逐条评分｜不清洗,事件序列,规整,不清洗,8,迟滞,Spearman秩相关,24,24,24,0,0,3,19,0.5805784970003324,0.25014973062558016,0.7967186876260763,0.0029344306590875927,0.0032996700329967,0.5160007983544744,0.13533574710633153,0.7865055230058112,0.009848480310032152,0.012398760123987601,-0.06457769864585794,-0.26563520696208914,0.058682470107537105,0.8887700819449726,exploratory_only,探索性,金标准总分－对应金标准条目分；HAMD14金标准9视为无法评估且总分已不含该项,0.009755546184511982,0.033996600339966,FDR显著,FDR显著,not_estimable
HAMD-17,PDCH共同24人验证,GLM-5.2,思考,15,C15：事件序列｜规整｜逐条评分｜不清洗,事件序列,规整,不清洗,9,激越,Spearman秩相关,24,24,24,0,0,3,19,0.4898152057380301,0.13549982559726748,0.7728041308585624,0.015116658351994553,0.013998600139986002,0.5056475204990565,0.13499616917785512,0.7966094798132703,0.0117121374494363,0.012998700129987,0.015832314761026367,-0.05986642191503779,0.09476467188061469,1.0323230364748905,exploratory_only,探索性,金标准总分－对应金标准条目分；HAMD14金标准9视为无法评估且总分已不含该项,0.027591443754175306,0.034663200346632,FDR显著,FDR显著,not_estimable
HAMD-17,PDCH共同24人验证,GLM-5.2,思考,15,C15：事件序列｜规整｜逐条评分｜不清洗,事件序列,规整,不清洗,10,精神性焦虑,Spearman秩相关,24,24,24,0,0,4,19,0.6934108443480578,0.3832351531804837,0.8883686646743404,0.0001719770335129811,0.00029997000299970003,0.6527200183611719,0.33445994068259366,0.8638818545501399,0.0005456423920703022,0.0008999100089991,-0.04069082598688589,-0.1378516587262658,0.0220540567857677,0.9413178690259116,exploratory_only,探索性,金标准总分－对应金标准条目分；HAMD14金标准9视为无法评估且总分已不含该项,0.00177373566991127,0.00815918408159184,FDR显著,FDR显著,not_estimable
HAMD-17,PDCH共同24人验证,GLM-5.2,思考,15,C15：事件序列｜规整｜逐条评分｜不清洗,事件序列,规整,不清洗,11,躯体性焦虑,Spearman秩相关,24,24,24,0,0,4,19,0.49333012686597416,0.14956557554709188,0.7437427870931962,0.01429839235314205,0.015498450154984501,0.39594637263398036,-0.017728683278390195,0.6864374739672304,0.05545427539188929,0.05649435056494351,-0.0973837542319938,-0.27436041136596534,0.02586484639196798,0.8025992151530397,exploratory_only,探索性,金标准总分－对应金标准条目分；HAMD14金标准9视为无法评估且总分已不含该项,0.02968717212785764,0.10671155106711552,FDR显著,FDR不显著,not_estimable
HAMD-17,PDCH共同24人验证,GLM-5.2,思考,15,C15：事件序列｜规整｜逐条评分｜不清洗,事件序列,规整,不清洗,12,胃肠道症状,Spearman秩相关,24,24,24,0,0,3,19,0.3962442697490887,0.013860225019950803,0.6871836037769922,0.055254234409199555,0.05749425057494251,0.2494986911920861,-0.1678915662553151,0.6195964551068077,0.2396959020262919,0.23967603239676033,-0.14674557855700263,-0.3165556690690174,-0.023948745538425954,0.6296587994826388,exploratory_only,探索性,金标准总分－对应金标准条目分；HAMD14金标准9视为无法评估且总分已不含该项,0.08407761374400194,0.3164654408345573,FDR不显著,FDR不显著,not_estimable
HAMD-17,PDCH共同24人验证,GLM-5.2,思考,15,C15：事件序列｜规整｜逐条评分｜不清洗,事件序列,规整,不清洗,13,全身症状,Spearman秩相关,24,24,24,0,0,3,19,0.6781505845525067,0.3539952200204715,0.8727262226377408,0.0002707180584894685,9.999000099990002e-05,0.5491305851665278,0.14313337680051835,0.8328049321999145,0.005450863536906238,0.0059994000599940004,-0.12901999938597886,-0.3108792231394485,-0.012480247516801107,0.8097472709971699,exploratory_only,探索性,金标准总分－对应金标准条目分；HAMD14金标准9视为无法评估且总分已不含该项,0.0008499150084991501,0.023997600239976002,FDR显著,FDR显著,not_estimable
HAMD-17,PDCH共同24人验证,GLM-5.2,思考,15,C15：事件序列｜规整｜逐条评分｜不清洗,事件序列,规整,不清洗,14,性症状,Spearman秩相关,24,22,22,2,2,3,19,0.5557965754005283,0.15870947537933874,0.8184199171566238,0.00723777722328386,0.009999000099990002,0.5076065769986271,0.08198192170301714,0.8047615448227844,0.015883757814444795,0.019198080191980802,-0.04818999840190119,-0.16916773591726691,0.0,0.9132956183345073,exploratory_only,探索性,金标准总分－对应金标准条目分；HAMD14金标准9视为无法评估且总分已不含该项,0.02273870973558382,0.04501618803636878,FDR显著,FDR显著,not_estimable
HAMD-17,PDCH共同24人验证,GLM-5.2,思考,15,C15：事件序列｜规整｜逐条评分｜不清洗,事件序列,规整,不清洗,15,疑病,Spearman秩相关,24,24,24,0,0,3,19,0.3350196899508771,-0.06762681343889837,0.6588638623036072,0.10953656238010684,0.10928907109289071,0.2184498868224304,-0.2138060410102316,0.5905318480261997,0.3051252973533073,0.3036696330366963,-0.1165698031284467,-0.28827811662147546,-0.0004890783336916525,0.6520508894699921,exploratory_only,探索性,金标准总分－对应金标准条目分；HAMD14金标准9视为无法评估且总分已不含该项,0.14201598708053723,0.3720636945314477,FDR不显著,FDR不显著,not_estimable
HAMD-17,PDCH共同24人验证,GLM-5.2,思考,15,C15：事件序列｜规整｜逐条评分｜不清洗,事件序列,规整,不清洗,16,体重减轻,Spearman秩相关,24,24,24,0,0,3,19,0.2805540624694121,-0.13817024917291687,0.6198470874383664,0.18420742591673542,0.1852814718528147,0.23533010623308775,-0.18316921735738645,0.604860915036033,0.2683070864949749,0.257974202579742,-0.04522395623632436,-0.133690728924554,0.0,0.8388048426807044,exploratory_only,探索性,金标准总分－对应金标准条目分；HAMD14金标准9视为无法评估且总分已不含该项,0.2191154797563722,0.3373508802965857,FDR不显著,FDR不显著,not_estimable
HAMD-17,PDCH共同24人验证,GLM-5.2,思考,15,C15：事件序列｜规整｜逐条评分｜不清洗,事件序列,规整,不清洗,17,自知力,Spearman秩相关,24,24,24,0,0,3,19,-0.15991236493613112,-0.6229361420863211,0.3702461463156375,0.45541994543407915,0.45685431456854314,-0.17962061725013023,-0.6423484977900651,0.3953907693595243,0.400995631535614,0.39436056394360564,-0.019708252313999114,-0.07388741629390772,0.001298752775412661,,exploratory_only,探索性,金标准总分－对应金标准条目分；HAMD14金标准9视为无法评估且总分已不含该项,0.49311259350255454,0.46661073023132466,FDR不显著,FDR不显著,not_estimable
HAMD-17,PDCH共同24人验证,GLM-5.2,思考,16,C16：事件序列｜规整｜逐条评分｜清洗,事件序列,规整,清洗,1,抑郁情绪,Spearman秩相关,24,24,24,0,0,4,19,0.6720274572325082,0.36048720215973173,0.866298852732558,0.00032242689376617994,0.00029997000299970003,0.558191772652501,0.18505599920233864,0.8201956984763596,0.004588062189060364,0.0057994200579942,-0.11383568458000726,-0.3000750518063193,-0.0015594547034352532,0.8306085810112631,exploratory_only,探索性,金标准总分－对应金标准条目分；HAMD14金标准9视为无法评估且总分已不含该项,0.00177373566991127,0.023900640239006402,FDR显著,FDR显著,not_estimable
HAMD-17,PDCH共同24人验证,GLM-5.2,思考,16,C16：事件序列｜规整｜逐条评分｜清洗,事件序列,规整,清洗,2,有罪感,Spearman秩相关,24,24,24,0,0,4,19,0.46594705600838976,0.10090315443404392,0.7627071687784465,0.02174309502786845,0.0201979802019798,0.3898595889550781,-0.019656526557300553,0.6978899291683469,0.05966572615201267,0.0608939106089391,-0.07608746705331165,-0.23219701419692482,0.075542026146267,0.836703620996928,exploratory_only,探索性,金标准总分－对应金标准条目分；HAMD14金标准9视为无法评估且总分已不含该项,0.03662567076625671,0.11191313301102321,FDR显著,FDR不显著,not_estimable
HAMD-17,PDCH共同24人验证,GLM-5.2,思考,16,C16：事件序列｜规整｜逐条评分｜清洗,事件序列,规整,清洗,3,自杀,Spearman秩相关,24,24,24,0,0,3,19,0.3806538561956005,-0.014151867118161786,0.6778054007734963,0.06649844899641094,0.0653934606539346,0.17835013579811407,-0.2651787534238719,0.5354191541131833,0.40439015744311746,0.3945605439456054,-0.20230372039748643,-0.41893490011917445,-0.057705520248863926,0.46853626436525087,exploratory_only,探索性,金标准总分－对应金标准条目分；HAMD14金标准9视为无法评估且总分已不含该项,0.09264073592640736,0.46661073023132466,FDR不显著,FDR不显著,not_estimable
HAMD-17,PDCH共同24人验证,GLM-5.2,思考,16,C16：事件序列｜规整｜逐条评分｜清洗,事件序列,规整,清洗,4,入睡困难,Spearman秩相关,24,24,24,0,0,3,19,0.5820541670636439,0.22065433360022949,0.8534979177932408,0.0028460688270282356,0.0027997200279972004,0.552210311039505,0.16149359136510744,0.8390242588129956,0.00514353096541275,0.005499450054994501,-0.02984385602413886,-0.09808190186230262,0.0,0.9487266689031785,exploratory_only,探索性,金标准总分－对应金标准条目分；HAMD14金标准9视为无法评估且总分已不含该项,0.0086536800865368,0.023797620237976203,FDR显著,FDR显著,not_estimable
HAMD-17,PDCH共同24人验证,GLM-5.2,思考,16,C16：事件序列｜规整｜逐条评分｜清洗,事件序列,规整,清洗,5,睡眠不深,Spearman秩相关,24,24,24,0,0,3,19,0.34919064897671453,-0.0649692135153936,0.6932982493578231,0.09443014639715878,0.09299070092990701,0.22609652789469425,-0.23009332166960622,0.5949121376347407,0.2880785812670394,0.29857014298570145,-0.12309412108202028,-0.2731600090596833,-0.007710738250794569,0.6474873498395751,exploratory_only,探索性,金标准总分－对应金标准条目分；HAMD14金标准9视为无法评估且总分已不含该项,0.125215201252152,0.3720636945314477,FDR不显著,FDR不显著,not_estimable
HAMD-17,PDCH共同24人验证,GLM-5.2,思考,16,C16：事件序列｜规整｜逐条评分｜清洗,事件序列,规整,清洗,6,早醒,Spearman秩相关,24,24,24,0,0,3,19,0.3233264682143353,-0.14969230548502338,0.6669602432906873,0.12328135514423237,0.1294870512948705,0.265705838957471,-0.19451381816493465,0.6481239427667037,0.20951359440449768,0.21377862213778623,-0.057620629256864286,-0.16501147897172208,0.028574241003343374,0.8217880844241086,exploratory_only,探索性,金标准总分－对应金标准条目分；HAMD14金标准9视为无法评估且总分已不含该项,0.16156182546882927,0.29667237357896864,FDR不显著,FDR不显著,not_estimable
HAMD-17,PDCH共同24人验证,GLM-5.2,思考,16,C16：事件序列｜规整｜逐条评分｜清洗,事件序列,规整,清洗,7,工作和活动,Spearman秩相关,24,24,24,0,0,5,19,0.6980943802229042,0.3945308074833595,0.8863847296903594,0.0001488068357392933,0.00019998000199980003,0.643449027563577,0.2885817933370671,0.8588676016800595,0.0006936103462243104,0.0016998300169983002,-0.05464535265932713,-0.2326838926134456,0.08682758499888502,0.9217221135029354,exploratory_only,探索性,金标准总分－对应金标准条目分；HAMD14金标准9视为无法评估且总分已不含该项,0.0013598640135986401,0.011008422967227087,FDR显著,FDR显著,not_estimable
HAMD-17,PDCH共同24人验证,GLM-5.2,思考,16,C16：事件序列｜规整｜逐条评分｜清洗,事件序列,规整,清洗,8,迟滞,Spearman秩相关,24,24,24,0,0,3,19,0.47578420653293074,0.04933927049122908,0.7637748716929329,0.0187737363554319,0.0193980601939806,0.46394646273520906,0.01146760267851881,0.7671165262507738,0.02239109123579987,0.0245975402459754,-0.011837743797721678,-0.1819838462866017,0.1208740154556499,0.975119510830374,exploratory_only,探索性,金标准总分－对应金标准条目分；HAMD14金标准9视为无法评估且总分已不含该项,0.03565048900515354,0.05167483251674833,FDR显著,FDR不显著,not_estimable
HAMD-17,PDCH共同24人验证,GLM-5.2,思考,16,C16：事件序列｜规整｜逐条评分｜清洗,事件序列,规整,清洗,9,激越,Spearman秩相关,24,24,24,0,0,3,19,0.4133112517543443,0.0,0.7334673145530862,0.044696741289835765,0.0425957404259574,0.38998327441244574,-0.02200657383823024,0.7244542514115215,0.059577763808942155,0.06059394060593941,-0.023327977341898565,-0.10865318752473425,0.04570811394723143,0.9435583298473477,exploratory_only,探索性,金标准总分－对应金标准条目分；HAMD14金标准9视为无法评估且总分已不含该项,0.0658297806582978,0.11191313301102321,FDR不显著,FDR不显著,not_estimable
HAMD-17,PDCH共同24人验证,GLM-5.2,思考,16,C16：事件序列｜规整｜逐条评分｜清洗,事件序列,规整,清洗,10,精神性焦虑,Spearman秩相关,24,24,24,0,0,4,19,0.6914338012921032,0.3526191020731133,0.8865458339503175,0.00018266541563546584,0.0004999500049995,0.6463636163990378,0.27177567341471637,0.8559739015783976,0.0006437565166588062,0.0012998700129987,-0.04507018489306536,-0.14325779029074084,0.015743797199312248,0.9348163413347144,exploratory_only,探索性,金标准总分－对应金标准条目分；HAMD14金标准9视为无法评估且总分已不含该项,0.0026151231030743078,0.0098212400982124,FDR显著,FDR显著,not_estimable
HAMD-17,PDCH共同24人验证,GLM-5.2,思考,16,C16：事件序列｜规整｜逐条评分｜清洗,事件序列,规整,清洗,11,躯体性焦虑,Spearman秩相关,24,24,24,0,0,4,19,0.49770035211593533,0.1352782684949118,0.7523263998458491,0.013331996174787187,0.012598740125987402,0.38490581203255486,-0.05720018917810857,0.7005790025957199,0.0632717820248414,0.06579342065793421,-0.11279454008338047,-0.2892203342401561,0.003802849207764474,0.7733685748787538,exploratory_only,探索性,金标准总分－对应金标准条目分；HAMD14金标准9视为无法评估且总分已不含该项,0.025961040259610404,0.11773559486156648,FDR显著,FDR不显著,not_estimable
HAMD-17,PDCH共同24人验证,GLM-5.2,思考,16,C16：事件序列｜规整｜逐条评分｜清洗,事件序列,规整,清洗,12,胃肠道症状,Spearman秩相关,24,24,24,0,0,3,19,0.4550604131672058,0.08316685185690682,0.7374623195483766,0.02546043494637463,0.026497350264973504,0.3154616124066231,-0.09938946497051533,0.6762500273428139,0.1332042273587164,0.13488651134886512,-0.13959880076058268,-0.3298650285504128,-0.019724709612746777,0.6932301806061759,exploratory_only,探索性,金标准总分－对应金标准条目分；HAMD14金标准9视为无法评估且总分已不含该项,0.04482514711491814,0.20158863234555668,FDR显著,FDR不显著,not_estimable
HAMD-17,PDCH共同24人验证,GLM-5.2,思考,16,C16：事件序列｜规整｜逐条评分｜清洗,事件序列,规整,清洗,13,全身症状,Spearman秩相关,24,24,24,0,0,3,19,0.6534709985190461,0.3358758275703723,0.8498422405930612,0.0005349535787508216,0.0007999200079992001,0.5367696897088745,0.15126852441193003,0.7940267126514187,0.0068438083738656995,0.007499250074992501,-0.1167013088101716,-0.2906791532730999,-0.013148726021710234,0.8214131781293271,exploratory_only,探索性,金标准总分－对应金标准条目分；HAMD14金标准9视为无法评估且总分已不含该项,0.003509326486706168,0.0254974502549745,FDR显著,FDR显著,not_estimable
HAMD-17,PDCH共同24人验证,GLM-5.2,思考,16,C16：事件序列｜规整｜逐条评分｜清洗,事件序列,规整,清洗,14,性症状,Spearman秩相关,24,22,22,2,2,3,19,0.5194111997940926,0.09569420273054391,0.8021542246753324,0.01323579924891681,0.013798620137986202,0.4662540271067645,0.02527127700809899,0.7792862554984967,0.028725450618161247,0.029897010298970104,-0.05315717268732806,-0.17591087589634308,0.0,0.8976587861247488,exploratory_only,探索性,金标准总分－对应金标准条目分；HAMD14金标准9视为无法评估且总分已不含该项,0.027591443754175306,0.06160596061605961,FDR显著,FDR不显著,not_estimable
HAMD-17,PDCH共同24人验证,GLM-5.2,思考,16,C16：事件序列｜规整｜逐条评分｜清洗,事件序列,规整,清洗,15,疑病,Spearman秩相关,24,24,24,0,0,3,19,0.2679686986334614,-0.14363794457683407,0.6175863648950254,0.2055133324576503,0.20427957204279573,0.14110175093036817,-0.24175544309382868,0.5286360029867385,0.5107594371181383,0.5004499550044995,-0.12686694770309323,-0.2925454542576326,-0.007635344624788568,0.5265605708798584,exploratory_only,探索性,金标准总分－对应金标准条目分；HAMD14金标准9视为无法评估且总分已不含该项,0.2354408626933917,0.5767897786492537,FDR不显著,FDR不显著,not_estimable
HAMD-17,PDCH共同24人验证,GLM-5.2,思考,16,C16：事件序列｜规整｜逐条评分｜清洗,事件序列,规整,清洗,16,体重减轻,Spearman秩相关,24,24,24,0,0,3,19,0.2921233021588724,-0.1340388799961932,0.6432045375989646,0.16600917372351776,0.1618838116188381,0.2526763057097281,-0.1930311161104811,0.6225965144422436,0.23356523662119452,0.23007699230076992,-0.03944699644914429,-0.12705053031735034,0.0,0.8649645675041326,exploratory_only,探索性,金标准总分－对应金标准条目分；HAMD14金标准9视为无法评估且总分已不含该项,0.19483361398373433,0.3067693230676932,FDR不显著,FDR不显著,not_estimable
HAMD-17,PDCH共同24人验证,GLM-5.2,思考,16,C16：事件序列｜规整｜逐条评分｜清洗,事件序列,规整,清洗,17,自知力,Spearman秩相关,24,24,24,0,0,2,19,-0.13513465016387047,-0.582912120679769,0.33564101345692887,0.5289700075022155,0.5355464453554645,-0.1413201714019284,-0.5801785893762386,0.3167517485098161,0.51009868961303,0.5189481051894811,-0.006185521238057934,-0.03632206516007878,0.002188323276996264,,exploratory_only,探索性,金标准总分－对应金标准条目分；HAMD14金标准9视为无法评估且总分已不含该项,0.5646071051809548,0.589274405892744,FDR不显著,FDR不显著,not_estimable
HAMD-17,PDCH共同24人验证,Kimi-K2.6,不思考,3,C03：全文｜不规整｜逐条评分｜不清洗,全文,不规整,不清洗,1,抑郁情绪,Spearman秩相关,24,24,24,0,0,4,6,0.7612664362186364,0.5385442611759151,0.8938390093112037,1.5597567958615346e-05,0.00019998000199980003,0.693143708949109,0.38823663033989353,0.8675961245033378,0.00017338856467900675,0.0004999500049995,-0.0681227272695274,-0.1925288078639758,0.005582360742141272,0.9105139488246629,exploratory_only,探索性,金标准总分－对应金标准条目分；HAMD14金标准9视为无法评估且总分已不含该项,0.0016998300169983002,0.006181200061812,FDR显著,FDR显著,not_estimable
HAMD-17,PDCH共同24人验证,Kimi-K2.6,不思考,3,C03：全文｜不规整｜逐条评分｜不清洗,全文,不规整,不清洗,2,有罪感,Spearman秩相关,24,24,24,0,0,3,6,0.41213247551922016,0.04353867312456688,0.6875046691622627,0.04537073513668825,0.045795420457954206,0.2502267113644552,-0.18957885655554274,0.6069872963168901,0.23828208871012882,0.23647635236476353,-0.161905764154765,-0.35009694560486676,-0.03657939943879707,0.6071511618908703,exploratory_only,探索性,金标准总分－对应金标准条目分；HAMD14金标准9视为无法评估且总分已不含该项,0.08194969976686543,0.3247516832475168,FDR不显著,FDR不显著,not_estimable
HAMD-17,PDCH共同24人验证,Kimi-K2.6,不思考,3,C03：全文｜不规整｜逐条评分｜不清洗,全文,不规整,不清洗,3,自杀,Spearman秩相关,24,24,24,0,0,5,6,0.3886650707894643,0.0018074029735614151,0.6864914085225508,0.06052040256334773,0.0643935606439356,0.24452000196458384,-0.14457820411639266,0.5890576798601972,0.24951174296535372,0.24117588241175883,-0.14414506882488043,-0.3628790135269406,0.005628168227710014,0.6291278026808788,exploratory_only,探索性,金标准总分－对应金标准条目分；HAMD14金标准9视为无法评估且总分已不含该项,0.0996718509967185,0.3247516832475168,FDR不显著,FDR不显著,not_estimable
HAMD-17,PDCH共同24人验证,Kimi-K2.6,不思考,3,C03：全文｜不规整｜逐条评分｜不清洗,全文,不规整,不清洗,4,入睡困难,Spearman秩相关,24,24,24,0,0,3,6,0.5248086413771478,0.10680928205852781,0.8225013135238549,0.008462849776203736,0.009599040095990401,0.49466948438506286,0.10442461770233599,0.7914709257399171,0.013996306191804125,0.014698530146985302,-0.030139156992084914,-0.09142806852413166,0.0,0.9425711495279557,exploratory_only,探索性,金标准总分－对应金标准条目分；HAMD14金标准9视为无法评估且总分已不含该项,0.026642233735810095,0.049975002499750024,FDR显著,FDR显著,not_estimable
HAMD-17,PDCH共同24人验证,Kimi-K2.6,不思考,3,C03：全文｜不规整｜逐条评分｜不清洗,全文,不规整,不清洗,5,睡眠不深,Spearman秩相关,24,24,24,0,0,3,6,0.36692107949781494,-0.01854622844623043,0.6739409639079001,0.07778449670365274,0.08289171082891711,0.2638346232844732,-0.14738319473947803,0.5795500128852796,0.21286085439029517,0.21257874212578742,-0.10308645621334173,-0.21772496336127597,-0.006590861353808082,0.7190500574280698,exploratory_only,探索性,金标准总分－对应金标准条目分；HAMD14金标准9视为无法评估且总分已不含该项,0.1186660281340287,0.30432325188533776,FDR不显著,FDR不显著,not_estimable
HAMD-17,PDCH共同24人验证,Kimi-K2.6,不思考,3,C03：全文｜不规整｜逐条评分｜不清洗,全文,不规整,不清洗,6,早醒,Spearman秩相关,24,24,24,0,0,3,6,0.5594256422318549,0.1850364888818443,0.807312202630319,0.0044799958367923165,0.0046995300469953,0.567508329537624,0.18932356185227003,0.7999004199618208,0.003823718863525442,0.005699430056994301,0.00808268730576911,-0.07930335066528499,0.09929475996384633,1.0144481888129455,exploratory_only,探索性,金标准总分－对应金标准条目分；HAMD14金标准9视为无法评估且总分已不含该项,0.0187981201879812,0.025837416258374164,FDR显著,FDR显著,not_estimable
HAMD-17,PDCH共同24人验证,Kimi-K2.6,不思考,3,C03：全文｜不规整｜逐条评分｜不清洗,全文,不规整,不清洗,7,工作和活动,Spearman秩相关,24,24,24,0,0,5,6,0.7201873949489258,0.4569945172524959,0.8865089673974621,7.239491196197161e-05,0.00019998000199980003,0.6728844461838076,0.37537319936001956,0.8670704905882096,0.00031470997573350635,9.999000099990002e-05,-0.0473029487651182,-0.2312750760122363,0.1100231443972337,0.9343185550082103,exploratory_only,探索性,金标准总分－对应金标准条目分；HAMD14金标准9视为无法评估且总分已不含该项,0.0016998300169983002,0.0027197280271972803,FDR显著,FDR显著,not_estimable
HAMD-17,PDCH共同24人验证,Kimi-K2.6,不思考,3,C03：全文｜不规整｜逐条评分｜不清洗,全文,不规整,不清洗,8,迟滞,Spearman秩相关,24,24,24,0,0,3,6,0.6661611658728238,0.3501071421177444,0.8559428557969202,0.00037980405206185545,0.0004999500049995,0.6108113927920477,0.23825964481851405,0.8257464779025354,0.001522442892963967,0.0018998100189981002,-0.055349773080776155,-0.188767099591578,0.02888713829738538,0.9169123390609909,exploratory_only,探索性,金标准总分－对应金标准条目分；HAMD14金标准9视为无法评估且总分已不含该项,0.003237771460949143,0.012980520129805202,FDR显著,FDR显著,not_estimable
HAMD-17,PDCH共同24人验证,Kimi-K2.6,不思考,3,C03：全文｜不规整｜逐条评分｜不清洗,全文,不规整,不清洗,9,激越,Spearman秩相关,24,24,24,0,0,3,6,0.521145032217052,0.17836822246646217,0.7553363719290248,0.009018105892792457,0.0084991500849915,0.5185732405405714,0.19278902072742274,0.7520877966601031,0.009425666670877042,0.009999000099990002,-0.0025717916764805837,-0.06569895792074955,0.06727986341380063,0.9950651133226011,exploratory_only,探索性,金标准总分－对应金标准条目分；HAMD14金标准9视为无法评估且总分已不含该项,0.026064060260640603,0.03777400037774001,FDR显著,FDR显著,not_estimable
HAMD-17,PDCH共同24人验证,Kimi-K2.6,不思考,3,C03：全文｜不规整｜逐条评分｜不清洗,全文,不规整,不清洗,10,精神性焦虑,Spearman秩相关,24,24,24,0,0,4,6,0.7644831779343237,0.4834350961127813,0.9065174394515456,1.3657391132236062e-05,9.999000099990002e-05,0.7393562403952121,0.4300558140790964,0.9001825283108789,3.662379928485667e-05,0.00019998000199980003,-0.02512693753911166,-0.10723096999603661,0.045551984784821656,0.9671321249906295,exploratory_only,探索性,金标准总分－对应金标准条目分；HAMD14金标准9视为无法评估且总分已不含该项,0.0012362400123624002,0.003885325753138972,FDR显著,FDR显著,not_estimable
HAMD-17,PDCH共同24人验证,Kimi-K2.6,不思考,3,C03：全文｜不规整｜逐条评分｜不清洗,全文,不规整,不清洗,11,躯体性焦虑,Spearman秩相关,24,24,24,0,0,4,6,0.6782423599003906,0.36014535972971,0.8813234056077531,0.0002700014530531353,0.0006999300069993001,0.608832643143952,0.25679832801543456,0.8361644752217413,0.0015924330201271674,0.0020997900209979003,-0.06940971675643859,-0.2027914281119406,0.04412388307414628,0.8976623684096753,exploratory_only,探索性,金标准总分－对应金标准条目分；HAMD14金标准9视为无法评估且总分已不含该项,0.004138716563126296,0.012980520129805202,FDR显著,FDR显著,not_estimable
HAMD-17,PDCH共同24人验证,Kimi-K2.6,不思考,3,C03：全文｜不规整｜逐条评分｜不清洗,全文,不规整,不清洗,12,胃肠道症状,Spearman秩相关,24,24,24,0,0,3,6,0.5090486122677195,0.15373713784116766,0.7728847890410585,0.011070332271477377,0.011698830116988301,0.3775241436463403,-0.034762278485584726,0.6932522393342586,0.06895285968119523,0.06819318068193181,-0.13152446862137918,-0.2910197908883517,-0.024736556172930066,0.7416268987838677,exploratory_only,探索性,金标准总分－对应金标准条目分；HAMD14金标准9视为无法评估且总分已不含该项,0.030019639545479416,0.134409747431054,FDR显著,FDR不显著,not_estimable
HAMD-17,PDCH共同24人验证,Kimi-K2.6,不思考,3,C03：全文｜不规整｜逐条评分｜不清洗,全文,不规整,不清洗,13,全身症状,Spearman秩相关,24,24,24,0,0,3,6,0.7393793903434076,0.535846076131608,0.8820680891345755,3.6592396894641e-05,9.999000099990002e-05,0.6204892764225377,0.2653306157656872,0.8430990815013358,0.0012167523492212188,0.0014998500149985001,-0.1188901139208699,-0.3251163918393877,-0.004251618826988967,0.8392028294626241,exploratory_only,探索性,金标准总分－对应金标准条目分；HAMD14金标准9视为无法评估且总分已不含该项,0.0012362400123624002,0.011332200113322,FDR显著,FDR显著,not_estimable
HAMD-17,PDCH共同24人验证,Kimi-K2.6,不思考,3,C03：全文｜不规整｜逐条评分｜不清洗,全文,不规整,不清洗,14,性症状,Spearman秩相关,24,14,14,10,10,3,6,0.7003827094915249,0.36890180681411844,0.8973818333373564,0.005278076085654382,0.0064993500649935,0.6079677456961833,0.1701583115925752,0.844853291616263,0.021077623999223027,0.024197580241975804,-0.09241496379534164,-0.31269083825924787,0.0,0.8680507634712534,not_estimable,不可估计,金标准总分－对应金标准条目分；HAMD14金标准9视为无法评估且总分已不含该项,0.022664400226644,0.0647935206479352,FDR显著,FDR不显著,not_estimable
HAMD-17,PDCH共同24人验证,Kimi-K2.6,不思考,3,C03：全文｜不规整｜逐条评分｜不清洗,全文,不规整,不清洗,15,疑病,Spearman秩相关,24,24,24,0,0,3,6,0.48640764136598746,0.08708027226585925,0.7723871769548197,0.01594612021993913,0.016298370162983702,0.4160312992711941,-0.024481174311400043,0.734672318281413,0.043171435203249654,0.043495650434956505,-0.07037634209479338,-0.20023778266142875,0.012631926220378143,0.8553140697026177,exploratory_only,探索性,金标准总分－对应金标准条目分；HAMD14金标准9视为无法评估且总分已不含该项,0.03803009529555519,0.10176315701763157,FDR显著,FDR不显著,not_estimable
HAMD-17,PDCH共同24人验证,Kimi-K2.6,不思考,3,C03：全文｜不规整｜逐条评分｜不清洗,全文,不规整,不清洗,16,体重减轻,Spearman秩相关,24,24,24,0,0,3,6,0.40351809764083063,0.028040944158856627,0.7123821958492215,0.050540984724520954,0.051594840515948405,0.37918159885116487,-0.00784555534153609,0.6896589804966898,0.06764456512348585,0.06989301069893011,-0.02433649878966576,-0.091522578998803,0.0022549047360593153,0.9396892012230699,exploratory_only,探索性,金标准总分－对应金标准条目分；HAMD14金标准9视为无法评估且总分已不含该项,0.08771122887711229,0.13502875064606215,FDR不显著,FDR不显著,not_estimable
HAMD-17,PDCH共同24人验证,Kimi-K2.6,不思考,3,C03：全文｜不规整｜逐条评分｜不清洗,全文,不规整,不清洗,17,自知力,Spearman秩相关,24,24,24,0,0,2,6,0.504481014235133,0.24495651148632946,0.7146673858285443,0.011939200760699407,0.008999100089991,0.512748279492058,0.2631699503512565,0.7341425670345368,0.01040542714512267,0.007099290070992901,0.008267265256925005,-0.003624936604531351,0.046607014796430694,1.016387663804275,exploratory_only,探索性,金标准总分－对应金标准条目分；HAMD14金标准9视为无法评估且总分已不含该项,0.026064060260640603,0.03017198280171983,FDR显著,FDR显著,not_estimable
HAMD-17,PDCH共同24人验证,Kimi-K2.6,不思考,4,C04：全文｜不规整｜逐条评分｜清洗,全文,不规整,清洗,1,抑郁情绪,Spearman秩相关,24,24,24,0,0,4,4,0.765344098433083,0.5223012335153228,0.9177757784027929,1.3175769832876355e-05,9.999000099990002e-05,0.7014042245061722,0.3862835183181373,0.8821432564446763,0.00013412295514592207,0.00029997000299970003,-0.0639398739269108,-0.1620827010902848,-0.002103218010219262,0.9164560436830738,exploratory_only,探索性,金标准总分－对应金标准条目分；HAMD14金标准9视为无法评估且总分已不含该项,0.0012362400123624002,0.004532880045328801,FDR显著,FDR显著,not_estimable
HAMD-17,PDCH共同24人验证,Kimi-K2.6,不思考,4,C04：全文｜不规整｜逐条评分｜清洗,全文,不规整,清洗,2,有罪感,Spearman秩相关,24,24,24,0,0,4,4,0.31549921603553216,-0.053735992846515715,0.6182417862452017,0.1331554576295265,0.1367863213678632,0.14728532767636915,-0.2999442152831668,0.5088068697301399,0.49221560544028825,0.48885111488851113,-0.168213888359163,-0.35403692382239016,-0.04461935723254954,0.46683262648672186,exploratory_only,探索性,金标准总分－对应金标准条目分；HAMD14金标准9视为无法评估且总分已不含该项,0.17549943118895656,0.5540312635403126,FDR不显著,FDR不显著,not_estimable
HAMD-17,PDCH共同24人验证,Kimi-K2.6,不思考,4,C04：全文｜不规整｜逐条评分｜清洗,全文,不规整,清洗,3,自杀,Spearman秩相关,24,24,24,0,0,4,4,0.41819211412178064,-0.0030345730986404357,0.7379816749422419,0.04198911424883252,0.0420957904209579,0.28988828388606136,-0.14764633668354923,0.6384135268043353,0.16942274599514218,0.17018298170182983,-0.12830383023571929,-0.3320617898719753,-0.007314732711103286,0.6931940466998948,exploratory_only,探索性,金标准总分－对应金标准条目分；HAMD14金标准9视为无法评估且总分已不含该项,0.076333699963337,0.2630100626301006,FDR不显著,FDR不显著,not_estimable
HAMD-17,PDCH共同24人验证,Kimi-K2.6,不思考,4,C04：全文｜不规整｜逐条评分｜清洗,全文,不规整,清洗,4,入睡困难,Spearman秩相关,24,24,24,0,0,3,4,0.5772719905485496,0.20708567400425984,0.8110030466785348,0.003140894069960025,0.004199580041995801,0.549818516009948,0.1784273890962831,0.7944495445665756,0.005380911214130641,0.006199380061993801,-0.027453474538601585,-0.09046848230931649,0.0,0.9524427393185766,exploratory_only,探索性,金标准总分－对应金标准条目分；HAMD14金标准9视为无法评估且总分已不含该项,0.017307360173073605,0.027197280271972803,FDR显著,FDR显著,not_estimable
HAMD-17,PDCH共同24人验证,Kimi-K2.6,不思考,4,C04：全文｜不规整｜逐条评分｜清洗,全文,不规整,清洗,5,睡眠不深,Spearman秩相关,24,24,24,0,0,3,4,0.3333900411580319,-0.0780101293502099,0.673762803665661,0.11138134284154041,0.1126887311268873,0.18957500114740938,-0.2763390876427289,0.5725323496447997,0.3749552850883504,0.36946305369463056,-0.1438150400106225,-0.28492994331279775,-0.03854374922604707,0.5686282664260748,exploratory_only,探索性,金标准总分－对应金标准条目分；HAMD14金标准9视为无法评估且总分已不含该项,0.1487928877015211,0.4526754531754032,FDR不显著,FDR不显著,not_estimable
HAMD-17,PDCH共同24人验证,Kimi-K2.6,不思考,4,C04：全文｜不规整｜逐条评分｜清洗,全文,不规整,清洗,6,早醒,Spearman秩相关,24,24,24,0,0,3,4,0.5085495809597739,0.15590306775393414,0.7676865510178212,0.01116264298136988,0.0124987501249875,0.5357893386800282,0.19257477262422187,0.7777086507334565,0.006965951158521053,0.007999200079992,0.02723975772025433,-0.06406684900367601,0.12683298494270104,1.0535636223882938,exploratory_only,探索性,金标准总分－对应金标准条目分；HAMD14金标准9视为无法评估且总分已不含该项,0.030354107446398215,0.032396760323967606,FDR显著,FDR显著,not_estimable
HAMD-17,PDCH共同24人验证,Kimi-K2.6,不思考,4,C04：全文｜不规整｜逐条评分｜清洗,全文,不规整,清洗,7,工作和活动,Spearman秩相关,24,24,24,0,0,5,4,0.8528811688466417,0.6771003947810467,0.9365826753260554,1.1995698439286218e-07,9.999000099990002e-05,0.7933032258320993,0.5610786853272816,0.9194577641794476,3.759237793546224e-06,9.999000099990002e-05,-0.059577943014542334,-0.20451079636666303,0.04536950153656923,0.9301450832885546,exploratory_only,探索性,金标准总分－对应金标准条目分；HAMD14金标准9视为无法评估且总分已不含该项,0.0012362400123624002,0.0027197280271972803,FDR显著,FDR显著,not_estimable
HAMD-17,PDCH共同24人验证,Kimi-K2.6,不思考,4,C04：全文｜不规整｜逐条评分｜清洗,全文,不规整,清洗,8,迟滞,Spearman秩相关,24,24,24,0,0,3,4,0.7132037748184206,0.4453673864820196,0.8769000000762674,9.15559111700074e-05,0.0004999500049995,0.7010744303342381,0.4166805311518073,0.8701487150421899,0.00013552690178715262,0.00019998000199980003,-0.012129344484182458,-0.11128438123821645,0.07497356111173444,0.9829931571979262,exploratory_only,探索性,金标准总分－对应金标准条目分；HAMD14金标准9视为无法评估且总分已不含该项,0.003237771460949143,0.003885325753138972,FDR显著,FDR显著,not_estimable
HAMD-17,PDCH共同24人验证,Kimi-K2.6,不思考,4,C04：全文｜不规整｜逐条评分｜清洗,全文,不规整,清洗,9,激越,Spearman秩相关,24,24,24,0,0,3,4,0.44318305369369904,0.05430477222295547,0.7452231769195155,0.030081794646919673,0.029797020297970205,0.4096641122226287,0.0251076653658031,0.7081345740703261,0.046807858163644564,0.048295170482951705,-0.03351894147107032,-0.10540191301638428,0.03252086491649335,0.9243677275299508,exploratory_only,探索性,金标准总分－对应金标准条目分；HAMD14金标准9视为无法评估且总分已不含该项,0.0613999206139992,0.10593779331744245,FDR不显著,FDR不显著,not_estimable
HAMD-17,PDCH共同24人验证,Kimi-K2.6,不思考,4,C04：全文｜不规整｜逐条评分｜清洗,全文,不规整,清洗,10,精神性焦虑,Spearman秩相关,24,24,24,0,0,4,4,0.7073459877998596,0.4383525983995958,0.8764869060751216,0.00011091595101721393,9.999000099990002e-05,0.6615330377363907,0.37556318881527706,0.8548070286506646,0.00043112666201574793,0.0006999300069993001,-0.04581295006346886,-0.15381129080505204,0.03731891600988302,0.9352326147972279,exploratory_only,探索性,金标准总分－对应金标准条目分；HAMD14金标准9视为无法评估且总分已不含该项,0.0012362400123624002,0.006799320067993201,FDR显著,FDR显著,not_estimable
HAMD-17,PDCH共同24人验证,Kimi-K2.6,不思考,4,C04：全文｜不规整｜逐条评分｜清洗,全文,不规整,清洗,11,躯体性焦虑,Spearman秩相关,24,24,24,0,0,4,4,0.5888669293435553,0.22210725891794186,0.8427312737569694,0.0024667812906646546,0.0033996600339966003,0.47869263775206755,0.049707600809236745,0.7797466847718805,0.017961960068148822,0.0197980201979802,-0.11017429159148778,-0.29458999292973453,-0.0018732242250693665,0.8129046035675572,exploratory_only,探索性,金标准总分－对应金标准条目分；HAMD14金标准9视为无法评估且总分已不含该项,0.014914637568501215,0.059834016598340166,FDR显著,FDR不显著,not_estimable
HAMD-17,PDCH共同24人验证,Kimi-K2.6,不思考,4,C04：全文｜不规整｜逐条评分｜清洗,全文,不规整,清洗,12,胃肠道症状,Spearman秩相关,24,24,24,0,0,3,4,0.408467266962706,0.012710749741469908,0.7130335479256971,0.047517373898158306,0.0491950804919508,0.309381623508027,-0.11650090247497394,0.6704451164581664,0.14125969297556693,0.14158584141585842,-0.09908564345467902,-0.25213278557645785,-0.008563108690095217,0.7574208474733772,exploratory_only,探索性,金标准总分－对应金标准条目分；HAMD14金标准9视为无法评估且总分已不含该项,0.08689001229747154,0.22653734626537347,FDR不显著,FDR不显著,not_estimable
HAMD-17,PDCH共同24人验证,Kimi-K2.6,不思考,4,C04：全文｜不规整｜逐条评分｜清洗,全文,不规整,清洗,13,全身症状,Spearman秩相关,24,24,24,0,0,3,4,0.7679103005615611,0.5649782077605625,0.8823627417075488,1.1828040027145097e-05,9.999000099990002e-05,0.6548377115148825,0.35623542294050387,0.8457134821546355,0.0005159649578494218,0.0013998600139986002,-0.1130725890466786,-0.30147746541892845,-0.0076927894466041445,0.8527528684483197,exploratory_only,探索性,金标准总分－对应金标准条目分；HAMD14金标准9视为无法评估且总分已不含该项,0.0012362400123624002,0.011198880111988802,FDR显著,FDR显著,not_estimable
HAMD-17,PDCH共同24人验证,Kimi-K2.6,不思考,4,C04：全文｜不规整｜逐条评分｜清洗,全文,不规整,清洗,14,性症状,Spearman秩相关,24,12,12,12,12,3,4,0.7039865488545116,0.26781748450306514,0.9381908364727183,0.010608011561060207,0.014798520147985201,0.6418089167368245,0.1738114559708435,0.8960780720389351,0.0244556798513498,0.029497050294970503,-0.06217763211768712,-0.27422338502914073,0.0,0.9116778122836876,not_estimable,不可估计,金标准总分－对应金标准条目分；HAMD14金标准9视为无法评估且总分已不含该项,0.03530874982677171,0.07714613154069208,FDR显著,FDR不显著,not_estimable
HAMD-17,PDCH共同24人验证,Kimi-K2.6,不思考,4,C04：全文｜不规整｜逐条评分｜清洗,全文,不规整,清洗,15,疑病,Spearman秩相关,24,24,24,0,0,3,4,0.3273596925664416,-0.12525757149346417,0.6669349835408163,0.11840617465510402,0.10948905109489052,0.22538565889120127,-0.24704143310352505,0.6036747824098315,0.2896376205753335,0.2852714728527147,-0.10197403367524033,-0.2338336240604211,-0.01686063558919875,0.6884954501399299,exploratory_only,探索性,金标准总分－对应金标准条目分；HAMD14金标准9视为无法评估且总分已不含该项,0.14598540145985403,0.3766691292035845,FDR不显著,FDR不显著,not_estimable
HAMD-17,PDCH共同24人验证,Kimi-K2.6,不思考,4,C04：全文｜不规整｜逐条评分｜清洗,全文,不规整,清洗,16,体重减轻,Spearman秩相关,24,24,24,0,0,3,4,0.369952743772431,-0.011675573853306885,0.6815719549973152,0.07517641453257642,0.0770922907709229,0.34304847298621977,-0.03634063877340685,0.647396825991081,0.1007744284830152,0.09449055094490551,-0.026904270786211215,-0.08983471159323571,0.0,0.9272764664160436,exploratory_only,探索性,金标准总分－对应金标准条目分；HAMD14金标准9视为无法评估且总分已不含该项,0.1152148521411595,0.1683052473973382,FDR不显著,FDR不显著,not_estimable
HAMD-17,PDCH共同24人验证,Kimi-K2.6,不思考,4,C04：全文｜不规整｜逐条评分｜清洗,全文,不规整,清洗,17,自知力,Spearman秩相关,24,24,24,0,0,2,4,0.504481014235133,0.26079748915303974,0.7122327116490326,0.011939200760699407,0.0091990800919908,0.512748279492058,0.2582982161173468,0.730298105575566,0.01040542714512267,0.0052994700529947,0.008267265256925005,-0.0039529578876297,0.045675788749750874,1.016387663804275,exploratory_only,探索性,金标准总分－对应金标准条目分；HAMD14金标准9视为无法评估且总分已不含该项,0.026064060260640603,0.024852687145078597,FDR显著,FDR显著,not_estimable
HAMD-17,PDCH共同24人验证,Kimi-K2.6,不思考,7,C07：全文｜规整｜逐条评分｜不清洗,全文,规整,不清洗,1,抑郁情绪,Spearman秩相关,24,24,24,0,0,4,5,0.3834546087309684,0.012820586343054921,0.6997070186787865,0.06435923591606321,0.06079392060793921,0.3867481088897664,-0.013482505701486215,0.6778968599062224,0.061911659019127596,0.05879412058794121,0.0032935001587979795,-0.10233093662524115,0.13680179881516824,1.0085890222305522,exploratory_only,探索性,金标准总分－对应金标准条目分；HAMD14金标准9视为无法评估且总分已不含该项,0.09743025697430256,0.12301539076861545,FDR不显著,FDR不显著,not_estimable
HAMD-17,PDCH共同24人验证,Kimi-K2.6,不思考,7,C07：全文｜规整｜逐条评分｜不清洗,全文,规整,不清洗,2,有罪感,Spearman秩相关,24,24,24,0,0,3,5,0.18301777965566093,-0.22220864692424613,0.5488012333281784,0.3919975225871613,0.38946105389461055,0.02428638355622417,-0.403268056633763,0.4361314714998632,0.9103134251532013,0.9104089591040896,-0.15873139609943676,-0.33882955006473287,-0.012570976746814509,0.13269958581028476,exploratory_only,探索性,金标准总分－对应金标准条目分；HAMD14金标准9视为无法评估且总分已不含该项,0.4271508333037664,0.9239971525235535,FDR不显著,FDR不显著,not_estimable
HAMD-17,PDCH共同24人验证,Kimi-K2.6,不思考,7,C07：全文｜规整｜逐条评分｜不清洗,全文,规整,不清洗,3,自杀,Spearman秩相关,24,24,24,0,0,4,5,0.17319894628557933,-0.26440644902889804,0.5929774724235675,0.41831601697462867,0.41715828417158285,0.13671442559914398,-0.2890528462083831,0.5378089469752277,0.5241190863584617,0.5223477652234777,-0.036484520686435346,-0.14742028258694906,0.06941753655038213,0.7893490608985704,exploratory_only,探索性,金标准总分－对应金标准条目分；HAMD14金标准9视为无法评估且总分已不含该项,0.4467206822624824,0.5871016204164707,FDR不显著,FDR不显著,not_estimable
HAMD-17,PDCH共同24人验证,Kimi-K2.6,不思考,7,C07：全文｜规整｜逐条评分｜不清洗,全文,规整,不清洗,4,入睡困难,Spearman秩相关,24,24,24,0,0,3,5,0.12399774875421357,-0.35551355120657785,0.5525911828736222,0.5637576532791545,0.5554444555544445,0.10155765032948726,-0.3745622586391962,0.5215254417037251,0.6367890401390663,0.6359364063593641,-0.022440098424726315,-0.07568620785988363,6.842269450027073e-05,0.8190281787356742,exploratory_only,探索性,金标准总分－对应金标准条目分；HAMD14金标准9视为无法评估且总分已不含该项,0.5679732778601839,0.6810027658651459,FDR不显著,FDR不显著,not_estimable
HAMD-17,PDCH共同24人验证,Kimi-K2.6,不思考,7,C07：全文｜规整｜逐条评分｜不清洗,全文,规整,不清洗,5,睡眠不深,Spearman秩相关,24,24,24,0,0,3,5,0.40032045385387166,-0.0936428100949076,0.7755179808926942,0.05257281316087927,0.054094590540945904,0.272728936772975,-0.24066201592627148,0.6775922431502046,0.19726752661566915,0.1902809719028097,-0.12759151708089667,-0.25642713048704063,-0.041575601829841574,0.6812765476942849,exploratory_only,探索性,金标准总分－对应金标准条目分；HAMD14金标准9视为无法评估且总分已不含该项,0.08971785748254442,0.2841092234862535,FDR不显著,FDR不显著,not_estimable
HAMD-17,PDCH共同24人验证,Kimi-K2.6,不思考,7,C07：全文｜规整｜逐条评分｜不清洗,全文,规整,不清洗,6,早醒,Spearman秩相关,24,24,24,0,0,3,5,0.2762699555493188,-0.12615061219071494,0.6197374563465143,0.19128172323639847,0.18858114188581143,0.22326366743738382,-0.18112763113533192,0.5747458756939915,0.2943228115140229,0.29187081291870814,-0.053006288111935,-0.18423800119118908,0.06566361926778515,0.8081358937256118,exploratory_only,探索性,金标准总分－对应金标准条目分；HAMD14金标准9视为无法评估且总分已不含该项,0.22899138657562818,0.378042195780422,FDR不显著,FDR不显著,not_estimable
HAMD-17,PDCH共同24人验证,Kimi-K2.6,不思考,7,C07：全文｜规整｜逐条评分｜不清洗,全文,规整,不清洗,7,工作和活动,Spearman秩相关,24,24,24,0,0,4,5,0.5135798734325817,0.12634495302281207,0.7971465957053965,0.010260610830654068,0.011498850114988501,0.46571595232982477,0.07586589922718025,0.767360873039719,0.02181716601124725,0.0230976902309769,-0.047863921102756946,-0.23077214204757268,0.08883413273606063,0.906803355079217,exploratory_only,探索性,金标准总分－对应金标准条目分；HAMD14金标准9视为无法评估且总分已不含该项,0.030019639545479416,0.06410787492679304,FDR显著,FDR不显著,not_estimable
HAMD-17,PDCH共同24人验证,Kimi-K2.6,不思考,7,C07：全文｜规整｜逐条评分｜不清洗,全文,规整,不清洗,8,迟滞,Spearman秩相关,24,24,24,0,0,3,5,0.21276596223075114,-0.2008067227364053,0.5559970818147559,0.31819097498732557,0.3271672832716728,0.27084479904051917,-0.1662205008502574,0.6319962369363767,0.2005039073787253,0.1942805719428057,0.058078836809768025,-0.035413449121870215,0.19046808041193847,1.2729705268682956,exploratory_only,探索性,金标准总分－对应金标准条目分；HAMD14金标准9视为无法评估且总分已不含该项,0.3617459392272155,0.2841092234862535,FDR不显著,FDR不显著,not_estimable
HAMD-17,PDCH共同24人验证,Kimi-K2.6,不思考,7,C07：全文｜规整｜逐条评分｜不清洗,全文,规整,不清洗,9,激越,Spearman秩相关,24,24,24,0,0,4,5,0.3592699600465694,-0.009110830907032923,0.6907655814417016,0.0846708794249701,0.0807919208079192,0.307399905683933,-0.0739649892454696,0.6352737974748078,0.14395894656975855,0.1454854514548545,-0.05187005436263642,-0.1247521584090755,0.02323312019765546,0.8556237366577687,exploratory_only,探索性,金标准总分－对应金标准条目分；HAMD14金标准9视为无法评估且总分已不含该项,0.118147325052441,0.23007001625418855,FDR不显著,FDR不显著,not_estimable
HAMD-17,PDCH共同24人验证,Kimi-K2.6,不思考,7,C07：全文｜规整｜逐条评分｜不清洗,全文,规整,不清洗,10,精神性焦虑,Spearman秩相关,24,24,24,0,0,4,5,0.5528288177368595,0.22330088005651755,0.7899300550662841,0.005083596718125812,0.0058994100589941,0.49169037265323556,0.12717580307199816,0.7324959029734455,0.014675485625632036,0.015498450154984501,-0.06113844508362398,-0.15302098788309293,0.01915705238846243,0.8894079991453607,exploratory_only,探索性,金标准总分－对应金标准条目分；HAMD14金标准9视为无法评估且总分已不含该项,0.021684318054681018,0.050185457644711724,FDR显著,FDR不显著,not_estimable
HAMD-17,PDCH共同24人验证,Kimi-K2.6,不思考,7,C07：全文｜规整｜逐条评分｜不清洗,全文,规整,不清洗,11,躯体性焦虑,Spearman秩相关,24,24,24,0,0,5,5,0.46611368733954783,0.04788067766739462,0.7601784035608308,0.021689814333140614,0.0225977402259774,0.35602491963376354,-0.05009224761736117,0.6855620081894479,0.0877261512367356,0.0912908709129087,-0.1100887677057843,-0.2592449431409169,0.0007123496556532986,0.7638156297573205,exploratory_only,探索性,金标准总分－对应金标准条目分；HAMD14金标准9视为无法评估且总分已不含该项,0.050381847061195514,0.1677778168129133,FDR不显著,FDR不显著,not_estimable
HAMD-17,PDCH共同24人验证,Kimi-K2.6,不思考,7,C07：全文｜规整｜逐条评分｜不清洗,全文,规整,不清洗,12,胃肠道症状,Spearman秩相关,24,24,24,0,0,3,5,0.23165940028092083,-0.253860174822006,0.6335988729402079,0.27606048505322867,0.2745725427457254,0.2224905624532982,-0.24229076587346035,0.6460118187502091,0.29604143820802303,0.3046695330466953,-0.009168837827622622,-0.09475879476019111,0.08144906170990855,0.9604210413369625,exploratory_only,探索性,金标准总分－对应金标准条目分；HAMD14金标准9视为无法评估且总分已不含该项,0.3164564899442259,0.3908967593806657,FDR不显著,FDR不显著,not_estimable
HAMD-17,PDCH共同24人验证,Kimi-K2.6,不思考,7,C07：全文｜规整｜逐条评分｜不清洗,全文,规整,不清洗,13,全身症状,Spearman秩相关,24,24,24,0,0,3,5,0.28860590837970423,-0.12125936945500207,0.6418555733073692,0.17140327684202136,0.17078292170782922,0.17472027169662618,-0.23729152172250148,0.5722329295984911,0.4141761721877201,0.41415858414158585,-0.11388563668307805,-0.28108895972904124,-0.0020870038085490728,0.6053939528734649,exploratory_only,探索性,金标准总分－对应金标准条目分；HAMD14金标准9视为无法评估且总分已不含该项,0.21505997548393307,0.49845634905536,FDR不显著,FDR不显著,not_estimable
HAMD-17,PDCH共同24人验证,Kimi-K2.6,不思考,7,C07：全文｜规整｜逐条评分｜不清洗,全文,规整,不清洗,14,性症状,Spearman秩相关,24,9,9,15,15,2,5,0.5240002587656237,-0.2809757434745082,0.9128709291752768,0.14760522330908268,0.19768023197680232,0.5196152422706632,-0.2773500981126146,0.8885233166386385,0.15164081702003673,0.10918908109189081,-0.004385016494960481,-0.04498977050049624,0.0,0.9916316520429014,not_estimable,不可估计,金标准总分－对应金标准条目分；HAMD14金标准9视为无法评估且总分已不含该项,0.237916031405709,0.18715128487151284,FDR不显著,FDR不显著,not_estimable
HAMD-17,PDCH共同24人验证,Kimi-K2.6,不思考,7,C07：全文｜规整｜逐条评分｜不清洗,全文,规整,不清洗,15,疑病,Spearman秩相关,24,24,24,0,0,3,5,0.16514224589839582,-0.2673599420950705,0.5620890324738659,0.4406137758925972,0.4283571642835716,0.006466075664675603,-0.4292705356547379,0.4681920811001734,0.9760779611609243,0.9766023397660234,-0.15867617023372022,-0.34279023362591055,-0.03483372421541935,0.039154582338996845,exploratory_only,探索性,金标准总分－对应金标准条目分；HAMD14金标准9视为无法评估且总分已不含该项,0.45512948705129486,0.9838364311716976,FDR不显著,FDR不显著,not_estimable
HAMD-17,PDCH共同24人验证,Kimi-K2.6,不思考,7,C07：全文｜规整｜逐条评分｜不清洗,全文,规整,不清洗,16,体重减轻,Spearman秩相关,24,24,24,0,0,3,5,0.1758546632405052,-0.2548448284700627,0.5753885849325912,0.41110398480907184,0.41075892410758924,0.15101971071816958,-0.29365757392855196,0.5516799344008539,0.4811817407233124,0.4804519548045195,-0.024834952522335613,-0.09120966759716037,0.0,0.8587756954254296,exploratory_only,探索性,金标准总分－对应金标准条目分；HAMD14金标准9视为无法评估且总分已不含该项,0.44335883871930265,0.5508020626508777,FDR不显著,FDR不显著,not_estimable
HAMD-17,PDCH共同24人验证,Kimi-K2.6,不思考,7,C07：全文｜规整｜逐条评分｜不清洗,全文,规整,不清洗,17,自知力,Spearman秩相关,24,24,24,0,0,2,5,0.1331049280412462,-0.3305276351814621,0.5522580417643924,0.5352335629624416,0.5407459254074592,0.13287038173030907,-0.35176469933389287,0.567314715338804,0.5359595871947813,0.5362463753624638,-0.0002345463109371393,-0.055629212987610845,0.0481276780867714,0.998237884093484,exploratory_only,探索性,金标准总分－对应金标准条目分；HAMD14金标准9视为无法评估且总分已不含该项,0.5571321655713216,0.597782844666353,FDR不显著,FDR不显著,not_estimable
HAMD-17,PDCH共同24人验证,Kimi-K2.6,不思考,8,C08：全文｜规整｜逐条评分｜清洗,全文,规整,清洗,1,抑郁情绪,Spearman秩相关,24,24,24,0,0,4,5,0.4555722444703957,-0.046584430930984105,0.7851700531048615,0.025274926878928575,0.026297370262973702,0.4221414077072375,-0.035401137579681524,0.7514455303651402,0.039894126609482175,0.040995900409959006,-0.03343083676315817,-0.17096371707894775,0.05852571324848651,0.9266179246674221,exploratory_only,探索性,金标准总分－对应金标准条目分；HAMD14金标准9视为无法评估且总分已不含该项,0.056768926281974975,0.09956147242418616,FDR不显著,FDR不显著,not_estimable
HAMD-17,PDCH共同24人验证,Kimi-K2.6,不思考,8,C08：全文｜规整｜逐条评分｜清洗,全文,规整,清洗,2,有罪感,Spearman秩相关,24,24,24,0,0,4,5,0.39974692783233434,-0.01223952226741914,0.6879713092888293,0.05294385672801395,0.0547945205479452,0.22310685007737288,-0.21682363790497747,0.617121245693507,0.2946709155346221,0.2890710928907109,-0.17664007775496146,-0.3959039641713968,-0.022108495552374926,0.5581202369388827,exploratory_only,探索性,金标准总分－对应金标准条目分；HAMD14金标准9视为无法评估且总分已不含该项,0.08978379270506684,0.3780160445493912,FDR不显著,FDR不显著,not_estimable
HAMD-17,PDCH共同24人验证,Kimi-K2.6,不思考,8,C08：全文｜规整｜逐条评分｜清洗,全文,规整,清洗,3,自杀,Spearman秩相关,24,24,24,0,0,4,5,0.020046042806382745,-0.38541496550905,0.431070309249395,0.9259261190817247,0.9236076392360764,-0.04951755251330497,-0.45612784690334246,0.3527685551856943,0.8182658750777126,0.8165183481651834,-0.06956359531968771,-0.20150413595944155,0.007994057555238607,-2.4701908995993147,exploratory_only,探索性,金标准总分－对应金标准条目分；HAMD14金标准9视为无法评估且总分已不含该项,0.9236076392360764,0.8412613284126133,FDR不显著,FDR不显著,not_estimable
HAMD-17,PDCH共同24人验证,Kimi-K2.6,不思考,8,C08：全文｜规整｜逐条评分｜清洗,全文,规整,清洗,4,入睡困难,Spearman秩相关,24,24,24,0,0,3,5,0.4245346652262905,0.006378777177167604,0.7720887603016041,0.038665249704178124,0.0405959404059594,0.41673656514513735,-0.010027173817742659,0.7616403694857438,0.042782700133732005,0.045795420457954206,-0.00779810008115317,-0.046854776606995316,0.0193811697526619,0.9816314173614149,exploratory_only,探索性,金标准总分－对应金标准条目分；HAMD14金标准9视为无法评估且总分已不含该项,0.07460875534068215,0.10210126528330775,FDR不显著,FDR不显著,not_estimable
HAMD-17,PDCH共同24人验证,Kimi-K2.6,不思考,8,C08：全文｜规整｜逐条评分｜清洗,全文,规整,清洗,5,睡眠不深,Spearman秩相关,24,24,24,0,0,3,5,0.13438045929370798,-0.3088245521211078,0.5376915305593767,0.5312933222609765,0.5365463453654634,0.02671849142678827,-0.37205907771807273,0.4442896839887283,0.9013726908272655,0.8981101889811018,-0.10766196786691971,-0.25362865462221756,-0.004155805878085213,0.19882720722356761,exploratory_only,探索性,金标准总分－对应金标准条目分；HAMD14金标准9视为无法评估且总分已不含该项,0.5570252135091834,0.9183683135445854,FDR不显著,FDR不显著,not_estimable
HAMD-17,PDCH共同24人验证,Kimi-K2.6,不思考,8,C08：全文｜规整｜逐条评分｜清洗,全文,规整,清洗,6,早醒,Spearman秩相关,24,24,24,0,0,3,5,0.3239621580494086,-0.07551752301179349,0.6481196624167427,0.12250344789101068,0.12478752124787522,0.3299502138494459,-0.089231077994622,0.653514386316663,0.11534992865098287,0.12138786121387861,0.005988055800037306,-0.10146285765736046,0.11350391283581876,1.0184838125418465,exploratory_only,探索性,金标准总分－对应金标准条目分；HAMD14金标准9视为无法评估且总分已不含该项,0.16162955133058124,0.20132620884253039,FDR不显著,FDR不显著,not_estimable
HAMD-17,PDCH共同24人验证,Kimi-K2.6,不思考,8,C08：全文｜规整｜逐条评分｜清洗,全文,规整,清洗,7,工作和活动,Spearman秩相关,24,24,24,0,0,5,5,0.4880156863985988,0.05067142634442691,0.8105786655403905,0.015550178744046614,0.0164983501649835,0.28344578382981,-0.17290857131401424,0.7002399108186375,0.17953544457838383,0.1845815418458154,-0.20456990256878882,-0.45167398761304345,-0.024312731110195107,0.5808128544423441,exploratory_only,探索性,金标准总分－对应金标准条目分；HAMD14金标准9视为无法评估且总分已不含该项,0.03803009529555519,0.27892321878923215,FDR显著,FDR不显著,not_estimable
HAMD-17,PDCH共同24人验证,Kimi-K2.6,不思考,8,C08：全文｜规整｜逐条评分｜清洗,全文,规整,清洗,8,迟滞,Spearman秩相关,24,24,24,0,0,4,5,0.10748767893311201,-0.3687392759914425,0.5161353976235351,0.617130253273545,0.607039296070393,0.1660439971894432,-0.2958397896208683,0.5467467825318163,0.43808707943929986,0.43825617438256176,0.0585563182563312,-0.03517374230945754,0.20402420327954923,1.5447723761229408,exploratory_only,探索性,金标准总分－对应金标准条目分；HAMD14金标准9视为无法评估且总分已不含该项,0.6160995840714436,0.518285562748073,FDR不显著,FDR不显著,not_estimable
HAMD-17,PDCH共同24人验证,Kimi-K2.6,不思考,8,C08：全文｜规整｜逐条评分｜清洗,全文,规整,清洗,9,激越,Spearman秩相关,24,24,24,0,0,3,5,0.18020932267884773,-0.2351440535916583,0.5659423913226912,0.3994281159179997,0.39586041395860416,0.1592626306283162,-0.27222406411333244,0.5435771336976477,0.4572773817684235,0.45855414458554145,-0.02094669205053154,-0.09229366643175428,0.05130735773332294,0.8837646591244295,exploratory_only,探索性,金标准总分－对应金标准条目分；HAMD14金标准9视为无法评估且总分已不含该项,0.4306961303869613,0.5376152039968417,FDR不显著,FDR不显著,not_estimable
HAMD-17,PDCH共同24人验证,Kimi-K2.6,不思考,8,C08：全文｜规整｜逐条评分｜清洗,全文,规整,清洗,10,精神性焦虑,Spearman秩相关,24,24,24,0,0,4,5,0.3819501488465968,-0.01412731130937661,0.6734992886346093,0.06550167665915373,0.0644935506449355,0.3341379793841912,-0.05169449522976367,0.6349942953545745,0.11053185965662854,0.1100889911008899,-0.047812169462405574,-0.1430256406172942,0.033518535058888646,0.8748209167955883,exploratory_only,探索性,金标准总分－对应金标准条目分；HAMD14金标准9视为无法评估且总分已不含该项,0.0996718509967185,0.18715128487151284,FDR不显著,FDR不显著,not_estimable
HAMD-17,PDCH共同24人验证,Kimi-K2.6,不思考,8,C08：全文｜规整｜逐条评分｜清洗,全文,规整,清洗,11,躯体性焦虑,Spearman秩相关,24,24,24,0,0,5,5,0.3859147692888415,-0.08214919725259116,0.7494541552552024,0.06252407999363821,0.06179382061793821,0.3017964310097342,-0.17602597631166175,0.6920371115463756,0.1517898492096066,0.1476852314768523,-0.08411833827910731,-0.2497824811352961,0.041216250533454804,0.782028714697498,exploratory_only,探索性,金标准总分－对应金标准条目分；HAMD14金标准9视为无法评估且总分已不含该项,0.09772046051208833,0.2308642698948496,FDR不显著,FDR不显著,not_estimable
HAMD-17,PDCH共同24人验证,Kimi-K2.6,不思考,8,C08：全文｜规整｜逐条评分｜清洗,全文,规整,清洗,12,胃肠道症状,Spearman秩相关,24,24,24,0,0,3,5,0.21447492908133153,-0.2049020958289762,0.6026489049549318,0.31422726022187114,0.3036696330366963,0.15052840230193495,-0.30687394828673775,0.5595331950018778,0.4826261997949674,0.48195180481951805,-0.06394652677939658,-0.2216175288168491,0.05907088349503692,0.7018461455923957,exploratory_only,探索性,金标准总分－对应金标准条目分；HAMD14金标准9视为无法评估且总分已不含该项,0.34705100918479576,0.5508020626508777,FDR不显著,FDR不显著,not_estimable
HAMD-17,PDCH共同24人验证,Kimi-K2.6,不思考,8,C08：全文｜规整｜逐条评分｜清洗,全文,规整,清洗,13,全身症状,Spearman秩相关,24,24,24,0,0,3,5,0.41522899408588326,0.08628318273599671,0.7040726512197109,0.04361702410748177,0.040195980401959805,0.26823860540569905,-0.12240318140715754,0.5952784372369124,0.20503966335213505,0.1977802219778022,-0.14699038868018421,-0.31852125346214694,-0.031937512003017934,0.6460016261538286,exploratory_only,探索性,金标准总分－对应金标准条目分；HAMD14金标准9视为无法评估且总分已不含该项,0.07460875534068215,0.286150108393416,FDR不显著,FDR不显著,not_estimable
HAMD-17,PDCH共同24人验证,Kimi-K2.6,不思考,8,C08：全文｜规整｜逐条评分｜清洗,全文,规整,清洗,14,性症状,Spearman秩相关,24,10,10,14,14,2,5,0.8757118051300735,0.7093269021319086,0.9128709291752769,0.0008962061756230182,9.999000099990002e-05,0.8703882797784891,0.7049073768502414,0.8980265101338745,0.0010528257933665407,0.009599040095990401,-0.005323525351584424,-0.04172347326751505,0.0,0.9939209163101396,not_estimable,不可估计,金标准总分－对应金标准条目分；HAMD14金标准9视为无法评估且总分已不含该项,0.0012362400123624002,0.037299127230134135,FDR显著,FDR显著,not_estimable
HAMD-17,PDCH共同24人验证,Kimi-K2.6,不思考,8,C08：全文｜规整｜逐条评分｜清洗,全文,规整,清洗,15,疑病,Spearman秩相关,24,24,24,0,0,3,5,0.23124478428888084,-0.18186746668532583,0.5921250491618292,0.2769450885227103,0.26947305269473054,0.09108103990256235,-0.3502486031781814,0.4889973141609316,0.6721013414053509,0.6712328767123288,-0.1401637443863185,-0.3253090404259277,-0.020330266852192865,0.3938728399114076,exploratory_only,探索性,金标准总分－对应金标准条目分；HAMD14金标准9视为无法评估且总分已不含该项,0.31323363390156717,0.7076563661463311,FDR不显著,FDR不显著,not_estimable
HAMD-17,PDCH共同24人验证,Kimi-K2.6,不思考,8,C08：全文｜规整｜逐条评分｜清洗,全文,规整,清洗,16,体重减轻,Spearman秩相关,24,24,24,0,0,3,5,0.03388548898499243,-0.3931592703911426,0.45414786335174234,0.8750974127957311,0.8768123187681232,0.00321399206911427,-0.40185232948683774,0.4446238409741789,0.98810819498461,0.9888011198880112,-0.030671496915878164,-0.09961711653578595,0.0,0.09484862592768595,exploratory_only,探索性,金标准总分－对应金标准条目分；HAMD14金标准9视为无法评估且总分已不含该项,0.8833072248330722,0.9888011198880112,FDR不显著,FDR不显著,not_estimable
HAMD-17,PDCH共同24人验证,Kimi-K2.6,不思考,8,C08：全文｜规整｜逐条评分｜清洗,全文,规整,清洗,17,自知力,Spearman秩相关,24,24,24,0,0,3,5,0.6003777433144767,0.30100397411152247,0.806140785164617,0.0019233354221792223,0.0017998200179982,0.5719959803309503,0.21335569908318494,0.7892884142238211,0.003495761435961114,0.004199580041995801,-0.02838176298352635,-0.09863480157682743,0.005075158279481993,0.9527268235713727,exploratory_only,探索性,金标准总分－对应金标准条目分；HAMD14金标准9视为无法评估且总分已不含该项,0.008741982944562686,0.021153440211534404,FDR显著,FDR显著,not_estimable
HAMD-17,PDCH共同24人验证,Kimi-K2.6,不思考,11,C11：事件序列｜不规整｜逐条评分｜不清洗,事件序列,不规整,不清洗,1,抑郁情绪,Spearman秩相关,24,24,24,0,0,4,6,0.6505098491276649,0.2713193192761084,0.8821483472525077,0.0005781784185875378,0.0008999100089991,0.6298547984325701,0.2508940149203206,0.8771509671441596,0.0009726271632182357,0.0020997900209979003,-0.020655050695094768,-0.12992922396822518,0.06536288900470202,0.9682479047430362,exploratory_only,探索性,金标准总分－对应金标准条目分；HAMD14金标准9视为无法评估且总分已不含该项,0.0048955104489551045,0.012980520129805202,FDR显著,FDR显著,not_estimable
HAMD-17,PDCH共同24人验证,Kimi-K2.6,不思考,11,C11：事件序列｜不规整｜逐条评分｜不清洗,事件序列,不规整,不清洗,2,有罪感,Spearman秩相关,24,24,24,0,0,3,6,0.34584591400707637,-0.020355741180379205,0.6532505345268431,0.09784692282272087,0.097990200979902,0.1830387432708624,-0.25540527259542445,0.5667777967918783,0.39194235224961976,0.39856014398560147,-0.16280717073621398,-0.3531371860352203,-0.029875140401526095,0.5292494022847332,exploratory_only,探索性,金标准总分－对应金标准条目分；HAMD14金标准9视为无法评估且总分已不含该项,0.13326667333266673,0.48396588912537325,FDR不显著,FDR不显著,not_estimable
HAMD-17,PDCH共同24人验证,Kimi-K2.6,不思考,11,C11：事件序列｜不规整｜逐条评分｜不清洗,事件序列,不规整,不清洗,3,自杀,Spearman秩相关,24,24,24,0,0,4,6,0.347769314793427,-0.04840126034034916,0.6814946334028971,0.0958710603609125,0.09459054094590541,0.19412116898298487,-0.23384322444243927,0.5767076442677022,0.36339416088304677,0.35776422357764226,-0.15364814581044212,-0.3543328126332208,-0.01424044416090022,0.5581894684937679,exploratory_only,探索性,金标准总分－对应金标准条目分；HAMD14金标准9视为无法评估且总分已不含该项,0.1299425612994256,0.4463847193262325,FDR不显著,FDR不显著,not_estimable
HAMD-17,PDCH共同24人验证,Kimi-K2.6,不思考,11,C11：事件序列｜不规整｜逐条评分｜不清洗,事件序列,不规整,不清洗,4,入睡困难,Spearman秩相关,24,24,24,0,0,3,6,0.533043320623834,0.10810804207499194,0.8219399039161118,0.007317798686060576,0.0071992800719928,0.49343204163652604,0.050374639699693746,0.7984166693149983,0.014275219710756184,0.014498550144985502,-0.03961127898730793,-0.11172462080289576,0.0,0.9256884432189304,exploratory_only,探索性,金标准总分－对应金标准条目分；HAMD14金标准9视为无法评估且总分已不含该项,0.02388053877539075,0.049975002499750024,FDR显著,FDR显著,not_estimable
HAMD-17,PDCH共同24人验证,Kimi-K2.6,不思考,11,C11：事件序列｜不规整｜逐条评分｜不清洗,事件序列,不规整,不清洗,5,睡眠不深,Spearman秩相关,24,24,24,0,0,3,6,0.2629776084612009,-0.19670048857854286,0.6133411154010026,0.21440581424578956,0.2074792520747925,0.16771238333148764,-0.2900612783687963,0.5562829853767155,0.4334327805603652,0.42695730426957307,-0.09526522512971325,-0.224613746596906,-0.0010254647311837256,0.6377439673014272,exploratory_only,探索性,金标准总分－对应金标准条目分；HAMD14金标准9视为无法评估且总分已不含该项,0.24751910773834895,0.5093525735145784,FDR不显著,FDR不显著,not_estimable
HAMD-17,PDCH共同24人验证,Kimi-K2.6,不思考,11,C11：事件序列｜不规整｜逐条评分｜不清洗,事件序列,不规整,不清洗,6,早醒,Spearman秩相关,24,24,24,0,0,3,6,0.5325575129905638,0.16327907902602906,0.7633932371547093,0.007381560925758219,0.009099090090990901,0.5122570687663773,0.14853614599409687,0.747618044962517,0.010491758847298532,0.010698930106989302,-0.02030044422418642,-0.12431002411428124,0.05688915337846837,0.9618812170911086,exploratory_only,探索性,金标准总分－对应金标准条目分；HAMD14金标准9视为无法评估且总分已不含该项,0.026064060260640603,0.03932579715001473,FDR显著,FDR显著,not_estimable
HAMD-17,PDCH共同24人验证,Kimi-K2.6,不思考,11,C11：事件序列｜不规整｜逐条评分｜不清洗,事件序列,不规整,不清洗,7,工作和活动,Spearman秩相关,24,24,24,0,0,5,6,0.7093852937211762,0.36567030746217916,0.9063245166588534,0.00010380467994838786,0.00019998000199980003,0.6064799326828197,0.21881205890690877,0.8656781289505422,0.00167921223329112,0.0020997900209979003,-0.10290536103835646,-0.27365424968970775,0.005470860012133225,0.8549372788678032,exploratory_only,探索性,金标准总分－对应金标准条目分；HAMD14金标准9视为无法评估且总分已不含该项,0.0016998300169983002,0.012980520129805202,FDR显著,FDR显著,not_estimable
HAMD-17,PDCH共同24人验证,Kimi-K2.6,不思考,11,C11：事件序列｜不规整｜逐条评分｜不清洗,事件序列,不规整,不清洗,8,迟滞,Spearman秩相关,24,24,24,0,0,3,6,0.631952002603326,0.2893184999174482,0.8322428551052146,0.0009241463052975716,0.0008999100089991,0.5757990406897796,0.21187163528868633,0.8193671632272437,0.0032367508355589606,0.0034996500349965005,-0.05615296191354635,-0.22403475421298247,0.04966304236297204,0.911143628499911,exploratory_only,探索性,金标准总分－对应金标准条目分；HAMD14金标准9视为无法评估且总分已不含该项,0.0048955104489551045,0.019038096190380962,FDR显著,FDR显著,not_estimable
HAMD-17,PDCH共同24人验证,Kimi-K2.6,不思考,11,C11：事件序列｜不规整｜逐条评分｜不清洗,事件序列,不规整,不清洗,9,激越,Spearman秩相关,24,24,24,0,0,3,6,0.40390104264674,0.02470021316399312,0.6985851490209339,0.05030181538623674,0.053894610538946106,0.41415174519041636,0.061614056206997087,0.7072971164057882,0.044220981147969116,0.043195680431956804,0.010250702543676382,-0.06512010841671059,0.09513490707372133,1.0253792425899773,exploratory_only,探索性,金标准总分－对应金标准条目分；HAMD14金标准9视为无法评估且总分已不含该项,0.08971785748254442,0.10176315701763157,FDR不显著,FDR不显著,not_estimable
HAMD-17,PDCH共同24人验证,Kimi-K2.6,不思考,11,C11：事件序列｜不规整｜逐条评分｜不清洗,事件序列,不规整,不清洗,10,精神性焦虑,Spearman秩相关,24,24,24,0,0,4,6,0.608215162420931,0.22731490025346315,0.8522152100710678,0.0016148290545584547,0.001999800019998,0.5964745129568736,0.21659437024656333,0.8331649917623521,0.002094849575157886,0.0031996800319968005,-0.011740649464057396,-0.12350864998484022,0.08560365060647132,0.9806965524875686,exploratory_only,探索性,金标准总分－对应金标准条目分；HAMD14金标准9视为无法评估且总分已不含该项,0.009378372507576827,0.0181315201813152,FDR显著,FDR显著,not_estimable
HAMD-17,PDCH共同24人验证,Kimi-K2.6,不思考,11,C11：事件序列｜不规整｜逐条评分｜不清洗,事件序列,不规整,不清洗,11,躯体性焦虑,Spearman秩相关,24,24,24,0,0,4,6,0.5415159214318512,0.11110535596792866,0.8346363472015943,0.006277447774204596,0.0066993300669933005,0.4684016762055269,0.026998849602117313,0.772605182137383,0.020968843854096118,0.0217978202179782,-0.07311424522632431,-0.2526272994363986,0.05221443039461441,0.8649822796844107,exploratory_only,探索性,金标准总分－对应金标准条目分；HAMD14金标准9视为无法评估且总分已不含该项,0.02277772222777722,0.06317701563177015,FDR显著,FDR不显著,not_estimable
HAMD-17,PDCH共同24人验证,Kimi-K2.6,不思考,11,C11：事件序列｜不规整｜逐条评分｜不清洗,事件序列,不规整,不清洗,12,胃肠道症状,Spearman秩相关,24,24,24,0,0,3,6,0.37211091215533726,-0.04326583905955596,0.6531881853939343,0.07336061047773125,0.0785921407859214,0.24310365418705754,-0.17256897257346726,0.5984661335470086,0.2523511886680621,0.24777522247775222,-0.12900725796827972,-0.27870192411512246,-0.02130572122633442,0.6533096618396781,exploratory_only,探索性,金标准总分－对应金标准条目分；HAMD14金标准9视为无法评估且总分已不含该项,0.11617968637918816,0.3303669633036696,FDR不显著,FDR不显著,not_estimable
HAMD-17,PDCH共同24人验证,Kimi-K2.6,不思考,11,C11：事件序列｜不规整｜逐条评分｜不清洗,事件序列,不规整,不清洗,13,全身症状,Spearman秩相关,24,24,24,0,0,3,6,0.7110076912965446,0.39419096628119954,0.893908380108588,9.84355366521523e-05,0.00019998000199980003,0.5746706270413322,0.18285682194519678,0.8479277609520189,0.0033118497599369996,0.0036996300369963003,-0.13633706425521241,-0.3102287363797127,-0.017884150204334495,0.8082481161257236,exploratory_only,探索性,金标准总分－对应金标准条目分；HAMD14金标准9视为无法评估且总分已不含该项,0.0016998300169983002,0.019351910962749876,FDR显著,FDR显著,not_estimable
HAMD-17,PDCH共同24人验证,Kimi-K2.6,不思考,11,C11：事件序列｜不规整｜逐条评分｜不清洗,事件序列,不规整,不清洗,14,性症状,Spearman秩相关,24,11,11,13,13,3,6,0.8034583467113611,0.4036629224268573,0.9677734062546142,0.0028910247666048875,0.005499450054994501,0.723407245480342,0.27402672721061405,0.9607877984507802,0.01186427669374314,0.015398460153984602,-0.0800511012310191,-0.37239579995388883,0.0,0.9003668310141072,not_estimable,不可估计,金标准总分－对应金标准条目分；HAMD14金标准9视为无法评估且总分已不含该项,0.020775700207757,0.050185457644711724,FDR显著,FDR不显著,not_estimable
HAMD-17,PDCH共同24人验证,Kimi-K2.6,不思考,11,C11：事件序列｜不规整｜逐条评分｜不清洗,事件序列,不规整,不清洗,15,疑病,Spearman秩相关,24,24,24,0,0,3,6,0.35346718613289824,-0.11085883604171619,0.6922021535584245,0.09019198148969786,0.08759124087591241,0.27908789232175524,-0.2252915582535376,0.6329060235287493,0.1866079146186974,0.17948205179482052,-0.074379293811143,-0.21087440488702036,0.005956211271227688,0.7895722807401491,exploratory_only,探索性,金标准总分－对应金标准条目分；HAMD14金标准9视为无法评估且总分已不含该项,0.12408759124087591,0.2742647083606246,FDR不显著,FDR不显著,not_estimable
HAMD-17,PDCH共同24人验证,Kimi-K2.6,不思考,11,C11：事件序列｜不规整｜逐条评分｜不清洗,事件序列,不规整,不清洗,16,体重减轻,Spearman秩相关,24,24,24,0,0,3,6,0.33382619628876026,-0.10237023120117736,0.6620895947755893,0.11088539238272152,0.11578842115788421,0.3336788441755169,-0.10942642045447143,0.6818076753509197,0.11105276431700488,0.11398860113988601,-0.00014735211324334863,-0.030194091432683604,0.02951143935466319,0.9995585963148443,exploratory_only,探索性,金标准总分－对应金标准条目分；HAMD14金标准9视为无法评估且总分已不含该项,0.15141562766800243,0.19138826858054936,FDR不显著,FDR不显著,not_estimable
HAMD-17,PDCH共同24人验证,Kimi-K2.6,不思考,11,C11：事件序列｜不规整｜逐条评分｜不清洗,事件序列,不规整,不清洗,17,自知力,Spearman秩相关,24,24,24,0,0,2,6,0.504481014235133,0.2312811856393285,0.712459304700607,0.011939200760699407,0.007599240075992401,0.512748279492058,0.25886295536008896,0.7316745557425186,0.01040542714512267,0.008099190080991902,0.008267265256925005,-0.003987802369530324,0.04406970457054172,1.016387663804275,exploratory_only,探索性,金标准总分－对应金标准条目分；HAMD14金标准9视为无法评估且总分已不含该项,0.02403480582174341,0.032396760323967606,FDR显著,FDR显著,not_estimable
HAMD-17,PDCH共同24人验证,Kimi-K2.6,不思考,12,C12：事件序列｜不规整｜逐条评分｜清洗,事件序列,不规整,清洗,1,抑郁情绪,Spearman秩相关,24,24,24,0,0,4,8,0.8049905266681494,0.582837375435715,0.9282817870139776,2.1012357948493813e-06,9.999000099990002e-05,0.7523407647754604,0.4864837222697032,0.9102432185045995,2.231527827780756e-05,9.999000099990002e-05,-0.052649761892688995,-0.14756330068366127,0.0023240701082915946,0.9345957993933096,exploratory_only,探索性,金标准总分－对应金标准条目分；HAMD14金标准9视为无法评估且总分已不含该项,0.0012362400123624002,0.0027197280271972803,FDR显著,FDR显著,not_estimable
HAMD-17,PDCH共同24人验证,Kimi-K2.6,不思考,12,C12：事件序列｜不规整｜逐条评分｜清洗,事件序列,不规整,清洗,2,有罪感,Spearman秩相关,24,24,24,0,0,4,8,0.36203907186173445,-0.026913088284677672,0.6614095352723799,0.08212757402089042,0.0827917208279172,0.2073797554199328,-0.2631948827437525,0.5466249095023297,0.33088164824303257,0.32466753324667535,-0.15465931644180164,-0.35030122572244815,-0.03341438275279325,0.5728104272102784,exploratory_only,探索性,金标准总分－对应金标准条目分；HAMD14金标准9视为无法评估且总分已不含该项,0.1186660281340287,0.4126615375845593,FDR不显著,FDR不显著,not_estimable
HAMD-17,PDCH共同24人验证,Kimi-K2.6,不思考,12,C12：事件序列｜不规整｜逐条评分｜清洗,事件序列,不规整,清洗,3,自杀,Spearman秩相关,24,24,24,0,0,4,8,0.528385203123697,0.17225712960739364,0.7726039037629706,0.007948479230496236,0.010298970102989701,0.37863382048300226,-0.03775509933348827,0.7134425044181674,0.06807483054762527,0.06569343065693431,-0.1497513826406947,-0.37298839074268336,0.0,0.7165867216655624,exploratory_only,探索性,金标准总分－对应金标准条目分；HAMD14金标准9视为无法评估且总分已不含该项,0.028013198680131985,0.13158684131586842,FDR显著,FDR不显著,not_estimable
HAMD-17,PDCH共同24人验证,Kimi-K2.6,不思考,12,C12：事件序列｜不规整｜逐条评分｜清洗,事件序列,不规整,清洗,4,入睡困难,Spearman秩相关,24,24,24,0,0,3,8,0.5996737357018131,0.19932721112618423,0.8357518100602865,0.001953353852484738,0.0024997500249975004,0.5695642756402329,0.19342389524894335,0.825739743347626,0.003670386022014552,0.0045995400459954,-0.030109460061580218,-0.09455805758327114,0.0,0.9497902638234733,exploratory_only,探索性,金标准总分－对应金标准条目分；HAMD14金标准9视为无法评估且总分已不含该项,0.011332200113322002,0.02234062308054909,FDR显著,FDR显著,not_estimable
HAMD-17,PDCH共同24人验证,Kimi-K2.6,不思考,12,C12：事件序列｜不规整｜逐条评分｜清洗,事件序列,不规整,清洗,5,睡眠不深,Spearman秩相关,24,24,24,0,0,3,8,0.2287882052337313,-0.20267022527204037,0.5943960316958344,0.28222312347346407,0.26807319268073193,0.08596378404329522,-0.33435669162743287,0.5186686427457051,0.6896030548103523,0.6963303669633036,-0.1428244211904361,-0.305422878082233,-0.03705761050432069,0.3757352087074337,exploratory_only,探索性,金标准总分－对应金标准条目分；HAMD14金标准9视为无法评估且总分已不含该项,0.31323363390156717,0.7229078618855671,FDR不显著,FDR不显著,not_estimable
HAMD-17,PDCH共同24人验证,Kimi-K2.6,不思考,12,C12：事件序列｜不规整｜逐条评分｜清洗,事件序列,不规整,清洗,6,早醒,Spearman秩相关,24,24,24,0,0,3,8,0.42008152621805944,-0.04313502994219022,0.7193366765777977,0.040976299002065675,0.040195980401959805,0.4372730997203784,-0.005482867009830938,0.7296152519184872,0.032618546806331826,0.0342965703429657,0.01719157350231898,-0.09346640991951684,0.1072597915535095,1.0409243740306615,exploratory_only,探索性,金标准总分－对应金标准条目分；HAMD14金标准9视为无法评估且总分已不含该项,0.07460875534068215,0.08637654753043214,FDR不显著,FDR不显著,not_estimable
HAMD-17,PDCH共同24人验证,Kimi-K2.6,不思考,12,C12：事件序列｜不规整｜逐条评分｜清洗,事件序列,不规整,清洗,7,工作和活动,Spearman秩相关,24,24,24,0,0,5,8,0.8377312200761325,0.6783994526610326,0.9217962453998764,3.27322747849483e-07,9.999000099990002e-05,0.7329567385857455,0.44854872062711915,0.8893777374134763,4.627037672163806e-05,0.00029997000299970003,-0.10477448149038704,-0.28480357260003886,0.002677083718219484,0.874930671103716,exploratory_only,探索性,金标准总分－对应金标准条目分；HAMD14金标准9视为无法评估且总分已不含该项,0.0012362400123624002,0.004532880045328801,FDR显著,FDR显著,not_estimable
HAMD-17,PDCH共同24人验证,Kimi-K2.6,不思考,12,C12：事件序列｜不规整｜逐条评分｜清洗,事件序列,不规整,清洗,8,迟滞,Spearman秩相关,24,24,24,0,0,3,8,0.6590189564666045,0.38040454194488044,0.8383845899594736,0.0004614456591018961,0.0006999300069993001,0.6270861037091612,0.3353414375462005,0.8248768957062133,0.0010399674140209383,0.0012998700129987,-0.031932852757443286,-0.1725202118055283,0.05610909749225118,0.9515448646141312,exploratory_only,探索性,金标准总分－对应金标准条目分；HAMD14金标准9视为无法评估且总分已不含该项,0.004138716563126296,0.011198880111988802,FDR显著,FDR显著,not_estimable
HAMD-17,PDCH共同24人验证,Kimi-K2.6,不思考,12,C12：事件序列｜不规整｜逐条评分｜清洗,事件序列,不规整,清洗,9,激越,Spearman秩相关,24,24,24,0,0,3,8,0.4416215844075329,0.08678302369542226,0.7155032339119559,0.03073617280588052,0.032896710328967106,0.4066037244147632,0.0369809746463778,0.6771651206197814,0.04863881910800091,0.05089491050894911,-0.035017859992769684,-0.11471290537835666,0.04261751358218728,0.9207061855009903,exploratory_only,探索性,金标准总分－对应金标准条目分；HAMD14金标准9视为无法评估且总分已不含该项,0.06503697456341323,0.10815168483151685,FDR不显著,FDR不显著,not_estimable
HAMD-17,PDCH共同24人验证,Kimi-K2.6,不思考,12,C12：事件序列｜不规整｜逐条评分｜清洗,事件序列,不规整,清洗,10,精神性焦虑,Spearman秩相关,24,24,24,0,0,4,8,0.6900484919269698,0.3888213167012235,0.8760649385610179,0.0001904957052375882,0.00039996000399960006,0.6517355738481478,0.3412504957891115,0.8674084210222635,0.0005599334578032744,0.0013998600139986002,-0.03831291807882198,-0.1397804286155396,0.03340279788704752,0.9444779337582021,exploratory_only,探索性,金标准总分－对应金标准条目分；HAMD14金标准9视为无法评估且总分已不含该项,0.0028628716075760844,0.011198880111988802,FDR显著,FDR显著,not_estimable
HAMD-17,PDCH共同24人验证,Kimi-K2.6,不思考,12,C12：事件序列｜不规整｜逐条评分｜清洗,事件序列,不规整,清洗,11,躯体性焦虑,Spearman秩相关,24,24,24,0,0,4,8,0.5558463538663466,0.19320528946510696,0.809742514071589,0.004799532053832834,0.005499450054994501,0.44292824527633834,0.043749024734641546,0.7434440492434746,0.03018781289556669,0.030896910308969103,-0.11291810859000828,-0.28484435397705954,0.0013902796207255913,0.7968537387992664,exploratory_only,探索性,金标准总分－对应金标准条目分；HAMD14金标准9视为无法评估且总分已不含该项,0.020775700207757,0.07928263777395846,FDR显著,FDR不显著,not_estimable
HAMD-17,PDCH共同24人验证,Kimi-K2.6,不思考,12,C12：事件序列｜不规整｜逐条评分｜清洗,事件序列,不规整,清洗,12,胃肠道症状,Spearman秩相关,24,24,24,0,0,3,8,0.5103768478067517,0.1581858979437164,0.7766308496917145,0.010827700896887386,0.0122987701229877,0.36450198264621775,-0.07026540615394843,0.7029332915750716,0.0799142704214404,0.08199180081991801,-0.145874865160534,-0.3607198058873693,-0.019027270212546122,0.7141820484463515,exploratory_only,探索性,金标准总分－对应金标准条目分；HAMD14金标准9视为无法评估且总分已不含该项,0.030354107446398215,0.15275184810286097,FDR显著,FDR不显著,not_estimable
HAMD-17,PDCH共同24人验证,Kimi-K2.6,不思考,12,C12：事件序列｜不规整｜逐条评分｜清洗,事件序列,不规整,清洗,13,全身症状,Spearman秩相关,24,24,24,0,0,3,8,0.774492799460364,0.5716868447759391,0.8901640787908771,8.911942189765579e-06,9.999000099990002e-05,0.6631371405933397,0.301613749827126,0.8621649063475862,0.0004126970212345757,0.0004999500049995,-0.11135565886702425,-0.31130362438490455,0.0015225605466638171,0.8562211825021324,exploratory_only,探索性,金标准总分－对应金标准条目分；HAMD14金标准9视为无法评估且总分已不含该项,0.0012362400123624002,0.006181200061812,FDR显著,FDR显著,not_estimable
HAMD-17,PDCH共同24人验证,Kimi-K2.6,不思考,12,C12：事件序列｜不规整｜逐条评分｜清洗,事件序列,不规整,清洗,14,性症状,Spearman秩相关,24,14,14,10,10,3,8,0.7003827094915249,0.3710044931092313,0.8974315987582903,0.005278076085654382,0.0064993500649935,0.6079677456961833,0.20953177265903355,0.8559030178922312,0.021077623999223027,0.022297770222977704,-0.09241496379534164,-0.2961807285088108,0.0,0.8680507634712534,not_estimable,不可估计,金标准总分－对应金标准条目分；HAMD14金标准9视为无法评估且总分已不含该项,0.022664400226644,0.06317701563177015,FDR显著,FDR不显著,not_estimable
HAMD-17,PDCH共同24人验证,Kimi-K2.6,不思考,12,C12：事件序列｜不规整｜逐条评分｜清洗,事件序列,不规整,清洗,15,疑病,Spearman秩相关,24,24,24,0,0,3,8,0.20911220718634838,-0.20384101119505563,0.5599768077330434,0.3267669761321196,0.31986801319868013,0.08814025280970553,-0.3647149243099572,0.5121889661128568,0.6821397276921491,0.6887311268873113,-0.12097195437664285,-0.29249069128765476,-0.014337166907616878,0.4214974056065516,exploratory_only,探索性,金标准总分－对应金标准条目分；HAMD14金标准9视为无法评估且总分已不含该项,0.3617459392272155,0.7205187173590334,FDR不显著,FDR不显著,not_estimable
HAMD-17,PDCH共同24人验证,Kimi-K2.6,不思考,12,C12：事件序列｜不规整｜逐条评分｜清洗,事件序列,不规整,清洗,16,体重减轻,Spearman秩相关,24,24,24,0,0,3,8,0.40402344298304593,0.012330483944309701,0.7165629647526702,0.0502255561306066,0.05019498050194981,0.37623850653446134,-0.05245500734803906,0.6988514984353331,0.06998090079142107,0.0704929507049295,-0.027784936448584596,-0.10608193483318579,0.0009857071817828771,0.9312293953948843,exploratory_only,探索性,金标准总分－对应金标准条目分；HAMD14金标准9视为无法评估且总分已不含该项,0.08744442011495053,0.13502875064606215,FDR不显著,FDR不显著,not_estimable
HAMD-17,PDCH共同24人验证,Kimi-K2.6,不思考,12,C12：事件序列｜不规整｜逐条评分｜清洗,事件序列,不规整,清洗,17,自知力,Spearman秩相关,24,24,24,0,0,2,8,0.4332300797811166,0.016515665875747616,0.7149302097447191,0.03444992381389321,0.0334966503349665,0.38772874594224777,-0.07864911181134901,0.7006294230446443,0.061196910197684334,0.06579342065793421,-0.04550133383886884,-0.12160411415802483,0.0,0.8949718960838136,exploratory_only,探索性,金标准总分－对应金标准条目分；HAMD14金标准9视为无法评估且总分已不含该项,0.06507920636507777,0.13158684131586842,FDR不显著,FDR不显著,not_estimable
HAMD-17,PDCH共同24人验证,Kimi-K2.6,不思考,15,C15：事件序列｜规整｜逐条评分｜不清洗,事件序列,规整,不清洗,1,抑郁情绪,Spearman秩相关,24,24,24,0,0,3,5,0.616184211622944,0.3260208823863003,0.7780452475385156,0.0013455180548148924,0.0015998400159984002,0.4980796991283009,0.1790728691263987,0.7368403397425769,0.01325070512773085,0.0122987701229877,-0.1181045124946431,-0.29637428134578087,-0.0007649849991016334,0.8083292134610652,exploratory_only,探索性,金标准总分－对应金标准条目分；HAMD14金标准9视为无法评估且总分已不含该项,0.008058453413917867,0.044016650966482294,FDR显著,FDR显著,not_estimable
HAMD-17,PDCH共同24人验证,Kimi-K2.6,不思考,15,C15：事件序列｜规整｜逐条评分｜不清洗,事件序列,规整,不清洗,2,有罪感,Spearman秩相关,24,24,24,0,0,4,5,0.4525873038157381,0.045648958560403116,0.7508539961098383,0.02637227076265199,0.028597140285971403,0.3175795023518527,-0.12845512467391995,0.6812221919669623,0.13047742194063322,0.1294870512948705,-0.13500780146388536,-0.31384393415710377,-0.020398224407061037,0.7016977711799642,exploratory_only,探索性,金标准总分－对应金标准条目分；HAMD14金标准9视为无法评估且总分已不含该项,0.059834016598340166,0.20964570209645703,FDR不显著,FDR不显著,not_estimable
HAMD-17,PDCH共同24人验证,Kimi-K2.6,不思考,15,C15：事件序列｜规整｜逐条评分｜不清洗,事件序列,规整,不清洗,3,自杀,Spearman秩相关,24,24,24,0,0,4,5,0.2082054900572026,-0.16484772066478517,0.5235432884743904,0.32891661032055763,0.32536746325367466,0.0967636576636143,-0.29634751221397276,0.44196168985480894,0.6528582159954316,0.6557344265573443,-0.11144183239358829,-0.299419039236127,0.0071664657511542286,0.46475075002599286,exploratory_only,探索性,金标准总分－对应金标准条目分；HAMD14金标准9视为无法评估且总分已不含该项,0.3617459392272155,0.6967178282171783,FDR不显著,FDR不显著,not_estimable
HAMD-17,PDCH共同24人验证,Kimi-K2.6,不思考,15,C15：事件序列｜规整｜逐条评分｜不清洗,事件序列,规整,不清洗,4,入睡困难,Spearman秩相关,24,24,24,0,0,3,5,0.37118062618062214,-0.11752513757471064,0.7732560208845295,0.0741391850387663,0.07139286071392861,0.3498589473507735,-0.1172960964661597,0.7740010857274838,0.09375824622409006,0.09409059094090591,-0.021321678829848645,-0.07171461159770678,0.0,0.9425571343815957,exploratory_only,探索性,金标准总分－对应金标准条目分；HAMD14金标准9视为无法评估且总分已不含该项,0.10909470850667743,0.1683052473973382,FDR不显著,FDR不显著,not_estimable
HAMD-17,PDCH共同24人验证,Kimi-K2.6,不思考,15,C15：事件序列｜规整｜逐条评分｜不清洗,事件序列,规整,不清洗,5,睡眠不深,Spearman秩相关,24,24,24,0,0,3,5,0.24498815133456048,-0.15797818791080434,0.581596825748641,0.2485777967674537,0.24527547245275472,0.12441672058312622,-0.26352167957088485,0.5039017387098974,0.5624306255440633,0.5521447855214479,-0.12057143075143426,-0.2694848651885276,0.006817009296512763,0.5078479098085865,exploratory_only,探索性,金标准总分－对应金标准条目分；HAMD14金标准9视为无法评估且总分已不含该项,0.29006490655282297,0.6105015514708692,FDR不显著,FDR不显著,not_estimable
HAMD-17,PDCH共同24人验证,Kimi-K2.6,不思考,15,C15：事件序列｜规整｜逐条评分｜不清洗,事件序列,规整,不清洗,6,早醒,Spearman秩相关,24,24,24,0,0,3,5,0.40873036633885074,0.01319599829709011,0.71556403865186,0.04736068691700311,0.050794920507949204,0.41159912377878133,0.008626285874294717,0.7067066974748,0.045678295602121416,0.05069493050694931,0.0028687574399305915,-0.10608792981419696,0.10830509646283874,1.0070187039578857,exploratory_only,探索性,金标准总分－对应金标准条目分；HAMD14金标准9视为无法评估且总分已不含该项,0.08744442011495053,0.10815168483151685,FDR不显著,FDR不显著,not_estimable
HAMD-17,PDCH共同24人验证,Kimi-K2.6,不思考,15,C15：事件序列｜规整｜逐条评分｜不清洗,事件序列,规整,不清洗,7,工作和活动,Spearman秩相关,24,24,24,0,0,4,5,0.453738109131566,-0.027067134756368565,0.8021447547133677,0.025944761347757618,0.028497150284971504,0.25108819110984265,-0.25716885231762104,0.6611599717301568,0.23661618174597635,0.23887611238876114,-0.20264991802172333,-0.44341046110595406,-0.03718812998103914,0.5533769063180829,exploratory_only,探索性,金标准总分－对应金标准条目分；HAMD14金标准9视为无法评估且总分已不含该项,0.059834016598340166,0.3247516832475168,FDR不显著,FDR不显著,not_estimable
HAMD-17,PDCH共同24人验证,Kimi-K2.6,不思考,15,C15：事件序列｜规整｜逐条评分｜不清洗,事件序列,规整,不清洗,8,迟滞,Spearman秩相关,24,24,24,0,0,4,5,0.38539585109486774,-0.04247385979670776,0.7134297731080568,0.06290777864053876,0.0608939106089391,0.36347725595861186,-0.08508214025434263,0.7176853151811659,0.08082960409099112,0.08189181081891811,-0.02191859513625588,-0.1787997366513472,0.09960989238541854,0.9431270599463187,exploratory_only,探索性,金标准总分－对应金标准条目分；HAMD14金标准9视为无法评估且总分已不含该项,0.09743025697430256,0.15275184810286097,FDR不显著,FDR不显著,not_estimable
HAMD-17,PDCH共同24人验证,Kimi-K2.6,不思考,15,C15：事件序列｜规整｜逐条评分｜不清洗,事件序列,规整,不清洗,9,激越,Spearman秩相关,24,24,24,0,0,4,5,0.282356954091163,-0.16962047655459914,0.672536550163037,0.18128488755196534,0.18418158184181582,0.2735482489110406,-0.17267402127828982,0.6717332754423961,0.19587134994488872,0.1927807219278072,-0.00880870518012239,-0.07901038979402414,0.07334942429240685,0.9688029458722721,exploratory_only,探索性,金标准总分－对应金标准条目分；HAMD14金标准9视为无法评估且总分已不含该项,0.22899138657562818,0.2841092234862535,FDR不显著,FDR不显著,not_estimable
HAMD-17,PDCH共同24人验证,Kimi-K2.6,不思考,15,C15：事件序列｜规整｜逐条评分｜不清洗,事件序列,规整,不清洗,10,精神性焦虑,Spearman秩相关,24,24,24,0,0,4,5,0.658038778361472,0.38392522163494347,0.8437599176624012,0.0004737568787045028,0.0010998900109989002,0.623077718193007,0.31456927137471846,0.8184517562229573,0.0011445367962834513,0.0006999300069993001,-0.03496106016846501,-0.1323626873622685,0.05347482089980022,0.9468708208116265,exploratory_only,探索性,金标准总分－对应金标准条目分；HAMD14金标准9视为无法评估且总分已不含该项,0.0057532708267634776,0.006799320067993201,FDR显著,FDR显著,not_estimable
HAMD-17,PDCH共同24人验证,Kimi-K2.6,不思考,15,C15：事件序列｜规整｜逐条评分｜不清洗,事件序列,规整,不清洗,11,躯体性焦虑,Spearman秩相关,24,24,24,0,0,4,5,0.44142817758360975,0.017390271394386432,0.7889503188937695,0.030818009768759907,0.030296970302969704,0.34172002559255626,-0.11817610040714546,0.6996245224626987,0.1021871411612729,0.09989001099890012,-0.09970815199105348,-0.2546704892419209,0.013799719566231891,0.7741237260003231,exploratory_only,探索性,金标准总分－对应金标准条目分；HAMD14金标准9视为无法评估且总分已不含该项,0.061498327779162386,0.17416719866474892,FDR不显著,FDR不显著,not_estimable
HAMD-17,PDCH共同24人验证,Kimi-K2.6,不思考,15,C15：事件序列｜规整｜逐条评分｜不清洗,事件序列,规整,不清洗,12,胃肠道症状,Spearman秩相关,24,24,24,0,0,3,5,0.2144994447045563,-0.2437843122071,0.6309204124379582,0.31417062025654674,0.3234676532346765,0.11552394588921253,-0.3747654575361549,0.5846154370437918,0.5908930659588078,0.6053394660533946,-0.09897549881534379,-0.24047412870842824,-0.011145171082662147,0.5385745685651121,exploratory_only,探索性,金标准总分－对应金标准条目分；HAMD14金标准9视为无法评估且总分已不含该项,0.3617459392272155,0.6586093390660933,FDR不显著,FDR不显著,not_estimable
HAMD-17,PDCH共同24人验证,Kimi-K2.6,不思考,15,C15：事件序列｜规整｜逐条评分｜不清洗,事件序列,规整,不清洗,13,全身症状,Spearman秩相关,24,24,24,0,0,3,5,0.5459232535304046,0.17575196862671122,0.7973815922046738,0.005787148187543309,0.007499250074992501,0.41481007279840953,0.015400232292554156,0.722457760625703,0.04385111718369322,0.044195580441955803,-0.13111318073199507,-0.32850607541753474,-0.022523497040897632,0.7598322110587786,exploratory_only,探索性,金标准总分－对应金标准条目分；HAMD14金标准9视为无法评估且总分已不含该项,0.02403480582174341,0.10176315701763157,FDR显著,FDR不显著,not_estimable
HAMD-17,PDCH共同24人验证,Kimi-K2.6,不思考,15,C15：事件序列｜规整｜逐条评分｜不清洗,事件序列,规整,不清洗,14,性症状,Spearman秩相关,24,16,16,8,8,3,5,0.6142442263845188,0.2543757779354412,0.8460427232450297,0.011358192624682842,0.0122987701229877,0.5345810554546232,0.08292915023779396,0.8234359606705915,0.03289255428771384,0.0352964703529647,-0.07966317092989561,-0.27969788689381175,0.0,0.8703070089908729,not_estimable,不可估计,金标准总分－对应金标准条目分；HAMD14金标准9视为无法评估且总分已不含该项,0.030354107446398215,0.08727854487278544,FDR显著,FDR不显著,not_estimable
HAMD-17,PDCH共同24人验证,Kimi-K2.6,不思考,15,C15：事件序列｜规整｜逐条评分｜不清洗,事件序列,规整,不清洗,15,疑病,Spearman秩相关,24,24,24,0,0,3,5,0.2754613778858122,-0.13168203825782943,0.5977595093216513,0.19263747661539288,0.1865813418658134,0.15196071681414441,-0.31412909913440823,0.5592643410402363,0.4784212820510948,0.47665233476652336,-0.1235006610716678,-0.31059027760150465,-0.0046393994722845845,0.5516588858316723,exploratory_only,探索性,金标准总分－对应金标准条目分；HAMD14金标准9视为无法评估且总分已不含该项,0.22899138657562818,0.5508020626508777,FDR不显著,FDR不显著,not_estimable
HAMD-17,PDCH共同24人验证,Kimi-K2.6,不思考,15,C15：事件序列｜规整｜逐条评分｜不清洗,事件序列,规整,不清洗,16,体重减轻,Spearman秩相关,24,24,24,0,0,3,5,0.13870226959814494,-0.3260860790527594,0.584014937465384,0.5180454253955175,0.5153484651534846,0.11140798331668247,-0.33001971989285467,0.5538078671913362,0.6042715897723189,0.6107389261073892,-0.027294286281462465,-0.08569149175932325,0.0,0.8032167291815713,exploratory_only,探索性,金标准总分－对应金标准条目分；HAMD14金标准9视为无法评估且总分已不含该项,0.5391337789297993,0.6592102694492455,FDR不显著,FDR不显著,not_estimable
HAMD-17,PDCH共同24人验证,Kimi-K2.6,不思考,15,C15：事件序列｜规整｜逐条评分｜不清洗,事件序列,规整,不清洗,17,自知力,Spearman秩相关,24,24,24,0,0,3,5,0.143151659463863,-0.296935164249618,0.5843529516327325,0.5045746352773884,0.49405059494050596,0.12011475507647078,-0.31644372529841597,0.5448038271657082,0.5761226438328856,0.5708429157084292,-0.023036904387392212,-0.08059289805276137,0.0001447681164176534,0.8390734381028422,exploratory_only,探索性,金标准总分－对应金标准条目分；HAMD14金标准9视为无法评估且总分已不含该项,0.5208595419527814,0.6260857785189223,FDR不显著,FDR不显著,not_estimable
HAMD-17,PDCH共同24人验证,Kimi-K2.6,不思考,16,C16：事件序列｜规整｜逐条评分｜清洗,事件序列,规整,清洗,1,抑郁情绪,Spearman秩相关,24,24,24,0,0,3,1,0.7216395968855959,0.48834100963396143,0.8404973342245602,6.888534875899087e-05,0.00029997000299970003,0.7378163437538168,0.5256765900836674,0.845144014642863,3.8766662716386645e-05,9.999000099990002e-05,0.016176746868220904,-0.06777012564358921,0.10954711496691649,1.0224166563725652,exploratory_only,探索性,金标准总分－对应金标准条目分；HAMD14金标准9视为无法评估且总分已不含该项,0.0022664400226644005,0.0027197280271972803,FDR显著,FDR显著,not_estimable
HAMD-17,PDCH共同24人验证,Kimi-K2.6,不思考,16,C16：事件序列｜规整｜逐条评分｜清洗,事件序列,规整,清洗,2,有罪感,Spearman秩相关,24,24,24,0,0,4,1,0.47146958428364566,0.061375983629817624,0.7525039638781601,0.02003268941163164,0.021097890210978902,0.35405075069044106,-0.07984575897535968,0.685454727590752,0.08962487342885575,0.09529047095290472,-0.1174188335932046,-0.2805264671108695,-0.02147543451454312,0.7509514133947546,exploratory_only,探索性,金标准总分－对应金标准条目分；HAMD14金标准9视为无法评估且总分已不含该项,0.04782188447821885,0.1683052473973382,FDR显著,FDR不显著,not_estimable
HAMD-17,PDCH共同24人验证,Kimi-K2.6,不思考,16,C16：事件序列｜规整｜逐条评分｜清洗,事件序列,规整,清洗,3,自杀,Spearman秩相关,24,24,24,0,0,4,1,0.30191557344278247,-0.13726370741210536,0.6338049759921938,0.15162027336649128,0.1568843115688431,0.1900308650365429,-0.25648469167278015,0.5763429233393236,0.37378656605592897,0.36776322367763226,-0.11188470840623957,-0.3039970751650363,0.007512553215468622,0.6294172336643529,exploratory_only,探索性,金标准总分－对应金标准条目分；HAMD14金标准9视为无法评估且总分已不含该项,0.19940435862955758,0.4526754531754032,FDR不显著,FDR不显著,not_estimable
HAMD-17,PDCH共同24人验证,Kimi-K2.6,不思考,16,C16：事件序列｜规整｜逐条评分｜清洗,事件序列,规整,清洗,4,入睡困难,Spearman秩相关,24,24,24,0,0,3,1,0.4309677662513789,0.006574632069034664,0.7630634650985593,0.03550975077527051,0.03569643035696431,0.41230052371335235,-0.027243804644055254,0.7445397475816329,0.04527416595822227,0.0448955104489551,-0.01866724253802654,-0.06046214035705189,0.0,0.9566852929619378,exploratory_only,探索性,金标准总分－对应金标准条目分；HAMD14金标准9视为无法评估且总分已不含该项,0.06837626096545277,0.10176315701763157,FDR不显著,FDR不显著,not_estimable
HAMD-17,PDCH共同24人验证,Kimi-K2.6,不思考,16,C16：事件序列｜规整｜逐条评分｜清洗,事件序列,规整,清洗,5,睡眠不深,Spearman秩相关,24,24,24,0,0,3,1,0.37334524691935495,-0.05090676627283099,0.6910904636181356,0.07233718610291288,0.07479252074792521,0.2501103022334718,-0.1531270012414408,0.6162775309688888,0.23850778649359367,0.23537646235376464,-0.12323494468588314,-0.2609042694673552,-0.009554833963248206,0.6699169315727148,exploratory_only,探索性,金标准总分－对应金标准条目分；HAMD14金标准9视为无法评估且总分已不含该项,0.11301980913019809,0.3247516832475168,FDR不显著,FDR不显著,not_estimable
HAMD-17,PDCH共同24人验证,Kimi-K2.6,不思考,16,C16：事件序列｜规整｜逐条评分｜清洗,事件序列,规整,清洗,6,早醒,Spearman秩相关,24,24,24,0,0,3,1,0.46658093055136274,0.08358010032358887,0.7421142316643184,0.021540975300010843,0.0230976902309769,0.46966831579900997,0.07828772717050515,0.7435250347433322,0.020578133949053914,0.021997800219978002,0.003087385247647234,-0.10628160785709395,0.10801733456495495,1.0066170412151196,exploratory_only,探索性,金标准总分－对应金标准条目分；HAMD14金标准9视为无法评估且总分已不含该项,0.0506659011518203,0.06317701563177015,FDR不显著,FDR不显著,not_estimable
HAMD-17,PDCH共同24人验证,Kimi-K2.6,不思考,16,C16：事件序列｜规整｜逐条评分｜清洗,事件序列,规整,清洗,7,工作和活动,Spearman秩相关,24,24,24,0,0,5,1,0.8575265681964629,0.6846652083016835,0.9535508469056793,8.621883596923202e-08,9.999000099990002e-05,0.6876214687898091,0.37102912265973964,0.8861144283745457,0.0002049212946677992,0.0005999400059994001,-0.16990509940665377,-0.39114528701944057,-0.036059375933436146,0.8018660812294182,exploratory_only,探索性,金标准总分－对应金标准条目分；HAMD14金标准9视为无法评估且总分已不含该项,0.0012362400123624002,0.006799320067993201,FDR显著,FDR显著,not_estimable
HAMD-17,PDCH共同24人验证,Kimi-K2.6,不思考,16,C16：事件序列｜规整｜逐条评分｜清洗,事件序列,规整,清洗,8,迟滞,Spearman秩相关,24,24,24,0,0,4,1,0.5099476730783201,0.1187784076116583,0.8026302101807289,0.010905614108402862,0.010998900109989001,0.4824534710622344,0.06051309720504472,0.797901426975451,0.016954855645087506,0.0174982501749825,-0.02749420201608571,-0.168442250220478,0.06422809420409273,0.9460842681169308,exploratory_only,探索性,金标准总分－对应金标准条目分；HAMD14金标准9视为无法评估且总分已不含该项,0.029330400293304002,0.05408550054085501,FDR显著,FDR不显著,not_estimable
HAMD-17,PDCH共同24人验证,Kimi-K2.6,不思考,16,C16：事件序列｜规整｜逐条评分｜清洗,事件序列,规整,清洗,9,激越,Spearman秩相关,24,24,24,0,0,3,1,0.5262939119400936,0.198525883225396,0.7657508249872327,0.008245984060216205,0.008899110088991101,0.4891502594498091,0.12078467782856894,0.740407793502693,0.015275683046505508,0.015898410158984102,-0.03714365249028445,-0.09295508676572854,-0.0024717601983259598,0.9294241266189824,exploratory_only,探索性,金标准总分－对应金标准条目分；HAMD14金标准9视为无法评估且总分已不含该项,0.026064060260640603,0.05028334375864739,FDR显著,FDR不显著,not_estimable
HAMD-17,PDCH共同24人验证,Kimi-K2.6,不思考,16,C16：事件序列｜规整｜逐条评分｜清洗,事件序列,规整,清洗,10,精神性焦虑,Spearman秩相关,24,24,24,0,0,4,1,0.7327833065325363,0.4548007877987761,0.8778759555038727,4.65602671850115e-05,0.00019998000199980003,0.7125059937618429,0.444280044898386,0.8662545428413083,9.369467805203817e-05,9.999000099990002e-05,-0.020277312770693445,-0.11030725614398094,0.06064986219633604,0.97232836421091,exploratory_only,探索性,金标准总分－对应金标准条目分；HAMD14金标准9视为无法评估且总分已不含该项,0.0016998300169983002,0.0027197280271972803,FDR显著,FDR显著,not_estimable
HAMD-17,PDCH共同24人验证,Kimi-K2.6,不思考,16,C16：事件序列｜规整｜逐条评分｜清洗,事件序列,规整,清洗,11,躯体性焦虑,Spearman秩相关,24,24,24,0,0,4,1,0.588735163605439,0.23030220340562702,0.8295637265337782,0.0024736874356794886,0.0036996300369963003,0.46194331025321617,0.05112245160440941,0.7590278689849407,0.023055457210279025,0.024297570242975703,-0.12679185335222282,-0.29566964275150237,-0.010240747894734127,0.7846368601872798,exploratory_only,探索性,金标准总分－对应金标准条目分；HAMD14金标准9视为无法评估且总分已不含该项,0.015723427657234276,0.0647935206479352,FDR显著,FDR不显著,not_estimable
HAMD-17,PDCH共同24人验证,Kimi-K2.6,不思考,16,C16：事件序列｜规整｜逐条评分｜清洗,事件序列,规整,清洗,12,胃肠道症状,Spearman秩相关,24,24,24,0,0,3,1,0.3521108237189564,-0.08611311067228093,0.6900735370236352,0.09152045952617985,0.09269073092690731,0.25060146813968204,-0.22613611031195993,0.6471442871163411,0.23755645045505785,0.23297670232976703,-0.10150935557927437,-0.24781333367125966,-0.01042343235292588,0.7117119135755512,exploratory_only,探索性,金标准总分－对应金标准条目分；HAMD14金标准9视为无法评估且总分已不含该项,0.1299425612994256,0.3247516832475168,FDR不显著,FDR不显著,not_estimable
HAMD-17,PDCH共同24人验证,Kimi-K2.6,不思考,16,C16：事件序列｜规整｜逐条评分｜清洗,事件序列,规整,清洗,13,全身症状,Spearman秩相关,24,24,24,0,0,3,1,0.7308970264006536,0.4901089057758079,0.8669763218588862,4.981784096398655e-05,0.00029997000299970003,0.6105953699647751,0.2691582540728046,0.8311662822977223,0.0015299535833422204,0.0029997000299970002,-0.12030165643587842,-0.2987465168488609,-0.015891621265524198,0.8354054646681063,exploratory_only,探索性,金标准总分－对应金标准条目分；HAMD14金标准9视为无法评估且总分已不含该项,0.0022664400226644005,0.017737356699112698,FDR显著,FDR显著,not_estimable
HAMD-17,PDCH共同24人验证,Kimi-K2.6,不思考,16,C16：事件序列｜规整｜逐条评分｜清洗,事件序列,规整,清洗,14,性症状,Spearman秩相关,24,13,13,11,11,3,1,0.6072268067088666,0.1402240653315886,0.8806664226929672,0.027737189789155767,0.032996700329967,0.5393939393939393,0.03426799756906254,0.8655331318899357,0.05711941226247453,0.0643935606439356,-0.06783286731492733,-0.22825977169798747,0.0,0.8882907233911865,not_estimable,不可估计,金标准总分－对应金标准条目分；HAMD14金标准9视为无法评估且总分已不含该项,0.06503697456341323,0.13158684131586842,FDR不显著,FDR不显著,not_estimable
HAMD-17,PDCH共同24人验证,Kimi-K2.6,不思考,16,C16：事件序列｜规整｜逐条评分｜清洗,事件序列,规整,清洗,15,疑病,Spearman秩相关,24,24,24,0,0,3,1,0.33382619628876026,-0.05852810800023121,0.6492404161876731,0.11088539238272152,0.10918908109189081,0.2006947599528001,-0.26306568334470554,0.5824581321335632,0.3470491167805449,0.34566543345665435,-0.13313143633596017,-0.31163154549244004,-0.021769696024417768,0.6011953590939842,exploratory_only,探索性,金标准总分－对应金标准条目分；HAMD14金标准9视为无法评估且总分已不含该项,0.14598540145985403,0.4352823976861573,FDR不显著,FDR不显著,not_estimable
HAMD-17,PDCH共同24人验证,Kimi-K2.6,不思考,16,C16：事件序列｜规整｜逐条评分｜清洗,事件序列,规整,清洗,16,体重减轻,Spearman秩相关,24,24,24,0,0,3,1,0.3442788477525383,-0.08524711136309919,0.7067906337882033,0.09947896120180598,0.09419058094190581,0.31936955217448976,-0.12259222758810198,0.6989109091489527,0.12820429993161242,0.12908709129087093,-0.02490929557804855,-0.09283049461018282,0.0019276521470829205,0.9276479059324815,exploratory_only,探索性,金标准总分－对应金标准条目分；HAMD14金标准9视为无法评估且总分已不含该项,0.1299425612994256,0.20964570209645703,FDR不显著,FDR不显著,not_estimable
HAMD-17,PDCH共同24人验证,Kimi-K2.6,不思考,16,C16：事件序列｜规整｜逐条评分｜清洗,事件序列,规整,清洗,17,自知力,Spearman秩相关,24,24,24,0,0,3,1,0.2751719154906321,-0.16359075808397336,0.6580668624085796,0.19312441413350556,0.18698130186981302,0.25175490107816045,-0.1972244471747571,0.651506333565679,0.2353321835108883,0.23527647235276472,-0.023417014412471626,-0.08162975205404288,5.442655482526417e-05,0.9149004200856797,exploratory_only,探索性,金标准总分－对应金标准条目分；HAMD14金标准9视为无法评估且总分已不含该项,0.22899138657562818,0.3247516832475168,FDR不显著,FDR不显著,not_estimable
HAMD-17,PDCH共同24人验证,Kimi-K2.6,思考,3,C03：全文｜不规整｜逐条评分｜不清洗,全文,不规整,不清洗,1,抑郁情绪,Spearman秩相关,24,24,24,0,0,4,15,0.7321986848129015,0.5272007722233298,0.8724968961078698,4.754925760277712e-05,0.00019998000199980003,0.6147783918451172,0.3195698026351838,0.831060312247506,0.0013900173425916082,0.0012998700129987,-0.11742029296778433,-0.31893657964945354,0.005881935140465988,0.839633291614299,exploratory_only,探索性,金标准总分－对应金标准条目分；HAMD14金标准9视为无法评估且总分已不含该项,0.0027197280271972803,0.014731860147318601,FDR显著,FDR显著,not_estimable
HAMD-17,PDCH共同24人验证,Kimi-K2.6,思考,3,C03：全文｜不规整｜逐条评分｜不清洗,全文,不规整,不清洗,2,有罪感,Spearman秩相关,24,24,24,0,0,3,15,0.2738984957506148,-0.16575306315721808,0.6690535744543527,0.19527655941754657,0.19358064193580643,0.1821970618410917,-0.28373840324543287,0.6054447403871176,0.3941608616976809,0.3945605439456054,-0.09170143390952312,-0.24750839790597873,0.004075955314818014,0.6651992057925813,exploratory_only,探索性,金标准总分－对应金标准条目分；HAMD14金标准9视为无法评估且总分已不含该项,0.28616268807901823,0.5362711253627112,FDR不显著,FDR不显著,not_estimable
HAMD-17,PDCH共同24人验证,Kimi-K2.6,思考,3,C03：全文｜不规整｜逐条评分｜不清洗,全文,不规整,不清洗,3,自杀,Spearman秩相关,24,24,24,0,0,4,15,0.4367556990765203,0.10012013634103181,0.6893029631455109,0.03284849465829949,0.0337966203379662,0.23268973388811007,-0.19465877463639805,0.6076882663360104,0.2738699856166778,0.2712728727127287,-0.20406596518841022,-0.41663501892289556,-0.039191809187038004,0.5327686264429087,exploratory_only,探索性,金标准总分－对应金标准条目分；HAMD14金标准9视为无法评估且总分已不含该项,0.07601862764543219,0.4392036986777512,FDR不显著,FDR不显著,not_estimable
HAMD-17,PDCH共同24人验证,Kimi-K2.6,思考,3,C03：全文｜不规整｜逐条评分｜不清洗,全文,不规整,不清洗,4,入睡困难,Spearman秩相关,24,24,24,0,0,3,15,0.5758059734092145,0.20697994123412683,0.8408900389430322,0.0032362939363531846,0.0044995500449955,0.5472411060165375,0.17494055359777705,0.819039993994784,0.005646929281198415,0.005599440055994401,-0.02856486739267694,-0.0913990699616573,0.0,0.9503915056254958,exploratory_only,探索性,金标准总分－对应金标准条目分；HAMD14金标准9视为无法评估且总分已不含该项,0.019739961487722193,0.03429222295161788,FDR显著,FDR显著,not_estimable
HAMD-17,PDCH共同24人验证,Kimi-K2.6,思考,3,C03：全文｜不规整｜逐条评分｜不清洗,全文,不规整,不清洗,5,睡眠不深,Spearman秩相关,24,24,24,0,0,3,15,0.13009224518870682,-0.26216592088641694,0.5030099480771287,0.5445940456753134,0.5406459354064593,-0.04008412861413104,-0.44216370652251946,0.35437004867208927,0.8524741071687292,0.8500149985001499,-0.17017637380283787,-0.33686281538522445,-0.051755555296332766,-0.3081208150108144,exploratory_only,探索性,金标准总分－对应金标准条目分；HAMD14金标准9视为无法评估且总分已不含该项,0.6022096977294141,0.9031409359064093,FDR不显著,FDR不显著,not_estimable
HAMD-17,PDCH共同24人验证,Kimi-K2.6,思考,3,C03：全文｜不规整｜逐条评分｜不清洗,全文,不规整,不清洗,6,早醒,Spearman秩相关,24,24,24,0,0,3,15,0.4835942190194403,0.04573194447560709,0.7566534243533793,0.016658647604239865,0.0170982901709829,0.43972427671686426,-0.014396416923646163,0.7367001246779329,0.0315465243025671,0.032596740325967405,-0.043869942302576015,-0.15003484744134932,0.0027394944090759505,0.9092835675506442,exploratory_only,探索性,金标准总分－对应金标准条目分；HAMD14金标准9视为无法评估且总分已不含该项,0.04650734926507349,0.0923574309235743,FDR显著,FDR不显著,not_estimable
HAMD-17,PDCH共同24人验证,Kimi-K2.6,思考,3,C03：全文｜不规整｜逐条评分｜不清洗,全文,不规整,不清洗,7,工作和活动,Spearman秩相关,24,24,24,0,0,5,15,0.7832931370797817,0.5774530727943709,0.8986383744924418,6.01362957183219e-06,9.999000099990002e-05,0.6490077774227045,0.3289790443919507,0.8364126793899179,0.0006012354026287022,0.0006999300069993001,-0.1342853596570771,-0.3197719052654736,-0.019333350760972763,0.8285630841121495,exploratory_only,探索性,金标准总分－对应金标准条目分；HAMD14金标准9视为无法评估且总分已不含该项,0.0016998300169983002,0.013598640135986401,FDR显著,FDR显著,not_estimable
HAMD-17,PDCH共同24人验证,Kimi-K2.6,思考,3,C03：全文｜不规整｜逐条评分｜不清洗,全文,不规整,不清洗,8,迟滞,Spearman秩相关,24,24,24,0,0,3,15,0.6367472389652843,0.3321885085630857,0.7963147039108769,0.0008210382170327887,0.0010998900109989002,0.5581408037235803,0.12318462738213999,0.8008652006898369,0.004592572951779328,0.0033996600339966003,-0.07860643524170396,-0.30045497621857503,0.03047048000575985,0.8765500179169373,exploratory_only,探索性,金标准总分－对应金标准条目分；HAMD14金标准9视为无法评估且总分已不含该项,0.006799320067993201,0.025686320256863203,FDR显著,FDR显著,not_estimable
HAMD-17,PDCH共同24人验证,Kimi-K2.6,思考,3,C03：全文｜不规整｜逐条评分｜不清洗,全文,不规整,不清洗,9,激越,Spearman秩相关,24,24,24,0,0,3,15,0.06423871291158437,-0.3078010197471329,0.41636276911215164,0.7655412912108973,0.7686231376862314,0.03036188425968253,-0.3528550406939313,0.4155148163785208,0.8880011873717606,0.8963103689631037,-0.033876828651901836,-0.1103761249644494,0.02789830366730908,0.47264154095788674,exploratory_only,探索性,金标准总分－对应金标准条目分；HAMD14金标准9视为无法评估且总分已不含该项,0.8230924939002163,0.9305206883891763,FDR不显著,FDR不显著,not_estimable
HAMD-17,PDCH共同24人验证,Kimi-K2.6,思考,3,C03：全文｜不规整｜逐条评分｜不清洗,全文,不规整,不清洗,10,精神性焦虑,Spearman秩相关,24,24,24,0,0,4,15,0.708445278122211,0.40502078687954096,0.855262055047137,0.0001070314155618752,0.00029997000299970003,0.6583605199446291,0.3401959171041129,0.8270668795242265,0.0004696847715150162,0.0006999300069993001,-0.050084758177581956,-0.12748358370648047,0.006460719708067372,0.929303278990954,exploratory_only,探索性,金标准总分－对应金标准条目分；HAMD14金标准9视为无法评估且总分已不含该项,0.0031381477236891698,0.013598640135986401,FDR显著,FDR显著,not_estimable
HAMD-17,PDCH共同24人验证,Kimi-K2.6,思考,3,C03：全文｜不规整｜逐条评分｜不清洗,全文,不规整,不清洗,11,躯体性焦虑,Spearman秩相关,24,24,24,0,0,4,15,0.6381863969895147,0.3128859659707272,0.8620106889557165,0.0007920952252002589,0.0006999300069993001,0.508745911815385,0.0995311707963314,0.7962873738343701,0.011126250254519163,0.0117988201179882,-0.12944048517412976,-0.3027303972438024,-0.012098177667232389,0.7971744841558313,exploratory_only,探索性,金标准总分－对应金标准条目分；HAMD14金标准9视为无法评估且总分已不含该项,0.005180434337518629,0.05014498550144985,FDR显著,FDR不显著,not_estimable
HAMD-17,PDCH共同24人验证,Kimi-K2.6,思考,3,C03：全文｜不规整｜逐条评分｜不清洗,全文,不规整,不清洗,12,胃肠道症状,Spearman秩相关,24,24,24,0,0,3,15,0.44904510437491973,0.08491727262021914,0.7544909209171867,0.02772375981260196,0.027197280271972803,0.3066998285051994,-0.11003192686757701,0.6681560708611045,0.1449212353475503,0.1468853114688531,-0.14234527586972034,-0.30574643349063807,-0.03134958286667522,0.6830045033719542,exploratory_only,探索性,金标准总分－对应金标准条目分；HAMD14金标准9视为无法评估且总分已不含该项,0.06489175643839125,0.30514524305145246,FDR不显著,FDR不显著,not_estimable
HAMD-17,PDCH共同24人验证,Kimi-K2.6,思考,3,C03：全文｜不规整｜逐条评分｜不清洗,全文,不规整,不清洗,13,全身症状,Spearman秩相关,24,24,24,0,0,3,15,0.7249601895142359,0.4283728105902956,0.8901053644536867,6.141583564039501e-05,9.999000099990002e-05,0.5884930504832142,0.24580764163836769,0.8447516278604986,0.002486419963572103,0.0030996900309969004,-0.1364671390310217,-0.3422162767956185,-0.026343561956470547,0.8117591269081101,exploratory_only,探索性,金标准总分－对应金标准条目分；HAMD14金标准9视为无法评估且总分已不含该项,0.0016998300169983002,0.024797520247975203,FDR显著,FDR显著,not_estimable
HAMD-17,PDCH共同24人验证,Kimi-K2.6,思考,3,C03：全文｜不规整｜逐条评分｜不清洗,全文,不规整,不清洗,14,性症状,Spearman秩相关,24,19,19,5,5,3,15,0.6003441109087077,0.1886540757235911,0.831131371810913,0.006573163049528939,0.006899310068993101,0.5479184449857295,0.0913377922169439,0.8073061823951483,0.015156501134556272,0.019098090190980903,-0.05242566592297815,-0.17371632716006805,0.0,0.912673973192434,not_estimable,不可估计,金标准总分－对应金标准条目分；HAMD14金标准9视为无法评估且总分已不含该项,0.024692267615343728,0.07019838556684872,FDR显著,FDR不显著,not_estimable
HAMD-17,PDCH共同24人验证,Kimi-K2.6,思考,3,C03：全文｜不规整｜逐条评分｜不清洗,全文,不规整,不清洗,15,疑病,Spearman秩相关,24,24,24,0,0,3,15,0.19825798859315735,-0.29217344364737224,0.6113417968556437,0.353056573695994,0.35676432356764326,0.08855126679673754,-0.4258896932468827,0.5398447598620091,0.6807335346666055,0.6713328667133287,-0.10970672179641981,-0.2668193277309743,-0.011720350660830872,0.4466466517949622,exploratory_only,探索性,金标准总分－对应金标准条目分；HAMD14金标准9视为无法评估且总分已不含该项,0.46209474290666175,0.7729693697296938,FDR不显著,FDR不显著,not_estimable
HAMD-17,PDCH共同24人验证,Kimi-K2.6,思考,3,C03：全文｜不规整｜逐条评分｜不清洗,全文,不规整,不清洗,16,体重减轻,Spearman秩相关,24,24,24,0,0,3,15,0.4515552011760485,0.01805356121843398,0.7586272919577325,0.02676047718746068,0.026197380261973803,0.42276712269970196,-0.006233456364349584,0.7345973093251457,0.03956990502554565,0.038396160383961604,-0.028788078476346568,-0.11135137912235649,0.0020327168401428966,0.9362468234196623,exploratory_only,探索性,金标准总分－对应金标准条目分；HAMD14金标准9视为无法评估且总分已不含该项,0.06362220920765067,0.10443755624437558,FDR不显著,FDR不显著,not_estimable
HAMD-17,PDCH共同24人验证,Kimi-K2.6,思考,3,C03：全文｜不规整｜逐条评分｜不清洗,全文,不规整,不清洗,17,自知力,Spearman秩相关,24,24,24,0,0,3,15,0.22682658482900483,-0.2771042820058673,0.6081120713371868,0.2864829480158689,0.28717128287171284,0.19951549742052974,-0.3444549466858587,0.6166437331613321,0.3499487985741812,0.35056494350564943,-0.0273110874084751,-0.11428377759581321,0.03101644392533869,0.8795948568856521,exploratory_only,探索性,金标准总分－对应金标准条目分；HAMD14金标准9视为无法评估且总分已不含该项,0.3891610838916108,0.5055831258979365,FDR不显著,FDR不显著,not_estimable
HAMD-17,PDCH共同24人验证,Kimi-K2.6,思考,4,C04：全文｜不规整｜逐条评分｜清洗,全文,不规整,清洗,1,抑郁情绪,Spearman秩相关,24,24,24,0,0,4,12,0.7606675882285244,0.47330344121069284,0.9222123810467753,1.5984498009320385e-05,9.999000099990002e-05,0.654412347858292,0.33949448999311427,0.8717419844840857,0.0005218113002630213,0.0004999500049995,-0.10625524037023237,-0.2630961942507016,-0.008548790485717108,0.8603131748814431,exploratory_only,探索性,金标准总分－对应金标准条目分；HAMD14金标准9视为无法评估且总分已不含该项,0.0016998300169983002,0.013598640135986401,FDR显著,FDR显著,not_estimable
HAMD-17,PDCH共同24人验证,Kimi-K2.6,思考,4,C04：全文｜不规整｜逐条评分｜清洗,全文,不规整,清洗,2,有罪感,Spearman秩相关,24,24,24,0,0,3,12,0.171858292175854,-0.2627127941924272,0.5476765936449743,0.42198291400626287,0.41915808419158085,0.10563746785936795,-0.37959068516778205,0.5323955598316205,0.6232374147131252,0.6236376362363764,-0.06622082431648604,-0.19428842447561187,0.05573955919153886,0.6146777471247905,exploratory_only,探索性,金标准总分－对应金标准条目分；HAMD14金标准9视为无法评估且总分已不含该项,0.5000482407899561,0.7375192915491059,FDR不显著,FDR不显著,not_estimable
HAMD-17,PDCH共同24人验证,Kimi-K2.6,思考,4,C04：全文｜不规整｜逐条评分｜清洗,全文,不规整,清洗,3,自杀,Spearman秩相关,24,24,24,0,0,3,12,0.3491473771812733,-0.028075680233564496,0.653983229500382,0.09447377473325762,0.09109089091090891,0.19341625710608892,-0.2073795148313928,0.5484994246869139,0.3651730591222112,0.36036396360363965,-0.1557311200751844,-0.356875667964048,-0.01673794541861061,0.5539673780956671,exploratory_only,探索性,金标准总分－对应金标准条目分；HAMD14金标准9视为无法评估且总分已不含该项,0.1731937917319379,0.5105156151051562,FDR不显著,FDR不显著,not_estimable
HAMD-17,PDCH共同24人验证,Kimi-K2.6,思考,4,C04：全文｜不规整｜逐条评分｜清洗,全文,不规整,清洗,4,入睡困难,Spearman秩相关,24,24,24,0,0,3,12,0.6163851131734718,0.2931094676467486,0.8478322688985757,0.001339259535983391,0.0015998400159984002,0.5889230034382477,0.23210831701007167,0.828221705517973,0.002463847291041459,0.0028997100289971,-0.027462109735224116,-0.08653069761624138,0.0,0.9554465071457764,exploratory_only,探索性,金标准总分－对应金标准条目分；HAMD14金标准9视为无法评估且总分已不含该项,0.008703129687031297,0.024647535246475352,FDR显著,FDR显著,not_estimable
HAMD-17,PDCH共同24人验证,Kimi-K2.6,思考,4,C04：全文｜不规整｜逐条评分｜清洗,全文,不规整,清洗,5,睡眠不深,Spearman秩相关,24,24,24,0,0,3,12,0.1673296584904284,-0.24088553904613663,0.5356658687254249,0.43449811116606657,0.43975602439756023,0.014315760219332516,-0.39693121246298385,0.4228164147101627,0.9470658762260722,0.944005599440056,-0.1530138982710959,-0.32004992669533516,-0.03174977077048058,0.08555423078301093,exploratory_only,探索性,金标准总分－对应金标准条目分；HAMD14金标准9视为无法评估且总分已不含该项,0.5155760286040362,0.9509982335099825,FDR不显著,FDR不显著,not_estimable
HAMD-17,PDCH共同24人验证,Kimi-K2.6,思考,4,C04：全文｜不规整｜逐条评分｜清洗,全文,不规整,清洗,6,早醒,Spearman秩相关,24,24,24,0,0,3,12,0.42638151111687345,0.03978753621445278,0.6979265244716849,0.03773753432377292,0.0413958604139586,0.357071978240548,-0.05059019395083496,0.6644904030594846,0.08673143026772644,0.09049095090490951,-0.06930953287632546,-0.1891032377460853,0.01587511834893377,0.8374471428304325,exploratory_only,探索性,金标准总分－对应金标准条目分；HAMD14金标准9视为无法评估且总分已不含该项,0.08936249232219635,0.2159082337380297,FDR不显著,FDR不显著,not_estimable
HAMD-17,PDCH共同24人验证,Kimi-K2.6,思考,4,C04：全文｜不规整｜逐条评分｜清洗,全文,不规整,清洗,7,工作和活动,Spearman秩相关,24,24,24,0,0,5,12,0.7245812402907107,0.4927421633498834,0.863675657915645,6.22306546306961e-05,9.999000099990002e-05,0.5468929017843055,0.1591625985939706,0.8026455917014265,0.005683698400968137,0.006399360063993601,-0.1776883385064052,-0.4134485229059603,-0.032327171926047345,0.7547709923664122,exploratory_only,探索性,金标准总分－对应金标准条目分；HAMD14金标准9视为无法评估且总分已不含该项,0.0016998300169983002,0.0362630403626304,FDR显著,FDR显著,not_estimable
HAMD-17,PDCH共同24人验证,Kimi-K2.6,思考,4,C04：全文｜不规整｜逐条评分｜清洗,全文,不规整,清洗,8,迟滞,Spearman秩相关,24,24,24,0,0,3,12,0.46656780039721046,0.09052174122043267,0.7408315088927128,0.021545146562104666,0.020597940205979402,0.42224654498107556,0.015399980348665921,0.7021188102344326,0.03983950258955134,0.040495950404959506,-0.04432125541613491,-0.2116015508347928,0.049465428150324176,0.9050057561228996,exploratory_only,探索性,金标准总分－对应金标准条目分；HAMD14金标准9视为无法评估且总分已不含该项,0.054927840549278406,0.10591248567450948,FDR不显著,FDR不显著,not_estimable
HAMD-17,PDCH共同24人验证,Kimi-K2.6,思考,4,C04：全文｜不规整｜逐条评分｜清洗,全文,不规整,清洗,9,激越,Spearman秩相关,24,24,24,0,0,3,12,0.16981006623810746,-0.28119216291013016,0.555593579811854,0.4276188092543724,0.43225677432256776,0.13078749488979444,-0.3335672342313712,0.5157475490153856,0.5424271925576098,0.5429457054294571,-0.03902257134831302,-0.11439143720046004,0.02305592585004424,0.7701987154660453,exploratory_only,探索性,金标准总分－对应金标准条目分；HAMD14金标准9视为无法评估且总分已不含该项,0.511190620068428,0.6683974459696888,FDR不显著,FDR不显著,not_estimable
HAMD-17,PDCH共同24人验证,Kimi-K2.6,思考,4,C04：全文｜不规整｜逐条评分｜清洗,全文,不规整,清洗,10,精神性焦虑,Spearman秩相关,24,24,24,0,0,3,12,0.6928534802225271,0.3664786539180306,0.8659949532397447,0.00017493356600994386,0.00039996000399960006,0.6685027491496844,0.378656001760372,0.8503628419425212,0.00035592004266904546,0.0005999400059994001,-0.02435073107284269,-0.1057686441756549,0.043828601700317806,0.9648544291571981,exploratory_only,探索性,金标准总分－对应金标准条目分；HAMD14金标准9视为无法评估且总分已不含该项,0.003885325753138972,0.013598640135986401,FDR显著,FDR显著,not_estimable
HAMD-17,PDCH共同24人验证,Kimi-K2.6,思考,4,C04：全文｜不规整｜逐条评分｜清洗,全文,不规整,清洗,11,躯体性焦虑,Spearman秩相关,24,24,24,0,0,4,12,0.647519290415407,0.2847462135741048,0.867638919588971,0.0006248630296465059,0.0007999200079992001,0.5273191459847157,0.08535045924983556,0.8210179119306846,0.008098999543892092,0.008799120087991202,-0.12020014443069127,-0.2841491329744932,-0.003337019846638244,0.814368241672648,exploratory_only,探索性,金标准总分－对应金标准条目分；HAMD14金标准9视为无法评估且总分已不含该项,0.005180434337518629,0.041264839033338045,FDR显著,FDR显著,not_estimable
HAMD-17,PDCH共同24人验证,Kimi-K2.6,思考,4,C04：全文｜不规整｜逐条评分｜清洗,全文,不规整,清洗,12,胃肠道症状,Spearman秩相关,24,24,24,0,0,3,12,0.4076900385710435,0.05558695118429571,0.6982889760465035,0.047982613250199736,0.04839516048395161,0.24875201099886862,-0.1752211611538567,0.6201158299951977,0.24115165353412735,0.23467653234676533,-0.1589380275721749,-0.3438357514881213,-0.030541902549754738,0.610149838025835,exploratory_only,探索性,金标准总分－对应金标准条目分；HAMD14金标准9视为无法评估且总分已不含该项,0.10125756655103721,0.4187321527587501,FDR不显著,FDR不显著,not_estimable
HAMD-17,PDCH共同24人验证,Kimi-K2.6,思考,4,C04：全文｜不规整｜逐条评分｜清洗,全文,不规整,清洗,13,全身症状,Spearman秩相关,24,24,24,0,0,3,12,0.6575973674697764,0.34869401565916086,0.8522006139563089,0.0004793932803980019,0.0007999200079992001,0.5534484507503559,0.1715663811590919,0.814504385144586,0.005024142293051215,0.005599440055994401,-0.1041489167194205,-0.26533098639010727,-0.00056748907574872,0.8416220595283826,exploratory_only,探索性,金标准总分－对应金标准条目分；HAMD14金标准9视为无法评估且总分已不含该项,0.005180434337518629,0.03429222295161788,FDR显著,FDR显著,not_estimable
HAMD-17,PDCH共同24人验证,Kimi-K2.6,思考,4,C04：全文｜不规整｜逐条评分｜清洗,全文,不规整,清洗,14,性症状,Spearman秩相关,24,18,18,6,6,3,12,0.6198011732669917,0.2891735837489768,0.8266701209195961,0.0060768252202152775,0.007699230076992301,0.5659329700490491,0.1613150830625011,0.7880692918967115,0.014359139698488798,0.0178982101789821,-0.05386820321794261,-0.1738608817074174,0.0,0.9130879295790914,not_estimable,不可估计,金标准总分－对应金标准条目分；HAMD14金标准9视为无法评估且总分已不含该项,0.024930840249308403,0.06761546067615459,FDR显著,FDR不显著,not_estimable
HAMD-17,PDCH共同24人验证,Kimi-K2.6,思考,4,C04：全文｜不规整｜逐条评分｜清洗,全文,不规整,清洗,15,疑病,Spearman秩相关,24,24,24,0,0,3,12,-0.06533142755206993,-0.5575576770758883,0.40832530137497564,0.7616646274251061,0.7619238076192381,-0.15615859272398272,-0.6362889986619331,0.3201437766715382,0.46620542834855605,0.45645435456454353,-0.09082716517191279,-0.2194717084841288,-0.011927020591035146,,exploratory_only,探索性,金标准总分－对应金标准条目分；HAMD14金标准9视为无法评估且总分已不含该项,0.8223939510810824,0.5912170687693136,FDR不显著,FDR不显著,not_estimable
HAMD-17,PDCH共同24人验证,Kimi-K2.6,思考,4,C04：全文｜不规整｜逐条评分｜清洗,全文,不规整,清洗,16,体重减轻,Spearman秩相关,24,24,24,0,0,3,12,0.17266872221832427,-0.21524872954496038,0.5335226450170817,0.4197641718496189,0.41725827417258277,0.1380740044864208,-0.25756134930023533,0.49901803257585126,0.5199613618196388,0.5234476552344766,-0.03459471773190348,-0.11077039587787227,0.0,0.7996468770518755,exploratory_only,探索性,金标准总分－对应金标准条目分；HAMD14金标准9视为无法评估且总分已不含该项,0.5000482407899561,0.6531090010265029,FDR不显著,FDR不显著,not_estimable
HAMD-17,PDCH共同24人验证,Kimi-K2.6,思考,4,C04：全文｜不规整｜逐条评分｜清洗,全文,不规整,清洗,17,自知力,Spearman秩相关,24,24,24,0,0,3,12,0.22682658482900483,-0.281877390249946,0.6093482787879971,0.2864829480158689,0.28957104289571045,0.19951549742052974,-0.3071290907801981,0.6104978855904009,0.3499487985741812,0.3531646835316468,-0.0273110874084751,-0.11938917686452552,0.032832581840809706,0.8795948568856521,exploratory_only,探索性,金标准总分－对应金标准条目分；HAMD14金标准9视为无法评估且总分已不含该项,0.3891610838916108,0.5055831258979365,FDR不显著,FDR不显著,not_estimable
HAMD-17,PDCH共同24人验证,Kimi-K2.6,思考,7,C07：全文｜规整｜逐条评分｜不清洗,全文,规整,不清洗,1,抑郁情绪,Spearman秩相关,24,24,24,0,0,4,8,0.12264070091968496,-0.3931971223989896,0.6628473210220717,0.5680654911104623,0.5645435456454354,0.06853684524130285,-0.4273950125910579,0.5888194732765536,0.7503250141352487,0.7550244975502449,-0.05410385567838211,-0.1916790668430411,0.05841386200961708,0.5588425761378053,exploratory_only,探索性,金标准总分－对应金标准条目分；HAMD14金标准9视为无法评估且总分已不含该项,0.6191767919982195,0.8305040463695567,FDR不显著,FDR不显著,not_estimable
HAMD-17,PDCH共同24人验证,Kimi-K2.6,思考,7,C07：全文｜规整｜逐条评分｜不清洗,全文,规整,不清洗,2,有罪感,Spearman秩相关,24,24,24,0,0,3,8,0.2937396550100428,-0.17391846604424543,0.6545976788376304,0.16357066147719235,0.16768323167683233,0.1814149364068039,-0.2879785051826098,0.5951619921168048,0.39622871185149316,0.3912608739126087,-0.1123247186032389,-0.27414018631686987,-0.002524426352982074,0.6176045124060673,exploratory_only,探索性,金标准总分－对应金标准条目分；HAMD14金标准9视为无法评估且总分已不含该项,0.26829317068293174,0.5362711253627112,FDR不显著,FDR不显著,not_estimable
HAMD-17,PDCH共同24人验证,Kimi-K2.6,思考,7,C07：全文｜规整｜逐条评分｜不清洗,全文,规整,不清洗,3,自杀,Spearman秩相关,24,24,24,0,0,4,8,0.16956205037502262,-0.28056375466296934,0.6122841187451946,0.42830400367474464,0.41825817418258177,0.06622195035189755,-0.36535120255268955,0.48859784931882433,0.7585093912170777,0.7572242775722428,-0.10334010002312506,-0.24136755826210018,-0.024429717199822114,0.39054700155744515,exploratory_only,探索性,金标准总分－对应金标准条目分；HAMD14金标准9视为无法评估且总分已不含该项,0.5000482407899561,0.8305040463695567,FDR不显著,FDR不显著,not_estimable
HAMD-17,PDCH共同24人验证,Kimi-K2.6,思考,7,C07：全文｜规整｜逐条评分｜不清洗,全文,规整,不清洗,4,入睡困难,Spearman秩相关,24,24,24,0,0,3,8,0.18537533337766368,-0.28265843823222286,0.5750861296981742,0.3858206016202774,0.38416158384161586,0.1505990753885829,-0.3146199660627966,0.5406055184167837,0.4824182843355694,0.4841515848415158,-0.034776257989080794,-0.11607792868456922,1.2367123871916355e-05,0.8124008337278003,exploratory_only,探索性,金标准总分－对应金标准条目分；HAMD14金标准9视为无法评估且总分已不含该项,0.4813918608139186,0.6153702386770669,FDR不显著,FDR不显著,not_estimable
HAMD-17,PDCH共同24人验证,Kimi-K2.6,思考,7,C07：全文｜规整｜逐条评分｜不清洗,全文,规整,不清洗,5,睡眠不深,Spearman秩相关,24,24,24,0,0,3,8,-0.03978647383818716,-0.43490651092231836,0.401140485053617,0.8535580315282365,0.8476152384761524,-0.19650521194878312,-0.5834652359032446,0.2679439097615438,0.35741531521310554,0.35156484351564843,-0.15671873811059595,-0.2939195169872656,-0.04708278580142302,,exploratory_only,探索性,金标准总分－对应金标准条目分；HAMD14金标准9视为无法评估且总分已不含该项,0.8936098638198195,0.5055831258979365,FDR不显著,FDR不显著,not_estimable
HAMD-17,PDCH共同24人验证,Kimi-K2.6,思考,7,C07：全文｜规整｜逐条评分｜不清洗,全文,规整,不清洗,6,早醒,Spearman秩相关,24,24,24,0,0,3,8,0.3472559857946299,-0.09041717324149501,0.7087306854334399,0.09639546118059726,0.09449055094490551,0.3315417550786901,-0.10523049685451143,0.6994985507457017,0.11350109186928624,0.11738826117388261,-0.015714230715939803,-0.14006691566933954,0.09311267103073527,0.9547474158581292,exploratory_only,探索性,金标准总分－对应金标准条目分；HAMD14金标准9视为无法评估且总分已不含该项,0.1760371908014678,0.26171809048603334,FDR不显著,FDR不显著,not_estimable
HAMD-17,PDCH共同24人验证,Kimi-K2.6,思考,7,C07：全文｜规整｜逐条评分｜不清洗,全文,规整,不清洗,7,工作和活动,Spearman秩相关,24,24,24,0,0,5,8,0.2828274367138684,-0.1872392310933318,0.6757173445532304,0.18052751690748906,0.18298170182981702,0.2415817688597626,-0.2402225457763407,0.6718273415699108,0.25542545996704924,0.25807419258074193,-0.0412456678541058,-0.21866970622113363,0.12502909358898215,0.8541666666666667,exploratory_only,探索性,金标准总分－对应金标准条目分；HAMD14金标准9视为无法评估且总分已不含该项,0.28058527480585277,0.4333097554442087,FDR不显著,FDR不显著,not_estimable
HAMD-17,PDCH共同24人验证,Kimi-K2.6,思考,7,C07：全文｜规整｜逐条评分｜不清洗,全文,规整,不清洗,8,迟滞,Spearman秩相关,24,24,24,0,0,3,8,0.14216982633809855,-0.3013547914643411,0.5439032418717046,0.5075323451011581,0.49645035496450357,0.19112658471217528,-0.25264494163059453,0.585854348033729,0.3709860080149658,0.37306269373062695,0.04895675837407673,-0.02658144538995,0.162712164402162,1.3443540703049823,exploratory_only,探索性,金标准总分－对应金标准条目分；HAMD14金标准9视为无法评估且总分已不含该项,0.5721800701285804,0.517719656605768,FDR不显著,FDR不显著,not_estimable
HAMD-17,PDCH共同24人验证,Kimi-K2.6,思考,7,C07：全文｜规整｜逐条评分｜不清洗,全文,规整,不清洗,9,激越,Spearman秩相关,24,24,24,0,0,3,8,0.3013812692753366,-0.12159646258221989,0.645483845411627,0.15238179936972102,0.1483851614838516,0.2774170336384684,-0.152576407173713,0.6056098715919143,0.18936962224382253,0.19018098190180982,-0.02396423563686817,-0.0877043846405225,0.02813781408569053,0.9204853184987589,exploratory_only,探索性,金标准总分－对应金标准条目分；HAMD14金标准9视为无法评估且总分已不含该项,0.2402426424024264,0.3642903315302273,FDR不显著,FDR不显著,not_estimable
HAMD-17,PDCH共同24人验证,Kimi-K2.6,思考,7,C07：全文｜规整｜逐条评分｜不清洗,全文,规整,不清洗,10,精神性焦虑,Spearman秩相关,24,24,24,0,0,4,8,0.5277046040586244,0.16780128642832892,0.7672001573064061,0.008044304187990065,0.0082991700829917,0.4617780246319639,0.07683620805141417,0.7278005399254993,0.023110978586874806,0.0292970702929707,-0.06592657942666053,-0.1606130754567806,0.009108529331469273,0.8750691600573253,exploratory_only,探索性,金标准总分－对应金标准条目分；HAMD14金标准9视为无法评估且总分已不含该项,0.02624853793690398,0.08750429304895598,FDR显著,FDR不显著,not_estimable
HAMD-17,PDCH共同24人验证,Kimi-K2.6,思考,7,C07：全文｜规整｜逐条评分｜不清洗,全文,规整,不清洗,11,躯体性焦虑,Spearman秩相关,24,24,24,0,0,4,8,0.4367583043535002,-0.01869457124480983,0.8334743340676724,0.032847333575813834,0.0367963203679632,0.3649035505780656,-0.09609835488949245,0.7484994615935198,0.07955771467885515,0.08299170082991701,-0.0718547537754346,-0.20758670698654952,0.018881436266548368,0.8354816541340967,exploratory_only,探索性,金标准总分－对应金标准条目分；HAMD14金标准9视为无法评估且总分已不含该项,0.08071450919424186,0.20155127344408416,FDR不显著,FDR不显著,not_estimable
HAMD-17,PDCH共同24人验证,Kimi-K2.6,思考,7,C07：全文｜规整｜逐条评分｜不清洗,全文,规整,不清洗,12,胃肠道症状,Spearman秩相关,24,24,24,0,0,3,8,0.272012195019932,-0.13809003886870136,0.5993526680993994,0.1984944556771698,0.19888011198880112,0.126888022605904,-0.2923591306085273,0.5289769417655703,0.5546318498285024,0.5485451454854514,-0.145124172414028,-0.31709085557957684,-0.02442480365047085,0.46647916868802936,exploratory_only,探索性,金标准总分－对应金标准条目分；HAMD14金标准9视为无法评估且总分已不含该项,0.2900561007729014,0.6683974459696888,FDR不显著,FDR不显著,not_estimable
HAMD-17,PDCH共同24人验证,Kimi-K2.6,思考,7,C07：全文｜规整｜逐条评分｜不清洗,全文,规整,不清洗,13,全身症状,Spearman秩相关,24,24,24,0,0,3,8,0.5058787606970351,0.17285073552099117,0.7427203943089226,0.011667551365264388,0.013498650134986502,0.37055035376334533,-0.04057406764794533,0.671494921721167,0.0746702284995604,0.0731926807319268,-0.13532840693368975,-0.3284223199359478,-0.012150007339282384,0.7324884588014234,exploratory_only,探索性,金标准总分－对应金标准条目分；HAMD14金标准9视为无法评估且总分已不含该项,0.04079592040795921,0.18098553780985538,FDR显著,FDR不显著,not_estimable
HAMD-17,PDCH共同24人验证,Kimi-K2.6,思考,7,C07：全文｜规整｜逐条评分｜不清洗,全文,规整,不清洗,14,性症状,Spearman秩相关,24,12,12,12,12,3,8,0.49940652798076074,0.01184880754490925,0.8104605305115407,0.09831745643145307,0.09019098090190981,0.4438126822992973,-0.08594753796925657,0.7906401912326143,0.1483818283104984,0.17448255174482552,-0.055593845681463416,-0.19394052019907934,0.0,0.8886801782382686,not_estimable,不可估计,金标准总分－对应金标准条目分；HAMD14金标准9视为无法评估且总分已不含该项,0.1731937917319379,0.3389946719613753,FDR不显著,FDR不显著,not_estimable
HAMD-17,PDCH共同24人验证,Kimi-K2.6,思考,7,C07：全文｜规整｜逐条评分｜不清洗,全文,规整,不清洗,15,疑病,Spearman秩相关,24,24,24,0,0,3,8,0.27036729818032923,-0.18841937194806066,0.6557346847445958,0.20132979867274547,0.2004799520047995,0.18991836842789164,-0.242548807833797,0.6115617983535246,0.3740747837374433,0.36626337366263373,-0.08044892975243759,-0.2233156868832855,0.01110801748305777,0.7024457828521116,exploratory_only,探索性,金标准总分－对应金标准条目分；HAMD14金标准9视为无法评估且总分已不含该项,0.2900561007729014,0.5135239053414246,FDR不显著,FDR不显著,not_estimable
HAMD-17,PDCH共同24人验证,Kimi-K2.6,思考,7,C07：全文｜规整｜逐条评分｜不清洗,全文,规整,不清洗,16,体重减轻,Spearman秩相关,24,24,24,0,0,3,8,0.010140861463615872,-0.4542985430821237,0.4418480642554222,0.962490271018471,0.9663033696630337,-0.022738377722962156,-0.46504343213104676,0.4314662379100224,0.9160096625855243,0.9149085091490851,-0.03287923918657803,-0.10388190628013001,0.0,-2.2422530674089747,exploratory_only,探索性,金标准总分－对应金标准条目分；HAMD14金标准9视为无法评估且总分已不含该项,0.9734611724012784,0.9389150637175089,FDR不显著,FDR不显著,not_estimable
HAMD-17,PDCH共同24人验证,Kimi-K2.6,思考,7,C07：全文｜规整｜逐条评分｜不清洗,全文,规整,不清洗,17,自知力,Spearman秩相关,24,24,24,0,0,2,8,0.2935162264640774,-0.20681840906771065,0.6523064010233738,0.16390623338770277,0.17248275172482752,0.256374139746029,-0.2855049850852863,0.6523425354873424,0.22656213920417753,0.23707629237076291,-0.03714208671804836,-0.12573843500785598,0.00023489118050602512,0.8734581485817988,exploratory_only,探索性,金标准总分－对应金标准条目分；HAMD14金标准9视为无法评估且总分已不含该项,0.2727634213322854,0.4187321527587501,FDR不显著,FDR不显著,not_estimable
HAMD-17,PDCH共同24人验证,Kimi-K2.6,思考,8,C08：全文｜规整｜逐条评分｜清洗,全文,规整,清洗,1,抑郁情绪,Spearman秩相关,24,24,24,0,0,4,9,0.3184595723418358,-0.1333889663198577,0.7033004552318419,0.12935624727488615,0.12448755124487551,0.25208251189969577,-0.1844992733148656,0.6316722413397045,0.23470293033233747,0.23467653234676533,-0.06637706044214003,-0.2126668153670983,0.017327573838817487,0.7915683301524671,exploratory_only,探索性,金标准总分－对应金标准条目分；HAMD14金标准9视为无法评估且总分已不含该项,0.21705521755516755,0.4187321527587501,FDR不显著,FDR不显著,not_estimable
HAMD-17,PDCH共同24人验证,Kimi-K2.6,思考,8,C08：全文｜规整｜逐条评分｜清洗,全文,规整,清洗,2,有罪感,Spearman秩相关,24,24,24,0,0,3,9,0.31142267989855626,-0.16163800831726732,0.652476522585008,0.13851761738740836,0.1324867513248675,0.24390673391010625,-0.2250239054511816,0.6194277395639121,0.25073864246076655,0.24527547245275472,-0.06751594598845001,-0.21614037582817847,0.05349131708356429,0.7832015766788635,exploratory_only,探索性,金标准总分－对应金标准条目分；HAMD14金标准9视为无法评估且总分已不含该项,0.2280784579769871,0.422246382956641,FDR不显著,FDR不显著,not_estimable
HAMD-17,PDCH共同24人验证,Kimi-K2.6,思考,8,C08：全文｜规整｜逐条评分｜清洗,全文,规整,清洗,3,自杀,Spearman秩相关,24,24,24,0,0,4,9,0.3436256901059427,-0.07391921967132488,0.685026210386307,0.10016512692984603,0.10318968103189681,0.2371034225731575,-0.18801322434537562,0.5727346867062288,0.2646117692348647,0.25317468253174685,-0.10652226753278518,-0.23895608003326257,-0.014147033124687378,0.6900049367672613,exploratory_only,探索性,金标准总分－对应金标准条目分；HAMD14金标准9视为无法评估且总分已不含该项,0.18964590027483738,0.4303969603039697,FDR不显著,FDR不显著,not_estimable
HAMD-17,PDCH共同24人验证,Kimi-K2.6,思考,8,C08：全文｜规整｜逐条评分｜清洗,全文,规整,清洗,4,入睡困难,Spearman秩相关,24,24,24,0,0,3,9,0.3011983029267685,-0.1966258988406348,0.766130400330484,0.15264319618575117,0.14758524147585242,0.31290791003586943,-0.16230414214967046,0.7749178490653051,0.13654638041343556,0.1381861813818618,0.011709607109100906,-0.03372145823228794,0.07997739640670573,1.0388767366725433,exploratory_only,探索性,金标准总分－对应金标准条目分；HAMD14金标准9视为无法评估且总分已不含该项,0.2402426424024264,0.298306677268781,FDR不显著,FDR不显著,not_estimable
HAMD-17,PDCH共同24人验证,Kimi-K2.6,思考,8,C08：全文｜规整｜逐条评分｜清洗,全文,规整,清洗,5,睡眠不深,Spearman秩相关,24,24,24,0,0,3,9,-0.032231529159599835,-0.45459984226491845,0.42826454449977874,0.8811507249425389,0.8817118288171183,-0.19659609130408096,-0.605164693902004,0.30079974915347985,0.3571885486207225,0.34956504349565043,-0.1643645621444811,-0.35364226283129,-0.020517304852920415,,exploratory_only,探索性,金标准总分－对应金标准条目分；HAMD14金标准9视为无法评估且总分已不含该项,0.9153649520544129,0.5055831258979365,FDR不显著,FDR不显著,not_estimable
HAMD-17,PDCH共同24人验证,Kimi-K2.6,思考,8,C08：全文｜规整｜逐条评分｜清洗,全文,规整,清洗,6,早醒,Spearman秩相关,24,24,24,0,0,3,9,0.49244092077853613,0.11103476218026331,0.7709640829975317,0.014501884341213135,0.015798420157984203,0.5207490712591535,0.1628801267870482,0.7595066331525747,0.00907988574566791,0.0091990800919908,0.028308150480617356,-0.08108907725591236,0.1290784718767918,1.057485373952804,exploratory_only,探索性,金标准总分－对应金标准条目分；HAMD14金标准9视为无法评估且总分已不含该项,0.04476219044762191,0.04170249641702496,FDR显著,FDR显著,not_estimable
HAMD-17,PDCH共同24人验证,Kimi-K2.6,思考,8,C08：全文｜规整｜逐条评分｜清洗,全文,规整,清洗,7,工作和活动,Spearman秩相关,24,24,24,0,0,5,9,0.6555211845063483,0.3868595755594047,0.8346141438575523,0.0005066897151395544,0.0007999200079992001,0.5561289249932561,0.18188086293580633,0.8259798977598204,0.004773628578122044,0.0047995200479952005,-0.09939225951309227,-0.30502316599466134,0.052011025871240096,0.8483767392079916,exploratory_only,探索性,金标准总分－对应金标准条目分；HAMD14金标准9视为无法评估且总分已不含该项,0.005180434337518629,0.03263673632636736,FDR显著,FDR显著,not_estimable
HAMD-17,PDCH共同24人验证,Kimi-K2.6,思考,8,C08：全文｜规整｜逐条评分｜清洗,全文,规整,清洗,8,迟滞,Spearman秩相关,24,24,24,0,0,3,9,0.23329634487454942,-0.26748169313716347,0.6902271775169656,0.27258550513377966,0.27977202279772023,0.2552378424770719,-0.23034453403134475,0.7054775506787295,0.2286991033035685,0.22877712228777122,0.021941497602522453,-0.019004615519525658,0.08545322473604385,1.0940498986999607,exploratory_only,探索性,金标准总分－对应金标准条目分；HAMD14金标准9视为无法评估且总分已不含该项,0.38825505204581584,0.4187321527587501,FDR不显著,FDR不显著,not_estimable
HAMD-17,PDCH共同24人验证,Kimi-K2.6,思考,8,C08：全文｜规整｜逐条评分｜清洗,全文,规整,清洗,9,激越,Spearman秩相关,24,24,24,0,0,3,9,0.1326064218424864,-0.3408304548613035,0.5211834049302847,0.5367772104899672,0.5318468153184681,0.15047534754623065,-0.29348460440855667,0.5256805221112127,0.48278231305947755,0.4904509549045096,0.017868925703744265,-0.06076097367842067,0.1153609133144745,1.1347515863520508,exploratory_only,探索性,金标准总分－对应金标准条目分；HAMD14金标准9视为无法评估且总分已不含该项,0.6022096977294141,0.617604906176049,FDR不显著,FDR不显著,not_estimable
HAMD-17,PDCH共同24人验证,Kimi-K2.6,思考,8,C08：全文｜规整｜逐条评分｜清洗,全文,规整,清洗,10,精神性焦虑,Spearman秩相关,24,24,24,0,0,3,9,0.32646152238125253,-0.08095867487482473,0.6775860212151168,0.11947947450172783,0.11788821117888211,0.25512778974332523,-0.2045070884779239,0.6382292282030881,0.22890677891452843,0.22907709229077092,-0.0713337326379273,-0.18526945189316102,0.009999502748707225,0.7814942106573239,exploratory_only,探索性,金标准总分－对应金标准条目分；HAMD14金标准9视为无法评估且总分已不含该项,0.21095785158326272,0.4187321527587501,FDR不显著,FDR不显著,not_estimable
HAMD-17,PDCH共同24人验证,Kimi-K2.6,思考,8,C08：全文｜规整｜逐条评分｜清洗,全文,规整,清洗,11,躯体性焦虑,Spearman秩相关,24,24,24,0,0,4,9,0.32655862510127437,-0.17439052858306855,0.7306450523079331,0.11936309783922763,0.11608839116088392,0.22571056031874448,-0.24797815332008627,0.653279975738523,0.2889244102257812,0.28787121287871215,-0.10084806478252989,-0.2623092331346152,0.010346046400584915,0.6911792951380346,exploratory_only,探索性,金标准总分－对应金标准条目分；HAMD14金标准9视为无法评估且总分已不含该项,0.2105069493050695,0.4552381971105215,FDR不显著,FDR不显著,not_estimable
HAMD-17,PDCH共同24人验证,Kimi-K2.6,思考,8,C08：全文｜规整｜逐条评分｜清洗,全文,规整,清洗,12,胃肠道症状,Spearman秩相关,24,24,24,0,0,3,9,0.1837095730007142,-0.23815638401909597,0.5732080413876859,0.39017923103196506,0.38936106389361064,0.1091753018836708,-0.316712087795372,0.49619334260563025,0.6115811404399645,0.615038496150385,-0.07453427111704339,-0.1901906518564462,0.004142663808542061,0.5942820512856256,exploratory_only,探索性,金标准总分－对应金标准条目分；HAMD14金标准9视为无法评估且总分已不含该项,0.4813918608139186,0.733730135758354,FDR不显著,FDR不显著,not_estimable
HAMD-17,PDCH共同24人验证,Kimi-K2.6,思考,8,C08：全文｜规整｜逐条评分｜清洗,全文,规整,清洗,13,全身症状,Spearman秩相关,24,24,24,0,0,3,9,0.4687713243171787,0.0491035641294444,0.7969441469807486,0.02085420605828685,0.021397860213978603,0.33466144690461896,-0.11510967713785016,0.7189767875434985,0.10994015877276914,0.1121887811218878,-0.13410987741255975,-0.316034271890301,-0.022171150444736606,0.7139119428691446,exploratory_only,探索性,金标准总分－对应金标准条目分；HAMD14金标准9视为无法评估且总分已不含该项,0.05596363440579019,0.2542945705429457,FDR不显著,FDR不显著,not_estimable
HAMD-17,PDCH共同24人验证,Kimi-K2.6,思考,8,C08：全文｜规整｜逐条评分｜清洗,全文,规整,清洗,14,性症状,Spearman秩相关,24,10,10,14,14,2,9,0.45863035816856906,-0.03881922058309159,0.8856148855400954,0.1824735425563389,0.19268073192680732,0.4178554470186724,-0.11884574446931467,0.8832230044705842,0.22951410747271425,0.2706729327067293,-0.040774911149896675,-0.20147521419255346,0.0,0.9110941732842947,not_estimable,不可估计,金标准总分－对应金标准条目分；HAMD14金标准9视为无法评估且总分已不含该项,0.28616268807901823,0.4392036986777512,FDR不显著,FDR不显著,not_estimable
HAMD-17,PDCH共同24人验证,Kimi-K2.6,思考,8,C08：全文｜规整｜逐条评分｜清洗,全文,规整,清洗,15,疑病,Spearman秩相关,24,24,24,0,0,3,9,0.023756882746207252,-0.4410353834275972,0.4533660470962405,0.912261374634992,0.9081091890810918,-0.08515402667485712,-0.5533923640047774,0.38425944088127856,0.6923870208078652,0.6877312268773123,-0.10891090942106438,-0.2720544325778637,-0.00792658405074487,-3.584393945306306,exploratory_only,探索性,金标准总分－对应金标准条目分；HAMD14金标准9视为无法评估且总分已不含该项,0.9285928550002142,0.772987164093508,FDR不显著,FDR不显著,not_estimable
HAMD-17,PDCH共同24人验证,Kimi-K2.6,思考,8,C08：全文｜规整｜逐条评分｜清洗,全文,规整,清洗,16,体重减轻,Spearman秩相关,24,24,24,0,0,3,9,0.0,-0.45245051153217336,0.430691924456802,1.0,1.0,-0.0345185011216052,-0.4710494293599902,0.42263400717103833,0.8727824363378056,0.8778122187781222,-0.0345185011216052,-0.10961026580387051,0.0,,exploratory_only,探索性,金标准总分－对应金标准条目分；HAMD14金标准9视为无法评估且总分已不含该项,1.0,0.9254454399521288,FDR不显著,FDR不显著,not_estimable
HAMD-17,PDCH共同24人验证,Kimi-K2.6,思考,8,C08：全文｜规整｜逐条评分｜清洗,全文,规整,清洗,17,自知力,Spearman秩相关,24,24,24,0,0,2,9,0.3286573019029161,-0.08823115264078703,0.6649876399429239,0.1168679879727996,0.12258774122587741,0.30570920353138764,-0.15599083140594902,0.6569719234585978,0.14629071012702785,0.15308469153084692,-0.022948098371528447,-0.11323239237435533,0.030513936752176216,0.9301762101780193,exploratory_only,探索性,金标准总分－对应金标准条目分；HAMD14金标准9视为无法评估且总分已不含该项,0.2165186078794718,0.31056894310568944,FDR不显著,FDR不显著,not_estimable
HAMD-17,PDCH共同24人验证,Kimi-K2.6,思考,11,C11：事件序列｜不规整｜逐条评分｜不清洗,事件序列,不规整,不清洗,1,抑郁情绪,Spearman秩相关,24,24,24,0,0,4,15,0.6879914774415172,0.3592498450272698,0.9027916990456449,0.00020266239646872302,0.0005999400059994001,0.5631125045096923,0.1696062882288995,0.8385448511760063,0.004169763416997905,0.004399560043995601,-0.12487897293182493,-0.35343930377258015,0.014019460407290055,0.8184876164509752,exploratory_only,探索性,金标准总分－对应金标准条目分；HAMD14金标准9视为无法评估且总分已不含该项,0.005099490050994901,0.03149158768333693,FDR显著,FDR显著,not_estimable
HAMD-17,PDCH共同24人验证,Kimi-K2.6,思考,11,C11：事件序列｜不规整｜逐条评分｜不清洗,事件序列,不规整,不清洗,2,有罪感,Spearman秩相关,24,24,24,0,0,3,15,0.35504380959524107,-0.07426385615334706,0.6720968975348963,0.08866595949634953,0.0872912708729127,0.3026939812397229,-0.15144068464052032,0.636758372027512,0.15051566294797822,0.14808519148085192,-0.05234982835551816,-0.18236688382266383,0.06476044428340495,0.8525538907009862,exploratory_only,探索性,金标准总分－对应金标准条目分；HAMD14金标准9视为无法评估且总分已不含该项,0.17205235998139318,0.30514524305145246,FDR不显著,FDR不显著,not_estimable
HAMD-17,PDCH共同24人验证,Kimi-K2.6,思考,11,C11：事件序列｜不规整｜逐条评分｜不清洗,事件序列,不规整,不清洗,3,自杀,Spearman秩相关,24,24,24,0,0,3,15,0.5564038111244949,0.23540548603617356,0.7845839972156552,0.00474854243891633,0.006399360063993601,0.3873624217658931,-0.038791967173430586,0.7172919853071937,0.061463162847953154,0.062193780621937804,-0.1690413893586018,-0.3883882539893207,-0.015348833892882174,0.6961893754520331,exploratory_only,探索性,金标准总分－对应金标准条目分；HAMD14金标准9视为无法评估且总分已不含该项,0.02388950294159773,0.15663618823302855,FDR显著,FDR不显著,not_estimable
HAMD-17,PDCH共同24人验证,Kimi-K2.6,思考,11,C11：事件序列｜不规整｜逐条评分｜不清洗,事件序列,不规整,不清洗,4,入睡困难,Spearman秩相关,24,24,24,0,0,3,15,0.5625727673894818,0.13902307905064223,0.8237618667835727,0.004214015309324409,0.005099490050994901,0.5204177623070849,0.09252567848796038,0.7938964997771878,0.009131847575430166,0.008799120087991202,-0.04215500508239689,-0.13408081873910824,0.0,0.925067462333789,exploratory_only,探索性,金标准总分－对应金标准条目分；HAMD14金标准9视为无法评估且总分已不含该项,0.021016080210160805,0.041264839033338045,FDR显著,FDR显著,not_estimable
HAMD-17,PDCH共同24人验证,Kimi-K2.6,思考,11,C11：事件序列｜不规整｜逐条评分｜不清洗,事件序列,不规整,不清洗,5,睡眠不深,Spearman秩相关,24,24,24,0,0,3,15,0.025515277081083795,-0.3881812638607483,0.4339018127894849,0.905794470703951,0.901009899010099,-0.11076029173286772,-0.5257878373612482,0.3359019854928485,0.6063883033844969,0.6102389761023898,-0.13627556881395153,-0.2983578749381629,-0.013658498104571162,-4.340940189710181,exploratory_only,探索性,金标准总分－对应金标准条目分；HAMD14金标准9视为无法评估且总分已不含该项,0.9283132292831322,0.733730135758354,FDR不显著,FDR不显著,not_estimable
HAMD-17,PDCH共同24人验证,Kimi-K2.6,思考,11,C11：事件序列｜不规整｜逐条评分｜不清洗,事件序列,不规整,不清洗,6,早醒,Spearman秩相关,24,24,24,0,0,2,15,0.4883808975175736,0.1741793155875669,0.713379863699197,0.0154613839418158,0.0165983401659834,0.44718895766860295,0.1354229537197449,0.690206791439983,0.02845379242252147,0.029197080291970802,-0.04119193984897063,-0.1489616028270571,0.00362421763113234,0.9156561199294483,exploratory_only,探索性,金标准总分－对应金标准条目分；HAMD14金标准9视为无法评估且总分已不含该项,0.046068862501504944,0.08750429304895598,FDR显著,FDR不显著,not_estimable
HAMD-17,PDCH共同24人验证,Kimi-K2.6,思考,11,C11：事件序列｜不规整｜逐条评分｜不清洗,事件序列,不规整,不清洗,7,工作和活动,Spearman秩相关,24,24,24,0,0,5,15,0.7216757649588027,0.42572739113550007,0.9034451666005012,6.879988071162405e-05,9.999000099990002e-05,0.6071889580531569,0.2273685046152122,0.8453867651380964,0.0016526448737370987,0.0027997200279972004,-0.11448680690564583,-0.2983819956882397,0.00047618339108797866,0.8413597733711047,exploratory_only,探索性,金标准总分－对应金标准条目分；HAMD14金标准9视为无法评估且总分已不含该项,0.0016998300169983002,0.024647535246475352,FDR显著,FDR显著,not_estimable
HAMD-17,PDCH共同24人验证,Kimi-K2.6,思考,11,C11：事件序列｜不规整｜逐条评分｜不清洗,事件序列,不规整,不清洗,8,迟滞,Spearman秩相关,24,24,24,0,0,3,15,0.6115539702888781,0.30766401310742647,0.7734223647395333,0.001496864887525978,0.0017998200179982,0.5588333320796888,0.17761739856407485,0.7775168564338405,0.004531601909956143,0.0057994200579942,-0.052720638209189374,-0.24450663403124734,0.058644946518284946,0.9137923376013962,exploratory_only,探索性,金标准总分－对应金标准条目分；HAMD14金标准9视为无法评估且总分已不含该项,0.009414443171067509,0.03429222295161788,FDR显著,FDR显著,not_estimable
HAMD-17,PDCH共同24人验证,Kimi-K2.6,思考,11,C11：事件序列｜不规整｜逐条评分｜不清洗,事件序列,不规整,不清洗,9,激越,Spearman秩相关,24,24,24,0,0,3,15,0.1316788361593503,-0.27762709065882313,0.5195467746034295,0.5396550511993193,0.5393460653934606,0.17959249218819212,-0.2506151975701041,0.5470256560134866,0.40107060455637084,0.3982601739826017,0.04791365602884182,-0.03572640114662114,0.14581188229327685,1.3638675540149778,exploratory_only,探索性,金标准总分－对应金标准条目分；HAMD14金标准9视为无法评估且总分已不含该项,0.6022096977294141,0.5362711253627112,FDR不显著,FDR不显著,not_estimable
HAMD-17,PDCH共同24人验证,Kimi-K2.6,思考,11,C11：事件序列｜不规整｜逐条评分｜不清洗,事件序列,不规整,不清洗,10,精神性焦虑,Spearman秩相关,24,24,24,0,0,3,15,0.6359485369927936,0.27663633385064074,0.8406975619046138,0.0008374904404599495,0.0013998600139986002,0.6324602286897895,0.28029819584387117,0.8341323363046345,0.0009127156365580345,0.0008999100089991,-0.003488308303004173,-0.09056746742115102,0.09600361023582595,0.9945147946726958,exploratory_only,探索性,金标准总分－对应金标准条目分；HAMD14金标准9视为无法评估且总分已不含该项,0.008277433126252592,0.014731860147318601,FDR显著,FDR显著,not_estimable
HAMD-17,PDCH共同24人验证,Kimi-K2.6,思考,11,C11：事件序列｜不规整｜逐条评分｜不清洗,事件序列,不规整,不清洗,11,躯体性焦虑,Spearman秩相关,24,24,24,0,0,4,15,0.5484254970196064,0.15456700127644565,0.8095932103494559,0.005523350044703177,0.006199380061993801,0.4321074555783256,0.009811603423337615,0.757080948232031,0.03497265565990781,0.0413958604139586,-0.11631804144128083,-0.31528149529491367,0.017318291293900837,0.7879054820145928,exploratory_only,探索性,金标准总分－对应金标准条目分；HAMD14金标准9视为无法评估且总分已不含该项,0.02388950294159773,0.10622333993015792,FDR显著,FDR不显著,not_estimable
HAMD-17,PDCH共同24人验证,Kimi-K2.6,思考,11,C11：事件序列｜不规整｜逐条评分｜不清洗,事件序列,不规整,不清洗,12,胃肠道症状,Spearman秩相关,24,24,24,0,0,3,15,0.4382895330126463,0.06945408433204536,0.729189443713071,0.032170545353047475,0.034096590340965904,0.29597264849388877,-0.11029886544614045,0.6495771558539445,0.16024330556498603,0.1616838316168383,-0.1423168845187575,-0.3026268930999348,-0.03476262804020116,0.6752902503956189,exploratory_only,探索性,金标准总分－对应金标准条目分；HAMD14金标准9视为无法评估且总分已不含该项,0.07601862764543219,0.3186811753607248,FDR不显著,FDR不显著,not_estimable
HAMD-17,PDCH共同24人验证,Kimi-K2.6,思考,11,C11：事件序列｜不规整｜逐条评分｜不清洗,事件序列,不规整,不清洗,13,全身症状,Spearman秩相关,24,24,24,0,0,3,15,0.6572569112251979,0.2839036275063616,0.8972647282555423,0.0004837801444577464,0.0006999300069993001,0.534063258462237,0.08121864458283226,0.8374692990491172,0.007185424304002355,0.008399160083991601,-0.1231936527629609,-0.29494356790698273,-0.015901697247343447,0.8125639294787869,exploratory_only,探索性,金标准总分－对应金标准条目分；HAMD14金标准9视为无法评估且总分已不含该项,0.005180434337518629,0.041264839033338045,FDR显著,FDR显著,not_estimable
HAMD-17,PDCH共同24人验证,Kimi-K2.6,思考,11,C11：事件序列｜不规整｜逐条评分｜不清洗,事件序列,不规整,不清洗,14,性症状,Spearman秩相关,24,19,19,5,5,3,15,0.6192777524655021,0.26086985014702,0.8359516937706641,0.0046919996815295165,0.0059994000599940004,0.566972304934419,0.17978705409811793,0.805586703809628,0.011360672283492497,0.0108989101089891,-0.05230544753108313,-0.16451681715340716,0.0,0.9155379838483753,not_estimable,不可估计,金标准总分－对应金标准条目分；HAMD14金标准9视为无法评估且总分已不含该项,0.02388950294159773,0.04781457338137154,FDR显著,FDR显著,not_estimable
HAMD-17,PDCH共同24人验证,Kimi-K2.6,思考,11,C11：事件序列｜不规整｜逐条评分｜不清洗,事件序列,不规整,不清洗,15,疑病,Spearman秩相关,24,24,24,0,0,3,15,0.19825798859315735,-0.2730484465985652,0.6068857660589532,0.353056573695994,0.3478652134786521,0.08855126679673754,-0.4085078147027072,0.5289096533321233,0.6807335346666055,0.682031796820318,-0.10970672179641981,-0.2566606668657743,-0.011054296793200885,0.4466466517949622,exploratory_only,探索性,金标准总分－对应金标准条目分；HAMD14金标准9视为无法评估且总分已不含该项,0.4592156168998484,0.7729693697296938,FDR不显著,FDR不显著,not_estimable
HAMD-17,PDCH共同24人验证,Kimi-K2.6,思考,11,C11：事件序列｜不规整｜逐条评分｜不清洗,事件序列,不规整,不清洗,16,体重减轻,Spearman秩相关,24,24,24,0,0,3,15,0.2533117748342744,-0.2469802081222441,0.6021839251708244,0.2323517272254792,0.24237576242375763,0.2457727631955904,-0.260357236433953,0.5923340678067839,0.24701762008278447,0.2450754924507549,-0.007539011638684007,-0.05526586033558484,0.043399336456318466,0.9702382108229423,exploratory_only,探索性,金标准总分－对应金标准条目分；HAMD14金标准9视为无法评估且总分已不含该项,0.34336566343365665,0.422246382956641,FDR不显著,FDR不显著,not_estimable
HAMD-17,PDCH共同24人验证,Kimi-K2.6,思考,11,C11：事件序列｜不规整｜逐条评分｜不清洗,事件序列,不规整,不清洗,17,自知力,Spearman秩相关,24,24,24,0,0,3,15,0.22682658482900483,-0.28009087891810913,0.6188723679298272,0.2864829480158689,0.29187081291870814,0.19951549742052974,-0.3420840039453726,0.6183736944745886,0.3499487985741812,0.34596540345965404,-0.0273110874084751,-0.11866325257885792,0.03243686698752555,0.8795948568856521,exploratory_only,探索性,金标准总分－对应金标准条目分；HAMD14金标准9视为无法评估且总分已不含该项,0.3891610838916108,0.5055831258979365,FDR不显著,FDR不显著,not_estimable
HAMD-17,PDCH共同24人验证,Kimi-K2.6,思考,12,C12：事件序列｜不规整｜逐条评分｜清洗,事件序列,不规整,清洗,1,抑郁情绪,Spearman秩相关,24,24,24,0,0,3,16,0.7576003851170205,0.5467009998641317,0.8817362310424863,1.8102340034333444e-05,9.999000099990002e-05,0.6266410705110376,0.29395855215965183,0.8357860610724531,0.00105115662103704,0.0012998700129987,-0.13095931460598298,-0.3138692199738902,-0.002685128796456953,0.8271393241362269,exploratory_only,探索性,金标准总分－对应金标准条目分；HAMD14金标准9视为无法评估且总分已不含该项,0.0016998300169983002,0.014731860147318601,FDR显著,FDR显著,not_estimable
HAMD-17,PDCH共同24人验证,Kimi-K2.6,思考,12,C12：事件序列｜不规整｜逐条评分｜清洗,事件序列,不规整,清洗,2,有罪感,Spearman秩相关,24,24,24,0,0,3,16,0.25883119351037526,-0.20911229041696308,0.6372929264051767,0.22198671068983117,0.22047795220477953,0.10529869178922993,-0.37276513714187126,0.5337516022718425,0.6243582740610031,0.6298370162983702,-0.15353250172114533,-0.33719726138843514,-0.03560733062331021,0.40682380806241203,exploratory_only,探索性,金标准总分－对应金标准条目分；HAMD14金标准9视为无法评估且总分已不含该项,0.31563159473526337,0.7384296053153306,FDR不显著,FDR不显著,not_estimable
HAMD-17,PDCH共同24人验证,Kimi-K2.6,思考,12,C12：事件序列｜不规整｜逐条评分｜清洗,事件序列,不规整,清洗,3,自杀,Spearman秩相关,24,24,24,0,0,4,16,0.5816172506800195,0.2987839579949659,0.7669490706597739,0.0028719927254151636,0.003999600039996,0.44960006540577174,0.10544556364294942,0.6904855440052118,0.02750842999743102,0.029397060293970604,-0.13201718527424772,-0.2990277028783578,-0.014236660640416435,0.7730170741670834,exploratory_only,探索性,金标准总分－对应金标准条目分；HAMD14金标准9视为无法评估且总分已不含该项,0.0181315201813152,0.08750429304895598,FDR显著,FDR不显著,not_estimable
HAMD-17,PDCH共同24人验证,Kimi-K2.6,思考,12,C12：事件序列｜不规整｜逐条评分｜清洗,事件序列,不规整,清洗,4,入睡困难,Spearman秩相关,24,24,24,0,0,3,16,0.6322491134932504,0.24011593321528563,0.8627009013848445,0.0009174490398855146,0.0014998500149985001,0.6010262513668495,0.20135498691120743,0.8463882863730317,0.0018960323363764351,0.0018998100189981002,-0.031222862126400908,-0.10004080486065542,0.0,0.9506162026010745,exploratory_only,探索性,金标准总分－对应金标准条目分；HAMD14金标准9视为无法评估且总分已不含该项,0.0084991500849915,0.019874935583364742,FDR显著,FDR显著,not_estimable
HAMD-17,PDCH共同24人验证,Kimi-K2.6,思考,12,C12：事件序列｜不规整｜逐条评分｜清洗,事件序列,不规整,清洗,5,睡眠不深,Spearman秩相关,24,24,24,0,0,3,16,0.18015582031808158,-0.22907071828984435,0.5373014457743331,0.39957043210964566,0.387961203879612,0.020279963102622183,-0.37362039590041635,0.43547169643659783,0.9250640941052167,0.9251074892510749,-0.1598758572154594,-0.31495897074644164,-0.03806543865789809,0.11256901423898519,exploratory_only,探索性,金标准总分－对应金标准条目分；HAMD14金标准9视为无法评估且总分已不含该项,0.4813918608139186,0.9389150637175089,FDR不显著,FDR不显著,not_estimable
HAMD-17,PDCH共同24人验证,Kimi-K2.6,思考,12,C12：事件序列｜不规整｜逐条评分｜清洗,事件序列,不规整,清洗,6,早醒,Spearman秩相关,24,24,24,0,0,3,16,0.48969038131375703,0.007380658576310771,0.7584666853732759,0.015146406914211732,0.014798520147985201,0.44413137478171577,-0.036195346069540814,0.7328965451777915,0.029689836057776618,0.028697130286971302,-0.04555900653204126,-0.15451466126064314,0.0034683602377571423,0.9069636483162808,exploratory_only,探索性,金标准总分－对应金标准条目分；HAMD14金标准9视为无法评估且总分已不含该项,0.043110582558765397,0.08750429304895598,FDR显著,FDR不显著,not_estimable
HAMD-17,PDCH共同24人验证,Kimi-K2.6,思考,12,C12：事件序列｜不规整｜逐条评分｜清洗,事件序列,不规整,清洗,7,工作和活动,Spearman秩相关,24,24,24,0,0,5,16,0.7857871141802266,0.5402607432772543,0.9171109376587562,5.361700403079943e-06,9.999000099990002e-05,0.6607341880230726,0.31949184438993644,0.8466911178816582,0.00044056768221426603,0.0005999400059994001,-0.12505292615715402,-0.3092019951776024,-0.023714573303347378,0.8408564814814816,exploratory_only,探索性,金标准总分－对应金标准条目分；HAMD14金标准9视为无法评估且总分已不含该项,0.0016998300169983002,0.013598640135986401,FDR显著,FDR显著,not_estimable
HAMD-17,PDCH共同24人验证,Kimi-K2.6,思考,12,C12：事件序列｜不规整｜逐条评分｜清洗,事件序列,不规整,清洗,8,迟滞,Spearman秩相关,24,24,24,0,0,3,16,0.38362201095397264,0.03215684493025067,0.6389279787557286,0.06423306710905519,0.0675932406759324,0.3208860866081401,-0.1214519556970964,0.6459264983910936,0.1263010153618208,0.12868713128687131,-0.06273592434583253,-0.29992789132213216,0.0645840173881587,0.8364642211487713,exploratory_only,探索性,金标准总分－对应金标准条目分；HAMD14金标准9视为无法评估且总分已不含该项,0.1392830413928304,0.2822814492744274,FDR不显著,FDR不显著,not_estimable
HAMD-17,PDCH共同24人验证,Kimi-K2.6,思考,12,C12：事件序列｜不规整｜逐条评分｜清洗,事件序列,不规整,清洗,9,激越,Spearman秩相关,24,24,24,0,0,3,16,-0.0445828723708323,-0.47728433318235075,0.3370072558610092,0.8361243237029782,0.8441155884411559,-0.059312982586059326,-0.505044889068709,0.34394021361732524,0.7830831198860976,0.7854214578542146,-0.014730110215227028,-0.07483786664687204,0.04005896580115373,,exploratory_only,探索性,金标准总分－对应金标准条目分；HAMD14金标准9视为无法评估且总分已不含该项,0.8936098638198195,0.8477564941918506,FDR不显著,FDR不显著,not_estimable
HAMD-17,PDCH共同24人验证,Kimi-K2.6,思考,12,C12：事件序列｜不规整｜逐条评分｜清洗,事件序列,不规整,清洗,10,精神性焦虑,Spearman秩相关,24,24,24,0,0,3,16,0.7170926814129733,0.42709134931760734,0.8814561598474628,8.040138448661256e-05,0.00019998000199980003,0.7004314965333883,0.39563108008513026,0.8729152579486875,0.0001383008602176227,0.0004999500049995,-0.01666118487958501,-0.08166668729740913,0.03437444828913012,0.9767656464618276,exploratory_only,探索性,金标准总分－对应金标准条目分；HAMD14金标准9视为无法评估且总分已不含该项,0.0027197280271972803,0.013598640135986401,FDR显著,FDR显著,not_estimable
HAMD-17,PDCH共同24人验证,Kimi-K2.6,思考,12,C12：事件序列｜不规整｜逐条评分｜清洗,事件序列,不规整,清洗,11,躯体性焦虑,Spearman秩相关,24,24,24,0,0,4,16,0.5530885447033784,0.17206204860748878,0.8239197042801215,0.005058604150043752,0.0064993500649935,0.4673340724669586,0.053529697375563116,0.7737224217324506,0.021302803966427048,0.0217978202179782,-0.0857544722364198,-0.22437887919124266,0.0193140835476178,0.8449534472235184,exploratory_only,探索性,金标准总分－对应金标准条目分；HAMD14金标准9视为无法评估且总分已不含该项,0.02388950294159773,0.07601291152935988,FDR显著,FDR不显著,not_estimable
HAMD-17,PDCH共同24人验证,Kimi-K2.6,思考,12,C12：事件序列｜不规整｜逐条评分｜清洗,事件序列,不规整,清洗,12,胃肠道症状,Spearman秩相关,24,24,24,0,0,3,16,0.47520069836953954,0.1372466407955112,0.7542458499780437,0.01894013618984033,0.022797720227977204,0.3364433730820152,-0.05947043720699086,0.6806393422104506,0.1079433983407392,0.10528947105289471,-0.13875732528752432,-0.3056146787132341,-0.021545976435132626,0.7080026907291711,exploratory_only,探索性,金标准总分－对应金标准条目分；HAMD14金标准9视为无法评估且总分已不含该项,0.058499810396318866,0.2427011536134522,FDR不显著,FDR不显著,not_estimable
HAMD-17,PDCH共同24人验证,Kimi-K2.6,思考,12,C12：事件序列｜不规整｜逐条评分｜清洗,事件序列,不规整,清洗,13,全身症状,Spearman秩相关,24,24,24,0,0,3,16,0.7184457847304109,0.4461769777465518,0.8848149142141292,7.68099708666843e-05,0.00029997000299970003,0.6096601918247053,0.23482465790173346,0.854312151017654,0.0015628344677466072,0.0023997600239976003,-0.10878559290570555,-0.2865839864510953,-0.008794758612269903,0.8485820430465381,exploratory_only,探索性,金标准总分－对应金标准条目分；HAMD14金标准9视为无法评估且总分已不含该项,0.0031381477236891698,0.023311954518833833,FDR显著,FDR显著,not_estimable
HAMD-17,PDCH共同24人验证,Kimi-K2.6,思考,12,C12：事件序列｜不规整｜逐条评分｜清洗,事件序列,不规整,清洗,14,性症状,Spearman秩相关,24,19,19,5,5,3,16,0.5925152103479596,0.2589420809080893,0.7954719618957418,0.007512149856163155,0.007599240075992401,0.5435230893060919,0.19121332609563177,0.7788822716475898,0.016161611329211182,0.0165983401659834,-0.048992121041867676,-0.17216950463484298,0.0,0.9173149985245161,not_estimable,不可估计,金标准总分－对应金标准条目分；HAMD14金标准9视为无法评估且总分已不含该项,0.024930840249308403,0.06643907037867641,FDR显著,FDR不显著,not_estimable
HAMD-17,PDCH共同24人验证,Kimi-K2.6,思考,12,C12：事件序列｜不规整｜逐条评分｜清洗,事件序列,不规整,清洗,15,疑病,Spearman秩相关,24,24,24,0,0,3,16,0.19825798859315735,-0.28697424496220564,0.6066318715372495,0.353056573695994,0.3511648835116488,0.08855126679673754,-0.4023117375811532,0.5332817651428314,0.6807335346666055,0.677032296770323,-0.10970672179641981,-0.27501183130271056,-0.012475416361843192,0.4466466517949622,exploratory_only,探索性,金标准总分－对应金标准条目分；HAMD14金标准9视为无法评估且总分已不含该项,0.4592156168998484,0.7729693697296938,FDR不显著,FDR不显著,not_estimable
HAMD-17,PDCH共同24人验证,Kimi-K2.6,思考,12,C12：事件序列｜不规整｜逐条评分｜清洗,事件序列,不规整,清洗,16,体重减轻,Spearman秩相关,24,24,24,0,0,3,16,0.4515552011760485,0.03567678166162281,0.7511662112823696,0.02676047718746068,0.027997200279972004,0.42276712269970196,-0.006065620029157925,0.7231553187445845,0.03956990502554565,0.039896010398960104,-0.028788078476346568,-0.11017445024470322,0.002004623639751301,0.9362468234196623,exploratory_only,探索性,金标准总分－对应金标准条目分；HAMD14金标准9视为无法评估且总分已不含该项,0.0656486075530378,0.10591248567450948,FDR不显著,FDR不显著,not_estimable
HAMD-17,PDCH共同24人验证,Kimi-K2.6,思考,12,C12：事件序列｜不规整｜逐条评分｜清洗,事件序列,不规整,清洗,17,自知力,Spearman秩相关,24,24,24,0,0,3,16,0.22682658482900483,-0.2607316751807863,0.6065999638110834,0.2864829480158689,0.28777122287771223,0.19951549742052974,-0.34346701748781955,0.6189094997109186,0.3499487985741812,0.35036496350364965,-0.0273110874084751,-0.11719457613488049,0.03757715387268391,0.8795948568856521,exploratory_only,探索性,金标准总分－对应金标准条目分；HAMD14金标准9视为无法评估且总分已不含该项,0.3891610838916108,0.5055831258979365,FDR不显著,FDR不显著,not_estimable
HAMD-17,PDCH共同24人验证,Kimi-K2.6,思考,15,C15：事件序列｜规整｜逐条评分｜不清洗,事件序列,规整,不清洗,1,抑郁情绪,Spearman秩相关,24,24,24,0,0,4,15,0.5404774364571922,0.23002084724593913,0.785912408678003,0.006397895058864933,0.0072992700729927005,0.4706495139434303,0.15202353493999854,0.7190103714123774,0.020279543700088058,0.0217978202179782,-0.06982792251376185,-0.21984989699073643,0.02329744518682407,0.8708032605921885,exploratory_only,探索性,金标准总分－对应金标准条目分；HAMD14金标准9视为无法评估且总分已不含该项,0.024930840249308403,0.07601291152935988,FDR显著,FDR不显著,not_estimable
HAMD-17,PDCH共同24人验证,Kimi-K2.6,思考,15,C15：事件序列｜规整｜逐条评分｜不清洗,事件序列,规整,不清洗,2,有罪感,Spearman秩相关,24,24,24,0,0,4,15,0.28320958108799854,-0.11079799489639826,0.6159487011244676,0.17991396106471405,0.18018198180181982,0.16553165509055698,-0.2809754390030393,0.5490550571004719,0.43952170419042735,0.43255674432556745,-0.11767792599744156,-0.2663960638199706,-0.008446271984406927,0.5844846578093811,exploratory_only,探索性,金标准总分－对应金标准条目分；HAMD14金标准9视为无法评估且总分已不含该项,0.28058527480585277,0.5767423257674232,FDR不显著,FDR不显著,not_estimable
HAMD-17,PDCH共同24人验证,Kimi-K2.6,思考,15,C15：事件序列｜规整｜逐条评分｜不清洗,事件序列,规整,不清洗,3,自杀,Spearman秩相关,24,24,24,0,0,4,15,0.2386163693440303,-0.16187179268485719,0.6026400036280727,0.26148493592441197,0.25817418258174185,0.06238068468350103,-0.35856968686378604,0.4645107097645098,0.772145595324747,0.7718228177182281,-0.17623568466052927,-0.384511344045769,-0.030247403822362757,0.2614266777044216,exploratory_only,探索性,金标准总分－对应金标准条目分；HAMD14金标准9视为无法评估且总分已不含该项,0.361976173516669,0.8397432256774322,FDR不显著,FDR不显著,not_estimable
HAMD-17,PDCH共同24人验证,Kimi-K2.6,思考,15,C15：事件序列｜规整｜逐条评分｜不清洗,事件序列,规整,不清洗,4,入睡困难,Spearman秩相关,24,24,24,0,0,3,15,0.19061058027664776,-0.2423215830298598,0.6018997799148159,0.3723033555397004,0.3691630836916308,0.15940186494526154,-0.2743986914515455,0.5610476892312525,0.4568790111833347,0.4423557644235576,-0.031208715331386222,-0.09979400413152383,0.0,0.8362697637975257,exploratory_only,探索性,金标准总分－对应金标准条目分；HAMD14金标准9视为无法评估且总分已不含该项,0.4692166297388952,0.5784652304000368,FDR不显著,FDR不显著,not_estimable
HAMD-17,PDCH共同24人验证,Kimi-K2.6,思考,15,C15：事件序列｜规整｜逐条评分｜不清洗,事件序列,规整,不清洗,5,睡眠不深,Spearman秩相关,24,24,24,0,0,3,15,0.13054686497466197,-0.28742391509067605,0.5322572119778632,0.5431767003548063,0.5353464653534646,-0.01992926591458116,-0.4482883025223323,0.42024445679451733,0.9263564865731795,0.9237076292370763,-0.15047613088924314,-0.3172868792995808,-0.0276919155805633,-0.15265985834626714,exploratory_only,探索性,金标准总分－对应金标准条目分；HAMD14金标准9视为无法评估且总分已不含该项,0.6022096977294141,0.9389150637175089,FDR不显著,FDR不显著,not_estimable
HAMD-17,PDCH共同24人验证,Kimi-K2.6,思考,15,C15：事件序列｜规整｜逐条评分｜不清洗,事件序列,规整,不清洗,6,早醒,Spearman秩相关,24,24,24,0,0,3,15,0.485399080599526,0.09965264375179039,0.7727263828364554,0.016198628426953965,0.014898510148985102,0.5025186470747941,0.11050419317467015,0.7618371194134665,0.012329354335453986,0.0170982901709829,0.017119566475268078,-0.09191536098336309,0.12616796470882555,1.0352690541855236,exploratory_only,探索性,金标准总分－对应金标准条目分；HAMD14金标准9视为无法评估且总分已不含该项,0.043110582558765397,0.06643907037867641,FDR显著,FDR不显著,not_estimable
HAMD-17,PDCH共同24人验证,Kimi-K2.6,思考,15,C15：事件序列｜规整｜逐条评分｜不清洗,事件序列,规整,不清洗,7,工作和活动,Spearman秩相关,24,24,24,0,0,5,15,0.7121163063938034,0.3836731291772727,0.9088336337206947,9.490804836554304e-05,0.0004999500049995,0.6227802049020357,0.2196320160652294,0.8708083237767175,0.0011526455054468587,0.0010998900109989002,-0.08933610149176774,-0.23799589980734656,-0.004116603935459147,0.8745484400656816,exploratory_only,探索性,金标准总分－对应金标准条目分；HAMD14金标准9视为无法评估且总分已不含该项,0.0045328800453288,0.014731860147318601,FDR显著,FDR显著,not_estimable
HAMD-17,PDCH共同24人验证,Kimi-K2.6,思考,15,C15：事件序列｜规整｜逐条评分｜不清洗,事件序列,规整,不清洗,8,迟滞,Spearman秩相关,24,24,24,0,0,3,15,0.16985884456835784,-0.25188824824899353,0.5854639423344495,0.42748411905639355,0.41845815418458154,0.12630559583572637,-0.31235936164612726,0.5421310452629374,0.5564653969824729,0.5504449555044496,-0.04355324873263147,-0.23312760701298024,0.0819813584708863,0.7435915165718442,exploratory_only,探索性,金标准总分－对应金标准条目分；HAMD14金标准9视为无法评估且总分已不含该项,0.5000482407899561,0.6683974459696888,FDR不显著,FDR不显著,not_estimable
HAMD-17,PDCH共同24人验证,Kimi-K2.6,思考,15,C15：事件序列｜规整｜逐条评分｜不清洗,事件序列,规整,不清洗,9,激越,Spearman秩相关,24,24,24,0,0,3,15,-0.015493619182309074,-0.43453989044317287,0.39462527886864224,0.9427173125678417,0.9465053494650535,-0.0309190295247741,-0.45615185882311554,0.3922765181410512,0.8859589461829231,0.8874112588741125,-0.015425410342465026,-0.07522909009419579,0.03350468836027185,,exploratory_only,探索性,金标准总分－对应金标准条目分；HAMD14金标准9视为无法评估且总分已不含该项,0.9606322949794572,0.9283687015913793,FDR不显著,FDR不显著,not_estimable
HAMD-17,PDCH共同24人验证,Kimi-K2.6,思考,15,C15：事件序列｜规整｜逐条评分｜不清洗,事件序列,规整,不清洗,10,精神性焦虑,Spearman秩相关,24,24,24,0,0,4,15,0.5604944966490731,0.1622489895243107,0.8511590413565889,0.004388121010361814,0.004899510048995101,0.5275157184506664,0.10819094589265565,0.8529867772571881,0.008071067987309466,0.0086991300869913,-0.03297877819840678,-0.11929359438174592,0.0351689947641351,0.9411612809838972,exploratory_only,探索性,金标准总分－对应金标准条目分；HAMD14金标准9视为无法评估且总分已不含该项,0.020822917708229177,0.041264839033338045,FDR显著,FDR显著,not_estimable
HAMD-17,PDCH共同24人验证,Kimi-K2.6,思考,15,C15：事件序列｜规整｜逐条评分｜不清洗,事件序列,规整,不清洗,11,躯体性焦虑,Spearman秩相关,24,24,24,0,0,4,15,0.3544703305054223,-0.10399353382559702,0.7483869082612266,0.08921877796536219,0.09169083091690831,0.23634008289005026,-0.22546331028550382,0.6281677092341864,0.2661984320381002,0.26847315268473154,-0.11813024761537205,-0.2992792619226585,0.0037240792873578935,0.666741508529259,exploratory_only,探索性,金标准总分－对应金标准条目分；HAMD14金标准9视为无法评估且总分已不含该项,0.1731937917319379,0.4392036986777512,FDR不显著,FDR不显著,not_estimable
HAMD-17,PDCH共同24人验证,Kimi-K2.6,思考,15,C15：事件序列｜规整｜逐条评分｜不清洗,事件序列,规整,不清洗,12,胃肠道症状,Spearman秩相关,24,24,24,0,0,3,15,0.19225992841722947,-0.18166259954513836,0.5242079776903796,0.3681020677798767,0.36596340365963403,0.05397475588460096,-0.321868630683505,0.41763969489067304,0.802210185016468,0.8018198180181981,-0.1382851725326285,-0.328630659791869,-0.020571675566347963,0.28073845823695825,exploratory_only,探索性,金标准总分－对应金标准条目分；HAMD14金标准9视为无法评估且总分已不含该项,0.4692166297388952,0.8586416948856296,FDR不显著,FDR不显著,not_estimable
HAMD-17,PDCH共同24人验证,Kimi-K2.6,思考,15,C15：事件序列｜规整｜逐条评分｜不清洗,事件序列,规整,不清洗,13,全身症状,Spearman秩相关,24,24,24,0,0,3,15,0.4210063422707619,0.01636609196290832,0.7499932865486623,0.040487617157095646,0.0433956604339566,0.30178696218619055,-0.161313946363019,0.6823452814826407,0.15180333197632,0.15528447155284472,-0.11921938008457134,-0.30336335515715457,-0.010693659957536709,0.7168228406214894,exploratory_only,探索性,金标准总分－对应金标准条目分；HAMD14金标准9视为无法评估且总分已不含该项,0.09221577842215778,0.31056894310568944,FDR不显著,FDR不显著,not_estimable
HAMD-17,PDCH共同24人验证,Kimi-K2.6,思考,15,C15：事件序列｜规整｜逐条评分｜不清洗,事件序列,规整,不清洗,14,性症状,Spearman秩相关,24,18,18,6,6,3,15,0.5942891507414793,0.19645740961296906,0.8539692006965212,0.00929880511657634,0.0110988901109889,0.5317358986481207,0.08672328243741766,0.8526163338650721,0.02313639640551106,0.0254974502549745,-0.0625532520933586,-0.2191972835838809,0.0,0.8947427325312728,not_estimable,不可估计,金标准总分－对应金标准条目分；HAMD14金标准9视为无法评估且总分已不含该项,0.034305660343056606,0.08457690816284225,FDR显著,FDR不显著,not_estimable
HAMD-17,PDCH共同24人验证,Kimi-K2.6,思考,15,C15：事件序列｜规整｜逐条评分｜不清洗,事件序列,规整,不清洗,15,疑病,Spearman秩相关,24,24,24,0,0,3,15,0.3150522980872149,-0.09515895078066704,0.649792489138703,0.13373591590432565,0.1344865513448655,0.19691282395196677,-0.2852482542691227,0.5960218033868683,0.35639888063264685,0.3487651234876512,-0.11813947413524814,-0.294706535954115,-0.00306594398760779,0.6250163072845005,exploratory_only,探索性,金标准总分－对应金标准条目分；HAMD14金标准9视为无法评估且总分已不含该项,0.22862713728627138,0.5055831258979365,FDR不显著,FDR不显著,not_estimable
HAMD-17,PDCH共同24人验证,Kimi-K2.6,思考,15,C15：事件序列｜规整｜逐条评分｜不清洗,事件序列,规整,不清洗,16,体重减轻,Spearman秩相关,24,24,24,0,0,3,15,0.1269262957203332,-0.3568026446880245,0.5901205332767631,0.5545114578957353,0.5446455354464553,0.10078222745614043,-0.3981000387470774,0.5479586597515983,0.6393777043494808,0.6392360763923608,-0.02614406826419277,-0.09226078902566466,0.0013865553792001605,0.7940216555141728,exploratory_only,探索性,金标准总分－对应金标准条目分；HAMD14金标准9视为无法评估且总分已不含该项,0.6022096977294141,0.7430436443535134,FDR不显著,FDR不显著,not_estimable
HAMD-17,PDCH共同24人验证,Kimi-K2.6,思考,15,C15：事件序列｜规整｜逐条评分｜不清洗,事件序列,规整,不清洗,17,自知力,Spearman秩相关,24,24,24,0,0,3,15,0.0403408688314378,-0.41744513393779126,0.4776828608086606,0.8515393831720852,0.8574142585741426,0.013616401630251804,-0.4417788385028958,0.48925423723381223,0.9496485555692479,0.9516048395160484,-0.026724467201186,-0.10581852599915774,0.00038951378611047573,0.33753367303880394,exploratory_only,探索性,金标准总分－对应金标准条目分；HAMD14金标准9视为无法评估且总分已不含该项,0.8969872243544875,0.9516048395160484,FDR不显著,FDR不显著,not_estimable
HAMD-17,PDCH共同24人验证,Kimi-K2.6,思考,16,C16：事件序列｜规整｜逐条评分｜清洗,事件序列,规整,清洗,1,抑郁情绪,Spearman秩相关,24,24,24,0,0,4,13,0.5884124797566052,0.24503767180064723,0.8143036216027162,0.0024906694375512422,0.001999800019998,0.5394746750836095,0.1742619855786476,0.7902339027027945,0.006516025785886254,0.006799320067993201,-0.04893780467299569,-0.17265565770035196,0.023265240279112354,0.916830783920085,exploratory_only,探索性,金标准总分－对应金标准条目分；HAMD14金标准9视为无法评估且总分已不含该项,0.010073066767397333,0.03698830116988301,FDR显著,FDR显著,not_estimable
HAMD-17,PDCH共同24人验证,Kimi-K2.6,思考,16,C16：事件序列｜规整｜逐条评分｜清洗,事件序列,规整,清洗,2,有罪感,Spearman秩相关,24,24,24,0,0,4,13,0.28320958108799854,-0.0966736405255215,0.6236144421220131,0.17991396106471405,0.18568143185681432,0.20336746196839858,-0.2418932300794462,0.568065852873728,0.34053006364985805,0.3444655534446555,-0.07984211911959996,-0.21316951726902472,0.03864492213789583,0.7180811510229539,exploratory_only,探索性,金标准总分－对应金标准条目分；HAMD14金标准9视为无法评估且总分已不含该项,0.28058527480585277,0.5055831258979365,FDR不显著,FDR不显著,not_estimable
HAMD-17,PDCH共同24人验证,Kimi-K2.6,思考,16,C16：事件序列｜规整｜逐条评分｜清洗,事件序列,规整,清洗,3,自杀,Spearman秩相关,24,24,24,0,0,4,13,0.4714596228621556,0.05251419485727635,0.7792184663570497,0.02003567327010827,0.024197580241975804,0.3498395812932,-0.06490805673992245,0.696288213911234,0.09377766636945219,0.09369063093690631,-0.12162004156895562,-0.3246351612642314,0.00036622384075170165,0.7420350849334246,exploratory_only,探索性,金标准总分－对应金标准条目分；HAMD14金标准9视为无法评估且总分已不含该项,0.06094205394275388,0.21968837598998722,FDR不显著,FDR不显著,not_estimable
HAMD-17,PDCH共同24人验证,Kimi-K2.6,思考,16,C16：事件序列｜规整｜逐条评分｜清洗,事件序列,规整,清洗,4,入睡困难,Spearman秩相关,24,24,24,0,0,3,13,0.30565373430983783,-0.15574204355617435,0.6883316664108072,0.14636766390995307,0.1416858314168583,0.2695523462343708,-0.17921746358635893,0.6362727622414522,0.20274467173106447,0.1977802219778022,-0.036101388075467034,-0.10878714533040153,0.0,0.8818879535138562,exploratory_only,探索性,金标准总分－对应金标准条目分；HAMD14金标准9视为无法评估且总分已不含该项,0.23499113503283817,0.3735848637358486,FDR不显著,FDR不显著,not_estimable
HAMD-17,PDCH共同24人验证,Kimi-K2.6,思考,16,C16：事件序列｜规整｜逐条评分｜清洗,事件序列,规整,清洗,5,睡眠不深,Spearman秩相关,24,24,24,0,0,3,13,0.31219882623933565,-0.1391246481585971,0.6700086838679964,0.13748496901912222,0.13908609139086092,0.20600260284973076,-0.20767840648904728,0.58182686953939,0.33417459009541695,0.33756624337566243,-0.10619622338960488,-0.24886468658680194,0.0040284122053788046,0.6598442580043735,exploratory_only,探索性,金标准总分－对应金标准条目分；HAMD14金标准9视为无法评估且总分已不含该项,0.23352726455749487,0.5055831258979365,FDR不显著,FDR不显著,not_estimable
HAMD-17,PDCH共同24人验证,Kimi-K2.6,思考,16,C16：事件序列｜规整｜逐条评分｜清洗,事件序列,规整,清洗,6,早醒,Spearman秩相关,24,24,24,0,0,3,13,0.360015996522345,-0.049888650101473045,0.6668570347315279,0.08397992566576497,0.08439156084391561,0.309226622924643,-0.11347711722360235,0.6307750156710753,0.1414695025310927,0.145985401459854,-0.050789373597702026,-0.17873891308030343,0.05185733023637947,0.8589246753246708,exploratory_only,探索性,金标准总分－对应金标准条目分；HAMD14金标准9视为无法评估且总分已不含该项,0.16878312168783122,0.30514524305145246,FDR不显著,FDR不显著,not_estimable
HAMD-17,PDCH共同24人验证,Kimi-K2.6,思考,16,C16：事件序列｜规整｜逐条评分｜清洗,事件序列,规整,清洗,7,工作和活动,Spearman秩相关,24,24,24,0,0,5,13,0.7582881526755858,0.5132186456057706,0.9100175394048704,1.760703388576543e-05,9.999000099990002e-05,0.6570580902664842,0.3091548194196117,0.8662744940026456,0.00048635803698895985,0.0005999400059994001,-0.1012300624091016,-0.29795758094304026,0.021466709217099617,0.8665018541409149,exploratory_only,探索性,金标准总分－对应金标准条目分；HAMD14金标准9视为无法评估且总分已不含该项,0.0016998300169983002,0.013598640135986401,FDR显著,FDR显著,not_estimable
HAMD-17,PDCH共同24人验证,Kimi-K2.6,思考,16,C16：事件序列｜规整｜逐条评分｜清洗,事件序列,规整,清洗,8,迟滞,Spearman秩相关,24,24,24,0,0,3,13,0.44620016152500985,0.07569471642877461,0.7267961940583222,0.028848926171674165,0.0301969803019698,0.4331472388529386,0.012998792100748849,0.7433423697720484,0.034488284100021825,0.0370962903709629,-0.013052922672071254,-0.1924349046554305,0.12549099558376842,0.9707464859997823,exploratory_only,探索性,金标准总分－对应金标准条目分；HAMD14金标准9视为无法评估且总分已不含该项,0.06960659866216769,0.10296113245818274,FDR不显著,FDR不显著,not_estimable
HAMD-17,PDCH共同24人验证,Kimi-K2.6,思考,16,C16：事件序列｜规整｜逐条评分｜清洗,事件序列,规整,清洗,9,激越,Spearman秩相关,24,24,24,0,0,3,13,0.16483934509134182,-0.2194789127200171,0.5340252279965766,0.44146423985397454,0.44555544445555445,0.15241489199900046,-0.23841953453488926,0.5558513042884,0.4770918362835088,0.47535246475352466,-0.012424453092341359,-0.08226164441834603,0.05818736334977993,0.9246268960516881,exploratory_only,探索性,金标准总分－对应金标准条目分；HAMD14金标准9视为无法评估且总分已不含该项,0.517910602102183,0.6098861811932015,FDR不显著,FDR不显著,not_estimable
HAMD-17,PDCH共同24人验证,Kimi-K2.6,思考,16,C16：事件序列｜规整｜逐条评分｜清洗,事件序列,规整,清洗,10,精神性焦虑,Spearman秩相关,24,24,24,0,0,4,13,0.6672611757146433,0.38075936878849503,0.8566369738422565,0.0003684163496619766,0.00029997000299970003,0.6365369212277662,0.3104862323660911,0.8559653743879689,0.0008253432608534314,0.000999900009999,-0.0307242544868771,-0.11144262842010912,0.02973238219096986,0.9539546798088903,exploratory_only,探索性,金标准总分－对应金标准条目分；HAMD14金标准9视为无法评估且总分已不含该项,0.0031381477236891698,0.014731860147318601,FDR显著,FDR显著,not_estimable
HAMD-17,PDCH共同24人验证,Kimi-K2.6,思考,16,C16：事件序列｜规整｜逐条评分｜清洗,事件序列,规整,清洗,11,躯体性焦虑,Spearman秩相关,24,24,24,0,0,4,13,0.5766349316518911,0.24046757385621412,0.8074135530229833,0.003182053514418186,0.0035996400359964,0.4580822819893751,0.047012575985335335,0.7581114082001604,0.02438086170045282,0.022897710228977103,-0.11855264966251594,-0.28810673573572454,-0.00047841874501130394,0.794406056319035,exploratory_only,探索性,金标准总分－对应金标准条目分；HAMD14金标准9视为无法评估且总分已不含该项,0.01734998913901713,0.07785221477852215,FDR显著,FDR不显著,not_estimable
HAMD-17,PDCH共同24人验证,Kimi-K2.6,思考,16,C16：事件序列｜规整｜逐条评分｜清洗,事件序列,规整,清洗,12,胃肠道症状,Spearman秩相关,24,24,24,0,0,3,13,0.3650565060564184,-0.036085223789284734,0.6845272652887974,0.07942222076133035,0.07939206079392061,0.22915598112409533,-0.23221871002131603,0.6190907477938006,0.281428937204754,0.2792720727927207,-0.13590052493232305,-0.30882329557753074,-0.026191192553943615,0.6277274266375626,exploratory_only,探索性,金标准总分－对应金标准条目分；HAMD14金标准9视为无法评估且总分已不含该项,0.16115403385034632,0.44683531646835317,FDR不显著,FDR不显著,not_estimable
HAMD-17,PDCH共同24人验证,Kimi-K2.6,思考,16,C16：事件序列｜规整｜逐条评分｜清洗,事件序列,规整,清洗,13,全身症状,Spearman秩相关,24,24,24,0,0,3,13,0.5700104185846848,0.2547708529516451,0.8028980181826424,0.0036378073923977777,0.0036996300369963003,0.44683602765938907,0.08987345681976593,0.7470822347250403,0.02859432684861815,0.029597040295970403,-0.12317439092529575,-0.30259796716385773,-0.00923847024227141,0.7839085270912534,exploratory_only,探索性,金标准总分－对应金标准条目分；HAMD14金标准9视为无法评估且总分已不含该项,0.01734998913901713,0.08750429304895598,FDR显著,FDR不显著,not_estimable
HAMD-17,PDCH共同24人验证,Kimi-K2.6,思考,16,C16：事件序列｜规整｜逐条评分｜清洗,事件序列,规整,清洗,14,性症状,Spearman秩相关,24,19,19,5,5,3,13,0.6070578667487403,0.25856713320396485,0.8275442588030827,0.005846272226514541,0.007699230076992301,0.551151483541967,0.12811178284487346,0.8283797486113571,0.014449565791592477,0.016798320167983202,-0.055906383206773325,-0.20519574869988874,0.0,0.9079060065456448,not_estimable,不可估计,金标准总分－对应金标准条目分；HAMD14金标准9视为无法评估且总分已不含该项,0.024930840249308403,0.06643907037867641,FDR显著,FDR不显著,not_estimable
HAMD-17,PDCH共同24人验证,Kimi-K2.6,思考,16,C16：事件序列｜规整｜逐条评分｜清洗,事件序列,规整,清洗,15,疑病,Spearman秩相关,24,24,24,0,0,3,13,0.276531451069809,-0.12183347078120332,0.6353675077205138,0.19084467043503836,0.1840815918408159,0.1637023323865338,-0.2965930804426873,0.5741163878019447,0.44466445201950816,0.43885611438856115,-0.11282911868327516,-0.2885809098010065,-0.003000407495543869,0.5919844985198736,exploratory_only,探索性,金标准总分－对应金标准条目分；HAMD14金标准9视为无法评估且总分已不含该项,0.28058527480585277,0.5784652304000368,FDR不显著,FDR不显著,not_estimable
HAMD-17,PDCH共同24人验证,Kimi-K2.6,思考,16,C16：事件序列｜规整｜逐条评分｜清洗,事件序列,规整,清洗,16,体重减轻,Spearman秩相关,24,24,24,0,0,3,13,0.46131365850084544,0.03123239981073828,0.7949067113755723,0.02326754212332226,0.025097490250974904,0.4401027421568921,0.016544595477167,0.7779624824438888,0.031383534883519776,0.030296970302969704,-0.021210916343953334,-0.08700170274733039,0.003834021040372303,0.9540206192617762,exploratory_only,探索性,金标准总分－对应金标准条目分；HAMD14金标准9视为无法评估且总分已不含该项,0.06205924862059249,0.08766782896178468,FDR不显著,FDR不显著,not_estimable
HAMD-17,PDCH共同24人验证,Kimi-K2.6,思考,16,C16：事件序列｜规整｜逐条评分｜清洗,事件序列,规整,清洗,17,自知力,Spearman秩相关,24,24,24,0,0,3,13,0.09406253540500056,-0.38341053681076664,0.5271500639568457,0.6619792105734627,0.6586341365863414,0.07559487033847323,-0.3823673489063046,0.5271494958323697,0.7255353349338964,0.7176282371762823,-0.018467665066527333,-0.07168865706179979,0.0003441917992030802,0.8036660931261103,exploratory_only,探索性,金标准总分－对应金标准条目分；HAMD14金标准9视为无法评估且总分已不含该项,0.7165939406059395,0.7999790184915934,FDR不显著,FDR不显著,not_estimable
HAMD-17,PDCH共同24人验证,Qwen3.7-Max,不思考,3,C03：全文｜不规整｜逐条评分｜不清洗,全文,不规整,不清洗,1,抑郁情绪,Spearman秩相关,24,24,24,0,0,4,3,0.6864374093345651,0.4022018512223914,0.8585615162158545,0.00021229808500629688,0.00019998000199980003,0.5839376826285528,0.22011627069641293,0.8214823790341891,0.002736571331322067,0.0035996400359964,-0.10249972670601226,-0.2601717359876964,-0.006779607137066512,0.8506786994529103,exploratory_only,探索性,金标准总分－对应金标准条目分；HAMD14金标准9视为无法评估且总分已不含该项,0.001942662876569486,0.014296006296806217,FDR显著,FDR显著,not_estimable
HAMD-17,PDCH共同24人验证,Qwen3.7-Max,不思考,3,C03：全文｜不规整｜逐条评分｜不清洗,全文,不规整,不清洗,2,有罪感,Spearman秩相关,24,24,24,0,0,3,3,0.4743055171323389,0.11873571091536157,0.7282595201048522,0.019197743750440335,0.020897910208979104,0.3126864224204895,-0.134020591039833,0.6428367043101324,0.1368390604641179,0.1354864513548645,-0.16161909471184943,-0.34804996318418724,-0.03610525608830634,0.659251075785494,exploratory_only,探索性,金标准总分－对应金标准条目分；HAMD14金标准9视为无法评估且总分已不含该项,0.03643738190283536,0.1828411218284112,FDR显著,FDR不显著,not_estimable
HAMD-17,PDCH共同24人验证,Qwen3.7-Max,不思考,3,C03：全文｜不规整｜逐条评分｜不清洗,全文,不规整,不清洗,3,自杀,Spearman秩相关,24,24,24,0,0,5,3,0.5451477880968114,0.22016340997637315,0.7649839521212312,0.00587101145585131,0.006899310068993101,0.3631800352301678,-0.04430924359670271,0.6695816794472182,0.08109656999158953,0.07979202079792021,-0.18196775286664363,-0.3798898109438733,-0.04284580692473465,0.6662047304604886,exploratory_only,探索性,金标准总分－对应金标准条目分；HAMD14金标准9视为无法评估且总分已不含该项,0.016461511743562484,0.13397178800638454,FDR显著,FDR不显著,not_estimable
HAMD-17,PDCH共同24人验证,Qwen3.7-Max,不思考,3,C03：全文｜不规整｜逐条评分｜不清洗,全文,不规整,不清洗,4,入睡困难,Spearman秩相关,24,24,24,0,0,3,3,0.605485366423736,0.2202806243529406,0.8601517561102854,0.0017170930165990171,0.0020997900209979003,0.5770098946079244,0.18979722867180868,0.8462895088745275,0.00315777280752143,0.003999600039996,-0.02847547181581156,-0.09627545048036497,0.0,0.9529708339872848,exploratory_only,探索性,金标准总分－对应金标准条目分；HAMD14金标准9视为无法评估且总分已不含该项,0.006490260064902601,0.014296006296806217,FDR显著,FDR显著,not_estimable
HAMD-17,PDCH共同24人验证,Qwen3.7-Max,不思考,3,C03：全文｜不规整｜逐条评分｜不清洗,全文,不规整,不清洗,5,睡眠不深,Spearman秩相关,24,24,24,0,0,3,3,0.3531352209383894,-0.05702479712880976,0.6794560598282051,0.0905157806836148,0.09379062093790622,0.21705525391586927,-0.21061684231430342,0.6136815739528647,0.3083000490288226,0.3140685931406859,-0.13607996702252012,-0.29735816844812607,-0.008681705896338545,0.614651954962426,exploratory_only,探索性,金标准总分－对应金标准条目分；HAMD14金标准9视为无法评估且总分已不含该项,0.10996141765133832,0.3501092513699449,FDR不显著,FDR不显著,not_estimable
HAMD-17,PDCH共同24人验证,Qwen3.7-Max,不思考,3,C03：全文｜不规整｜逐条评分｜不清洗,全文,不规整,不清洗,6,早醒,Spearman秩相关,24,24,24,0,0,3,3,0.5552691980059962,0.1625645326169104,0.7951473177448921,0.004852807470226092,0.005099490050994901,0.5441472162885762,0.1767520656827924,0.7962750137967699,0.005980720059398659,0.006899310068993101,-0.01112198171741996,-0.11648213879490597,0.06893284651033135,0.9799701086295447,exploratory_only,探索性,金标准总分－对应金标准条目分；HAMD14金标准9视为无法评估且总分已不含该项,0.012843160128431603,0.02085124820851248,FDR显著,FDR显著,not_estimable
HAMD-17,PDCH共同24人验证,Qwen3.7-Max,不思考,3,C03：全文｜不规整｜逐条评分｜不清洗,全文,不规整,不清洗,7,工作和活动,Spearman秩相关,24,24,24,0,0,5,3,0.7659447248712038,0.5166213926039067,0.920355127588747,1.2848718675940192e-05,0.00019998000199980003,0.681165444167179,0.3542995604079645,0.8984040871440614,0.00024802355533652036,0.0006999300069993001,-0.08477928070402485,-0.2516767225690737,0.0399494180531855,0.8893141006770681,exploratory_only,探索性,金标准总分－对应金标准条目分；HAMD14金标准9视为无法评估且总分已不含该项,0.001942662876569486,0.011048895110488951,FDR显著,FDR显著,not_estimable
HAMD-17,PDCH共同24人验证,Qwen3.7-Max,不思考,3,C03：全文｜不规整｜逐条评分｜不清洗,全文,不规整,不清洗,8,迟滞,Spearman秩相关,24,24,24,0,0,3,3,0.6974334825752808,0.43444550019342854,0.8669880858768144,0.00015190135389497438,0.00029997000299970003,0.617119939429631,0.26593926002535934,0.8513908686474592,0.0013165799951390736,0.0018998100189981002,-0.08031354314564987,-0.26847547953948836,0.04405731783117757,0.884844153382067,exploratory_only,探索性,金标准总分－对应金标准条目分；HAMD14金标准9视为无法评估且总分已不含该项,0.0023997600239976003,0.012303531551606744,FDR显著,FDR显著,not_estimable
HAMD-17,PDCH共同24人验证,Qwen3.7-Max,不思考,3,C03：全文｜不规整｜逐条评分｜不清洗,全文,不规整,不清洗,9,激越,Spearman秩相关,24,24,24,0,0,3,3,0.5400693922717587,0.15993804968446323,0.7851248493638289,0.006445747055176504,0.007499250074992501,0.5092086628561646,0.13030594165879064,0.7660677864425363,0.011040859916558947,0.010198980101989802,-0.030860729415594035,-0.10191252510035723,0.023022619396028086,0.9428578440896626,exploratory_only,探索性,金标准总分－对应金标准条目分；HAMD14金标准9视为无法评估且总分已不含该项,0.017286406952525087,0.028307373344298226,FDR显著,FDR显著,not_estimable
HAMD-17,PDCH共同24人验证,Qwen3.7-Max,不思考,3,C03：全文｜不规整｜逐条评分｜不清洗,全文,不规整,不清洗,10,精神性焦虑,Spearman秩相关,24,24,24,0,0,4,3,0.6345050931048767,0.2627541191739278,0.8605193064060004,0.0008679442075085292,0.0011998800119988001,0.5687541737537976,0.20462780244575607,0.8264610144184494,0.0037301718688087138,0.0051994800519948,-0.06575091935107913,-0.18605439389171186,0.010035441622226885,0.8963744813625771,exploratory_only,探索性,金标准总分－对应金标准条目分；HAMD14金标准9视为无法评估且总分已不含该项,0.004184196964918893,0.017247055782226656,FDR显著,FDR显著,not_estimable
HAMD-17,PDCH共同24人验证,Qwen3.7-Max,不思考,3,C03：全文｜不规整｜逐条评分｜不清洗,全文,不规整,不清洗,11,躯体性焦虑,Spearman秩相关,24,24,24,0,0,4,3,0.7161565290873688,0.44117953460854287,0.884119620289721,8.29714897101123e-05,0.00019998000199980003,0.5709268444547437,0.1651390980689176,0.8294211223814814,0.0035716527609616936,0.0033996600339966003,-0.1452296846326251,-0.33130469772976456,-0.026537398555478986,0.7972095781662454,exploratory_only,探索性,金标准总分－对应金标准条目分；HAMD14金标准9视为无法评估且总分已不含该项,0.001942662876569486,0.014296006296806217,FDR显著,FDR显著,not_estimable
HAMD-17,PDCH共同24人验证,Qwen3.7-Max,不思考,3,C03：全文｜不规整｜逐条评分｜不清洗,全文,不规整,不清洗,12,胃肠道症状,Spearman秩相关,24,24,24,0,0,3,3,0.37289235866854814,-0.0036784570815034043,0.6947980023883058,0.07271141966259331,0.07289271072892711,0.2306921596324522,-0.18644739233696672,0.6069854360863995,0.27812692921549687,0.2800719928007199,-0.14220019903609593,-0.316539002660543,-0.031081032239936076,0.6186561732081696,exploratory_only,探索性,金标准总分－对应金标准条目分；HAMD14金标准9视为无法评估且总分已不含该项,0.09279812759464795,0.3185481451854814,FDR不显著,FDR不显著,not_estimable
HAMD-17,PDCH共同24人验证,Qwen3.7-Max,不思考,3,C03：全文｜不规整｜逐条评分｜不清洗,全文,不规整,不清洗,13,全身症状,Spearman秩相关,24,24,24,0,0,3,3,0.740926070637769,0.5078148215905824,0.8818584556119643,3.4547301489882145e-05,9.999000099990002e-05,0.633451248698456,0.30241419326955865,0.8523165561939143,0.0008907756976418448,0.0016998300169983002,-0.10747482193931301,-0.3049424519948183,0.008579494229183963,0.8549452823993605,exploratory_only,探索性,金标准总分－对应金标准条目分；HAMD14金标准9视为无法评估且总分已不含该项,0.0015109600151096002,0.01216720433219836,FDR显著,FDR显著,not_estimable
HAMD-17,PDCH共同24人验证,Qwen3.7-Max,不思考,3,C03：全文｜不规整｜逐条评分｜不清洗,全文,不规整,不清洗,14,性症状,Spearman秩相关,24,17,17,7,7,3,3,0.6651253616721985,0.21862159730077493,0.8852580298458775,0.0035738544215432504,0.0051994800519948,0.6053822962944465,0.1352571174011614,0.8602823321155278,0.010019316460913188,0.012798720127987202,-0.05974306537775198,-0.20584512395721025,0.0,0.9101777366787649,not_estimable,不可估计,金标准总分－对应金标准条目分；HAMD14金标准9视为无法评估且总分已不含该项,0.01285689612856896,0.033996600339966,FDR显著,FDR显著,not_estimable
HAMD-17,PDCH共同24人验证,Qwen3.7-Max,不思考,3,C03：全文｜不规整｜逐条评分｜不清洗,全文,不规整,不清洗,15,疑病,Spearman秩相关,24,24,24,0,0,3,3,0.37779818659755254,-0.044351917006016414,0.6883570251145978,0.06873522414046086,0.07219278072192781,0.2535740638345426,-0.2106026618474681,0.6359558005213526,0.23185206810544573,0.2263773622637736,-0.12422412276300993,-0.29605873275474853,-0.007225722070603147,0.6711892032045697,exploratory_only,探索性,金标准总分－对应金标准条目分；HAMD14金标准9视为无法评估且总分已不含该项,0.09279812759464795,0.2824524886960845,FDR不显著,FDR不显著,not_estimable
HAMD-17,PDCH共同24人验证,Qwen3.7-Max,不思考,3,C03：全文｜不规整｜逐条评分｜不清洗,全文,不规整,不清洗,16,体重减轻,Spearman秩相关,24,24,24,0,0,3,3,0.42917090019340853,-0.08868998487585658,0.7631458192908092,0.03636981178040421,0.0367963203679632,0.38818495460813107,-0.10184893070227528,0.7238421502871347,0.06086656977590244,0.0627937206279372,-0.04098594558527746,-0.14980332957220874,0.0006729984537029768,0.9044997096336054,exploratory_only,探索性,金标准总分－对应金标准条目分；HAMD14金标准9视为无法评估且总分已不含该项,0.05560332855603328,0.11035819494973581,FDR不显著,FDR不显著,not_estimable
HAMD-17,PDCH共同24人验证,Qwen3.7-Max,不思考,3,C03：全文｜不规整｜逐条评分｜不清洗,全文,不规整,不清洗,17,自知力,Spearman秩相关,24,24,24,0,0,2,3,0.3662856731381801,-0.10630926824717858,0.6917172879696107,0.07833970011603036,0.08189181081891811,0.34126421963873355,-0.1812881906403907,0.6880331880722996,0.10267521896419332,0.10218978102189781,-0.025021453499446566,-0.12042205994510252,0.03461406174631112,0.9316886918205853,exploratory_only,探索性,金标准总分－对应金标准条目分；HAMD14金标准9视为无法评估且总分已不含该项,0.09944005599440056,0.1544628145881064,FDR不显著,FDR不显著,not_estimable
HAMD-17,PDCH共同24人验证,Qwen3.7-Max,不思考,4,C04：全文｜不规整｜逐条评分｜清洗,全文,不规整,清洗,1,抑郁情绪,Spearman秩相关,24,24,24,0,0,4,1,0.6771281032116814,0.39785959932165754,0.8449206163418524,0.00027881441556883336,0.0004999500049995,0.6038909333667539,0.28467952340787384,0.821810846063207,0.0017793434826784227,0.0018998100189981002,-0.07323716984492745,-0.2111657674783852,0.012349743526005489,0.8918414853887222,exploratory_only,探索性,金标准总分－对应金标准条目分；HAMD14金标准9视为无法评估且总分已不含该项,0.0035785895094701055,0.012303531551606744,FDR显著,FDR显著,not_estimable
HAMD-17,PDCH共同24人验证,Qwen3.7-Max,不思考,4,C04：全文｜不规整｜逐条评分｜清洗,全文,不规整,清洗,2,有罪感,Spearman秩相关,24,24,24,0,0,3,1,0.40325895604456585,0.07694882279523933,0.6749985534062951,0.05070333400193731,0.05469453054694531,0.23543001942969394,-0.15487111042759127,0.5772953076769913,0.26809801113767207,0.26787321267873215,-0.16782893661487192,-0.3719064593883052,-0.040557697723725056,0.5838184518924251,exploratory_only,探索性,金标准总分－对应金标准条目分；HAMD14金标准9视为无法评估且总分已不含该项,0.07345932073459321,0.31832642822674256,FDR不显著,FDR不显著,not_estimable
HAMD-17,PDCH共同24人验证,Qwen3.7-Max,不思考,4,C04：全文｜不规整｜逐条评分｜清洗,全文,不规整,清洗,3,自杀,Spearman秩相关,24,24,24,0,0,4,1,0.47694749310147094,0.10752055607718954,0.7443336980421585,0.018445545184575054,0.0193980601939806,0.3419565200831185,-0.053915570590659156,0.6483452532935359,0.10193457975824524,0.1044895510448955,-0.13499097301835244,-0.33039537853999595,-0.013542158303206507,0.7169689012504507,exploratory_only,探索性,金标准总分－对应金标准条目分；HAMD14金标准9视为无法评估且总分已不含该项,0.03524910666828054,0.1544628145881064,FDR显著,FDR不显著,not_estimable
HAMD-17,PDCH共同24人验证,Qwen3.7-Max,不思考,4,C04：全文｜不规整｜逐条评分｜清洗,全文,不规整,清洗,4,入睡困难,Spearman秩相关,24,24,24,0,0,3,1,0.5407936526041531,0.15232245455792107,0.8534883375679875,0.006361016383534336,0.007799220077992201,0.5108790376692329,0.0977486999436889,0.8273062595611915,0.01073711650965246,0.013498650134986502,-0.029914614934920203,-0.09464588309202171,0.0,0.9446838645556054,exploratory_only,探索性,金标准总分－对应金标准条目分；HAMD14金标准9视为无法评估且总分已不含该项,0.01738842509191704,0.034638045629399324,FDR显著,FDR显著,not_estimable
HAMD-17,PDCH共同24人验证,Qwen3.7-Max,不思考,4,C04：全文｜不规整｜逐条评分｜清洗,全文,不规整,清洗,5,睡眠不深,Spearman秩相关,24,24,24,0,0,3,1,0.29194784948649305,-0.1439614587399351,0.616496615219452,0.1662753914645476,0.1678832116788321,0.17816316834243867,-0.269063674305971,0.5747650656719154,0.4048910503939243,0.40115988401159886,-0.11378468114405438,-0.25774349379597133,0.001420228953903581,0.6102568272237997,exploratory_only,探索性,金标准总分－对应金标准条目分；HAMD14金标准9视为无法评估且总分已不含该项,0.18265693430656932,0.43646195380461955,FDR不显著,FDR不显著,not_estimable
HAMD-17,PDCH共同24人验证,Qwen3.7-Max,不思考,4,C04：全文｜不规整｜逐条评分｜清洗,全文,不规整,清洗,6,早醒,Spearman秩相关,24,24,24,0,0,3,1,0.4991434801546733,0.10407065313657823,0.7438986100312321,0.01302491411433585,0.0136986301369863,0.4723514688159145,0.06762090862002998,0.7359936569096508,0.019769952928627738,0.021397860213978603,-0.026792011338758803,-0.1269250524863708,0.034589847781271645,0.9463240282524444,exploratory_only,探索性,金标准总分－对应金标准条目分；HAMD14金标准9视为无法评估且总分已不含该项,0.027806174606419952,0.04932388117120492,FDR显著,FDR显著,not_estimable
HAMD-17,PDCH共同24人验证,Qwen3.7-Max,不思考,4,C04：全文｜不规整｜逐条评分｜清洗,全文,不规整,清洗,7,工作和活动,Spearman秩相关,24,24,24,0,0,5,1,0.7709387135720535,0.5109227340197953,0.926121889470094,1.0395557943322057e-05,9.999000099990002e-05,0.728057827362067,0.4280083042774497,0.9017225963632789,5.509887856524597e-05,9.999000099990002e-05,-0.042880886209986424,-0.20822124269817047,0.10017883879685288,0.9443783462224865,exploratory_only,探索性,金标准总分－对应金标准条目分；HAMD14金标准9视为无法评估且总分已不含该项,0.0015109600151096002,0.0033996600339966003,FDR显著,FDR显著,not_estimable
HAMD-17,PDCH共同24人验证,Qwen3.7-Max,不思考,4,C04：全文｜不规整｜逐条评分｜清洗,全文,不规整,清洗,8,迟滞,Spearman秩相关,24,24,24,0,0,3,1,0.787907964638685,0.584762170831139,0.9118605914024487,4.8574720722951105e-06,9.999000099990002e-05,0.7471121795132358,0.5051351798321406,0.8883569025921034,2.7338150327432294e-05,9.999000099990002e-05,-0.040795785125449124,-0.19048605149092554,0.03788249445751411,0.9482226516847598,exploratory_only,探索性,金标准总分－对应金标准条目分；HAMD14金标准9视为无法评估且总分已不含该项,0.0015109600151096002,0.0033996600339966003,FDR显著,FDR显著,not_estimable
HAMD-17,PDCH共同24人验证,Qwen3.7-Max,不思考,4,C04：全文｜不规整｜逐条评分｜清洗,全文,不规整,清洗,9,激越,Spearman秩相关,24,24,24,0,0,3,1,0.49735366892988353,0.10116273087273818,0.7664969740416966,0.013406645322142757,0.0150984901509849,0.48757319389021353,0.07984972193864479,0.7720474483618727,0.015658321263126922,0.0160983901609839,-0.00978047503967,-0.08038422379533061,0.06145930312121094,0.980334969558556,exploratory_only,探索性,金标准总分－对应金标准条目分；HAMD14金标准9视为无法评估且总分已不含该项,0.02892105155681615,0.039806928398069284,FDR显著,FDR显著,not_estimable
HAMD-17,PDCH共同24人验证,Qwen3.7-Max,不思考,4,C04：全文｜不规整｜逐条评分｜清洗,全文,不规整,清洗,10,精神性焦虑,Spearman秩相关,24,24,24,0,0,4,1,0.6535677582959106,0.3317926939139083,0.8531359567900036,0.0005335896387928676,0.0007999200079992001,0.6305516163663593,0.28162572651917206,0.8527934071568748,0.0009562820004321297,0.0011998800119988001,-0.02301614192955137,-0.10142211316909952,0.04531672148434119,0.9647838473709859,exploratory_only,探索性,金标准总分－对应金标准条目分；HAMD14金标准9视为无法评估且总分已不含该项,0.004029226706958934,0.011048895110488951,FDR显著,FDR显著,not_estimable
HAMD-17,PDCH共同24人验证,Qwen3.7-Max,不思考,4,C04：全文｜不规整｜逐条评分｜清洗,全文,不规整,清洗,11,躯体性焦虑,Spearman秩相关,24,24,24,0,0,4,1,0.715239819788979,0.4645388172328687,0.8832990455234794,8.555771352669272e-05,9.999000099990002e-05,0.5897749626524837,0.2281611629490821,0.8310795876328051,0.00241963307792892,0.0028997100289971,-0.12546485713649524,-0.3034992844634973,-0.005638937842026559,0.8245835121798563,exploratory_only,探索性,金标准总分－对应金标准条目分；HAMD14金标准9视为无法评估且总分已不含该项,0.0015109600151096002,0.013598640135986401,FDR显著,FDR显著,not_estimable
HAMD-17,PDCH共同24人验证,Qwen3.7-Max,不思考,4,C04：全文｜不规整｜逐条评分｜清洗,全文,不规整,清洗,12,胃肠道症状,Spearman秩相关,24,24,24,0,0,3,1,0.3741724842309733,-0.010440734840997007,0.6748849518616629,0.07165740421463203,0.0736926307369263,0.2082891827014291,-0.19460857797920164,0.5987701704476133,0.32871783657723225,0.33156684331566844,-0.16588330152954422,-0.36129748092470354,-0.03666026194828172,0.556666220739134,exploratory_only,探索性,金标准总分－对应金标准条目分；HAMD14金标准9视为无法评估且总分已不含该项,0.09279812759464795,0.3666104934222025,FDR不显著,FDR不显著,not_estimable
HAMD-17,PDCH共同24人验证,Qwen3.7-Max,不思考,4,C04：全文｜不规整｜逐条评分｜清洗,全文,不规整,清洗,13,全身症状,Spearman秩相关,24,24,24,0,0,3,1,0.6162818166893015,0.31240959771375426,0.8180891272047253,0.0013424743243052376,0.0024997500249975004,0.48970234321071365,0.10003650421590331,0.7646334878339824,0.01514355404274903,0.018698130186981302,-0.12657947347858783,-0.3242905536551663,-0.010558592131409918,0.794607807579689,exploratory_only,探索性,金标准总分－对应金标准条目分；HAMD14金标准9视为无法评估且总分已不含该项,0.007233319221269362,0.045409744739811735,FDR显著,FDR显著,not_estimable
HAMD-17,PDCH共同24人验证,Qwen3.7-Max,不思考,4,C04：全文｜不规整｜逐条评分｜清洗,全文,不规整,清洗,14,性症状,Spearman秩相关,24,16,16,8,8,3,1,0.6443620078072435,0.11701639156066602,0.8862229287875182,0.007052814832970176,0.0082991700829917,0.5780108310085438,0.02554765920410436,0.8505725607233833,0.01901813676111188,0.020997900209979003,-0.06635117679869973,-0.2216197808134095,0.0,0.8970281053277923,not_estimable,不可估计,金标准总分－对应金标准条目分；HAMD14金标准9视为无法评估且总分已不含该项,0.018204631149788243,0.04923645566477835,FDR显著,FDR显著,not_estimable
HAMD-17,PDCH共同24人验证,Qwen3.7-Max,不思考,4,C04：全文｜不规整｜逐条评分｜清洗,全文,不规整,清洗,15,疑病,Spearman秩相关,24,24,24,0,0,3,1,0.3533704875745909,-0.05868330123138502,0.6551147057096741,0.09028621179241043,0.09469053094690531,0.24024799784655707,-0.17770659144486037,0.5880475499904395,0.25813954830878205,0.26107389261073893,-0.11312248972803382,-0.2803118407303324,-0.005329170223652661,0.6798756724013194,exploratory_only,探索性,金标准总分－对应金标准条目分；HAMD14金标准9视为无法评估且总分已不含该项,0.11006762571606088,0.31832642822674256,FDR不显著,FDR不显著,not_estimable
HAMD-17,PDCH共同24人验证,Qwen3.7-Max,不思考,4,C04：全文｜不规整｜逐条评分｜清洗,全文,不规整,清洗,16,体重减轻,Spearman秩相关,24,24,24,0,0,3,1,0.4355088882617735,0.03288632163987866,0.7209377409194917,0.033407913953848095,0.035596440355964404,0.40846892993899486,0.0005503483322477032,0.7199337377048133,0.04751638225401871,0.049295070492950704,-0.027039958322778612,-0.0922315390729619,0.0022390609641458757,0.937911810639039,exploratory_only,探索性,金标准总分－对应金标准条目分；HAMD14金标准9视为无法评估且总分已不含该项,0.05516721055167211,0.08938839449388394,FDR不显著,FDR不显著,not_estimable
HAMD-17,PDCH共同24人验证,Qwen3.7-Max,不思考,4,C04：全文｜不规整｜逐条评分｜清洗,全文,不规整,清洗,17,自知力,Spearman秩相关,24,24,24,0,0,2,1,0.3662856731381801,-0.10699621819458277,0.6724799005543063,0.07833970011603036,0.08029197080291971,0.34126421963873355,-0.1836736881050775,0.6794224137969901,0.10267521896419332,0.10718928107189281,-0.025021453499446566,-0.11689373547559785,0.03191455675223857,0.9316886918205853,exploratory_only,探索性,金标准总分－对应金标准条目分；HAMD14金标准9视为无法评估且总分已不含该项,0.09927007299270073,0.1563843615638436,FDR不显著,FDR不显著,not_estimable
HAMD-17,PDCH共同24人验证,Qwen3.7-Max,不思考,7,C07：全文｜规整｜逐条评分｜不清洗,全文,规整,不清洗,1,抑郁情绪,Spearman秩相关,24,24,24,0,0,4,3,0.6232693782068357,0.2782153324903602,0.8435688628960152,0.0011393390742376675,0.0008999100089991,0.5863258564551966,0.23618998254666268,0.8173004683044235,0.002602891578339706,0.0025997400259974,-0.036943521751639063,-0.1575467813390202,0.09589085371895609,0.9407262364502381,exploratory_only,探索性,金标准总分－对应金标准条目分；HAMD14金标准9视为无法评估且总分已不含该项,0.004042838959347308,0.013094986797616535,FDR显著,FDR显著,not_estimable
HAMD-17,PDCH共同24人验证,Qwen3.7-Max,不思考,7,C07：全文｜规整｜逐条评分｜不清洗,全文,规整,不清洗,2,有罪感,Spearman秩相关,24,24,24,0,0,4,3,0.42158899608564804,0.05587136591833632,0.6979297484456662,0.04018210273831973,0.042495750424957505,0.27638083390852153,-0.17003051718330822,0.6213006967475015,0.19109632219968337,0.19158084191580843,-0.1452081621771265,-0.33844753147421774,-0.014579469340758508,0.6555693731920207,exploratory_only,探索性,金标准总分－对应金标准条目分；HAMD14金标准9视为无法评估且总分已不含该项,0.061483213380789575,0.24580183491084853,FDR不显著,FDR不显著,not_estimable
HAMD-17,PDCH共同24人验证,Qwen3.7-Max,不思考,7,C07：全文｜规整｜逐条评分｜不清洗,全文,规整,不清洗,3,自杀,Spearman秩相关,24,24,24,0,0,5,3,0.47276290428589296,0.11663914153733698,0.7430684422122232,0.019648335594233922,0.019598040195980403,0.3124982747440861,-0.07148954057874021,0.6258345111931682,0.1370880373939788,0.1322867713228677,-0.16026462954180687,-0.34729617606183144,-0.030921567852152623,0.6610042198977389,exploratory_only,探索性,金标准总分－对应金标准条目分；HAMD14金标准9视为无法评估且总分已不含该项,0.03524910666828054,0.1817272818172728,FDR显著,FDR不显著,not_estimable
HAMD-17,PDCH共同24人验证,Qwen3.7-Max,不思考,7,C07：全文｜规整｜逐条评分｜不清洗,全文,规整,不清洗,4,入睡困难,Spearman秩相关,24,24,24,0,0,3,3,0.37264434845830474,-0.09023587002589682,0.7553378331632438,0.07291698020381075,0.07989201079892011,0.3508390226034506,-0.09953847580803481,0.7468246142916651,0.09277934382230314,0.09309069093090691,-0.02180532585485412,-0.06681196349882125,0.0,0.9414848878157778,exploratory_only,探索性,金标准总分－对应金标准条目分；HAMD14金标准9视为无法评估且总分已不含该项,0.09927007299270073,0.14847817543827013,FDR不显著,FDR不显著,not_estimable
HAMD-17,PDCH共同24人验证,Qwen3.7-Max,不思考,7,C07：全文｜规整｜逐条评分｜不清洗,全文,规整,不清洗,5,睡眠不深,Spearman秩相关,24,24,24,0,0,3,3,0.16146417571337604,-0.2570225982713761,0.5435336574086533,0.4509997129696872,0.45345465453454653,0.009069630098583034,-0.43452870463065896,0.4296204838659696,0.9664503157916553,0.9656034396560343,-0.15239454561479301,-0.2930630477877425,-0.03990170006297182,0.056171160311641107,exploratory_only,探索性,金标准总分－对应金标准条目分；HAMD14金标准9视为无法评估且总分已不含该项,0.46368295501276935,0.9656034396560343,FDR不显著,FDR不显著,not_estimable
HAMD-17,PDCH共同24人验证,Qwen3.7-Max,不思考,7,C07：全文｜规整｜逐条评分｜不清洗,全文,规整,不清洗,6,早醒,Spearman秩相关,24,24,24,0,0,3,3,0.4998235358018866,0.11322744980527544,0.7710753906631173,0.012882233703434703,0.012698730126987301,0.5017466187807458,0.09399462176043433,0.7653070159690901,0.012485695028783104,0.012998700129987,0.0019230829788591808,-0.09537567816648687,0.09826478294692478,1.003847523858143,exploratory_only,探索性,金标准总分－对应金标准条目分；HAMD14金标准9视为无法评估且总分已不含该项,0.026569650727234967,0.033996600339966,FDR显著,FDR显著,not_estimable
HAMD-17,PDCH共同24人验证,Qwen3.7-Max,不思考,7,C07：全文｜规整｜逐条评分｜不清洗,全文,规整,不清洗,7,工作和活动,Spearman秩相关,24,24,24,0,0,5,3,0.5678165885611992,0.24595616686959645,0.8033709690631479,0.0038003902365516965,0.004399560043995601,0.44176085327678793,0.035716083694033555,0.7548959737175588,0.03067735089494917,0.029497050294970503,-0.12605573528441127,-0.3424441069624109,0.028182130339924037,0.7779992028696693,exploratory_only,探索性,金标准总分－对应金标准条目分；HAMD14金标准9视为无法评估且总分已不含该项,0.011289437094026447,0.06078180060781801,FDR显著,FDR不显著,not_estimable
HAMD-17,PDCH共同24人验证,Qwen3.7-Max,不思考,7,C07：全文｜规整｜逐条评分｜不清洗,全文,规整,不清洗,8,迟滞,Spearman秩相关,24,24,24,0,0,4,3,0.6538998674732743,0.33882687491619723,0.8492608846433404,0.0005289310263063405,0.0006999300069993001,0.5897539945502875,0.22774961280263445,0.8350981711006729,0.002420713112287425,0.0025997400259974,-0.06414587292298679,-0.2493261301013222,0.04142155373214908,0.9019026060200135,exploratory_only,探索性,金标准总分－对应金标准条目分；HAMD14金标准9视为无法评估且总分已不含该项,0.0038076192380761924,0.013094986797616535,FDR显著,FDR显著,not_estimable
HAMD-17,PDCH共同24人验证,Qwen3.7-Max,不思考,7,C07：全文｜规整｜逐条评分｜不清洗,全文,规整,不清洗,9,激越,Spearman秩相关,24,24,24,0,0,3,3,0.6517410696633695,0.290196524951244,0.8568583452695073,0.0005598527864412062,0.0006999300069993001,0.6418149747938359,0.2977787432189155,0.8477877672188081,0.0007229910777632096,0.0014998500149985001,-0.009926094869533664,-0.06876535101084125,0.04807650201603854,0.9847698797397245,exploratory_only,探索性,金标准总分－对应金标准条目分；HAMD14金标准9视为无法评估且总分已不含该项,0.0038076192380761924,0.011332200113322,FDR显著,FDR显著,not_estimable
HAMD-17,PDCH共同24人验证,Qwen3.7-Max,不思考,7,C07：全文｜规整｜逐条评分｜不清洗,全文,规整,不清洗,10,精神性焦虑,Spearman秩相关,24,24,24,0,0,4,3,0.6428602324647144,0.31828269334171844,0.8452112917887019,0.0007040760787978008,0.0008999100089991,0.6490183895111364,0.3228064206935593,0.8515083409017069,0.0006010697611545537,0.0012998700129987,0.006158157046422086,-0.06375917829156329,0.08733824669215377,1.0095793093668461,exploratory_only,探索性,金标准总分－对应金标准条目分；HAMD14金标准9视为无法评估且总分已不含该项,0.004042838959347308,0.011048895110488951,FDR显著,FDR显著,not_estimable
HAMD-17,PDCH共同24人验证,Qwen3.7-Max,不思考,7,C07：全文｜规整｜逐条评分｜不清洗,全文,规整,不清洗,11,躯体性焦虑,Spearman秩相关,24,24,24,0,0,4,3,0.678712678129636,0.3347739665592933,0.8790898908144881,0.0002663549162101621,0.0004999500049995,0.6214256724941183,0.21091821552709933,0.8506495099385379,0.0011901892699800573,0.0012998700129987,-0.057287005635517696,-0.1888079292655144,0.032471766219414985,0.9155946139191233,exploratory_only,探索性,金标准总分－对应金标准条目分；HAMD14金标准9视为无法评估且总分已不含该项,0.0035785895094701055,0.011048895110488951,FDR显著,FDR显著,not_estimable
HAMD-17,PDCH共同24人验证,Qwen3.7-Max,不思考,7,C07：全文｜规整｜逐条评分｜不清洗,全文,规整,不清洗,12,胃肠道症状,Spearman秩相关,24,24,24,0,0,3,3,0.314114813939045,-0.10713990864466656,0.6763367366887291,0.13495943107774352,0.13538646135386462,0.22784410827896515,-0.22588767737513216,0.6248615812259735,0.28426829738990106,0.27647235276472354,-0.08627070566007985,-0.20326302526035242,-0.013287076056329,0.7253529542964473,exploratory_only,探索性,金标准总分－对应金标准条目分；HAMD14金标准9视为无法评估且总分已不含该项,0.15216990697624452,0.3185481451854814,FDR不显著,FDR不显著,not_estimable
HAMD-17,PDCH共同24人验证,Qwen3.7-Max,不思考,7,C07：全文｜规整｜逐条评分｜不清洗,全文,规整,不清洗,13,全身症状,Spearman秩相关,24,24,24,0,0,3,3,0.6291983711333652,0.25485346967485273,0.8684355658948298,0.0009882439740992663,0.0010998900109989002,0.5146850126549787,0.12008561175624871,0.8092503969554178,0.010070741041388847,0.0112988701129887,-0.1145133584783865,-0.29646413119626974,-0.018039242941408698,0.8180011841541875,exploratory_only,探索性,金标准总分－对应金标准条目分；HAMD14金标准9视为无法评估且总分已不含该项,0.004042838959347308,0.030732926707329265,FDR显著,FDR显著,not_estimable
HAMD-17,PDCH共同24人验证,Qwen3.7-Max,不思考,7,C07：全文｜规整｜逐条评分｜不清洗,全文,规整,不清洗,14,性症状,Spearman秩相关,24,13,13,11,11,3,3,0.8492968354105931,0.5855679355806857,0.9639520422837481,0.0002389779711752971,0.0006999300069993001,0.8469474620706109,0.5797808334234222,0.9548328564108051,0.00025896732892536283,0.000999900009999,-0.002349373339982197,-0.020415027790534813,0.0,0.9972337429718005,not_estimable,不可估计,金标准总分－对应金标准条目分；HAMD14金标准9视为无法评估且总分已不含该项,0.0038076192380761924,0.011048895110488951,FDR显著,FDR显著,not_estimable
HAMD-17,PDCH共同24人验证,Qwen3.7-Max,不思考,7,C07：全文｜规整｜逐条评分｜不清洗,全文,规整,不清洗,15,疑病,Spearman秩相关,24,24,24,0,0,4,3,0.30774905703033634,-0.1649234465887115,0.6570962821541831,0.14348072769924783,0.1426857314268573,0.20267248945857128,-0.32022729386565374,0.6409816874155351,0.34221812515820477,0.3444655534446555,-0.10507656757176506,-0.28668955022837356,-0.0010265387853610002,0.6585641282357946,exploratory_only,探索性,金标准总分－对应金标准条目分；HAMD14金标准9视为无法评估且总分已不含该项,0.15905950388567702,0.37780092958446093,FDR不显著,FDR不显著,not_estimable
HAMD-17,PDCH共同24人验证,Qwen3.7-Max,不思考,7,C07：全文｜规整｜逐条评分｜不清洗,全文,规整,不清洗,16,体重减轻,Spearman秩相关,24,24,24,0,0,3,3,0.21147690803638353,-0.23088542793651923,0.6139274648874345,0.32120081338543677,0.32196780321967805,0.17153256207897744,-0.28680599508465004,0.5782315743043966,0.42287647405430107,0.42255774422557746,-0.03994434595740609,-0.12531683578921943,0.0,0.8111172215997509,exploratory_only,探索性,金标准总分－对应金标准条目分；HAMD14金标准9视为无法评估且总分已不含该项,0.33172440331724407,0.45250278121794124,FDR不显著,FDR不显著,not_estimable
HAMD-17,PDCH共同24人验证,Qwen3.7-Max,不思考,7,C07：全文｜规整｜逐条评分｜不清洗,全文,规整,不清洗,17,自知力,Spearman秩相关,24,24,24,0,0,2,3,0.26890142882965856,-0.14796795755637238,0.5912954446790812,0.20387958355214444,0.21777822217778223,0.23860230519522937,-0.20279636996443293,0.5864788958434992,0.26151389270978104,0.2810718928107189,-0.030299123634429187,-0.11028449949832889,0.00024698381778377504,0.8873225636386528,exploratory_only,探索性,金标准总分－对应金标准条目分；HAMD14金标准9视为无法评估且总分已不含该项,0.22959564508665414,0.3185481451854814,FDR不显著,FDR不显著,not_estimable
HAMD-17,PDCH共同24人验证,Qwen3.7-Max,不思考,8,C08：全文｜规整｜逐条评分｜清洗,全文,规整,清洗,1,抑郁情绪,Spearman秩相关,24,24,24,0,0,4,0,0.4452226768768875,0.028194580456182703,0.7568125059383484,0.02924384223694464,0.0324967503249675,0.35441638191070274,-0.07282697243179594,0.6878384307712073,0.08927091545228455,0.0887911208879112,-0.09080629496618475,-0.2076227840148308,-0.0024119750887394765,0.7960429697715186,exploratory_only,探索性,金标准总分－对应金标准条目分；HAMD14金标准9视为无法评估且总分已不含该项,0.051390209816227675,0.1454890655512762,FDR不显著,FDR不显著,not_estimable
HAMD-17,PDCH共同24人验证,Qwen3.7-Max,不思考,8,C08：全文｜规整｜逐条评分｜清洗,全文,规整,清洗,2,有罪感,Spearman秩相关,24,24,24,0,0,3,0,0.45017679504413827,0.06690977282232938,0.725576618676006,0.02728607629028463,0.027997200279972004,0.33797731214886606,-0.08364863531461242,0.6619097661116884,0.1062460077261246,0.1034896510348965,-0.1121994828952722,-0.29884709126104136,-0.007634545855565821,0.7507657344171385,exploratory_only,探索性,金标准总分－对应金标准条目分；HAMD14金标准9视为无法评估且总分已不含该项,0.04532880045328801,0.1544628145881064,FDR显著,FDR不显著,not_estimable
HAMD-17,PDCH共同24人验证,Qwen3.7-Max,不思考,8,C08：全文｜规整｜逐条评分｜清洗,全文,规整,清洗,3,自杀,Spearman秩相关,24,24,24,0,0,4,0,0.40923652542857164,-0.010133733108512127,0.7581344796531814,0.04706038325721317,0.0496950304969503,0.272521692930992,-0.1521336367199818,0.6324580804539851,0.197621757950794,0.19858014198580143,-0.13671483249757965,-0.29437400783741735,-0.02836023878297089,0.6659271008265807,exploratory_only,探索性,金标准总分－对应金标准条目分；HAMD14金标准9视为无法评估且总分已不含该项,0.0682679206826792,0.25240092813148596,FDR不显著,FDR不显著,not_estimable
HAMD-17,PDCH共同24人验证,Qwen3.7-Max,不思考,8,C08：全文｜规整｜逐条评分｜清洗,全文,规整,清洗,4,入睡困难,Spearman秩相关,24,24,24,0,0,3,0,0.39301619601427784,-0.07003361414235507,0.7646806849574251,0.05745194134732129,0.05749425057494251,0.3656034005344641,-0.10520395786401936,0.7451666646704356,0.07893918654485889,0.07949205079492051,-0.027412795479813734,-0.08568823123636538,0.0,0.9302502142206428,exploratory_only,探索性,金标准总分－对应金标准条目分；HAMD14金标准9视为无法评估且总分已不含该项,0.07518478921338635,0.13397178800638454,FDR不显著,FDR不显著,not_estimable
HAMD-17,PDCH共同24人验证,Qwen3.7-Max,不思考,8,C08：全文｜规整｜逐条评分｜清洗,全文,规整,清洗,5,睡眠不深,Spearman秩相关,24,24,24,0,0,3,0,0.2688438127411817,-0.13100752475353636,0.6121343774346193,0.20398024714916585,0.1987801219878012,0.10009481703671361,-0.324482448624195,0.5114198187444259,0.6416759700963967,0.6356364363563644,-0.16874899570446808,-0.35014421167088516,-0.034910562237531736,0.37231586628729957,exploratory_only,探索性,金标准总分－对应金标准条目分；HAMD14金标准9视为无法评估且总分已不含该项,0.2112038796120388,0.6548981465489815,FDR不显著,FDR不显著,not_estimable
HAMD-17,PDCH共同24人验证,Qwen3.7-Max,不思考,8,C08：全文｜规整｜逐条评分｜清洗,全文,规整,清洗,6,早醒,Spearman秩相关,24,24,24,0,0,3,0,0.29160316664095765,-0.16348397295797426,0.6412599202507182,0.1667992542046457,0.16378362163783622,0.3022047627603378,-0.13582789161899175,0.6583872551359148,0.1512092272162172,0.1424857514248575,0.010601596119380163,-0.09219994367278368,0.11670208165420448,1.0363562448292394,exploratory_only,探索性,金标准总分－对应金标准条目分；HAMD14金标准9视为无法评估且总分已不含该项,0.179633649538272,0.18998100189981001,FDR不显著,FDR不显著,not_estimable
HAMD-17,PDCH共同24人验证,Qwen3.7-Max,不思考,8,C08：全文｜规整｜逐条评分｜清洗,全文,规整,清洗,7,工作和活动,Spearman秩相关,24,24,24,0,0,4,0,0.4272816569050968,0.036400951489134525,0.7627838158228476,0.037291794418028566,0.0365963403659634,0.33179588470283244,-0.13333543339675377,0.7236859253780492,0.11320789940700708,0.11428857114288571,-0.09548577220226434,-0.31351640131973435,0.07236114875619588,0.7765273311897107,exploratory_only,探索性,金标准总分－对应金标准条目分；HAMD14金标准9视为无法评估且总分已不含该项,0.05560332855603328,0.1636131123729732,FDR不显著,FDR不显著,not_estimable
HAMD-17,PDCH共同24人验证,Qwen3.7-Max,不思考,8,C08：全文｜规整｜逐条评分｜清洗,全文,规整,清洗,8,迟滞,Spearman秩相关,24,24,24,0,0,3,0,0.5162665791181289,0.13701460794071563,0.8034390765112203,0.009804081584069164,0.0091990800919908,0.45115595875002784,0.016631890226811614,0.8110257584868078,0.026911869148754264,0.026997300269973004,-0.06511062036810106,-0.2620334155942942,0.04623833241566707,0.8738817831684532,exploratory_only,探索性,金标准总分－对应金标准条目分；HAMD14金标准9视为无法评估且总分已不含该项,0.019858331627154745,0.058279886297084575,FDR显著,FDR不显著,not_estimable
HAMD-17,PDCH共同24人验证,Qwen3.7-Max,不思考,8,C08：全文｜规整｜逐条评分｜清洗,全文,规整,清洗,9,激越,Spearman秩相关,24,24,24,0,0,4,0,0.41342488677762107,0.025702436241255504,0.6828396064815709,0.04463218480264541,0.043995600439956005,0.34897808804443103,-0.019625224446275888,0.6492953535289849,0.09464460304836889,0.09309069093090691,-0.06444679873319004,-0.14771715421735337,-0.007642085881482757,0.8441148542471377,exploratory_only,探索性,金标准总分－对应金标准条目分；HAMD14金标准9视为无法评估且总分已不含该项,0.06246875312468753,0.14847817543827013,FDR不显著,FDR不显著,not_estimable
HAMD-17,PDCH共同24人验证,Qwen3.7-Max,不思考,8,C08：全文｜规整｜逐条评分｜清洗,全文,规整,清洗,10,精神性焦虑,Spearman秩相关,24,24,24,0,0,4,0,0.4523235170184646,0.009269309933448844,0.7648877168958939,0.0264710564688336,0.026097390260973904,0.4185251915623465,-0.020497742155717553,0.750036105211905,0.0418091539813907,0.0428957104289571,-0.033798325456118106,-0.13672553803330564,0.04309923140488738,0.9252784253206574,exploratory_only,探索性,金标准总分－对应金标准条目分；HAMD14金标准9视为无法评估且总分已不含该项,0.04328347653039574,0.08216643124419952,FDR显著,FDR不显著,not_estimable
HAMD-17,PDCH共同24人验证,Qwen3.7-Max,不思考,8,C08：全文｜规整｜逐条评分｜清洗,全文,规整,清洗,11,躯体性焦虑,Spearman秩相关,24,24,24,0,0,4,0,0.6327549394029837,0.1832667620429333,0.9163514779098043,0.0009061430789885103,0.0010998900109989002,0.554851907464339,0.09176174936446958,0.8672118769056049,0.004891634956041234,0.0064993500649935,-0.07790303193864467,-0.24163761709652423,0.02220841632576723,0.8768827754831157,exploratory_only,探索性,金标准总分－对应金标准条目分；HAMD14金标准9视为无法评估且总分已不含该项,0.004042838959347308,0.02055608392649107,FDR显著,FDR显著,not_estimable
HAMD-17,PDCH共同24人验证,Qwen3.7-Max,不思考,8,C08：全文｜规整｜逐条评分｜清洗,全文,规整,清洗,12,胃肠道症状,Spearman秩相关,24,24,24,0,0,3,0,0.25573483355098553,-0.13102342297869995,0.5981857204071008,0.22776280729266915,0.22517748225177484,0.12905508314718736,-0.2947722219805287,0.5120448942374364,0.5478339343082336,0.5489451054894511,-0.12667975040379817,-0.30608083596360297,-0.0166951884389263,0.5046441321864658,exploratory_only,探索性,金标准总分－对应金标准条目分；HAMD14金标准9视为无法评估且总分已不含该项,0.2355702891249337,0.5731152075632131,FDR不显著,FDR不显著,not_estimable
HAMD-17,PDCH共同24人验证,Qwen3.7-Max,不思考,8,C08：全文｜规整｜逐条评分｜清洗,全文,规整,清洗,13,全身症状,Spearman秩相关,24,24,24,0,0,3,0,0.6150396789735533,0.2987023818279028,0.8449331243304252,0.0013816526443846812,0.0025997400259974,0.4948870925865358,0.129926013746046,0.7856625728161735,0.013947723545102316,0.015898410158984102,-0.12015258638701748,-0.28910329670360874,-0.018637294107640062,0.8046425450345879,exploratory_only,探索性,金标准总分－对应金标准条目分；HAMD14金标准9视为无法评估且总分已不含该项,0.007365930073659301,0.039806928398069284,FDR显著,FDR显著,not_estimable
HAMD-17,PDCH共同24人验证,Qwen3.7-Max,不思考,8,C08：全文｜规整｜逐条评分｜清洗,全文,规整,清洗,14,性症状,Spearman秩相关,24,14,14,10,10,3,0,0.6573448659016611,0.1809651033522629,0.9128710593250303,0.010629629100919552,0.015598440155984402,0.5914492528411806,0.09388257669835937,0.8665654136541422,0.025895094120461117,0.028597140285971403,-0.06589561306048053,-0.261519805616031,0.0,0.8997548828953074,not_estimable,不可估计,金标准总分－对应金标准条目分；HAMD14金标准9视为无法评估且总分已不含该项,0.029463720294637206,0.06067085599132394,FDR显著,FDR不显著,not_estimable
HAMD-17,PDCH共同24人验证,Qwen3.7-Max,不思考,8,C08：全文｜规整｜逐条评分｜清洗,全文,规整,清洗,15,疑病,Spearman秩相关,24,24,24,0,0,3,0,0.3251384912304158,-0.050797602472349455,0.6370253394788465,0.12107335741768455,0.11798820117988201,0.2348570671631709,-0.19086445813026062,0.5646222461792474,0.26929836716588423,0.26917308269173085,-0.09028142406724493,-0.25486750111156153,0.012168713435817876,0.7223293258033076,exploratory_only,探索性,金标准总分－对应金标准条目分；HAMD14金标准9视为无法评估且总分已不含该项,0.13484365849129373,0.31832642822674256,FDR不显著,FDR不显著,not_estimable
HAMD-17,PDCH共同24人验证,Qwen3.7-Max,不思考,8,C08：全文｜规整｜逐条评分｜清洗,全文,规整,清洗,16,体重减轻,Spearman秩相关,24,24,24,0,0,3,0,0.14675811323203872,-0.30156119528250097,0.5705870298750566,0.49378344390014056,0.49465053494650535,0.12377250027565168,-0.31619868392271727,0.569701122131004,0.564471671933409,0.5520447955204479,-0.02298561295638704,-0.09012399691825114,0.0020189497607182574,0.84337756564065,exploratory_only,探索性,金标准总分－对应金标准条目分；HAMD14金标准9视为无法评估且总分已不含该项,0.5020333787516771,0.5731152075632131,FDR不显著,FDR不显著,not_estimable
HAMD-17,PDCH共同24人验证,Qwen3.7-Max,不思考,8,C08：全文｜规整｜逐条评分｜清洗,全文,规整,清洗,17,自知力,Spearman秩相关,24,24,24,0,0,2,0,0.4204549604022718,-0.04991765990065501,0.7661203072411408,0.040778416746167,0.0372962703729627,0.37307917335873203,-0.13499146041805052,0.7389412063634022,0.07255687168272454,0.07239276072392761,-0.047375787043539785,-0.12966694982471116,0.0,0.8873225636386527,exploratory_only,探索性,金标准总分－对应金标准条目分；HAMD14金标准9视为无法评估且总分已不含该项,0.05573948099695524,0.12462551213233108,FDR不显著,FDR不显著,not_estimable
HAMD-17,PDCH共同24人验证,Qwen3.7-Max,不思考,11,C11：事件序列｜不规整｜逐条评分｜不清洗,事件序列,不规整,不清洗,1,抑郁情绪,Spearman秩相关,24,24,24,0,0,4,4,0.7138340243412663,0.4459352390714466,0.8820981193449654,8.966101951387293e-05,9.999000099990002e-05,0.6158440781234348,0.2660028619834496,0.8422744508122172,0.0013561710531473402,0.0020997900209979003,-0.09798994621783153,-0.24019862384075985,-0.009859601419908432,0.8627272686977092,exploratory_only,探索性,金标准总分－对应金标准条目分；HAMD14金标准9视为无法评估且总分已不含该项,0.0015109600151096002,0.012980520129805202,FDR显著,FDR显著,not_estimable
HAMD-17,PDCH共同24人验证,Qwen3.7-Max,不思考,11,C11：事件序列｜不规整｜逐条评分｜不清洗,事件序列,不规整,不清洗,2,有罪感,Spearman秩相关,24,24,24,0,0,3,4,0.42812830831162124,0.07977839374224713,0.6930608117280042,0.03687635478243108,0.0390960903909609,0.29639498189879093,-0.12249637767621997,0.6139818111465857,0.15961938132750558,0.15858414158584141,-0.1317333264128303,-0.2807559759602937,-0.026798805242281933,0.6923040970303096,exploratory_only,探索性,金标准总分－对应金标准条目分；HAMD14金标准9视为无法评估且总分已不含该项,0.05779422057794221,0.20737926207379262,FDR不显著,FDR不显著,not_estimable
HAMD-17,PDCH共同24人验证,Qwen3.7-Max,不思考,11,C11：事件序列｜不规整｜逐条评分｜不清洗,事件序列,不规整,不清洗,3,自杀,Spearman秩相关,24,24,24,0,0,4,4,0.5821496159757278,0.27996032434548523,0.782434927839959,0.002840431963659468,0.0031996800319968005,0.41757499104380463,0.02713215978172914,0.688992303602961,0.042324152612491124,0.04609539046095391,-0.16457462493192315,-0.3744058366388053,-0.02985501046869123,0.7172984050567768,exploratory_only,探索性,金标准总分－对应金标准条目分；HAMD14金标准9视为无法评估且总分已不含该项,0.008532480085324801,0.08706907087069071,FDR显著,FDR不显著,not_estimable
HAMD-17,PDCH共同24人验证,Qwen3.7-Max,不思考,11,C11：事件序列｜不规整｜逐条评分｜不清洗,事件序列,不规整,不清洗,4,入睡困难,Spearman秩相关,24,24,24,0,0,3,4,0.654041746453315,0.3172975026816596,0.8940863692094244,0.0005269515881075901,0.0006999300069993001,0.6345668083258571,0.3032175322229843,0.8883292225760299,0.0008666229068975578,0.0014998500149985001,-0.01947493812745793,-0.06692815128579618,0.0,0.9702237078396524,exploratory_only,探索性,金标准总分－对应金标准条目分；HAMD14金标准9视为无法评估且总分已不含该项,0.0038076192380761924,0.011332200113322,FDR显著,FDR显著,not_estimable
HAMD-17,PDCH共同24人验证,Qwen3.7-Max,不思考,11,C11：事件序列｜不规整｜逐条评分｜不清洗,事件序列,不规整,不清洗,5,睡眠不深,Spearman秩相关,24,24,24,0,0,3,4,0.3531352209383894,-0.02979427187980496,0.671187707309327,0.0905157806836148,0.09009099090090991,0.21705525391586927,-0.19352824054223203,0.5839089495702274,0.3083000490288226,0.3080691930806919,-0.13607996702252012,-0.3017006695576382,-0.005392673687180814,0.614651954962426,exploratory_only,探索性,金标准总分－对应金标准条目分；HAMD14金标准9视为无法评估且总分已不含该项,0.10747697160108552,0.3462595889171413,FDR不显著,FDR不显著,not_estimable
HAMD-17,PDCH共同24人验证,Qwen3.7-Max,不思考,11,C11：事件序列｜不规整｜逐条评分｜不清洗,事件序列,不规整,不清洗,6,早醒,Spearman秩相关,24,24,24,0,0,3,4,0.4659314726526212,0.04291918383730033,0.7321477190363466,0.021748083243151202,0.0212978702129787,0.43393367613519734,0.025420676005598136,0.7165959548741297,0.034125480645874506,0.0341965803419658,-0.03199779651742385,-0.14040929569220761,0.036373357480789334,0.9313251016608615,exploratory_only,探索性,金标准总分－对应金标准条目分；HAMD14金标准9视为无法评估且总分已不含该项,0.036664687961583585,0.0683931606839316,FDR显著,FDR不显著,not_estimable
HAMD-17,PDCH共同24人验证,Qwen3.7-Max,不思考,11,C11：事件序列｜不规整｜逐条评分｜不清洗,事件序列,不规整,不清洗,7,工作和活动,Spearman秩相关,24,24,24,0,0,5,4,0.7495776874873774,0.48087233006822117,0.908174132608614,2.4857521027674712e-05,9.999000099990002e-05,0.662438436944387,0.3038053529891051,0.8758077944663025,0.00042063877225291177,0.0010998900109989002,-0.08713925054299043,-0.2581988403014514,0.05219083757651607,0.8837488735355963,exploratory_only,探索性,金标准总分－对应金标准条目分；HAMD14金标准9视为无法评估且总分已不含该项,0.0015109600151096002,0.011048895110488951,FDR显著,FDR显著,not_estimable
HAMD-17,PDCH共同24人验证,Qwen3.7-Max,不思考,11,C11：事件序列｜不规整｜逐条评分｜不清洗,事件序列,不规整,不清洗,8,迟滞,Spearman秩相关,24,24,24,0,0,3,4,0.8147283611656513,0.6290579180090164,0.9120651657646285,1.2555887350390914e-06,9.999000099990002e-05,0.7873250163708887,0.5837080053691599,0.9006397683352565,4.991689405273625e-06,9.999000099990002e-05,-0.027403344794762585,-0.15579285624702108,0.05654916262836015,0.9663650535553273,exploratory_only,探索性,金标准总分－对应金标准条目分；HAMD14金标准9视为无法评估且总分已不含该项,0.0015109600151096002,0.0033996600339966003,FDR显著,FDR显著,not_estimable
HAMD-17,PDCH共同24人验证,Qwen3.7-Max,不思考,11,C11：事件序列｜不规整｜逐条评分｜不清洗,事件序列,不规整,不清洗,9,激越,Spearman秩相关,24,24,24,0,0,3,4,0.5010720670612453,0.11981376377109268,0.7596314911522127,0.012623627589237192,0.014798520147985201,0.4746450610667491,0.10435478472140135,0.7388802040690805,0.019099699858573887,0.0207979202079792,-0.02642700599449621,-0.10258870593211482,0.030483402702709415,0.9472590716351664,exploratory_only,探索性,金标准总分－对应金标准条目分；HAMD14金标准9视为无法评估且总分已不含该项,0.02875141057322839,0.04923645566477835,FDR显著,FDR显著,not_estimable
HAMD-17,PDCH共同24人验证,Qwen3.7-Max,不思考,11,C11：事件序列｜不规整｜逐条评分｜不清洗,事件序列,不规整,不清洗,10,精神性焦虑,Spearman秩相关,24,24,24,0,0,4,4,0.6345050931048767,0.26918236209846075,0.8649484555442549,0.0008679442075085292,0.0008999100089991,0.5687541737537976,0.18083563474639874,0.8298928798465042,0.0037301718688087138,0.0035996400359964,-0.06575091935107913,-0.18253441854105376,0.009294274567100616,0.8963744813625771,exploratory_only,探索性,金标准总分－对应金标准条目分；HAMD14金标准9视为无法评估且总分已不含该项,0.004042838959347308,0.014296006296806217,FDR显著,FDR显著,not_estimable
HAMD-17,PDCH共同24人验证,Qwen3.7-Max,不思考,11,C11：事件序列｜不规整｜逐条评分｜不清洗,事件序列,不规整,不清洗,11,躯体性焦虑,Spearman秩相关,24,24,24,0,0,4,4,0.6798593825346261,0.3767426692956051,0.8756922313381421,0.0002576431205164126,0.0005999400059994001,0.6251475887935383,0.2671164322365542,0.8390479105749851,0.0010894653704185667,0.0022997700229977,-0.05471179374108781,-0.18605775646769182,0.05262191357529047,0.9195248383024246,exploratory_only,探索性,金标准总分－对应金标准条目分；HAMD14金标准9视为无法评估且总分已不含该项,0.0038076192380761924,0.013094986797616535,FDR显著,FDR显著,not_estimable
HAMD-17,PDCH共同24人验证,Qwen3.7-Max,不思考,11,C11：事件序列｜不规整｜逐条评分｜不清洗,事件序列,不规整,不清洗,12,胃肠道症状,Spearman秩相关,24,24,24,0,0,3,4,0.4250116153791958,0.06062174162053695,0.7159465485355974,0.03842395933748654,0.04079592040795921,0.2578723037723615,-0.17434735978310714,0.6469567376170547,0.2237649370604399,0.21797820217978203,-0.16713931160683432,-0.36848896046587465,-0.030226053967537782,0.6067417793800471,exploratory_only,探索性,金标准总分－对应金标准条目分；HAMD14金标准9视为无法评估且总分已不含该项,0.059658550274004865,0.27449106941157736,FDR不显著,FDR不显著,not_estimable
HAMD-17,PDCH共同24人验证,Qwen3.7-Max,不思考,11,C11：事件序列｜不规整｜逐条评分｜不清洗,事件序列,不规整,不清洗,13,全身症状,Spearman秩相关,24,24,24,0,0,3,4,0.6672553349196981,0.3958019549989751,0.8392737868337969,0.00036847602454160027,0.0010998900109989002,0.5559233513956142,0.19670620641017406,0.7917253151608221,0.004792461960780157,0.005099490050994901,-0.11133198352408391,-0.3074710427278493,0.0004344990465388829,0.833149354231117,exploratory_only,探索性,金标准总分－对应金标准条目分；HAMD14金标准9视为无法评估且总分已不含该项,0.004042838959347308,0.017247055782226656,FDR显著,FDR显著,not_estimable
HAMD-17,PDCH共同24人验证,Qwen3.7-Max,不思考,11,C11：事件序列｜不规整｜逐条评分｜不清洗,事件序列,不规整,不清洗,14,性症状,Spearman秩相关,24,17,17,7,7,3,4,0.5706775603147464,0.06477027067413105,0.8824062020315309,0.016740236947580894,0.019998000199980003,0.5092372437613746,-0.029323111483503937,0.8530176523896202,0.03681225136036763,0.0375962403759624,-0.06144031655337179,-0.2028480877539684,0.0,0.8923379490872472,not_estimable,不可估计,金标准总分－对应金标准条目分；HAMD14金标准9视为无法评估且总分已不含该项,0.03532114321035429,0.07304412415901267,FDR显著,FDR不显著,not_estimable
HAMD-17,PDCH共同24人验证,Qwen3.7-Max,不思考,11,C11：事件序列｜不规整｜逐条评分｜不清洗,事件序列,不规整,不清洗,15,疑病,Spearman秩相关,24,24,24,0,0,3,4,0.3490671796665136,-0.10768147287467535,0.7048751667981835,0.09455467274570478,0.0917908209179082,0.23232971140920985,-0.253892102601763,0.6138446426787885,0.27463413790108704,0.2806719328067193,-0.11673746825730377,-0.2678890318086892,-0.02047393433222865,0.6655730614123315,exploratory_only,探索性,金标准总分－对应金标准条目分；HAMD14金标准9视为无法评估且总分已不含该项,0.1085526229985697,0.3185481451854814,FDR不显著,FDR不显著,not_estimable
HAMD-17,PDCH共同24人验证,Qwen3.7-Max,不思考,11,C11：事件序列｜不规整｜逐条评分｜不清洗,事件序列,不规整,不清洗,16,体重减轻,Spearman秩相关,24,24,24,0,0,3,4,0.42917090019340853,-0.07973317759431016,0.7579362210174795,0.03636981178040421,0.03569643035696431,0.38818495460813107,-0.13076991099294177,0.7137422601708153,0.06086656977590244,0.06329367063293671,-0.04098594558527746,-0.14936455969331586,0.0006975097137432995,0.9044997096336054,exploratory_only,探索性,金标准总分－对应金标准条目分；HAMD14金标准9视为无法评估且总分已不含该项,0.05516721055167211,0.11035819494973581,FDR不显著,FDR不显著,not_estimable
HAMD-17,PDCH共同24人验证,Qwen3.7-Max,不思考,11,C11：事件序列｜不规整｜逐条评分｜不清洗,事件序列,不规整,不清洗,17,自知力,Spearman秩相关,24,24,24,0,0,2,4,0.3662856731381801,-0.1145481694876886,0.6917584989071478,0.07833970011603036,0.08189181081891811,0.34126421963873355,-0.2005000664737035,0.6805562548145732,0.10267521896419332,0.10358964103589641,-0.025021453499446566,-0.11993912494891752,0.035511391925432415,0.9316886918205853,exploratory_only,探索性,金标准总分－对应金标准条目分；HAMD14金标准9视为无法评估且总分已不含该项,0.09944005599440056,0.1544628145881064,FDR不显著,FDR不显著,not_estimable
HAMD-17,PDCH共同24人验证,Qwen3.7-Max,不思考,12,C12：事件序列｜不规整｜逐条评分｜清洗,事件序列,不规整,清洗,1,抑郁情绪,Spearman秩相关,24,24,24,0,0,4,3,0.6527684455511892,0.3492600772837719,0.8427108975123259,0.0005449475943178777,0.0006999300069993001,0.5952180665855221,0.2496193110815233,0.822880211177685,0.0021527585749131703,0.0024997500249975004,-0.05755037896566706,-0.16472880415864222,0.01512715381327538,0.9118364569275829,exploratory_only,探索性,金标准总分－对应金标准条目分；HAMD14金标准9视为无法评估且总分已不含该项,0.0038076192380761924,0.013094986797616535,FDR显著,FDR显著,not_estimable
HAMD-17,PDCH共同24人验证,Qwen3.7-Max,不思考,12,C12：事件序列｜不规整｜逐条评分｜清洗,事件序列,不规整,清洗,2,有罪感,Spearman秩相关,24,24,24,0,0,3,3,0.40325895604456585,0.061560621547492714,0.6650481314896247,0.05070333400193731,0.055094490550944904,0.23543001942969394,-0.18086167229017458,0.5619665498411206,0.26809801113767207,0.26587341265873415,-0.16782893661487192,-0.35018626809829695,-0.041381669998599824,0.5838184518924251,exploratory_only,探索性,金标准总分－对应金标准条目分；HAMD14金标准9视为无法评估且总分已不含该项,0.07345932073459321,0.31832642822674256,FDR不显著,FDR不显著,not_estimable
HAMD-17,PDCH共同24人验证,Qwen3.7-Max,不思考,12,C12：事件序列｜不规整｜逐条评分｜清洗,事件序列,不规整,清洗,3,自杀,Spearman秩相关,24,24,24,0,0,4,3,0.4713637175724781,0.11301338331634221,0.7467288490631654,0.020064419320284025,0.022897710228977103,0.33360480046100704,-0.063148837581144,0.6445647585165589,0.11113693784188745,0.1080891910808919,-0.13775891711147104,-0.3400651677146877,-0.012963989031431445,0.7077439099026774,exploratory_only,探索性,金标准总分－对应金标准条目分；HAMD14金标准9视为无法评估且总分已不含该项,0.038926107389261076,0.1563843615638436,FDR显著,FDR不显著,not_estimable
HAMD-17,PDCH共同24人验证,Qwen3.7-Max,不思考,12,C12：事件序列｜不规整｜逐条评分｜清洗,事件序列,不规整,清洗,4,入睡困难,Spearman秩相关,24,24,24,0,0,3,3,0.6086884866627567,0.26195574649973297,0.8513976376496739,0.0015976376826139168,0.0021997800219978004,0.5801549120120943,0.19846520363443398,0.8361552976766424,0.0029602198311575907,0.003999600039996,-0.028533574650662308,-0.09081935997713125,0.0,0.9531228612403978,exploratory_only,探索性,金标准总分－对应金标准条目分；HAMD14金标准9视为无法评估且总分已不含该项,0.006648224066482241,0.014296006296806217,FDR显著,FDR显著,not_estimable
HAMD-17,PDCH共同24人验证,Qwen3.7-Max,不思考,12,C12：事件序列｜不规整｜逐条评分｜清洗,事件序列,不规整,清洗,5,睡眠不深,Spearman秩相关,24,24,24,0,0,3,3,0.2725148263581304,-0.16249134307700555,0.6484968344650933,0.19763350203522,0.1972802719728027,0.13444666108850165,-0.31722985596827813,0.5734799982787249,0.5310891925459578,0.5285471452854714,-0.13806816526962876,-0.279662075125393,-0.010319480763126014,0.4933553997235221,exploratory_only,探索性,金标准总分－对应金标准条目分；HAMD14金标准9视为无法评估且总分已不含该项,0.2112038796120388,0.5572279981304196,FDR不显著,FDR不显著,not_estimable
HAMD-17,PDCH共同24人验证,Qwen3.7-Max,不思考,12,C12：事件序列｜不规整｜逐条评分｜清洗,事件序列,不规整,清洗,6,早醒,Spearman秩相关,24,24,24,0,0,3,3,0.5306683315328632,0.16294582965746782,0.7710122010790423,0.007633933316022591,0.007399260073992601,0.519586615697506,0.15558760550504544,0.7748592969601622,0.009263288987315068,0.010198980101989802,-0.01108171583535722,-0.11854179219376791,0.08727021800513664,0.9791174351720836,exploratory_only,探索性,金标准总分－对应金标准条目分；HAMD14金标准9视为无法评估且总分已不含该项,0.017286406952525087,0.028307373344298226,FDR显著,FDR显著,not_estimable
HAMD-17,PDCH共同24人验证,Qwen3.7-Max,不思考,12,C12：事件序列｜不规整｜逐条评分｜清洗,事件序列,不规整,清洗,7,工作和活动,Spearman秩相关,24,24,24,0,0,5,3,0.7614360494750562,0.49767287180841446,0.9146993261191917,1.548949182828743e-05,9.999000099990002e-05,0.6925226978163344,0.3659390810031813,0.8826277234812302,0.00017670908301765527,9.999000099990002e-05,-0.06891335165872181,-0.2398907997117978,0.05485086051950525,0.9094955489614241,exploratory_only,探索性,金标准总分－对应金标准条目分；HAMD14金标准9视为无法评估且总分已不含该项,0.0015109600151096002,0.0033996600339966003,FDR显著,FDR显著,not_estimable
HAMD-17,PDCH共同24人验证,Qwen3.7-Max,不思考,12,C12：事件序列｜不规整｜逐条评分｜清洗,事件序列,不规整,清洗,8,迟滞,Spearman秩相关,24,24,24,0,0,3,3,0.733533746523553,0.4634766857712396,0.8900670058921945,4.531730228995953e-05,0.00029997000299970003,0.6961123261761595,0.3990501310290095,0.866845772109131,0.00015825625879911995,0.00029997000299970003,-0.037421420347393486,-0.18734365369395622,0.046698492484614745,0.9489847324342672,exploratory_only,探索性,金标准总分－对应金标准条目分；HAMD14金标准9视为无法评估且总分已不含该项,0.0023997600239976003,0.00815918408159184,FDR显著,FDR显著,not_estimable
HAMD-17,PDCH共同24人验证,Qwen3.7-Max,不思考,12,C12：事件序列｜不规整｜逐条评分｜清洗,事件序列,不规整,清洗,9,激越,Spearman秩相关,24,24,24,0,0,3,3,0.5456941601117983,0.1949642413489097,0.7733057931392296,0.005811818591583705,0.007699230076992301,0.5395295099157205,0.16805898741904293,0.7657499956327845,0.006509519188911618,0.007799220077992201,-0.006164650196077814,-0.06273302571289303,0.052831664767527285,0.9887031039606236,exploratory_only,探索性,金标准总分－对应金标准条目分；HAMD14金标准9视为无法评估且总分已不含该项,0.01738842509191704,0.02305856370884651,FDR显著,FDR显著,not_estimable
HAMD-17,PDCH共同24人验证,Qwen3.7-Max,不思考,12,C12：事件序列｜不规整｜逐条评分｜清洗,事件序列,不规整,清洗,10,精神性焦虑,Spearman秩相关,24,24,24,0,0,4,3,0.6150934950969107,0.22282541119239216,0.8721125693933846,0.0013799351679494077,0.0018998100189981002,0.581395922092517,0.17440104089885028,0.8499074333284813,0.002885201179382837,0.0031996800319968005,-0.03369757300439369,-0.13100254919138857,0.04510635820580698,0.9452155269515824,exploratory_only,探索性,金标准总分－对应金标准条目分；HAMD14金标准9视为无法评估且总分已不含该项,0.006151765775803372,0.014037305946824672,FDR显著,FDR显著,not_estimable
HAMD-17,PDCH共同24人验证,Qwen3.7-Max,不思考,12,C12：事件序列｜不规整｜逐条评分｜清洗,事件序列,不规整,清洗,11,躯体性焦虑,Spearman秩相关,24,24,24,0,0,4,3,0.6939930050884627,0.38565070801776696,0.8777221035690924,0.00016893560896705042,0.00019998000199980003,0.6403966178503644,0.3112733954065078,0.8485161544379567,0.0007493573055548739,0.000999900009999,-0.05359638723809834,-0.1828261336361917,0.04938366052931887,0.9227709979133486,exploratory_only,探索性,金标准总分－对应金标准条目分；HAMD14金标准9视为无法评估且总分已不含该项,0.001942662876569486,0.011048895110488951,FDR显著,FDR显著,not_estimable
HAMD-17,PDCH共同24人验证,Qwen3.7-Max,不思考,12,C12：事件序列｜不规整｜逐条评分｜清洗,事件序列,不规整,清洗,12,胃肠道症状,Spearman秩相关,24,24,24,0,0,3,3,0.32848863441207543,-0.051657688297528016,0.6526540889114213,0.11706709732958076,0.12198780121987801,0.1728510925890332,-0.25420195314863914,0.570819276950588,0.41926577067317816,0.41875812418758124,-0.15563754182304224,-0.33879152305399857,-0.034326394628060856,0.5262011359948565,exploratory_only,探索性,金标准总分－对应金标准条目分；HAMD14金标准9视为无法评估且总分已不含该项,0.1382528413825284,0.4519928959485004,FDR不显著,FDR不显著,not_estimable
HAMD-17,PDCH共同24人验证,Qwen3.7-Max,不思考,12,C12：事件序列｜不规整｜逐条评分｜清洗,事件序列,不规整,清洗,13,全身症状,Spearman秩相关,24,24,24,0,0,3,3,0.6481939779588001,0.340061666967439,0.8242387030744784,0.0006140558245359414,0.0010998900109989002,0.5123630129912754,0.1108086693006589,0.77328919566026,0.010473088957772917,0.0096990300969903,-0.13583096496752467,-0.3393025016246881,-0.024502478782389422,0.7904470427274499,exploratory_only,探索性,金标准总分－对应金标准条目分；HAMD14金标准9视为无法评估且总分已不含该项,0.004042838959347308,0.028065278578525126,FDR显著,FDR显著,not_estimable
HAMD-17,PDCH共同24人验证,Qwen3.7-Max,不思考,12,C12：事件序列｜不规整｜逐条评分｜清洗,事件序列,不规整,清洗,14,性症状,Spearman秩相关,24,17,17,7,7,3,3,0.5706775603147464,0.07286459260003521,0.8760117151323196,0.016740236947580894,0.019698030196980302,0.5092372437613746,-0.019930921847456526,0.8550863976602038,0.03681225136036763,0.036096390360963904,-0.06144031655337179,-0.19987768870442724,0.0,0.8923379490872472,not_estimable,不可估计,金标准总分－对应金标准条目分；HAMD14金标准9视为无法评估且总分已不含该项,0.03524910666828054,0.07114650853755204,FDR显著,FDR不显著,not_estimable
HAMD-17,PDCH共同24人验证,Qwen3.7-Max,不思考,12,C12：事件序列｜不规整｜逐条评分｜清洗,事件序列,不规整,清洗,15,疑病,Spearman秩相关,24,24,24,0,0,3,3,0.3490671796665136,-0.0893056609148851,0.7017769480181197,0.09455467274570478,0.09959004099590041,0.23232971140920985,-0.24499828360704076,0.621747294285002,0.27463413790108704,0.2746725327467253,-0.11673746825730377,-0.27438616065949484,-0.019866939523929518,0.6655730614123315,exploratory_only,探索性,金标准总分－对应金标准条目分；HAMD14金标准9视为无法评估且总分已不含该项,0.11478174216476658,0.3185481451854814,FDR不显著,FDR不显著,not_estimable
HAMD-17,PDCH共同24人验证,Qwen3.7-Max,不思考,12,C12：事件序列｜不规整｜逐条评分｜清洗,事件序列,不规整,清洗,16,体重减轻,Spearman秩相关,24,24,24,0,0,3,3,0.40665877508452936,-0.0650965663847801,0.736912790514581,0.04860539730595274,0.050794920507949204,0.36831763555399727,-0.09389520999892907,0.7085305118475705,0.07657469037600717,0.08199180081991801,-0.03834113953053209,-0.12741738113400058,0.0005664355611077546,0.9057166797333652,exploratory_only,探索性,金标准总分－对应金标准条目分；HAMD14金标准9视为无法评估且总分已不含该项,0.06908109189081092,0.13598640135986403,FDR不显著,FDR不显著,not_estimable
HAMD-17,PDCH共同24人验证,Qwen3.7-Max,不思考,12,C12：事件序列｜不规整｜逐条评分｜清洗,事件序列,不规整,清洗,17,自知力,Spearman秩相关,24,24,24,0,0,2,3,0.3662856731381801,-0.10702102870226403,0.6748717418077651,0.07833970011603036,0.08359164083591641,0.34126421963873355,-0.18697496977504524,0.6957195706342325,0.10267521896419332,0.1040895910408959,-0.025021453499446566,-0.11659916650938709,0.03397218653509269,0.9316886918205853,exploratory_only,探索性,金标准总分－对应金标准条目分；HAMD14金标准9视为无法评估且总分已不含该项,0.10060586861667817,0.1544628145881064,FDR不显著,FDR不显著,not_estimable
HAMD-17,PDCH共同24人验证,Qwen3.7-Max,不思考,15,C15：事件序列｜规整｜逐条评分｜不清洗,事件序列,规整,不清洗,1,抑郁情绪,Spearman秩相关,24,24,24,0,0,4,2,0.5451849068815497,0.16236904139605166,0.8061966854255523,0.0058669741653808545,0.0066993300669933005,0.40179323536138134,-0.02576826947399562,0.7312616276342058,0.05162924740525163,0.0491950804919508,-0.1433916715201684,-0.3012606658957074,-0.028271879771069233,0.7369852508566922,exploratory_only,探索性,金标准总分－对应金标准条目分；HAMD14金标准9视为无法评估且总分已不含该项,0.016269801591269444,0.08938839449388394,FDR显著,FDR不显著,not_estimable
HAMD-17,PDCH共同24人验证,Qwen3.7-Max,不思考,15,C15：事件序列｜规整｜逐条评分｜不清洗,事件序列,规整,不清洗,2,有罪感,Spearman秩相关,24,24,24,0,0,4,2,0.40313310355127774,0.03373451846825663,0.7029614817921256,0.05078232548754177,0.049595040495950406,0.31137903949974766,-0.10582167614304355,0.664691317197365,0.1385758446061172,0.1357864213578642,-0.09175406405153008,-0.2235573354790543,0.022052407703590907,0.7723975946325153,exploratory_only,探索性,金标准总分－对应金标准条目分；HAMD14金标准9视为无法评估且总分已不含该项,0.0682679206826792,0.1828411218284112,FDR不显著,FDR不显著,not_estimable
HAMD-17,PDCH共同24人验证,Qwen3.7-Max,不思考,15,C15：事件序列｜规整｜逐条评分｜不清洗,事件序列,规整,不清洗,3,自杀,Spearman秩相关,24,24,24,0,0,4,2,0.5261009913835345,0.18619365341642494,0.7759418774957162,0.008273888782941193,0.0100989901009899,0.3243838430809329,-0.10569788390691094,0.677273125860518,0.12198939374938357,0.125987401259874,-0.20171714830260162,-0.4164561108272906,-0.04836383748870522,0.616580938629049,exploratory_only,探索性,金标准总分－对应金标准条目分；HAMD14金标准9视为无法评估且总分已不含该项,0.02146035396460354,0.17748328259957513,FDR显著,FDR不显著,not_estimable
HAMD-17,PDCH共同24人验证,Qwen3.7-Max,不思考,15,C15：事件序列｜规整｜逐条评分｜不清洗,事件序列,规整,不清洗,4,入睡困难,Spearman秩相关,24,24,24,0,0,3,2,0.6086884866627567,0.23911587615371652,0.861273298386448,0.0015976376826139168,0.0026997300269973002,0.5801549120120943,0.20383530512893,0.8402564122085476,0.0029602198311575907,0.0028997100289971,-0.028533574650662308,-0.09035825863450411,0.0,0.9531228612403978,exploratory_only,探索性,金标准总分－对应金标准条目分；HAMD14金标准9视为无法评估且总分已不含该项,0.007493128238196588,0.013598640135986401,FDR显著,FDR显著,not_estimable
HAMD-17,PDCH共同24人验证,Qwen3.7-Max,不思考,15,C15：事件序列｜规整｜逐条评分｜不清洗,事件序列,规整,不清洗,5,睡眠不深,Spearman秩相关,24,24,24,0,0,3,2,0.2950209847442456,-0.12044053385484026,0.6389353693103269,0.16165550104994691,0.15728427157284272,0.14012036979716994,-0.2931630192218171,0.5345321581423277,0.5137333537950021,0.5111488851114888,-0.15490061494707566,-0.29098312192872416,-0.05204601859327701,0.47495051892203743,exploratory_only,探索性,金标准总分－对应金标准条目分；HAMD14金标准9视为无法评估且总分已不含该项,0.17390781247078543,0.5430956904309568,FDR不显著,FDR不显著,not_estimable
HAMD-17,PDCH共同24人验证,Qwen3.7-Max,不思考,15,C15：事件序列｜规整｜逐条评分｜不清洗,事件序列,规整,不清洗,6,早醒,Spearman秩相关,24,24,24,0,0,3,2,0.5006591883697155,0.16345457044705913,0.7551366028960536,0.012708669637856176,0.013298670132986702,0.45658647039243583,0.09022588655005234,0.7355829576985393,0.024910542078264618,0.026197380261973803,-0.04407271797727963,-0.15691262220107768,0.05563516385044249,0.9119706199325083,exploratory_only,探索性,金标准总分－对应金标准条目分；HAMD14金标准9视为无法评估且总分已不含该项,0.0274033202740332,0.057465221219813505,FDR显著,FDR不显著,not_estimable
HAMD-17,PDCH共同24人验证,Qwen3.7-Max,不思考,15,C15：事件序列｜规整｜逐条评分｜不清洗,事件序列,规整,不清洗,7,工作和活动,Spearman秩相关,24,24,24,0,0,5,2,0.5768386451957918,0.20304027766364352,0.835065739803798,0.0031688425278211035,0.004199580041995801,0.45776541134613163,0.028503967828043802,0.7992568427061567,0.024492304376607106,0.026097390260973904,-0.11907323384966012,-0.29709081233570694,0.0277994359313233,0.7935761848805327,exploratory_only,探索性,金标准总分－对应金标准条目分；HAMD14金标准9视为无法评估且总分已不含该项,0.010983517032912095,0.057465221219813505,FDR显著,FDR不显著,not_estimable
HAMD-17,PDCH共同24人验证,Qwen3.7-Max,不思考,15,C15：事件序列｜规整｜逐条评分｜不清洗,事件序列,规整,不清洗,8,迟滞,Spearman秩相关,24,24,24,0,0,3,2,0.6505098491276649,0.3649923547454862,0.8220354211161706,0.0005781784185875378,0.0010998900109989002,0.5967351495631812,0.2291974065299626,0.8237135678452447,0.002083004576849418,0.0040995900409959,-0.05377469956448366,-0.2249616758753198,0.06587042171069092,0.9173345343862269,exploratory_only,探索性,金标准总分－对应金标准条目分；HAMD14金标准9视为无法评估且总分已不含该项,0.004042838959347308,0.014296006296806217,FDR显著,FDR显著,not_estimable
HAMD-17,PDCH共同24人验证,Qwen3.7-Max,不思考,15,C15：事件序列｜规整｜逐条评分｜不清洗,事件序列,规整,不清洗,9,激越,Spearman秩相关,24,24,24,0,0,3,2,0.6674090230231638,0.36743881014968216,0.8531699528533855,0.0003669085963741087,0.0010998900109989002,0.6416459822065275,0.328358690483648,0.8414955023083764,0.0007260899454770896,0.0010998900109989002,-0.025763040816636384,-0.09142450891353197,0.02253603009964533,0.9613984229641704,exploratory_only,探索性,金标准总分－对应金标准条目分；HAMD14金标准9视为无法评估且总分已不含该项,0.004042838959347308,0.011048895110488951,FDR显著,FDR显著,not_estimable
HAMD-17,PDCH共同24人验证,Qwen3.7-Max,不思考,15,C15：事件序列｜规整｜逐条评分｜不清洗,事件序列,规整,不清洗,10,精神性焦虑,Spearman秩相关,24,24,24,0,0,4,2,0.6567205395374233,0.307353862764347,0.8876520326965814,0.0004907619152367934,0.0010998900109989002,0.5986238001350668,0.21345779571646054,0.8696250357484298,0.0019988638841584253,0.0024997500249975004,-0.05809673940235649,-0.16287903644899923,0.0001535983884746906,0.9115350656714981,exploratory_only,探索性,金标准总分－对应金标准条目分；HAMD14金标准9视为无法评估且总分已不含该项,0.004042838959347308,0.013094986797616535,FDR显著,FDR显著,not_estimable
HAMD-17,PDCH共同24人验证,Qwen3.7-Max,不思考,15,C15：事件序列｜规整｜逐条评分｜不清洗,事件序列,规整,不清洗,11,躯体性焦虑,Spearman秩相关,24,24,24,0,0,4,2,0.7156055823856262,0.4254845169274208,0.896821033103573,8.451747470764333e-05,9.999000099990002e-05,0.6201012061535561,0.2711622359843577,0.8561326358989672,0.0012279089316462957,0.0011998800119988001,-0.09550437623207009,-0.24261004422195703,-0.006720733791761178,0.8665404818200474,exploratory_only,探索性,金标准总分－对应金标准条目分；HAMD14金标准9视为无法评估且总分已不含该项,0.0015109600151096002,0.011048895110488951,FDR显著,FDR显著,not_estimable
HAMD-17,PDCH共同24人验证,Qwen3.7-Max,不思考,15,C15：事件序列｜规整｜逐条评分｜不清洗,事件序列,规整,不清洗,12,胃肠道症状,Spearman秩相关,24,24,24,0,0,3,2,0.37289235866854814,-0.03183099164163355,0.6911054893441175,0.07271141966259331,0.0736926307369263,0.2306921596324522,-0.23068438045230577,0.6202263512923735,0.27812692921549687,0.2635736426357364,-0.14220019903609593,-0.2936603786364569,-0.023407941998376463,0.6186561732081696,exploratory_only,探索性,金标准总分－对应金标准条目分；HAMD14金标准9视为无法评估且总分已不含该项,0.09279812759464795,0.31832642822674256,FDR不显著,FDR不显著,not_estimable
HAMD-17,PDCH共同24人验证,Qwen3.7-Max,不思考,15,C15：事件序列｜规整｜逐条评分｜不清洗,事件序列,规整,不清洗,13,全身症状,Spearman秩相关,24,24,24,0,0,3,2,0.5991404319700075,0.2478831545118102,0.8252724724960858,0.0019763585655347693,0.0023997600239976003,0.46011463198655606,0.02268844527615354,0.7707184167850392,0.02367575988979006,0.0230976902309769,-0.1390257999834515,-0.33443915425660053,-0.017874662364318478,0.7679579067526342,exploratory_only,探索性,金标准总分－对应金标准条目分；HAMD14金标准9视为无法评估且总分已不含该项,0.00709494267964508,0.05235476452354764,FDR显著,FDR不显著,not_estimable
HAMD-17,PDCH共同24人验证,Qwen3.7-Max,不思考,15,C15：事件序列｜规整｜逐条评分｜不清洗,事件序列,规整,不清洗,14,性症状,Spearman秩相关,24,20,20,4,4,3,2,0.4987820408477189,0.09545562001068483,0.8059775621882788,0.025179282119687407,0.027597240275972403,0.44043411743178584,-0.01817654190144235,0.7871115962847459,0.0519513102787373,0.04789521047895211,-0.058347923415933034,-0.19154996074395475,0.0,0.8830191974900174,exploratory_only,探索性,金标准总分－对应金标准条目分；HAMD14金标准9视为无法评估且总分已不含该项,0.04521957442809936,0.08922943322106146,FDR显著,FDR不显著,not_estimable
HAMD-17,PDCH共同24人验证,Qwen3.7-Max,不思考,15,C15：事件序列｜规整｜逐条评分｜不清洗,事件序列,规整,不清洗,15,疑病,Spearman秩相关,24,24,24,0,0,3,2,0.4735733229256971,0.09359378083823991,0.7278152122363083,0.01941055726811988,0.0174982501749825,0.3461766565766324,-0.08372172994113224,0.6715509367604048,0.09750502396737143,0.09779022097790221,-0.1273966663490647,-0.29497237756941347,-0.016273366775072854,0.7309885076253482,exploratory_only,探索性,金标准总分－对应金标准条目分；HAMD14金标准9视为无法评估且总分已不含该项,0.03259947977804959,0.1528674718735023,FDR显著,FDR不显著,not_estimable
HAMD-17,PDCH共同24人验证,Qwen3.7-Max,不思考,15,C15：事件序列｜规整｜逐条评分｜不清洗,事件序列,规整,不清洗,16,体重减轻,Spearman秩相关,24,24,24,0,0,3,2,0.2891109339418873,-0.16622593019878038,0.6426465915446171,0.17062138945300376,0.1718828117188281,0.24469112781894858,-0.23150735351216098,0.6051082535858734,0.2491700871954603,0.2415758424157584,-0.04441980612293872,-0.15430332508068983,0.0,0.8463572251754846,exploratory_only,探索性,金标准总分－对应金标准条目分；HAMD14金标准9视为无法评估且总分已不含该项,0.1855243047123859,0.2986755869867559,FDR不显著,FDR不显著,not_estimable
HAMD-17,PDCH共同24人验证,Qwen3.7-Max,不思考,15,C15：事件序列｜规整｜逐条评分｜不清洗,事件序列,规整,不清洗,17,自知力,Spearman秩相关,24,24,24,0,0,2,2,0.04386150885648655,-0.3870786635973995,0.4446179811947418,0.8387417263388681,0.8506149385061493,0.012509777084013358,-0.4224635606826211,0.41193867608118934,0.9537362330998053,0.965003499650035,-0.03135173177247319,-0.09482160364580651,6.101251337074081e-05,0.2852108240267098,exploratory_only,探索性,金标准总分－对应金标准条目分；HAMD14金标准9视为无法评估且总分已不含该项,0.8506149385061493,0.9656034396560343,FDR不显著,FDR不显著,not_estimable
HAMD-17,PDCH共同24人验证,Qwen3.7-Max,不思考,16,C16：事件序列｜规整｜逐条评分｜清洗,事件序列,规整,清洗,1,抑郁情绪,Spearman秩相关,24,24,24,0,0,4,1,0.5860826729452382,0.24321824859773625,0.8218351742244131,0.002616245338307947,0.0029997000299970002,0.4396987382302518,0.027987080857608163,0.7572072636680985,0.031557546923665705,0.0326967303269673,-0.1463839347149864,-0.2854140193592636,-0.039244239313121536,0.7502333007400407,exploratory_only,探索性,金标准总分－对应金标准条目分；HAMD14金标准9视为无法评估且总分已不含该项,0.00815918408159184,0.0663694824547396,FDR显著,FDR不显著,not_estimable
HAMD-17,PDCH共同24人验证,Qwen3.7-Max,不思考,16,C16：事件序列｜规整｜逐条评分｜清洗,事件序列,规整,清洗,2,有罪感,Spearman秩相关,24,24,24,0,0,4,1,0.4182004796194518,0.06391385397314368,0.7164446176518516,0.04198458696214008,0.04409559044095591,0.31650981206033596,-0.10805228690519442,0.6701521249938677,0.13184958123036236,0.12658734126587343,-0.10169066755911582,-0.2305190349097891,0.024419182249892542,0.7568375157014385,exploratory_only,探索性,金标准总分－对应金标准条目分；HAMD14金标准9视为无法评估且总分已不含该项,0.06246875312468753,0.17748328259957513,FDR不显著,FDR不显著,not_estimable
HAMD-17,PDCH共同24人验证,Qwen3.7-Max,不思考,16,C16：事件序列｜规整｜逐条评分｜清洗,事件序列,规整,清洗,3,自杀,Spearman秩相关,24,24,24,0,0,4,1,0.5119355113323363,0.17197687723286856,0.7830155941524114,0.010548593399650662,0.014298570142985701,0.3166909009965614,-0.10372818080063659,0.6492023004849687,0.1316165591764479,0.1287871212878712,-0.1952446103357749,-0.41296020156803265,-0.04798287552942355,0.6186148332870256,exploratory_only,探索性,金标准总分－对应金标准条目分；HAMD14金标准9视为无法评估且总分已不含该项,0.028379770718580315,0.1787249846443927,FDR显著,FDR不显著,not_estimable
HAMD-17,PDCH共同24人验证,Qwen3.7-Max,不思考,16,C16：事件序列｜规整｜逐条评分｜清洗,事件序列,规整,清洗,4,入睡困难,Spearman秩相关,24,24,24,0,0,3,1,0.6086884866627567,0.24381874124310438,0.8558418801092263,0.0015976376826139168,0.001999800019998,0.5801549120120943,0.21519903344587912,0.8432684367599801,0.0029602198311575907,0.0037996200379962005,-0.028533574650662308,-0.09003583329650718,0.0,0.9531228612403978,exploratory_only,探索性,金标准总分－对应金标准条目分；HAMD14金标准9视为无法评估且总分已不含该项,0.006324948900458791,0.014296006296806217,FDR显著,FDR显著,not_estimable
HAMD-17,PDCH共同24人验证,Qwen3.7-Max,不思考,16,C16：事件序列｜规整｜逐条评分｜清洗,事件序列,规整,清洗,5,睡眠不深,Spearman秩相关,24,24,24,0,0,3,1,0.4456085069876962,0.05468153471573455,0.7413564787063605,0.02908744892080444,0.029697030296970302,0.3045830785206139,-0.13222805362232098,0.6410380566765919,0.14785865626541814,0.14408559144085592,-0.14102542846708233,-0.25853007046974796,-0.0471178348503326,0.6835216871858862,exploratory_only,探索性,金标准总分－对应金标准条目分；HAMD14金标准9视为无法评估且总分已不含该项,0.04751524847515249,0.1902489362714214,FDR显著,FDR不显著,not_estimable
HAMD-17,PDCH共同24人验证,Qwen3.7-Max,不思考,16,C16：事件序列｜规整｜逐条评分｜清洗,事件序列,规整,清洗,6,早醒,Spearman秩相关,24,24,24,0,0,3,1,0.50645520232786,0.16780249990259088,0.7617128024598778,0.011557014643482466,0.0143985601439856,0.45182962573950797,0.06587500616087705,0.7388482214882998,0.026656812782309774,0.028997100289971003,-0.05462557658835204,-0.17486736927776186,0.04679334286938651,0.8921413456959822,exploratory_only,探索性,金标准总分－对应金标准条目分；HAMD14金标准9视为无法评估且总分已不含该项,0.028379770718580315,0.06067085599132394,FDR显著,FDR不显著,not_estimable
HAMD-17,PDCH共同24人验证,Qwen3.7-Max,不思考,16,C16：事件序列｜规整｜逐条评分｜清洗,事件序列,规整,清洗,7,工作和活动,Spearman秩相关,24,24,24,0,0,5,1,0.6295043806421593,0.2893870327549132,0.8610625830032167,0.0009809372131226928,0.0011998800119988001,0.5380835454143632,0.13372346601889462,0.8248547813508212,0.006682921173984578,0.006399360063993601,-0.0914208352277961,-0.2862286271739859,0.045396158321744,0.8547733136748986,exploratory_only,探索性,金标准总分－对应金标准条目分；HAMD14金标准9视为无法评估且总分已不含该项,0.004184196964918893,0.02055608392649107,FDR显著,FDR显著,not_estimable
HAMD-17,PDCH共同24人验证,Qwen3.7-Max,不思考,16,C16：事件序列｜规整｜逐条评分｜清洗,事件序列,规整,清洗,8,迟滞,Spearman秩相关,24,24,24,0,0,3,1,0.7058954792048447,0.4608273370018414,0.8595602565560794,0.00011623003454809608,0.00029997000299970003,0.6461663032367584,0.311578526693323,0.8574591552492479,0.0006470310728256276,0.000999900009999,-0.05972917596808636,-0.24495472965569887,0.06338445980546398,0.9153852408356996,exploratory_only,探索性,金标准总分－对应金标准条目分；HAMD14金标准9视为无法评估且总分已不含该项,0.0023997600239976003,0.011048895110488951,FDR显著,FDR显著,not_estimable
HAMD-17,PDCH共同24人验证,Qwen3.7-Max,不思考,16,C16：事件序列｜规整｜逐条评分｜清洗,事件序列,规整,清洗,9,激越,Spearman秩相关,24,24,24,0,0,3,1,0.616326930416956,0.25460103602747575,0.8740955995475373,0.0013410694850698084,0.0018998100189981002,0.5711459039833902,0.22106582571023473,0.8475327664050752,0.0035559907559409008,0.0029997000299970002,-0.04518102643356581,-0.11811520605762892,-0.0009715212232674537,0.9266930841347464,exploratory_only,探索性,金标准总分－对应金标准条目分；HAMD14金标准9视为无法评估且总分已不含该项,0.006151765775803372,0.013598640135986401,FDR显著,FDR显著,not_estimable
HAMD-17,PDCH共同24人验证,Qwen3.7-Max,不思考,16,C16：事件序列｜规整｜逐条评分｜清洗,事件序列,规整,清洗,10,精神性焦虑,Spearman秩相关,24,24,24,0,0,3,1,0.6440728000158298,0.31535836491243363,0.882669372517548,0.0006826695451618411,0.0015998400159984002,0.5820618357752508,0.2026340652193181,0.8484052172538155,0.0028456155909157253,0.0036996300369963003,-0.06201096424057895,-0.16706821480583542,-0.004127081716468983,0.9037205666206446,exploratory_only,探索性,金标准总分－对应金标准条目分；HAMD14金标准9视为无法评估且总分已不含该项,0.0054394560543945605,0.014296006296806217,FDR显著,FDR显著,not_estimable
HAMD-17,PDCH共同24人验证,Qwen3.7-Max,不思考,16,C16：事件序列｜规整｜逐条评分｜清洗,事件序列,规整,清洗,11,躯体性焦虑,Spearman秩相关,24,24,24,0,0,4,1,0.7156055823856262,0.43003695038087314,0.901198645192044,8.451747470764333e-05,0.00019998000199980003,0.6201012061535561,0.24790382873985115,0.8703763577565713,0.0012279089316462957,0.0010998900109989002,-0.09550437623207009,-0.23129494244930246,-0.006105716884456769,0.8665404818200474,exploratory_only,探索性,金标准总分－对应金标准条目分；HAMD14金标准9视为无法评估且总分已不含该项,0.001942662876569486,0.011048895110488951,FDR显著,FDR显著,not_estimable
HAMD-17,PDCH共同24人验证,Qwen3.7-Max,不思考,16,C16：事件序列｜规整｜逐条评分｜清洗,事件序列,规整,清洗,12,胃肠道症状,Spearman秩相关,24,24,24,0,0,3,1,0.41242241326115703,0.05682979914478988,0.6962220740186276,0.0452042227302633,0.04839516048395161,0.2883794494325332,-0.12600692180466203,0.6378282577338016,0.17175469218044,0.17518248175182483,-0.12404296382862384,-0.2994755773125305,-0.013997383799724074,0.6992332137146084,exploratory_only,探索性,金标准总分－对应金标准条目分；HAMD14金标准9视为无法评估且总分已不含该项,0.06785300851358164,0.22690302398331594,FDR不显著,FDR不显著,not_estimable
HAMD-17,PDCH共同24人验证,Qwen3.7-Max,不思考,16,C16：事件序列｜规整｜逐条评分｜清洗,事件序列,规整,清洗,13,全身症状,Spearman秩相关,24,24,24,0,0,3,1,0.6626349956767893,0.38120437936596024,0.8497056361062572,0.00041839133106855446,0.0007999200079992001,0.5417324764572004,0.16039263025046951,0.808637398409432,0.0062525713266172985,0.0066993300669933005,-0.12090251921958894,-0.3186134513508655,-0.0065915129166946055,0.8175428101316866,exploratory_only,探索性,金标准总分－对应金标准条目分；HAMD14金标准9视为无法评估且总分已不含该项,0.004029226706958934,0.0207070202070702,FDR显著,FDR显著,not_estimable
HAMD-17,PDCH共同24人验证,Qwen3.7-Max,不思考,16,C16：事件序列｜规整｜逐条评分｜清洗,事件序列,规整,清洗,14,性症状,Spearman秩相关,24,20,20,4,4,3,1,0.4987820408477189,0.07902643623781552,0.8008373346418046,0.025179282119687407,0.025297470252974703,0.44043411743178584,-0.024039104682251688,0.7965929063813838,0.0519513102787373,0.05399460053994601,-0.058347923415933034,-0.19849144204333882,0.0,0.8830191974900174,exploratory_only,探索性,金标准总分－对应金标准条目分；HAMD14金标准9视为无法评估且总分已不含该项,0.04247476486919209,0.09662191675569286,FDR显著,FDR不显著,not_estimable
HAMD-17,PDCH共同24人验证,Qwen3.7-Max,不思考,16,C16：事件序列｜规整｜逐条评分｜清洗,事件序列,规整,清洗,15,疑病,Spearman秩相关,24,24,24,0,0,3,1,0.21172811281171183,-0.28238373369008973,0.5877091126423005,0.3206129183507635,0.3193680631936806,0.09702656097053354,-0.4430751839927408,0.523005786693155,0.6519730047888732,0.6442355764423557,-0.11470155184117829,-0.2792364117753898,-0.00971188100514065,0.45826016999839086,exploratory_only,探索性,金标准总分－对应金标准条目分；HAMD14金标准9视为无法评估且总分已不含该项,0.33155768392626384,0.6587672059861682,FDR不显著,FDR不显著,not_estimable
HAMD-17,PDCH共同24人验证,Qwen3.7-Max,不思考,16,C16：事件序列｜规整｜逐条评分｜清洗,事件序列,规整,清洗,16,体重减轻,Spearman秩相关,24,24,24,0,0,3,1,0.39034869480779744,-0.03788147131318098,0.7113183728894759,0.059318468972363085,0.05629437056294371,0.3484028613679938,-0.1282469758111716,0.701484990129393,0.09522677912365517,0.0938906109389061,-0.041945833439803626,-0.13214024746426098,0.0,0.8925426573785338,exploratory_only,探索性,金标准总分－对应金标准条目分；HAMD14金标准9视为无法评估且总分已不含该项,0.07433043103456645,0.14847817543827013,FDR不显著,FDR不显著,not_estimable
HAMD-17,PDCH共同24人验证,Qwen3.7-Max,不思考,16,C16：事件序列｜规整｜逐条评分｜清洗,事件序列,规整,清洗,17,自知力,Spearman秩相关,24,24,24,0,0,2,1,0.12012998868636335,-0.3237025517009989,0.5273213511947711,0.5760739024069841,0.5838416158384162,0.0799455371482997,-0.3736676477890353,0.5194263626313949,0.710385048441933,0.7130286971302869,-0.040184451538063645,-0.11482562368655098,9.549995916051475e-06,0.6654919227289895,exploratory_only,探索性,金标准总分－对应金标准条目分；HAMD14金标准9视为无法评估且总分已不含该项,0.5881663685483304,0.7236709164904405,FDR不显著,FDR不显著,not_estimable
HAMD-17,PDCH共同24人验证,Qwen3.7-Max,思考,3,C03：全文｜不规整｜逐条评分｜不清洗,全文,不规整,不清洗,1,抑郁情绪,Spearman秩相关,24,24,24,0,0,4,14,0.7735475735038827,0.5608579400050266,0.8964042343886657,9.28696397260422e-06,9.999000099990002e-05,0.6340991774016005,0.3043118427857054,0.853251161576882,0.0008766779950187743,0.0008999100089991,-0.1394483961022822,-0.36448377136208404,-0.011846791467619727,0.8197287395387554,exploratory_only,探索性,金标准总分－对应金标准条目分；HAMD14金标准9视为无法评估且总分已不含该项,0.0011332200113322,0.0101989801019898,FDR显著,FDR显著,not_estimable
HAMD-17,PDCH共同24人验证,Qwen3.7-Max,思考,3,C03：全文｜不规整｜逐条评分｜不清洗,全文,不规整,不清洗,2,有罪感,Spearman秩相关,24,24,24,0,0,4,14,0.35368460088465953,-0.026025409680634447,0.6672271892823612,0.08998038496943715,0.09399060093990601,0.2598294061460088,-0.16745356824416602,0.6139979461223599,0.22014558505916512,0.21787821217878212,-0.09385519473865073,-0.23026899896121134,0.02448810287710068,0.7346359029940974,exploratory_only,探索性,金标准总分－对应金标准条目分；HAMD14金标准9视为无法评估且总分已不含该项,0.12174020693168779,0.2953413396524425,FDR不显著,FDR不显著,not_estimable
HAMD-17,PDCH共同24人验证,Qwen3.7-Max,思考,3,C03：全文｜不规整｜逐条评分｜不清洗,全文,不规整,不清洗,3,自杀,Spearman秩相关,24,24,24,0,0,5,14,0.44005400022008173,0.05956896358927903,0.6995606703323608,0.03140448828015424,0.0364963503649635,0.23510434950210077,-0.17418983381672273,0.5954838761586098,0.268779881637879,0.26347365263473654,-0.20494965071798096,-0.42193730541072505,-0.06013438411579817,0.5342624982036736,exploratory_only,探索性,金标准总分－对应金标准条目分；HAMD14金标准9视为无法评估且总分已不含该项,0.06204379562043795,0.3287377684249924,FDR不显著,FDR不显著,not_estimable
HAMD-17,PDCH共同24人验证,Qwen3.7-Max,思考,3,C03：全文｜不规整｜逐条评分｜不清洗,全文,不规整,不清洗,4,入睡困难,Spearman秩相关,24,24,24,0,0,3,14,0.5801491354312616,0.15815240451417603,0.8436303899393355,0.0029605728502111214,0.0040995900409959,0.5513121704424616,0.12936138348220472,0.8357488065049025,0.0052316172354861,0.006799320067993201,-0.02883696498879995,-0.09602017514600396,0.0,0.9502938757852951,exploratory_only,探索性,金标准总分－对应金标准条目分；HAMD14金标准9视为无法评估且总分已不含该项,0.01013716810137168,0.022553842176757936,FDR显著,FDR显著,not_estimable
HAMD-17,PDCH共同24人验证,Qwen3.7-Max,思考,3,C03：全文｜不规整｜逐条评分｜不清洗,全文,不规整,不清洗,5,睡眠不深,Spearman秩相关,24,24,24,0,0,3,14,0.42016055739792246,0.04271998116442254,0.7088901558981778,0.040934357543488786,0.03899610038996101,0.258888758412039,-0.17374759703891346,0.6241727579389731,0.22188025898252298,0.22227777222277773,-0.16127179898588345,-0.3254835209805703,-0.02826478974680321,0.6161662580023013,exploratory_only,探索性,金标准总分－对应金标准条目分；HAMD14金标准9视为无法评估且总分已不含该项,0.06467645918334997,0.2953413396524425,FDR不显著,FDR不显著,not_estimable
HAMD-17,PDCH共同24人验证,Qwen3.7-Max,思考,3,C03：全文｜不规整｜逐条评分｜不清洗,全文,不规整,不清洗,6,早醒,Spearman秩相关,24,24,24,0,0,3,14,0.3672636313850072,-0.12697054748670156,0.7107504575050021,0.07748642115855547,0.0760923907609239,0.324423600138933,-0.17250853179905892,0.6678125494636362,0.12194100899033487,0.12068793120687932,-0.04284003124607422,-0.14551103410981048,0.002227824880458662,0.8833534616958453,exploratory_only,探索性,金标准总分－对应金标准条目分；HAMD14金标准9视为无法评估且总分已不含该项,0.1024610410246104,0.19053726811226923,FDR不显著,FDR不显著,not_estimable
HAMD-17,PDCH共同24人验证,Qwen3.7-Max,思考,3,C03：全文｜不规整｜逐条评分｜不清洗,全文,不规整,不清洗,7,工作和活动,Spearman秩相关,24,24,24,0,0,5,14,0.7154108247996226,0.4474798048787856,0.8807771953113295,8.506998234615407e-05,0.00039996000399960006,0.5734963109034011,0.21276769988915273,0.829063595214086,0.003391563163012016,0.0053994600539946005,-0.14191451389622145,-0.3628760703572408,0.006774686368265514,0.8016321406151914,exploratory_only,探索性,金标准总分－对应金标准条目分；HAMD14金标准9视为无法评估且总分已不含该项,0.0027197280271972803,0.02022361866377465,FDR显著,FDR显著,not_estimable
HAMD-17,PDCH共同24人验证,Qwen3.7-Max,思考,3,C03：全文｜不规整｜逐条评分｜不清洗,全文,不规整,不清洗,8,迟滞,Spearman秩相关,24,24,24,0,0,3,14,0.6460166510197662,0.3261988260246601,0.8177561857718226,0.0006495242384550482,0.0005999400059994001,0.5981429785925224,0.23338990230820658,0.8065098312691646,0.0020200050664815725,0.0027997200279972004,-0.04787367242724383,-0.21718805852481388,0.05119470077807848,0.925894058068514,exploratory_only,探索性,金标准总分－对应金标准条目分；HAMD14金标准9视为无法评估且总分已不含该项,0.0031381477236891698,0.01621376323906071,FDR显著,FDR显著,not_estimable
HAMD-17,PDCH共同24人验证,Qwen3.7-Max,思考,3,C03：全文｜不规整｜逐条评分｜不清洗,全文,不规整,不清洗,9,激越,Spearman秩相关,24,24,24,0,0,3,14,0.6260150767554152,0.327463658310127,0.8071423587494977,0.0010670705241461929,0.0014998500149985001,0.6292131937624621,0.3512360042070236,0.8115220817327278,0.0009878889710103636,0.0012998700129987,0.0031981170070468634,-0.04752147749493685,0.06063763317761904,1.0051086900712078,exploratory_only,探索性,金标准总分－对应金标准条目分；HAMD14金标准9视为无法评估且总分已不含该项,0.0053678842642051585,0.011898810118988102,FDR显著,FDR显著,not_estimable
HAMD-17,PDCH共同24人验证,Qwen3.7-Max,思考,3,C03：全文｜不规整｜逐条评分｜不清洗,全文,不规整,不清洗,10,精神性焦虑,Spearman秩相关,24,24,24,0,0,4,14,0.7196981082299748,0.43021003408592035,0.8732960246382044,7.361219832188256e-05,0.00029997000299970003,0.6706465140659639,0.39501203841165483,0.8247110601470924,0.0003352077402196229,0.0008999100089991,-0.04905159416401095,-0.15141912206193106,0.01970871746592286,0.9318442085603804,exploratory_only,探索性,金标准总分－对应金标准条目分；HAMD14金标准9视为无法评估且总分已不含该项,0.0022664400226644005,0.0101989801019898,FDR显著,FDR显著,not_estimable
HAMD-17,PDCH共同24人验证,Qwen3.7-Max,思考,3,C03：全文｜不规整｜逐条评分｜不清洗,全文,不规整,不清洗,11,躯体性焦虑,Spearman秩相关,24,24,24,0,0,4,14,0.7636390623372193,0.529771894021094,0.8938943217878301,1.414465734153844e-05,9.999000099990002e-05,0.6378183834722292,0.30926441354758716,0.8623315954301891,0.0007994114153297833,0.0014998500149985001,-0.12582067886499015,-0.31491186801639215,-0.0040991139194677464,0.835235407576062,exploratory_only,探索性,金标准总分－对应金标准条目分；HAMD14金标准9视为无法评估且总分已不含该项,0.0011332200113322,0.011998800119988001,FDR显著,FDR显著,not_estimable
HAMD-17,PDCH共同24人验证,Qwen3.7-Max,思考,3,C03：全文｜不规整｜逐条评分｜不清洗,全文,不规整,不清洗,12,胃肠道症状,Spearman秩相关,24,24,24,0,0,3,14,0.46107989287889944,0.09250425317706348,0.7505047550222611,0.02334668058148282,0.022497750224977502,0.30061445383540497,-0.16123872377329987,0.674459639529639,0.15347943914947915,0.15408459154084592,-0.16046543904349447,-0.33613384149254366,-0.0284719004483754,0.651979100538136,exploratory_only,探索性,金标准总分－对应金标准条目分；HAMD14金标准9视为无法评估且总分已不含该项,0.04370991472281344,0.23028026867642903,FDR显著,FDR不显著,not_estimable
HAMD-17,PDCH共同24人验证,Qwen3.7-Max,思考,3,C03：全文｜不规整｜逐条评分｜不清洗,全文,不规整,不清洗,13,全身症状,Spearman秩相关,24,24,24,0,0,3,14,0.7577578455527084,0.516504378778736,0.8946110640921332,1.7987869356410064e-05,9.999000099990002e-05,0.6584159178439608,0.3049957003338017,0.8685145060351442,0.0004689866971492662,0.0004999500049995,-0.09934192770874761,-0.2768130651205719,0.0060049402406412294,0.8689001660731237,exploratory_only,探索性,金标准总分－对应金标准条目分；HAMD14金标准9视为无法评估且总分已不含该项,0.0011332200113322,0.0084991500849915,FDR显著,FDR显著,not_estimable
HAMD-17,PDCH共同24人验证,Qwen3.7-Max,思考,3,C03：全文｜不规整｜逐条评分｜不清洗,全文,不规整,不清洗,14,性症状,Spearman秩相关,24,18,18,6,6,3,14,0.6801932938473141,0.2691769156065825,0.8842865366414117,0.0018950980523444348,0.0030996900309969004,0.6260653918113653,0.15792920709822228,0.8545391026055555,0.0054440857565755865,0.006999300069993001,-0.05412790203594875,-0.17430708443062176,0.0,0.9204227643442496,not_estimable,不可估计,金标准总分－对应金标准条目分；HAMD14金标准9视为无法评估且总分已不含该项,0.008265840082658401,0.022664400226644003,FDR显著,FDR显著,not_estimable
HAMD-17,PDCH共同24人验证,Qwen3.7-Max,思考,3,C03：全文｜不规整｜逐条评分｜不清洗,全文,不规整,不清洗,15,疑病,Spearman秩相关,24,24,24,0,0,3,14,0.2724508867106418,-0.18031673707236281,0.6202100136995212,0.1977428825310373,0.1994800519948005,0.1406520171085477,-0.3188526784479062,0.5378025945871511,0.5121212432556258,0.5115488451154885,-0.13179886960209414,-0.2947218042028161,-0.01527795410802178,0.5162472356271978,exploratory_only,探索性,金标准总分－对应金标准条目分；HAMD14金标准9视为无法评估且总分已不含该项,0.22990921246858362,0.5749639912041854,FDR不显著,FDR不显著,not_estimable
HAMD-17,PDCH共同24人验证,Qwen3.7-Max,思考,3,C03：全文｜不规整｜逐条评分｜不清洗,全文,不规整,不清洗,16,体重减轻,Spearman秩相关,24,24,24,0,0,3,14,0.3628783939953355,-0.01632495501497169,0.6725811271130476,0.08136818608066952,0.0882911708829117,0.3372402768309206,-0.0722008197508562,0.6646682929302065,0.1070591064063211,0.10768923107689231,-0.025638117164414886,-0.09559528904468548,0.0014101882739849093,0.9293479094135749,exploratory_only,探索性,金标准总分－对应金标准条目分；HAMD14金标准9视为无法评估且总分已不含该项,0.11657863339879604,0.17645464369225727,FDR不显著,FDR不显著,not_estimable
HAMD-17,PDCH共同24人验证,Qwen3.7-Max,思考,3,C03：全文｜不规整｜逐条评分｜不清洗,全文,不规整,不清洗,17,自知力,Spearman秩相关,24,24,24,0,0,2,14,0.2166150398905583,-0.276524567859888,0.6222264055041619,0.3093063575315963,0.31326867313268675,0.18640805093377297,-0.34963900213449667,0.6189063307236096,0.38313234030148,0.40155984401559847,-0.030206988956785336,-0.11510701598476276,0.02817237210515792,0.86054990008059,exploratory_only,探索性,金标准总分－对应金标准条目分；HAMD14金标准9视为无法评估且总分已不含该项,0.3381312662384555,0.4667704169753965,FDR不显著,FDR不显著,not_estimable
HAMD-17,PDCH共同24人验证,Qwen3.7-Max,思考,4,C04：全文｜不规整｜逐条评分｜清洗,全文,不规整,清洗,1,抑郁情绪,Spearman秩相关,24,24,24,0,0,4,13,0.7324597864974268,0.46681288636902496,0.8829873586829636,4.710529907785812e-05,9.999000099990002e-05,0.598973732828575,0.19276765518601893,0.8358536837846473,0.0019835965321249433,0.0021997800219978004,-0.1334860536688518,-0.316090884017938,-0.0113433979980638,0.8177564746493824,exploratory_only,探索性,金标准总分－对应金标准条目分；HAMD14金标准9视为无法评估且总分已不含该项,0.0011332200113322,0.0142167601421676,FDR显著,FDR显著,not_estimable
HAMD-17,PDCH共同24人验证,Qwen3.7-Max,思考,4,C04：全文｜不规整｜逐条评分｜清洗,全文,不规整,清洗,2,有罪感,Spearman秩相关,24,24,24,0,0,4,13,0.2921648076667285,-0.11189611008303167,0.617049464723374,0.16594624022978355,0.16368363163683633,0.20683382973684766,-0.19640844517656975,0.5733340569245646,0.33218468104358684,0.32966703329667035,-0.08533097792988081,-0.21539432154294777,0.031949011304539116,0.7079354676172442,exploratory_only,探索性,金标准总分－对应金标准条目分；HAMD14金标准9视为无法评估且总分已不含该项,0.1964645640699088,0.3932869870907646,FDR不显著,FDR不显著,not_estimable
HAMD-17,PDCH共同24人验证,Qwen3.7-Max,思考,4,C04：全文｜不规整｜逐条评分｜清洗,全文,不规整,清洗,3,自杀,Spearman秩相关,24,24,24,0,0,5,13,0.5307628514463725,0.21005740461609246,0.7496538245995955,0.007621138101003454,0.0093990600939906,0.32358763208848484,-0.07675286735396443,0.6459970254564205,0.12296133058338207,0.12468753124687532,-0.20717521935788763,-0.4021721015628534,-0.05516177954489579,0.6096651851324596,exploratory_only,探索性,金标准总分－对应金标准条目分；HAMD14金标准9视为无法评估且总分已不含该项,0.020505885919344574,0.1926989119269891,FDR显著,FDR不显著,not_estimable
HAMD-17,PDCH共同24人验证,Qwen3.7-Max,思考,4,C04：全文｜不规整｜逐条评分｜清洗,全文,不规整,清洗,4,入睡困难,Spearman秩相关,24,24,24,0,0,3,13,0.6018687770062361,0.20596636162042423,0.865746139575528,0.0018610549720120067,0.0021997800219978004,0.5819256640999266,0.2052629922976485,0.8692335185652593,0.002853672717460029,0.0028997100289971,-0.019943112906309457,-0.06670785141802715,0.0,0.9668646826879627,exploratory_only,探索性,金标准总分－对应金标准条目分；HAMD14金标准9视为无法评估且总分已不含该项,0.006799320067993201,0.01621376323906071,FDR显著,FDR显著,not_estimable
HAMD-17,PDCH共同24人验证,Qwen3.7-Max,思考,4,C04：全文｜不规整｜逐条评分｜清洗,全文,不规整,清洗,5,睡眠不深,Spearman秩相关,24,24,24,0,0,3,13,0.24773576792013596,-0.18002946121603475,0.6449183545907545,0.2431422341105851,0.24567543245675433,0.09430027824513931,-0.3794658938284226,0.5373653446190284,0.6611745161761794,0.6611338866113389,-0.15343548967499665,-0.3307327632852231,-0.02486810585074246,0.3806486202490528,exploratory_only,探索性,金标准总分－对应金标准条目分；HAMD14金标准9视为无法评估且总分已不含该项,0.27164112857006983,0.7079858943239534,FDR不显著,FDR不显著,not_estimable
HAMD-17,PDCH共同24人验证,Qwen3.7-Max,思考,4,C04：全文｜不规整｜逐条评分｜清洗,全文,不规整,清洗,6,早醒,Spearman秩相关,24,24,24,0,0,3,13,0.39521951974416447,-0.04567764542541745,0.7044452744447166,0.05594471847978995,0.057894210578942104,0.36795385534744807,-0.05631509345437804,0.6860208010650226,0.07688844264259649,0.07649235076492351,-0.027265664396716405,-0.1502363751809285,0.05934704544992963,0.9310113417111429,exploratory_only,探索性,金标准总分－对应金标准条目分；HAMD14金标准9视为无法评估且总分已不含该项,0.08517043032538853,0.1387061293870613,FDR不显著,FDR不显著,not_estimable
HAMD-17,PDCH共同24人验证,Qwen3.7-Max,思考,4,C04：全文｜不规整｜逐条评分｜清洗,全文,不规整,清洗,7,工作和活动,Spearman秩相关,24,24,24,0,0,5,13,0.7362363488858389,0.4916753227238992,0.8836922571352467,4.107926221144537e-05,0.00039996000399960006,0.5764784614442297,0.2179144394674787,0.8354490940157727,0.003192232355267145,0.0037996200379962005,-0.15975788744160924,-0.41273759463004095,-0.005484413312090514,0.7830073349633253,exploratory_only,探索性,金标准总分－对应金标准条目分；HAMD14金标准9视为无法评估且总分已不含该项,0.0027197280271972803,0.017818907764395975,FDR显著,FDR显著,not_estimable
HAMD-17,PDCH共同24人验证,Qwen3.7-Max,思考,4,C04：全文｜不规整｜逐条评分｜清洗,全文,不规整,清洗,8,迟滞,Spearman秩相关,24,24,24,0,0,3,13,0.6192464730598075,0.289303044160525,0.8011970907710249,0.0012527912307066932,0.0011998800119988001,0.566522439351547,0.1706445176455423,0.8068098944318649,0.0038991425296995646,0.004999500049995001,-0.05272403370826051,-0.2463244062365735,0.05619236221537448,0.9148577569642963,exploratory_only,探索性,金标准总分－对应金标准条目分；HAMD14金标准9视为无法评估且总分已不含该项,0.004944960049449601,0.019998000199980003,FDR显著,FDR显著,not_estimable
HAMD-17,PDCH共同24人验证,Qwen3.7-Max,思考,4,C04：全文｜不规整｜逐条评分｜清洗,全文,不规整,清洗,9,激越,Spearman秩相关,24,24,24,0,0,3,13,0.3891810522634817,0.045684141475803235,0.6621838030495345,0.06015006895835783,0.05679432056794321,0.41150793600309915,0.054602275199853695,0.6866165290990269,0.04573104259538579,0.047795220477952205,0.022326883739617442,-0.03973883454756035,0.1070179539666274,1.057368886819551,exploratory_only,探索性,金标准总分－对应金标准条目分；HAMD14金标准9视为无法评估且总分已不含该项,0.08487942414549754,0.09701716395524626,FDR不显著,FDR不显著,not_estimable
HAMD-17,PDCH共同24人验证,Qwen3.7-Max,思考,4,C04：全文｜不规整｜逐条评分｜清洗,全文,不规整,清洗,10,精神性焦虑,Spearman秩相关,24,24,24,0,0,4,13,0.7268072128241976,0.42690794364641094,0.8743160504876698,5.757696141939598e-05,0.00029997000299970003,0.6821957162730286,0.4016266107990964,0.8475303624626541,0.00024065729937832082,0.0004999500049995,-0.04461149655116903,-0.136845801402251,0.021238986299341872,0.9386199039249769,exploratory_only,探索性,金标准总分－对应金标准条目分；HAMD14金标准9视为无法评估且总分已不含该项,0.0022664400226644005,0.0084991500849915,FDR显著,FDR显著,not_estimable
HAMD-17,PDCH共同24人验证,Qwen3.7-Max,思考,4,C04：全文｜不规整｜逐条评分｜清洗,全文,不规整,清洗,11,躯体性焦虑,Spearman秩相关,24,24,24,0,0,4,13,0.6443836615300969,0.3234312279316708,0.8457475335505686,0.0006772729301689508,0.0008999100089991,0.5167304840438047,0.1161599227513781,0.8073589092728569,0.009726983174192022,0.0096990300969903,-0.12765317748629212,-0.31766562167313667,-0.00245282072354869,0.8018987986393415,exploratory_only,探索性,金标准总分－对应金标准条目分；HAMD14金标准9视为无法评估且总分已不含该项,0.00407959204079592,0.02931262429312624,FDR显著,FDR显著,not_estimable
HAMD-17,PDCH共同24人验证,Qwen3.7-Max,思考,4,C04：全文｜不规整｜逐条评分｜清洗,全文,不规整,清洗,12,胃肠道症状,Spearman秩相关,24,24,24,0,0,3,13,0.4250116153791958,0.04891983950368511,0.7141214475370735,0.03842395933748654,0.043195680431956804,0.2578723037723615,-0.1834388081351498,0.6586641588820742,0.2237649370604399,0.22367763223677634,-0.16713931160683432,-0.3670515285246885,-0.035189366703427885,0.6067417793800471,exploratory_only,探索性,金标准总分－对应金标准条目分；HAMD14金标准9视为无法评估且总分已不含该项,0.0695930406959304,0.2953413396524425,FDR不显著,FDR不显著,not_estimable
HAMD-17,PDCH共同24人验证,Qwen3.7-Max,思考,4,C04：全文｜不规整｜逐条评分｜清洗,全文,不规整,清洗,13,全身症状,Spearman秩相关,24,24,24,0,0,3,13,0.71262935188771,0.42206871853129224,0.8907850650310934,9.331341965161147e-05,0.0004999500049995,0.5815148720189864,0.21743353621268655,0.8424728567792109,0.0028780960970899196,0.0030996900309969004,-0.1311144798687236,-0.2990388320025122,-0.01574304925410019,0.8160130795603497,exploratory_only,探索性,金标准总分－对应金标准条目分；HAMD14金标准9视为无法评估且总分已不含该项,0.003090600030906,0.01621376323906071,FDR显著,FDR显著,not_estimable
HAMD-17,PDCH共同24人验证,Qwen3.7-Max,思考,4,C04：全文｜不规整｜逐条评分｜清洗,全文,不规整,清洗,14,性症状,Spearman秩相关,24,17,17,7,7,3,13,0.6604405815715751,0.1822204907365214,0.8899469827130435,0.003905256366640874,0.004999500049995001,0.6061032181989394,0.08944132286633844,0.8848876514282807,0.009907087799911401,0.012398760123987601,-0.05433736337263573,-0.19704570952588196,0.0,0.917725583665172,not_estimable,不可估计,金标准总分－对应金标准条目分；HAMD14金标准9视为无法评估且总分已不含该项,0.012141642978559287,0.034129920341299205,FDR显著,FDR显著,not_estimable
HAMD-17,PDCH共同24人验证,Qwen3.7-Max,思考,4,C04：全文｜不规整｜逐条评分｜清洗,全文,不规整,清洗,15,疑病,Spearman秩相关,24,24,24,0,0,3,13,0.2638931193612662,-0.1791415544542291,0.6343244989606232,0.21275567540050458,0.20857914208579142,0.1263742023931325,-0.34811694461638354,0.5596138794089027,0.5562492728465844,0.5505449455054494,-0.1375189169681337,-0.31047560567830845,-0.015185561983866874,0.4788840372155663,exploratory_only,探索性,金标准总分－对应金标准条目分；HAMD14金标准9视为无法评估且总分已不含该项,0.23837616238376164,0.6120493641692741,FDR不显著,FDR不显著,not_estimable
HAMD-17,PDCH共同24人验证,Qwen3.7-Max,思考,4,C04：全文｜不规整｜逐条评分｜清洗,全文,不规整,清洗,16,体重减轻,Spearman秩相关,24,24,24,0,0,3,13,0.30894354350626096,-0.11032731574929877,0.6390563266995318,0.14185325456434036,0.13738626137386262,0.2846487902733121,-0.1141209969283391,0.6230811234936414,0.17761615818995163,0.17448255174482552,-0.024294753232948885,-0.09336334733263624,0.0018441244990384806,0.9213618353786489,exploratory_only,探索性,金标准总分－对应金标准条目分；HAMD14金标准9视为无法评估且总分已不含该项,0.1714177206132598,0.2524428408223008,FDR不显著,FDR不显著,not_estimable
HAMD-17,PDCH共同24人验证,Qwen3.7-Max,思考,4,C04：全文｜不规整｜逐条评分｜清洗,全文,不规整,清洗,17,自知力,Spearman秩相关,24,24,24,0,0,2,13,0.29423194619643894,-0.1965659638697553,0.6758552182793698,0.16283297890323464,0.16468353164683533,0.27273394144642393,-0.22822853753909922,0.6921933252920078,0.19725897772941603,0.19808019198080193,-0.02149800475001501,-0.1117520971045282,0.05195951823459342,0.9269351780868069,exploratory_only,探索性,金标准总分－对应金标准条目分；HAMD14金标准9视为无法评估且总分已不含该项,0.1964645640699088,0.28061360530613605,FDR不显著,FDR不显著,not_estimable
HAMD-17,PDCH共同24人验证,Qwen3.7-Max,思考,7,C07：全文｜规整｜逐条评分｜不清洗,全文,规整,不清洗,1,抑郁情绪,Spearman秩相关,24,24,24,0,0,4,13,0.6582478811242021,0.38579493734942605,0.8443928379241671,0.00047110691867278357,0.0005999400059994001,0.5656485455294815,0.2460042174384168,0.8019535917045801,0.003967043505931188,0.004899510048995101,-0.09259933559472056,-0.25174775140180466,0.023930103291145977,0.8593245215820933,exploratory_only,探索性,金标准总分－对应金标准条目分；HAMD14金标准9视为无法评估且总分已不含该项,0.0031381477236891698,0.019998000199980003,FDR显著,FDR显著,not_estimable
HAMD-17,PDCH共同24人验证,Qwen3.7-Max,思考,7,C07：全文｜规整｜逐条评分｜不清洗,全文,规整,不清洗,2,有罪感,Spearman秩相关,24,24,24,0,0,4,13,0.4652316541390919,0.07939618318866876,0.7357878310150745,0.021973050086096315,0.0231976802319768,0.2797480105546372,-0.1295365904589759,0.6286887073338958,0.18552449040751062,0.1917808219178082,-0.18548364358445468,-0.37457662058164454,-0.04743248180227778,0.6013090641313069,exploratory_only,探索性,金标准总分－对应金标准条目分；HAMD14金标准9视为无法评估且总分已不含该项,0.04443499312040627,0.2745493871665465,FDR显著,FDR不显著,not_estimable
HAMD-17,PDCH共同24人验证,Qwen3.7-Max,思考,7,C07：全文｜规整｜逐条评分｜不清洗,全文,规整,不清洗,3,自杀,Spearman秩相关,24,24,24,0,0,5,13,0.4323448731437435,0.04493335298245856,0.7336029608759157,0.03486158466942763,0.036196380361963806,0.2956241287783271,-0.12707281139373613,0.6540423456985507,0.16075947206995905,0.16058394160583941,-0.13672074436541637,-0.33781060917604394,-0.014142036045993671,0.6837692479818993,exploratory_only,探索性,金标准总分－对应金标准条目分；HAMD14金标准9视为无法评估且总分已不含该项,0.06204379562043795,0.23497865267236714,FDR不显著,FDR不显著,not_estimable
HAMD-17,PDCH共同24人验证,Qwen3.7-Max,思考,7,C07：全文｜规整｜逐条评分｜不清洗,全文,规整,不清洗,4,入睡困难,Spearman秩相关,24,24,24,0,0,3,13,0.2672714889600573,-0.22014048596716287,0.6637652172998529,0.20674031041924282,0.21107889211078892,0.23632627577839802,-0.22764432147247957,0.660312383593364,0.26622718716145655,0.26777322267773224,-0.030945213181659298,-0.09045476059901077,0.0,0.8842180537023763,exploratory_only,探索性,金标准总分－对应金标准条目分；HAMD14金标准9视为无法评估且总分已不含该项,0.23922274439222743,0.33106507531065077,FDR不显著,FDR不显著,not_estimable
HAMD-17,PDCH共同24人验证,Qwen3.7-Max,思考,7,C07：全文｜规整｜逐条评分｜不清洗,全文,规整,不清洗,5,睡眠不深,Spearman秩相关,24,24,24,0,0,3,13,0.12259664424851624,-0.31967865361092296,0.544929068611024,0.5682055904545337,0.5717428257174283,-0.024508505927591445,-0.4596394331427373,0.4004118708299168,0.9094964207964389,0.911008899110089,-0.14710515017610767,-0.3034388624462541,-0.033635619504688304,-0.19991171926296886,exploratory_only,探索性,金标准总分－对应金标准条目分；HAMD14金标准9视为无法评估且总分已不含该项,0.5846392804328591,0.9246060468580007,FDR不显著,FDR不显著,not_estimable
HAMD-17,PDCH共同24人验证,Qwen3.7-Max,思考,7,C07：全文｜规整｜逐条评分｜不清洗,全文,规整,不清洗,6,早醒,Spearman秩相关,24,24,24,0,0,3,13,0.41327962098863513,-0.011058167636342457,0.7452948631149192,0.044714723864348334,0.0456954304569543,0.4248274503773164,-0.003447580045335247,0.7463097002719838,0.03851698754341289,0.0410958904109589,0.011547829388681263,-0.08344824143267626,0.10922257648764769,1.02794192793987,exploratory_only,探索性,金标准总分－对应金标准条目分；HAMD14金标准9视为无法评估且总分已不含该项,0.07143193726604351,0.08598524762908323,FDR不显著,FDR不显著,not_estimable
HAMD-17,PDCH共同24人验证,Qwen3.7-Max,思考,7,C07：全文｜规整｜逐条评分｜不清洗,全文,规整,不清洗,7,工作和活动,Spearman秩相关,24,24,24,0,0,5,13,0.5647586178293406,0.22192969066192827,0.7900852557877704,0.004037212250138709,0.0036996300369963003,0.41313345155634135,0.005104639389812162,0.7461566865237313,0.04479789709454158,0.046495350464953504,-0.1516251662729992,-0.3904194237169395,0.02956994690641567,0.7315221733919296,exploratory_only,探索性,金标准总分－对应金标准条目分；HAMD14金标准9视为无法评估且总分已不含该项,0.009493390283613148,0.09580860095808601,FDR显著,FDR不显著,not_estimable
HAMD-17,PDCH共同24人验证,Qwen3.7-Max,思考,7,C07：全文｜规整｜逐条评分｜不清洗,全文,规整,不清洗,8,迟滞,Spearman秩相关,24,24,24,0,0,4,13,0.6291590514767149,0.2960783554689818,0.818303366125784,0.0009891862140463251,0.0014998500149985001,0.5690782827811773,0.15529093318729534,0.8240348613880603,0.003706154591063913,0.004199580041995801,-0.06008076869553758,-0.25501124432733613,0.05227139183365851,0.9045062316841497,exploratory_only,探索性,金标准总分－对应金标准条目分；HAMD14金标准9视为无法评估且总分已不含该项,0.0053678842642051585,0.01827317268273173,FDR显著,FDR显著,not_estimable
HAMD-17,PDCH共同24人验证,Qwen3.7-Max,思考,7,C07：全文｜规整｜逐条评分｜不清洗,全文,规整,不清洗,9,激越,Spearman秩相关,24,24,24,0,0,3,13,0.6285007001502112,0.2916955429567235,0.8379908461359353,0.0010050777483551797,0.0016998300169983002,0.5954398498575795,0.22751100011421968,0.8152912690017713,0.0021424387881501935,0.0030996900309969004,-0.03306085029263173,-0.09495377977402761,-0.00012449630015388434,0.9473972737266161,exploratory_only,探索性,金标准总分－对应金标准条目分；HAMD14金标准9视为无法评估且总分已不含该项,0.005927612366968432,0.01621376323906071,FDR显著,FDR显著,not_estimable
HAMD-17,PDCH共同24人验证,Qwen3.7-Max,思考,7,C07：全文｜规整｜逐条评分｜不清洗,全文,规整,不清洗,10,精神性焦虑,Spearman秩相关,24,24,24,0,0,4,13,0.6715163624180269,0.36647480480315464,0.8559462355121656,0.00032710693284859104,0.0007999200079992001,0.6289204744025444,0.3160336540909259,0.848950131551548,0.0009949199470166408,0.0013998600139986002,-0.04259588801548253,-0.14139114098752492,0.023196089870488868,0.9365676096676165,exploratory_only,探索性,金标准总分－对应金标准条目分；HAMD14金标准9视为无法评估且总分已不含该项,0.0037513490030307312,0.011898810118988102,FDR显著,FDR显著,not_estimable
HAMD-17,PDCH共同24人验证,Qwen3.7-Max,思考,7,C07：全文｜规整｜逐条评分｜不清洗,全文,规整,不清洗,11,躯体性焦虑,Spearman秩相关,24,24,24,0,0,4,13,0.6253906797566422,0.25157612625785886,0.8560883114221228,0.0010831494789514478,0.0013998600139986002,0.5971539351079551,0.21881420400970306,0.8427254325881427,0.00206409172997747,0.0035996400359964,-0.028236744648687084,-0.16715553064643018,0.10277186891657845,0.954849431623006,exploratory_only,探索性,金标准总分－对应金标准条目分；HAMD14金标准9视为无法评估且总分已不含该项,0.0053678842642051585,0.01748396588912537,FDR显著,FDR显著,not_estimable
HAMD-17,PDCH共同24人验证,Qwen3.7-Max,思考,7,C07：全文｜规整｜逐条评分｜不清洗,全文,规整,不清洗,12,胃肠道症状,Spearman秩相关,24,24,24,0,0,3,13,0.4381627504422291,0.04762867240037451,0.7300503708943635,0.03222615684546835,0.035896410358964105,0.3484685993953185,-0.04440194736443503,0.6746563738370969,0.09516011230580579,0.0923907609239076,-0.08969415104691059,-0.216606161719584,-0.010854571809582292,0.7952948968017385,exploratory_only,探索性,金标准总分－对应金标准条目分；HAMD14金标准9视为无法评估且总分已不含该项,0.06204379562043795,0.1590524491854612,FDR不显著,FDR不显著,not_estimable
HAMD-17,PDCH共同24人验证,Qwen3.7-Max,思考,7,C07：全文｜规整｜逐条评分｜不清洗,全文,规整,不清洗,13,全身症状,Spearman秩相关,24,24,24,0,0,3,13,0.607494979826163,0.2744011998409959,0.8520073890511011,0.0016412895776633967,0.0021997800219978004,0.4835022014547524,0.08763009103567167,0.7968030515610546,0.016682383367050517,0.0183981601839816,-0.12399277837141054,-0.3224136864737524,-0.012706173788751026,0.7958949744623544,exploratory_only,探索性,金标准总分－对应金标准条目分；HAMD14金标准9视为无法评估且总分已不含该项,0.006799320067993201,0.04633610713002773,FDR显著,FDR显著,not_estimable
HAMD-17,PDCH共同24人验证,Qwen3.7-Max,思考,7,C07：全文｜规整｜逐条评分｜不清洗,全文,规整,不清洗,14,性症状,Spearman秩相关,24,15,15,9,9,3,13,0.8018013812103165,0.47866129468203333,0.9404032250094678,0.00032422809883833387,0.0011998800119988001,0.7677570978018731,0.4025614176651277,0.9258454492091635,0.0008314374056310823,0.0013998600139986002,-0.034044283408443454,-0.13551611121946136,0.0,0.9575402534764237,not_estimable,不可估计,金标准总分－对应金标准条目分；HAMD14金标准9视为无法评估且总分已不含该项,0.004944960049449601,0.011898810118988102,FDR显著,FDR显著,not_estimable
HAMD-17,PDCH共同24人验证,Qwen3.7-Max,思考,7,C07：全文｜规整｜逐条评分｜不清洗,全文,规整,不清洗,15,疑病,Spearman秩相关,24,24,24,0,0,4,13,0.03907016911039846,-0.45246038673064287,0.4977576015965122,0.8561675405728367,0.8522147785221478,-0.07366881762588193,-0.5584508680582349,0.39296581688119975,0.7322748313633167,0.7256274372562743,-0.11273898673628038,-0.28508717283171536,-0.00804047527757035,-1.8855515423473068,exploratory_only,探索性,金标准总分－对应金标准条目分；HAMD14金标准9视为无法评估且总分已不含该项,0.8522147785221478,0.7476161474761615,FDR不显著,FDR不显著,not_estimable
HAMD-17,PDCH共同24人验证,Qwen3.7-Max,思考,7,C07：全文｜规整｜逐条评分｜不清洗,全文,规整,不清洗,16,体重减轻,Spearman秩相关,24,24,24,0,0,3,13,0.2877812036972071,-0.12292591937953111,0.6053506614681803,0.1726854507624873,0.1738826117388261,0.258888758412039,-0.14471832246193736,0.5920335835528179,0.22188025898252298,0.22667733226677333,-0.0288924452851681,-0.1058893510617507,0.0,0.8996027366833601,exploratory_only,探索性,金标准总分－对应金标准条目分；HAMD14金标准9视为无法评估且总分已不含该项,0.20386237238345128,0.29642420373347284,FDR不显著,FDR不显著,not_estimable
HAMD-17,PDCH共同24人验证,Qwen3.7-Max,思考,7,C07：全文｜规整｜逐条评分｜不清洗,全文,规整,不清洗,17,自知力,Spearman秩相关,24,24,24,0,0,2,13,0.13023490600468626,-0.39351400354263116,0.6025595522413746,0.5441490952863136,0.5505449455054494,0.08937872419109688,-0.4408118590660083,0.5799999595785057,0.6779057053155201,0.6891310868913109,-0.04085618181358938,-0.1205037652661726,0.00016094911472374588,0.6862885453142704,exploratory_only,探索性,金标准总分－对应金标准条目分；HAMD14金标准9视为无法评估且总分已不含该项,0.5715581113644361,0.7322017798220178,FDR不显著,FDR不显著,not_estimable
HAMD-17,PDCH共同24人验证,Qwen3.7-Max,思考,8,C08：全文｜规整｜逐条评分｜清洗,全文,规整,清洗,1,抑郁情绪,Spearman秩相关,24,24,24,0,0,4,13,0.5436562613397639,0.09272644759171297,0.8895820770037806,0.006035175479951683,0.0081991800819918,0.4016567419096238,-0.06543631209077053,0.7898237793307568,0.051716136757987585,0.04989501049895011,-0.14199951943014005,-0.3441982037059552,-0.022538659985234924,0.7388064305923704,exploratory_only,探索性,金标准总分－对应金标准条目分；HAMD14金标准9视为无法评估且总分已不含该项,0.01858480818584808,0.09979002099790021,FDR显著,FDR不显著,not_estimable
HAMD-17,PDCH共同24人验证,Qwen3.7-Max,思考,8,C08：全文｜规整｜逐条评分｜清洗,全文,规整,清洗,2,有罪感,Spearman秩相关,24,24,24,0,0,4,13,0.4122236652727775,0.025805079556816872,0.7204340892804878,0.04531831279029276,0.0448955104489551,0.30413209801648816,-0.14373762387318545,0.6762439388248627,0.1484899085749555,0.14628537146285372,-0.10809156725628932,-0.28169856594313736,-0.0030153219390176888,0.7377841779540659,exploratory_only,探索性,金标准总分－对应金标准条目分；HAMD14金标准9视为无法评估且总分已不含该项,0.07099755140764993,0.22105345021053452,FDR不显著,FDR不显著,not_estimable
HAMD-17,PDCH共同24人验证,Qwen3.7-Max,思考,8,C08：全文｜规整｜逐条评分｜清洗,全文,规整,清洗,3,自杀,Spearman秩相关,24,24,24,0,0,5,13,0.2776984471621138,-0.14314316110930206,0.6502755260725762,0.1889025331668644,0.18388161183881613,0.1436247066672777,-0.2662376640274866,0.5564160468896937,0.5031526340642387,0.5055494450554945,-0.13407374049483609,-0.28940831287394797,-0.02589005828878151,0.5171966503054768,exploratory_only,探索性,金标准总分－对应金标准条目分；HAMD14金标准9视为无法评估且总分已不含该项,0.21374272829127344,0.5729560377295605,FDR不显著,FDR不显著,not_estimable
HAMD-17,PDCH共同24人验证,Qwen3.7-Max,思考,8,C08：全文｜规整｜逐条评分｜清洗,全文,规整,清洗,4,入睡困难,Spearman秩相关,24,24,24,0,0,3,13,0.35065230859121155,-0.13791052410866006,0.7289014544932793,0.0929652437704107,0.0908909109089091,0.3221757018578064,-0.16363916362906172,0.7208179740679101,0.12469868233024912,0.12188781121887811,-0.02847660673340513,-0.09199126969128761,0.0,0.9187896214121236,exploratory_only,探索性,金标准总分－对应金标准条目分；HAMD14金标准9视为无法评估且总分已不含该项,0.1188573450347273,0.19053726811226923,FDR不显著,FDR不显著,not_estimable
HAMD-17,PDCH共同24人验证,Qwen3.7-Max,思考,8,C08：全文｜规整｜逐条评分｜清洗,全文,规整,清洗,5,睡眠不深,Spearman秩相关,24,24,24,0,0,3,13,0.18170536200597506,-0.22773706383030615,0.5685384235455504,0.3954601499724386,0.39816018398160186,0.046278368964564706,-0.3818305015558548,0.47108259033107375,0.8299790532006016,0.8291170882911709,-0.13542699304141037,-0.28888449087948825,-0.028123650554616398,0.25468906615448655,exploratory_only,探索性,金标准总分－对应金标准条目分；HAMD14金标准9视为无法评估且总分已不含该项,0.423045195480452,0.8478189775007462,FDR不显著,FDR不显著,not_estimable
HAMD-17,PDCH共同24人验证,Qwen3.7-Max,思考,8,C08：全文｜规整｜逐条评分｜清洗,全文,规整,清洗,6,早醒,Spearman秩相关,24,24,24,0,0,3,13,0.45226847193966546,0.05493440105059582,0.7434470584346177,0.026491707750088904,0.024697530246975304,0.4532543420149537,0.0343137327791579,0.7533519434426149,0.026123791181433063,0.028597140285971403,0.00098587007528822,-0.10429374495283601,0.09439871902380165,1.0021798337413619,exploratory_only,探索性,金标准总分－对应金标准条目分；HAMD14金标准9视为无法评估且总分已不含该项,0.04665089046650891,0.06272921094987276,FDR显著,FDR不显著,not_estimable
HAMD-17,PDCH共同24人验证,Qwen3.7-Max,思考,8,C08：全文｜规整｜逐条评分｜清洗,全文,规整,清洗,7,工作和活动,Spearman秩相关,24,24,24,0,0,5,13,0.37256295715276455,-0.045446029522924966,0.709374323873422,0.07298453673068062,0.0710928907109289,0.29271188011880833,-0.12264959562878812,0.6841195377139153,0.16511829025200683,0.1606839316068393,-0.07985107703395622,-0.3186437933887594,0.11758818960979536,0.7856709168184578,exploratory_only,探索性,金标准总分－对应金标准条目分；HAMD14金标准9视为无法评估且总分已不含该项,0.09668633136686332,0.23497865267236714,FDR不显著,FDR不显著,not_estimable
HAMD-17,PDCH共同24人验证,Qwen3.7-Max,思考,8,C08：全文｜规整｜逐条评分｜清洗,全文,规整,清洗,8,迟滞,Spearman秩相关,24,24,24,0,0,3,13,0.5297118895919712,0.111183132630508,0.8229620151274903,0.007764416569738089,0.008999100089991,0.46228542397784544,0.01799075820288108,0.8110352949391396,0.02294087913351971,0.021497850214978503,-0.0674264656141258,-0.2671923371516795,0.04867899476847483,0.8727110587114377,exploratory_only,探索性,金标准总分－对应金标准条目分；HAMD14金标准9视为无法评估且总分已不含该项,0.020063567413750427,0.050408752228225454,FDR显著,FDR不显著,not_estimable
HAMD-17,PDCH共同24人验证,Qwen3.7-Max,思考,8,C08：全文｜规整｜逐条评分｜清洗,全文,规整,清洗,9,激越,Spearman秩相关,24,24,24,0,0,3,13,0.48437449151118933,0.11489805949787801,0.7908765675008943,0.01645848292763255,0.020597940205979402,0.4480377754641816,0.060882590482675705,0.7752661395649618,0.028118061758949535,0.029097090290970903,-0.03633671604700772,-0.10751237057453458,0.00025844126628676064,0.924982184892434,exploratory_only,探索性,金标准总分－对应金标准条目分；HAMD14金标准9视为无法评估且总分已不含该项,0.04059883866685795,0.06281276634241338,FDR显著,FDR不显著,not_estimable
HAMD-17,PDCH共同24人验证,Qwen3.7-Max,思考,8,C08：全文｜规整｜逐条评分｜清洗,全文,规整,清洗,10,精神性焦虑,Spearman秩相关,24,24,24,0,0,4,13,0.49053616779722803,0.06684738398272452,0.7975641966787769,0.014945770312672843,0.016798320167983202,0.4746264505294191,0.03635207431643076,0.788728731869131,0.01910506312738541,0.021397860213978603,-0.01590971726780893,-0.08239341078412137,0.030219181209021666,0.9675666784383052,exploratory_only,探索性,金标准总分－对应金标准条目分；HAMD14金标准9视为无法评估且总分已不含该项,0.03461472034614721,0.050408752228225454,FDR显著,FDR不显著,not_estimable
HAMD-17,PDCH共同24人验证,Qwen3.7-Max,思考,8,C08：全文｜规整｜逐条评分｜清洗,全文,规整,清洗,11,躯体性焦虑,Spearman秩相关,24,24,24,0,0,4,13,0.6194756545391166,0.15568602220285246,0.911253385701547,0.0012460774553891439,0.0014998500149985001,0.5619212500062679,0.11262101273465083,0.866418147469267,0.004267958151709447,0.004299570042995701,-0.05755440453284866,-0.19174803741070046,0.026941804843203212,0.9070917410375577,exploratory_only,探索性,金标准总分－对应金标准条目分；HAMD14金标准9视为无法评估且总分已不含该项,0.0053678842642051585,0.01827317268273173,FDR显著,FDR显著,not_estimable
HAMD-17,PDCH共同24人验证,Qwen3.7-Max,思考,8,C08：全文｜规整｜逐条评分｜清洗,全文,规整,清洗,12,胃肠道症状,Spearman秩相关,24,24,24,0,0,3,13,0.22557782541726992,-0.18742575738029846,0.6011840986320521,0.2892156514036668,0.2832716728327167,0.10410674902399578,-0.33615471489535625,0.5208617490894096,0.628308298675606,0.620937906209379,-0.12147107639327415,-0.3067962940067365,-0.015652788804573575,0.46151144879343053,exploratory_only,探索性,金标准总分－对应金标准条目分；HAMD14金标准9视为无法评估且总分已不含该项,0.30819958004199577,0.6755804419558045,FDR不显著,FDR不显著,not_estimable
HAMD-17,PDCH共同24人验证,Qwen3.7-Max,思考,8,C08：全文｜规整｜逐条评分｜清洗,全文,规整,清洗,13,全身症状,Spearman秩相关,24,24,24,0,0,3,13,0.4749175948326838,0.04265573924060755,0.8074518771359545,0.019021299820392423,0.0182981701829817,0.3408063604777264,-0.16685718660197807,0.728426187766759,0.10316722858623341,0.10438956104389562,-0.13411123435495742,-0.3328367432455106,-0.02417809733988815,0.7176115692192756,exploratory_only,探索性,金标准总分－对应金标准条目分；HAMD14金标准9视为无法评估且总分已不含该项,0.03714255440127629,0.17313390612158297,FDR显著,FDR不显著,not_estimable
HAMD-17,PDCH共同24人验证,Qwen3.7-Max,思考,8,C08：全文｜规整｜逐条评分｜清洗,全文,规整,清洗,14,性症状,Spearman秩相关,24,15,15,9,9,3,13,0.6656109784878433,0.188341343336522,0.9158871170767119,0.0067597815646106806,0.009499050094990502,0.5868938953886337,0.024590466359372717,0.8790823391879748,0.021448286175614457,0.024897510248975102,-0.07871708309920966,-0.24990643805298426,0.0,0.881737102236442,not_estimable,不可估计,金标准总分－对应金标准条目分；HAMD14金标准9视为无法评估且总分已不含该项,0.020505885919344574,0.05643435656434357,FDR显著,FDR不显著,not_estimable
HAMD-17,PDCH共同24人验证,Qwen3.7-Max,思考,8,C08：全文｜规整｜逐条评分｜清洗,全文,规整,清洗,15,疑病,Spearman秩相关,24,24,24,0,0,3,13,0.33298840740962565,-0.04921424752326039,0.6606377898679123,0.1118394765579954,0.11558844115588442,0.22473063754204456,-0.19532230956227065,0.5840303215997554,0.2910788448750014,0.2856714328567143,-0.1082577698675811,-0.2667588186854367,0.000599649412349757,0.6748902740796985,exploratory_only,探索性,金标准总分－对应金标准条目分；HAMD14金标准9视为无法评估且总分已不含该项,0.1469161495065447,0.34688673989743884,FDR不显著,FDR不显著,not_estimable
HAMD-17,PDCH共同24人验证,Qwen3.7-Max,思考,8,C08：全文｜规整｜逐条评分｜清洗,全文,规整,清洗,16,体重减轻,Spearman秩相关,24,24,24,0,0,3,13,0.1458631641425949,-0.341384311728567,0.5562448685829801,0.4964505359604071,0.49645035496450357,0.12395436314800344,-0.3353221406497166,0.549084401789987,0.5638951505142811,0.5587441255874412,-0.021908800994591457,-0.08653416871357301,0.0030383264019881607,0.8497989459958954,exploratory_only,探索性,金标准总分－对应金标准条目分；HAMD14金标准9视为无法评估且总分已不含该项,0.5193634482705576,0.6128161377410646,FDR不显著,FDR不显著,not_estimable
HAMD-17,PDCH共同24人验证,Qwen3.7-Max,思考,8,C08：全文｜规整｜逐条评分｜清洗,全文,规整,清洗,17,自知力,Spearman秩相关,24,24,24,0,0,2,13,0.29423194619643894,-0.1622360009943882,0.6634092708485269,0.16283297890323464,0.16918308169183083,0.24476122950320098,-0.25153303488853634,0.6600268858591603,0.2490302157898865,0.2516748325167483,-0.049470716693237965,-0.13365113722757832,0.0,0.8318649034112371,exploratory_only,探索性,金标准总分－对应金标准条目分；HAMD14金标准9视为无法评估且总分已不含该项,0.20007738356599125,0.31692386316923865,FDR不显著,FDR不显著,not_estimable
HAMD-17,PDCH共同24人验证,Qwen3.7-Max,思考,11,C11：事件序列｜不规整｜逐条评分｜不清洗,事件序列,不规整,不清洗,1,抑郁情绪,Spearman秩相关,24,24,24,0,0,4,15,0.7387882390527647,0.4714882225317978,0.8979540344330178,3.740174931764833e-05,9.999000099990002e-05,0.646470478048966,0.29551864962080265,0.8635321554172016,0.0006419890484240378,0.0012998700129987,-0.09231776100379874,-0.2254853913300087,0.0002917112421966978,0.8750416477634191,exploratory_only,探索性,金标准总分－对应金标准条目分；HAMD14金标准9视为无法评估且总分已不含该项,0.0011332200113322,0.011898810118988102,FDR显著,FDR显著,not_estimable
HAMD-17,PDCH共同24人验证,Qwen3.7-Max,思考,11,C11：事件序列｜不规整｜逐条评分｜不清洗,事件序列,不规整,不清洗,2,有罪感,Spearman秩相关,24,24,24,0,0,3,15,0.38760708463758575,-0.0009497154032181744,0.6743766621925574,0.06128523771940747,0.059494050594940506,0.2690562757322803,-0.1701248398324002,0.6128543142524654,0.20360921030726611,0.20037996200379962,-0.11855080890530545,-0.2565772083680978,-0.020556682935327766,0.6941469503423784,exploratory_only,探索性,金标准总分－对应金标准条目分；HAMD14金标准9视为无法评估且总分已不含该项,0.08517043032538853,0.28094510136615203,FDR不显著,FDR不显著,not_estimable
HAMD-17,PDCH共同24人验证,Qwen3.7-Max,思考,11,C11：事件序列｜不规整｜逐条评分｜不清洗,事件序列,不规整,不清洗,3,自杀,Spearman秩相关,24,24,24,0,0,5,15,0.3908606867988233,0.034203118720953635,0.681224379028902,0.058956635016406744,0.058894110588941104,0.19990524826799733,-0.20154574111247955,0.570356943574644,0.34898886539376306,0.33866613338666135,-0.19095543853082597,-0.39437366479027774,-0.04733139780296618,0.5114488487067744,exploratory_only,探索性,金标准总分－对应金标准条目分；HAMD14金标准9视为无法评估且总分已不含该项,0.08517043032538853,0.40050951426596476,FDR不显著,FDR不显著,not_estimable
HAMD-17,PDCH共同24人验证,Qwen3.7-Max,思考,11,C11：事件序列｜不规整｜逐条评分｜不清洗,事件序列,不规整,不清洗,4,入睡困难,Spearman秩相关,24,24,24,0,0,3,15,0.6018687770062361,0.20937247767325137,0.874508893278815,0.0018610549720120067,0.0026997300269973002,0.5819256640999266,0.19464227393688657,0.8497012926312217,0.002853672717460029,0.004299570042995701,-0.019943112906309457,-0.06842415959744753,0.0,0.9668646826879627,exploratory_only,探索性,金标准总分－对应金标准条目分；HAMD14金标准9视为无法评估且总分已不含该项,0.007981810514600713,0.01827317268273173,FDR显著,FDR显著,not_estimable
HAMD-17,PDCH共同24人验证,Qwen3.7-Max,思考,11,C11：事件序列｜不规整｜逐条评分｜不清洗,事件序列,不规整,不清洗,5,睡眠不深,Spearman秩相关,24,24,24,0,0,3,15,0.25307402518722805,-0.1764249597833477,0.6149726443385181,0.2328052524610306,0.23317668233176683,0.08045506369389153,-0.3514271620562351,0.5141493111058519,0.7086175451339575,0.7097290270972902,-0.1726189614933365,-0.33687192134903415,-0.054706439328857714,0.31791118679354646,exploratory_only,探索性,金标准总分－对应金标准条目分；HAMD14金标准9视为无法评估且总分已不含该项,0.25993466227147777,0.7404511457251222,FDR不显著,FDR不显著,not_estimable
HAMD-17,PDCH共同24人验证,Qwen3.7-Max,思考,11,C11：事件序列｜不规整｜逐条评分｜不清洗,事件序列,不规整,不清洗,6,早醒,Spearman秩相关,24,24,24,0,0,3,15,0.4256172701823151,0.023213343795498532,0.7159108413895241,0.038119272799016744,0.038396160383961604,0.35921319011160807,-0.058964615786408964,0.6785291827313226,0.08472363229362613,0.0816918308169183,-0.06640408007070703,-0.18153705737473236,0.024502089899659737,0.843981706752025,exploratory_only,探索性,金标准总分－对应金标准条目分；HAMD14金标准9视为无法评估且总分已不含该项,0.06446762731134295,0.14428687001429727,FDR不显著,FDR不显著,not_estimable
HAMD-17,PDCH共同24人验证,Qwen3.7-Max,思考,11,C11：事件序列｜不规整｜逐条评分｜不清洗,事件序列,不规整,不清洗,7,工作和活动,Spearman秩相关,24,24,24,0,0,5,15,0.6603227233816692,0.3749342973754506,0.8419420928970425,0.00044549997492691516,0.0005999400059994001,0.5165790012849792,0.1548141606795471,0.78670927306304,0.009752103374165528,0.011198880111988802,-0.14374372209668995,-0.36974403540635165,0.009410276868164967,0.7823129251700679,exploratory_only,探索性,金标准总分－对应金标准条目分；HAMD14金标准9视为无法评估且总分已不含该项,0.0031381477236891698,0.032405270111286744,FDR显著,FDR显著,not_estimable
HAMD-17,PDCH共同24人验证,Qwen3.7-Max,思考,11,C11：事件序列｜不规整｜逐条评分｜不清洗,事件序列,不规整,不清洗,8,迟滞,Spearman秩相关,24,24,24,0,0,3,15,0.5032450831202383,0.16059300772241453,0.722428626053901,0.012183720889849026,0.0124987501249875,0.4447140603473226,0.0,0.7246425033333859,0.02945103259951758,0.0306969303069693,-0.05853102277291572,-0.25093208058408606,0.05824220975972983,0.8836928074686601,exploratory_only,探索性,金标准总分－对应金标准条目分；HAMD14金标准9视为无法评估且总分已不含该项,0.02615123103074308,0.06523097690230976,FDR显著,FDR不显著,not_estimable
HAMD-17,PDCH共同24人验证,Qwen3.7-Max,思考,11,C11：事件序列｜不规整｜逐条评分｜不清洗,事件序列,不规整,不清洗,9,激越,Spearman秩相关,24,24,24,0,0,3,15,0.5595153066971477,0.20609810595769806,0.7917442912785703,0.0044722269265081065,0.0053994600539946005,0.5521822451927547,0.17049570226730995,0.784455080857802,0.0051462645936438175,0.0066993300669933005,-0.007333061504392946,-0.07778032621250335,0.06716711682868218,0.9868939036758789,exploratory_only,探索性,金标准总分－对应金标准条目分；HAMD14金标准9视为无法评估且总分已不含该项,0.012882922234092379,0.022553842176757936,FDR显著,FDR显著,not_estimable
HAMD-17,PDCH共同24人验证,Qwen3.7-Max,思考,11,C11：事件序列｜不规整｜逐条评分｜不清洗,事件序列,不规整,不清洗,10,精神性焦虑,Spearman秩相关,24,24,24,0,0,4,15,0.726278593479396,0.4043745635036453,0.8954590062061148,5.865350301794634e-05,0.00019998000199980003,0.6805569392432796,0.35364678489706225,0.8558822866448724,0.0002524657783440085,0.00039996000399960006,-0.045721654236116405,-0.13913573748418573,0.022910273512514838,0.937046672383559,exploratory_only,探索性,金标准总分－对应金标准条目分；HAMD14金标准9视为无法评估且总分已不含该项,0.0016998300169983002,0.0084991500849915,FDR显著,FDR显著,not_estimable
HAMD-17,PDCH共同24人验证,Qwen3.7-Max,思考,11,C11：事件序列｜不规整｜逐条评分｜不清洗,事件序列,不规整,不清洗,11,躯体性焦虑,Spearman秩相关,24,24,24,0,0,4,15,0.7438598630750907,0.4614572476299679,0.9198160733521673,3.0942909622393267e-05,9.999000099990002e-05,0.6260064288479382,0.22810727864897812,0.8823185177611503,0.0010672918103085606,0.0015998400159984002,-0.11785343422715244,-0.29609574026301794,-0.001410354627797,0.8415650042738555,exploratory_only,探索性,金标准总分－对应金标准条目分；HAMD14金标准9视为无法评估且总分已不含该项,0.0011332200113322,0.012087680120876802,FDR显著,FDR显著,not_estimable
HAMD-17,PDCH共同24人验证,Qwen3.7-Max,思考,11,C11：事件序列｜不规整｜逐条评分｜不清洗,事件序列,不规整,不清洗,12,胃肠道症状,Spearman秩相关,24,24,24,0,0,3,15,0.4250116153791958,0.05502648807822537,0.7111183560712213,0.03842395933748654,0.040695930406959305,0.2578723037723615,-0.17258783172504694,0.6472677036753497,0.2237649370604399,0.22227777222277773,-0.16713931160683432,-0.367803183060843,-0.03406706009555805,0.6067417793800471,exploratory_only,探索性,金标准总分－对应金标准条目分；HAMD14金标准9视为无法评估且总分已不含该项,0.06668248837766826,0.2953413396524425,FDR不显著,FDR不显著,not_estimable
HAMD-17,PDCH共同24人验证,Qwen3.7-Max,思考,11,C11：事件序列｜不规整｜逐条评分｜不清洗,事件序列,不规整,不清洗,13,全身症状,Spearman秩相关,24,24,24,0,0,3,15,0.8000306727531746,0.6046472839575228,0.9045200246871138,2.7019832718323353e-06,9.999000099990002e-05,0.6814868535902836,0.3192543454627119,0.8837906197882518,0.000245704764806348,0.0004999500049995,-0.11854381916289103,-0.297217804975432,-0.009347438365299958,0.8518259071806061,exploratory_only,探索性,金标准总分－对应金标准条目分；HAMD14金标准9视为无法评估且总分已不含该项,0.0011332200113322,0.0084991500849915,FDR显著,FDR显著,not_estimable
HAMD-17,PDCH共同24人验证,Qwen3.7-Max,思考,11,C11：事件序列｜不规整｜逐条评分｜不清洗,事件序列,不规整,不清洗,14,性症状,Spearman秩相关,24,18,18,6,6,3,15,0.6801932938473141,0.27779251827084755,0.8705844158529522,0.0018950980523444348,0.0020997900209979003,0.6260653918113653,0.18349297601421502,0.8546236152778659,0.0054440857565755865,0.0082991700829917,-0.05412790203594875,-0.17645144163783189,0.0,0.9204227643442496,not_estimable,不可估计,金标准总分－对应金标准条目分；HAMD14金标准9视为无法评估且总分已不含该项,0.006799320067993201,0.0256519802565198,FDR显著,FDR显著,not_estimable
HAMD-17,PDCH共同24人验证,Qwen3.7-Max,思考,11,C11：事件序列｜不规整｜逐条评分｜不清洗,事件序列,不规整,不清洗,15,疑病,Spearman秩相关,24,24,24,0,0,3,15,0.20126067247549678,-0.2490636304655376,0.5687809608961458,0.34566266230282305,0.34026597340265974,0.07924167445726396,-0.38213637763412184,0.5050239752141478,0.7128290699650851,0.7132286771322868,-0.12201899801823282,-0.30731895882161064,-0.009089446514514562,0.3937265710314643,exploratory_only,探索性,金标准总分－对应金标准条目分；HAMD14金标准9视为无法评估且总分已不含该项,0.364379310100486,0.7404511457251222,FDR不显著,FDR不显著,not_estimable
HAMD-17,PDCH共同24人验证,Qwen3.7-Max,思考,11,C11：事件序列｜不规整｜逐条评分｜不清洗,事件序列,不规整,不清洗,16,体重减轻,Spearman秩相关,24,24,24,0,0,3,15,0.3812064477677166,-0.03343948440602651,0.7074528912355609,0.0660721286113642,0.06669333066693331,0.3492368161296929,-0.09800019767537373,0.6990974139938677,0.09438361540026337,0.09569043095690431,-0.03196963163802374,-0.12389995416536083,0.0007651761594212181,0.91613564821573,exploratory_only,探索性,金标准总分－对应金标准条目分；HAMD14金标准9视为无法评估且总分已不含该项,0.09255400990513193,0.16267373262673732,FDR不显著,FDR不显著,not_estimable
HAMD-17,PDCH共同24人验证,Qwen3.7-Max,思考,11,C11：事件序列｜不规整｜逐条评分｜不清洗,事件序列,不规整,不清洗,17,自知力,Spearman秩相关,24,24,24,0,0,2,15,0.11204226201235777,-0.34842412658102234,0.553018951511232,0.602201706114699,0.5809419058094191,0.0745632203735092,-0.39706874980513396,0.5163548014096151,0.7291427831869053,0.7102289771022897,-0.037479041638848576,-0.12029656146221823,8.841733143269068e-05,0.6654919227289895,exploratory_only,探索性,金标准总分－对应金标准条目分；HAMD14金标准9视为无法评估且总分已不含该项,0.5896126805229925,0.7404511457251222,FDR不显著,FDR不显著,not_estimable
HAMD-17,PDCH共同24人验证,Qwen3.7-Max,思考,12,C12：事件序列｜不规整｜逐条评分｜清洗,事件序列,不规整,清洗,1,抑郁情绪,Spearman秩相关,24,24,24,0,0,4,17,0.745019284352427,0.5113547955405606,0.9069173672712291,2.9612523004217415e-05,0.00019998000199980003,0.6325534031744863,0.28022252695027383,0.8683165633250585,0.0009106332665141401,0.0007999200079992001,-0.11246588117794076,-0.29777258422632596,0.007421549022395288,0.8490429931948722,exploratory_only,探索性,金标准总分－对应金标准条目分；HAMD14金标准9视为无法评估且总分已不含该项,0.0016998300169983002,0.0101989801019898,FDR显著,FDR显著,not_estimable
HAMD-17,PDCH共同24人验证,Qwen3.7-Max,思考,12,C12：事件序列｜不规整｜逐条评分｜清洗,事件序列,不规整,清洗,2,有罪感,Spearman秩相关,24,24,24,0,0,3,17,0.4329412922604745,0.06120085880638466,0.7009778628578588,0.034583796593240776,0.034396560343965606,0.32993281596548363,-0.09619065606853447,0.6434829366013789,0.11537026003314815,0.11178882111788821,-0.10300847629499088,-0.2344537094188204,-0.009027251955339897,0.7620728765390737,exploratory_only,探索性,金标准总分－对应金标准条目分；HAMD14金标准9视为无法评估且总分已不含该项,0.06075236632180939,0.17886211378862113,FDR不显著,FDR不显著,not_estimable
HAMD-17,PDCH共同24人验证,Qwen3.7-Max,思考,12,C12：事件序列｜不规整｜逐条评分｜清洗,事件序列,不规整,清洗,3,自杀,Spearman秩相关,24,24,24,0,0,5,17,0.5790885718869028,0.2680081879682832,0.8032560080047371,0.0030259935197780845,0.0030996900309969004,0.4056620615788595,0.02817158195087386,0.7158896586259743,0.049213293579947845,0.05089491050894911,-0.1734265103080433,-0.3985737931633943,-0.022226874898017553,0.700518161249582,exploratory_only,探索性,金标准总分－对应金标准条目分；HAMD14金标准9视为无法评估且总分已不含该项,0.008265840082658401,0.10031460622053737,FDR显著,FDR不显著,not_estimable
HAMD-17,PDCH共同24人验证,Qwen3.7-Max,思考,12,C12：事件序列｜不规整｜逐条评分｜清洗,事件序列,不规整,清洗,4,入睡困难,Spearman秩相关,24,24,24,0,0,3,17,0.6242844831979627,0.25724850463948523,0.8749305956871615,0.0011121463213827564,0.0012998700129987,0.6051057326807353,0.23479002255833384,0.8685235794287176,0.0017317435610131535,0.0033996600339966003,-0.019178750517227394,-0.06462946660010181,0.0,0.9692788287497036,exploratory_only,探索性,金标准总分－对应金标准条目分；HAMD14金标准9视为无法评估且总分已不含该项,0.0051994800519948,0.017124213504575467,FDR显著,FDR显著,not_estimable
HAMD-17,PDCH共同24人验证,Qwen3.7-Max,思考,12,C12：事件序列｜不规整｜逐条评分｜清洗,事件序列,不规整,清洗,5,睡眠不深,Spearman秩相关,24,24,24,0,0,3,17,0.37779818659755254,-0.04661558283783683,0.70801370057331,0.06873522414046086,0.07089291070892911,0.23194252596437204,-0.21611410735003725,0.6240361595615126,0.27545745330470134,0.27977202279772023,-0.1458556606331805,-0.3175976709585043,-0.020199119046669028,0.613932343226008,exploratory_only,探索性,金标准总分－对应金标准条目分；HAMD14金标准9视为无法评估且总分已不含该项,0.09668633136686332,0.3427837396440536,FDR不显著,FDR不显著,not_estimable
HAMD-17,PDCH共同24人验证,Qwen3.7-Max,思考,12,C12：事件序列｜不规整｜逐条评分｜清洗,事件序列,不规整,清洗,6,早醒,Spearman秩相关,24,24,24,0,0,3,17,0.4726576399045758,0.03215234649513308,0.7634289006513351,0.019679393035038587,0.0198980101989801,0.4556371787654027,0.023259566265118103,0.7518858755789298,0.025251470002795384,0.027897210278972105,-0.017020461139173104,-0.1026992401747313,0.061382628448845816,0.9639898740606216,exploratory_only,探索性,金标准总分－对应金标准条目分；HAMD14金标准9视为无法评估且总分已不含该项,0.0397960203979602,0.062197058982626334,FDR显著,FDR不显著,not_estimable
HAMD-17,PDCH共同24人验证,Qwen3.7-Max,思考,12,C12：事件序列｜不规整｜逐条评分｜清洗,事件序列,不规整,清洗,7,工作和活动,Spearman秩相关,24,24,24,0,0,5,17,0.711524653023679,0.42205665475647247,0.8760157154923711,9.677659131880483e-05,0.00019998000199980003,0.5913530274652904,0.24284739908790737,0.8460167226275431,0.0023395157404805978,0.0022997700229977,-0.12017162555838856,-0.33342265388399395,0.025177384292155967,0.8311068702290075,exploratory_only,探索性,金标准总分－对应金标准条目分；HAMD14金标准9视为无法评估且总分已不含该项,0.0016998300169983002,0.0142167601421676,FDR显著,FDR显著,not_estimable
HAMD-17,PDCH共同24人验证,Qwen3.7-Max,思考,12,C12：事件序列｜不规整｜逐条评分｜清洗,事件序列,不规整,清洗,8,迟滞,Spearman秩相关,24,24,24,0,0,3,17,0.5909107382582653,0.2812900339967928,0.7817997697330712,0.002361739598923949,0.0029997000299970002,0.5158598223173221,0.07895887568389798,0.7996990457589871,0.009872097844041092,0.012798720127987202,-0.07505091594094326,-0.2866052402321302,0.054909551869418496,0.872991111716536,exploratory_only,探索性,金标准总分－对应金标准条目分；HAMD14金标准9视为无法评估且总分已不含该项,0.008265840082658401,0.034129920341299205,FDR显著,FDR显著,not_estimable
HAMD-17,PDCH共同24人验证,Qwen3.7-Max,思考,12,C12：事件序列｜不规整｜逐条评分｜清洗,事件序列,不规整,清洗,9,激越,Spearman秩相关,24,24,24,0,0,3,17,0.6241602131916522,0.3360110184407076,0.8099224310534989,0.0011154450656561175,0.0007999200079992001,0.6079580715071082,0.3092643508301651,0.8193193229136083,0.0016242327886352925,0.001999800019998,-0.016202141684543925,-0.08861670606075586,0.03639646119819098,0.9740416941962801,exploratory_only,探索性,金标准总分－对应金标准条目分；HAMD14金标准9视为无法评估且总分已不含该项,0.0037513490030307312,0.013598640135986401,FDR显著,FDR显著,not_estimable
HAMD-17,PDCH共同24人验证,Qwen3.7-Max,思考,12,C12：事件序列｜不规整｜逐条评分｜清洗,事件序列,不规整,清洗,10,精神性焦虑,Spearman秩相关,24,24,24,0,0,4,17,0.7893307626322272,0.5412060949579708,0.917106977177405,4.543241885321301e-06,9.999000099990002e-05,0.7398167248727519,0.47395335084090967,0.8832272385144603,3.600359906050318e-05,0.00029997000299970003,-0.04951403775947538,-0.14568215437663404,0.0072413080303483784,0.937270862731413,exploratory_only,探索性,金标准总分－对应金标准条目分；HAMD14金标准9视为无法评估且总分已不含该项,0.0011332200113322,0.0084991500849915,FDR显著,FDR显著,not_estimable
HAMD-17,PDCH共同24人验证,Qwen3.7-Max,思考,12,C12：事件序列｜不规整｜逐条评分｜清洗,事件序列,不规整,清洗,11,躯体性焦虑,Spearman秩相关,24,24,24,0,0,4,17,0.7461509287563236,0.4428252503198303,0.929821161773889,2.8362879966353887e-05,9.999000099990002e-05,0.610623027975355,0.21657277982382778,0.8854290531361846,0.0015289902036153614,0.0017998200179982,-0.13552790078096866,-0.3176184247657891,-0.022131090399892556,0.8183639588750964,exploratory_only,探索性,金标准总分－对应金标准条目分；HAMD14金标准9视为无法评估且总分已不含该项,0.0011332200113322,0.01288292223409238,FDR显著,FDR显著,not_estimable
HAMD-17,PDCH共同24人验证,Qwen3.7-Max,思考,12,C12：事件序列｜不规整｜逐条评分｜清洗,事件序列,不规整,清洗,12,胃肠道症状,Spearman秩相关,24,24,24,0,0,3,17,0.3869786474569953,0.01413387219388821,0.699547922071841,0.061743053828343705,0.06519348065193481,0.262648905994752,-0.13684861504344917,0.6490520589457799,0.21500036289889296,0.2126787321267873,-0.12432974146224329,-0.2828254205240847,-0.01565005280159845,0.6787167915354814,exploratory_only,探索性,金标准总分－对应金标准条目分；HAMD14金标准9视为无法评估且总分已不含该项,0.09140529246044468,0.2921647229216472,FDR不显著,FDR不显著,not_estimable
HAMD-17,PDCH共同24人验证,Qwen3.7-Max,思考,12,C12：事件序列｜不规整｜逐条评分｜清洗,事件序列,不规整,清洗,13,全身症状,Spearman秩相关,24,24,24,0,0,3,17,0.7926297862062534,0.5799246236169194,0.9125094688096222,3.883019800956233e-06,9.999000099990002e-05,0.6603004714549632,0.32504527180504084,0.8718708394872131,0.0004457680699610414,0.0006999300069993001,-0.13232931475129017,-0.319407283504896,-0.0159540501676039,0.8330502877205068,exploratory_only,探索性,金标准总分－对应金标准条目分；HAMD14金标准9视为无法评估且总分已不含该项,0.0011332200113322,0.0101989801019898,FDR显著,FDR显著,not_estimable
HAMD-17,PDCH共同24人验证,Qwen3.7-Max,思考,12,C12：事件序列｜不规整｜逐条评分｜清洗,事件序列,不规整,清洗,14,性症状,Spearman秩相关,24,18,18,6,6,3,17,0.6801932938473141,0.2945677792930481,0.8746930893610959,0.0018950980523444348,0.0026997300269973002,0.6260653918113653,0.16845888871667822,0.8572678412285949,0.0054440857565755865,0.007499250074992501,-0.05412790203594875,-0.17178203697796882,0.0,0.9204227643442496,not_estimable,不可估计,金标准总分－对应金标准条目分；HAMD14金标准9视为无法评估且总分已不含该项,0.007981810514600713,0.023718558376720468,FDR显著,FDR显著,not_estimable
HAMD-17,PDCH共同24人验证,Qwen3.7-Max,思考,12,C12：事件序列｜不规整｜逐条评分｜清洗,事件序列,不规整,清洗,15,疑病,Spearman秩相关,24,24,24,0,0,3,17,0.2638931193612662,-0.17061356055893595,0.6379790424237253,0.21275567540050458,0.21307869213078692,0.1263742023931325,-0.3367107388116417,0.5572003797698623,0.5562492728465844,0.5535446455354465,-0.1375189169681337,-0.31318881422218364,-0.01600430207624375,0.4788840372155663,exploratory_only,探索性,金标准总分－对应金标准条目分；HAMD14金标准9视为无法评估且总分已不含该项,0.23949340603129768,0.6120493641692741,FDR不显著,FDR不显著,not_estimable
HAMD-17,PDCH共同24人验证,Qwen3.7-Max,思考,12,C12：事件序列｜不规整｜逐条评分｜清洗,事件序列,不规整,清洗,16,体重减轻,Spearman秩相关,24,24,24,0,0,3,17,0.3984554727797715,0.0045777125480373744,0.7026945636435553,0.05378681022293869,0.051094890510948905,0.37516515239672354,-0.02670034823872671,0.7192979792343789,0.07084811361049694,0.07139286071392861,-0.023290320383047958,-0.08601181469086197,0.0019521831482504789,0.9415484992072862,exploratory_only,探索性,金标准总分－对应金标准条目分；HAMD14金标准9视为无法评估且总分已不含该项,0.07807758549987698,0.13300587749444237,FDR不显著,FDR不显著,not_estimable
HAMD-17,PDCH共同24人验证,Qwen3.7-Max,思考,12,C12：事件序列｜不规整｜逐条评分｜清洗,事件序列,不规整,清洗,17,自知力,Spearman秩相关,24,24,24,0,0,3,17,0.3029918493526695,-0.17768459121552355,0.6567284850072126,0.1500944817420177,0.14828517148285172,0.257552788282848,-0.2275445522758241,0.6410543898473178,0.2243595645658394,0.23017698230176983,-0.045439061069821485,-0.129047149103324,0.0,0.8500320679684938,exploratory_only,探索性,金标准总分－对应金标准条目分；HAMD14金标准9视为无法评估且总分已不含该项,0.18006056537203424,0.2980154814707208,FDR不显著,FDR不显著,not_estimable
HAMD-17,PDCH共同24人验证,Qwen3.7-Max,思考,15,C15：事件序列｜规整｜逐条评分｜不清洗,事件序列,规整,不清洗,1,抑郁情绪,Spearman秩相关,24,24,24,0,0,4,15,0.6106637763196093,0.3165264688288271,0.8261922246736682,0.001527571808353912,0.0020997900209979003,0.4800089462415135,0.09285505062290955,0.7843571802136962,0.017604075494315943,0.019098090190980903,-0.1306548300780958,-0.2967105656935159,-0.018202423345854504,0.7860445712605791,exploratory_only,探索性,金标准总分－对应金标准条目分；HAMD14金标准9视为无法评估且总分已不含该项,0.006799320067993201,0.04722436847224369,FDR显著,FDR显著,not_estimable
HAMD-17,PDCH共同24人验证,Qwen3.7-Max,思考,15,C15：事件序列｜规整｜逐条评分｜不清洗,事件序列,规整,不清洗,2,有罪感,Spearman秩相关,24,24,24,0,0,4,15,0.43966698439162566,0.04922025663660851,0.7505570173966853,0.03157125642253769,0.0331966803319668,0.34095673894636597,-0.08042295915051188,0.6902684964996959,0.10300544202632916,0.11018898110188981,-0.09871024544525969,-0.23577958935232846,0.022551723333803876,0.7754886108133713,exploratory_only,探索性,金标准总分－对应金标准条目分；HAMD14金标准9视为无法评估且总分已不含该项,0.05940458585720374,0.1784012074982978,FDR不显著,FDR不显著,not_estimable
HAMD-17,PDCH共同24人验证,Qwen3.7-Max,思考,15,C15：事件序列｜规整｜逐条评分｜不清洗,事件序列,规整,不清洗,3,自杀,Spearman秩相关,24,24,24,0,0,5,15,0.4127120852486941,0.026904471928394468,0.7297583147411051,0.04503834143562454,0.050994900509949,0.24568736367796712,-0.15296148494590567,0.6348851971098856,0.24718712440875631,0.24697530246975302,-0.167024721570727,-0.34176328938025813,-0.027960816252282306,0.5952996591556547,exploratory_only,探索性,金标准总分－对应金标准条目分；HAMD14金标准9视为无法评估且总分已不含该项,0.07807758549987698,0.3139125339802468,FDR不显著,FDR不显著,not_estimable
HAMD-17,PDCH共同24人验证,Qwen3.7-Max,思考,15,C15：事件序列｜规整｜逐条评分｜不清洗,事件序列,规整,不清洗,4,入睡困难,Spearman秩相关,24,24,24,0,0,3,15,0.5181445848201237,0.08932128443822313,0.8125058434962933,0.009495058251361065,0.0117988201179882,0.47788856801947943,0.08638604682203051,0.7767567566016901,0.01818347230327549,0.022497750224977502,-0.04025601680064428,-0.12380040656660841,0.0,0.9223073675186254,exploratory_only,探索性,金标准总分－对应金标准条目分；HAMD14金标准9视为无法评估且总分已不含该项,0.025072492750724925,0.051859220857575265,FDR显著,FDR不显著,not_estimable
HAMD-17,PDCH共同24人验证,Qwen3.7-Max,思考,15,C15：事件序列｜规整｜逐条评分｜不清洗,事件序列,规整,不清洗,5,睡眠不深,Spearman秩相关,24,24,24,0,0,3,15,0.304740229989169,-0.10828240644257187,0.6356871076164357,0.14763913471274784,0.1476852314768523,0.15055225069806172,-0.27414346515858035,0.5605187165419567,0.48255603435928707,0.4834516548345166,-0.15418797929110728,-0.3130476773924306,-0.03361531225858086,0.4940347085234287,exploratory_only,探索性,金标准总分－对应金标准条目分；HAMD14金标准9视为无法评估且总分已不含该项,0.18006056537203424,0.5525161769537332,FDR不显著,FDR不显著,not_estimable
HAMD-17,PDCH共同24人验证,Qwen3.7-Max,思考,15,C15：事件序列｜规整｜逐条评分｜不清洗,事件序列,规整,不清洗,6,早醒,Spearman秩相关,24,24,24,0,0,3,15,0.3953432518252071,-0.09285953327241771,0.7265982752489399,0.0558609941575732,0.05469453054694531,0.3644288696244592,-0.09808680910488668,0.7011680406940617,0.07997931780668967,0.08339166083391661,-0.03091438220074788,-0.13570711830596172,0.036621557826212944,0.9218036932260171,exploratory_only,探索性,金标准总分－对应金标准条目分；HAMD14金标准9视为无法评估且总分已不含该项,0.08264951282649513,0.14540084453093152,FDR不显著,FDR不显著,not_estimable
HAMD-17,PDCH共同24人验证,Qwen3.7-Max,思考,15,C15：事件序列｜规整｜逐条评分｜不清洗,事件序列,规整,不清洗,7,工作和活动,Spearman秩相关,24,24,24,0,0,5,15,0.5746869588005904,0.21061608800085382,0.8355679529481939,0.003310752420298737,0.0027997200279972004,0.46949465493138565,-0.005293281965536146,0.8195278889128819,0.020631350095774773,0.0202979702029797,-0.10519230386920475,-0.28703175553637195,0.04257700022776716,0.8169572107765452,exploratory_only,探索性,金标准总分－对应金标准条目分；HAMD14金标准9视为无法评估且总分已不含该项,0.008101317527821686,0.0492950704929507,FDR显著,FDR显著,not_estimable
HAMD-17,PDCH共同24人验证,Qwen3.7-Max,思考,15,C15：事件序列｜规整｜逐条评分｜不清洗,事件序列,规整,不清洗,8,迟滞,Spearman秩相关,24,24,24,0,0,3,15,0.4160564832365431,0.026220104861521955,0.7000676522797132,0.04315750648177737,0.043495650434956505,0.3674378456295346,-0.04254873649599515,0.7010129653544978,0.07733515876546992,0.0740925907409259,-0.04861863760700852,-0.24272036246980758,0.07024096982105067,0.8831441413223524,exploratory_only,探索性,金标准总分－对应金标准条目分；HAMD14金标准9视为无法评估且总分已不含该项,0.0695930406959304,0.13617016676710708,FDR不显著,FDR不显著,not_estimable
HAMD-17,PDCH共同24人验证,Qwen3.7-Max,思考,15,C15：事件序列｜规整｜逐条评分｜不清洗,事件序列,规整,不清洗,9,激越,Spearman秩相关,24,24,24,0,0,3,15,0.5443186369223664,0.1564782997783928,0.790675241085493,0.005961803651134031,0.0071992800719928,0.542613372167197,0.15662059618816762,0.793744320329691,0.006152227540975851,0.0057994200579942,-0.0017052647551694111,-0.05889200534700236,0.059163839406425334,0.9968671571401428,exploratory_only,探索性,金标准总分－对应金标准条目分；HAMD14金标准9视为无法评估且总分已不含该项,0.016594950674424083,0.02022361866377465,FDR显著,FDR显著,not_estimable
HAMD-17,PDCH共同24人验证,Qwen3.7-Max,思考,15,C15：事件序列｜规整｜逐条评分｜不清洗,事件序列,规整,不清洗,10,精神性焦虑,Spearman秩相关,24,24,24,0,0,4,15,0.7959176676502979,0.5641130622986014,0.9285667147061949,3.311233136347566e-06,9.999000099990002e-05,0.7539602297365363,0.44200780511273735,0.91585274549449,2.093440572021226e-05,0.00019998000199980003,-0.04195743791376161,-0.15166638246928885,0.007369067137136274,0.9472841983296739,exploratory_only,探索性,金标准总分－对应金标准条目分；HAMD14金标准9视为无法评估且总分已不含该项,0.0011332200113322,0.0084991500849915,FDR显著,FDR显著,not_estimable
HAMD-17,PDCH共同24人验证,Qwen3.7-Max,思考,15,C15：事件序列｜规整｜逐条评分｜不清洗,事件序列,规整,不清洗,11,躯体性焦虑,Spearman秩相关,24,24,24,0,0,5,15,0.7050700155842039,0.4165991597832595,0.8863161538592763,0.00011935255179511869,0.0005999400059994001,0.5560915044574026,0.19575900382611672,0.8205574165000689,0.004777052177885124,0.005699430056994301,-0.14897851112680127,-0.33568473448626085,-0.029444470543387332,0.7887039473613676,exploratory_only,探索性,金标准总分－对应金标准条目分；HAMD14金标准9视为无法评估且总分已不含该项,0.0031381477236891698,0.02022361866377465,FDR显著,FDR显著,not_estimable
HAMD-17,PDCH共同24人验证,Qwen3.7-Max,思考,15,C15：事件序列｜规整｜逐条评分｜不清洗,事件序列,规整,不清洗,12,胃肠道症状,Spearman秩相关,24,24,24,0,0,3,15,0.38277881709977324,-0.018076355747446326,0.7077463159056646,0.0648705049415049,0.063993600639936,0.2653841800717616,-0.15456479777496804,0.6265802458176536,0.21008644493235856,0.20677932206779323,-0.11739463702801162,-0.2828201186981389,-0.009711755947706421,0.6933094732945682,exploratory_only,探索性,金标准总分－对应金标准条目分；HAMD14金标准9视为无法评估且总分已不含该项,0.090657600906576,0.28695905919612125,FDR不显著,FDR不显著,not_estimable
HAMD-17,PDCH共同24人验证,Qwen3.7-Max,思考,15,C15：事件序列｜规整｜逐条评分｜不清洗,事件序列,规整,不清洗,13,全身症状,Spearman秩相关,24,24,24,0,0,3,15,0.6281661742050748,0.2939390787950679,0.8546172761940791,0.0010132363697775235,0.0018998100189981002,0.503411383339014,0.08223059720564245,0.8111915518898739,0.012150581562231557,0.013398660133986601,-0.12475479086606078,-0.3150087965551213,-0.008934287036455822,0.8013984261028793,exploratory_only,探索性,金标准总分－对应金标准条目分；HAMD14金标准9视为无法评估且总分已不含该项,0.006459354064593541,0.035042649581195726,FDR显著,FDR显著,not_estimable
HAMD-17,PDCH共同24人验证,Qwen3.7-Max,思考,15,C15：事件序列｜规整｜逐条评分｜不清洗,事件序列,规整,不清洗,14,性症状,Spearman秩相关,24,20,20,4,4,3,15,0.4987820408477189,0.06832812815287943,0.7933228823396706,0.025179282119687407,0.0268973102689731,0.44043411743178584,-0.026854602749448165,0.7819722381699142,0.0519513102787373,0.05269473052694731,-0.058347923415933034,-0.18922025832627734,0.0,0.8830191974900174,exploratory_only,探索性,金标准总分－对应金标准条目分；HAMD14金标准9视为无法评估且总分已不含该项,0.049432894548383,0.10237833359521191,FDR显著,FDR不显著,not_estimable
HAMD-17,PDCH共同24人验证,Qwen3.7-Max,思考,15,C15：事件序列｜规整｜逐条评分｜不清洗,事件序列,规整,不清洗,15,疑病,Spearman秩相关,24,24,24,0,0,3,15,0.3213556774618813,-0.11405182682093351,0.6385776826116966,0.12571583771121309,0.12318768123187682,0.21025165328388581,-0.2421313748450781,0.5929538136345434,0.3240776548775646,0.32626737326267374,-0.1111040241779955,-0.2769818253144382,0.00252094054383817,0.6542646295982293,exploratory_only,探索性,金标准总分－对应金标准条目分；HAMD14金标准9视为无法评估且总分已不含该项,0.15512522821791896,0.3926757766701206,FDR不显著,FDR不显著,not_estimable
HAMD-17,PDCH共同24人验证,Qwen3.7-Max,思考,15,C15：事件序列｜规整｜逐条评分｜不清洗,事件序列,规整,不清洗,16,体重减轻,Spearman秩相关,24,24,24,0,0,3,15,0.33958182036270446,-0.04972455001004364,0.6559271032447814,0.10449166397764163,0.10278972102789721,0.3106665100944468,-0.07036102416927065,0.6440491086604043,0.13952901805577214,0.1451854814518548,-0.028915310268257666,-0.1097970643163711,0.0,0.9148502406949421,exploratory_only,探索性,金标准总分－对应金标准条目分；HAMD14金标准9视为无法评估且总分已不含该项,0.13188115150749077,0.22105345021053452,FDR不显著,FDR不显著,not_estimable
HAMD-17,PDCH共同24人验证,Qwen3.7-Max,思考,15,C15：事件序列｜规整｜逐条评分｜不清洗,事件序列,规整,不清洗,17,自知力,Spearman秩相关,24,24,24,0,0,2,15,0.04386150885648655,-0.3916441725982136,0.43875455502687777,0.8387417263388681,0.8415158484151585,0.012509777084013358,-0.420747955007042,0.4417487387836167,0.9537362330998053,0.9677032296770323,-0.03135173177247319,-0.10217811648440053,6.0907367594658575e-05,0.2852108240267098,exploratory_only,探索性,金标准总分－对应金标准条目分；HAMD14金标准9视为无法评估且总分已不含该项,0.8477492991441596,0.9677032296770323,FDR不显著,FDR不显著,not_estimable
HAMD-17,PDCH共同24人验证,Qwen3.7-Max,思考,16,C16：事件序列｜规整｜逐条评分｜清洗,事件序列,规整,清洗,1,抑郁情绪,Spearman秩相关,24,24,24,0,0,4,15,0.6673240538480341,0.35634937785595455,0.8782287273712336,0.0003677744601430701,0.0004999500049995,0.5113275800766047,0.1166068077862785,0.8058615504209181,0.010656739005597372,0.0122987701229877,-0.15599647377142933,-0.35367890092810617,-0.02605357567522702,0.7662357997259401,exploratory_only,探索性,金标准总分－对应金标准条目分；HAMD14金标准9视为无法评估且总分已不含该项,0.003090600030906,0.034129920341299205,FDR显著,FDR显著,not_estimable
HAMD-17,PDCH共同24人验证,Qwen3.7-Max,思考,16,C16：事件序列｜规整｜逐条评分｜清洗,事件序列,规整,清洗,2,有罪感,Spearman秩相关,24,24,24,0,0,4,15,0.45832531396331805,0.08729708817914385,0.7448331345426129,0.024295664904387778,0.025097490250974904,0.34075009112536864,-0.08736486819561833,0.693856748503112,0.10322781493387528,0.10068993100689931,-0.11757522283794941,-0.265223699440708,0.007195090433315944,0.7434677525855369,exploratory_only,探索性,金标准总分－对应金标准条目分；HAMD14金标准9视为无法评估且总分已不含该项,0.04675696813880256,0.16905963724615194,FDR显著,FDR不显著,not_estimable
HAMD-17,PDCH共同24人验证,Qwen3.7-Max,思考,16,C16：事件序列｜规整｜逐条评分｜清洗,事件序列,规整,清洗,3,自杀,Spearman秩相关,24,24,24,0,0,5,15,0.5899435328921177,0.27819624808509946,0.7823176797933131,0.002410965156170418,0.0036996300369963003,0.38730844162343536,0.0059675137322947654,0.6917754462370127,0.06150247206473677,0.0613938606139386,-0.2026350912686823,-0.40973844300021295,-0.04721690425400665,0.656517819128737,exploratory_only,探索性,金标准总分－对应金标准条目分；HAMD14金标准9视为无法评估且总分已不含该项,0.009493390283613148,0.1159661811596618,FDR显著,FDR不显著,not_estimable
HAMD-17,PDCH共同24人验证,Qwen3.7-Max,思考,16,C16：事件序列｜规整｜逐条评分｜清洗,事件序列,规整,清洗,4,入睡困难,Spearman秩相关,24,24,24,0,0,3,15,0.5521813325649038,0.16862774746888842,0.8247626143797151,0.005146353504541621,0.0057994200579942,0.5237176289430447,0.15233957011301136,0.8041017192870995,0.008625149811995443,0.0105989401059894,-0.028463703621859016,-0.09185203255983515,0.0,0.9484522530132556,exploratory_only,探索性,金标准总分－对应金标准条目分；HAMD14金标准9视为无法评估且总分已不含该项,0.013598640135986401,0.0313359968350991,FDR显著,FDR显著,not_estimable
HAMD-17,PDCH共同24人验证,Qwen3.7-Max,思考,16,C16：事件序列｜规整｜逐条评分｜清洗,事件序列,规整,清洗,5,睡眠不深,Spearman秩相关,24,24,24,0,0,3,15,0.30896891260426995,-0.1335375477971155,0.6670805018783248,0.14181883306608783,0.14458554144585542,0.15953246788789643,-0.28839951231026145,0.5725234525449672,0.4565055011530414,0.44935506449355067,-0.14943644471637352,-0.30562321392709296,-0.022664878213708776,0.5163382508072163,exploratory_only,探索性,金标准总分－对应金标准条目分；HAMD14金标准9视为无法评估且总分已不含该项,0.17876030578760307,0.5179007522976516,FDR不显著,FDR不显著,not_estimable
HAMD-17,PDCH共同24人验证,Qwen3.7-Max,思考,16,C16：事件序列｜规整｜逐条评分｜清洗,事件序列,规整,清洗,6,早醒,Spearman秩相关,24,24,24,0,0,3,15,0.3953432518252071,-0.08995948942760544,0.7236947398104091,0.0558609941575732,0.05929407059294071,0.3644288696244592,-0.08820143279836705,0.6825787616768696,0.07997931780668967,0.07789221077892211,-0.03091438220074788,-0.13811434369898626,0.03356276644372088,0.9218036932260171,exploratory_only,探索性,金标准总分－对应金标准条目分；HAMD14金标准9视为无法评估且总分已不含该项,0.08517043032538853,0.13938606139386062,FDR不显著,FDR不显著,not_estimable
HAMD-17,PDCH共同24人验证,Qwen3.7-Max,思考,16,C16：事件序列｜规整｜逐条评分｜清洗,事件序列,规整,清洗,7,工作和活动,Spearman秩相关,24,24,24,0,0,5,15,0.566210487554607,0.15977916159422134,0.8339070482046723,0.003923267578439857,0.0040995900409959,0.49240661851500334,0.08811602774636206,0.819301936147649,0.014509781575971588,0.017298270172982702,-0.07380386903960368,-0.2671575666638132,0.08828641973981975,0.8696529459241324,exploratory_only,探索性,金标准总分－对应金标准条目分；HAMD14金标准9视为无法评估且总分已不含该项,0.01013716810137168,0.0443880140287858,FDR显著,FDR显著,not_estimable
HAMD-17,PDCH共同24人验证,Qwen3.7-Max,思考,16,C16：事件序列｜规整｜逐条评分｜清洗,事件序列,规整,清洗,8,迟滞,Spearman秩相关,24,24,24,0,0,3,15,0.5902440412935765,0.23047006550950513,0.8467942615739174,0.0023955783884046537,0.0030996900309969004,0.5520860716656288,0.14545257518182686,0.8580453315568738,0.0051556411956015106,0.005599440055994401,-0.03815796962794771,-0.2153311277220221,0.0795607062465799,0.935352215425469,exploratory_only,探索性,金标准总分－对应金标准条目分；HAMD14金标准9视为无法评估且总分已不含该项,0.008265840082658401,0.02022361866377465,FDR显著,FDR显著,not_estimable
HAMD-17,PDCH共同24人验证,Qwen3.7-Max,思考,16,C16：事件序列｜规整｜逐条评分｜清洗,事件序列,规整,清洗,9,激越,Spearman秩相关,24,24,24,0,0,3,15,0.7038005860279664,0.40717024975285104,0.8776533699444202,0.0001242976706954718,0.0006999300069993001,0.6900260524843135,0.39612309995321326,0.8873046927962458,0.0001906249126926868,0.00039996000399960006,-0.013774533543652878,-0.07435334839353548,0.03329286989486743,0.9804283573826045,exploratory_only,探索性,金标准总分－对应金标准条目分；HAMD14金标准9视为无法评估且总分已不含该项,0.003525573368589067,0.0084991500849915,FDR显著,FDR显著,not_estimable
HAMD-17,PDCH共同24人验证,Qwen3.7-Max,思考,16,C16：事件序列｜规整｜逐条评分｜清洗,事件序列,规整,清洗,10,精神性焦虑,Spearman秩相关,24,24,24,0,0,4,15,0.7587021896967304,0.5310847906589059,0.8941098675379655,1.731466543094051e-05,9.999000099990002e-05,0.6997067993994774,0.3954667201205779,0.8694026463545774,0.00014148694864916624,0.00039996000399960006,-0.05899539029725298,-0.16082061550028734,0.0024489728836178653,0.9222417028731198,exploratory_only,探索性,金标准总分－对应金标准条目分；HAMD14金标准9视为无法评估且总分已不含该项,0.0011332200113322,0.0084991500849915,FDR显著,FDR显著,not_estimable
HAMD-17,PDCH共同24人验证,Qwen3.7-Max,思考,16,C16：事件序列｜规整｜逐条评分｜清洗,事件序列,规整,清洗,11,躯体性焦虑,Spearman秩相关,24,24,24,0,0,4,15,0.7090198316714873,0.4227546098924195,0.8843453599368647,0.0001050489166126093,0.00019998000199980003,0.5635725929270564,0.1883388414188418,0.8146981775241912,0.004132351471327328,0.0057994200579942,-0.14544723874443088,-0.32561308814450013,-0.032705051165532746,0.7948615366631642,exploratory_only,探索性,金标准总分－对应金标准条目分；HAMD14金标准9视为无法评估且总分已不含该项,0.0016998300169983002,0.02022361866377465,FDR显著,FDR显著,not_estimable
HAMD-17,PDCH共同24人验证,Qwen3.7-Max,思考,16,C16：事件序列｜规整｜逐条评分｜清洗,事件序列,规整,清洗,12,胃肠道症状,Spearman秩相关,24,24,24,0,0,3,15,0.35901441686928887,-0.05170660574389488,0.6652525992431825,0.08490853501054675,0.0837916208379162,0.25302759861250096,-0.1620766791715904,0.6242909984145665,0.23289388271501588,0.23227677232276772,-0.1059868182567879,-0.2733465035283371,-0.00848548810134967,0.7047839493995142,exploratory_only,探索性,金标准总分－对应金标准条目分；HAMD14金标准9视为无法评估且总分已不含该项,0.11172216111722161,0.2980154814707208,FDR不显著,FDR不显著,not_estimable
HAMD-17,PDCH共同24人验证,Qwen3.7-Max,思考,16,C16：事件序列｜规整｜逐条评分｜清洗,事件序列,规整,清洗,13,全身症状,Spearman秩相关,24,24,24,0,0,3,15,0.644188417208055,0.3165659584952293,0.862668067596183,0.0006806580918785717,0.0010998900109989002,0.503411383339014,0.08368110825157068,0.8085049065061579,0.012150581562231557,0.012798720127987202,-0.14077703386904095,-0.3269389708330525,-0.025350184014195712,0.781466058518755,exploratory_only,探索性,金标准总分－对应金标准条目分；HAMD14金标准9视为无法评估且总分已不含该项,0.004825323919220981,0.034129920341299205,FDR显著,FDR显著,not_estimable
HAMD-17,PDCH共同24人验证,Qwen3.7-Max,思考,16,C16：事件序列｜规整｜逐条评分｜清洗,事件序列,规整,清洗,14,性症状,Spearman秩相关,24,20,20,4,4,3,15,0.4987820408477189,0.062440089689667494,0.8009453815583075,0.025179282119687407,0.027897210278972105,0.44043411743178584,-0.03496592240939616,0.7821985468036572,0.0519513102787373,0.056194380561943806,-0.058347923415933034,-0.18535959983814182,0.0,0.8830191974900174,exploratory_only,探索性,金标准总分－对应金标准条目分；HAMD14金标准9视为无法评估且总分已不含该项,0.050586941305869416,0.10763994023132899,FDR不显著,FDR不显著,not_estimable
HAMD-17,PDCH共同24人验证,Qwen3.7-Max,思考,16,C16：事件序列｜规整｜逐条评分｜清洗,事件序列,规整,清洗,15,疑病,Spearman秩相关,24,24,24,0,0,3,15,0.12293120416914496,-0.3286025604414321,0.5057584027679726,0.567142081508263,0.5620437956204379,0.00975021813674479,-0.45178746012100424,0.4268404206134711,0.9639342759921319,0.9674032596740326,-0.11318098603240018,-0.28915940317546507,-0.010487571182992633,0.0793144279570316,exploratory_only,探索性,金标准总分－对应金标准条目分；HAMD14金标准9视为无法评估且总分已不含该项,0.5790754257907542,0.9677032296770323,FDR不显著,FDR不显著,not_estimable
HAMD-17,PDCH共同24人验证,Qwen3.7-Max,思考,16,C16：事件序列｜规整｜逐条评分｜清洗,事件序列,规整,清洗,16,体重减轻,Spearman秩相关,24,24,24,0,0,3,15,0.23485556569604393,-0.23612349531070684,0.6282900084693377,0.2693015172925014,0.2773722627737226,0.19659026073525757,-0.28680256419951855,0.5856347351165366,0.3572030948101512,0.3565643435656434,-0.03826530496078637,-0.13116302156176518,0.0006518224261564971,0.8370687752390322,exploratory_only,探索性,金标准总分－对应金标准条目分；HAMD14金标准9视为无法评估且总分已不含该项,0.30421473981634095,0.4180409545252371,FDR不显著,FDR不显著,not_estimable
HAMD-17,PDCH共同24人验证,Qwen3.7-Max,思考,16,C16：事件序列｜规整｜逐条评分｜清洗,事件序列,规整,清洗,17,自知力,Spearman秩相关,24,24,24,0,0,2,15,0.14800461684614385,-0.25513010718809437,0.5194398182650856,0.490080584220498,0.48675132486751327,0.10277830647412975,-0.3075574482385446,0.5165436074267099,0.6327223635906806,0.6421357864213578,-0.045226310372014106,-0.12230817505480955,0.0,0.6944263541519892,exploratory_only,探索性,金标准总分－对应金标准条目分；HAMD14金标准9视为无法评估且总分已不含该项,0.5131641874572233,0.6930989440738465,FDR不显著,FDR不显著,not_estimable
HAMD-17,PDCH标签99人,GLM-5.2,思考,3,C03：全文｜不规整｜逐条评分｜不清洗,全文,不规整,不清洗,1,抑郁情绪,Spearman秩相关,99,99,99,0,0,4,49,0.5698207052456556,0.39689588307313295,0.7073920699125833,7.477017442439548e-10,9.999000099990002e-05,0.5342771267767431,0.3633038723652143,0.6774548254038846,1.2297509567227813e-08,9.999000099990002e-05,-0.03554357846891254,-0.06294412962158638,-0.012678273627286478,0.9376232240392365,formal,正式,金标准总分－对应金标准条目分；HAMD14金标准9视为无法评估且总分已不含该项,0.00016998300169983002,0.00022664400226644,FDR显著,FDR显著,attenuated_but_significant
HAMD-17,PDCH标签99人,GLM-5.2,思考,3,C03：全文｜不规整｜逐条评分｜不清洗,全文,不规整,不清洗,2,有罪感,Spearman秩相关,99,99,99,0,0,3,49,0.40157686698207024,0.21608926209336674,0.5652357789697479,3.793647674149039e-05,9.999000099990002e-05,0.35995186977950494,0.16315100223241372,0.5241257188813299,0.00025275746352853824,0.00029997000299970003,-0.041624997202565295,-0.06691231174122189,-0.017819440852016796,0.8963461279147242,formal,正式,金标准总分－对应金标准条目分；HAMD14金标准9视为无法评估且总分已不含该项,0.00016998300169983002,0.0005512962217291785,FDR显著,FDR显著,attenuated_but_significant
HAMD-17,PDCH标签99人,GLM-5.2,思考,3,C03：全文｜不规整｜逐条评分｜不清洗,全文,不规整,不清洗,3,自杀,Spearman秩相关,99,99,99,0,0,5,49,0.49057897344695106,0.3295505117752746,0.6342789695272165,2.5396406158690775e-07,9.999000099990002e-05,0.41365510241265785,0.24340282489125742,0.5688201878382855,2.0831549233271667e-05,9.999000099990002e-05,-0.07692387103429321,-0.11418063829147124,-0.04342505789109666,0.8431977822167884,formal,正式,金标准总分－对应金标准条目分；HAMD14金标准9视为无法评估且总分已不含该项,0.00016998300169983002,0.00022664400226644,FDR显著,FDR显著,attenuated_but_significant
HAMD-17,PDCH标签99人,GLM-5.2,思考,3,C03：全文｜不规整｜逐条评分｜不清洗,全文,不规整,不清洗,4,入睡困难,Spearman秩相关,99,99,99,0,0,3,49,0.4882766168397509,0.3160429581978394,0.6336194306035716,2.945016381613838e-07,9.999000099990002e-05,0.45456572897870884,0.2895586325697814,0.6066237571533181,2.285230194354408e-06,9.999000099990002e-05,-0.03371088786104204,-0.054402315323224544,-0.014930640705378154,0.9309594465546448,formal,正式,金标准总分－对应金标准条目分；HAMD14金标准9视为无法评估且总分已不含该项,0.00016998300169983002,0.00022664400226644,FDR显著,FDR显著,attenuated_but_significant
HAMD-17,PDCH标签99人,GLM-5.2,思考,3,C03：全文｜不规整｜逐条评分｜不清洗,全文,不规整,不清洗,5,睡眠不深,Spearman秩相关,99,99,99,0,0,3,49,0.2805468055882835,0.08964606989033694,0.4518452093299201,0.0049131547100810516,0.004999500049995001,0.2268914729246467,0.020951432897259203,0.40261889970407033,0.02392011425076609,0.026997300269973004,-0.053655332663636784,-0.08200199165571534,-0.029017542762888923,0.8087473049243031,formal,正式,金标准总分－对应金标准条目分；HAMD14金标准9视为无法评估且总分已不含该项,0.006475542921898287,0.034638045629399324,FDR显著,FDR显著,attenuated_but_significant
HAMD-17,PDCH标签99人,GLM-5.2,思考,3,C03：全文｜不规整｜逐条评分｜不清洗,全文,不规整,不清洗,6,早醒,Spearman秩相关,99,99,99,0,0,3,49,0.4182526595037635,0.2387763052084549,0.5770439356559199,1.6480277352266934e-05,9.999000099990002e-05,0.3643886202884685,0.18755241764558128,0.5248603092450399,0.00020898034494127524,0.0004999500049995,-0.05386403921529498,-0.07808242741020706,-0.0299090545977797,0.8712165051641224,formal,正式,金标准总分－对应金标准条目分；HAMD14金标准9视为无法评估且总分已不含该项,0.00016998300169983002,0.0008606734263282532,FDR显著,FDR显著,attenuated_but_significant
HAMD-17,PDCH标签99人,GLM-5.2,思考,3,C03：全文｜不规整｜逐条评分｜不清洗,全文,不规整,不清洗,7,工作和活动,Spearman秩相关,99,99,99,0,0,5,49,0.6416946198205917,0.47791048267708464,0.7640219379216903,8.26063494736435e-13,9.999000099990002e-05,0.6049576050184508,0.4411627578263394,0.7299608983309409,3.315990049549255e-11,9.999000099990002e-05,-0.03673701480214098,-0.06464475847270915,-0.012564314122041334,0.9427500034012876,formal,正式,金标准总分－对应金标准条目分；HAMD14金标准9视为无法评估且总分已不含该项,0.00016998300169983002,0.00022664400226644,FDR显著,FDR显著,attenuated_but_significant
HAMD-17,PDCH标签99人,GLM-5.2,思考,3,C03：全文｜不规整｜逐条评分｜不清洗,全文,不规整,不清洗,8,迟滞,Spearman秩相关,99,99,99,0,0,3,49,0.4476225309422096,0.28516829617863115,0.5930365294610005,3.3939451930924276e-06,9.999000099990002e-05,0.4447727728001737,0.267352426786128,0.594956232773135,3.982200999470048e-06,9.999000099990002e-05,-0.0028497581420359186,-0.0239448965250581,0.01735967266834747,0.9936335685872706,formal,正式,金标准总分－对应金标准条目分；HAMD14金标准9视为无法评估且总分已不含该项,0.00016998300169983002,0.00022664400226644,FDR显著,FDR显著,robust_cross_symptom
HAMD-17,PDCH标签99人,GLM-5.2,思考,3,C03：全文｜不规整｜逐条评分｜不清洗,全文,不规整,不清洗,9,激越,Spearman秩相关,99,99,99,0,0,3,49,0.3488503511554472,0.16014114196984564,0.5094717797240214,0.0004019700497515466,0.00039996000399960006,0.34962315313782083,0.17637536543267296,0.5214542067487454,0.0003894077292319653,0.0005999400059994001,0.0007728019823736165,-0.01807804930123938,0.02094589202022752,1.0022152822257853,formal,正式,金标准总分－对应金标准条目分；HAMD14金标准9视为无法评估且总分已不含该项,0.00060438400604384,0.00101989801019898,FDR显著,FDR显著,robust_cross_symptom
HAMD-17,PDCH标签99人,GLM-5.2,思考,3,C03：全文｜不规整｜逐条评分｜不清洗,全文,不规整,不清洗,10,精神性焦虑,Spearman秩相关,99,99,99,0,0,4,49,0.5333196580338646,0.37899186605435503,0.6679280761367861,1.320252887499921e-08,9.999000099990002e-05,0.47797872110908557,0.31513355310172764,0.6269697997009203,5.637245060308188e-07,9.999000099990002e-05,-0.05534093692477904,-0.0824557834791741,-0.033330108333983276,0.8962330825591562,formal,正式,金标准总分－对应金标准条目分；HAMD14金标准9视为无法评估且总分已不含该项,0.00016998300169983002,0.00022664400226644,FDR显著,FDR显著,attenuated_but_significant
HAMD-17,PDCH标签99人,GLM-5.2,思考,3,C03：全文｜不规整｜逐条评分｜不清洗,全文,不规整,不清洗,11,躯体性焦虑,Spearman秩相关,99,99,99,0,0,4,49,0.6015990461268277,0.46361549722783674,0.710111614083646,4.540480310589237e-11,9.999000099990002e-05,0.5512925234891841,0.39792990567479364,0.6787746429056938,3.3526161009557654e-09,9.999000099990002e-05,-0.05030652263764357,-0.07670643790265497,-0.026705166427459008,0.9163786529225346,formal,正式,金标准总分－对应金标准条目分；HAMD14金标准9视为无法评估且总分已不含该项,0.00016998300169983002,0.00022664400226644,FDR显著,FDR显著,attenuated_but_significant
HAMD-17,PDCH标签99人,GLM-5.2,思考,3,C03：全文｜不规整｜逐条评分｜不清洗,全文,不规整,不清洗,12,胃肠道症状,Spearman秩相关,99,99,99,0,0,3,49,0.49435688363544067,0.316277697825624,0.6416236489409713,1.9870627193280624e-07,9.999000099990002e-05,0.43611280219576554,0.2587641301475495,0.6037860957804231,6.4161421259499285e-06,9.999000099990002e-05,-0.05824408143967513,-0.082329010607,-0.03496098513728958,0.8821821170742982,formal,正式,金标准总分－对应金标准条目分；HAMD14金标准9视为无法评估且总分已不含该项,0.00016998300169983002,0.00022664400226644,FDR显著,FDR显著,attenuated_but_significant
HAMD-17,PDCH标签99人,GLM-5.2,思考,3,C03：全文｜不规整｜逐条评分｜不清洗,全文,不规整,不清洗,13,全身症状,Spearman秩相关,99,99,99,0,0,3,49,0.5817871027414319,0.4201848006457425,0.7128447604393233,2.6973080186279053e-10,9.999000099990002e-05,0.5419903457304613,0.3756798235701136,0.6832577662590362,6.883980159740547e-09,9.999000099990002e-05,-0.03979675701097052,-0.06334460025996164,-0.0205259492401367,0.9315956699221335,formal,正式,金标准总分－对应金标准条目分；HAMD14金标准9视为无法评估且总分已不含该项,0.00016998300169983002,0.00022664400226644,FDR显著,FDR显著,attenuated_but_significant
HAMD-17,PDCH标签99人,GLM-5.2,思考,3,C03：全文｜不规整｜逐条评分｜不清洗,全文,不规整,不清洗,14,性症状,Spearman秩相关,99,61,61,38,38,3,49,0.4732237850434801,0.2518455934834975,0.659773537006577,0.00011736789794667958,9.999000099990002e-05,0.4182136420787842,0.17719968582989296,0.615257435436176,0.0007967438075743586,0.0013998600139986002,-0.05501014296469592,-0.09404753070258681,-0.021477381520159763,0.8837544842348921,formal,正式,金标准总分－对应金标准条目分；HAMD14金标准9视为无法评估且总分已不含该项,0.00016998300169983002,0.0021634200216342,FDR显著,FDR显著,attenuated_but_significant
HAMD-17,PDCH标签99人,GLM-5.2,思考,3,C03：全文｜不规整｜逐条评分｜不清洗,全文,不规整,不清洗,15,疑病,Spearman秩相关,99,99,99,0,0,3,49,0.09132884753625604,-0.09783678853348052,0.2865865597398685,0.3686257423032329,0.3705629437056294,0.032485822621619614,-0.1643468327122369,0.22985843644395612,0.7495680089647802,0.7499250074992501,-0.05884302491463643,-0.08774317319431221,-0.03325844165375666,0.35570165942062587,formal,正式,金标准总分－对应金标准条目分；HAMD14金标准9视为无法评估且总分已不含该项,0.3937231276872313,0.7668406091721655,FDR不显著,FDR不显著,weak_both
HAMD-17,PDCH标签99人,GLM-5.2,思考,3,C03：全文｜不规整｜逐条评分｜不清洗,全文,不规整,不清洗,16,体重减轻,Spearman秩相关,99,99,99,0,0,3,49,0.2411345008986614,0.05303576596839205,0.41943657249528554,0.01619991141303537,0.016998300169983,0.18039114232533185,-0.0014976556080390055,0.35445198953517704,0.07397587999088506,0.0736926307369263,-0.06074335857332955,-0.09288190132572428,-0.03221666129507023,0.7480934567764013,formal,正式,金标准总分－对应金标准条目分；HAMD14金标准9视为无法评估且总分已不含该项,0.020458131178032638,0.08791401561598226,FDR显著,FDR不显著,overlap_dependent
HAMD-17,PDCH标签99人,GLM-5.2,思考,3,C03：全文｜不规整｜逐条评分｜不清洗,全文,不规整,不清洗,17,自知力,Spearman秩相关,99,99,99,0,0,3,49,0.06577709945673778,-0.14268334323264636,0.26798301655273915,0.5177206213980552,0.5110488951104889,0.06586572811822333,-0.13585574433824155,0.2706262067066554,0.5171554080431784,0.5231476852314768,8.862866148555415e-05,-0.013489161266291395,0.012982163458171485,1.0013474090864078,formal,正式,金标准总分－对应金标准条目分；HAMD14金标准9视为无法评估且总分已不含该项,0.5346357671925115,0.5558444155584441,FDR不显著,FDR不显著,weak_both
HAMD-17,PDCH标签99人,GLM-5.2,思考,4,C04：全文｜不规整｜逐条评分｜清洗,全文,不规整,清洗,1,抑郁情绪,Spearman秩相关,99,99,99,0,0,4,47,0.5527116313403292,0.3883035246105144,0.6905572272979945,2.998281029332165e-09,9.999000099990002e-05,0.5040910669746322,0.33689056499001324,0.6546812744238752,1.0415028418909399e-07,9.999000099990002e-05,-0.04862056436569695,-0.07586064335337214,-0.02417007743626842,0.9120326738053408,formal,正式,金标准总分－对应金标准条目分；HAMD14金标准9视为无法评估且总分已不含该项,0.00016998300169983002,0.00022664400226644,FDR显著,FDR显著,attenuated_but_significant
HAMD-17,PDCH标签99人,GLM-5.2,思考,4,C04：全文｜不规整｜逐条评分｜清洗,全文,不规整,清洗,2,有罪感,Spearman秩相关,99,99,99,0,0,3,47,0.45836793464331815,0.294768111707364,0.5994837582810802,1.8333796259312913e-06,9.999000099990002e-05,0.41167114665836146,0.2461265433610981,0.557254710568,2.3023674034580676e-05,0.00029997000299970003,-0.04669678798495669,-0.07611625988185171,-0.020093529822236868,0.8981237899608007,formal,正式,金标准总分－对应金标准条目分；HAMD14金标准9视为无法评估且总分已不含该项,0.00016998300169983002,0.0005512962217291785,FDR显著,FDR显著,attenuated_but_significant
HAMD-17,PDCH标签99人,GLM-5.2,思考,4,C04：全文｜不规整｜逐条评分｜清洗,全文,不规整,清洗,3,自杀,Spearman秩相关,99,99,99,0,0,5,47,0.40872913183451604,0.232235562076318,0.5634262922885759,2.66752262134189e-05,9.999000099990002e-05,0.33408227723859035,0.14927566600394565,0.5048678130073149,0.000726154472720101,0.0007999200079992001,-0.07464685459592568,-0.1114006608213682,-0.04066419037063853,0.817368401755742,formal,正式,金标准总分－对应金标准条目分；HAMD14金标准9视为无法评估且总分已不含该项,0.00016998300169983002,0.0013107123022637495,FDR显著,FDR显著,attenuated_but_significant
HAMD-17,PDCH标签99人,GLM-5.2,思考,4,C04：全文｜不规整｜逐条评分｜清洗,全文,不规整,清洗,4,入睡困难,Spearman秩相关,99,99,99,0,0,3,47,0.44742226300830124,0.2945505589180187,0.5867562135944278,3.43244588151915e-06,9.999000099990002e-05,0.41009309314585457,0.2415534413022506,0.5592399767184043,2.49196588118372e-05,0.00019998000199980003,-0.037329169862446665,-0.06011900928759406,-0.01828858777403701,0.9165683674042968,formal,正式,金标准总分－对应金标准条目分；HAMD14金标准9视为无法评估且总分已不含该项,0.00016998300169983002,0.0003830602855207437,FDR显著,FDR显著,attenuated_but_significant
HAMD-17,PDCH标签99人,GLM-5.2,思考,4,C04：全文｜不规整｜逐条评分｜清洗,全文,不规整,清洗,5,睡眠不深,Spearman秩相关,99,99,99,0,0,3,47,0.14983688566616257,-0.04123578496160379,0.3364008327179565,0.13879464901233396,0.1376862313768623,0.09562610856290929,-0.10439974021297639,0.28004176922919743,0.3464262249186939,0.34526547345265474,-0.05421077710325328,-0.08343237463808133,-0.028565233356539564,0.6382013890489209,formal,正式,金标准总分－对应金标准条目分；HAMD14金标准9视为无法评估且总分已不含该项,0.15223843469311604,0.37564883511648833,FDR不显著,FDR不显著,weak_both
HAMD-17,PDCH标签99人,GLM-5.2,思考,4,C04：全文｜不规整｜逐条评分｜清洗,全文,不规整,清洗,6,早醒,Spearman秩相关,99,99,99,0,0,3,47,0.38110043074629646,0.20614563783109355,0.5433124078984476,9.955448912955532e-05,0.00019998000199980003,0.3298792584866167,0.1306955449882574,0.4989283079795264,0.0008547587997629219,0.0008999100089991,-0.05122117225967976,-0.07805292568971454,-0.02636792984598827,0.865596656085182,formal,正式,金标准总分－对应金标准条目分；HAMD14金标准9视为无法评估且总分已不含该项,0.00031261241691922764,0.00143985601439856,FDR显著,FDR显著,attenuated_but_significant
HAMD-17,PDCH标签99人,GLM-5.2,思考,4,C04：全文｜不规整｜逐条评分｜清洗,全文,不规整,清洗,7,工作和活动,Spearman秩相关,99,99,99,0,0,5,47,0.6000301109359298,0.44214540274731917,0.724963195021384,5.2519374214783343e-11,9.999000099990002e-05,0.5617569062529245,0.4074483949993186,0.6965388831214554,1.453007186718132e-09,9.999000099990002e-05,-0.038273204683005324,-0.0696291038584037,-0.012052792451392057,0.936214526595496,formal,正式,金标准总分－对应金标准条目分；HAMD14金标准9视为无法评估且总分已不含该项,0.00016998300169983002,0.00022664400226644,FDR显著,FDR显著,attenuated_but_significant
HAMD-17,PDCH标签99人,GLM-5.2,思考,4,C04：全文｜不规整｜逐条评分｜清洗,全文,不规整,清洗,8,迟滞,Spearman秩相关,99,99,99,0,0,4,47,0.47276789508185224,0.29571600483211125,0.6375380143159072,7.767459122196939e-07,9.999000099990002e-05,0.4566356048011393,0.2752540335663776,0.6134984505561843,2.02762182670551e-06,9.999000099990002e-05,-0.016132290280712946,-0.037509868491271144,0.0010747888501422265,0.9658769335893252,formal,正式,金标准总分－对应金标准条目分；HAMD14金标准9视为无法评估且总分已不含该项,0.00016998300169983002,0.00022664400226644,FDR显著,FDR显著,robust_cross_symptom
HAMD-17,PDCH标签99人,GLM-5.2,思考,4,C04：全文｜不规整｜逐条评分｜清洗,全文,不规整,清洗,9,激越,Spearman秩相关,99,99,99,0,0,4,47,0.27053527004278083,0.07055656217973541,0.4459019105048941,0.006762784614021957,0.006799320067993201,0.2578655034008031,0.04913604631429086,0.4413767623273132,0.00996965011604524,0.008899110088991101,-0.01266976664197772,-0.033271270451133275,0.005907916281215896,0.953167782374645,formal,正式,金标准总分－对应金标准条目分；HAMD14金标准9视为无法评估且总分已不含该项,0.008642126441561452,0.012102789721027898,FDR显著,FDR显著,robust_cross_symptom
HAMD-17,PDCH标签99人,GLM-5.2,思考,4,C04：全文｜不规整｜逐条评分｜清洗,全文,不规整,清洗,10,精神性焦虑,Spearman秩相关,99,99,99,0,0,4,47,0.4881725467274873,0.31814941571714117,0.6344290777072464,2.964720562396951e-07,9.999000099990002e-05,0.4309866225788663,0.2558862196603386,0.5851902394213593,8.457565616842514e-06,9.999000099990002e-05,-0.057185924148621003,-0.08670026014291837,-0.03262704942312178,0.8828571484980619,formal,正式,金标准总分－对应金标准条目分；HAMD14金标准9视为无法评估且总分已不含该项,0.00016998300169983002,0.00022664400226644,FDR显著,FDR显著,attenuated_but_significant
HAMD-17,PDCH标签99人,GLM-5.2,思考,4,C04：全文｜不规整｜逐条评分｜清洗,全文,不规整,清洗,11,躯体性焦虑,Spearman秩相关,99,99,99,0,0,4,47,0.5743342784127576,0.420202200119381,0.7017962710412976,5.114453175722769e-10,9.999000099990002e-05,0.5166809442994242,0.34711311281065027,0.6599860487189717,4.381338241528208e-08,9.999000099990002e-05,-0.0576533341133334,-0.08512580767470385,-0.03308895449325888,0.8996171110095232,formal,正式,金标准总分－对应金标准条目分；HAMD14金标准9视为无法评估且总分已不含该项,0.00016998300169983002,0.00022664400226644,FDR显著,FDR显著,attenuated_but_significant
HAMD-17,PDCH标签99人,GLM-5.2,思考,4,C04：全文｜不规整｜逐条评分｜清洗,全文,不规整,清洗,12,胃肠道症状,Spearman秩相关,99,99,99,0,0,3,47,0.490840193744926,0.3328546602531917,0.6261370527155505,2.4971543113380467e-07,9.999000099990002e-05,0.43749290600018254,0.25785483977934015,0.5960855824069008,5.951690637597647e-06,9.999000099990002e-05,-0.053347287744743455,-0.07987389947507018,-0.03285657841656289,0.8913143454334419,formal,正式,金标准总分－对应金标准条目分；HAMD14金标准9视为无法评估且总分已不含该项,0.00016998300169983002,0.00022664400226644,FDR显著,FDR显著,attenuated_but_significant
HAMD-17,PDCH标签99人,GLM-5.2,思考,4,C04：全文｜不规整｜逐条评分｜清洗,全文,不规整,清洗,13,全身症状,Spearman秩相关,99,99,99,0,0,3,47,0.4726937740514314,0.297421988669697,0.6177211333458005,7.802659451588085e-07,9.999000099990002e-05,0.43236556991263664,0.25039635672324284,0.5868401358443724,7.855326507258134e-06,9.999000099990002e-05,-0.04032820413879479,-0.06734587807974941,-0.01809127850354065,0.9146842917071997,formal,正式,金标准总分－对应金标准条目分；HAMD14金标准9视为无法评估且总分已不含该项,0.00016998300169983002,0.00022664400226644,FDR显著,FDR显著,attenuated_but_significant
HAMD-17,PDCH标签99人,GLM-5.2,思考,4,C04：全文｜不规整｜逐条评分｜清洗,全文,不规整,清洗,14,性症状,Spearman秩相关,99,62,62,37,37,3,47,0.46335863870180366,0.2373580739886473,0.648506846518379,0.00014909867530021008,0.00019998000199980003,0.4021146539377113,0.18110909713947443,0.6081824137554978,0.0011963577039315796,0.0014998500149985001,-0.061243984764092374,-0.10258554184250059,-0.029079466780615657,0.8678259567239747,formal,正式,金标准总分－对应金标准条目分；HAMD14金标准9视为无法评估且总分已不含该项,0.00031261241691922764,0.0022919056408965844,FDR显著,FDR显著,attenuated_but_significant
HAMD-17,PDCH标签99人,GLM-5.2,思考,4,C04：全文｜不规整｜逐条评分｜清洗,全文,不规整,清洗,15,疑病,Spearman秩相关,99,99,99,0,0,3,47,0.10988495323657789,-0.08287470309440792,0.29853684140132797,0.27892451404030744,0.28157184281571845,0.04756312732836932,-0.15332491173007548,0.2504142503933217,0.6401410962038132,0.6484351564843516,-0.06232182590820857,-0.09297779649752952,-0.03504551046435423,0.43284477016582806,formal,正式,金标准总分－对应金标准条目分；HAMD14金标准9视为无法评估且总分已不含该项,0.3015257529365174,0.6680847066808471,FDR不显著,FDR不显著,weak_both
HAMD-17,PDCH标签99人,GLM-5.2,思考,4,C04：全文｜不规整｜逐条评分｜清洗,全文,不规整,清洗,16,体重减轻,Spearman秩相关,99,99,99,0,0,3,47,0.23559809284727576,0.05003829491906136,0.3982828852858513,0.018897448727596668,0.0197980201979802,0.17406327917383088,-0.0011199929426836475,0.33794338339413355,0.08487187773759036,0.0836916308369163,-0.06153481367344488,-0.09353013984025135,-0.03318393784964591,0.7388144660689837,formal,正式,金标准总分－对应金标准条目分；HAMD14金标准9视为无法评估且总分已不含该项,0.02341331084282876,0.09897445038104884,FDR显著,FDR不显著,overlap_dependent
HAMD-17,PDCH标签99人,GLM-5.2,思考,4,C04：全文｜不规整｜逐条评分｜清洗,全文,不规整,清洗,17,自知力,Spearman秩相关,99,99,99,0,0,3,47,-0.08750105181791623,-0.3037608342056948,0.14518222851142706,0.3891164396091421,0.38816118388161186,-0.10180580576356155,-0.3046448706043528,0.12157642285547166,0.3160064415932478,0.3137686231376862,-0.014304753945645315,-0.034950229328477536,0.0009737516864140747,,formal,正式,金标准总分－对应金标准条目分；HAMD14金标准9视为无法评估且总分已不含该项,0.4092241938596838,0.3441333286026236,FDR不显著,FDR不显著,weak_both
HAMD-17,PDCH标签99人,GLM-5.2,思考,7,C07：全文｜规整｜逐条评分｜不清洗,全文,规整,不清洗,1,抑郁情绪,Spearman秩相关,99,99,99,0,0,4,51,0.5564582127808799,0.3794535595957957,0.6994304552963683,2.226906623541682e-09,9.999000099990002e-05,0.5130961814689682,0.3289306264243927,0.6707570412163278,5.626424573688301e-08,9.999000099990002e-05,-0.04336203131191174,-0.06965945874590607,-0.019177106834965183,0.922074954927502,formal,正式,金标准总分－对应金标准条目分；HAMD14金标准9视为无法评估且总分已不含该项,0.00016998300169983002,0.00022664400226644,FDR显著,FDR显著,attenuated_but_significant
HAMD-17,PDCH标签99人,GLM-5.2,思考,7,C07：全文｜规整｜逐条评分｜不清洗,全文,规整,不清洗,2,有罪感,Spearman秩相关,99,99,99,0,0,4,51,0.36361379561088747,0.17270682298935788,0.5340187751345026,0.00021608103338554026,0.00019998000199980003,0.3079066846155645,0.10369643236302217,0.49843062499642293,0.0019324928531950338,0.0021997800219978004,-0.055707110995322995,-0.08561647891859425,-0.02818034852014916,0.8467959366015457,formal,正式,金标准总分－对应金标准条目分；HAMD14金标准9视为无法评估且总分已不含该项,0.00031261241691922764,0.003149158768333693,FDR显著,FDR显著,attenuated_but_significant
HAMD-17,PDCH标签99人,GLM-5.2,思考,7,C07：全文｜规整｜逐条评分｜不清洗,全文,规整,不清洗,3,自杀,Spearman秩相关,99,99,99,0,0,5,51,0.4653627188431812,0.29270040632217764,0.6247491129362676,1.2139567090534727e-06,9.999000099990002e-05,0.39784711613061063,0.2156885571337971,0.5623031363966339,4.544030400909351e-05,0.00019998000199980003,-0.06751560271257057,-0.10118991798169862,-0.03639373610860224,0.8549183250424448,formal,正式,金标准总分－对应金标准条目分；HAMD14金标准9视为无法评估且总分已不含该项,0.00016998300169983002,0.0003830602855207437,FDR显著,FDR显著,attenuated_but_significant
HAMD-17,PDCH标签99人,GLM-5.2,思考,7,C07：全文｜规整｜逐条评分｜不清洗,全文,规整,不清洗,4,入睡困难,Spearman秩相关,99,99,99,0,0,3,51,0.4203766537225786,0.24508644813030836,0.5732021254115214,1.4772363554428361e-05,9.999000099990002e-05,0.3960083738555716,0.22860269064699476,0.5470997644383713,4.9629656895483174e-05,0.00019998000199980003,-0.024368279867007014,-0.04610008511441674,-0.004212891646743199,0.9420322711758191,formal,正式,金标准总分－对应金标准条目分；HAMD14金标准9视为无法评估且总分已不含该项,0.00016998300169983002,0.0003830602855207437,FDR显著,FDR显著,attenuated_but_significant
HAMD-17,PDCH标签99人,GLM-5.2,思考,7,C07：全文｜规整｜逐条评分｜不清洗,全文,规整,不清洗,5,睡眠不深,Spearman秩相关,99,99,99,0,0,3,51,0.26694062681124,0.08669869158928396,0.4313705623923105,0.007563812610954689,0.0071992800719928,0.21418345652340479,0.029895297052196578,0.3911322507442902,0.033270521600617935,0.0352964703529647,-0.05275717028783519,-0.0814784230851013,-0.025557669512660194,0.8023636532286221,formal,正式,金标准总分－对应金标准条目分；HAMD14金标准9视为无法评估且总分已不含该项,0.0090657600906576,0.04403963273397431,FDR显著,FDR显著,attenuated_but_significant
HAMD-17,PDCH标签99人,GLM-5.2,思考,7,C07：全文｜规整｜逐条评分｜不清洗,全文,规整,不清洗,6,早醒,Spearman秩相关,99,99,99,0,0,3,51,0.35453322300148327,0.17305885387367503,0.5197380647882586,0.000317664874365364,0.00019998000199980003,0.3007972536190706,0.11788294259212634,0.475072959867496,0.0024840764157683763,0.001999800019998,-0.05373596938241265,-0.07997521114289341,-0.030092476159620157,0.8484317804478713,formal,正式,金标准总分－对应金标准条目分；HAMD14金标准9视为无法评估且总分已不含该项,0.00031261241691922764,0.002893327688507745,FDR显著,FDR显著,attenuated_but_significant
HAMD-17,PDCH标签99人,GLM-5.2,思考,7,C07：全文｜规整｜逐条评分｜不清洗,全文,规整,不清洗,7,工作和活动,Spearman秩相关,99,99,99,0,0,5,51,0.6328045247611268,0.47147176379627026,0.7613866050042553,2.1117982017467964e-12,9.999000099990002e-05,0.6025904283217336,0.4383308824583877,0.7305541518363141,4.1397894688668786e-11,9.999000099990002e-05,-0.030214096439393212,-0.05801747342299376,-0.003773213560007853,0.9522536656153043,formal,正式,金标准总分－对应金标准条目分；HAMD14金标准9视为无法评估且总分已不含该项,0.00016998300169983002,0.00022664400226644,FDR显著,FDR显著,attenuated_but_significant
HAMD-17,PDCH标签99人,GLM-5.2,思考,7,C07：全文｜规整｜逐条评分｜不清洗,全文,规整,不清洗,8,迟滞,Spearman秩相关,99,99,99,0,0,3,51,0.5146585883540767,0.3495244292940763,0.6575421642301499,5.047102111906275e-08,9.999000099990002e-05,0.507722485001148,0.3431922303900489,0.6419106820189462,8.142243426310896e-08,9.999000099990002e-05,-0.006936103352928713,-0.027046652474819886,0.011043100122234278,0.9865229037076579,formal,正式,金标准总分－对应金标准条目分；HAMD14金标准9视为无法评估且总分已不含该项,0.00016998300169983002,0.00022664400226644,FDR显著,FDR显著,robust_cross_symptom
HAMD-17,PDCH标签99人,GLM-5.2,思考,7,C07：全文｜规整｜逐条评分｜不清洗,全文,规整,不清洗,9,激越,Spearman秩相关,99,99,99,0,0,5,51,0.39586150208841275,0.20412786624917795,0.5632201186901078,4.9979375044115444e-05,9.999000099990002e-05,0.39311782267925394,0.20720773288460984,0.5630762295424425,5.695026495964038e-05,0.00019998000199980003,-0.002743679409158817,-0.020113849627528536,0.016690791472393225,0.9930690926127339,formal,正式,金标准总分－对应金标准条目分；HAMD14金标准9视为无法评估且总分已不含该项,0.00016998300169983002,0.0003830602855207437,FDR显著,FDR显著,robust_cross_symptom
HAMD-17,PDCH标签99人,GLM-5.2,思考,7,C07：全文｜规整｜逐条评分｜不清洗,全文,规整,不清洗,10,精神性焦虑,Spearman秩相关,99,99,99,0,0,5,51,0.5126877976658543,0.35605462640631697,0.6511516813196343,5.7879959512508676e-08,9.999000099990002e-05,0.4658744168334581,0.2938628813329016,0.602966013003679,1.1774670615704587e-06,9.999000099990002e-05,-0.04681338083239617,-0.07612007803638925,-0.020193592828687015,0.9086902769179872,formal,正式,金标准总分－对应金标准条目分；HAMD14金标准9视为无法评估且总分已不含该项,0.00016998300169983002,0.00022664400226644,FDR显著,FDR显著,attenuated_but_significant
HAMD-17,PDCH标签99人,GLM-5.2,思考,7,C07：全文｜规整｜逐条评分｜不清洗,全文,规整,不清洗,11,躯体性焦虑,Spearman秩相关,99,99,99,0,0,5,51,0.6367101843439069,0.4982892557366707,0.7448576628099138,1.4034264576861731e-12,9.999000099990002e-05,0.5871768699700738,0.43804682830164754,0.7087983822800518,1.681015209116212e-10,9.999000099990002e-05,-0.049533314373833126,-0.0779331895481805,-0.023079585607303253,0.9222043001795639,formal,正式,金标准总分－对应金标准条目分；HAMD14金标准9视为无法评估且总分已不含该项,0.00016998300169983002,0.00022664400226644,FDR显著,FDR显著,attenuated_but_significant
HAMD-17,PDCH标签99人,GLM-5.2,思考,7,C07：全文｜规整｜逐条评分｜不清洗,全文,规整,不清洗,12,胃肠道症状,Spearman秩相关,99,99,99,0,0,3,51,0.4645068907438741,0.29573028395178996,0.6133330953732108,1.2773904370565977e-06,9.999000099990002e-05,0.4195163528805599,0.2441011423178809,0.5741554079315337,1.5443078067068453e-05,9.999000099990002e-05,-0.044990537863314195,-0.07192455895367458,-0.02170706895559244,0.9031434435961432,formal,正式,金标准总分－对应金标准条目分；HAMD14金标准9视为无法评估且总分已不含该项,0.00016998300169983002,0.00022664400226644,FDR显著,FDR显著,attenuated_but_significant
HAMD-17,PDCH标签99人,GLM-5.2,思考,7,C07：全文｜规整｜逐条评分｜不清洗,全文,规整,不清洗,13,全身症状,Spearman秩相关,99,99,99,0,0,3,51,0.5377332571969435,0.37917159215961654,0.6766393853650086,9.49934557298782e-09,9.999000099990002e-05,0.49746872884692817,0.3211443324146967,0.649623708885148,1.6198318073151493e-07,9.999000099990002e-05,-0.04026452835001537,-0.06347465169965691,-0.02192416877965836,0.9251217442642411,formal,正式,金标准总分－对应金标准条目分；HAMD14金标准9视为无法评估且总分已不含该项,0.00016998300169983002,0.00022664400226644,FDR显著,FDR显著,attenuated_but_significant
HAMD-17,PDCH标签99人,GLM-5.2,思考,7,C07：全文｜规整｜逐条评分｜不清洗,全文,规整,不清洗,14,性症状,Spearman秩相关,99,63,63,36,36,3,51,0.5047825053327903,0.2819600591394856,0.6829423881597075,2.4566015716142294e-05,9.999000099990002e-05,0.45674660614784046,0.2303899224388049,0.648809202254915,0.00016806493345281764,0.00039996000399960006,-0.04803589918494988,-0.08579856691385568,-0.015942167167696333,0.9048384231278359,formal,正式,金标准总分－对应金标准条目分；HAMD14金标准9视为无法评估且总分已不含该项,0.00016998300169983002,0.0007157179018940211,FDR显著,FDR显著,attenuated_but_significant
HAMD-17,PDCH标签99人,GLM-5.2,思考,7,C07：全文｜规整｜逐条评分｜不清洗,全文,规整,不清洗,15,疑病,Spearman秩相关,99,99,99,0,0,3,51,0.109702848433025,-0.08402440787340958,0.30124127703848985,0.27972682135890053,0.27277272272772723,0.056495403834282316,-0.149208403572962,0.2576016845536362,0.5786026286631026,0.5797420257974203,-0.05320744459874268,-0.08022113414266432,-0.025631952542855038,0.5149857514299047,formal,正式,金标准总分－对应金标准条目分；HAMD14金标准9视为无法评估且总分已不含该项,0.2944213515156421,0.6064993500649936,FDR不显著,FDR不显著,weak_both
HAMD-17,PDCH标签99人,GLM-5.2,思考,7,C07：全文｜规整｜逐条评分｜不清洗,全文,规整,不清洗,16,体重减轻,Spearman秩相关,99,99,99,0,0,3,51,0.30311178889980644,0.11728889121202028,0.46715513806706077,0.002290642492378768,0.0023997600239976003,0.24386411519754767,0.06320122324704974,0.41169330905100865,0.014997273536247134,0.014498550144985502,-0.05924767370225878,-0.09201741846074263,-0.030278249670854167,0.804535237915662,formal,正式,金标准总分－对应金标准条目分；HAMD14金标准9视为无法评估且总分已不含该项,0.0031996800319968005,0.018959642497288733,FDR显著,FDR显著,attenuated_but_significant
HAMD-17,PDCH标签99人,GLM-5.2,思考,7,C07：全文｜规整｜逐条评分｜不清洗,全文,规整,不清洗,17,自知力,Spearman秩相关,99,99,99,0,0,3,51,-0.003278852850233164,-0.22287219053074692,0.21566783993992614,0.9743046440832404,0.9728027197280272,-0.012168345699728507,-0.23611320574175962,0.22362603255220748,0.9048473445524439,0.9034096590340965,-0.008889492849495343,-0.02405594665146804,0.0021450297329906583,,formal,正式,金标准总分－对应金标准条目分；HAMD14金标准9视为无法评估且总分已不含该项,0.9800086658000867,0.9168933852883367,FDR不显著,FDR不显著,weak_both
HAMD-17,PDCH标签99人,GLM-5.2,思考,8,C08：全文｜规整｜逐条评分｜清洗,全文,规整,清洗,1,抑郁情绪,Spearman秩相关,99,99,99,0,0,4,46,0.5411442541711926,0.36584141575472395,0.6750682082640694,7.341592950560483e-09,9.999000099990002e-05,0.5134212830036673,0.3401655103593309,0.657185603457843,5.5008871831178656e-08,9.999000099990002e-05,-0.027722971167525312,-0.05101925632603695,-0.004293274556399076,0.9487697209129841,formal,正式,金标准总分－对应金标准条目分；HAMD14金标准9视为无法评估且总分已不含该项,0.00016998300169983002,0.00022664400226644,FDR显著,FDR显著,attenuated_but_significant
HAMD-17,PDCH标签99人,GLM-5.2,思考,8,C08：全文｜规整｜逐条评分｜清洗,全文,规整,清洗,2,有罪感,Spearman秩相关,99,99,99,0,0,4,46,0.4253364060447981,0.25478937939321356,0.5630249938961754,1.1408875393561579e-05,0.00019998000199980003,0.3653206821367978,0.19190447986614953,0.5250073159221936,0.00020072468611253354,0.00019998000199980003,-0.06001572390800031,-0.0898401394718099,-0.03204619493773305,0.8588982201968406,formal,正式,金标准总分－对应金标准条目分；HAMD14金标准9视为无法评估且总分已不含该项,0.00031261241691922764,0.0003830602855207437,FDR显著,FDR显著,attenuated_but_significant
HAMD-17,PDCH标签99人,GLM-5.2,思考,8,C08：全文｜规整｜逐条评分｜清洗,全文,规整,清洗,3,自杀,Spearman秩相关,99,99,99,0,0,5,46,0.3944311035365875,0.21338291070225812,0.5562055081255101,5.350763540889778e-05,9.999000099990002e-05,0.33364885918137177,0.15067675153052698,0.5045000153372121,0.0007385461436976248,0.0008999100089991,-0.06078224435521573,-0.09737680726089248,-0.030031889661465656,0.8458989572317601,formal,正式,金标准总分－对应金标准条目分；HAMD14金标准9视为无法评估且总分已不含该项,0.00016998300169983002,0.00143985601439856,FDR显著,FDR显著,attenuated_but_significant
HAMD-17,PDCH标签99人,GLM-5.2,思考,8,C08：全文｜规整｜逐条评分｜清洗,全文,规整,清洗,4,入睡困难,Spearman秩相关,99,99,99,0,0,3,46,0.4169534803129187,0.25502546565071227,0.5644059041475301,1.7614486148192375e-05,9.999000099990002e-05,0.38846606677353807,0.22552487622677636,0.5435897943244301,7.087657138172945e-05,0.00019998000199980003,-0.028487413539380613,-0.05045441662352957,-0.008191357479889734,0.9316772376668948,formal,正式,金标准总分－对应金标准条目分；HAMD14金标准9视为无法评估且总分已不含该项,0.00016998300169983002,0.0003830602855207437,FDR显著,FDR显著,attenuated_but_significant
HAMD-17,PDCH标签99人,GLM-5.2,思考,8,C08：全文｜规整｜逐条评分｜清洗,全文,规整,清洗,5,睡眠不深,Spearman秩相关,99,99,99,0,0,3,46,0.26226816139733056,0.07290910462894296,0.43705575379683953,0.008729525065461723,0.008799120087991202,0.22260917587446385,0.0342176057649391,0.4074838364677939,0.026782639946084017,0.029797020297970205,-0.0396589855228667,-0.06651288661824432,-0.015782454625034165,0.8487845977507571,formal,正式,金标准总分－对应金标准条目分；HAMD14金标准9视为无法评估且总分已不含该项,0.010978718641897279,0.03752217370855507,FDR显著,FDR显著,attenuated_but_significant
HAMD-17,PDCH标签99人,GLM-5.2,思考,8,C08：全文｜规整｜逐条评分｜清洗,全文,规整,清洗,6,早醒,Spearman秩相关,99,99,99,0,0,3,46,0.3307226346701638,0.14457190246560384,0.4987908245151417,0.0008273968198159756,0.0008999100089991,0.28021435645275644,0.08420314700118967,0.4502012478358891,0.004966479117908575,0.0052994700529947,-0.05050827821740733,-0.07659235026024518,-0.024464646160706868,0.84727904013047,formal,正式,金标准总分－对应金标准条目分；HAMD14金标准9视为无法评估且总分已不含该项,0.001274872512748725,0.007430184816569889,FDR显著,FDR显著,attenuated_but_significant
HAMD-17,PDCH标签99人,GLM-5.2,思考,8,C08：全文｜规整｜逐条评分｜清洗,全文,规整,清洗,7,工作和活动,Spearman秩相关,99,99,99,0,0,5,46,0.6676505921688168,0.5231833173841858,0.779130209598211,4.43647313828194e-14,9.999000099990002e-05,0.6379902702112732,0.503284147635972,0.7481313194308896,1.2259584863793069e-12,9.999000099990002e-05,-0.029660321957543645,-0.05797743157981965,-0.0036955319299035463,0.9555750832764274,formal,正式,金标准总分－对应金标准条目分；HAMD14金标准9视为无法评估且总分已不含该项,0.00016998300169983002,0.00022664400226644,FDR显著,FDR显著,attenuated_but_significant
HAMD-17,PDCH标签99人,GLM-5.2,思考,8,C08：全文｜规整｜逐条评分｜清洗,全文,规整,清洗,8,迟滞,Spearman秩相关,99,99,99,0,0,3,46,0.31919436576031496,0.12187675197267578,0.4955710587832599,0.0012806286765021685,0.0014998500149985001,0.312865819863871,0.12951655863066816,0.4883083381236291,0.0016160623370374654,0.0016998300169983002,-0.006328545896443938,-0.025200594484219716,0.01136728479675977,0.9801733784323873,formal,正式,金标准总分－对应金标准条目分；HAMD14金标准9视为无法评估且总分已不含该项,0.002081424510610163,0.002540405300129328,FDR显著,FDR显著,robust_cross_symptom
HAMD-17,PDCH标签99人,GLM-5.2,思考,8,C08：全文｜规整｜逐条评分｜清洗,全文,规整,清洗,9,激越,Spearman秩相关,99,99,99,0,0,4,46,0.24212524946276578,0.04546750600207764,0.42500284907829594,0.01575408715841257,0.016298370162983702,0.22974368959142105,0.027063899633467697,0.4163736342158326,0.022162027266310263,0.0221977802219778,-0.012381559871344733,-0.03535341093234255,0.0075823736674547875,0.9488629959129943,formal,正式,金标准总分－对应金标准条目分；HAMD14金标准9视为无法评估且总分已不含该项,0.019790878055051638,0.028751410573228393,FDR显著,FDR显著,robust_cross_symptom
HAMD-17,PDCH标签99人,GLM-5.2,思考,8,C08：全文｜规整｜逐条评分｜清洗,全文,规整,清洗,10,精神性焦虑,Spearman秩相关,99,99,99,0,0,5,46,0.536205669691268,0.3734192829057464,0.6654191447678964,1.0651407702841056e-08,9.999000099990002e-05,0.49342715025759515,0.3373943457881394,0.6361509436188619,2.1113239874088225e-07,9.999000099990002e-05,-0.04277851943367289,-0.06959615077782023,-0.020097212536277564,0.9202199419892305,formal,正式,金标准总分－对应金标准条目分；HAMD14金标准9视为无法评估且总分已不含该项,0.00016998300169983002,0.00022664400226644,FDR显著,FDR显著,attenuated_but_significant
HAMD-17,PDCH标签99人,GLM-5.2,思考,8,C08：全文｜规整｜逐条评分｜清洗,全文,规整,清洗,11,躯体性焦虑,Spearman秩相关,99,99,99,0,0,5,46,0.5548453829758695,0.40239693998658305,0.6792390477511283,2.5322292214440773e-09,9.999000099990002e-05,0.49691147287292375,0.32842348317647707,0.6360948725142349,1.6804521953203483e-07,9.999000099990002e-05,-0.05793391010294574,-0.08495975013334743,-0.03360137124172063,0.8955854876322088,formal,正式,金标准总分－对应金标准条目分；HAMD14金标准9视为无法评估且总分已不含该项,0.00016998300169983002,0.00022664400226644,FDR显著,FDR显著,attenuated_but_significant
HAMD-17,PDCH标签99人,GLM-5.2,思考,8,C08：全文｜规整｜逐条评分｜清洗,全文,规整,清洗,12,胃肠道症状,Spearman秩相关,99,99,99,0,0,3,46,0.48970131584315546,0.3361214818194198,0.6222721270533854,2.687477598918734e-07,9.999000099990002e-05,0.43223556548494,0.25927458858412367,0.5772371120459812,7.910333150625312e-06,9.999000099990002e-05,-0.05746575035821544,-0.08314393672195065,-0.03552765337247904,0.8826514275150101,formal,正式,金标准总分－对应金标准条目分；HAMD14金标准9视为无法评估且总分已不含该项,0.00016998300169983002,0.00022664400226644,FDR显著,FDR显著,attenuated_but_significant
HAMD-17,PDCH标签99人,GLM-5.2,思考,8,C08：全文｜规整｜逐条评分｜清洗,全文,规整,清洗,13,全身症状,Spearman秩相关,99,99,99,0,0,3,46,0.5102857462004321,0.3381274784941641,0.6580342280532467,6.83163491061368e-08,9.999000099990002e-05,0.4716522424309118,0.3042179974123638,0.6226301711647554,8.313560639621504e-07,9.999000099990002e-05,-0.038633503769520294,-0.06640151444361944,-0.016848570742750882,0.924290450875448,formal,正式,金标准总分－对应金标准条目分；HAMD14金标准9视为无法评估且总分已不含该项,0.00016998300169983002,0.00022664400226644,FDR显著,FDR显著,attenuated_but_significant
HAMD-17,PDCH标签99人,GLM-5.2,思考,8,C08：全文｜规整｜逐条评分｜清洗,全文,规整,清洗,14,性症状,Spearman秩相关,99,63,63,36,36,3,46,0.5469659355727354,0.32681638649453726,0.7214957987804229,3.513863442847658e-06,9.999000099990002e-05,0.50533639290758,0.2767721675240837,0.6925523628662245,2.3986049969320125e-05,0.00019998000199980003,-0.041629542665155395,-0.0763146889672632,-0.011030226692034822,0.9238900634249471,formal,正式,金标准总分－对应金标准条目分；HAMD14金标准9视为无法评估且总分已不含该项,0.00016998300169983002,0.0003830602855207437,FDR显著,FDR显著,attenuated_but_significant
HAMD-17,PDCH标签99人,GLM-5.2,思考,8,C08：全文｜规整｜逐条评分｜清洗,全文,规整,清洗,15,疑病,Spearman秩相关,99,99,99,0,0,3,46,0.171092539150203,-0.027170748092693067,0.35002809519684924,0.0904100851705077,0.0903909609039096,0.11962654494475634,-0.07133191308220764,0.3035494066934192,0.2382416939333955,0.2343765623437656,-0.05146599420544666,-0.07975092672081129,-0.024213121380695403,0.6991920602670791,formal,正式,金标准总分－对应金标准条目分；HAMD14金标准9视为无法评估且总分已不含该项,0.10159645192505543,0.2629441973835403,FDR不显著,FDR不显著,weak_both
HAMD-17,PDCH标签99人,GLM-5.2,思考,8,C08：全文｜规整｜逐条评分｜清洗,全文,规整,清洗,16,体重减轻,Spearman秩相关,99,99,99,0,0,3,46,0.27296485380106505,0.09469374726379673,0.4363455213065167,0.006264801716814225,0.005699430056994301,0.22123424937402167,0.03676251038092785,0.39458989845446024,0.027761377789972605,0.0282971702829717,-0.051730604427043386,-0.08165048517794354,-0.024459148372669458,0.8104862083645966,formal,正式,金标准总分－对应金标准条目分；HAMD14金标准9视为无法评估且总分已不含该项,0.007312476299539858,0.035966496808263096,FDR显著,FDR显著,attenuated_but_significant
HAMD-17,PDCH标签99人,GLM-5.2,思考,8,C08：全文｜规整｜逐条评分｜清洗,全文,规整,清洗,17,自知力,Spearman秩相关,99,99,99,0,0,3,46,0.0006200147102250093,-0.23989541346468446,0.23187719181982747,0.9951403389095582,0.9949005099490051,-0.004883009349710039,-0.24792878422530937,0.22866077090620454,0.9617412959871467,0.961003899610039,-0.005503024059935049,-0.01896354503172505,0.005059018103925409,-7.875634673148236,formal,正式,金标准总分－对应金标准条目分；HAMD14金标准9视为无法评估且总分已不含该项,0.9949005099490051,0.9610038996100388,FDR不显著,FDR不显著,weak_both
HAMD-17,PDCH标签99人,GLM-5.2,思考,11,C11：事件序列｜不规整｜逐条评分｜不清洗,事件序列,不规整,不清洗,1,抑郁情绪,Spearman秩相关,99,99,99,0,0,5,54,0.551152015074134,0.3884166284049562,0.6919340930645301,3.389805060345823e-09,9.999000099990002e-05,0.5112442490706306,0.34098523606017483,0.6539478004331863,6.395316304165623e-08,9.999000099990002e-05,-0.03990776600350343,-0.06785907178703823,-0.014632050902277594,0.9275920890933592,formal,正式,金标准总分－对应金标准条目分；HAMD14金标准9视为无法评估且总分已不含该项,0.00016998300169983002,0.00022664400226644,FDR显著,FDR显著,attenuated_but_significant
HAMD-17,PDCH标签99人,GLM-5.2,思考,11,C11：事件序列｜不规整｜逐条评分｜不清洗,事件序列,不规整,不清洗,2,有罪感,Spearman秩相关,99,99,99,0,0,3,54,0.4003808274879258,0.22581830112156331,0.541425114724387,4.020636210747696e-05,9.999000099990002e-05,0.3554527642125772,0.17822140901127226,0.5075498336847792,0.0003056665982191591,0.00019998000199980003,-0.044928063275348595,-0.07460720584057731,-0.01993671175579923,0.8877866766067777,formal,正式,金标准总分－对应金标准条目分；HAMD14金标准9视为无法评估且总分已不含该项,0.00016998300169983002,0.0003830602855207437,FDR显著,FDR显著,attenuated_but_significant
HAMD-17,PDCH标签99人,GLM-5.2,思考,11,C11：事件序列｜不规整｜逐条评分｜不清洗,事件序列,不规整,不清洗,3,自杀,Spearman秩相关,99,99,99,0,0,5,54,0.4168744460459571,0.23885728831767436,0.5630637797727824,1.7685794119395456e-05,0.00029997000299970003,0.3397820039102015,0.16216790970297204,0.5092800708743361,0.0005799548316287935,0.000999900009999,-0.07709244213575556,-0.1119089103261238,-0.04637562709898231,0.815070357833215,formal,正式,金标准总分－对应金标准条目分；HAMD14金标准9视为无法评估且总分已不含该项,0.00046359000463590006,0.0015812372251146978,FDR显著,FDR显著,attenuated_but_significant
HAMD-17,PDCH标签99人,GLM-5.2,思考,11,C11：事件序列｜不规整｜逐条评分｜不清洗,事件序列,不规整,不清洗,4,入睡困难,Spearman秩相关,99,99,99,0,0,3,54,0.4695044556753812,0.3043869630051718,0.614698529896226,9.468942686668381e-07,9.999000099990002e-05,0.42908024084671725,0.25634292926888363,0.5821080507908755,9.361965064187288e-06,9.999000099990002e-05,-0.04042421482866393,-0.06726167865408193,-0.01945446043159424,0.913900253043363,formal,正式,金标准总分－对应金标准条目分；HAMD14金标准9视为无法评估且总分已不含该项,0.00016998300169983002,0.00022664400226644,FDR显著,FDR显著,attenuated_but_significant
HAMD-17,PDCH标签99人,GLM-5.2,思考,11,C11：事件序列｜不规整｜逐条评分｜不清洗,事件序列,不规整,不清洗,5,睡眠不深,Spearman秩相关,99,99,99,0,0,3,54,0.2485873438143979,0.03922563836325597,0.42740837397665443,0.013098575758006792,0.013798620137986202,0.20755650729879774,0.007759165434294877,0.39006732601475697,0.03926114141062798,0.0410958904109589,-0.04103083651560016,-0.06892576174508001,-0.016543018130278447,0.83494398433158,formal,正式,金标准总分－对应金标准条目分；HAMD14金标准9视为无法评估且总分已不含该项,0.017060112170601122,0.05080946450809464,FDR显著,FDR不显著,overlap_dependent
HAMD-17,PDCH标签99人,GLM-5.2,思考,11,C11：事件序列｜不规整｜逐条评分｜不清洗,事件序列,不规整,不清洗,6,早醒,Spearman秩相关,99,99,99,0,0,3,54,0.31286158767359035,0.1299208721012767,0.47986121999798437,0.0016163110749920979,0.0023997600239976003,0.26423203827673114,0.0706825977569252,0.4468949627184411,0.00822158686732048,0.010698930106989302,-0.048629549396859206,-0.07603155130124137,-0.02367269519137963,0.8445652924078535,formal,正式,金标准总分－对应金标准条目分；HAMD14金标准9视为无法评估且总分已不含该项,0.0031996800319968005,0.014265240142652402,FDR显著,FDR显著,attenuated_but_significant
HAMD-17,PDCH标签99人,GLM-5.2,思考,11,C11：事件序列｜不规整｜逐条评分｜不清洗,事件序列,不规整,不清洗,7,工作和活动,Spearman秩相关,99,99,99,0,0,5,54,0.6468651577190787,0.5062420620839391,0.757531389572499,4.717945772360986e-13,9.999000099990002e-05,0.6040471009391611,0.4710239061442777,0.7235466252787955,3.612206389072508e-11,9.999000099990002e-05,-0.04281805677991757,-0.07424927992884253,-0.018641875556091696,0.9338068277925202,formal,正式,金标准总分－对应金标准条目分；HAMD14金标准9视为无法评估且总分已不含该项,0.00016998300169983002,0.00022664400226644,FDR显著,FDR显著,attenuated_but_significant
HAMD-17,PDCH标签99人,GLM-5.2,思考,11,C11：事件序列｜不规整｜逐条评分｜不清洗,事件序列,不规整,不清洗,8,迟滞,Spearman秩相关,99,99,99,0,0,3,54,0.4983630677915075,0.32352400144629134,0.6504111952802224,1.5268713510283357e-07,9.999000099990002e-05,0.4938047108359002,0.32369247617417735,0.6418263396064589,2.0599960502637522e-07,9.999000099990002e-05,-0.004558356955607301,-0.02760192391608004,0.017483045546582927,0.9908533411679007,formal,正式,金标准总分－对应金标准条目分；HAMD14金标准9视为无法评估且总分已不含该项,0.00016998300169983002,0.00022664400226644,FDR显著,FDR显著,robust_cross_symptom
HAMD-17,PDCH标签99人,GLM-5.2,思考,11,C11：事件序列｜不规整｜逐条评分｜不清洗,事件序列,不规整,不清洗,9,激越,Spearman秩相关,99,99,99,0,0,3,54,0.355551656781975,0.16868452239890308,0.5167010754580224,0.0003044014264509264,0.0005999400059994001,0.35504645328531115,0.15691681202115326,0.5226771195924617,0.0003109157261427721,0.0004999500049995,-0.0005052034966638308,-0.019197162266857047,0.019659041723347193,0.9985790995850327,formal,正式,金标准总分－对应金标准条目分；HAMD14金标准9视为无法评估且总分已不含该项,0.0008773316216765421,0.0008606734263282532,FDR显著,FDR显著,robust_cross_symptom
HAMD-17,PDCH标签99人,GLM-5.2,思考,11,C11：事件序列｜不规整｜逐条评分｜不清洗,事件序列,不规整,不清洗,10,精神性焦虑,Spearman秩相关,99,99,99,0,0,4,54,0.5054512688547277,0.350017493472912,0.6378372171602917,9.500768644961742e-08,9.999000099990002e-05,0.4504775206877802,0.2887014301193865,0.5964913453818053,2.88754455433864e-06,9.999000099990002e-05,-0.0549737481669475,-0.08195334919520517,-0.029588284351769918,0.8912382823936533,formal,正式,金标准总分－对应金标准条目分；HAMD14金标准9视为无法评估且总分已不含该项,0.00016998300169983002,0.00022664400226644,FDR显著,FDR显著,attenuated_but_significant
HAMD-17,PDCH标签99人,GLM-5.2,思考,11,C11：事件序列｜不规整｜逐条评分｜不清洗,事件序列,不规整,不清洗,11,躯体性焦虑,Spearman秩相关,99,99,99,0,0,4,54,0.5103271675891538,0.33022056233677394,0.6432172185138217,6.812206798119347e-08,9.999000099990002e-05,0.4577004730273167,0.2789416550596881,0.6058601658713831,1.9060381311055011e-06,9.999000099990002e-05,-0.05262669456183705,-0.08137202209133607,-0.028375906124564525,0.8968765570321254,formal,正式,金标准总分－对应金标准条目分；HAMD14金标准9视为无法评估且总分已不含该项,0.00016998300169983002,0.00022664400226644,FDR显著,FDR显著,attenuated_but_significant
HAMD-17,PDCH标签99人,GLM-5.2,思考,11,C11：事件序列｜不规整｜逐条评分｜不清洗,事件序列,不规整,不清洗,12,胃肠道症状,Spearman秩相关,99,99,99,0,0,3,54,0.5239935097341595,0.37057901547196925,0.6585030078269956,2.6067423267554666e-08,9.999000099990002e-05,0.46771960383025823,0.3024603318693766,0.6070653743776363,1.0543249672174218e-06,9.999000099990002e-05,-0.056273905903901245,-0.0803413969437942,-0.034151828257806514,0.8926057196157812,formal,正式,金标准总分－对应金标准条目分；HAMD14金标准9视为无法评估且总分已不含该项,0.00016998300169983002,0.00022664400226644,FDR显著,FDR显著,attenuated_but_significant
HAMD-17,PDCH标签99人,GLM-5.2,思考,11,C11：事件序列｜不规整｜逐条评分｜不清洗,事件序列,不规整,不清洗,13,全身症状,Spearman秩相关,99,99,99,0,0,3,54,0.6034761016509985,0.4517885732112986,0.7178348499734726,3.8108003265478786e-11,9.999000099990002e-05,0.5651031522317427,0.4099420456748473,0.6875119595851537,1.1052789120393053e-09,9.999000099990002e-05,-0.03837294941925584,-0.063580978835467,-0.019583221933860022,0.9364134730202661,formal,正式,金标准总分－对应金标准条目分；HAMD14金标准9视为无法评估且总分已不含该项,0.00016998300169983002,0.00022664400226644,FDR显著,FDR显著,attenuated_but_significant
HAMD-17,PDCH标签99人,GLM-5.2,思考,11,C11：事件序列｜不规整｜逐条评分｜不清洗,事件序列,不规整,不清洗,14,性症状,Spearman秩相关,99,63,63,36,36,3,54,0.44631736711039277,0.22641936092570195,0.6233192763676583,0.00024603119339914025,0.00039996000399960006,0.3877800120095997,0.1455417543889344,0.5948124686589623,0.0016887287084398944,0.0018998100189981002,-0.058537355100793054,-0.09743703534803809,-0.025174567051631663,0.868843653833631,formal,正式,金标准总分－对应金标准条目分；HAMD14金标准9视为无法评估且总分已不含该项,0.00060438400604384,0.002808414810692844,FDR显著,FDR显著,attenuated_but_significant
HAMD-17,PDCH标签99人,GLM-5.2,思考,11,C11：事件序列｜不规整｜逐条评分｜不清洗,事件序列,不规整,不清洗,15,疑病,Spearman秩相关,99,99,99,0,0,3,54,0.05910348351338439,-0.14343480038759523,0.25438701161749055,0.5611650083558316,0.5604439556044396,0.010097431837052511,-0.19299846247569327,0.21886245184247075,0.920983662380843,0.9174082591740826,-0.049006051676331874,-0.07754276972542455,-0.020668984593064647,0.1708432606136638,formal,正式,金标准总分－对应金标准条目分；HAMD14金标准9视为无法评估且总分已不含该项,0.5774271057742711,0.9242038759087055,FDR不显著,FDR不显著,weak_both
HAMD-17,PDCH标签99人,GLM-5.2,思考,11,C11：事件序列｜不规整｜逐条评分｜不清洗,事件序列,不规整,不清洗,16,体重减轻,Spearman秩相关,99,99,99,0,0,3,54,0.20143784080765528,0.00940313084189515,0.37961896684251784,0.04556818220021667,0.043995600439956005,0.13818436089223715,-0.043967165220237546,0.31583909695245527,0.1725648044084351,0.1770822917708229,-0.06325347991541813,-0.0986781534030723,-0.03259648235720167,0.685990081794928,formal,正式,金标准总分－对应金标准条目分；HAMD14金标准9视为无法评估且总分已不含该项,0.05114018512678647,0.20409484475281284,FDR不显著,FDR不显著,weak_both
HAMD-17,PDCH标签99人,GLM-5.2,思考,11,C11：事件序列｜不规整｜逐条评分｜不清洗,事件序列,不规整,不清洗,17,自知力,Spearman秩相关,99,99,99,0,0,3,54,0.06328832752835661,-0.1656069768519315,0.2637400840772566,0.533719774473836,0.5392460753924607,0.05830828562214841,-0.1595434482657771,0.26938883952842213,0.5664550972501485,0.5594440555944405,-0.004980041906208203,-0.018232314137965593,0.006114484210699897,0.9213118421564092,formal,正式,金标准总分－对应金标准条目分；HAMD14金标准9视为无法评估且总分已不含该项,0.5598279866669821,0.5898014849677823,FDR不显著,FDR不显著,weak_both
HAMD-17,PDCH标签99人,GLM-5.2,思考,12,C12：事件序列｜不规整｜逐条评分｜清洗,事件序列,不规整,清洗,1,抑郁情绪,Spearman秩相关,99,99,99,0,0,5,43,0.5008647268681268,0.30800195363979754,0.6613455690644968,1.293048524154038e-07,9.999000099990002e-05,0.4735599288660732,0.28242162847170754,0.6274878721751183,7.400600152777108e-07,9.999000099990002e-05,-0.0273047980020536,-0.05488449695604358,-0.0025222762694190317,0.9454846857098749,formal,正式,金标准总分－对应金标准条目分；HAMD14金标准9视为无法评估且总分已不含该项,0.00016998300169983002,0.00022664400226644,FDR显著,FDR显著,attenuated_but_significant
HAMD-17,PDCH标签99人,GLM-5.2,思考,12,C12：事件序列｜不规整｜逐条评分｜清洗,事件序列,不规整,清洗,2,有罪感,Spearman秩相关,99,99,99,0,0,4,43,0.43583427813864056,0.2694371114183596,0.5747517206181193,6.513922967913213e-06,9.999000099990002e-05,0.391075897840355,0.2164376389234514,0.5392663985180521,6.271545227357985e-05,0.00019998000199980003,-0.04475838029828555,-0.07318870711072559,-0.019837476359731303,0.8973041301628696,formal,正式,金标准总分－对应金标准条目分；HAMD14金标准9视为无法评估且总分已不含该项,0.00016998300169983002,0.0003830602855207437,FDR显著,FDR显著,attenuated_but_significant
HAMD-17,PDCH标签99人,GLM-5.2,思考,12,C12：事件序列｜不规整｜逐条评分｜清洗,事件序列,不规整,清洗,3,自杀,Spearman秩相关,99,99,99,0,0,5,43,0.3813113814866195,0.19073413977012865,0.5466009200402578,9.86014584572133e-05,0.00019998000199980003,0.3078161420937953,0.11889669052685996,0.48480520438791935,0.0019387577195120144,0.0015998400159984002,-0.07349523939282421,-0.11054842518232685,-0.043178261906773964,0.8072566333942403,formal,正式,金标准总分－对应金标准条目分；HAMD14金标准9视为无法评估且总分已不含该项,0.00031261241691922764,0.00241753602417536,FDR显著,FDR显著,attenuated_but_significant
HAMD-17,PDCH标签99人,GLM-5.2,思考,12,C12：事件序列｜不规整｜逐条评分｜清洗,事件序列,不规整,清洗,4,入睡困难,Spearman秩相关,99,99,99,0,0,3,43,0.4227218407975373,0.2592577710035739,0.574190498015467,1.3080178152475223e-05,9.999000099990002e-05,0.38538454631243213,0.20473335558474426,0.5453783560407264,8.178277869443245e-05,0.00019998000199980003,-0.037337294485105144,-0.06167771536446034,-0.015915797264644177,0.9116740823832005,formal,正式,金标准总分－对应金标准条目分；HAMD14金标准9视为无法评估且总分已不含该项,0.00016998300169983002,0.0003830602855207437,FDR显著,FDR显著,attenuated_but_significant
HAMD-17,PDCH标签99人,GLM-5.2,思考,12,C12：事件序列｜不规整｜逐条评分｜清洗,事件序列,不规整,清洗,5,睡眠不深,Spearman秩相关,99,99,99,0,0,3,43,0.13080749236605177,-0.07196789883549978,0.3199881337512053,0.1968627363548616,0.19068093190680932,0.07486715761734468,-0.1252243894919405,0.263498803756573,0.4614309209060893,0.46465353464653536,-0.05594033474870709,-0.08496776038065962,-0.030912338794567874,0.5723460962605749,formal,正式,金标准总分－对应金标准条目分；HAMD14金标准9视为无法评估且总分已不含该项,0.20913392531714572,0.49758173788920323,FDR不显著,FDR不显著,weak_both
HAMD-17,PDCH标签99人,GLM-5.2,思考,12,C12：事件序列｜不规整｜逐条评分｜清洗,事件序列,不规整,清洗,6,早醒,Spearman秩相关,99,99,99,0,0,3,43,0.349053415014856,0.15210780199251356,0.5251543547088495,0.00039863353034434994,0.0004999500049995,0.3005152529929044,0.10200179886251257,0.4843148610346994,0.002508622732354831,0.001999800019998,-0.0485381620219516,-0.07474736021836538,-0.02504958447266565,0.8609434546861953,formal,正式,金标准总分－对应金标准条目分；HAMD14金标准9视为无法评估且总分已不含该项,0.0007471780294498022,0.002893327688507745,FDR显著,FDR显著,attenuated_but_significant
HAMD-17,PDCH标签99人,GLM-5.2,思考,12,C12：事件序列｜不规整｜逐条评分｜清洗,事件序列,不规整,清洗,7,工作和活动,Spearman秩相关,99,99,99,0,0,5,43,0.5392173897561703,0.37187737818991123,0.6809162895995263,8.494878025003825e-09,9.999000099990002e-05,0.5021744360176309,0.3388097304756559,0.6563984266733993,1.1846538184058958e-07,9.999000099990002e-05,-0.037042953738539386,-0.06892538554146449,-0.009893846798946889,0.931302375549702,formal,正式,金标准总分－对应金标准条目分；HAMD14金标准9视为无法评估且总分已不含该项,0.00016998300169983002,0.00022664400226644,FDR显著,FDR显著,attenuated_but_significant
HAMD-17,PDCH标签99人,GLM-5.2,思考,12,C12：事件序列｜不规整｜逐条评分｜清洗,事件序列,不规整,清洗,8,迟滞,Spearman秩相关,99,99,99,0,0,3,43,0.33514143461078005,0.14268826754462674,0.5109088525259493,0.0006966683839042539,0.0005999400059994001,0.3290209918568405,0.1359209487556983,0.5068614042662115,0.000883449585166206,0.0006999300069993001,-0.006120442753939581,-0.027520210762141988,0.014258061835545777,0.9817377318294063,formal,正式,金标准总分－对应金标准条目分；HAMD14金标准9视为无法评估且总分已不含该项,0.0008773316216765421,0.0011751911228630224,FDR显著,FDR显著,robust_cross_symptom
HAMD-17,PDCH标签99人,GLM-5.2,思考,12,C12：事件序列｜不规整｜逐条评分｜清洗,事件序列,不规整,清洗,9,激越,Spearman秩相关,99,99,99,0,0,4,43,0.3701351273205504,0.17797550692919178,0.5394543007159587,0.0001626791759027008,9.999000099990002e-05,0.36101633101029107,0.1673765264611998,0.5379760902801167,0.00024154388710246228,0.0004999500049995,-0.009118796310259358,-0.028197283794151706,0.010774588963614988,0.9753636020005144,formal,正式,金标准总分－对应金标准条目分；HAMD14金标准9视为无法评估且总分已不含该项,0.00016998300169983002,0.0008606734263282532,FDR显著,FDR显著,robust_cross_symptom
HAMD-17,PDCH标签99人,GLM-5.2,思考,12,C12：事件序列｜不规整｜逐条评分｜清洗,事件序列,不规整,清洗,10,精神性焦虑,Spearman秩相关,99,99,99,0,0,5,43,0.4531140877316732,0.2790513518659874,0.6151120065487308,2.48402612821487e-06,9.999000099990002e-05,0.3894990690849543,0.19647500273991816,0.570321285132908,6.753473326513209e-05,0.00019998000199980003,-0.06361501864671892,-0.09077643220334013,-0.04014074025916449,0.85960485368005,formal,正式,金标准总分－对应金标准条目分；HAMD14金标准9视为无法评估且总分已不含该项,0.00016998300169983002,0.0003830602855207437,FDR显著,FDR显著,attenuated_but_significant
HAMD-17,PDCH标签99人,GLM-5.2,思考,12,C12：事件序列｜不规整｜逐条评分｜清洗,事件序列,不规整,清洗,11,躯体性焦虑,Spearman秩相关,99,99,99,0,0,4,43,0.5250519937654354,0.3580239265842215,0.67185911099158,2.4155345819749825e-08,9.999000099990002e-05,0.47290377084440305,0.30735313373086853,0.627500327485352,7.703321874676716e-07,9.999000099990002e-05,-0.05214822292103238,-0.07926184104025528,-0.02789199126958734,0.9006798878201587,formal,正式,金标准总分－对应金标准条目分；HAMD14金标准9视为无法评估且总分已不含该项,0.00016998300169983002,0.00022664400226644,FDR显著,FDR显著,attenuated_but_significant
HAMD-17,PDCH标签99人,GLM-5.2,思考,12,C12：事件序列｜不规整｜逐条评分｜清洗,事件序列,不规整,清洗,12,胃肠道症状,Spearman秩相关,99,99,99,0,0,3,43,0.5271604772949614,0.37099920412648046,0.6629254392951013,2.0738180592555485e-08,9.999000099990002e-05,0.4718133690357325,0.3114961222181869,0.6195572983776256,8.232501976062569e-07,9.999000099990002e-05,-0.055347108259228894,-0.07650874818390438,-0.03509539161579651,0.8950089950915258,formal,正式,金标准总分－对应金标准条目分；HAMD14金标准9视为无法评估且总分已不含该项,0.00016998300169983002,0.00022664400226644,FDR显著,FDR显著,attenuated_but_significant
HAMD-17,PDCH标签99人,GLM-5.2,思考,12,C12：事件序列｜不规整｜逐条评分｜清洗,事件序列,不规整,清洗,13,全身症状,Spearman秩相关,99,99,99,0,0,3,43,0.529984847200089,0.35069437398236397,0.6686949157096759,1.6878196373992426e-08,9.999000099990002e-05,0.48631399098042966,0.3001007279565121,0.6375860979179248,3.3384312411291503e-07,9.999000099990002e-05,-0.043670856219659326,-0.06699001286053875,-0.023628811814005578,0.9175998022389271,formal,正式,金标准总分－对应金标准条目分；HAMD14金标准9视为无法评估且总分已不含该项,0.00016998300169983002,0.00022664400226644,FDR显著,FDR显著,attenuated_but_significant
HAMD-17,PDCH标签99人,GLM-5.2,思考,12,C12：事件序列｜不规整｜逐条评分｜清洗,事件序列,不规整,清洗,14,性症状,Spearman秩相关,99,64,64,35,35,3,43,0.383094881553223,0.1393406063718036,0.5794054670470322,0.0017811436245288974,0.0018998100189981002,0.31787097178277807,0.07204487555333296,0.5371944147480484,0.010478974994002842,0.009799020097990201,-0.06522390977044495,-0.10621127090520797,-0.03101282468341071,0.8297447632137485,formal,正式,金标准总分－对应金标准条目分；HAMD14金标准9视为无法评估且总分已不含该项,0.0026098400260984003,0.013194720131947201,FDR显著,FDR显著,attenuated_but_significant
HAMD-17,PDCH标签99人,GLM-5.2,思考,12,C12：事件序列｜不规整｜逐条评分｜清洗,事件序列,不规整,清洗,15,疑病,Spearman秩相关,99,99,99,0,0,3,43,-0.029280408627470667,-0.23197388667909863,0.172374182764222,0.7735778905570871,0.7745225477452254,-0.08967833297388911,-0.2881835782249257,0.10294192260986702,0.3773787863502393,0.38346165383461656,-0.06039792434641844,-0.08897550179057571,-0.031331107417357285,,formal,正式,金标准总分－对应金标准条目分；HAMD14金标准9视为无法评估且总分已不含该项,0.7860825857712737,0.4138951184246655,FDR不显著,FDR不显著,weak_both
HAMD-17,PDCH标签99人,GLM-5.2,思考,12,C12：事件序列｜不规整｜逐条评分｜清洗,事件序列,不规整,清洗,16,体重减轻,Spearman秩相关,99,99,99,0,0,3,43,0.24709183091487436,0.06395433840611334,0.4111306806160604,0.013675748917861977,0.015198480151984802,0.1901502298267035,-0.0001401922153660581,0.3618644580519139,0.059405409974008935,0.06009399060093991,-0.05694160108817087,-0.09142999589911804,-0.029388309912123774,0.7695528788736531,formal,正式,金标准总分－对应金标准条目分；HAMD14金标准9视为无法评估且总分已不含该项,0.018621561267296693,0.07232551081175069,FDR显著,FDR不显著,overlap_dependent
HAMD-17,PDCH标签99人,GLM-5.2,思考,12,C12：事件序列｜不规整｜逐条评分｜清洗,事件序列,不规整,清洗,17,自知力,Spearman秩相关,99,99,99,0,0,3,43,-0.05158666652432667,-0.2532122272102701,0.17999021067408325,0.6120847115578938,0.611038896110389,-0.05559051805666103,-0.26865434638572366,0.16513620119514208,0.5847107215198071,0.5907409259074092,-0.00400385153233436,-0.01572492225240148,0.006695349332334929,,formal,正式,金标准总分－对应金标准条目分；HAMD14金标准9视为无法评估且总分已不含该项,0.6248217283534804,0.6132882894916615,FDR不显著,FDR不显著,weak_both
HAMD-17,PDCH标签99人,GLM-5.2,思考,15,C15：事件序列｜规整｜逐条评分｜不清洗,事件序列,规整,不清洗,1,抑郁情绪,Spearman秩相关,99,99,99,0,0,4,52,0.5954211441421678,0.43923394339672767,0.7254181953553059,8.01794181778987e-11,9.999000099990002e-05,0.5498813672937156,0.3839201088141765,0.6822673602798279,3.744548676955395e-09,9.999000099990002e-05,-0.04553977684845223,-0.07337205525876199,-0.020942445309657446,0.923516695205606,formal,正式,金标准总分－对应金标准条目分；HAMD14金标准9视为无法评估且总分已不含该项,0.00016998300169983002,0.00022664400226644,FDR显著,FDR显著,attenuated_but_significant
HAMD-17,PDCH标签99人,GLM-5.2,思考,15,C15：事件序列｜规整｜逐条评分｜不清洗,事件序列,规整,不清洗,2,有罪感,Spearman秩相关,99,99,99,0,0,4,52,0.37122454883951717,0.18342338442964098,0.5319494966302986,0.00015505312682141732,0.00019998000199980003,0.3315289967776369,0.1342254059688023,0.5069364611125232,0.0008019860371791794,0.0007999200079992001,-0.039695552061880246,-0.0662259887614675,-0.0121348937062508,0.893068623327923,formal,正式,金标准总分－对应金标准条目分；HAMD14金标准9视为无法评估且总分已不含该项,0.00031261241691922764,0.0013107123022637495,FDR显著,FDR显著,attenuated_but_significant
HAMD-17,PDCH标签99人,GLM-5.2,思考,15,C15：事件序列｜规整｜逐条评分｜不清洗,事件序列,规整,不清洗,3,自杀,Spearman秩相关,99,99,99,0,0,5,52,0.518506898739091,0.3628206183777567,0.6530084988120821,3.852951687291961e-08,9.999000099990002e-05,0.43928322626754734,0.2682263010518345,0.5851771107951115,5.396272077254619e-06,9.999000099990002e-05,-0.0792236724715436,-0.11529619847651704,-0.045751217394448165,0.8472080648026086,formal,正式,金标准总分－对应金标准条目分；HAMD14金标准9视为无法评估且总分已不含该项,0.00016998300169983002,0.00022664400226644,FDR显著,FDR显著,attenuated_but_significant
HAMD-17,PDCH标签99人,GLM-5.2,思考,15,C15：事件序列｜规整｜逐条评分｜不清洗,事件序列,规整,不清洗,4,入睡困难,Spearman秩相关,99,99,99,0,0,3,52,0.45642494688651425,0.28479438246553246,0.5982662359477778,2.0525272014361412e-06,9.999000099990002e-05,0.422100256168466,0.250626809992065,0.5750237497551656,1.3510023413533115e-05,9.999000099990002e-05,-0.03432469071804822,-0.05632994219472748,-0.014333802770943196,0.9247966375365921,formal,正式,金标准总分－对应金标准条目分；HAMD14金标准9视为无法评估且总分已不含该项,0.00016998300169983002,0.00022664400226644,FDR显著,FDR显著,attenuated_but_significant
HAMD-17,PDCH标签99人,GLM-5.2,思考,15,C15：事件序列｜规整｜逐条评分｜不清洗,事件序列,规整,不清洗,5,睡眠不深,Spearman秩相关,99,99,99,0,0,3,52,0.19846257490713376,0.0013877553978722723,0.3854022287523074,0.0489262499265192,0.043195680431956804,0.1532919338942078,-0.049859288850819646,0.33883491307641395,0.1298147077721611,0.13158684131586842,-0.04517064101292595,-0.07206608768687757,-0.019131396491483262,0.7723971835291235,formal,正式,金标准总分－对应金标准条目分；HAMD14金标准9视为无法评估且总分已不含该项,0.05064321154091487,0.15295564460647953,FDR不显著,FDR不显著,weak_both
HAMD-17,PDCH标签99人,GLM-5.2,思考,15,C15：事件序列｜规整｜逐条评分｜不清洗,事件序列,规整,不清洗,6,早醒,Spearman秩相关,99,99,99,0,0,3,52,0.31829573657570254,0.1410861323867016,0.4932214252979926,0.001324044818167517,0.000999900009999,0.268114462697446,0.07173475924286363,0.4529316137191586,0.00729348328175991,0.0058994100589941,-0.05018127387825655,-0.07767368576363382,-0.02566127927231876,0.8423438704579645,formal,正式,金标准总分－对应金标准条目分；HAMD14金标准9视为无法评估且总分已不含该项,0.0014019216635037526,0.008186936408399976,FDR显著,FDR显著,attenuated_but_significant
HAMD-17,PDCH标签99人,GLM-5.2,思考,15,C15：事件序列｜规整｜逐条评分｜不清洗,事件序列,规整,不清洗,7,工作和活动,Spearman秩相关,99,99,99,0,0,5,52,0.6384177803375973,0.47471332583566683,0.7652592144620629,1.1716718344446348e-12,9.999000099990002e-05,0.608564438980024,0.43863800856540563,0.7431131805218711,2.356399206724711e-11,9.999000099990002e-05,-0.029853341357573338,-0.059945535040507814,-0.00389363103634717,0.9532385496190492,formal,正式,金标准总分－对应金标准条目分；HAMD14金标准9视为无法评估且总分已不含该项,0.00016998300169983002,0.00022664400226644,FDR显著,FDR显著,attenuated_but_significant
HAMD-17,PDCH标签99人,GLM-5.2,思考,15,C15：事件序列｜规整｜逐条评分｜不清洗,事件序列,规整,不清洗,8,迟滞,Spearman秩相关,99,99,99,0,0,3,52,0.48921724815118195,0.31446669586859965,0.6385355593933268,2.772479995867748e-07,9.999000099990002e-05,0.47824586253258317,0.30327362542236874,0.631902370025497,5.544569400120943e-07,9.999000099990002e-05,-0.010971385618598783,-0.03477506796455812,0.007706770024728541,0.9775735919776722,formal,正式,金标准总分－对应金标准条目分；HAMD14金标准9视为无法评估且总分已不含该项,0.00016998300169983002,0.00022664400226644,FDR显著,FDR显著,robust_cross_symptom
HAMD-17,PDCH标签99人,GLM-5.2,思考,15,C15：事件序列｜规整｜逐条评分｜不清洗,事件序列,规整,不清洗,9,激越,Spearman秩相关,99,99,99,0,0,4,52,0.41318249116867806,0.22830243798153455,0.5651699010731454,2.133524908186653e-05,9.999000099990002e-05,0.4037608827183543,0.21778655347022943,0.5662133646882094,3.409747573953751e-05,9.999000099990002e-05,-0.009421608450323748,-0.028714046475061882,0.009705029378416559,0.9771974644335124,formal,正式,金标准总分－对应金标准条目分；HAMD14金标准9视为无法评估且总分已不含该项,0.00016998300169983002,0.00022664400226644,FDR显著,FDR显著,robust_cross_symptom
HAMD-17,PDCH标签99人,GLM-5.2,思考,15,C15：事件序列｜规整｜逐条评分｜不清洗,事件序列,规整,不清洗,10,精神性焦虑,Spearman秩相关,99,99,99,0,0,5,52,0.5536161875032171,0.4010440105612611,0.6868684067809537,2.7914640926213e-09,9.999000099990002e-05,0.4991228759942407,0.3260170582109356,0.6427660651254512,1.4519056504568703e-07,9.999000099990002e-05,-0.05449331150897635,-0.08298422041081407,-0.030009263210912657,0.9015684282016054,formal,正式,金标准总分－对应金标准条目分；HAMD14金标准9视为无法评估且总分已不含该项,0.00016998300169983002,0.00022664400226644,FDR显著,FDR显著,attenuated_but_significant
HAMD-17,PDCH标签99人,GLM-5.2,思考,15,C15：事件序列｜规整｜逐条评分｜不清洗,事件序列,规整,不清洗,11,躯体性焦虑,Spearman秩相关,99,99,99,0,0,5,52,0.5671868683360071,0.4061170592501935,0.6958446166406446,9.307357105625388e-10,9.999000099990002e-05,0.5089297007370818,0.34569952080001204,0.6487941871600335,7.497648547357408e-08,9.999000099990002e-05,-0.0582571675989253,-0.08503730871017848,-0.03494838195554556,0.8972875240044994,formal,正式,金标准总分－对应金标准条目分；HAMD14金标准9视为无法评估且总分已不含该项,0.00016998300169983002,0.00022664400226644,FDR显著,FDR显著,attenuated_but_significant
HAMD-17,PDCH标签99人,GLM-5.2,思考,15,C15：事件序列｜规整｜逐条评分｜不清洗,事件序列,规整,不清洗,12,胃肠道症状,Spearman秩相关,99,99,99,0,0,3,52,0.422939474837166,0.2548100797149679,0.5652203227401537,1.293273736878414e-05,9.999000099990002e-05,0.36621816961451065,0.19069005015864976,0.5348014933823081,0.000193061259296338,0.00029997000299970003,-0.05672130522265534,-0.08496910076975994,-0.031052272342808274,0.8658878903547763,formal,正式,金标准总分－对应金标准条目分；HAMD14金标准9视为无法评估且总分已不含该项,0.00016998300169983002,0.0005512962217291785,FDR显著,FDR显著,attenuated_but_significant
HAMD-17,PDCH标签99人,GLM-5.2,思考,15,C15：事件序列｜规整｜逐条评分｜不清洗,事件序列,规整,不清洗,13,全身症状,Spearman秩相关,99,99,99,0,0,3,52,0.6281994525529249,0.4825313035387834,0.743497299026742,3.39391230812279e-12,9.999000099990002e-05,0.5804700860790947,0.4252086648501666,0.7116339761471345,3.0237323043811365e-10,9.999000099990002e-05,-0.04772936647383019,-0.07515947984133767,-0.025745310028328982,0.924021954683558,formal,正式,金标准总分－对应金标准条目分；HAMD14金标准9视为无法评估且总分已不含该项,0.00016998300169983002,0.00022664400226644,FDR显著,FDR显著,attenuated_but_significant
HAMD-17,PDCH标签99人,GLM-5.2,思考,15,C15：事件序列｜规整｜逐条评分｜不清洗,事件序列,规整,不清洗,14,性症状,Spearman秩相关,99,66,66,33,33,3,52,0.3846250417737726,0.1586372962528135,0.5720645482598505,0.001429488152642533,0.0020997900209979003,0.3297390811276857,0.0982436018956819,0.5272198231257111,0.006857285661423909,0.0082991700829917,-0.05488596064608692,-0.09495465666903319,-0.022750443754382763,0.8573000853169369,formal,正式,金标准总分－对应金标准条目分；HAMD14金标准9视为无法评估且总分已不含该项,0.0028557144285571447,0.0114008801140088,FDR显著,FDR显著,attenuated_but_significant
HAMD-17,PDCH标签99人,GLM-5.2,思考,15,C15：事件序列｜规整｜逐条评分｜不清洗,事件序列,规整,不清洗,15,疑病,Spearman秩相关,99,99,99,0,0,4,52,0.1857959619604366,-0.023707461515565936,0.3809673903787311,0.06558716369626556,0.06369363063693631,0.1338369817872568,-0.07038019239814212,0.3341960238820916,0.18660171592233143,0.1842815718428157,-0.05195898017317979,-0.07828606024497654,-0.025865263515931144,0.7203438674073878,formal,正式,金标准总分－对应金标准条目分；HAMD14金标准9视为无法评估且总分已不含该项,0.07279272072792721,0.20885244808852446,FDR不显著,FDR不显著,weak_both
HAMD-17,PDCH标签99人,GLM-5.2,思考,15,C15：事件序列｜规整｜逐条评分｜不清洗,事件序列,规整,不清洗,16,体重减轻,Spearman秩相关,99,99,99,0,0,3,52,0.27511996833562086,0.07877408402491885,0.4542725565179305,0.0058505613219562705,0.004199580041995801,0.20528818061660267,0.009427228814373224,0.3902688978141365,0.041508432851585994,0.0435956404359564,-0.06983178771901818,-0.10590949216123252,-0.04159635360581504,0.7461769563966005,formal,正式,金标准总分－对应金标准条目分；HAMD14金标准9视为无法评估且总分已不含该项,0.005491758516456047,0.05341447837198262,FDR显著,FDR不显著,overlap_dependent
HAMD-17,PDCH标签99人,GLM-5.2,思考,15,C15：事件序列｜规整｜逐条评分｜不清洗,事件序列,规整,不清洗,17,自知力,Spearman秩相关,99,99,99,0,0,3,52,-0.12046108371718889,-0.3405363646570792,0.09775303106869172,0.2349591053184113,0.2298770122987701,-0.1342703140903383,-0.3556572009660945,0.102850782193077,0.18516640559814643,0.1840815918408159,-0.013809230373149406,-0.03277572128770413,-0.00037479497952306413,,formal,正式,金标准总分－对应金标准条目分；HAMD14金标准9视为无法评估且总分已不含该项,0.2501061893810619,0.20885244808852446,FDR不显著,FDR不显著,weak_both
HAMD-17,PDCH标签99人,GLM-5.2,思考,16,C16：事件序列｜规整｜逐条评分｜清洗,事件序列,规整,清洗,1,抑郁情绪,Spearman秩相关,99,99,99,0,0,4,51,0.6022877721819319,0.4509143083470727,0.7306677874902404,4.258357029547121e-11,9.999000099990002e-05,0.5752277355780603,0.4189731367250667,0.7093204870150825,4.740832043308697e-10,9.999000099990002e-05,-0.027060036603871573,-0.05260253050950837,-0.004171376471245237,0.9550712502333559,formal,正式,金标准总分－对应金标准条目分；HAMD14金标准9视为无法评估且总分已不含该项,0.00016998300169983002,0.00022664400226644,FDR显著,FDR显著,attenuated_but_significant
HAMD-17,PDCH标签99人,GLM-5.2,思考,16,C16：事件序列｜规整｜逐条评分｜清洗,事件序列,规整,清洗,2,有罪感,Spearman秩相关,99,99,99,0,0,4,51,0.41436611928213496,0.24364620742913126,0.5730864531878413,2.009471356405774e-05,9.999000099990002e-05,0.3659756283225053,0.17629725551516728,0.5329044119233625,0.00019510512341815942,0.00039996000399960006,-0.04839049095962966,-0.07719549214829917,-0.020545673936333327,0.8832180318133555,formal,正式,金标准总分－对应金标准条目分；HAMD14金标准9视为无法评估且总分已不含该项,0.00016998300169983002,0.0007157179018940211,FDR显著,FDR显著,attenuated_but_significant
HAMD-17,PDCH标签99人,GLM-5.2,思考,16,C16：事件序列｜规整｜逐条评分｜清洗,事件序列,规整,清洗,3,自杀,Spearman秩相关,99,99,99,0,0,5,51,0.49902752680210305,0.3217418463506519,0.6434368655846217,1.461117185251908e-07,9.999000099990002e-05,0.41727374358473207,0.24779233290083283,0.5746752411983946,1.732828232180074e-05,9.999000099990002e-05,-0.08175378321737098,-0.11671607943665233,-0.049018607080128375,0.8361738003887876,formal,正式,金标准总分－对应金标准条目分；HAMD14金标准9视为无法评估且总分已不含该项,0.00016998300169983002,0.00022664400226644,FDR显著,FDR显著,attenuated_but_significant
HAMD-17,PDCH标签99人,GLM-5.2,思考,16,C16：事件序列｜规整｜逐条评分｜清洗,事件序列,规整,清洗,4,入睡困难,Spearman秩相关,99,99,99,0,0,3,51,0.48954956369788455,0.32301720842124665,0.6244596908992249,2.7138550400769375e-07,9.999000099990002e-05,0.45656540273598545,0.28756913931896466,0.5935393010465632,2.03588966393894e-06,9.999000099990002e-05,-0.0329841609618991,-0.055557914799785287,-0.01266424985274325,0.9326234493750778,formal,正式,金标准总分－对应金标准条目分；HAMD14金标准9视为无法评估且总分已不含该项,0.00016998300169983002,0.00022664400226644,FDR显著,FDR显著,attenuated_but_significant
HAMD-17,PDCH标签99人,GLM-5.2,思考,16,C16：事件序列｜规整｜逐条评分｜清洗,事件序列,规整,清洗,5,睡眠不深,Spearman秩相关,99,99,99,0,0,3,51,0.17083070918186738,-0.032003169148133406,0.3567503707158216,0.09091161617902416,0.0912908709129087,0.11988302891488277,-0.07761451814264862,0.30620600438939327,0.23722946117858545,0.23587641235876414,-0.05094768026698461,-0.07948950708237315,-0.02545377293579555,0.701765095333384,formal,正式,金标准总分－对应金标准条目分；HAMD14金标准9视为无法评估且总分已不含该项,0.10176687249307856,0.2629441973835403,FDR不显著,FDR不显著,weak_both
HAMD-17,PDCH标签99人,GLM-5.2,思考,16,C16：事件序列｜规整｜逐条评分｜清洗,事件序列,规整,清洗,6,早醒,Spearman秩相关,99,99,99,0,0,3,51,0.3045480307015449,0.11080695608485236,0.4699004874208408,0.0021775479899810942,0.0026997300269973002,0.2529376634756125,0.06201372504947317,0.437016886222707,0.011538514464180534,0.011898810118988102,-0.05161036722593243,-0.07797109640897702,-0.02672135664349228,0.8305345560532937,formal,正式,金标准总分－对应金标准条目分；HAMD14金标准9视为无法评估且总分已不含该项,0.003564692074481872,0.015711050254197882,FDR显著,FDR显著,attenuated_but_significant
HAMD-17,PDCH标签99人,GLM-5.2,思考,16,C16：事件序列｜规整｜逐条评分｜清洗,事件序列,规整,清洗,7,工作和活动,Spearman秩相关,99,99,99,0,0,5,51,0.500880281647211,0.32385425759785486,0.6518655862259038,1.291707467675681e-07,9.999000099990002e-05,0.4707351658553901,0.27855753173546344,0.6318797922551205,8.789517128328901e-07,9.999000099990002e-05,-0.030145115791820887,-0.060074842257717725,-0.004476664579817672,0.9398157266389392,formal,正式,金标准总分－对应金标准条目分；HAMD14金标准9视为无法评估且总分已不含该项,0.00016998300169983002,0.00022664400226644,FDR显著,FDR显著,attenuated_but_significant
HAMD-17,PDCH标签99人,GLM-5.2,思考,16,C16：事件序列｜规整｜逐条评分｜清洗,事件序列,规整,清洗,8,迟滞,Spearman秩相关,99,99,99,0,0,3,51,0.4484969802254308,0.26849289357801925,0.6020913292000266,3.2305614132803418e-06,9.999000099990002e-05,0.4468412770714407,0.26991431457681575,0.600608849058865,3.54648391522627e-06,9.999000099990002e-05,-0.0016557031539900513,-0.02402596543925199,0.017526269794710912,0.9963083293154887,formal,正式,金标准总分－对应金标准条目分；HAMD14金标准9视为无法评估且总分已不含该项,0.00016998300169983002,0.00022664400226644,FDR显著,FDR显著,robust_cross_symptom
HAMD-17,PDCH标签99人,GLM-5.2,思考,16,C16：事件序列｜规整｜逐条评分｜清洗,事件序列,规整,清洗,9,激越,Spearman秩相关,99,99,99,0,0,4,51,0.33365427726106894,0.15619172748201313,0.5103861165189026,0.0007383900517067589,0.0008999100089991,0.32779854994610724,0.14061607190615452,0.4960998538321668,0.000925832888062919,0.0011998800119988001,-0.005855727314961701,-0.025825916153077385,0.014200444645104112,0.982449716026329,formal,正式,金标准总分－对应金标准条目分；HAMD14金标准9视为无法评估且总分已不含该项,0.001274872512748725,0.0018756745015153658,FDR显著,FDR显著,robust_cross_symptom
HAMD-17,PDCH标签99人,GLM-5.2,思考,16,C16：事件序列｜规整｜逐条评分｜清洗,事件序列,规整,清洗,10,精神性焦虑,Spearman秩相关,99,99,99,0,0,5,51,0.6081179227599423,0.4568423590274628,0.7336594863569125,2.458766786254166e-11,9.999000099990002e-05,0.5536803575555205,0.39093806805191234,0.6955097093922364,2.7773237171975387e-09,9.999000099990002e-05,-0.05443756520442178,-0.08237033548350849,-0.02801023702372672,0.9104818931213917,formal,正式,金标准总分－对应金标准条目分；HAMD14金标准9视为无法评估且总分已不含该项,0.00016998300169983002,0.00022664400226644,FDR显著,FDR显著,attenuated_but_significant
HAMD-17,PDCH标签99人,GLM-5.2,思考,16,C16：事件序列｜规整｜逐条评分｜清洗,事件序列,规整,清洗,11,躯体性焦虑,Spearman秩相关,99,99,99,0,0,5,51,0.5678116680775163,0.41661722958290087,0.6882951447295189,8.83777190531277e-10,9.999000099990002e-05,0.5109303806349641,0.3494479456744559,0.6474065944199868,6.535179254116283e-08,9.999000099990002e-05,-0.056881287442552164,-0.08297917830057396,-0.03311005738686005,0.8998236728119035,formal,正式,金标准总分－对应金标准条目分；HAMD14金标准9视为无法评估且总分已不含该项,0.00016998300169983002,0.00022664400226644,FDR显著,FDR显著,attenuated_but_significant
HAMD-17,PDCH标签99人,GLM-5.2,思考,16,C16：事件序列｜规整｜逐条评分｜清洗,事件序列,规整,清洗,12,胃肠道症状,Spearman秩相关,99,99,99,0,0,3,51,0.45866999493993,0.2882217460198645,0.6030767693766645,1.8013661212790822e-06,9.999000099990002e-05,0.4059387579822094,0.23849367020815754,0.5595513810684444,3.0633379487410696e-05,9.999000099990002e-05,-0.052731236957720584,-0.07957131788037698,-0.02767409311207733,0.8850344745907642,formal,正式,金标准总分－对应金标准条目分；HAMD14金标准9视为无法评估且总分已不含该项,0.00016998300169983002,0.00022664400226644,FDR显著,FDR显著,attenuated_but_significant
HAMD-17,PDCH标签99人,GLM-5.2,思考,16,C16：事件序列｜规整｜逐条评分｜清洗,事件序列,规整,清洗,13,全身症状,Spearman秩相关,99,99,99,0,0,3,51,0.5598826369252473,0.3987867457617666,0.6984165369414413,1.69134542439876e-09,9.999000099990002e-05,0.5112065623694656,0.3379800940945477,0.6551188767807297,6.41195785071596e-08,9.999000099990002e-05,-0.04867607455578171,-0.076905685900575,-0.02530192659809872,0.913060217721521,formal,正式,金标准总分－对应金标准条目分；HAMD14金标准9视为无法评估且总分已不含该项,0.00016998300169983002,0.00022664400226644,FDR显著,FDR显著,attenuated_but_significant
HAMD-17,PDCH标签99人,GLM-5.2,思考,16,C16：事件序列｜规整｜逐条评分｜清洗,事件序列,规整,清洗,14,性症状,Spearman秩相关,99,64,64,35,35,3,51,0.4197937840117788,0.16881434490758382,0.6279565201697537,0.0005540488672634581,0.0007999200079992001,0.3712671285814546,0.10640669766303072,0.5781452773632689,0.0025248434014933908,0.0026997300269973002,-0.048526655430324195,-0.08782361995605684,-0.01609031619693922,0.8844035874791262,formal,正式,金标准总分－对应金标准条目分；HAMD14金标准9视为无法评估且总分已不含该项,0.001157331075403098,0.0038246175382461753,FDR显著,FDR显著,attenuated_but_significant
HAMD-17,PDCH标签99人,GLM-5.2,思考,16,C16：事件序列｜规整｜逐条评分｜清洗,事件序列,规整,清洗,15,疑病,Spearman秩相关,99,99,99,0,0,4,51,0.17580639197499218,-0.02147599659164789,0.35903241833189325,0.08175019300517553,0.08299170082991701,0.11872268490408668,-0.08887153701479417,0.3154524609782533,0.2418327549601211,0.250974902509749,-0.0570837070709055,-0.08377904197466725,-0.03221292958422472,0.6753035744057277,formal,正式,金标准总分－对应金标准条目分；HAMD14金标准9视为无法评估且总分已不含该项,0.09405726094057261,0.2775007052140314,FDR不显著,FDR不显著,weak_both
HAMD-17,PDCH标签99人,GLM-5.2,思考,16,C16：事件序列｜规整｜逐条评分｜清洗,事件序列,规整,清洗,16,体重减轻,Spearman秩相关,99,99,99,0,0,3,51,0.23718912571583642,0.051325605184804196,0.42007505604269646,0.018085261637711028,0.0184981501849815,0.16929227104589706,-0.033810182207934705,0.3502529321271227,0.09390310719259928,0.0984901509849015,-0.06789685466993936,-0.10094248330119246,-0.03988275456836351,0.7137438132333143,formal,正式,金标准总分－对应金标准条目分；HAMD14金标准9视为无法评估且总分已不含该项,0.022067968641732317,0.11547121149953969,FDR显著,FDR不显著,overlap_dependent
HAMD-17,PDCH标签99人,GLM-5.2,思考,16,C16：事件序列｜规整｜逐条评分｜清洗,事件序列,规整,清洗,17,自知力,Spearman秩相关,99,99,99,0,0,3,51,-0.19826349102477295,-0.4012293608667777,0.038787159041956454,0.04915806120870552,0.048595140485951406,-0.20146040279060656,-0.41587879573119124,0.030329250635180476,0.04554346707819156,0.0456954304569543,-0.0031969117658336155,-0.014042728108782581,0.007086316448062768,,formal,正式,金标准总分－对应金标准条目分；HAMD14金标准9视为无法评估且总分已不含该项,0.05600795852618128,0.05548730841201594,FDR不显著,FDR不显著,weak_both
HAMD-17,PDCH标签99人,Kimi-K2.6,不思考,3,C03：全文｜不规整｜逐条评分｜不清洗,全文,不规整,不清洗,1,抑郁情绪,Spearman秩相关,99,99,99,0,0,5,10,0.5332868799218012,0.353918200466708,0.6810768384254736,1.3234611850033347e-08,9.999000099990002e-05,0.5009977361132273,0.3146245647478532,0.6512168646137922,1.281623790544219e-07,9.999000099990002e-05,-0.03228914380857395,-0.05830454799402327,-0.008934236874399723,0.9394525816699096,formal,正式,金标准总分－对应金标准条目分；HAMD14金标准9视为无法评估且总分已不含该项,0.0003237771460949143,0.00041208000412080005,FDR显著,FDR显著,attenuated_but_significant
HAMD-17,PDCH标签99人,Kimi-K2.6,不思考,3,C03：全文｜不规整｜逐条评分｜不清洗,全文,不规整,不清洗,2,有罪感,Spearman秩相关,99,99,99,0,0,4,10,0.3621949574472743,0.17849774302652946,0.5363064150415026,0.00022966470265371763,0.00019998000199980003,0.3160499805165276,0.12998760165163922,0.4806774858516359,0.0014384520284724215,0.0012998700129987,-0.046144976930746706,-0.08041660138908993,-0.015048232790757387,0.8725963021242112,formal,正式,金标准总分－对应金标准条目分；HAMD14金标准9视为无法评估且总分已不含该项,0.0005550465361627103,0.0032737466994041337,FDR显著,FDR显著,attenuated_but_significant
HAMD-17,PDCH标签99人,Kimi-K2.6,不思考,3,C03：全文｜不规整｜逐条评分｜不清洗,全文,不规整,不清洗,3,自杀,Spearman秩相关,99,99,99,0,0,5,10,0.3341657653516834,0.1566138455184101,0.4908303464245103,0.0007237894509615873,0.0011998800119988001,0.26665160484437783,0.07911220450598362,0.44500889456081894,0.007631714793853177,0.0065993400659934,-0.06751416050730558,-0.10302851426930447,-0.038041574176735524,0.797962067011107,formal,正式,金标准总分－对应金标准条目分；HAMD14金标准9视为无法评估且总分已不含该项,0.0025105181789513357,0.01264098942218454,FDR显著,FDR显著,attenuated_but_significant
HAMD-17,PDCH标签99人,Kimi-K2.6,不思考,3,C03：全文｜不规整｜逐条评分｜不清洗,全文,不规整,不清洗,4,入睡困难,Spearman秩相关,99,99,99,0,0,3,10,0.33054905481541624,0.14350279323862225,0.4898302743005565,0.0008329620854502525,0.0012998700129987,0.30736345522269515,0.11262328941973324,0.47557707786211145,0.001970356443379887,0.0014998500149985001,-0.023185599592721096,-0.04797409506330288,-0.002598805838273355,0.9298573108742716,formal,正式,金标准总分－对应金标准条目分；HAMD14金标准9视为无法评估且总分已不含该项,0.0026785200267852,0.003642492893567786,FDR显著,FDR显著,attenuated_but_significant
HAMD-17,PDCH标签99人,Kimi-K2.6,不思考,3,C03：全文｜不规整｜逐条评分｜不清洗,全文,不规整,不清洗,5,睡眠不深,Spearman秩相关,99,99,99,0,0,3,10,0.20535102167199626,0.003206296083237269,0.39177734343171383,0.041444760727444546,0.046295370462953706,0.16103120516259148,-0.05010580942289244,0.35346745948639463,0.11131689135153643,0.10968903109689031,-0.04431981650940478,-0.06911402711509322,-0.020317117372903936,0.7841753298885648,formal,正式,金标准总分－对应金标准条目分；HAMD14金标准9视为无法评估且总分已不含该项,0.05545880194589237,0.12688222703153412,FDR不显著,FDR不显著,weak_both
HAMD-17,PDCH标签99人,Kimi-K2.6,不思考,3,C03：全文｜不规整｜逐条评分｜不清洗,全文,不规整,不清洗,6,早醒,Spearman秩相关,99,99,99,0,0,3,10,0.37998294883715356,0.20283911429667378,0.5329314529531939,0.000104747396887254,0.00029997000299970003,0.32992416755191506,0.14015717214992077,0.4935806972887245,0.000853281229256753,0.0011998800119988001,-0.050058781285238496,-0.07981115424951146,-0.02522621864857762,0.8682604536902738,formal,正式,金标准总分－对应金标准条目分；HAMD14金标准9视为无法评估且总分已不含该项,0.0007554800075548001,0.0030789373892799402,FDR显著,FDR显著,attenuated_but_significant
HAMD-17,PDCH标签99人,Kimi-K2.6,不思考,3,C03：全文｜不规整｜逐条评分｜不清洗,全文,不规整,不清洗,7,工作和活动,Spearman秩相关,99,99,99,0,0,5,10,0.6248635702723085,0.4763751780878336,0.749521676027122,4.762610358748529e-12,9.999000099990002e-05,0.5867157207460997,0.4220120071156003,0.7132527365687322,1.751013995815493e-10,9.999000099990002e-05,-0.038147849526208866,-0.06971178845779738,-0.011342644715418926,0.9389501143272211,formal,正式,金标准总分－对应金标准条目分；HAMD14金标准9视为无法评估且总分已不含该项,0.0003237771460949143,0.00041208000412080005,FDR显著,FDR显著,attenuated_but_significant
HAMD-17,PDCH标签99人,Kimi-K2.6,不思考,3,C03：全文｜不规整｜逐条评分｜不清洗,全文,不规整,不清洗,8,迟滞,Spearman秩相关,99,99,99,0,0,3,10,0.4818432342030756,0.293611742512733,0.6518107029285468,4.4292183017334785e-07,9.999000099990002e-05,0.47659635403427375,0.2924680049306032,0.6454998344801417,6.140765590197047e-07,9.999000099990002e-05,-0.005246880168801871,-0.023543884202557812,0.010825106862196645,0.9891108148950566,formal,正式,金标准总分－对应金标准条目分；HAMD14金标准9视为无法评估且总分已不含该项,0.0003237771460949143,0.00041208000412080005,FDR显著,FDR显著,robust_cross_symptom
HAMD-17,PDCH标签99人,Kimi-K2.6,不思考,3,C03：全文｜不规整｜逐条评分｜不清洗,全文,不规整,不清洗,9,激越,Spearman秩相关,99,99,99,0,0,4,10,0.3296082573235172,0.14348327355614082,0.49340009017936604,0.0008637247962298942,0.0010998900109989002,0.3171174785323615,0.1270934536643192,0.49331992491674037,0.0013829959083442279,0.0020997900209979003,-0.012490778791155677,-0.031990834688221045,0.007175163100242681,0.962104169074576,formal,正式,金标准总分－对应金标准条目分；HAMD14金标准9视为无法评估且总分已不含该项,0.002337266273372663,0.004840193946707025,FDR显著,FDR显著,robust_cross_symptom
HAMD-17,PDCH标签99人,Kimi-K2.6,不思考,3,C03：全文｜不规整｜逐条评分｜不清洗,全文,不规整,不清洗,10,精神性焦虑,Spearman秩相关,99,99,99,0,0,4,10,0.5251460181745082,0.35960368229940415,0.6629766211886924,2.3992134225407683e-08,9.999000099990002e-05,0.4776901532469591,0.29940801296784125,0.6218179218179058,5.739004553592178e-07,9.999000099990002e-05,-0.04745586492754911,-0.07436271560775667,-0.02232860808511714,0.9096330100863883,formal,正式,金标准总分－对应金标准条目分；HAMD14金标准9视为无法评估且总分已不含该项,0.0003237771460949143,0.00041208000412080005,FDR显著,FDR显著,attenuated_but_significant
HAMD-17,PDCH标签99人,Kimi-K2.6,不思考,3,C03：全文｜不规整｜逐条评分｜不清洗,全文,不规整,不清洗,11,躯体性焦虑,Spearman秩相关,99,99,99,0,0,4,10,0.5028526460922987,0.332879327291208,0.6444516598666625,1.1319809652719569e-07,9.999000099990002e-05,0.4526339215295498,0.27197548960713724,0.6033327865014705,2.5533027303560864e-06,9.999000099990002e-05,-0.05021872456274895,-0.07694805343770235,-0.02562858715912978,0.9001323251393784,formal,正式,金标准总分－对应金标准条目分；HAMD14金标准9视为无法评估且总分已不含该项,0.0003237771460949143,0.00041208000412080005,FDR显著,FDR显著,attenuated_but_significant
HAMD-17,PDCH标签99人,Kimi-K2.6,不思考,3,C03：全文｜不规整｜逐条评分｜不清洗,全文,不规整,不清洗,12,胃肠道症状,Spearman秩相关,99,99,99,0,0,3,10,0.46479693007733247,0.29367751711481926,0.6077873623345644,1.2555492945963774e-06,9.999000099990002e-05,0.4210604164908235,0.2447712415917045,0.5784809362495741,1.425888726006204e-05,9.999000099990002e-05,-0.043736513586508985,-0.06628690936194985,-0.02558245825203659,0.9059018879938985,formal,正式,金标准总分－对应金标准条目分；HAMD14金标准9视为无法评估且总分已不含该项,0.0003237771460949143,0.00041208000412080005,FDR显著,FDR显著,attenuated_but_significant
HAMD-17,PDCH标签99人,Kimi-K2.6,不思考,3,C03：全文｜不规整｜逐条评分｜不清洗,全文,不规整,不清洗,13,全身症状,Spearman秩相关,99,99,99,0,0,3,10,0.5895302617814917,0.4580699954557302,0.7007617306533138,1.36369250260009e-10,9.999000099990002e-05,0.5460323454700721,0.40201822178854196,0.6661826590690256,5.049402753205249e-09,9.999000099990002e-05,-0.04349791631141964,-0.07136251261311755,-0.020611482669314143,0.9262159737483636,formal,正式,金标准总分－对应金标准条目分；HAMD14金标准9视为无法评估且总分已不含该项,0.0003237771460949143,0.00041208000412080005,FDR显著,FDR显著,attenuated_but_significant
HAMD-17,PDCH标签99人,Kimi-K2.6,不思考,3,C03：全文｜不规整｜逐条评分｜不清洗,全文,不规整,不清洗,14,性症状,Spearman秩相关,99,40,40,59,59,3,10,0.33319011224199346,-0.02468848928719205,0.5973301694500307,0.0356492284348819,0.036096390360963904,0.28538347054013263,-0.07343333274484498,0.5864079361213321,0.07425846969130849,0.07789221077892211,-0.04780664170186083,-0.11552615063749704,-0.007171747789449336,0.8565184261316278,formal,正式,金标准总分－对应金标准条目分；HAMD14金标准9视为无法评估且总分已不含该项,0.04503769806505588,0.09630309696303098,FDR显著,FDR不显著,overlap_dependent
HAMD-17,PDCH标签99人,Kimi-K2.6,不思考,3,C03：全文｜不规整｜逐条评分｜不清洗,全文,不规整,不清洗,15,疑病,Spearman秩相关,99,99,99,0,0,3,10,0.15088766079739394,-0.05573484472897768,0.34277725337437487,0.13601513709920315,0.1366863313668633,0.11046724392542771,-0.08501266643966526,0.31052839948868044,0.27636943866452535,0.272972702729727,-0.04042041687196622,-0.0710641566072212,-0.010453988959332992,0.7321158227362198,formal,正式,金标准总分－对应金标准条目分；HAMD14金标准9视为无法评估且总分已不含该项,0.14753445290391595,0.29003349665033495,FDR不显著,FDR不显著,weak_both
HAMD-17,PDCH标签99人,Kimi-K2.6,不思考,3,C03：全文｜不规整｜逐条评分｜不清洗,全文,不规整,不清洗,16,体重减轻,Spearman秩相关,99,99,99,0,0,3,10,0.3223129817973375,0.14453705109692208,0.49029432970508324,0.0011398029144309104,0.0010998900109989002,0.26949136908355315,0.08205567874867777,0.44982382310870467,0.006987292314162944,0.006199380061993801,-0.05282161271378438,-0.08776347493348786,-0.024079697243056874,0.8361170176291648,formal,正式,金标准总分－对应金标准条目分；HAMD14金标准9视为无法评估且总分已不含该项,0.002337266273372663,0.012044509834730812,FDR显著,FDR显著,attenuated_but_significant
HAMD-17,PDCH标签99人,Kimi-K2.6,不思考,3,C03：全文｜不规整｜逐条评分｜不清洗,全文,不规整,不清洗,17,自知力,Spearman秩相关,99,99,99,0,0,2,10,0.16975697381868632,-0.04022233477585314,0.3724182481316387,0.09299141390317327,0.0908909109089091,0.16483546165044827,-0.04815379226140263,0.372942514137261,0.10300936248877234,0.1014898510148985,-0.004921512168238051,-0.02814849959382074,0.01171007627349928,0.9710084831419379,formal,正式,金标准总分－对应金标准条目分；HAMD14金标准9视为无法评估且总分已不含该项,0.10132101543943967,0.12002278033066258,FDR不显著,FDR不显著,weak_both
HAMD-17,PDCH标签99人,Kimi-K2.6,不思考,4,C04：全文｜不规整｜逐条评分｜清洗,全文,不规整,清洗,1,抑郁情绪,Spearman秩相关,99,99,99,0,0,5,18,0.49066930094278594,0.30483165070539325,0.6449270373155903,2.524872115288644e-07,9.999000099990002e-05,0.4702032830048999,0.2839544199085766,0.627552899974654,9.077275461235775e-07,9.999000099990002e-05,-0.02046601793788605,-0.046175345702431425,0.00454316844941178,0.958289589549291,formal,正式,金标准总分－对应金标准条目分；HAMD14金标准9视为无法评估且总分已不含该项,0.0003237771460949143,0.00041208000412080005,FDR显著,FDR显著,robust_cross_symptom
HAMD-17,PDCH标签99人,Kimi-K2.6,不思考,4,C04：全文｜不规整｜逐条评分｜清洗,全文,不规整,清洗,2,有罪感,Spearman秩相关,99,99,99,0,0,4,18,0.3626020768754207,0.18329849913461896,0.5264628758962153,0.00022568845819757614,0.00019998000199980003,0.3102333755630177,0.12734634809413758,0.472249954090879,0.001777650634563971,0.0015998400159984002,-0.052368701312402954,-0.08822280736642073,-0.02206501038570078,0.8555752858238722,formal,正式,金标准总分－对应金标准条目分；HAMD14金标准9视为无法评估且总分已不含该项,0.0005550465361627103,0.0038171621434347795,FDR显著,FDR显著,attenuated_but_significant
HAMD-17,PDCH标签99人,Kimi-K2.6,不思考,4,C04：全文｜不规整｜逐条评分｜清洗,全文,不规整,清洗,3,自杀,Spearman秩相关,99,99,99,0,0,5,18,0.2990873248164145,0.1092398211473099,0.47060908536625023,0.0026362996396977678,0.0033996600339966003,0.2335230756489618,0.026753856719397,0.4174951650055146,0.02000373189065484,0.0187981201879812,-0.06556424916745268,-0.09915021725322984,-0.03562012680981495,0.7807855976253849,formal,正式,金标准总分－对应金标准条目分；HAMD14金标准9视为无法评估且总分已不含该项,0.005638460544189484,0.027197280271972803,FDR显著,FDR显著,attenuated_but_significant
HAMD-17,PDCH标签99人,Kimi-K2.6,不思考,4,C04：全文｜不规整｜逐条评分｜清洗,全文,不规整,清洗,4,入睡困难,Spearman秩相关,99,99,99,0,0,3,18,0.28038674499231764,0.10542872976676068,0.46045306136515596,0.004938764251858999,0.0057994200579942,0.2573264828419125,0.0636499266153644,0.43219679547542983,0.010131619876886306,0.009999000099990002,-0.02306026215040513,-0.04820410242410616,-0.0021909819894881393,0.9177555196090422,formal,正式,金标准总分－对应金标准条目分；HAMD14金标准9视为无法评估且总分已不含该项,0.008763568087635681,0.017660571605177144,FDR显著,FDR显著,attenuated_but_significant
HAMD-17,PDCH标签99人,Kimi-K2.6,不思考,4,C04：全文｜不规整｜逐条评分｜清洗,全文,不规整,清洗,5,睡眠不深,Spearman秩相关,99,99,99,0,0,3,18,0.18522462502712653,-0.019848924821950862,0.3994369355251978,0.06643569802717823,0.0674932506749325,0.1480229860880984,-0.07838491558061524,0.3514905763532585,0.14369381487917868,0.14228577142285773,-0.037201638939028114,-0.0634099053561947,-0.014733649771967125,0.7991539249515022,formal,正式,金标准总分－对应金标准条目分；HAMD14金标准9视为无法评估且总分已不含该项,0.07586018257678365,0.15992450341742687,FDR不显著,FDR不显著,weak_both
HAMD-17,PDCH标签99人,Kimi-K2.6,不思考,4,C04：全文｜不规整｜逐条评分｜清洗,全文,不规整,清洗,6,早醒,Spearman秩相关,99,99,99,0,0,3,18,0.38639919910717724,0.2058240981706701,0.5391633630154758,7.80301982526889e-05,0.00029997000299970003,0.33805242754881637,0.15415573657645426,0.49702394842534997,0.0006211802819739744,0.00039996000399960006,-0.04834677155836087,-0.07685626097701574,-0.022943666908788945,0.8748786962548784,formal,正式,金标准总分－对应金标准条目分；HAMD14金标准9视为无法评估且总分已不含该项,0.0007554800075548001,0.0013266965986328196,FDR显著,FDR显著,attenuated_but_significant
HAMD-17,PDCH标签99人,Kimi-K2.6,不思考,4,C04：全文｜不规整｜逐条评分｜清洗,全文,不规整,清洗,7,工作和活动,Spearman秩相关,99,99,99,0,0,5,18,0.5718828239172092,0.42985512748581983,0.6961986776554902,6.290518831887186e-10,9.999000099990002e-05,0.5316512158408848,0.3761936525140183,0.6712166939970796,1.493375244103725e-08,9.999000099990002e-05,-0.04023160807632442,-0.07276773058165803,-0.011644102563342156,0.9296506095413897,formal,正式,金标准总分－对应金标准条目分；HAMD14金标准9视为无法评估且总分已不含该项,0.0003237771460949143,0.00041208000412080005,FDR显著,FDR显著,attenuated_but_significant
HAMD-17,PDCH标签99人,Kimi-K2.6,不思考,4,C04：全文｜不规整｜逐条评分｜清洗,全文,不规整,清洗,8,迟滞,Spearman秩相关,99,99,99,0,0,3,18,0.37360543591222717,0.17509822575544837,0.5466429392837506,0.00013952535329889068,0.00039996000399960006,0.36548639885785794,0.17766373510438732,0.5441112818090289,0.0001992888314308123,0.00029997000299970003,-0.008119037054369227,-0.032370228095800445,0.010815011688358554,0.9782684182992545,formal,正式,金标准总分－对应金标准条目分；HAMD14金标准9视为无法评估且总分已不含该项,0.000971331438284743,0.0010460492412297233,FDR显著,FDR显著,robust_cross_symptom
HAMD-17,PDCH标签99人,Kimi-K2.6,不思考,4,C04：全文｜不规整｜逐条评分｜清洗,全文,不规整,清洗,9,激越,Spearman秩相关,99,99,99,0,0,4,18,0.242751598222472,0.04983799984504728,0.425550762647242,0.015477752782746271,0.014998500149985002,0.22493127218881973,0.034666120014031944,0.405333136353046,0.025196255303551383,0.024197580241975804,-0.017820326033652273,-0.0434209232163796,0.0030140910386264185,0.9265902833837548,formal,正式,金标准总分－对应金标准条目分；HAMD14金标准9视为无法评估且总分已不含该项,0.0207413602074136,0.03392650425679082,FDR显著,FDR显著,robust_cross_symptom
HAMD-17,PDCH标签99人,Kimi-K2.6,不思考,4,C04：全文｜不规整｜逐条评分｜清洗,全文,不规整,清洗,10,精神性焦虑,Spearman秩相关,99,99,99,0,0,4,18,0.4173270216646744,0.2482603657395321,0.5649204866508465,1.7281095516099793e-05,9.999000099990002e-05,0.3704733698190628,0.18094303694074076,0.5267625835975323,0.0001602750517214848,0.00019998000199980003,-0.04685365184561158,-0.07534666237695643,-0.019274815288374804,0.88772916822228,formal,正式,金标准总分－对应金标准条目分；HAMD14金标准9视为无法评估且总分已不含该项,0.0003237771460949143,0.0007350616289722379,FDR显著,FDR显著,attenuated_but_significant
HAMD-17,PDCH标签99人,Kimi-K2.6,不思考,4,C04：全文｜不规整｜逐条评分｜清洗,全文,不规整,清洗,11,躯体性焦虑,Spearman秩相关,99,99,99,0,0,4,18,0.505242411246936,0.3351668230786704,0.6486817092986621,9.636002300606057e-08,9.999000099990002e-05,0.448183700047665,0.27746051254538945,0.6014014767571274,3.2882224390136087e-06,9.999000099990002e-05,-0.05705871119927103,-0.08456633905213462,-0.03245700750012898,0.887066663587385,formal,正式,金标准总分－对应金标准条目分；HAMD14金标准9视为无法评估且总分已不含该项,0.0003237771460949143,0.00041208000412080005,FDR显著,FDR显著,attenuated_but_significant
HAMD-17,PDCH标签99人,Kimi-K2.6,不思考,4,C04：全文｜不规整｜逐条评分｜清洗,全文,不规整,清洗,12,胃肠道症状,Spearman秩相关,99,99,99,0,0,3,18,0.38422762342833733,0.1976537246677858,0.5553751741043335,8.626609349511874e-05,0.00029997000299970003,0.3326686497186817,0.14081598746615712,0.5074561801201674,0.000767287057837929,0.0010998900109989002,-0.05155897370965562,-0.07672169673664216,-0.028562396439138493,0.8658113821968036,formal,正式,金标准总分－对应金标准条目分；HAMD14金标准9视为无法评估且总分已不含该项,0.0007554800075548001,0.0028766354133817388,FDR显著,FDR显著,attenuated_but_significant
HAMD-17,PDCH标签99人,Kimi-K2.6,不思考,4,C04：全文｜不规整｜逐条评分｜清洗,全文,不规整,清洗,13,全身症状,Spearman秩相关,99,99,99,0,0,3,18,0.4359837445412208,0.2550833600772296,0.6063151126202244,6.46127699669863e-06,9.999000099990002e-05,0.3997015143335473,0.21560536965302213,0.5673824556926234,4.155144672642792e-05,0.00019998000199980003,-0.036282230207673516,-0.06053102228307956,-0.016545816143464207,0.9167807729945235,formal,正式,金标准总分－对应金标准条目分；HAMD14金标准9视为无法评估且总分已不含该项,0.0003237771460949143,0.0007350616289722379,FDR显著,FDR显著,attenuated_but_significant
HAMD-17,PDCH标签99人,Kimi-K2.6,不思考,4,C04：全文｜不规整｜逐条评分｜清洗,全文,不规整,清洗,14,性症状,Spearman秩相关,99,41,41,58,58,3,18,0.4521911146849689,0.12994498928896245,0.7120291039158746,0.002995842865867896,0.0037996200379962005,0.4298509335231233,0.12125493284627561,0.6838293970671143,0.005033233687406441,0.0051994800519948,-0.022340181161845607,-0.07520961947940405,0.018912633402919984,0.9505957095653914,formal,正式,金标准总分－对应金标准条目分；HAMD14金标准9视为无法评估且总分已不含该项,0.006151765775803372,0.0103989601039896,FDR显著,FDR显著,robust_cross_symptom
HAMD-17,PDCH标签99人,Kimi-K2.6,不思考,4,C04：全文｜不规整｜逐条评分｜清洗,全文,不规整,清洗,15,疑病,Spearman秩相关,99,99,99,0,0,3,18,0.12616647073890866,-0.07651171341443257,0.3110738079249936,0.21336094819931684,0.2091790820917908,0.08579474321606456,-0.11484823464833309,0.2722014585274944,0.3984661653066432,0.39766023397660233,-0.0403717275228441,-0.07274336972083374,-0.01244586046815907,0.6800122307741323,formal,正式,金标准总分－对应金标准条目分；HAMD14金标准9视为无法评估且总分已不含该项,0.22225277472252775,0.4160137832370609,FDR不显著,FDR不显著,weak_both
HAMD-17,PDCH标签99人,Kimi-K2.6,不思考,4,C04：全文｜不规整｜逐条评分｜清洗,全文,不规整,清洗,16,体重减轻,Spearman秩相关,99,99,99,0,0,3,18,0.24729355546304765,0.04292951866720311,0.4377749847230015,0.013596627970258474,0.0150984901509849,0.1934356051210571,-0.008816995300037012,0.38173640441305773,0.055063260731661394,0.052894710528947106,-0.05385795034199056,-0.08891722945813411,-0.024320247264864626,0.7822104573605098,formal,正式,金标准总分－对应金标准条目分；HAMD14金标准9视为无法评估且总分已不含该项,0.0207413602074136,0.06851124411368387,FDR显著,FDR不显著,overlap_dependent
HAMD-17,PDCH标签99人,Kimi-K2.6,不思考,4,C04：全文｜不规整｜逐条评分｜清洗,全文,不规整,清洗,17,自知力,Spearman秩相关,99,99,99,0,0,3,18,0.12362031210973295,-0.1098327448854953,0.33112604331285306,0.22281859464478745,0.21847815218478153,0.11806536151832613,-0.10808849150871191,0.34395499432112187,0.24446775554112163,0.24627537246275372,-0.005554950591406829,-0.028101163144935066,0.009131469889801354,0.9550644186492919,formal,正式,金标准总分－对应金标准条目分；HAMD14金标准9视为无法评估且总分已不含该项,0.23033355579170767,0.26394210972603527,FDR不显著,FDR不显著,weak_both
HAMD-17,PDCH标签99人,Kimi-K2.6,不思考,7,C07：全文｜规整｜逐条评分｜不清洗,全文,规整,不清洗,1,抑郁情绪,Spearman秩相关,99,99,99,0,0,5,14,0.5412216728263888,0.3655289745622621,0.6984249431113645,7.2985397721678145e-09,9.999000099990002e-05,0.5400606721561324,0.36033715852143,0.6968789567663654,7.970287171047582e-09,9.999000099990002e-05,-0.0011610006702563735,-0.02491373228007588,0.020043669000166995,0.9978548518499022,formal,正式,金标准总分－对应金标准条目分；HAMD14金标准9视为无法评估且总分已不含该项,0.0003237771460949143,0.00041208000412080005,FDR显著,FDR显著,robust_cross_symptom
HAMD-17,PDCH标签99人,Kimi-K2.6,不思考,7,C07：全文｜规整｜逐条评分｜不清洗,全文,规整,不清洗,2,有罪感,Spearman秩相关,99,99,99,0,0,4,14,0.21667840167632754,0.017918284349067712,0.41005590396051794,0.03122418584696382,0.0334966503349665,0.17380425352082207,-0.02116960505422614,0.372221232649199,0.08534375246401353,0.08509149085091491,-0.04287414815550547,-0.07795084400863019,-0.012057838615574886,0.8021300331560017,formal,正式,金标准总分－对应金标准条目分；HAMD14金标准9视为无法评估且总分已不含该项,0.04218096708847634,0.10332538174753954,FDR显著,FDR不显著,overlap_dependent
HAMD-17,PDCH标签99人,Kimi-K2.6,不思考,7,C07：全文｜规整｜逐条评分｜不清洗,全文,规整,不清洗,3,自杀,Spearman秩相关,99,99,99,0,0,5,14,0.3114831988269638,0.11000835860536769,0.48532310939473206,0.0016991929966772258,0.0022997700229977,0.25145696570725123,0.045466014599627666,0.4458225593156495,0.012050236840188246,0.012098790120987902,-0.06002623311971256,-0.09584206883531818,-0.03214440292776714,0.8072890180087737,formal,正式,金标准总分－对应金标准条目分；HAMD14金标准9视为无法评估且总分已不含该项,0.0042266043665903676,0.0200662860543214,FDR显著,FDR显著,attenuated_but_significant
HAMD-17,PDCH标签99人,Kimi-K2.6,不思考,7,C07：全文｜规整｜逐条评分｜不清洗,全文,规整,不清洗,4,入睡困难,Spearman秩相关,99,99,99,0,0,3,14,0.2725517899652795,0.0796593082747445,0.4453865450480888,0.006347101629639506,0.006299370062993701,0.2447950563189375,0.05991540914866682,0.4205145879978833,0.014605207408860213,0.0136986301369863,-0.027756733646342013,-0.051097206202539984,-0.008007434346608309,0.8981597822201867,formal,正式,金标准总分－对应金标准条目分；HAMD14金标准9视为无法评估且总分已不含该项,0.009414443171067509,0.02141395055896709,FDR显著,FDR显著,attenuated_but_significant
HAMD-17,PDCH标签99人,Kimi-K2.6,不思考,7,C07：全文｜规整｜逐条评分｜不清洗,全文,规整,不清洗,5,睡眠不深,Spearman秩相关,99,99,99,0,0,3,14,0.08763344038810222,-0.11669998256772317,0.28856761699556477,0.3883965531991014,0.39006099390060994,0.06267282189584494,-0.1450526944919593,0.26633279383287156,0.5377141562272842,0.5400459954004599,-0.02496061849225728,-0.05169984367122079,0.00121077565290475,0.7151701635618299,formal,正式,金标准总分－对应金标准条目分；HAMD14金标准9视为无法评估且总分已不含该项,0.40188102401881026,0.5564110255641103,FDR不显著,FDR不显著,weak_both
HAMD-17,PDCH标签99人,Kimi-K2.6,不思考,7,C07：全文｜规整｜逐条评分｜不清洗,全文,规整,不清洗,6,早醒,Spearman秩相关,99,99,99,0,0,3,14,0.2938771663523125,0.09810068727841717,0.46413369808347954,0.0031532424712910033,0.0029997000299970002,0.24591446942814582,0.05651559095375017,0.4174260652277437,0.01414557075751643,0.012898710128987101,-0.04796269692416666,-0.07370633082362393,-0.02368949208379507,0.8367933871164834,formal,正式,金标准总分－对应金标准条目分；HAMD14金标准9视为无法评估且总分已不含该项,0.0052302462061486156,0.020883625923121974,FDR显著,FDR显著,attenuated_but_significant
HAMD-17,PDCH标签99人,Kimi-K2.6,不思考,7,C07：全文｜规整｜逐条评分｜不清洗,全文,规整,不清洗,7,工作和活动,Spearman秩相关,99,99,99,0,0,5,14,0.5365893579190197,0.3437008025762082,0.6899419971376851,1.0350077737544985e-08,9.999000099990002e-05,0.5175281556546503,0.3292282732332294,0.6728612331637774,4.1281091846773825e-08,9.999000099990002e-05,-0.01906120226436947,-0.05178659751623065,0.007649787738774414,0.9644771146071702,formal,正式,金标准总分－对应金标准条目分；HAMD14金标准9视为无法评估且总分已不含该项,0.0003237771460949143,0.00041208000412080005,FDR显著,FDR显著,robust_cross_symptom
HAMD-17,PDCH标签99人,Kimi-K2.6,不思考,7,C07：全文｜规整｜逐条评分｜不清洗,全文,规整,不清洗,8,迟滞,Spearman秩相关,99,99,99,0,0,4,14,0.2907693779903787,0.09394954786095987,0.4735100670644079,0.003503257275855997,0.0047995200479952005,0.2863853509616525,0.08675585963416782,0.46612925716614917,0.004056176461880399,0.0036996300369963003,-0.004384027028726201,-0.0212841438328761,0.013134941982295782,0.9849226660007119,formal,正式,金标准总分－对应金标准条目分；HAMD14金标准9视为无法评估且总分已不含该项,0.007417440074174401,0.0076234800762348,FDR显著,FDR显著,robust_cross_symptom
HAMD-17,PDCH标签99人,Kimi-K2.6,不思考,7,C07：全文｜规整｜逐条评分｜不清洗,全文,规整,不清洗,9,激越,Spearman秩相关,99,99,99,0,0,4,14,0.0688786821336757,-0.11766746779235616,0.2632254657585123,0.4981296622075447,0.49135086491350866,0.054404676490814714,-0.1396484916222537,0.26058565770249176,0.5927596814746617,0.5813418658134186,-0.014474005642860992,-0.03667204902307992,0.006730813667382025,0.7898623319364518,formal,正式,金标准总分－对应金标准条目分；HAMD14金标准9视为无法评估且总分已不含该项,0.5024339671296029,0.5944548402302627,FDR不显著,FDR不显著,weak_both
HAMD-17,PDCH标签99人,Kimi-K2.6,不思考,7,C07：全文｜规整｜逐条评分｜不清洗,全文,规整,不清洗,10,精神性焦虑,Spearman秩相关,99,99,99,0,0,4,14,0.38774123811151867,0.20426653658202723,0.5566352098072954,7.331268175678033e-05,9.999000099990002e-05,0.35771807796702354,0.16319241643326612,0.5217641548833477,0.00027786826025852563,0.00039996000399960006,-0.03002316014449513,-0.05661599997291725,-0.004490928843052544,0.9225690816619816,formal,正式,金标准总分－对应金标准条目分；HAMD14金标准9视为无法评估且总分已不含该项,0.0003237771460949143,0.0013266965986328196,FDR显著,FDR显著,attenuated_but_significant
HAMD-17,PDCH标签99人,Kimi-K2.6,不思考,7,C07：全文｜规整｜逐条评分｜不清洗,全文,规整,不清洗,11,躯体性焦虑,Spearman秩相关,99,99,99,0,0,4,14,0.4399898222544865,0.25067756268577934,0.6108645454282026,5.190811933174664e-06,9.999000099990002e-05,0.4036975023762401,0.21240169645717685,0.5638523625493035,3.420356907808882e-05,0.00029997000299970003,-0.03629231987824644,-0.05984048812607645,-0.013769435814497211,0.9175155468545014,formal,正式,金标准总分－对应金标准条目分；HAMD14金标准9视为无法评估且总分已不含该项,0.0003237771460949143,0.0010460492412297233,FDR显著,FDR显著,attenuated_but_significant
HAMD-17,PDCH标签99人,Kimi-K2.6,不思考,7,C07：全文｜规整｜逐条评分｜不清洗,全文,规整,不清洗,12,胃肠道症状,Spearman秩相关,99,99,99,0,0,3,14,0.41508407996881613,0.23060665164088204,0.5818081419819755,1.937552143347092e-05,9.999000099990002e-05,0.3659971335470215,0.1658286928967897,0.5496580905684764,0.0001949230963174616,9.999000099990002e-05,-0.04908694642179462,-0.07362023492751954,-0.02870044870487173,0.8817421607075792,formal,正式,金标准总分－对应金标准条目分；HAMD14金标准9视为无法评估且总分已不含该项,0.0003237771460949143,0.00041208000412080005,FDR显著,FDR显著,attenuated_but_significant
HAMD-17,PDCH标签99人,Kimi-K2.6,不思考,7,C07：全文｜规整｜逐条评分｜不清洗,全文,规整,不清洗,13,全身症状,Spearman秩相关,99,99,99,0,0,3,14,0.4424112572564583,0.2617975250418352,0.5955556462135628,4.5412554127717085e-06,9.999000099990002e-05,0.40460227693479517,0.2185559122266099,0.5641105782099003,3.271789226040448e-05,9.999000099990002e-05,-0.03780898032166313,-0.06643352323507198,-0.01618099575957672,0.9145388375600354,formal,正式,金标准总分－对应金标准条目分；HAMD14金标准9视为无法评估且总分已不含该项,0.0003237771460949143,0.00041208000412080005,FDR显著,FDR显著,attenuated_but_significant
HAMD-17,PDCH标签99人,Kimi-K2.6,不思考,7,C07：全文｜规整｜逐条评分｜不清洗,全文,规整,不清洗,14,性症状,Spearman秩相关,99,37,37,62,62,3,14,0.31812748089808696,-0.05133784524364619,0.6353586363780248,0.05500202756098887,0.0560943905609439,0.3200836512749941,-0.039345593122271906,0.6236154106797824,0.05344349982530904,0.0514948505149485,0.0019561703769071515,-0.033148938611730266,0.04076854328940983,1.0061490141354177,formal,正式,金标准总分－对应金标准条目分；HAMD14金标准9视为无法评估且总分已不含该项,0.06465116200244382,0.06733941990416342,FDR不显著,FDR不显著,weak_both
HAMD-17,PDCH标签99人,Kimi-K2.6,不思考,7,C07：全文｜规整｜逐条评分｜不清洗,全文,规整,不清洗,15,疑病,Spearman秩相关,99,99,99,0,0,3,14,0.06923943328557432,-0.1114374595183145,0.2603799859625395,0.49587648123073835,0.5053494650534947,0.02550057044049627,-0.1556864137013797,0.21887656497006713,0.8021652801579371,0.8045195480451954,-0.043738862845078046,-0.07225667308855331,-0.01523227973683376,0.3682954817859433,formal,正式,金标准总分－对应金标准条目分；HAMD14金标准9视为无法评估且总分已不含该项,0.5128919943826513,0.8104789521047895,FDR不显著,FDR不显著,weak_both
HAMD-17,PDCH标签99人,Kimi-K2.6,不思考,7,C07：全文｜规整｜逐条评分｜不清洗,全文,规整,不清洗,16,体重减轻,Spearman秩相关,99,99,99,0,0,3,14,0.28634071605309813,0.10896654172252622,0.46376501381727003,0.004062185757470703,0.0046995300469953,0.23717651935629233,0.05015921584212409,0.4153149596186081,0.018091576701471566,0.020097990200979902,-0.0491641966968058,-0.07828428971193321,-0.024375772184811816,0.8283017610122587,formal,正式,金标准总分－对应金标准条目分；HAMD14金标准9视为无法评估且总分已不含该项,0.007346391797601849,0.028755457787554575,FDR显著,FDR显著,attenuated_but_significant
HAMD-17,PDCH标签99人,Kimi-K2.6,不思考,7,C07：全文｜规整｜逐条评分｜不清洗,全文,规整,不清洗,17,自知力,Spearman秩相关,99,99,99,0,0,2,14,0.3059025700023294,0.11052225256959705,0.4755311970674855,0.002075529654880434,0.0015998400159984002,0.2976690655485819,0.11141935284901246,0.47838247740918116,0.0027688701051933468,0.0026997300269973002,-0.008233504453747487,-0.02515194245382721,0.0064891271853312026,0.9730845528571899,formal,正式,金标准总分－对应金标准条目分；HAMD14金标准9视为无法评估且总分已不含该项,0.0031996800319968005,0.005827988629708457,FDR显著,FDR显著,robust_cross_symptom
HAMD-17,PDCH标签99人,Kimi-K2.6,不思考,8,C08：全文｜规整｜逐条评分｜清洗,全文,规整,清洗,1,抑郁情绪,Spearman秩相关,99,99,99,0,0,5,10,0.5288568202884084,0.3598337828233322,0.6621758307359168,1.8329367973456608e-08,9.999000099990002e-05,0.5299575801216786,0.3535823768765689,0.6677537344814825,1.691194155984661e-08,9.999000099990002e-05,0.0011007598332701818,-0.022415713694143018,0.024086931458951206,1.002081394795419,formal,正式,金标准总分－对应金标准条目分；HAMD14金标准9视为无法评估且总分已不含该项,0.0003237771460949143,0.00041208000412080005,FDR显著,FDR显著,robust_cross_symptom
HAMD-17,PDCH标签99人,Kimi-K2.6,不思考,8,C08：全文｜规整｜逐条评分｜清洗,全文,规整,清洗,2,有罪感,Spearman秩相关,99,99,99,0,0,4,10,0.23688228220426336,0.022682283176949983,0.42744087480771903,0.018239513605869284,0.017798220177982202,0.19877603399379992,-0.006444942084678931,0.3934317986688779,0.04856309256217107,0.0413958604139586,-0.038106248210463434,-0.07208063953801924,-0.008543753304489848,0.8391342406199698,formal,正式,金标准总分－对应金标准条目分；HAMD14金标准9视为无法评估且总分已不含该项,0.023730960237309605,0.05465861180872204,FDR显著,FDR不显著,overlap_dependent
HAMD-17,PDCH标签99人,Kimi-K2.6,不思考,8,C08：全文｜规整｜逐条评分｜清洗,全文,规整,清洗,3,自杀,Spearman秩相关,99,99,99,0,0,5,10,0.2430462086551902,0.05166873619269383,0.42793319349958037,0.015349234378753967,0.016798320167983202,0.19588755161512755,-0.007109125957381484,0.372579924623857,0.0519952722657737,0.05449455054494551,-0.04715865704006264,-0.07776259439666298,-0.02132696270423672,0.8059683493892034,formal,正式,金标准总分－对应金标准条目分；HAMD14金标准9视为无法评估且总分已不含该项,0.022619520226195206,0.06963007402963407,FDR显著,FDR不显著,overlap_dependent
HAMD-17,PDCH标签99人,Kimi-K2.6,不思考,8,C08：全文｜规整｜逐条评分｜清洗,全文,规整,清洗,4,入睡困难,Spearman秩相关,99,99,99,0,0,3,10,0.30012716189889627,0.10754679833558106,0.47011607801457556,0.0025427606533359867,0.0030996900309969004,0.27464757965542336,0.08678515747381468,0.45356495872470165,0.00593922059600464,0.0057994200579942,-0.02547958224347291,-0.05264971997480235,-0.004170805838138346,0.9151040442915453,formal,正式,金标准总分－对应金标准条目分；HAMD14金标准9视为无法评估且总分已不含该项,0.00533617524323517,0.011430740983872627,FDR显著,FDR显著,attenuated_but_significant
HAMD-17,PDCH标签99人,Kimi-K2.6,不思考,8,C08：全文｜规整｜逐条评分｜清洗,全文,规整,清洗,5,睡眠不深,Spearman秩相关,99,99,99,0,0,3,10,0.20109589799858768,0.003743661925743761,0.3913619630234383,0.04594412142786086,0.04689531046895311,0.16519951018924403,-0.04143505845320684,0.3561559501404185,0.10224052780717739,0.1060893910608939,-0.03589638780934365,-0.06257268971318589,-0.011276699384468972,0.8214961708985443,formal,正式,金标准总分－对应金标准条目分；HAMD14金标准9视为无法评估且总分已不含该项,0.05545880194589237,0.12438066538173768,FDR不显著,FDR不显著,weak_both
HAMD-17,PDCH标签99人,Kimi-K2.6,不思考,8,C08：全文｜规整｜逐条评分｜清洗,全文,规整,清洗,6,早醒,Spearman秩相关,99,99,99,0,0,3,10,0.21078131550248763,0.02034023760967181,0.3863781993090595,0.03624202457115108,0.0365963403659634,0.16540206512075348,-0.02762838946032212,0.3469248502627587,0.10181470232573826,0.09919008099190081,-0.045379250381734154,-0.07116861549753709,-0.021475194386905566,0.7847093312158469,formal,正式,金标准总分－对应金标准条目分；HAMD14金标准9视为无法评估且总分已不含该项,0.045246384452463845,0.11833202644647817,FDR显著,FDR不显著,overlap_dependent
HAMD-17,PDCH标签99人,Kimi-K2.6,不思考,8,C08：全文｜规整｜逐条评分｜清洗,全文,规整,清洗,7,工作和活动,Spearman秩相关,99,99,99,0,0,5,10,0.5402406530087875,0.3783799818135725,0.6803103305702911,7.862410497706683e-09,9.999000099990002e-05,0.5105447034086262,0.3377421337184875,0.6499656011948601,6.711036420758616e-08,9.999000099990002e-05,-0.02969594960016131,-0.06219552458129611,-0.0005486278956446999,0.9450319974352647,formal,正式,金标准总分－对应金标准条目分；HAMD14金标准9视为无法评估且总分已不含该项,0.0003237771460949143,0.00041208000412080005,FDR显著,FDR显著,attenuated_but_significant
HAMD-17,PDCH标签99人,Kimi-K2.6,不思考,8,C08：全文｜规整｜逐条评分｜清洗,全文,规整,清洗,8,迟滞,Spearman秩相关,99,99,99,0,0,4,10,0.2179577220402918,0.001304531050406647,0.4119921876922545,0.030216808817503764,0.0273972602739726,0.21854284577725694,0.0157008098741623,0.41937504674372716,0.029765307891682313,0.027997200279972004,0.0005851237369651485,-0.015813365771547017,0.016836331113930188,1.0026845744738375,formal,正式,金标准总分－对应金标准条目分；HAMD14金标准9视为无法评估且总分已不含该项,0.03515120186094598,0.03885325753138972,FDR显著,FDR显著,robust_cross_symptom
HAMD-17,PDCH标签99人,Kimi-K2.6,不思考,8,C08：全文｜规整｜逐条评分｜清洗,全文,规整,清洗,9,激越,Spearman秩相关,99,99,99,0,0,4,10,0.25439503436664407,0.06755631254783726,0.43173234445372705,0.011053494162394479,0.012098790120987902,0.23903429700708337,0.04743112846133068,0.42406157118958887,0.017181194985699623,0.0173982601739826,-0.0153607373595607,-0.03932856862621021,0.004623219527182968,0.9396185644983062,formal,正式,金标准总分－对应金标准条目分；HAMD14金标准9视为无法评估且总分已不含该项,0.017243636461096157,0.025719167213713413,FDR显著,FDR显著,robust_cross_symptom
HAMD-17,PDCH标签99人,Kimi-K2.6,不思考,8,C08：全文｜规整｜逐条评分｜清洗,全文,规整,清洗,10,精神性焦虑,Spearman秩相关,99,99,99,0,0,4,10,0.30235619830101396,0.09440533679665926,0.483066250328478,0.0023522421877304493,0.0028997100289971,0.2611197406740508,0.050461806341410044,0.45325534041170634,0.00903917295119641,0.0098990100989901,-0.04123645762696315,-0.06823510880220351,-0.015447399440889938,0.8636162980660652,formal,正式,金标准总分－对应金标准条目分；HAMD14金标准9视为无法评估且总分已不含该项,0.005121565765501372,0.017660571605177144,FDR显著,FDR显著,attenuated_but_significant
HAMD-17,PDCH标签99人,Kimi-K2.6,不思考,8,C08：全文｜规整｜逐条评分｜清洗,全文,规整,清洗,11,躯体性焦虑,Spearman秩相关,99,99,99,0,0,5,10,0.5082795291943408,0.3238129675747252,0.6704229976307842,7.838507281306897e-08,9.999000099990002e-05,0.4627301317265766,0.2664169542675925,0.63949494303608,1.4192418967204674e-06,9.999000099990002e-05,-0.04554939746776421,-0.0737203306322433,-0.020566957645852008,0.9103851427186862,formal,正式,金标准总分－对应金标准条目分；HAMD14金标准9视为无法评估且总分已不含该项,0.0003237771460949143,0.00041208000412080005,FDR显著,FDR显著,attenuated_but_significant
HAMD-17,PDCH标签99人,Kimi-K2.6,不思考,8,C08：全文｜规整｜逐条评分｜清洗,全文,规整,清洗,12,胃肠道症状,Spearman秩相关,99,99,99,0,0,3,10,0.3604798148913896,0.15546351316276039,0.5360961352027716,0.0002471370956310902,0.0004999500049995,0.31859950890157174,0.10700761005214074,0.5021338993440411,0.001309221100264493,0.0018998100189981002,-0.041880305989817845,-0.06564260631139156,-0.021284770056346162,0.8838206627396429,formal,正式,金标准总分－对应金标准条目分；HAMD14金标准9视为无法评估且总分已不含该项,0.0011722965634471034,0.004454726941098994,FDR显著,FDR显著,attenuated_but_significant
HAMD-17,PDCH标签99人,Kimi-K2.6,不思考,8,C08：全文｜规整｜逐条评分｜清洗,全文,规整,清洗,13,全身症状,Spearman秩相关,99,99,99,0,0,3,10,0.3735681693228209,0.19448117492998784,0.5470425850933271,0.0001397568710101075,0.00029997000299970003,0.34060217219192657,0.15265793613258663,0.5133362207870416,0.0005612957087302836,0.0007999200079992001,-0.03296599713089432,-0.0590220791017494,-0.0121242344296447,0.9117537310776428,formal,正式,金标准总分－对应金标准条目分；HAMD14金标准9视为无法评估且总分已不含该项,0.0007554800075548001,0.0022664400226644,FDR显著,FDR显著,attenuated_but_significant
HAMD-17,PDCH标签99人,Kimi-K2.6,不思考,8,C08：全文｜规整｜逐条评分｜清洗,全文,规整,清洗,14,性症状,Spearman秩相关,99,36,36,63,63,3,10,0.3829847918525759,0.035076086413087605,0.6504345862312269,0.02113862730825586,0.0202979702029797,0.3982527662158358,0.06425029116764386,0.6768944293215526,0.016143770006467686,0.0163983601639836,0.015267974363259884,-0.026759652706243194,0.059762744220558946,1.0398657458156644,formal,正式,金标准总分－对应金标准条目分；HAMD14金标准9视为无法评估且总分已不含该项,0.02654349949620422,0.02477974424779744,FDR显著,FDR显著,robust_cross_symptom
HAMD-17,PDCH标签99人,Kimi-K2.6,不思考,8,C08：全文｜规整｜逐条评分｜清洗,全文,规整,清洗,15,疑病,Spearman秩相关,99,99,99,0,0,3,10,0.05118601922736014,-0.13962199678215712,0.24313792999183023,0.614854359662512,0.6093390660933906,0.004529973573792884,-0.19731713299135556,0.2105254370159811,0.9645054878108512,0.9648035196480352,-0.04665604565356725,-0.07503356038076202,-0.01872678448083557,0.0885002124050996,formal,正式,金标准总分－对应金标准条目分；HAMD14金标准9视为无法评估且总分已不含该项,0.6138526888051935,0.9648035196480352,FDR不显著,FDR不显著,weak_both
HAMD-17,PDCH标签99人,Kimi-K2.6,不思考,8,C08：全文｜规整｜逐条评分｜清洗,全文,规整,清洗,16,体重减轻,Spearman秩相关,99,99,99,0,0,3,10,0.20562614208244773,0.008988451104737494,0.3902413530301407,0.041166959627455695,0.040995900409959006,0.15597955536884092,-0.04977797746754233,0.349421604423738,0.12314183675651369,0.11588841115888411,-0.049646586713606805,-0.08013302623341145,-0.024847727027517558,0.7585589740155678,formal,正式,金标准总分－对应金标准条目分；HAMD14金标准9视为无法评估且总分已不含该项,0.05022921131310293,0.13244389846729612,FDR不显著,FDR不显著,weak_both
HAMD-17,PDCH标签99人,Kimi-K2.6,不思考,8,C08：全文｜规整｜逐条评分｜清洗,全文,规整,清洗,17,自知力,Spearman秩相关,99,99,99,0,0,2,10,0.27275291382164707,0.08809261950677036,0.4527880253635767,0.006306910305637454,0.006399360063993601,0.2630861700995679,0.07467953195512053,0.445613655536619,0.00851469387237758,0.009599040095990401,-0.009666743722079152,-0.030665706384960443,0.005615809819858873,0.9645586051249292,formal,正式,金标准总分－对应金标准条目分；HAMD14金标准9视为无法评估且总分已不含该项,0.009459923572860105,0.017406259374062594,FDR显著,FDR显著,robust_cross_symptom
HAMD-17,PDCH标签99人,Kimi-K2.6,不思考,11,C11：事件序列｜不规整｜逐条评分｜不清洗,事件序列,不规整,不清洗,1,抑郁情绪,Spearman秩相关,99,99,99,0,0,5,17,0.6554611434498596,0.5111942132112514,0.7674417164846764,1.8149629473301448e-13,9.999000099990002e-05,0.6359827908496617,0.4835558941075796,0.7540570497166369,1.5150655685793455e-12,9.999000099990002e-05,-0.019478352600197923,-0.042061798476219964,0.003590576410756871,0.9702829789456651,formal,正式,金标准总分－对应金标准条目分；HAMD14金标准9视为无法评估且总分已不含该项,0.0003237771460949143,0.00041208000412080005,FDR显著,FDR显著,robust_cross_symptom
HAMD-17,PDCH标签99人,Kimi-K2.6,不思考,11,C11：事件序列｜不规整｜逐条评分｜不清洗,事件序列,不规整,不清洗,2,有罪感,Spearman秩相关,99,99,99,0,0,4,17,0.3613144976750774,0.1839652667376046,0.527571925653171,0.00023848624975009722,0.00019998000199980003,0.3055579472504791,0.11050881344489065,0.46660476934979145,0.0021010674590629793,0.0024997500249975004,-0.05575655042459832,-0.08660570561595995,-0.02737601949767312,0.8456841594141096,formal,正式,金标准总分－对应金标准条目分；HAMD14金标准9视为无法评估且总分已不含该项,0.0005550465361627103,0.005573213170486231,FDR显著,FDR显著,attenuated_but_significant
HAMD-17,PDCH标签99人,Kimi-K2.6,不思考,11,C11：事件序列｜不规整｜逐条评分｜不清洗,事件序列,不规整,不清洗,3,自杀,Spearman秩相关,99,99,99,0,0,5,17,0.39185882600422306,0.19896127748905934,0.5569414586387019,6.044349055401038e-05,0.00019998000199980003,0.33419292409256085,0.1439634592860191,0.5063304844738101,0.0007230216274283397,0.0008999100089991,-0.05766590191166221,-0.09262400556898623,-0.03005062858460098,0.8528401095372017,formal,正式,金标准总分－对应金标准条目分；HAMD14金标准9视为无法评估且总分已不含该项,0.0005550465361627103,0.002497709412732196,FDR显著,FDR显著,attenuated_but_significant
HAMD-17,PDCH标签99人,Kimi-K2.6,不思考,11,C11：事件序列｜不规整｜逐条评分｜不清洗,事件序列,不规整,不清洗,4,入睡困难,Spearman秩相关,99,99,99,0,0,3,17,0.3690531243811821,0.1829811925615798,0.5331145426657532,0.00017059586329210726,0.00039996000399960006,0.3431402040560151,0.1484096733198091,0.5100793320408573,0.0005069859651793461,0.0006999300069993001,-0.02591292032516701,-0.05056167881084067,-0.004123148359259048,0.9297853923642645,formal,正式,金标准总分－对应金标准条目分；HAMD14金标准9视为无法评估且总分已不含该项,0.000971331438284743,0.0021153440211534404,FDR显著,FDR显著,attenuated_but_significant
HAMD-17,PDCH标签99人,Kimi-K2.6,不思考,11,C11：事件序列｜不规整｜逐条评分｜不清洗,事件序列,不规整,不清洗,5,睡眠不深,Spearman秩相关,99,99,99,0,0,3,17,0.2570982931699317,0.053386792067306454,0.4484951518054417,0.010200880290818204,0.010198980101989802,0.21345587331186788,0.010569893773426632,0.4112618937822271,0.033888138280640516,0.0331966803319668,-0.04364241985806383,-0.06784284288460245,-0.021373608961835374,0.8302500599285662,formal,正式,金标准总分－对应金标准条目分；HAMD14金标准9视为无法评估且总分已不含该项,0.014914637568501216,0.0442622404426224,FDR显著,FDR显著,attenuated_but_significant
HAMD-17,PDCH标签99人,Kimi-K2.6,不思考,11,C11：事件序列｜不规整｜逐条评分｜不清洗,事件序列,不规整,不清洗,6,早醒,Spearman秩相关,99,99,99,0,0,3,17,0.3904030660913811,0.20135517327692223,0.5548774947895302,6.473124794459388e-05,0.00019998000199980003,0.34035809488781843,0.15076634102308187,0.5059980104973898,0.000566790204869367,0.0004999500049995,-0.05004497120356266,-0.07368146401560523,-0.026732442794026996,0.8718120436281391,formal,正式,金标准总分－对应金标准条目分；HAMD14金标准9视为无法评估且总分已不含该项,0.0005550465361627103,0.0015812372251146978,FDR显著,FDR显著,attenuated_but_significant
HAMD-17,PDCH标签99人,Kimi-K2.6,不思考,11,C11：事件序列｜不规整｜逐条评分｜不清洗,事件序列,不规整,不清洗,7,工作和活动,Spearman秩相关,99,99,99,0,0,5,17,0.6038298008745455,0.45509882834925935,0.7245036981700386,3.6865795533315304e-11,9.999000099990002e-05,0.5721410278473202,0.42088860641223985,0.7022598589154906,6.155363415233143e-10,9.999000099990002e-05,-0.03168877302722528,-0.06027887326384356,-0.005515009854988064,0.9475203559325336,formal,正式,金标准总分－对应金标准条目分；HAMD14金标准9视为无法评估且总分已不含该项,0.0003237771460949143,0.00041208000412080005,FDR显著,FDR显著,attenuated_but_significant
HAMD-17,PDCH标签99人,Kimi-K2.6,不思考,11,C11：事件序列｜不规整｜逐条评分｜不清洗,事件序列,不规整,不清洗,8,迟滞,Spearman秩相关,99,99,99,0,0,3,17,0.41650199207235755,0.2294616533769783,0.5844082730332808,1.802549645280229e-05,9.999000099990002e-05,0.4189733628308511,0.2275608688984705,0.5808281367364757,1.5881007124448918e-05,9.999000099990002e-05,0.002471370758493574,-0.012592595558240605,0.017756432880260842,1.0059336349057948,formal,正式,金标准总分－对应金标准条目分；HAMD14金标准9视为无法评估且总分已不含该项,0.0003237771460949143,0.00041208000412080005,FDR显著,FDR显著,robust_cross_symptom
HAMD-17,PDCH标签99人,Kimi-K2.6,不思考,11,C11：事件序列｜不规整｜逐条评分｜不清洗,事件序列,不规整,不清洗,9,激越,Spearman秩相关,99,99,99,0,0,4,17,0.37909387303381664,0.20187597130360493,0.5399079878400346,0.00010905744220079052,0.00029997000299970003,0.36300096804758636,0.17707528447011026,0.5259452300973859,0.0002218543548834789,0.00019998000199980003,-0.016092904986230283,-0.03584877934107083,0.002752873362501169,0.957549023788114,formal,正式,金标准总分－对应金标准条目分；HAMD14金标准9视为无法评估且总分已不含该项,0.0007554800075548001,0.0007350616289722379,FDR显著,FDR显著,robust_cross_symptom
HAMD-17,PDCH标签99人,Kimi-K2.6,不思考,11,C11：事件序列｜不规整｜逐条评分｜不清洗,事件序列,不规整,不清洗,10,精神性焦虑,Spearman秩相关,99,99,99,0,0,4,17,0.45977423955560237,0.2891410101247959,0.6081075734477013,1.6887758911317335e-06,9.999000099990002e-05,0.4036072582451699,0.2306151356967154,0.561748582965149,3.435516275072117e-05,9.999000099990002e-05,-0.05616698131043246,-0.08364896739076398,-0.03202670306427054,0.8778379115699892,formal,正式,金标准总分－对应金标准条目分；HAMD14金标准9视为无法评估且总分已不含该项,0.0003237771460949143,0.00041208000412080005,FDR显著,FDR显著,attenuated_but_significant
HAMD-17,PDCH标签99人,Kimi-K2.6,不思考,11,C11：事件序列｜不规整｜逐条评分｜不清洗,事件序列,不规整,不清洗,11,躯体性焦虑,Spearman秩相关,99,99,99,0,0,4,17,0.5066516051458185,0.33033462949891595,0.6482745643724144,8.757945279379679e-08,9.999000099990002e-05,0.4527312593004064,0.2795929774855031,0.6129782565511525,2.5391133561327535e-06,9.999000099990002e-05,-0.05392034584541211,-0.08257970665244121,-0.029633015612912525,0.8935751011192525,formal,正式,金标准总分－对应金标准条目分；HAMD14金标准9视为无法评估且总分已不含该项,0.0003237771460949143,0.00041208000412080005,FDR显著,FDR显著,attenuated_but_significant
HAMD-17,PDCH标签99人,Kimi-K2.6,不思考,11,C11：事件序列｜不规整｜逐条评分｜不清洗,事件序列,不规整,不清洗,12,胃肠道症状,Spearman秩相关,99,99,99,0,0,3,17,0.4447679042564617,0.2735478155299329,0.600270532974824,3.9832836812036894e-06,9.999000099990002e-05,0.4026701520958409,0.22974737142803595,0.5558713650427646,3.5966892296523745e-05,0.00019998000199980003,-0.04209775216062078,-0.06378120392351753,-0.02252650041618306,0.9053489432179297,formal,正式,金标准总分－对应金标准条目分；HAMD14金标准9视为无法评估且总分已不含该项,0.0003237771460949143,0.0007350616289722379,FDR显著,FDR显著,attenuated_but_significant
HAMD-17,PDCH标签99人,Kimi-K2.6,不思考,11,C11：事件序列｜不规整｜逐条评分｜不清洗,事件序列,不规整,不清洗,13,全身症状,Spearman秩相关,99,99,99,0,0,3,17,0.5588168045975671,0.4003682797082338,0.6892569660202084,1.8431545596097085e-09,9.999000099990002e-05,0.5160030038862572,0.352753292291009,0.6608773643394878,4.594580072578746e-08,9.999000099990002e-05,-0.04281380071130991,-0.06844341049811886,-0.022123870056897973,0.923384908329408,formal,正式,金标准总分－对应金标准条目分；HAMD14金标准9视为无法评估且总分已不含该项,0.0003237771460949143,0.00041208000412080005,FDR显著,FDR显著,attenuated_but_significant
HAMD-17,PDCH标签99人,Kimi-K2.6,不思考,11,C11：事件序列｜不规整｜逐条评分｜不清洗,事件序列,不规整,不清洗,14,性症状,Spearman秩相关,99,40,40,59,59,3,17,0.44606913159745853,0.1556071001171416,0.6726046840724871,0.00391509525092216,0.0032996700329967,0.3960152048249071,0.1162252990210754,0.6343904027208975,0.011420438962514474,0.014198580141985802,-0.05005392677255144,-0.10109831571535553,-0.012139787410278687,0.8877888577644931,formal,正式,金标准总分－对应金标准条目分；HAMD14金标准9视为无法评估且总分已不含该项,0.00560943905609439,0.021696706733821,FDR显著,FDR显著,attenuated_but_significant
HAMD-17,PDCH标签99人,Kimi-K2.6,不思考,11,C11：事件序列｜不规整｜逐条评分｜不清洗,事件序列,不规整,不清洗,15,疑病,Spearman秩相关,99,99,99,0,0,4,17,0.12371555023047694,-0.06261793770941738,0.31376131055784384,0.22245960221425354,0.2211778822117788,0.07158805737502108,-0.13274724925796774,0.26728970627184984,0.48133930223212484,0.48655134486551344,-0.052127492855455856,-0.08143785921065659,-0.02658982200547065,0.5786504383778394,formal,正式,金标准总分－对应金标准条目分；HAMD14金标准9视为无法评估且总分已不含该项,0.23138609216001474,0.5051220068832811,FDR不显著,FDR不显著,weak_both
HAMD-17,PDCH标签99人,Kimi-K2.6,不思考,11,C11：事件序列｜不规整｜逐条评分｜不清洗,事件序列,不规整,不清洗,16,体重减轻,Spearman秩相关,99,99,99,0,0,3,17,0.31134457939862353,0.10849430822230241,0.49583078642363654,0.001707737520107021,0.0016998300169983002,0.25351333153548966,0.059373747684086695,0.43438553445198563,0.01134475164274444,0.011698830116988301,-0.05783124786313387,-0.08988450186165951,-0.03044181605485526,0.814253236800083,formal,正式,金标准总分－对应金标准条目分；HAMD14金标准9视为无法评估且总分已不含该项,0.0033503895987212874,0.02005799420057994,FDR显著,FDR显著,attenuated_but_significant
HAMD-17,PDCH标签99人,Kimi-K2.6,不思考,11,C11：事件序列｜不规整｜逐条评分｜不清洗,事件序列,不规整,不清洗,17,自知力,Spearman秩相关,99,99,99,0,0,2,17,0.2949192392803075,0.10122692417920362,0.4578086212165208,0.0030431060984803474,0.001999800019998,0.29277430924216274,0.10434433870024143,0.45576819502470783,0.003273686523723811,0.0025997400259974,-0.0021449300381447545,-0.02615170990935693,0.013382050207828,0.992727059640534,formal,正式,金标准总分－对应金标准条目分；HAMD14金标准9视为无法评估且总分已不含该项,0.0038853257531389716,0.005702655540897523,FDR显著,FDR显著,robust_cross_symptom
HAMD-17,PDCH标签99人,Kimi-K2.6,不思考,12,C12：事件序列｜不规整｜逐条评分｜清洗,事件序列,不规整,清洗,1,抑郁情绪,Spearman秩相关,99,99,99,0,0,5,17,0.5499785200799556,0.3669932220340532,0.6934921954202232,3.7162157293862374e-09,9.999000099990002e-05,0.5261307587132429,0.3543519845326551,0.6800461796047229,2.2344873822479118e-08,9.999000099990002e-05,-0.02384776136671274,-0.048011610783593735,-0.001210205720976285,0.9566387404307249,formal,正式,金标准总分－对应金标准条目分；HAMD14金标准9视为无法评估且总分已不含该项,0.0003237771460949143,0.00041208000412080005,FDR显著,FDR显著,attenuated_but_significant
HAMD-17,PDCH标签99人,Kimi-K2.6,不思考,12,C12：事件序列｜不规整｜逐条评分｜清洗,事件序列,不规整,清洗,2,有罪感,Spearman秩相关,99,99,99,0,0,4,17,0.34883361780881583,0.15677758233129144,0.5082762356295212,0.0004022461355715187,0.0006999300069993001,0.30885777253416685,0.10633532005213421,0.4772201202412433,0.0018677816523955664,0.0021997800219978004,-0.03997584527464898,-0.07163419841580536,-0.011346274610306071,0.885401397016275,formal,正式,金标准总分－对应金标准条目分；HAMD14金标准9视为无法评估且总分已不含该项,0.0015865080158650802,0.004986168049861681,FDR显著,FDR显著,attenuated_but_significant
HAMD-17,PDCH标签99人,Kimi-K2.6,不思考,12,C12：事件序列｜不规整｜逐条评分｜清洗,事件序列,不规整,清洗,3,自杀,Spearman秩相关,99,99,99,0,0,5,17,0.4076319977056158,0.2322078017312149,0.5633575005728403,2.8170668224376568e-05,9.999000099990002e-05,0.348628019945805,0.16228431604437443,0.5114959082841404,0.00040565258639096096,0.000999900009999,-0.05900397775981081,-0.09135465274193495,-0.032527970277720406,0.8552518494820851,formal,正式,金标准总分－对应金标准条目分；HAMD14金标准9视为无法评估且总分已不含该项,0.0003237771460949143,0.002666400026664,FDR显著,FDR显著,attenuated_but_significant
HAMD-17,PDCH标签99人,Kimi-K2.6,不思考,12,C12：事件序列｜不规整｜逐条评分｜清洗,事件序列,不规整,清洗,4,入睡困难,Spearman秩相关,99,99,99,0,0,3,17,0.37051158436601883,0.18543442691725268,0.5343249325070945,0.0001600055134372609,9.999000099990002e-05,0.34766001845693234,0.1655645522306905,0.5136187215897077,0.0004220502386599003,0.0007999200079992001,-0.02285156590908649,-0.04904328798999669,-0.0013292752568556808,0.9383242876246697,formal,正式,金标准总分－对应金标准条目分；HAMD14金标准9视为无法评估且总分已不含该项,0.0003237771460949143,0.0022664400226644,FDR显著,FDR显著,attenuated_but_significant
HAMD-17,PDCH标签99人,Kimi-K2.6,不思考,12,C12：事件序列｜不规整｜逐条评分｜清洗,事件序列,不规整,清洗,5,睡眠不深,Spearman秩相关,99,99,99,0,0,3,17,0.19377060594949547,-0.03528270667610141,0.3908315104667042,0.05463553004797786,0.0570942905709429,0.15554340736496663,-0.056466203585381285,0.36204205039344256,0.12420641230890841,0.12088791120887911,-0.03822719858452883,-0.06529023535950056,-0.014469219980527361,0.8027193113361456,formal,正式,金标准总分－对应金标准条目分；HAMD14金标准9视为无法评估且总分已不含该项,0.06525061779536333,0.13700629937006298,FDR不显著,FDR不显著,weak_both
HAMD-17,PDCH标签99人,Kimi-K2.6,不思考,12,C12：事件序列｜不规整｜逐条评分｜清洗,事件序列,不规整,清洗,6,早醒,Spearman秩相关,99,99,99,0,0,3,17,0.37823494843780536,0.18691514317737323,0.5418933076308343,0.00011337721588465937,0.0004999500049995,0.32560643262395905,0.1311096911169139,0.4968692916004505,0.0010065081096499971,0.0007999200079992001,-0.05262851581384631,-0.08091137158858455,-0.02897786723284411,0.860857607074085,formal,正式,金标准总分－对应金标准条目分；HAMD14金标准9视为无法评估且总分已不含该项,0.0011722965634471034,0.0022664400226644,FDR显著,FDR显著,attenuated_but_significant
HAMD-17,PDCH标签99人,Kimi-K2.6,不思考,12,C12：事件序列｜不规整｜逐条评分｜清洗,事件序列,不规整,清洗,7,工作和活动,Spearman秩相关,99,99,99,0,0,5,17,0.5949375101908808,0.4406508718177966,0.7206369673113316,8.378673115070439e-11,9.999000099990002e-05,0.562177861115737,0.3914109137280615,0.7047110024831917,1.4040929441888074e-09,9.999000099990002e-05,-0.03275964907514384,-0.06491157458517162,-0.006784029346410478,0.9449359831679915,formal,正式,金标准总分－对应金标准条目分；HAMD14金标准9视为无法评估且总分已不含该项,0.0003237771460949143,0.00041208000412080005,FDR显著,FDR显著,attenuated_but_significant
HAMD-17,PDCH标签99人,Kimi-K2.6,不思考,12,C12：事件序列｜不规整｜逐条评分｜清洗,事件序列,不规整,清洗,8,迟滞,Spearman秩相关,99,99,99,0,0,3,17,0.47528578944098193,0.2836272823062514,0.6323094495034197,6.657300266377353e-07,9.999000099990002e-05,0.45997840403393697,0.2696664039322142,0.6246446116705885,1.6687020793472998e-06,9.999000099990002e-05,-0.01530738540704496,-0.03651452433689269,0.0021146252481903265,0.9677933030039693,formal,正式,金标准总分－对应金标准条目分；HAMD14金标准9视为无法评估且总分已不含该项,0.0003237771460949143,0.00041208000412080005,FDR显著,FDR显著,robust_cross_symptom
HAMD-17,PDCH标签99人,Kimi-K2.6,不思考,12,C12：事件序列｜不规整｜逐条评分｜清洗,事件序列,不规整,清洗,9,激越,Spearman秩相关,99,99,99,0,0,4,17,0.30051134330474366,0.10632859269335618,0.46797986964098137,0.0025089645748820415,0.0024997500249975004,0.28863011687565976,0.09474347959655292,0.4592965181841794,0.003764015337560756,0.0034996500349965005,-0.011881226429083902,-0.03306678886926977,0.007919270532150193,0.9604633013235865,formal,正式,金标准总分－对应金标准条目分；HAMD14金标准9视为无法评估且总分已不含该项,0.004473236886837632,0.007322344688608063,FDR显著,FDR显著,robust_cross_symptom
HAMD-17,PDCH标签99人,Kimi-K2.6,不思考,12,C12：事件序列｜不规整｜逐条评分｜清洗,事件序列,不规整,清洗,10,精神性焦虑,Spearman秩相关,99,99,99,0,0,5,17,0.476562743443574,0.30548209129332526,0.6285052145445008,6.153523831967342e-07,9.999000099990002e-05,0.43124667578404885,0.243076521085971,0.5929786740705267,8.340766654828924e-06,9.999000099990002e-05,-0.04531606765952517,-0.07440926838586737,-0.019911250939954703,0.9049105951252552,formal,正式,金标准总分－对应金标准条目分；HAMD14金标准9视为无法评估且总分已不含该项,0.0003237771460949143,0.00041208000412080005,FDR显著,FDR显著,attenuated_but_significant
HAMD-17,PDCH标签99人,Kimi-K2.6,不思考,12,C12：事件序列｜不规整｜逐条评分｜清洗,事件序列,不规整,清洗,11,躯体性焦虑,Spearman秩相关,99,99,99,0,0,4,17,0.516244284790825,0.34556013857969803,0.6652930137460826,4.517576195615097e-08,9.999000099990002e-05,0.46657310491199283,0.28870117496822223,0.6261679774345726,1.1293174938964185e-06,9.999000099990002e-05,-0.04967117987883213,-0.07619768632777753,-0.024625159920357808,0.9037835742841043,formal,正式,金标准总分－对应金标准条目分；HAMD14金标准9视为无法评估且总分已不含该项,0.0003237771460949143,0.00041208000412080005,FDR显著,FDR显著,attenuated_but_significant
HAMD-17,PDCH标签99人,Kimi-K2.6,不思考,12,C12：事件序列｜不规整｜逐条评分｜清洗,事件序列,不规整,清洗,12,胃肠道症状,Spearman秩相关,99,99,99,0,0,3,17,0.43418842919585116,0.2623818449246396,0.5967584852715639,7.120981782231228e-06,9.999000099990002e-05,0.38784774070380357,0.21226516004905602,0.5516393714121705,7.294991219508657e-05,9.999000099990002e-05,-0.04634068849204759,-0.0702398042749382,-0.026088242940374068,0.8932705586423066,formal,正式,金标准总分－对应金标准条目分；HAMD14金标准9视为无法评估且总分已不含该项,0.0003237771460949143,0.00041208000412080005,FDR显著,FDR显著,attenuated_but_significant
HAMD-17,PDCH标签99人,Kimi-K2.6,不思考,12,C12：事件序列｜不规整｜逐条评分｜清洗,事件序列,不规整,清洗,13,全身症状,Spearman秩相关,99,99,99,0,0,3,17,0.5240553658669937,0.3457048395552419,0.6790158577152509,2.5951818015087425e-08,9.999000099990002e-05,0.4886295088410333,0.30416962375246126,0.6396187219232714,2.8791238161023334e-07,9.999000099990002e-05,-0.03542585702596046,-0.06253129969572989,-0.01634167233973584,0.9324005451840911,formal,正式,金标准总分－对应金标准条目分；HAMD14金标准9视为无法评估且总分已不含该项,0.0003237771460949143,0.00041208000412080005,FDR显著,FDR显著,attenuated_but_significant
HAMD-17,PDCH标签99人,Kimi-K2.6,不思考,12,C12：事件序列｜不规整｜逐条评分｜清洗,事件序列,不规整,清洗,14,性症状,Spearman秩相关,99,40,40,59,59,3,17,0.5647425346474539,0.2807262137600316,0.7659944355180969,0.00014693964954206573,9.999000099990002e-05,0.5274084829802197,0.25014679645526483,0.733785761940511,0.00047060439219063105,0.0005999400059994001,-0.03733405166723425,-0.09374269807955582,0.010338881337252139,0.933891907591943,formal,正式,金标准总分－对应金标准条目分；HAMD14金标准9视为无法评估且总分已不含该项,0.0003237771460949143,0.0018543600185436002,FDR显著,FDR显著,robust_cross_symptom
HAMD-17,PDCH标签99人,Kimi-K2.6,不思考,12,C12：事件序列｜不规整｜逐条评分｜清洗,事件序列,不规整,清洗,15,疑病,Spearman秩相关,99,99,99,0,0,4,17,0.16127718159502266,-0.031545416365642294,0.34633349709249106,0.1107644682329509,0.10748925107489252,0.12102433090291487,-0.07511284757689382,0.301728055167304,0.23276151792964905,0.22817718228177183,-0.040252850692107794,-0.0686086988134098,-0.013891236151699448,0.7504119907477966,formal,正式,金标准总分－对应金标准条目分；HAMD14金标准9视为无法评估且总分已不含该项,0.11884990362752344,0.25025884508323365,FDR不显著,FDR不显著,weak_both
HAMD-17,PDCH标签99人,Kimi-K2.6,不思考,12,C12：事件序列｜不规整｜逐条评分｜清洗,事件序列,不规整,清洗,16,体重减轻,Spearman秩相关,99,99,99,0,0,3,17,0.29060006338046207,0.10146965420792076,0.45996637277929586,0.0035232893980520026,0.0036996300369963003,0.238693733045865,0.055905628748470035,0.41296328127647175,0.01734505999635856,0.0183981601839816,-0.05190633033459707,-0.08425749568460277,-0.024588617086108884,0.8213822470277998,formal,正式,金标准总分－对应金标准条目分；HAMD14金标准9视为无法评估且总分已不含该项,0.006062044397969841,0.026904836398080622,FDR显著,FDR显著,attenuated_but_significant
HAMD-17,PDCH标签99人,Kimi-K2.6,不思考,12,C12：事件序列｜不规整｜逐条评分｜清洗,事件序列,不规整,清洗,17,自知力,Spearman秩相关,99,99,99,0,0,2,17,0.19549772300183313,-0.018230485477220677,0.3890547660272482,0.05247341443392173,0.051294870512948704,0.19246651552462302,-0.022915833594669546,0.3959431237701628,0.05631609495902714,0.0547945205479452,-0.0030312074772101127,-0.024031397724178057,0.013892632272377713,0.9844949218299505,formal,正式,金标准总分－对应金标准条目分；HAMD14金标准9视为无法评估且总分已不含该项,0.05962480675009422,0.06963007402963407,FDR不显著,FDR不显著,weak_both
HAMD-17,PDCH标签99人,Kimi-K2.6,不思考,15,C15：事件序列｜规整｜逐条评分｜不清洗,事件序列,规整,不清洗,1,抑郁情绪,Spearman秩相关,99,99,99,0,0,5,14,0.44524011662494817,0.26259892268166124,0.5926619132609411,3.879554222382433e-06,9.999000099990002e-05,0.42327879505980254,0.2508559073114902,0.5828613736350045,1.2705967799325614e-05,9.999000099990002e-05,-0.02196132156514563,-0.050796935820414,0.005313087169984737,0.9506753305797803,formal,正式,金标准总分－对应金标准条目分；HAMD14金标准9视为无法评估且总分已不含该项,0.0003237771460949143,0.00041208000412080005,FDR显著,FDR显著,robust_cross_symptom
HAMD-17,PDCH标签99人,Kimi-K2.6,不思考,15,C15：事件序列｜规整｜逐条评分｜不清洗,事件序列,规整,不清洗,2,有罪感,Spearman秩相关,99,99,99,0,0,4,14,0.29333523634175246,0.09877695368369116,0.48064186287605776,0.0032119211130611012,0.004199580041995801,0.25197479831821945,0.05230402087265435,0.44225622622195854,0.011869068451235478,0.012598740125987402,-0.04136043802353301,-0.06889349393455191,-0.014549939622161102,0.8589994214832557,formal,正式,金标准总分－对应金标准条目分；HAMD14金标准9视为无法评估且总分已不含该项,0.006719328067193281,0.020643718760654056,FDR显著,FDR显著,attenuated_but_significant
HAMD-17,PDCH标签99人,Kimi-K2.6,不思考,15,C15：事件序列｜规整｜逐条评分｜不清洗,事件序列,规整,不清洗,3,自杀,Spearman秩相关,99,99,99,0,0,5,14,0.23706964510479628,0.06424013508592247,0.40241864034563923,0.01814519099522099,0.018698130186981302,0.17586715171011025,-0.012002279045711666,0.34779832259096954,0.08164305701042676,0.0807919208079192,-0.06120249339468603,-0.10202528061220788,-0.02923769772533198,0.7418374951899407,formal,正式,金标准总分－对应金标准条目分；HAMD14金标准9视为无法评估且总分已不含该项,0.02468879325659667,0.09898829936826138,FDR显著,FDR不显著,overlap_dependent
HAMD-17,PDCH标签99人,Kimi-K2.6,不思考,15,C15：事件序列｜规整｜逐条评分｜不清洗,事件序列,规整,不清洗,4,入睡困难,Spearman秩相关,99,99,99,0,0,3,14,0.20649397716924509,0.006406971331928687,0.40000157470144015,0.04030082403448505,0.041995800419958006,0.1821768597170654,-0.019877742172644205,0.3576666242920144,0.07111372879702015,0.07289271072892711,-0.024317117452179682,-0.04718582298558723,-0.004447712845881618,0.8822381273026232,formal,正式,金标准总分－对应金标准条目分；HAMD14金标准9视为无法评估且总分已不含该项,0.050994900509949,0.09094870329480814,FDR不显著,FDR不显著,weak_both
HAMD-17,PDCH标签99人,Kimi-K2.6,不思考,15,C15：事件序列｜规整｜逐条评分｜不清洗,事件序列,规整,不清洗,5,睡眠不深,Spearman秩相关,99,99,99,0,0,3,14,0.1489202773862585,-0.04539328259076546,0.34288801349530545,0.14125424753828994,0.13438656134386562,0.11812590933036547,-0.08930309090259653,0.3156225742309278,0.24422421224215113,0.24647535246475352,-0.030794368055893015,-0.05639946930054446,-0.0073037933146832485,0.7932157487457477,formal,正式,金标准总分－对应金标准条目分；HAMD14金标准9视为无法评估且总分已不含该项,0.1462125787421258,0.26394210972603527,FDR不显著,FDR不显著,weak_both
HAMD-17,PDCH标签99人,Kimi-K2.6,不思考,15,C15：事件序列｜规整｜逐条评分｜不清洗,事件序列,规整,不清洗,6,早醒,Spearman秩相关,99,99,99,0,0,3,14,0.30898153395045536,0.11641940283482823,0.48415208152790035,0.001859506711739853,0.0023997600239976003,0.26948751948883104,0.0682983508037649,0.4505475061375771,0.006988132281042795,0.007699230076992301,-0.039494014461624316,-0.06537968013423638,-0.017024203761351654,0.8721800168551267,formal,正式,金标准总分－对应金标准条目分；HAMD14金标准9视为无法评估且总分已不含该项,0.004351564843515648,0.014149936357715581,FDR显著,FDR显著,attenuated_but_significant
HAMD-17,PDCH标签99人,Kimi-K2.6,不思考,15,C15：事件序列｜规整｜逐条评分｜不清洗,事件序列,规整,不清洗,7,工作和活动,Spearman秩相关,99,99,99,0,0,5,14,0.4966663745208165,0.3270125930901049,0.6447064356259441,1.7077930328501725e-07,9.999000099990002e-05,0.46276274749871366,0.2922459787858125,0.6080058585466624,1.4165086359319645e-06,9.999000099990002e-05,-0.03390362702210287,-0.06294418375428928,-0.009298620582099142,0.9317376235610614,formal,正式,金标准总分－对应金标准条目分；HAMD14金标准9视为无法评估且总分已不含该项,0.0003237771460949143,0.00041208000412080005,FDR显著,FDR显著,attenuated_but_significant
HAMD-17,PDCH标签99人,Kimi-K2.6,不思考,15,C15：事件序列｜规整｜逐条评分｜不清洗,事件序列,规整,不清洗,8,迟滞,Spearman秩相关,99,99,99,0,0,4,14,0.18357616290150944,-0.003528476785137973,0.3616560274066448,0.0689339443102477,0.06669333066693331,0.1920376266985832,-0.0038242769110114305,0.3690004168243024,0.0568779694232735,0.0552944705529447,0.00846146379707377,-0.010326964030697555,0.02701344106424794,1.0460923883762263,formal,正式,金标准总分－对应金标准条目分；HAMD14金标准9视为无法评估且总分已不含该项,0.07558577475585775,0.06963007402963407,FDR不显著,FDR不显著,weak_both
HAMD-17,PDCH标签99人,Kimi-K2.6,不思考,15,C15：事件序列｜规整｜逐条评分｜不清洗,事件序列,规整,不清洗,9,激越,Spearman秩相关,99,99,99,0,0,5,14,0.23633249798996042,0.049769689430136585,0.40421499194719646,0.01851873028648791,0.022897710228977103,0.21930550213030478,0.026829177530919547,0.3958354072466308,0.02918539999679517,0.03189681031896811,-0.01702699585965564,-0.036856211476965085,0.001563922328979431,0.9279532184338907,formal,正式,金标准总分－对应金标准条目分；HAMD14金标准9视为无法评估且总分已不含该项,0.029657986582294155,0.043084800430848,FDR显著,FDR显著,robust_cross_symptom
HAMD-17,PDCH标签99人,Kimi-K2.6,不思考,15,C15：事件序列｜规整｜逐条评分｜不清洗,事件序列,规整,不清洗,10,精神性焦虑,Spearman秩相关,99,99,99,0,0,5,14,0.3927071973807966,0.21963737708891104,0.5597630765469633,5.806835333326443e-05,0.00019998000199980003,0.34958271471965985,0.15405897974301266,0.5183216274480053,0.00039005601833528295,0.000999900009999,-0.043124482661136776,-0.07211478358009733,-0.016861914523573104,0.8901866761068802,formal,正式,金标准总分－对应金标准条目分；HAMD14金标准9视为无法评估且总分已不含该项,0.0005550465361627103,0.002666400026664,FDR显著,FDR显著,attenuated_but_significant
HAMD-17,PDCH标签99人,Kimi-K2.6,不思考,15,C15：事件序列｜规整｜逐条评分｜不清洗,事件序列,规整,不清洗,11,躯体性焦虑,Spearman秩相关,99,99,99,0,0,4,14,0.3310690539344583,0.11504350893350274,0.5212674801666419,0.0008163914052930762,0.0010998900109989002,0.2730735317724976,0.07951135443322993,0.45659790226094293,0.006243306175172882,0.0072992700729927005,-0.05799552216196069,-0.08559128281294591,-0.033059885827905026,0.8248234878109687,formal,正式,金标准总分－对应金标准条目分；HAMD14金标准9视为无法评估且总分已不含该项,0.002337266273372663,0.013787510137875101,FDR显著,FDR显著,attenuated_but_significant
HAMD-17,PDCH标签99人,Kimi-K2.6,不思考,15,C15：事件序列｜规整｜逐条评分｜不清洗,事件序列,规整,不清洗,12,胃肠道症状,Spearman秩相关,99,99,99,0,0,3,14,0.29645713801408013,0.11636813357056917,0.4740812571182846,0.002886870676199098,0.0020997900209979003,0.25172279602428244,0.05697195883507521,0.4298824514639558,0.011956934551479444,0.0117988201179882,-0.0447343419897977,-0.06881688166823409,-0.023800644982274792,0.8491035085561912,formal,正式,金标准总分－对应金标准条目分；HAMD14金标准9视为无法评估且总分已不含该项,0.004022132997967809,0.02005799420057994,FDR显著,FDR显著,attenuated_but_significant
HAMD-17,PDCH标签99人,Kimi-K2.6,不思考,15,C15：事件序列｜规整｜逐条评分｜不清洗,事件序列,规整,不清洗,13,全身症状,Spearman秩相关,99,99,99,0,0,3,14,0.3061969171146793,0.11511912546304104,0.5001790465453401,0.0020539397553207685,0.0021997800219978004,0.262981316297301,0.05283033983873014,0.458192004741663,0.008541968723098457,0.007699230076992301,-0.0432156008173783,-0.07039320770227576,-0.021966194671476664,0.8588633705897409,formal,正式,金标准总分－对应金标准条目分；HAMD14金标准9视为无法评估且总分已不含该项,0.0041551400415514,0.014149936357715581,FDR显著,FDR显著,attenuated_but_significant
HAMD-17,PDCH标签99人,Kimi-K2.6,不思考,15,C15：事件序列｜规整｜逐条评分｜不清洗,事件序列,规整,不清洗,14,性症状,Spearman秩相关,99,55,55,44,44,3,14,0.45026362551464083,0.21473151887792316,0.6363381339270099,0.0005620455490053663,0.0007999200079992001,0.3877200827329732,0.14222044777513215,0.6053503755230633,0.0034477725416562914,0.004199580041995801,-0.06254354278166763,-0.10833806914311923,-0.024406345607020048,0.861095724287784,formal,正式,金标准总分－对应金标准条目分；HAMD14金标准9视为无法评估且总分已不含该项,0.0017834282145555937,0.008524520682260133,FDR显著,FDR显著,attenuated_but_significant
HAMD-17,PDCH标签99人,Kimi-K2.6,不思考,15,C15：事件序列｜规整｜逐条评分｜不清洗,事件序列,规整,不清洗,15,疑病,Spearman秩相关,99,99,99,0,0,4,14,0.25350575111746465,0.06374335573918655,0.4463208323091005,0.011347284526645062,0.0122987701229877,0.2173704291271829,0.00713942277474678,0.39508288832026073,0.0306757954775059,0.031996800319968,-0.036135321990281744,-0.06500886131524677,-0.01109541717736115,0.857457584962094,formal,正式,金标准总分－对应金标准条目分；HAMD14金标准9视为无法评估且总分已不含该项,0.017243636461096157,0.043084800430848,FDR显著,FDR显著,attenuated_but_significant
HAMD-17,PDCH标签99人,Kimi-K2.6,不思考,15,C15：事件序列｜规整｜逐条评分｜不清洗,事件序列,规整,不清洗,16,体重减轻,Spearman秩相关,99,99,99,0,0,3,14,0.22135472052260272,0.024901893706562303,0.4243138676571278,0.027674424105245402,0.030596940305969402,0.17159771332650017,-0.036885839338230676,0.3552308862493864,0.08944862703485205,0.08859114088591141,-0.04975700719610254,-0.07822993956066568,-0.024693906504688376,0.7752159652225632,formal,正式,金标准总分－对应金标准条目分；HAMD14金标准9视为无法评估且总分已不含该项,0.03888956898702653,0.10662296602198187,FDR显著,FDR不显著,overlap_dependent
HAMD-17,PDCH标签99人,Kimi-K2.6,不思考,15,C15：事件序列｜规整｜逐条评分｜不清洗,事件序列,规整,不清洗,17,自知力,Spearman秩相关,99,99,99,0,0,3,14,0.04014682792390239,-0.15777166444136878,0.24650487020290499,0.6931810388330198,0.6832316768323168,0.03362915517233753,-0.1695074335213858,0.23274739215741544,0.7410601252464586,0.7333266673332667,-0.006517672751564861,-0.020747702962363022,0.00644960280041285,0.8376541039825364,formal,正式,金标准总分－对应金标准条目分；HAMD14金标准9视为无法评估且总分已不含该项,0.6832316768323168,0.7442718414725691,FDR不显著,FDR不显著,weak_both
HAMD-17,PDCH标签99人,Kimi-K2.6,不思考,16,C16：事件序列｜规整｜逐条评分｜清洗,事件序列,规整,清洗,1,抑郁情绪,Spearman秩相关,99,99,99,0,0,5,12,0.36992856837501037,0.1816872040742963,0.5251897246374043,0.00016416371462818616,9.999000099990002e-05,0.3555366413016628,0.16050203649855194,0.5273334315173221,0.0003045932141109559,0.0004999500049995,-0.014391927073347577,-0.041039904020511914,0.011530692452089965,0.9610953889380126,formal,正式,金标准总分－对应金标准条目分；HAMD14金标准9视为无法评估且总分已不含该项,0.0003237771460949143,0.0015812372251146978,FDR显著,FDR显著,robust_cross_symptom
HAMD-17,PDCH标签99人,Kimi-K2.6,不思考,16,C16：事件序列｜规整｜逐条评分｜清洗,事件序列,规整,清洗,2,有罪感,Spearman秩相关,99,99,99,0,0,4,12,0.296865691974376,0.09006439253310879,0.4837129527729722,0.002846595955246095,0.0022997700229977,0.2569256312452914,0.0564407936796468,0.440744334339537,0.010253562265786956,0.011998800119988001,-0.039940060729084625,-0.06891050562971099,-0.012947444016930213,0.8654608403434775,formal,正式,金标准总分－对应金标准条目分；HAMD14金标准9视为无法评估且总分已不含该项,0.0042266043665903676,0.0200662860543214,FDR显著,FDR显著,attenuated_but_significant
HAMD-17,PDCH标签99人,Kimi-K2.6,不思考,16,C16：事件序列｜规整｜逐条评分｜清洗,事件序列,规整,清洗,3,自杀,Spearman秩相关,99,99,99,0,0,5,12,0.28939708724468377,0.1022626902133198,0.45653112925714573,0.0036685960638440655,0.0033996600339966003,0.23199711908564588,0.034728082079704195,0.41213079134804265,0.020852385070421593,0.0202979702029797,-0.05739996815903789,-0.09338638878866853,-0.024048505710620366,0.8016567177453776,formal,正式,金标准总分－对应金标准条目分；HAMD14金标准9视为无法评估且总分已不含该项,0.005638460544189484,0.028755457787554575,FDR显著,FDR显著,attenuated_but_significant
HAMD-17,PDCH标签99人,Kimi-K2.6,不思考,16,C16：事件序列｜规整｜逐条评分｜清洗,事件序列,规整,清洗,4,入睡困难,Spearman秩相关,99,99,99,0,0,3,12,0.16037363392158324,-0.044919710596359914,0.36546382885320944,0.11280420119904414,0.1110888911108889,0.1371503132475661,-0.07573467861883418,0.3364190941579214,0.175830905724199,0.18618138186181382,-0.02322332067401714,-0.042320687064077,-0.005118689093214894,0.8551924022288322,formal,正式,金标准总分－对应金标准条目分；HAMD14金标准9视为无法评估且总分已不含该项,0.12183942896032977,0.20585908888785917,FDR不显著,FDR不显著,weak_both
HAMD-17,PDCH标签99人,Kimi-K2.6,不思考,16,C16：事件序列｜规整｜逐条评分｜清洗,事件序列,规整,清洗,5,睡眠不深,Spearman秩相关,99,99,99,0,0,3,12,0.1318033070438482,-0.0822016372588678,0.3376144961199863,0.19344594942633292,0.19638036196380362,0.09161362983092933,-0.13624211626009491,0.29628754382143463,0.3671281590703293,0.37196280371962803,-0.040189677212918884,-0.06676997696857148,-0.017032845610139374,0.6950783852521347,formal,正式,金标准总分－对应金标准条目分；HAMD14金标准9视为无法评估且总分已不含该项,0.21029708052816767,0.392146831828445,FDR不显著,FDR不显著,weak_both
HAMD-17,PDCH标签99人,Kimi-K2.6,不思考,16,C16：事件序列｜规整｜逐条评分｜清洗,事件序列,规整,清洗,6,早醒,Spearman秩相关,99,99,99,0,0,3,12,0.2572111406342781,0.06279116659698217,0.42816014297017213,0.010166577000224483,0.010698930106989302,0.22146210594124172,0.024411997833157995,0.4099708899018755,0.027597110455200295,0.030796920307969204,-0.03574903469303636,-0.061374681170952086,-0.009232896540195113,0.8610128837931363,formal,正式,金标准总分－对应金标准条目分；HAMD14金标准9视为无法评估且总分已不含该项,0.015479303133516437,0.04230688042306881,FDR显著,FDR显著,attenuated_but_significant
HAMD-17,PDCH标签99人,Kimi-K2.6,不思考,16,C16：事件序列｜规整｜逐条评分｜清洗,事件序列,规整,清洗,7,工作和活动,Spearman秩相关,99,99,99,0,0,5,12,0.41485721749024734,0.22186178385968963,0.5730774982777094,1.960012305253449e-05,9.999000099990002e-05,0.39150041544814496,0.20744883434659653,0.5481682632011304,6.147386280806474e-05,9.999000099990002e-05,-0.023356802042102387,-0.05269527502631146,0.0012629655257546245,0.943699178759855,formal,正式,金标准总分－对应金标准条目分；HAMD14金标准9视为无法评估且总分已不含该项,0.0003237771460949143,0.00041208000412080005,FDR显著,FDR显著,robust_cross_symptom
HAMD-17,PDCH标签99人,Kimi-K2.6,不思考,16,C16：事件序列｜规整｜逐条评分｜清洗,事件序列,规整,清洗,8,迟滞,Spearman秩相关,99,99,99,0,0,4,12,0.24370433379582787,0.05311504033441032,0.4228502421137025,0.015065475205010946,0.015298470152984701,0.24437195314125074,0.06239029826769753,0.41500927354552786,0.014782280877822903,0.013898610138986101,0.0006676193454228652,-0.019538156141628037,0.018592307058552145,1.0027394643953365,formal,正式,金标准总分－对应金标准条目分；HAMD14金标准9视为无法评估且总分已不含该项,0.020805919408059193,0.0214796702147967,FDR显著,FDR显著,robust_cross_symptom
HAMD-17,PDCH标签99人,Kimi-K2.6,不思考,16,C16：事件序列｜规整｜逐条评分｜清洗,事件序列,规整,清洗,9,激越,Spearman秩相关,99,99,99,0,0,5,12,0.2555873160627972,0.06688316246896045,0.43668642245553907,0.010670052737406214,0.0122987701229877,0.24232145188995052,0.04443577118201646,0.4121360158218144,0.015667070092892147,0.017198280171982803,-0.013265864172846697,-0.03605509406996076,0.009982764974373209,0.9480965472888048,formal,正式,金标准总分－对应金标准条目分；HAMD14金标准9视为无法评估且总分已不含该项,0.017243636461096157,0.025702924213073203,FDR显著,FDR显著,robust_cross_symptom
HAMD-17,PDCH标签99人,Kimi-K2.6,不思考,16,C16：事件序列｜规整｜逐条评分｜清洗,事件序列,规整,清洗,10,精神性焦虑,Spearman秩相关,99,99,99,0,0,5,12,0.37617953905929075,0.19423979160564667,0.5306435193900287,0.00012436759161373612,0.00019998000199980003,0.3351240133648455,0.15177437310048444,0.5053545399731384,0.0006971443842659548,0.0014998500149985001,-0.04105552569444526,-0.06814403136925522,-0.01723351391788152,0.8908618852659757,formal,正式,金标准总分－对应金标准条目分；HAMD14金标准9视为无法评估且总分已不含该项,0.0005550465361627103,0.003642492893567786,FDR显著,FDR显著,attenuated_but_significant
HAMD-17,PDCH标签99人,Kimi-K2.6,不思考,16,C16：事件序列｜规整｜逐条评分｜清洗,事件序列,规整,清洗,11,躯体性焦虑,Spearman秩相关,99,99,99,0,0,4,12,0.31257408340470305,0.11203329412101967,0.48797691029668055,0.001633289961102258,0.0015998400159984002,0.24822052087582727,0.045083489991659224,0.45180861987803067,0.013238147233923483,0.0131986801319868,-0.06435356252887578,-0.09566038282301484,-0.03723523746071877,0.7941174078544623,formal,正式,金标准总分－对应金标准条目分；HAMD14金标准9视为无法评估且总分已不含该项,0.0031996800319968005,0.02111788821117888,FDR显著,FDR显著,attenuated_but_significant
HAMD-17,PDCH标签99人,Kimi-K2.6,不思考,16,C16：事件序列｜规整｜逐条评分｜清洗,事件序列,规整,清洗,12,胃肠道症状,Spearman秩相关,99,99,99,0,0,3,12,0.3339732635576874,0.14244351989416779,0.4988380614373172,0.0007292532111583498,0.0006999300069993001,0.284827100037647,0.1028600270740715,0.44828048125163716,0.00427073428551509,0.0034996500349965005,-0.04914616352004042,-0.07353002455865765,-0.028420729073993244,0.8528440181213747,formal,正式,金标准总分－对应金标准条目分；HAMD14金标准9视为无法评估且总分已不含该项,0.0015865080158650802,0.007322344688608063,FDR显著,FDR显著,attenuated_but_significant
HAMD-17,PDCH标签99人,Kimi-K2.6,不思考,16,C16：事件序列｜规整｜逐条评分｜清洗,事件序列,规整,清洗,13,全身症状,Spearman秩相关,99,99,99,0,0,3,12,0.29042192221359314,0.0946677618540472,0.47509329530378064,0.0035444765161998827,0.0046995300469953,0.2517985112195684,0.04505004411208088,0.43384681613240583,0.011930475330462981,0.013598640135986401,-0.03862341099402472,-0.0654750503164286,-0.01724220667850384,0.867009312865787,formal,正式,金标准总分－对应金标准条目分；HAMD14金标准9视为无法评估且总分已不含该项,0.007346391797601849,0.02141395055896709,FDR显著,FDR显著,attenuated_but_significant
HAMD-17,PDCH标签99人,Kimi-K2.6,不思考,16,C16：事件序列｜规整｜逐条评分｜清洗,事件序列,规整,清洗,14,性症状,Spearman秩相关,99,50,50,49,49,3,12,0.4058237196777219,0.16712145331841263,0.61116406330762,0.0034557468439772167,0.004899510048995101,0.35714366420631394,0.10272685876986812,0.5734547609880681,0.01089359416247218,0.0105989401059894,-0.04868005547140797,-0.10103507785882332,-0.008070903390087661,0.8800463030843382,formal,正式,金标准总分－对应金标准条目分；HAMD14金标准9视为无法评估且总分已不含该项,0.007486891760262176,0.01848020326172511,FDR显著,FDR显著,attenuated_but_significant
HAMD-17,PDCH标签99人,Kimi-K2.6,不思考,16,C16：事件序列｜规整｜逐条评分｜清洗,事件序列,规整,清洗,15,疑病,Spearman秩相关,99,99,99,0,0,4,12,0.20014248475434634,0.011074097372293345,0.38862465299032894,0.04700592693190488,0.0466953304669533,0.16232664088463875,-0.037727759622086326,0.3641853109208678,0.10843146197180967,0.1100889911008899,-0.0378158438697076,-0.06669394707334844,-0.012296923915686575,0.8110553892836769,formal,正式,金标准总分－对应金标准条目分；HAMD14金标准9视为无法评估且总分已不含该项,0.05545880194589237,0.12688222703153412,FDR不显著,FDR不显著,weak_both
HAMD-17,PDCH标签99人,Kimi-K2.6,不思考,16,C16：事件序列｜规整｜逐条评分｜清洗,事件序列,规整,清洗,16,体重减轻,Spearman秩相关,99,99,99,0,0,3,12,0.19622416254654954,-0.007513004955204616,0.3825747605361663,0.051585295789533615,0.05119488051194881,0.14424425600402,-0.05878290812577791,0.34196999596297367,0.15431746362166152,0.15448455154484553,-0.05197990654252954,-0.08198879237881192,-0.026390652032358075,0.735099358468667,formal,正式,金标准总分－对应金标准条目分；HAMD14金标准9视为无法评估且总分已不含该项,0.05962480675009422,0.1722122869680245,FDR不显著,FDR不显著,weak_both
HAMD-17,PDCH标签99人,Kimi-K2.6,不思考,16,C16：事件序列｜规整｜逐条评分｜清洗,事件序列,规整,清洗,17,自知力,Spearman秩相关,99,99,99,0,0,3,12,-0.11759151329720573,-0.3202352081011801,0.09791206723279625,0.24637952656223397,0.24707529247075294,-0.12252429927748812,-0.3346585829779218,0.104031628218171,0.22697932527342382,0.23357664233576642,-0.004932785980282392,-0.01961583033470492,0.006816314189867363,,formal,正式,金标准总分－对应金标准条目分；HAMD14金标准9视为无法评估且总分已不含该项,0.2565056471452092,0.25413138686131387,FDR不显著,FDR不显著,weak_both
HAMD-17,PDCH标签99人,Kimi-K2.6,思考,3,C03：全文｜不规整｜逐条评分｜不清洗,全文,不规整,不清洗,1,抑郁情绪,Spearman秩相关,99,99,99,0,0,4,47,0.5878263382844384,0.4387392615927546,0.7081845143462766,1.5869782622430592e-10,9.999000099990002e-05,0.5358956496458294,0.37650927531896605,0.667458625629697,1.090099337750163e-08,9.999000099990002e-05,-0.05193068863860906,-0.08028100659699816,-0.02940916232953434,0.9116564106498394,formal,正式,金标准总分－对应金标准条目分；HAMD14金标准9视为无法评估且总分已不含该项,0.00024724800247248,0.0003316741496582049,FDR显著,FDR显著,attenuated_but_significant
HAMD-17,PDCH标签99人,Kimi-K2.6,思考,3,C03：全文｜不规整｜逐条评分｜不清洗,全文,不规整,不清洗,2,有罪感,Spearman秩相关,99,99,99,0,0,3,47,0.429128496095247,0.241521277031985,0.5933083080375419,9.337991480988631e-06,9.999000099990002e-05,0.3848502882321167,0.20185090680025436,0.5566326324660856,8.382549764049693e-05,9.999000099990002e-05,-0.0442782078631303,-0.07297044714877939,-0.013381970924087647,0.8968182997260044,formal,正式,金标准总分－对应金标准条目分；HAMD14金标准9视为无法评估且总分已不含该项,0.00024724800247248,0.0003316741496582049,FDR显著,FDR显著,attenuated_but_significant
HAMD-17,PDCH标签99人,Kimi-K2.6,思考,3,C03：全文｜不规整｜逐条评分｜不清洗,全文,不规整,不清洗,3,自杀,Spearman秩相关,99,99,99,0,0,5,47,0.4121730852426701,0.23250095118096475,0.5723933334952324,2.2449515216834387e-05,9.999000099990002e-05,0.33905824728977985,0.15429211607633853,0.5055615605098454,0.0005968909159333108,0.00029997000299970003,-0.07311483795289025,-0.10828361024211619,-0.04115107988643191,0.8226113238086777,formal,正式,金标准总分－对应金标准条目分；HAMD14金标准9视为无法评估且总分已不含该项,0.00024724800247248,0.0007845369309222924,FDR显著,FDR显著,attenuated_but_significant
HAMD-17,PDCH标签99人,Kimi-K2.6,思考,3,C03：全文｜不规整｜逐条评分｜不清洗,全文,不规整,不清洗,4,入睡困难,Spearman秩相关,99,99,99,0,0,3,47,0.5535472126772231,0.4134837895862076,0.6690079374810067,2.8067401687005314e-09,9.999000099990002e-05,0.5158993920402308,0.3598679426597501,0.6496876164408825,4.628030329039138e-08,9.999000099990002e-05,-0.037647820636992235,-0.06150612941993218,-0.017512191486815452,0.9319880585164378,formal,正式,金标准总分－对应金标准条目分；HAMD14金标准9视为无法评估且总分已不含该项,0.00024724800247248,0.0003316741496582049,FDR显著,FDR显著,attenuated_but_significant
HAMD-17,PDCH标签99人,Kimi-K2.6,思考,3,C03：全文｜不规整｜逐条评分｜不清洗,全文,不规整,不清洗,5,睡眠不深,Spearman秩相关,99,99,99,0,0,3,47,0.27685690473557384,0.0990324925587875,0.4340097481546421,0.005534581435707191,0.005699430056994301,0.22870827759072124,0.0425037955304022,0.40505020702976985,0.02278701400126755,0.0217978202179782,-0.0481486271448526,-0.07679029970840699,-0.022174426336120368,0.8260884004650728,formal,正式,金标准总分－对应金标准条目分；HAMD14金标准9视为无法评估且总分已不含该项,0.008245983912247073,0.0299444802994448,FDR显著,FDR显著,attenuated_but_significant
HAMD-17,PDCH标签99人,Kimi-K2.6,思考,3,C03：全文｜不规整｜逐条评分｜不清洗,全文,不规整,不清洗,6,早醒,Spearman秩相关,99,99,99,0,0,3,47,0.36886031869760094,0.18623423441522458,0.5356019469510463,0.00017204346304682992,0.00029997000299970003,0.3197330512467516,0.12670077263247043,0.48895349029757645,0.00125522700126429,0.000999900009999,-0.04912726745084933,-0.07613943801617783,-0.025222763221920973,0.866813357358928,formal,正式,金标准总分－对应金标准条目分；HAMD14金标准9视为无法评估且总分已不含该项,0.0006088943344471524,0.0022664400226644,FDR显著,FDR显著,attenuated_but_significant
HAMD-17,PDCH标签99人,Kimi-K2.6,思考,3,C03：全文｜不规整｜逐条评分｜不清洗,全文,不规整,不清洗,7,工作和活动,Spearman秩相关,99,99,99,0,0,5,47,0.673114709776662,0.5401339352896374,0.7813464574094916,2.308728173631945e-14,9.999000099990002e-05,0.6412808966727348,0.4984954809109792,0.7572302058335783,8.635328541689609e-13,9.999000099990002e-05,-0.03183381310392719,-0.0632459547430955,-0.004172598524157394,0.9527067041596973,formal,正式,金标准总分－对应金标准条目分；HAMD14金标准9视为无法评估且总分已不含该项,0.00024724800247248,0.0003316741496582049,FDR显著,FDR显著,attenuated_but_significant
HAMD-17,PDCH标签99人,Kimi-K2.6,思考,3,C03：全文｜不规整｜逐条评分｜不清洗,全文,不规整,不清洗,8,迟滞,Spearman秩相关,99,99,99,0,0,3,47,0.2547555671632735,0.06632557254955435,0.42151216890827686,0.010936294319688603,0.011398860113988602,0.2579080393213569,0.07581678191007453,0.4199702931467366,0.00995696573339995,0.0086991300869913,0.003152472158083397,-0.018136837348083055,0.021762493914239896,1.012374497614268,formal,正式,金标准总分－对应金标准条目分；HAMD14金标准9视为无法评估且总分已不含该项,0.015198480151984804,0.01329305271720019,FDR显著,FDR显著,robust_cross_symptom
HAMD-17,PDCH标签99人,Kimi-K2.6,思考,3,C03：全文｜不规整｜逐条评分｜不清洗,全文,不规整,不清洗,9,激越,Spearman秩相关,99,99,99,0,0,3,47,0.2204743597871274,0.04243828303959336,0.3929467228095557,0.02831521291447435,0.029597040295970403,0.20800512019802708,0.016915248916038437,0.376344448268503,0.03882895614111082,0.037196280371962806,-0.012469239589100317,-0.03169468263426212,0.006795350504843986,0.9434435840923198,formal,正式,金标准总分－对应金标准条目分；HAMD14金标准9视为无法评估且总分已不含该项,0.036928417250018115,0.04683976046839761,FDR显著,FDR显著,robust_cross_symptom
HAMD-17,PDCH标签99人,Kimi-K2.6,思考,3,C03：全文｜不规整｜逐条评分｜不清洗,全文,不规整,不清洗,10,精神性焦虑,Spearman秩相关,99,99,99,0,0,4,47,0.4439792178324966,0.27170749293715024,0.5984187990516321,4.162387865611393e-06,9.999000099990002e-05,0.380785057145621,0.19985778393283662,0.5472130533106982,0.00010099525442938363,0.00039996000399960006,-0.06319416068687561,-0.09310717843165563,-0.037076141381827125,0.857664146994562,formal,正式,金标准总分－对应金标准条目分；HAMD14金标准9视为无法评估且总分已不含该项,0.00024724800247248,0.000971331438284743,FDR显著,FDR显著,attenuated_but_significant
HAMD-17,PDCH标签99人,Kimi-K2.6,思考,3,C03：全文｜不规整｜逐条评分｜不清洗,全文,不规整,不清洗,11,躯体性焦虑,Spearman秩相关,99,99,99,0,0,4,47,0.5047234398840729,0.3236427448773727,0.6553095729318481,9.98001732091112e-08,9.999000099990002e-05,0.45615311732982,0.26915963702192564,0.6208613492946377,2.0850922338753758e-06,9.999000099990002e-05,-0.048570322554252865,-0.07336756415711798,-0.026305734326753424,0.9037684428418686,formal,正式,金标准总分－对应金标准条目分；HAMD14金标准9视为无法评估且总分已不含该项,0.00024724800247248,0.0003316741496582049,FDR显著,FDR显著,attenuated_but_significant
HAMD-17,PDCH标签99人,Kimi-K2.6,思考,3,C03：全文｜不规整｜逐条评分｜不清洗,全文,不规整,不清洗,12,胃肠道症状,Spearman秩相关,99,99,99,0,0,3,47,0.4816495429108982,0.3113027738771152,0.6334357692008781,4.483398326286217e-07,9.999000099990002e-05,0.42258785310971625,0.24916928233990399,0.5797144218771498,1.3171734438601405e-05,9.999000099990002e-05,-0.05906168980118193,-0.08287240498444275,-0.03713087233983185,0.8773762154029326,formal,正式,金标准总分－对应金标准条目分；HAMD14金标准9视为无法评估且总分已不含该项,0.00024724800247248,0.0003316741496582049,FDR显著,FDR显著,attenuated_but_significant
HAMD-17,PDCH标签99人,Kimi-K2.6,思考,3,C03：全文｜不规整｜逐条评分｜不清洗,全文,不规整,不清洗,13,全身症状,Spearman秩相关,99,99,99,0,0,3,47,0.6110491203734394,0.4716866164006124,0.7224750305460816,1.8575950047166737e-11,9.999000099990002e-05,0.5692365591320785,0.42094198511151304,0.6907650350364234,7.850403319675035e-10,9.999000099990002e-05,-0.0418125612413609,-0.06634488645178188,-0.022180499598367872,0.9315725039980298,formal,正式,金标准总分－对应金标准条目分；HAMD14金标准9视为无法评估且总分已不含该项,0.00024724800247248,0.0003316741496582049,FDR显著,FDR显著,attenuated_but_significant
HAMD-17,PDCH标签99人,Kimi-K2.6,思考,3,C03：全文｜不规整｜逐条评分｜不清洗,全文,不规整,不清洗,14,性症状,Spearman秩相关,99,63,63,36,36,3,47,0.4671749268327636,0.23265657154936434,0.6656023660948426,0.00011339025032901576,0.00029997000299970003,0.4075575184860001,0.14588169603571455,0.6056491466554,0.0009154035277098616,0.0014998500149985001,-0.059617408346763545,-0.10232076793445374,-0.02646373005924143,0.8723873972626425,formal,正式,金标准总分－对应金标准条目分；HAMD14金标准9视为无法评估且总分已不含该项,0.0006088943344471524,0.0031871812818718127,FDR显著,FDR显著,attenuated_but_significant
HAMD-17,PDCH标签99人,Kimi-K2.6,思考,3,C03：全文｜不规整｜逐条评分｜不清洗,全文,不规整,不清洗,15,疑病,Spearman秩相关,99,99,99,0,0,3,47,0.12484352642391223,-0.06802188763992743,0.31978282483823395,0.21823876817413912,0.21907809219078092,0.07939758911069954,-0.10980849574665963,0.2782332615672056,0.43468646549826484,0.4333566643335666,-0.0454459373132127,-0.0761382554975297,-0.01720337549060854,0.635976821426056,formal,正式,金标准总分－对应金标准条目分；HAMD14金标准9视为无法评估且总分已不含该项,0.23277047295270473,0.4487551244875513,FDR不显著,FDR不显著,weak_both
HAMD-17,PDCH标签99人,Kimi-K2.6,思考,3,C03：全文｜不规整｜逐条评分｜不清洗,全文,不规整,不清洗,16,体重减轻,Spearman秩相关,99,99,99,0,0,3,47,0.28455234127098006,0.10805852524345716,0.4461571289717997,0.004309599689235489,0.005099490050994901,0.22081162441596616,0.03986657560958761,0.3900151600922964,0.02806825623072418,0.024997500249975,-0.0637407168550139,-0.0963390507041123,-0.032045111351039636,0.7759965123804291,formal,正式,金标准总分－对应金标准条目分；HAMD14金标准9视为无法评估且总分已不含该项,0.007538376597122897,0.033330000333300004,FDR显著,FDR显著,attenuated_but_significant
HAMD-17,PDCH标签99人,Kimi-K2.6,思考,3,C03：全文｜不规整｜逐条评分｜不清洗,全文,不规整,不清洗,17,自知力,Spearman秩相关,99,99,99,0,0,3,47,0.044760536505065056,-0.16800321455353323,0.24198288908204724,0.65999061430844,0.6705329467053295,0.04116585995517322,-0.16248961010208984,0.23682958448234476,0.6857974704954779,0.6923307669233076,-0.0035946765498918384,-0.01837594516690777,0.009059330184891152,0.9196909413834871,formal,正式,金标准总分－对应金标准条目分；HAMD14金标准9视为无法评估且总分已不含该项,0.6754998574216652,0.6974591429745913,FDR不显著,FDR不显著,weak_both
HAMD-17,PDCH标签99人,Kimi-K2.6,思考,4,C04：全文｜不规整｜逐条评分｜清洗,全文,不规整,清洗,1,抑郁情绪,Spearman秩相关,99,99,99,0,0,5,40,0.43822026277582254,0.24965735220302462,0.5939925710770882,5.719841223202532e-06,9.999000099990002e-05,0.3985722557095277,0.20211279590926698,0.5597960517482307,4.3880833256223325e-05,9.999000099990002e-05,-0.039648007066294844,-0.06745157496371906,-0.018276331497248617,0.9095249342986741,formal,正式,金标准总分－对应金标准条目分；HAMD14金标准9视为无法评估且总分已不含该项,0.00024724800247248,0.0003316741496582049,FDR显著,FDR显著,attenuated_but_significant
HAMD-17,PDCH标签99人,Kimi-K2.6,思考,4,C04：全文｜不规整｜逐条评分｜清洗,全文,不规整,清洗,2,有罪感,Spearman秩相关,99,99,99,0,0,3,40,0.3322166881567895,0.12575962014805744,0.5074160354172261,0.0007808803488543854,0.000999900009999,0.2831226822557272,0.07466726231747003,0.4763222477644834,0.004516968703117424,0.0045995400459954,-0.04909400590106233,-0.08012155934480641,-0.023183745608850916,0.8522229386685944,formal,正式,金标准总分－对应金标准条目分；HAMD14金标准9视为无法评估且总分已不含该项,0.0017660571605177143,0.007722684521671289,FDR显著,FDR显著,attenuated_but_significant
HAMD-17,PDCH标签99人,Kimi-K2.6,思考,4,C04：全文｜不规整｜逐条评分｜清洗,全文,不规整,清洗,3,自杀,Spearman秩相关,99,99,99,0,0,5,40,0.3422544538314697,0.14647520785401397,0.51250739692052,0.0005253662647762131,0.0005999400059994001,0.2796902677748101,0.09840945088852542,0.46098250997454376,0.005051588962105215,0.006199380061993801,-0.06256418605665959,-0.0974502093343469,-0.03383484851022932,0.8171997899332905,formal,正式,金标准总分－对应金标准条目分；HAMD14金标准9视为无法评估且总分已不含该项,0.0010735768528410319,0.009919008099190081,FDR显著,FDR显著,attenuated_but_significant
HAMD-17,PDCH标签99人,Kimi-K2.6,思考,4,C04：全文｜不规整｜逐条评分｜清洗,全文,不规整,清洗,4,入睡困难,Spearman秩相关,99,99,99,0,0,3,40,0.46431530575952673,0.28239488212816344,0.6134142193264943,1.2920143186864947e-06,9.999000099990002e-05,0.4277753922123504,0.24935997199751841,0.5969821098172847,1.0032596434706895e-05,9.999000099990002e-05,-0.03653991354717634,-0.061479858099846615,-0.015445112869720643,0.9213036634934867,formal,正式,金标准总分－对应金标准条目分；HAMD14金标准9视为无法评估且总分已不含该项,0.00024724800247248,0.0003316741496582049,FDR显著,FDR显著,attenuated_but_significant
HAMD-17,PDCH标签99人,Kimi-K2.6,思考,4,C04：全文｜不规整｜逐条评分｜清洗,全文,不规整,清洗,5,睡眠不深,Spearman秩相关,99,99,99,0,0,3,40,0.21706569686909355,0.044666434572365195,0.37331974302959803,0.03091626603476975,0.03189681031896811,0.1690032522206364,-0.01577822699432835,0.34363459234198107,0.09447367841928206,0.102989701029897,-0.04806244464845716,-0.07901673131232914,-0.02089836825098617,0.7785811146500853,formal,正式,金标准总分－对应金标准条目分；HAMD14金标准9视为无法评估且总分已不含该项,0.038731841101604124,0.12074654603505167,FDR显著,FDR不显著,overlap_dependent
HAMD-17,PDCH标签99人,Kimi-K2.6,思考,4,C04：全文｜不规整｜逐条评分｜清洗,全文,不规整,清洗,6,早醒,Spearman秩相关,99,99,99,0,0,3,40,0.3416724366621437,0.15934428135251258,0.5255094958959349,0.0005377744542562502,0.0010998900109989002,0.2937351555054508,0.0923342848707494,0.47604932252257864,0.0031685252582959035,0.0030996900309969004,-0.04793728115669288,-0.07564658022357494,-0.024221157196455362,0.8596981318569319,formal,正式,金标准总分－对应金标准条目分；HAMD14金标准9视为无法评估且总分已不含该项,0.0018934815379221571,0.005620771256207713,FDR显著,FDR显著,attenuated_but_significant
HAMD-17,PDCH标签99人,Kimi-K2.6,思考,4,C04：全文｜不规整｜逐条评分｜清洗,全文,不规整,清洗,7,工作和活动,Spearman秩相关,99,99,99,0,0,5,40,0.6459148374486342,0.5081627249391613,0.756171438040249,5.23373443079099e-13,9.999000099990002e-05,0.6030297636826477,0.4474676590916277,0.7278667861361137,3.9733168651472537e-11,9.999000099990002e-05,-0.04288507376598649,-0.07643339609964218,-0.015861167845686277,0.9336056840939237,formal,正式,金标准总分－对应金标准条目分；HAMD14金标准9视为无法评估且总分已不含该项,0.00024724800247248,0.0003316741496582049,FDR显著,FDR显著,attenuated_but_significant
HAMD-17,PDCH标签99人,Kimi-K2.6,思考,4,C04：全文｜不规整｜逐条评分｜清洗,全文,不规整,清洗,8,迟滞,Spearman秩相关,99,99,99,0,0,3,40,0.2057246543343442,-0.018001487908141135,0.38345469959145945,0.041067865812535104,0.0415958404159584,0.2072722098084139,-0.002990894406387697,0.4013843980206822,0.039537104250435814,0.0364963503649635,0.0015475554740697062,-0.018616208498364768,0.018255927839128175,1.0075224599554053,formal,正式,金标准总分－对应金标准条目分；HAMD14金标准9视为无法评估且总分已不含该项,0.048767537039399504,0.046387884576028375,FDR显著,FDR显著,robust_cross_symptom
HAMD-17,PDCH标签99人,Kimi-K2.6,思考,4,C04：全文｜不规整｜逐条评分｜清洗,全文,不规整,清洗,9,激越,Spearman秩相关,99,99,99,0,0,3,40,0.10301206217923256,-0.09209512028033696,0.28423330815951847,0.31027643146891065,0.3086691330866913,0.08974692860505104,-0.09663843100691269,0.27185153189113553,0.3770125158787373,0.3755624437556244,-0.01326513357418152,-0.03192720843754272,0.00497318620885285,0.8712273757698271,formal,正式,金标准总分－对应金标准条目分；HAMD14金标准9视为无法评估且总分已不含该项,0.3229154007676155,0.39594180116872035,FDR不显著,FDR不显著,weak_both
HAMD-17,PDCH标签99人,Kimi-K2.6,思考,4,C04：全文｜不规整｜逐条评分｜清洗,全文,不规整,清洗,10,精神性焦虑,Spearman秩相关,99,99,99,0,0,4,40,0.3483325441277978,0.14760489960275266,0.5140737540633072,0.0004105946509113644,0.00039996000399960006,0.3019913931504584,0.1033016015454513,0.47758225043850383,0.002382514137750329,0.0021997800219978004,-0.046341150977339374,-0.07198868439083841,-0.024983585815429796,0.8669629015187925,formal,正式,金标准总分－对应金标准条目分；HAMD14金标准9视为无法评估且总分已不含该项,0.0007661205710414874,0.004335798304227549,FDR显著,FDR显著,attenuated_but_significant
HAMD-17,PDCH标签99人,Kimi-K2.6,思考,4,C04：全文｜不规整｜逐条评分｜清洗,全文,不规整,清洗,11,躯体性焦虑,Spearman秩相关,99,99,99,0,0,4,40,0.5222858401687617,0.35609789791664326,0.6743579159748355,2.9460269338080122e-08,9.999000099990002e-05,0.4774474817313943,0.28315077189969357,0.6314398137871178,5.825926069786443e-07,9.999000099990002e-05,-0.04483835843736739,-0.0733398175749417,-0.020170437563997966,0.9141497720426823,formal,正式,金标准总分－对应金标准条目分；HAMD14金标准9视为无法评估且总分已不含该项,0.00024724800247248,0.0003316741496582049,FDR显著,FDR显著,attenuated_but_significant
HAMD-17,PDCH标签99人,Kimi-K2.6,思考,4,C04：全文｜不规整｜逐条评分｜清洗,全文,不规整,清洗,12,胃肠道症状,Spearman秩相关,99,99,99,0,0,3,40,0.43837566424269353,0.27470894195590995,0.5932092606741921,5.6714218826087134e-06,9.999000099990002e-05,0.37958847987418864,0.20436097525775526,0.5354254587601258,0.00010663978846807901,0.00039996000399960006,-0.058787184368504886,-0.084091827367925,-0.03564705844902733,0.8658977010732075,formal,正式,金标准总分－对应金标准条目分；HAMD14金标准9视为无法评估且总分已不含该项,0.00024724800247248,0.000971331438284743,FDR显著,FDR显著,attenuated_but_significant
HAMD-17,PDCH标签99人,Kimi-K2.6,思考,4,C04：全文｜不规整｜逐条评分｜清洗,全文,不规整,清洗,13,全身症状,Spearman秩相关,99,99,99,0,0,3,40,0.4964382595574566,0.32112408402761355,0.6546443756963998,1.733619248979956e-07,9.999000099990002e-05,0.4628942677954328,0.2750850243599398,0.619066845481469,1.4055374645088494e-06,9.999000099990002e-05,-0.03354399176202377,-0.05906228443945614,-0.011859126892154842,0.932430687771877,formal,正式,金标准总分－对应金标准条目分；HAMD14金标准9视为无法评估且总分已不含该项,0.00024724800247248,0.0003316741496582049,FDR显著,FDR显著,attenuated_but_significant
HAMD-17,PDCH标签99人,Kimi-K2.6,思考,4,C04：全文｜不规整｜逐条评分｜清洗,全文,不规整,清洗,14,性症状,Spearman秩相关,99,58,58,41,41,3,40,0.44455581829885027,0.22357334343262913,0.644787510913962,0.0004720910069792164,0.0005999400059994001,0.37326631956574563,0.11926019661527791,0.5893305362041135,0.0039026175655143282,0.004199580041995801,-0.07128949873310464,-0.11984566245078948,-0.03271932454123929,0.8396388129483874,formal,正式,金标准总分－对应金标准条目分；HAMD14金标准9视为无法评估且总分已不含该项,0.0010735768528410319,0.007322344688608063,FDR显著,FDR显著,attenuated_but_significant
HAMD-17,PDCH标签99人,Kimi-K2.6,思考,4,C04：全文｜不规整｜逐条评分｜清洗,全文,不规整,清洗,15,疑病,Spearman秩相关,99,99,99,0,0,3,40,0.19616117110358422,0.007783899476209523,0.36473070406715563,0.05166181323132687,0.048995100489951,0.15336047979170578,-0.03203866555489411,0.32985856819018844,0.12964115509710053,0.12988701129887012,-0.04280069131187844,-0.07453132284142629,-0.013183165554284476,0.7818085451310991,formal,正式,金标准总分－对应金标准条目分；HAMD14金标准9视为无法评估且总分已不含该项,0.05695156980028493,0.148338499483385,FDR不显著,FDR不显著,weak_both
HAMD-17,PDCH标签99人,Kimi-K2.6,思考,4,C04：全文｜不规整｜逐条评分｜清洗,全文,不规整,清洗,16,体重减轻,Spearman秩相关,99,99,99,0,0,3,40,0.16863200139457016,-0.025496678073392145,0.3510063428448975,0.0952105989333755,0.09529047095290472,0.10688267905206482,-0.0900196799834382,0.28949957577801483,0.2923488952618727,0.29947005299470053,-0.06174932234250534,-0.09723518844557694,-0.03064560123411349,0.6338220395189259,formal,正式,金标准总分－对应金标准条目分；HAMD14金标准9视为无法评估且总分已不含该项,0.10622544302946756,0.32323751751808943,FDR不显著,FDR不显著,weak_both
HAMD-17,PDCH标签99人,Kimi-K2.6,思考,4,C04：全文｜不规整｜逐条评分｜清洗,全文,不规整,清洗,17,自知力,Spearman秩相关,99,99,99,0,0,3,40,-0.07714509579935996,-0.27726373492468787,0.14532802545495588,0.4478719527459973,0.45155484451554845,-0.08377337756849616,-0.2824857014091357,0.13483955672076275,0.40971287661225786,0.41615838416158385,-0.006628281769136199,-0.022810042194641517,0.00654618529233256,,formal,正式,金标准总分－对应金标准条目分；HAMD14金标准9视为无法评估且总分已不含该项,0.45829446906055665,0.4353656941998108,FDR不显著,FDR不显著,weak_both
HAMD-17,PDCH标签99人,Kimi-K2.6,思考,7,C07：全文｜规整｜逐条评分｜不清洗,全文,规整,不清洗,1,抑郁情绪,Spearman秩相关,99,99,99,0,0,5,29,0.5302021291629734,0.3561460866553292,0.6757586972562387,1.6611582812963197e-08,9.999000099990002e-05,0.5170261175238603,0.3475414133237051,0.6571407363322967,4.276427579677606e-08,9.999000099990002e-05,-0.013176011639113083,-0.03547707738152258,0.007306269611060768,0.9751490782205761,formal,正式,金标准总分－对应金标准条目分；HAMD14金标准9视为无法评估且总分已不含该项,0.00024724800247248,0.0003316741496582049,FDR显著,FDR显著,robust_cross_symptom
HAMD-17,PDCH标签99人,Kimi-K2.6,思考,7,C07：全文｜规整｜逐条评分｜不清洗,全文,规整,不清洗,2,有罪感,Spearman秩相关,99,99,99,0,0,3,29,0.28000035386763955,0.09150520667983887,0.46380103906964437,0.005001076830449539,0.0052994700529947,0.2332528436404965,0.036049132463477025,0.4259481132815767,0.020151820847436216,0.019098090190980903,-0.046747510227143046,-0.07742572875302679,-0.019936856803264413,0.8330448173317619,formal,正式,金标准总分－对应金标准条目分；HAMD14金标准9视为无法评估且总分已不含该项,0.007749762658142788,0.02734042385235161,FDR显著,FDR显著,attenuated_but_significant
HAMD-17,PDCH标签99人,Kimi-K2.6,思考,7,C07：全文｜规整｜逐条评分｜不清洗,全文,规整,不清洗,3,自杀,Spearman秩相关,99,99,99,0,0,5,29,0.44037809463596056,0.2636951257505661,0.6002168607036183,5.0810739089621135e-06,9.999000099990002e-05,0.3838316183859518,0.19040723911670265,0.546164993812287,8.785248270132887e-05,0.00029997000299970003,-0.05654647625000875,-0.09362847241624708,-0.024684060908175622,0.8715956199030449,formal,正式,金标准总分－对应金标准条目分；HAMD14金标准9视为无法评估且总分已不含该项,0.00024724800247248,0.0007845369309222924,FDR显著,FDR显著,attenuated_but_significant
HAMD-17,PDCH标签99人,Kimi-K2.6,思考,7,C07：全文｜规整｜逐条评分｜不清洗,全文,规整,不清洗,4,入睡困难,Spearman秩相关,99,99,99,0,0,3,29,0.2958773878710633,0.10923270752767512,0.465704716851026,0.0029449005762056655,0.0035996400359964,0.2705527578992316,0.09157957458939517,0.4328922930735481,0.006759078561709922,0.006399360063993601,-0.025324629971831714,-0.04999557156123732,-0.004649564304342203,0.9144083630247959,formal,正式,金标准总分－对应金标准条目分；HAMD14金标准9视为无法评估且总分已不含该项,0.0055630800556308,0.010003597341415284,FDR显著,FDR显著,attenuated_but_significant
HAMD-17,PDCH标签99人,Kimi-K2.6,思考,7,C07：全文｜规整｜逐条评分｜不清洗,全文,规整,不清洗,5,睡眠不深,Spearman秩相关,99,99,99,0,0,3,29,0.17474177176498848,-0.018149441224751487,0.34579457642949935,0.08364569106573727,0.08509149085091491,0.13481086444351717,-0.05725162547054258,0.32007246840662407,0.1833872520921073,0.17788221177882213,-0.03993090732147131,-0.06924950372030099,-0.014687028593067796,0.771486194067125,formal,正式,金标准总分－对应金标准条目分；HAMD14金标准9视为无法评估且总分已不含该项,0.09564002277458204,0.19993372563570092,FDR不显著,FDR不显著,weak_both
HAMD-17,PDCH标签99人,Kimi-K2.6,思考,7,C07：全文｜规整｜逐条评分｜不清洗,全文,规整,不清洗,6,早醒,Spearman秩相关,99,99,99,0,0,3,29,0.327360514781873,0.12845491571983364,0.5006586143796524,0.0009414657795707938,0.0010998900109989002,0.28581225169258256,0.08628380812570484,0.45945735373190266,0.004133941088345953,0.0051994800519948,-0.04154826308929044,-0.06865547054816645,-0.017553855115916846,0.8730810185920715,formal,正式,金标准总分－对应金标准条目分；HAMD14金标准9视为无法评估且总分已不含该项,0.0018934815379221571,0.008418205798467773,FDR显著,FDR显著,attenuated_but_significant
HAMD-17,PDCH标签99人,Kimi-K2.6,思考,7,C07：全文｜规整｜逐条评分｜不清洗,全文,规整,不清洗,7,工作和活动,Spearman秩相关,99,99,99,0,0,5,29,0.6527737151108299,0.5040961901622738,0.7673038681020802,2.454761342204666e-13,9.999000099990002e-05,0.6320536973610918,0.4907165175944265,0.7581288614671512,2.282870080912925e-12,9.999000099990002e-05,-0.020720017749738084,-0.04987017474863601,0.006144037942119475,0.9682584986648548,formal,正式,金标准总分－对应金标准条目分；HAMD14金标准9视为无法评估且总分已不含该项,0.00024724800247248,0.0003316741496582049,FDR显著,FDR显著,robust_cross_symptom
HAMD-17,PDCH标签99人,Kimi-K2.6,思考,7,C07：全文｜规整｜逐条评分｜不清洗,全文,规整,不清洗,8,迟滞,Spearman秩相关,99,99,99,0,0,3,29,0.22790426750045117,0.03656652730290208,0.4158242183631701,0.02328266484265677,0.026097390260973904,0.2340471317223054,0.04664469575206696,0.4149445390948755,0.019719209161525027,0.019098090190980903,0.006142864221854227,-0.01435234836850633,0.025478059233237923,1.0269537042426906,formal,正式,金标准总分－对应金标准条目分；HAMD14金标准9视为无法评估且总分已不含该项,0.032863380328633805,0.02734042385235161,FDR显著,FDR显著,robust_cross_symptom
HAMD-17,PDCH标签99人,Kimi-K2.6,思考,7,C07：全文｜规整｜逐条评分｜不清洗,全文,规整,不清洗,9,激越,Spearman秩相关,99,99,99,0,0,4,29,0.2634932601196214,0.08795564202761394,0.42750326702200686,0.008409525698114631,0.0071992800719928,0.24837541536020025,0.06396663514956544,0.40924542934849534,0.013179054752198056,0.0115988401159884,-0.015117844759421128,-0.03748999658149145,0.004444140057173523,0.9426253075598294,formal,正式,金标准总分－对应金标准条目分；HAMD14金标准9视为无法评估且总分已不含该项,0.009990837650928784,0.01733453028323541,FDR显著,FDR显著,robust_cross_symptom
HAMD-17,PDCH标签99人,Kimi-K2.6,思考,7,C07：全文｜规整｜逐条评分｜不清洗,全文,规整,不清洗,10,精神性焦虑,Spearman秩相关,99,99,99,0,0,4,29,0.37184236515035096,0.19596731192099193,0.5355249380760118,0.00015087690464874275,0.0004999500049995,0.3250949273218771,0.1274560073931392,0.496266478571603,0.001026231618884918,0.0014998500149985001,-0.04674743782847385,-0.07348875332337708,-0.02273541724549672,0.8742815714138115,formal,正式,金标准总分－对应金标准条目分；HAMD14金标准9视为无法评估且总分已不含该项,0.0009443500094435001,0.0031871812818718127,FDR显著,FDR显著,attenuated_but_significant
HAMD-17,PDCH标签99人,Kimi-K2.6,思考,7,C07：全文｜规整｜逐条评分｜不清洗,全文,规整,不清洗,11,躯体性焦虑,Spearman秩相关,99,99,99,0,0,4,29,0.5928140043517373,0.4236039061118584,0.7239793264483272,1.0155889281542886e-10,9.999000099990002e-05,0.551182873913051,0.38203978070549954,0.6955261733064054,3.3816038053928697e-09,9.999000099990002e-05,-0.04163113043868627,-0.0658771920383738,-0.018019232124005177,0.9297737061994489,formal,正式,金标准总分－对应金标准条目分；HAMD14金标准9视为无法评估且总分已不含该项,0.00024724800247248,0.0003316741496582049,FDR显著,FDR显著,attenuated_but_significant
HAMD-17,PDCH标签99人,Kimi-K2.6,思考,7,C07：全文｜规整｜逐条评分｜不清洗,全文,规整,不清洗,12,胃肠道症状,Spearman秩相关,99,99,99,0,0,3,29,0.49813383940480294,0.33590474772121637,0.6375792320631446,1.5502019073722515e-07,9.999000099990002e-05,0.4358375939916478,0.27214273148964496,0.5815593714082713,6.512750669454894e-06,9.999000099990002e-05,-0.06229624541315515,-0.08813954923737614,-0.04003477686909379,0.874940747876936,formal,正式,金标准总分－对应金标准条目分；HAMD14金标准9视为无法评估且总分已不含该项,0.00024724800247248,0.0003316741496582049,FDR显著,FDR显著,attenuated_but_significant
HAMD-17,PDCH标签99人,Kimi-K2.6,思考,7,C07：全文｜规整｜逐条评分｜不清洗,全文,规整,不清洗,13,全身症状,Spearman秩相关,99,99,99,0,0,3,29,0.5513703249881724,0.3738047745350906,0.6907616759828716,3.3321925277378452e-09,9.999000099990002e-05,0.5163937174012126,0.351919974154397,0.6622741696002089,4.4705044917008446e-08,9.999000099990002e-05,-0.03497660758695975,-0.05684095468955998,-0.01582379681360412,0.9365642182725193,formal,正式,金标准总分－对应金标准条目分；HAMD14金标准9视为无法评估且总分已不含该项,0.00024724800247248,0.0003316741496582049,FDR显著,FDR显著,attenuated_but_significant
HAMD-17,PDCH标签99人,Kimi-K2.6,思考,7,C07：全文｜规整｜逐条评分｜不清洗,全文,规整,不清洗,14,性症状,Spearman秩相关,99,46,46,53,53,3,29,0.4473526301439053,0.18005305306143563,0.6497864065169917,0.001826482902561682,0.0017998200179982,0.4087449599525248,0.14692896360569346,0.616010056632745,0.004797880195524253,0.0045995400459954,-0.038607670191380505,-0.08570567117982436,-0.0012981069775254218,0.9136974556761607,formal,正式,金标准总分－对应金标准条目分；HAMD14金标准9视为无法评估且总分已不含该项,0.002985067346923844,0.007722684521671289,FDR显著,FDR显著,attenuated_but_significant
HAMD-17,PDCH标签99人,Kimi-K2.6,思考,7,C07：全文｜规整｜逐条评分｜不清洗,全文,规整,不清洗,15,疑病,Spearman秩相关,99,99,99,0,0,3,29,0.147574974132969,-0.04915330400716753,0.3337211278187307,0.1449237185905524,0.14758524147585242,0.11582178807911886,-0.09135190869902035,0.3062390994155314,0.25361067074223587,0.25447455254474555,-0.031753186053850135,-0.06094355081880284,-0.005238777422361268,0.7848335312921033,formal,正式,金标准总分－对应金标准条目分；HAMD14金标准9视为无法评估且总分已不含该项,0.15929835587869787,0.2791011221458499,FDR不显著,FDR不显著,weak_both
HAMD-17,PDCH标签99人,Kimi-K2.6,思考,7,C07：全文｜规整｜逐条评分｜不清洗,全文,规整,不清洗,16,体重减轻,Spearman秩相关,99,99,99,0,0,3,29,0.34974347962836355,0.16595198405786338,0.5065116195494961,0.0003874845708543117,0.00039996000399960006,0.2916340616711002,0.10029540384918045,0.45836772745809756,0.0034025362216694136,0.0031996800319968005,-0.058109417957263376,-0.09062266987139317,-0.030072551078800493,0.8338513186321292,formal,正式,金标准总分－对应金标准条目分；HAMD14金标准9视为无法评估且总分已不含该项,0.0007661205710414874,0.005725743215152169,FDR显著,FDR显著,attenuated_but_significant
HAMD-17,PDCH标签99人,Kimi-K2.6,思考,7,C07：全文｜规整｜逐条评分｜不清洗,全文,规整,不清洗,17,自知力,Spearman秩相关,99,99,99,0,0,3,29,0.20804547742306093,-0.0074261189671662635,0.38634072807765163,0.03879027257492884,0.036696330366963306,0.2063218248596862,-0.008401283583120239,0.40060043819684066,0.04047141903131806,0.0420957904209579,-0.001723652563374728,-0.015163380596583882,0.009412379604309597,0.9917150202699688,formal,正式,金标准总分－对应金标准条目分；HAMD14金标准9视为无法评估且总分已不含该项,0.043397399390495736,0.052045704520457044,FDR显著,FDR不显著,overlap_dependent
HAMD-17,PDCH标签99人,Kimi-K2.6,思考,8,C08：全文｜规整｜逐条评分｜清洗,全文,规整,清洗,1,抑郁情绪,Spearman秩相关,99,99,99,0,0,5,27,0.552484376257231,0.4051079961375098,0.6760951558918542,3.052503590896495e-09,9.999000099990002e-05,0.535252904123095,0.3889194562853034,0.6570625610411496,1.1436381744363872e-08,9.999000099990002e-05,-0.017231472134136006,-0.04298326810240836,0.00695950642002763,0.9688109331690617,formal,正式,金标准总分－对应金标准条目分；HAMD14金标准9视为无法评估且总分已不含该项,0.00024724800247248,0.0003316741496582049,FDR显著,FDR显著,robust_cross_symptom
HAMD-17,PDCH标签99人,Kimi-K2.6,思考,8,C08：全文｜规整｜逐条评分｜清洗,全文,规整,清洗,2,有罪感,Spearman秩相关,99,99,99,0,0,3,27,0.3938979594434917,0.2103810647139374,0.5634254038442283,5.488112382224195e-05,9.999000099990002e-05,0.36019374145943733,0.16928792320380368,0.5247817804704943,0.00025016807331564484,0.00019998000199980003,-0.033704217984054374,-0.06198313938406634,-0.006309439268571895,0.9144341391570738,formal,正式,金标准总分－对应金标准条目分；HAMD14金标准9视为无法评估且总分已不含该项,0.00024724800247248,0.0005550465361627103,FDR显著,FDR显著,attenuated_but_significant
HAMD-17,PDCH标签99人,Kimi-K2.6,思考,8,C08：全文｜规整｜逐条评分｜清洗,全文,规整,清洗,3,自杀,Spearman秩相关,99,99,99,0,0,5,27,0.3605034762679042,0.17210539196293256,0.5280814636210946,0.00024688792521301004,9.999000099990002e-05,0.297803757698101,0.09605846312521958,0.4694603155857932,0.0027560271590783164,0.0026997300269973002,-0.06269971856980316,-0.0965319327140602,-0.03313358115820069,0.8260773537639661,formal,正式,金标准总分－对应金标准条目分；HAMD14金标准9视为无法评估且总分已不含该项,0.00024724800247248,0.004961665995562606,FDR显著,FDR显著,attenuated_but_significant
HAMD-17,PDCH标签99人,Kimi-K2.6,思考,8,C08：全文｜规整｜逐条评分｜清洗,全文,规整,清洗,4,入睡困难,Spearman秩相关,99,99,99,0,0,3,27,0.4226214009280094,0.2370010377490767,0.5663253556452026,1.3148754282228623e-05,9.999000099990002e-05,0.38939967291863964,0.2284339776069149,0.5433768015810302,6.784978801451929e-05,0.00019998000199980003,-0.03322172800936979,-0.057426140571064765,-0.013729652658668852,0.921391278490819,formal,正式,金标准总分－对应金标准条目分；HAMD14金标准9视为无法评估且总分已不含该项,0.00024724800247248,0.0005550465361627103,FDR显著,FDR显著,attenuated_but_significant
HAMD-17,PDCH标签99人,Kimi-K2.6,思考,8,C08：全文｜规整｜逐条评分｜清洗,全文,规整,清洗,5,睡眠不深,Spearman秩相关,99,99,99,0,0,3,27,0.25456828926380703,0.07491716992107804,0.4325513197068662,0.010997037107246236,0.010498950104989501,0.20684119228939662,0.024645689966293634,0.37829516412943626,0.03995857586926802,0.03899610038996101,-0.04772709697441041,-0.07656738589070616,-0.020920532500040633,0.8125175091036134,formal,正式,金标准总分－对应金标准条目分；HAMD14金标准9视为无法评估且总分已不含该项,0.014137200141372002,0.04865568489022658,FDR显著,FDR显著,attenuated_but_significant
HAMD-17,PDCH标签99人,Kimi-K2.6,思考,8,C08：全文｜规整｜逐条评分｜清洗,全文,规整,清洗,6,早醒,Spearman秩相关,99,99,99,0,0,3,27,0.34856535126896626,0.16399580976294353,0.5144913076857093,0.0004066961759298639,0.0005999400059994001,0.30619028033260437,0.11239537139287359,0.47829230151510166,0.002054424309377721,0.0023997600239976003,-0.04237507093636189,-0.068857283436298,-0.01818872109863611,0.8784300539853037,formal,正式,金标准总分－对应金标准条目分；HAMD14金标准9视为无法评估且总分已不含该项,0.0010735768528410319,0.004596723426248925,FDR显著,FDR显著,attenuated_but_significant
HAMD-17,PDCH标签99人,Kimi-K2.6,思考,8,C08：全文｜规整｜逐条评分｜清洗,全文,规整,清洗,7,工作和活动,Spearman秩相关,99,99,99,0,0,5,27,0.5880782344177092,0.4185787400570803,0.7183429885805779,1.5518851694825466e-10,9.999000099990002e-05,0.5670597807940281,0.41083994218638736,0.7057748251086379,9.40576070374361e-10,9.999000099990002e-05,-0.021018453623681155,-0.0506298092663,0.005432114633474588,0.9642590859624438,formal,正式,金标准总分－对应金标准条目分；HAMD14金标准9视为无法评估且总分已不含该项,0.00024724800247248,0.0003316741496582049,FDR显著,FDR显著,robust_cross_symptom
HAMD-17,PDCH标签99人,Kimi-K2.6,思考,8,C08：全文｜规整｜逐条评分｜清洗,全文,规整,清洗,8,迟滞,Spearman秩相关,99,99,99,0,0,3,27,0.2640739966159187,0.059058297680404236,0.4441401822092579,0.008261477281372576,0.0084991500849915,0.2715529551149214,0.07492795102608103,0.45706567243306634,0.006550082812255233,0.004999500049995001,0.007478958499002708,-0.009142652358308434,0.02602798079992234,1.0283214500285707,formal,正式,金标准总分－对应金标准条目分；HAMD14金标准9视为无法评估且总分已不含该项,0.011675600116756,0.008191951889148435,FDR显著,FDR显著,robust_cross_symptom
HAMD-17,PDCH标签99人,Kimi-K2.6,思考,8,C08：全文｜规整｜逐条评分｜清洗,全文,规整,清洗,9,激越,Spearman秩相关,99,99,99,0,0,4,27,0.22858398401988447,0.0399750782919867,0.3990942945862168,0.02286304281207097,0.0231976802319768,0.21997206097267735,0.030319067770806365,0.3916464492450131,0.02868642816732398,0.026797320267973202,-0.00861192304720712,-0.02974158922768193,0.011631937617506997,0.9623249061646507,formal,正式,金标准总分－对应金标准条目分；HAMD14金标准9视为无法评估且总分已不含该项,0.02948490197709201,0.03538286948004229,FDR显著,FDR显著,robust_cross_symptom
HAMD-17,PDCH标签99人,Kimi-K2.6,思考,8,C08：全文｜规整｜逐条评分｜清洗,全文,规整,清洗,10,精神性焦虑,Spearman秩相关,99,99,99,0,0,4,27,0.5012023120893387,0.3440717218659032,0.650651371541923,1.2642392938583796e-07,9.999000099990002e-05,0.4687751910518754,0.30134302968247306,0.6180026118135474,9.894714684185559e-07,9.999000099990002e-05,-0.03242712103746337,-0.058925459940138765,-0.007889910473330835,0.935301333901901,formal,正式,金标准总分－对应金标准条目分；HAMD14金标准9视为无法评估且总分已不含该项,0.00024724800247248,0.0003316741496582049,FDR显著,FDR显著,attenuated_but_significant
HAMD-17,PDCH标签99人,Kimi-K2.6,思考,8,C08：全文｜规整｜逐条评分｜清洗,全文,规整,清洗,11,躯体性焦虑,Spearman秩相关,99,99,99,0,0,4,27,0.4970439253761714,0.3320380695160333,0.6402777672146579,1.6658509445695305e-07,9.999000099990002e-05,0.44590161233721287,0.26686520389255236,0.5957375840352769,3.738523957194598e-06,0.00019998000199980003,-0.05114231303895855,-0.07854159949845314,-0.027143456883625277,0.8971070554775352,formal,正式,金标准总分－对应金标准条目分；HAMD14金标准9视为无法评估且总分已不含该项,0.00024724800247248,0.0005550465361627103,FDR显著,FDR显著,attenuated_but_significant
HAMD-17,PDCH标签99人,Kimi-K2.6,思考,8,C08：全文｜规整｜逐条评分｜清洗,全文,规整,清洗,12,胃肠道症状,Spearman秩相关,99,99,99,0,0,3,27,0.5004410197188333,0.3382561100527413,0.6313019267329179,1.330092517222625e-07,9.999000099990002e-05,0.4442817303396828,0.2704830006728521,0.5932444414096295,4.09281002988593e-06,9.999000099990002e-05,-0.056159289379150434,-0.08326254991684616,-0.031735536540510534,0.887780403351622,formal,正式,金标准总分－对应金标准条目分；HAMD14金标准9视为无法评估且总分已不含该项,0.00024724800247248,0.0003316741496582049,FDR显著,FDR显著,attenuated_but_significant
HAMD-17,PDCH标签99人,Kimi-K2.6,思考,8,C08：全文｜规整｜逐条评分｜清洗,全文,规整,清洗,13,全身症状,Spearman秩相关,99,99,99,0,0,3,27,0.5075494265417232,0.3443033350716346,0.658181741231165,8.23886751925193e-08,9.999000099990002e-05,0.46378818258429516,0.28382086196680356,0.6200536220544725,1.333072514600138e-06,9.999000099990002e-05,-0.04376124395742803,-0.06942641403360049,-0.022741947446552224,0.9137793450864423,formal,正式,金标准总分－对应金标准条目分；HAMD14金标准9视为无法评估且总分已不含该项,0.00024724800247248,0.0003316741496582049,FDR显著,FDR显著,attenuated_but_significant
HAMD-17,PDCH标签99人,Kimi-K2.6,思考,8,C08：全文｜规整｜逐条评分｜清洗,全文,规整,清洗,14,性症状,Spearman秩相关,99,47,47,52,52,3,27,0.31060649080837327,0.04267681399726643,0.5521565857735243,0.03359154416607915,0.030596940305969402,0.27407660153265107,-0.019650826467583676,0.5142717881325827,0.06228622334505581,0.0685931406859314,-0.036529889275722205,-0.08410118005559088,0.0017076483549540126,0.882391738882691,formal,正式,金标准总分－对应金标准条目分；HAMD14金标准9视为无法评估且总分已不含该项,0.037828944378289445,0.08111884463727541,FDR显著,FDR不显著,overlap_dependent
HAMD-17,PDCH标签99人,Kimi-K2.6,思考,8,C08：全文｜规整｜逐条评分｜清洗,全文,规整,清洗,15,疑病,Spearman秩相关,99,99,99,0,0,3,27,0.09334444921346213,-0.10506507129993489,0.27756818491416524,0.3581068035440576,0.3615638436156384,0.04647110296381753,-0.1374551038268693,0.22720370451157557,0.6478463016299592,0.6476352364763523,-0.0468733462496446,-0.0779291882578084,-0.018537525905897214,0.49784538186675026,formal,正式,金标准总分－对应金标准条目分；HAMD14金标准9视为无法评估且总分已不含该项,0.37536399031852535,0.6573014340357008,FDR不显著,FDR不显著,weak_both
HAMD-17,PDCH标签99人,Kimi-K2.6,思考,8,C08：全文｜规整｜逐条评分｜清洗,全文,规整,清洗,16,体重减轻,Spearman秩相关,99,99,99,0,0,3,27,0.2690664098081241,0.07708355902466976,0.43980833114296364,0.007080557557910841,0.0066993300669933005,0.2141700028664602,0.02895307734898002,0.3954719082354722,0.03328185524360777,0.034096590340965904,-0.05489640694166387,-0.0893647891530802,-0.026865484437502102,0.7959745068854509,formal,正式,金标准总分－对应金标准条目分；HAMD14金标准9视为无法评估且总分已不含该项,0.009490717594907177,0.04374656873935248,FDR显著,FDR显著,attenuated_but_significant
HAMD-17,PDCH标签99人,Kimi-K2.6,思考,8,C08：全文｜规整｜逐条评分｜清洗,全文,规整,清洗,17,自知力,Spearman秩相关,99,99,99,0,0,3,27,0.3056380797239101,0.11779021977485742,0.48505534485577767,0.0020951041686885353,0.0015998400159984002,0.3073950784656466,0.1033096468006311,0.4826500136450565,0.0019681340322278674,0.0025997400259974,0.0017569987417365152,-0.010807394665754066,0.015217130017620668,1.0057486251167513,formal,正式,金标准总分－对应金标准条目分；HAMD14金标准9视为无法评估且总分已不含该项,0.0026861511379726224,0.004843351281310225,FDR显著,FDR显著,robust_cross_symptom
HAMD-17,PDCH标签99人,Kimi-K2.6,思考,11,C11：事件序列｜不规整｜逐条评分｜不清洗,事件序列,不规整,不清洗,1,抑郁情绪,Spearman秩相关,99,99,99,0,0,5,43,0.6266450763721819,0.4690731651091805,0.747995879941435,3.976329437754425e-12,9.999000099990002e-05,0.5812754677416461,0.4246162313829691,0.7087811748160658,2.8198784403612856e-10,9.999000099990002e-05,-0.04536960863053585,-0.07440553724939786,-0.022265857305407075,0.9275991939596928,formal,正式,金标准总分－对应金标准条目分；HAMD14金标准9视为无法评估且总分已不含该项,0.00024724800247248,0.0003316741496582049,FDR显著,FDR显著,attenuated_but_significant
HAMD-17,PDCH标签99人,Kimi-K2.6,思考,11,C11：事件序列｜不规整｜逐条评分｜不清洗,事件序列,不规整,不清洗,2,有罪感,Spearman秩相关,99,99,99,0,0,3,43,0.3597784347690402,0.165327135487649,0.5414991520537114,0.00025462940220276125,0.0005999400059994001,0.32900909945759865,0.12997509213188801,0.5105816142599233,0.0008838532337151079,0.0015998400159984002,-0.030769335311441548,-0.0628592083571105,0.0011160629600879487,0.9144769882297311,formal,正式,金标准总分－对应金标准条目分；HAMD14金标准9视为无法评估且总分已不含该项,0.0010735768528410319,0.0032966400329664004,FDR显著,FDR显著,robust_cross_symptom
HAMD-17,PDCH标签99人,Kimi-K2.6,思考,11,C11：事件序列｜不规整｜逐条评分｜不清洗,事件序列,不规整,不清洗,3,自杀,Spearman秩相关,99,99,99,0,0,5,43,0.3986517421445843,0.2155151419113743,0.5572385298827273,4.371296434482374e-05,0.00019998000199980003,0.32240524807016224,0.14204782743570787,0.48994736035941844,0.0011358599038546748,0.0021997800219978004,-0.07624649407442208,-0.1145926621499913,-0.04063136978588896,0.8087390922607113,formal,正式,金标准总分－对应金标准条目分；HAMD14金标准9视为无法评估且总分已不含该项,0.0004458570536388984,0.004335798304227549,FDR显著,FDR显著,attenuated_but_significant
HAMD-17,PDCH标签99人,Kimi-K2.6,思考,11,C11：事件序列｜不规整｜逐条评分｜不清洗,事件序列,不规整,不清洗,4,入睡困难,Spearman秩相关,99,99,99,0,0,3,43,0.4255599475699607,0.23875302006725135,0.5725308987352653,1.1275708186522645e-05,9.999000099990002e-05,0.38859732098633465,0.2020157044959073,0.5493132425430661,7.044357578034769e-05,9.999000099990002e-05,-0.036962626583626035,-0.05784974471219465,-0.017450040185716616,0.9131435493525868,formal,正式,金标准总分－对应金标准条目分；HAMD14金标准9视为无法评估且总分已不含该项,0.00024724800247248,0.0003316741496582049,FDR显著,FDR显著,attenuated_but_significant
HAMD-17,PDCH标签99人,Kimi-K2.6,思考,11,C11：事件序列｜不规整｜逐条评分｜不清洗,事件序列,不规整,不清洗,5,睡眠不深,Spearman秩相关,99,99,99,0,0,3,43,0.21657251050790538,0.03250611225558882,0.38588422672174594,0.03130882440637922,0.032296770322967704,0.1633839877382619,-0.018748502591160066,0.3460628493333802,0.10611981265733411,0.104989501049895,-0.053188522769643476,-0.08174115721713435,-0.028898923772912994,0.7544077840492966,formal,正式,金标准总分－对应金标准条目分；HAMD14金标准9视为无法评估且总分已不含该项,0.038870449238262016,0.12203907814346769,FDR显著,FDR不显著,overlap_dependent
HAMD-17,PDCH标签99人,Kimi-K2.6,思考,11,C11：事件序列｜不规整｜逐条评分｜不清洗,事件序列,不规整,不清洗,6,早醒,Spearman秩相关,99,99,99,0,0,3,43,0.35470695738120084,0.16619146803522125,0.5207944247079399,0.0003153652417228814,0.00029997000299970003,0.30203072473044007,0.09862725220271301,0.48423113798978,0.002379233556863794,0.0024997500249975004,-0.05267623265076077,-0.07811547275086678,-0.029134340328253648,0.8514936582026216,formal,正式,金标准总分－对应金标准条目分；HAMD14金标准9视为无法评估且总分已不含该项,0.0006088943344471524,0.004721750047217501,FDR显著,FDR显著,attenuated_but_significant
HAMD-17,PDCH标签99人,Kimi-K2.6,思考,11,C11：事件序列｜不规整｜逐条评分｜不清洗,事件序列,不规整,不清洗,7,工作和活动,Spearman秩相关,99,99,99,0,0,5,43,0.6058168363846285,0.4468621544292849,0.7357036799250045,3.0580062006285865e-11,9.999000099990002e-05,0.5598301564362145,0.400089690308596,0.6884755220669856,1.6985309393851591e-09,9.999000099990002e-05,-0.04598667994841399,-0.07521024801009182,-0.021656159664994134,0.9240914461492163,formal,正式,金标准总分－对应金标准条目分；HAMD14金标准9视为无法评估且总分已不含该项,0.00024724800247248,0.0003316741496582049,FDR显著,FDR显著,attenuated_but_significant
HAMD-17,PDCH标签99人,Kimi-K2.6,思考,11,C11：事件序列｜不规整｜逐条评分｜不清洗,事件序列,不规整,不清洗,8,迟滞,Spearman秩相关,99,99,99,0,0,3,43,0.23504291985352385,0.034217542047348136,0.4176471993063399,0.019188148344256334,0.0202979702029797,0.2335888420299206,0.02577460079623177,0.40691975650651085,0.01996783327323381,0.021597840215978402,-0.0014540778236032392,-0.02051388856256776,0.016787956403159422,0.9938135646693403,formal,正式,金标准总分－对应金标准条目分；HAMD14金标准9视为无法评估且总分已不含该项,0.026042678750992823,0.0299444802994448,FDR显著,FDR显著,robust_cross_symptom
HAMD-17,PDCH标签99人,Kimi-K2.6,思考,11,C11：事件序列｜不规整｜逐条评分｜不清洗,事件序列,不规整,不清洗,9,激越,Spearman秩相关,99,99,99,0,0,4,43,0.2789914111195241,0.10401619070658054,0.44368271359520517,0.00516709889174646,0.004399560043995601,0.2740085402987575,0.10948098401263795,0.42506463111670617,0.006061053362229649,0.006399360063993601,-0.004982870820766594,-0.020517875366063535,0.010483000708854854,0.9821396981334602,formal,正式,金标准总分－对应金标准条目分；HAMD14金标准9视为无法评估且总分已不含该项,0.006648224066482241,0.010003597341415284,FDR显著,FDR显著,robust_cross_symptom
HAMD-17,PDCH标签99人,Kimi-K2.6,思考,11,C11：事件序列｜不规整｜逐条评分｜不清洗,事件序列,不规整,不清洗,10,精神性焦虑,Spearman秩相关,99,99,99,0,0,4,43,0.4399085521224867,0.2557438696703726,0.6090080414785682,5.214062382225421e-06,9.999000099990002e-05,0.39196533223681934,0.19922517539418602,0.564767241061271,6.0140418713254136e-05,0.00019998000199980003,-0.047943219885667354,-0.07707343428193708,-0.02184383954647188,0.8910154857086793,formal,正式,金标准总分－对应金标准条目分；HAMD14金标准9视为无法评估且总分已不含该项,0.00024724800247248,0.0005550465361627103,FDR显著,FDR显著,attenuated_but_significant
HAMD-17,PDCH标签99人,Kimi-K2.6,思考,11,C11：事件序列｜不规整｜逐条评分｜不清洗,事件序列,不规整,不清洗,11,躯体性焦虑,Spearman秩相关,99,99,99,0,0,4,43,0.47252776729153356,0.29790661840741395,0.6343660210115538,7.88204607669074e-07,9.999000099990002e-05,0.4126948868472266,0.22054448966363407,0.5846400417139136,2.1866873626049734e-05,9.999000099990002e-05,-0.05983288044430696,-0.08810939861448562,-0.03592716754571215,0.8733770064196205,formal,正式,金标准总分－对应金标准条目分；HAMD14金标准9视为无法评估且总分已不含该项,0.00024724800247248,0.0003316741496582049,FDR显著,FDR显著,attenuated_but_significant
HAMD-17,PDCH标签99人,Kimi-K2.6,思考,11,C11：事件序列｜不规整｜逐条评分｜不清洗,事件序列,不规整,不清洗,12,胃肠道症状,Spearman秩相关,99,99,99,0,0,3,43,0.4524478603044179,0.2771155419950623,0.6065797075753677,2.5806344381090357e-06,9.999000099990002e-05,0.39807488195792196,0.21343579798808568,0.5527644243681099,4.4944988606283915e-05,0.00019998000199980003,-0.05437297834649596,-0.07900791334534338,-0.03104622370743627,0.8798248746056341,formal,正式,金标准总分－对应金标准条目分；HAMD14金标准9视为无法评估且总分已不含该项,0.00024724800247248,0.0005550465361627103,FDR显著,FDR显著,attenuated_but_significant
HAMD-17,PDCH标签99人,Kimi-K2.6,思考,11,C11：事件序列｜不规整｜逐条评分｜不清洗,事件序列,不规整,不清洗,13,全身症状,Spearman秩相关,99,99,99,0,0,3,43,0.6504437535505421,0.5220539924767037,0.7551509186819532,3.1815981539743675e-13,9.999000099990002e-05,0.6095541723705789,0.46647203657807823,0.7296228028746891,2.1439240211466313e-11,9.999000099990002e-05,-0.04088958117996322,-0.06595508415136102,-0.02198237687926677,0.9371358692327177,formal,正式,金标准总分－对应金标准条目分；HAMD14金标准9视为无法评估且总分已不含该项,0.00024724800247248,0.0003316741496582049,FDR显著,FDR显著,attenuated_but_significant
HAMD-17,PDCH标签99人,Kimi-K2.6,思考,11,C11：事件序列｜不规整｜逐条评分｜不清洗,事件序列,不规整,不清洗,14,性症状,Spearman秩相关,99,60,60,39,39,3,43,0.4525450959377341,0.21808792463395765,0.65228234009532,0.0002830636906429104,0.00019998000199980003,0.3848310120679599,0.12906100628244072,0.5951709739850103,0.002397091162758844,0.0022997700229977,-0.06771408386977423,-0.10821485510608549,-0.032479143872560914,0.8503705277604179,formal,正式,金标准总分－对应金标准条目分；HAMD14金标准9视为无法评估且总分已不含该项,0.0004458570536388984,0.004468124616109817,FDR显著,FDR显著,attenuated_but_significant
HAMD-17,PDCH标签99人,Kimi-K2.6,思考,11,C11：事件序列｜不规整｜逐条评分｜不清洗,事件序列,不规整,不清洗,15,疑病,Spearman秩相关,99,99,99,0,0,3,43,0.18117040464114464,-0.01983357431106289,0.3624182634904049,0.07271567973988619,0.07539246075392461,0.11057905697072191,-0.08412436448728344,0.29275237470138865,0.27588060992674374,0.27187281271872815,-0.07059134767042273,-0.10396469460363178,-0.039153763092117454,0.610359386179838,formal,正式,金标准总分－对应金标准条目分；HAMD14金标准9视为无法评估且总分已不含该项,0.0854447888544479,0.29579762023797623,FDR不显著,FDR不显著,weak_both
HAMD-17,PDCH标签99人,Kimi-K2.6,思考,11,C11：事件序列｜不规整｜逐条评分｜不清洗,事件序列,不规整,不清洗,16,体重减轻,Spearman秩相关,99,99,99,0,0,3,43,0.28863375028908295,0.11017588768849854,0.44640877843321974,0.003763558116672008,0.0030996900309969004,0.2219095253922186,0.035284335906204,0.38882145347939173,0.027276955284105963,0.024797520247975203,-0.06672422489686436,-0.1014295621670434,-0.03609568263745085,0.7688273639862411,formal,正式,金标准总分－对应金标准条目分；HAMD14金标准9视为无法评估且总分已不含该项,0.004845492462248028,0.033330000333300004,FDR显著,FDR显著,attenuated_but_significant
HAMD-17,PDCH标签99人,Kimi-K2.6,思考,11,C11：事件序列｜不规整｜逐条评分｜不清洗,事件序列,不规整,不清洗,17,自知力,Spearman秩相关,99,99,99,0,0,3,43,0.15881165006697742,-0.05393719833197249,0.34448224877272837,0.1163989284252359,0.11758824117588242,0.15409143185894655,-0.09259788914121714,0.36069085914049914,0.12780145637199178,0.12958704129587043,-0.0047202182080308686,-0.021620291706254305,0.00939679094406933,0.9702778844874406,formal,正式,金标准总分－对应金标准条目分；HAMD14金标准9视为无法评估且总分已不含该项,0.12896774838645167,0.148338499483385,FDR不显著,FDR不显著,weak_both
HAMD-17,PDCH标签99人,Kimi-K2.6,思考,12,C12：事件序列｜不规整｜逐条评分｜清洗,事件序列,不规整,清洗,1,抑郁情绪,Spearman秩相关,99,99,99,0,0,5,43,0.381486833859884,0.18318871211689353,0.5595600413221917,9.781526725688963e-05,0.00029997000299970003,0.3488905568640749,0.1538670417885361,0.5275744992334892,0.0004013074023451021,0.00039996000399960006,-0.03259627699580914,-0.06108260705658437,-0.006972540040937721,0.9145546474933355,formal,正式,金标准总分－对应金标准条目分；HAMD14金标准9视为无法评估且总分已不含该项,0.0006088943344471524,0.000971331438284743,FDR显著,FDR显著,attenuated_but_significant
HAMD-17,PDCH标签99人,Kimi-K2.6,思考,12,C12：事件序列｜不规整｜逐条评分｜清洗,事件序列,不规整,清洗,2,有罪感,Spearman秩相关,99,99,99,0,0,3,43,0.3660919767412317,0.18307320701837188,0.5301837540601718,0.00019412218564120496,0.00039996000399960006,0.31363984534528294,0.12836482140729674,0.48662552584216145,0.0015711495095666681,0.0015998400159984002,-0.05245213139594873,-0.08385070507861593,-0.025222085843732547,0.8567241711690831,formal,正式,金标准总分－对应金标准条目分；HAMD14金标准9视为无法评估且总分已不含该项,0.0007661205710414874,0.0032966400329664004,FDR显著,FDR显著,attenuated_but_significant
HAMD-17,PDCH标签99人,Kimi-K2.6,思考,12,C12：事件序列｜不规整｜逐条评分｜清洗,事件序列,不规整,清洗,3,自杀,Spearman秩相关,99,99,99,0,0,5,43,0.4032183366678309,0.22782759791437052,0.5644294856883566,3.5015694710063906e-05,9.999000099990002e-05,0.32398122041026794,0.14605149000672424,0.4852484275901452,0.0010703992381997003,0.0014998500149985001,-0.07923711625756297,-0.11924131204439782,-0.04509496266383487,0.8034883112896771,formal,正式,金标准总分－对应金标准条目分；HAMD14金标准9视为无法评估且总分已不含该项,0.00024724800247248,0.0031871812818718127,FDR显著,FDR显著,attenuated_but_significant
HAMD-17,PDCH标签99人,Kimi-K2.6,思考,12,C12：事件序列｜不规整｜逐条评分｜清洗,事件序列,不规整,清洗,4,入睡困难,Spearman秩相关,99,99,99,0,0,3,43,0.48710105348790855,0.31516592203393407,0.6328899102081398,3.175012981768783e-07,9.999000099990002e-05,0.44898838027296456,0.2773630559047556,0.6023193163349028,3.1420354560713545e-06,9.999000099990002e-05,-0.03811267321494399,-0.06333334929437139,-0.016737231805758743,0.9217561264915431,formal,正式,金标准总分－对应金标准条目分；HAMD14金标准9视为无法评估且总分已不含该项,0.00024724800247248,0.0003316741496582049,FDR显著,FDR显著,attenuated_but_significant
HAMD-17,PDCH标签99人,Kimi-K2.6,思考,12,C12：事件序列｜不规整｜逐条评分｜清洗,事件序列,不规整,清洗,5,睡眠不深,Spearman秩相关,99,99,99,0,0,3,43,0.16663763742911014,-0.013589392878784246,0.3456366440061775,0.0992472171467968,0.096990300969903,0.11881048867565075,-0.07024553991956814,0.3024841494555861,0.24148227285764534,0.2405759424057594,-0.04782714875345939,-0.07653925673493675,-0.020839928687148093,0.7129871168882499,formal,正式,金标准总分－对应金标准条目分；HAMD14金标准9视为无法评估且总分已不含该项,0.10724130838948624,0.2681830177637974,FDR不显著,FDR不显著,weak_both
HAMD-17,PDCH标签99人,Kimi-K2.6,思考,12,C12：事件序列｜不规整｜逐条评分｜清洗,事件序列,不规整,清洗,6,早醒,Spearman秩相关,99,99,99,0,0,3,43,0.32742169310792224,0.13951501815506362,0.492377287978359,0.0009392680410977373,0.0012998700129987,0.27811389743354487,0.0795421748305148,0.4581833944943822,0.005315461712786839,0.0044995500449955,-0.049307795674377375,-0.07601739545654924,-0.025873728004438556,0.8494058374497352,formal,正式,金标准总分－对应金标准条目分；HAMD14金标准9视为无法评估且总分已不含该项,0.00220977902209779,0.007722684521671289,FDR显著,FDR显著,attenuated_but_significant
HAMD-17,PDCH标签99人,Kimi-K2.6,思考,12,C12：事件序列｜不规整｜逐条评分｜清洗,事件序列,不规整,清洗,7,工作和活动,Spearman秩相关,99,99,99,0,0,5,43,0.5674283523086002,0.39486205025656124,0.7135547609062171,9.123092241783643e-10,9.999000099990002e-05,0.5315488672995622,0.35955481871347517,0.6826617595131161,1.5046730603640497e-08,9.999000099990002e-05,-0.03587948500903804,-0.06903719788419439,-0.008412416091913913,0.9367682547707368,formal,正式,金标准总分－对应金标准条目分；HAMD14金标准9视为无法评估且总分已不含该项,0.00024724800247248,0.0003316741496582049,FDR显著,FDR显著,attenuated_but_significant
HAMD-17,PDCH标签99人,Kimi-K2.6,思考,12,C12：事件序列｜不规整｜逐条评分｜清洗,事件序列,不规整,清洗,8,迟滞,Spearman秩相关,99,99,99,0,0,3,43,0.2354465311049192,0.038593749928757734,0.4113831703827318,0.01897643075074308,0.0198980101989801,0.23217937593889276,0.027081104674551944,0.413749915923471,0.020749426050239984,0.019998000199980003,-0.0032671551660264364,-0.021777343515004127,0.013507710594198977,0.9861235790958817,formal,正式,金标准总分－对应金标准条目分；HAMD14金标准9视为无法评估且总分已不含该项,0.025772660829155174,0.028038433270075054,FDR显著,FDR显著,robust_cross_symptom
HAMD-17,PDCH标签99人,Kimi-K2.6,思考,12,C12：事件序列｜不规整｜逐条评分｜清洗,事件序列,不规整,清洗,9,激越,Spearman秩相关,99,99,99,0,0,3,43,0.21482821223495213,0.026724240560579347,0.3784659801838817,0.032731164411217636,0.031596840315968405,0.21366776187943257,0.02863424778605929,0.3840154869159906,0.03370728644261449,0.032596740325967405,-0.0011604503555195655,-0.017061830786994466,0.015411292025338776,0.9945982404105732,formal,正式,金标准总分－对应金标准条目分；HAMD14金标准9视为无法评估且总分已不含该项,0.03871324579253787,0.042220539850776825,FDR显著,FDR显著,robust_cross_symptom
HAMD-17,PDCH标签99人,Kimi-K2.6,思考,12,C12：事件序列｜不规整｜逐条评分｜清洗,事件序列,不规整,清洗,10,精神性焦虑,Spearman秩相关,99,99,99,0,0,4,43,0.4532362966367387,0.27779961586379387,0.6138952531336699,2.4666799429746384e-06,0.00019998000199980003,0.40077289851478337,0.2032901809691169,0.5640429275655092,3.944866080914776e-05,9.999000099990002e-05,-0.05246339812195533,-0.08011055579369186,-0.028055536862090807,0.8842471388296514,formal,正式,金标准总分－对应金标准条目分；HAMD14金标准9视为无法评估且总分已不含该项,0.0004458570536388984,0.0003316741496582049,FDR显著,FDR显著,attenuated_but_significant
HAMD-17,PDCH标签99人,Kimi-K2.6,思考,12,C12：事件序列｜不规整｜逐条评分｜清洗,事件序列,不规整,清洗,11,躯体性焦虑,Spearman秩相关,99,99,99,0,0,4,43,0.4737232715979668,0.2892910009830593,0.6293072548106029,7.327014025793573e-07,9.999000099990002e-05,0.42241739329417816,0.23300491212725752,0.581549888401583,1.328908270408433e-05,9.999000099990002e-05,-0.05130587830378863,-0.07799943506047086,-0.026536429284383718,0.8916965211974424,formal,正式,金标准总分－对应金标准条目分；HAMD14金标准9视为无法评估且总分已不含该项,0.00024724800247248,0.0003316741496582049,FDR显著,FDR显著,attenuated_but_significant
HAMD-17,PDCH标签99人,Kimi-K2.6,思考,12,C12：事件序列｜不规整｜逐条评分｜清洗,事件序列,不规整,清洗,12,胃肠道症状,Spearman秩相关,99,99,99,0,0,3,43,0.41267196401805495,0.2349973829174862,0.569321836124746,2.1892168787124332e-05,0.00019998000199980003,0.35691549641260306,0.17125080075210727,0.5164380693361742,0.0002874385525293682,0.00019998000199980003,-0.05575646760545189,-0.0804305616438766,-0.034185189242320266,0.8648891311574235,formal,正式,金标准总分－对应金标准条目分；HAMD14金标准9视为无法评估且总分已不含该项,0.0004458570536388984,0.0005550465361627103,FDR显著,FDR显著,attenuated_but_significant
HAMD-17,PDCH标签99人,Kimi-K2.6,思考,12,C12：事件序列｜不规整｜逐条评分｜清洗,事件序列,不规整,清洗,13,全身症状,Spearman秩相关,99,99,99,0,0,3,43,0.5763707095969851,0.4170611747024535,0.7163964752319248,4.3009554701389135e-10,9.999000099990002e-05,0.5420822482117273,0.35921450649896897,0.6890590008940107,6.835951192754533e-09,9.999000099990002e-05,-0.03428846138525776,-0.05853231278726968,-0.014985688704578842,0.9405097087441636,formal,正式,金标准总分－对应金标准条目分；HAMD14金标准9视为无法评估且总分已不含该项,0.00024724800247248,0.0003316741496582049,FDR显著,FDR显著,attenuated_but_significant
HAMD-17,PDCH标签99人,Kimi-K2.6,思考,12,C12：事件序列｜不规整｜逐条评分｜清洗,事件序列,不规整,清洗,14,性症状,Spearman秩相关,99,59,59,40,40,3,43,0.3861133702175478,0.16087490077856262,0.6024092624680192,0.002524326776910319,0.0029997000299970002,0.32975240871123035,0.07523720415451025,0.5404605946747388,0.010758229085594194,0.010298970102989701,-0.056360961506317475,-0.10128320769521727,-0.019295281615167425,0.8540300185032131,formal,正式,金标准总分－对应金标准条目分；HAMD14金标准9视为无法评估且总分已不含该项,0.004743711675344093,0.01556288815562888,FDR显著,FDR显著,attenuated_but_significant
HAMD-17,PDCH标签99人,Kimi-K2.6,思考,12,C12：事件序列｜不规整｜逐条评分｜清洗,事件序列,不规整,清洗,15,疑病,Spearman秩相关,99,99,99,0,0,3,43,0.0016237570753000557,-0.19565029650406052,0.20162653310663214,0.9872734830729375,0.9871012898710129,-0.05899297349919815,-0.25805006175761386,0.1374544785914708,0.5618987710264411,0.5680431956804319,-0.06061673057449821,-0.09321135103570778,-0.03184598691538621,-36.331157164193904,formal,正式,金标准总分－对应金标准条目分；HAMD14金标准9视为无法评估且总分已不含该项,0.9871012898710128,0.5808562000942762,FDR不显著,FDR不显著,weak_both
HAMD-17,PDCH标签99人,Kimi-K2.6,思考,12,C12：事件序列｜不规整｜逐条评分｜清洗,事件序列,不规整,清洗,16,体重减轻,Spearman秩相关,99,99,99,0,0,3,43,0.2518904858437807,0.06285554501944453,0.4269210481685314,0.011898402887987516,0.0131986801319868,0.18892857058706292,-0.01629176553269542,0.3630493095234693,0.061089725051440676,0.0613938606139386,-0.0629619152567178,-0.09877897044680367,-0.03227443572887574,0.750042503408541,formal,正式,金标准总分－对应金标准条目分；HAMD14金标准9视为无法评估且总分已不含该项,0.01742738347524471,0.07388995613712965,FDR显著,FDR不显著,overlap_dependent
HAMD-17,PDCH标签99人,Kimi-K2.6,思考,12,C12：事件序列｜不规整｜逐条评分｜清洗,事件序列,不规整,清洗,17,自知力,Spearman秩相关,99,99,99,0,0,2,43,0.18982098155894803,-0.05947823295403172,0.39626957958513953,0.05985556979840801,0.062993700629937,0.18500408366508098,-0.07040100211513499,0.3977287735047524,0.06676561212567607,0.06719328067193281,-0.00481689789386705,-0.021555629003555937,0.009162641801716416,0.9746239964923414,formal,正式,金标准总分－对应金标准条目分；HAMD14金标准9视为无法评估且总分已不含该项,0.071992800719928,0.08016040501213037,FDR不显著,FDR不显著,weak_both
HAMD-17,PDCH标签99人,Kimi-K2.6,思考,15,C15：事件序列｜规整｜逐条评分｜不清洗,事件序列,规整,不清洗,1,抑郁情绪,Spearman秩相关,99,99,99,0,0,5,47,0.4799509916971174,0.2713808503715723,0.6518192144902251,4.986237439680967e-07,9.999000099990002e-05,0.4443963704073749,0.23767966521397174,0.611368391165759,4.06673062871907e-06,9.999000099990002e-05,-0.035554621289742516,-0.061422037673855276,-0.014550431014167007,0.925920308729813,formal,正式,金标准总分－对应金标准条目分；HAMD14金标准9视为无法评估且总分已不含该项,0.00024724800247248,0.0003316741496582049,FDR显著,FDR显著,attenuated_but_significant
HAMD-17,PDCH标签99人,Kimi-K2.6,思考,15,C15：事件序列｜规整｜逐条评分｜不清洗,事件序列,规整,不清洗,2,有罪感,Spearman秩相关,99,99,99,0,0,4,47,0.2813238661541052,0.08103578487933588,0.45384284806860353,0.004790498608733814,0.0045995400459954,0.24068752394648113,0.05217027942535738,0.4193343814242504,0.01640459199708968,0.017798220177982202,-0.04063634220762408,-0.07069614590588104,-0.012478468869558956,0.8555531645318565,formal,正式,金标准总分－对应金标准条目分；HAMD14金标准9视为无法评估且总分已不含该项,0.0068740378709381805,0.02602750477640408,FDR显著,FDR显著,attenuated_but_significant
HAMD-17,PDCH标签99人,Kimi-K2.6,思考,15,C15：事件序列｜规整｜逐条评分｜不清洗,事件序列,规整,不清洗,3,自杀,Spearman秩相关,99,99,99,0,0,5,47,0.3492841642899408,0.16330660630081686,0.5125392567421329,0.00039487304032558305,0.00039996000399960006,0.2776387488525319,0.0827293753900197,0.4598126268926387,0.0053973663167856106,0.004899510048995101,-0.07164541543740888,-0.10727113876216533,-0.040975919873946956,0.7948792909548111,formal,正式,金标准总分－对应金标准条目分；HAMD14金标准9视为无法评估且总分已不含该项,0.0007661205710414874,0.00812601666662602,FDR显著,FDR显著,attenuated_but_significant
HAMD-17,PDCH标签99人,Kimi-K2.6,思考,15,C15：事件序列｜规整｜逐条评分｜不清洗,事件序列,规整,不清洗,4,入睡困难,Spearman秩相关,99,99,99,0,0,3,47,0.40130918926368025,0.22931934133518286,0.5611617990894882,3.843383122254027e-05,0.00029997000299970003,0.36465188465464604,0.1942261763699834,0.5281886796221741,0.00020661724931840108,0.0004999500049995,-0.036657304609034214,-0.060974525956093886,-0.015341834869198878,0.9086557059002491,formal,正式,金标准总分－对应金标准条目分；HAMD14金标准9视为无法评估且总分已不含该项,0.0006088943344471524,0.0011928631698233684,FDR显著,FDR显著,attenuated_but_significant
HAMD-17,PDCH标签99人,Kimi-K2.6,思考,15,C15：事件序列｜规整｜逐条评分｜不清洗,事件序列,规整,不清洗,5,睡眠不深,Spearman秩相关,99,99,99,0,0,3,47,0.13307221797061777,-0.07511824904926917,0.3273012957222974,0.18915452636619753,0.1882811718828117,0.09620798366724824,-0.10885534306816602,0.287745352781452,0.3434860743645464,0.3371662833716628,-0.036864234303369534,-0.06365037800403778,-0.0136528778879056,0.7229757280252959,formal,正式,金标准总分－对应金标准条目分；HAMD14金标准9视为无法评估且总分已不含该项,0.20162393209497947,0.35823917608239175,FDR不显著,FDR不显著,weak_both
HAMD-17,PDCH标签99人,Kimi-K2.6,思考,15,C15：事件序列｜规整｜逐条评分｜不清洗,事件序列,规整,不清洗,6,早醒,Spearman秩相关,99,99,99,0,0,3,47,0.3644574094054374,0.17725016458060558,0.5349551764763583,0.000208360485180659,0.00029997000299970003,0.31241274894371995,0.11767100523607074,0.47992781625932046,0.0016428883642915575,0.0014998500149985001,-0.05204466046171746,-0.0785854155551041,-0.029264314657897503,0.857199609285976,formal,正式,金标准总分－对应金标准条目分；HAMD14金标准9视为无法评估且总分已不含该项,0.0006088943344471524,0.0031871812818718127,FDR显著,FDR显著,attenuated_but_significant
HAMD-17,PDCH标签99人,Kimi-K2.6,思考,15,C15：事件序列｜规整｜逐条评分｜不清洗,事件序列,规整,不清洗,7,工作和活动,Spearman秩相关,99,99,99,0,0,5,47,0.5375740787532681,0.3620989505022956,0.6831061208679843,9.613587503955882e-09,9.999000099990002e-05,0.4925229137919378,0.31712207674684323,0.6443649886261772,2.2392421047310785e-07,9.999000099990002e-05,-0.045051164961330326,-0.07636480618553558,-0.019006863052111037,0.9161954291661306,formal,正式,金标准总分－对应金标准条目分；HAMD14金标准9视为无法评估且总分已不含该项,0.00024724800247248,0.0003316741496582049,FDR显著,FDR显著,attenuated_but_significant
HAMD-17,PDCH标签99人,Kimi-K2.6,思考,15,C15：事件序列｜规整｜逐条评分｜不清洗,事件序列,规整,不清洗,8,迟滞,Spearman秩相关,99,99,99,0,0,3,47,0.297067021173719,0.11660552840737994,0.46954974793432924,0.002826935529500953,0.0029997000299970002,0.3107973999879314,0.13181091629747085,0.4789150152687622,0.001741846899945938,0.001999800019998,0.013730378814212352,-0.003330368468252577,0.03159079222347061,1.046219801713308,formal,正式,金标准总分－对应金标准条目分；HAMD14金标准9视为无法评估且总分已不含该项,0.004743711675344093,0.004059295562981015,FDR显著,FDR显著,robust_cross_symptom
HAMD-17,PDCH标签99人,Kimi-K2.6,思考,15,C15：事件序列｜规整｜逐条评分｜不清洗,事件序列,规整,不清洗,9,激越,Spearman秩相关,99,99,99,0,0,4,47,0.24716456135126397,0.05555202137103687,0.43079607205850523,0.013647176362387806,0.016198380161983803,0.23621731537644852,0.0425819906087989,0.42008350093291713,0.018577691865643363,0.0197980201979802,-0.010947245974815445,-0.03234467292387745,0.009338366167541292,0.9557086747591719,formal,正式,金标准总分－对应金标准条目分；HAMD14金标准9视为无法评估且总分已不含该项,0.021182497134901897,0.028038433270075054,FDR显著,FDR显著,robust_cross_symptom
HAMD-17,PDCH标签99人,Kimi-K2.6,思考,15,C15：事件序列｜规整｜逐条评分｜不清洗,事件序列,规整,不清洗,10,精神性焦虑,Spearman秩相关,99,99,99,0,0,4,47,0.4522324553870162,0.2774273105726038,0.6128359253795556,2.612621811604544e-06,9.999000099990002e-05,0.4042747624769288,0.22466791579936035,0.5736969072688468,3.324857409366357e-05,9.999000099990002e-05,-0.04795769291008739,-0.07574051169300186,-0.02477198132255199,0.8939534473061079,formal,正式,金标准总分－对应金标准条目分；HAMD14金标准9视为无法评估且总分已不含该项,0.00024724800247248,0.0003316741496582049,FDR显著,FDR显著,attenuated_but_significant
HAMD-17,PDCH标签99人,Kimi-K2.6,思考,15,C15：事件序列｜规整｜逐条评分｜不清洗,事件序列,规整,不清洗,11,躯体性焦虑,Spearman秩相关,99,99,99,0,0,4,47,0.5380048969214283,0.3698327788896223,0.6760355461246013,9.307383595339535e-09,9.999000099990002e-05,0.47686246637017815,0.309008060366766,0.6218185267768006,6.040634214293794e-07,9.999000099990002e-05,-0.061142430551250126,-0.09022721815057134,-0.036828229719314924,0.8863533939911712,formal,正式,金标准总分－对应金标准条目分；HAMD14金标准9视为无法评估且总分已不含该项,0.00024724800247248,0.0003316741496582049,FDR显著,FDR显著,attenuated_but_significant
HAMD-17,PDCH标签99人,Kimi-K2.6,思考,15,C15：事件序列｜规整｜逐条评分｜不清洗,事件序列,规整,不清洗,12,胃肠道症状,Spearman秩相关,99,99,99,0,0,3,47,0.42992628090115886,0.2590302637076119,0.5902917315238291,8.949917040563343e-06,9.999000099990002e-05,0.3656595144621172,0.1786778183135604,0.5279039662106708,0.0001977990179834206,0.00039996000399960006,-0.06426676643904167,-0.08977065557095981,-0.04158662669726043,0.8505167762614243,formal,正式,金标准总分－对应金标准条目分；HAMD14金标准9视为无法评估且总分已不含该项,0.00024724800247248,0.000971331438284743,FDR显著,FDR显著,attenuated_but_significant
HAMD-17,PDCH标签99人,Kimi-K2.6,思考,15,C15：事件序列｜规整｜逐条评分｜不清洗,事件序列,规整,不清洗,13,全身症状,Spearman秩相关,99,99,99,0,0,3,47,0.46886108070187626,0.279695807587526,0.6316839034908569,9.843642672996228e-07,9.999000099990002e-05,0.4259641459377236,0.23269314048981518,0.5925980618180727,1.103862121325011e-05,9.999000099990002e-05,-0.04289693476415268,-0.07216093297653373,-0.020545436527647766,0.9085082201748612,formal,正式,金标准总分－对应金标准条目分；HAMD14金标准9视为无法评估且总分已不含该项,0.00024724800247248,0.0003316741496582049,FDR显著,FDR显著,attenuated_but_significant
HAMD-17,PDCH标签99人,Kimi-K2.6,思考,15,C15：事件序列｜规整｜逐条评分｜不清洗,事件序列,规整,不清洗,14,性症状,Spearman秩相关,99,65,65,34,34,3,47,0.388195705623493,0.17018120238822468,0.5768930121385043,0.001396765286887086,0.001999800019998,0.3261091336031134,0.09652304017736457,0.5324826175187372,0.008023951226903638,0.0084991500849915,-0.06208657202037959,-0.10150525419257733,-0.02705685603306154,0.8400637330063699,formal,正式,金标准总分－对应金标准条目分；HAMD14金标准9视为无法评估且总分已不含该项,0.0032767807556593736,0.0131350501313505,FDR显著,FDR显著,attenuated_but_significant
HAMD-17,PDCH标签99人,Kimi-K2.6,思考,15,C15：事件序列｜规整｜逐条评分｜不清洗,事件序列,规整,不清洗,15,疑病,Spearman秩相关,99,99,99,0,0,3,47,0.08015121415949224,-0.12017057052845104,0.27184741152596315,0.43032472232974106,0.42875712428757123,0.020216860593732608,-0.17792152048343196,0.2110124867753537,0.842559387759469,0.842015798420158,-0.05993435356575963,-0.08833322811354226,-0.0303982822531979,0.2522339905357297,formal,正式,金标准总分－对应金标准条目分；HAMD14金标准9视为无法评估且总分已不含该项,0.44174976441749764,0.842015798420158,FDR不显著,FDR不显著,weak_both
HAMD-17,PDCH标签99人,Kimi-K2.6,思考,15,C15：事件序列｜规整｜逐条评分｜不清洗,事件序列,规整,不清洗,16,体重减轻,Spearman秩相关,99,99,99,0,0,3,47,0.2634861943122156,0.0843255763772836,0.4272623220159797,0.00841134129035307,0.008799120087991202,0.19498691648586514,0.010496479109420729,0.3537862523139135,0.05310541312035808,0.05169483051694831,-0.06849927782635046,-0.10420168186634585,-0.03962213428048162,0.7400270704688882,formal,正式,金标准总分－对应金标准条目分；HAMD14金标准9视为无法评估且总分已不含该项,0.011966803319668033,0.06333781036310784,FDR显著,FDR不显著,overlap_dependent
HAMD-17,PDCH标签99人,Kimi-K2.6,思考,15,C15：事件序列｜规整｜逐条评分｜不清洗,事件序列,规整,不清洗,17,自知力,Spearman秩相关,99,99,99,0,0,3,47,-0.07734660271859985,-0.307025137486104,0.1493366621259376,0.44668335113896523,0.4420557944205579,-0.07886637293992514,-0.31456872972937816,0.15709620466926744,0.437776017648787,0.43555644435556445,-0.001519770221325295,-0.011494172880910468,0.006839548081633421,,formal,正式,金标准总分－对应金标准条目分；HAMD14金标准9视为无法评估且总分已不含该项,0.45202697775335243,0.4487551244875513,FDR不显著,FDR不显著,weak_both
HAMD-17,PDCH标签99人,Kimi-K2.6,思考,16,C16：事件序列｜规整｜逐条评分｜清洗,事件序列,规整,清洗,1,抑郁情绪,Spearman秩相关,99,99,99,0,0,5,49,0.47577098138296225,0.2855333434052988,0.6451211629574639,6.46144382682404e-07,9.999000099990002e-05,0.4454347856591123,0.2571668014564385,0.6101815489824938,3.837538193173032e-06,9.999000099990002e-05,-0.030336195723849935,-0.05528198994569835,-0.009425583237889,0.936237818381295,formal,正式,金标准总分－对应金标准条目分；HAMD14金标准9视为无法评估且总分已不含该项,0.00024724800247248,0.0003316741496582049,FDR显著,FDR显著,attenuated_but_significant
HAMD-17,PDCH标签99人,Kimi-K2.6,思考,16,C16：事件序列｜规整｜逐条评分｜清洗,事件序列,规整,清洗,2,有罪感,Spearman秩相关,99,99,99,0,0,4,49,0.19601548546565706,0.001990173997434765,0.38099415171478834,0.05183913981054674,0.053594640535946404,0.1510392092275043,-0.04882928289984974,0.3469915567515366,0.13561777689995994,0.13088691130886912,-0.04497627623815276,-0.0759937278939331,-0.01595527168483839,0.7705473313432023,formal,正式,金标准总分－对应金标准条目分；HAMD14金标准9视为无法评估且总分已不含该项,0.06177009417702298,0.148338499483385,FDR不显著,FDR不显著,weak_both
HAMD-17,PDCH标签99人,Kimi-K2.6,思考,16,C16：事件序列｜规整｜逐条评分｜清洗,事件序列,规整,清洗,3,自杀,Spearman秩相关,99,99,99,0,0,5,49,0.43670997611512175,0.2624296999404794,0.5870978433525013,6.211133062129754e-06,9.999000099990002e-05,0.37215007691003016,0.20205413050069826,0.5314564925491235,0.0001488359937666415,0.00019998000199980003,-0.06455989920509159,-0.1018945096432867,-0.03425005325557993,0.8521675648919161,formal,正式,金标准总分－对应金标准条目分；HAMD14金标准9视为无法评估且总分已不含该项,0.00024724800247248,0.0005550465361627103,FDR显著,FDR显著,attenuated_but_significant
HAMD-17,PDCH标签99人,Kimi-K2.6,思考,16,C16：事件序列｜规整｜逐条评分｜清洗,事件序列,规整,清洗,4,入睡困难,Spearman秩相关,99,99,99,0,0,3,49,0.42232189228507333,0.2490376696311283,0.5745935318653628,1.3355256028664193e-05,9.999000099990002e-05,0.3936964016546808,0.2232158796701896,0.5456514609666495,5.540888858796666e-05,0.00019998000199980003,-0.028625490630392547,-0.05289886634769754,-0.006715312269558295,0.9322187858282518,formal,正式,金标准总分－对应金标准条目分；HAMD14金标准9视为无法评估且总分已不含该项,0.00024724800247248,0.0005550465361627103,FDR显著,FDR显著,attenuated_but_significant
HAMD-17,PDCH标签99人,Kimi-K2.6,思考,16,C16：事件序列｜规整｜逐条评分｜清洗,事件序列,规整,清洗,5,睡眠不深,Spearman秩相关,99,99,99,0,0,3,49,0.2714889472691448,0.0946256320298972,0.4480318485616757,0.006563284144125308,0.006899310068993101,0.2222863251719529,0.037163409466947336,0.3935270266250343,0.027009785251528997,0.030396960303969604,-0.049202622097191895,-0.08055734175774856,-0.021014630868127725,0.8187674946176939,formal,正式,金标准总分－对应金标准条目分；HAMD14金标准9视为无法评估且总分已不含该项,0.009673259478175893,0.039749871166729484,FDR显著,FDR显著,attenuated_but_significant
HAMD-17,PDCH标签99人,Kimi-K2.6,思考,16,C16：事件序列｜规整｜逐条评分｜清洗,事件序列,规整,清洗,6,早醒,Spearman秩相关,99,99,99,0,0,3,49,0.3960629281971301,0.2204157306470097,0.5499926106019188,4.950033943724449e-05,0.00019998000199980003,0.343769956530098,0.15908562256764416,0.5043136915939759,0.0004942788746732792,0.0008999100089991,-0.05229297166703212,-0.07726852223996171,-0.030483049766104716,0.8679680223921269,formal,正式,金标准总分－对应金标准条目分；HAMD14金标准9视为无法评估且总分已不含该项,0.0004458570536388984,0.0020743688343030104,FDR显著,FDR显著,attenuated_but_significant
HAMD-17,PDCH标签99人,Kimi-K2.6,思考,16,C16：事件序列｜规整｜逐条评分｜清洗,事件序列,规整,清洗,7,工作和活动,Spearman秩相关,99,99,99,0,0,5,49,0.523541271359051,0.3488555175974785,0.6683893774209485,2.6927696351877885e-08,9.999000099990002e-05,0.4771564059953957,0.2988207576826394,0.6239240401551374,5.931833139547818e-07,9.999000099990002e-05,-0.046384865363655325,-0.07851723027395459,-0.018889556494758247,0.911401702404004,formal,正式,金标准总分－对应金标准条目分；HAMD14金标准9视为无法评估且总分已不含该项,0.00024724800247248,0.0003316741496582049,FDR显著,FDR显著,attenuated_but_significant
HAMD-17,PDCH标签99人,Kimi-K2.6,思考,16,C16：事件序列｜规整｜逐条评分｜清洗,事件序列,规整,清洗,8,迟滞,Spearman秩相关,99,99,99,0,0,3,49,0.2782060935111453,0.09089055844764139,0.45148678931486635,0.005299697867915095,0.0058994100589941,0.285005076262139,0.1015577635704002,0.45654944598125863,0.004245726322330701,0.003999600039996,0.006798982750993721,-0.011529572646467673,0.025160047325786427,1.0244386550459268,formal,正式,金标准总分－对应金标准条目分；HAMD14金标准9视为无法评估且总分已不含该项,0.008445471242349449,0.007064228642070857,FDR显著,FDR显著,robust_cross_symptom
HAMD-17,PDCH标签99人,Kimi-K2.6,思考,16,C16：事件序列｜规整｜逐条评分｜清洗,事件序列,规整,清洗,9,激越,Spearman秩相关,99,99,99,0,0,4,49,0.21267212595320548,0.010789233838697686,0.397073731537448,0.03456419803832934,0.0365963403659634,0.19224712318130976,-0.007966342705962135,0.37604658949753705,0.05660294334530264,0.05729427057294271,-0.02042500277189571,-0.04413039529664063,0.0012902689158685906,0.9039601326203422,formal,正式,金标准总分－对应金标准条目分；HAMD14金标准9视为无法评估且总分已不含该项,0.043397399390495736,0.06957161426714471,FDR显著,FDR不显著,overlap_dependent
HAMD-17,PDCH标签99人,Kimi-K2.6,思考,16,C16：事件序列｜规整｜逐条评分｜清洗,事件序列,规整,清洗,10,精神性焦虑,Spearman秩相关,99,99,99,0,0,4,49,0.37798539490558086,0.18211746414412405,0.5364431278302709,0.00011466175778283723,9.999000099990002e-05,0.340498376006565,0.1618193514007578,0.5117336829899078,0.0005636263002354182,0.0007999200079992001,-0.037487018899015845,-0.06398079074368075,-0.012916665498438593,0.9008241603928111,formal,正式,金标准总分－对应金标准条目分；HAMD14金标准9视为无法评估且总分已不含该项,0.00024724800247248,0.0018756745015153656,FDR显著,FDR显著,attenuated_but_significant
HAMD-17,PDCH标签99人,Kimi-K2.6,思考,16,C16：事件序列｜规整｜逐条评分｜清洗,事件序列,规整,清洗,11,躯体性焦虑,Spearman秩相关,99,99,99,0,0,4,49,0.5477271218385847,0.3831416905530547,0.6780833309016594,4.428650615575104e-09,9.999000099990002e-05,0.492016508020707,0.32420229208299994,0.636608279209514,2.3140660899617203e-07,9.999000099990002e-05,-0.05571061381787773,-0.08325369245817019,-0.032016930537817616,0.8982876479972893,formal,正式,金标准总分－对应金标准条目分；HAMD14金标准9视为无法评估且总分已不含该项,0.00024724800247248,0.0003316741496582049,FDR显著,FDR显著,attenuated_but_significant
HAMD-17,PDCH标签99人,Kimi-K2.6,思考,16,C16：事件序列｜规整｜逐条评分｜清洗,事件序列,规整,清洗,12,胃肠道症状,Spearman秩相关,99,99,99,0,0,3,49,0.41325275430037123,0.24040498826511855,0.5656236745627962,2.1259648630329624e-05,0.00019998000199980003,0.35430833330869427,0.17195140695557712,0.5231847661536674,0.0003206645695014793,0.00029997000299970003,-0.05894442099167696,-0.08532609127224917,-0.03611136515791494,0.8573647232152906,formal,正式,金标准总分－对应金标准条目分；HAMD14金标准9视为无法评估且总分已不含该项,0.0004458570536388984,0.0007845369309222924,FDR显著,FDR显著,attenuated_but_significant
HAMD-17,PDCH标签99人,Kimi-K2.6,思考,16,C16：事件序列｜规整｜逐条评分｜清洗,事件序列,规整,清洗,13,全身症状,Spearman秩相关,99,99,99,0,0,3,49,0.4708849698653008,0.2955212592294256,0.6270479792746991,8.710044189518407e-07,9.999000099990002e-05,0.43284556189502976,0.25026671855934896,0.6018659369687406,7.65533729659721e-06,9.999000099990002e-05,-0.038039407970271055,-0.06471959861247703,-0.01598655373242857,0.9192171965455758,formal,正式,金标准总分－对应金标准条目分；HAMD14金标准9视为无法评估且总分已不含该项,0.00024724800247248,0.0003316741496582049,FDR显著,FDR显著,attenuated_but_significant
HAMD-17,PDCH标签99人,Kimi-K2.6,思考,16,C16：事件序列｜规整｜逐条评分｜清洗,事件序列,规整,清洗,14,性症状,Spearman秩相关,99,64,64,35,35,3,49,0.3640512701590145,0.12793835850229304,0.5707661815324023,0.003104369038066628,0.0040995900409959,0.30502426217748696,0.060849518252222616,0.5169753792495945,0.014253405316094108,0.017598240175982403,-0.059027007981527546,-0.10203172218829375,-0.025132713526602277,0.8378607278152194,formal,正式,金标准总分－对应金标准条目分；HAMD14金标准9视为无法评估且总分已不含该项,0.006264542085117331,0.02601478982536529,FDR显著,FDR显著,attenuated_but_significant
HAMD-17,PDCH标签99人,Kimi-K2.6,思考,16,C16：事件序列｜规整｜逐条评分｜清洗,事件序列,规整,清洗,15,疑病,Spearman秩相关,99,99,99,0,0,3,49,0.14726588319661993,-0.04293239432095697,0.3163181451208415,0.14577686651072688,0.14508549145085492,0.10201676140455242,-0.10007426048157184,0.2829535481624766,0.31499944822784376,0.30996900309969005,-0.04524912179206751,-0.07413754286570413,-0.01831927617187935,0.6927385976312396,formal,正式,金标准总分－对应金标准条目分；HAMD14金标准9视为无法评估且总分已不含该项,0.15785301469853016,0.3319353104059673,FDR不显著,FDR不显著,weak_both
HAMD-17,PDCH标签99人,Kimi-K2.6,思考,16,C16：事件序列｜规整｜逐条评分｜清洗,事件序列,规整,清洗,16,体重减轻,Spearman秩相关,99,99,99,0,0,3,49,0.2913407777392837,0.10050213322220626,0.45563991128161374,0.0034364041844443215,0.0026997300269973002,0.22920267104778513,0.035022029831200695,0.4047714849958802,0.022486736705679286,0.022897710228977103,-0.06213810669149855,-0.09468374886451701,-0.03250472378211829,0.7867167542639535,formal,正式,金标准总分－对应金标准条目分；HAMD14金标准9视为无法评估且总分已不含该项,0.004370991472281343,0.03114088591140886,FDR显著,FDR显著,attenuated_but_significant
HAMD-17,PDCH标签99人,Kimi-K2.6,思考,16,C16：事件序列｜规整｜逐条评分｜清洗,事件序列,规整,清洗,17,自知力,Spearman秩相关,99,99,99,0,0,3,49,-0.114857725069183,-0.3195744403267444,0.10548359309521359,0.2576104673498565,0.25877412258774124,-0.11688219205337684,-0.3166851596126792,0.09125566027066201,0.24926056197671226,0.24877512248775122,-0.00202446698419384,-0.013408844294748118,0.00786631423850988,,formal,正式,金标准总分－对应金标准条目分；HAMD14金标准9视为无法评估且总分已不含该项,0.27281612923978926,0.2750684281165379,FDR不显著,FDR不显著,weak_both
HAMD-17,PDCH标签99人,Qwen3.7-Max,不思考,3,C03：全文｜不规整｜逐条评分｜不清洗,全文,不规整,不清洗,1,抑郁情绪,Spearman秩相关,99,99,99,0,0,4,8,0.6036928509507241,0.4489845453861727,0.7305355758910214,3.734207240839368e-11,9.999000099990002e-05,0.5716895525372803,0.4119597775030787,0.7036934686935791,6.393545584130194e-10,9.999000099990002e-05,-0.03200329841344385,-0.05412265600445312,-0.013151531449225332,0.9469874483969066,formal,正式,金标准总分－对应金标准条目分；HAMD14金标准9视为无法评估且总分已不含该项,0.00020296477814905076,0.00025182666918493335,FDR显著,FDR显著,attenuated_but_significant
HAMD-17,PDCH标签99人,Qwen3.7-Max,不思考,3,C03：全文｜不规整｜逐条评分｜不清洗,全文,不规整,不清洗,2,有罪感,Spearman秩相关,99,99,99,0,0,4,8,0.3753410826158687,0.1952747035538091,0.5264164727037065,0.00012912838753239753,0.00019998000199980003,0.3283108739425223,0.1502529774231371,0.49228284028140024,0.0009078493229711819,0.0010998900109989002,-0.047030208673346396,-0.07827980464658238,-0.018217887343825956,0.8747000772055693,formal,正式,金标准总分－对应金标准条目分；HAMD14金标准9视为无法评估且总分已不含该项,0.00035785895094701055,0.0018698130186981302,FDR显著,FDR显著,attenuated_but_significant
HAMD-17,PDCH标签99人,Qwen3.7-Max,不思考,3,C03：全文｜不规整｜逐条评分｜不清洗,全文,不规整,不清洗,3,自杀,Spearman秩相关,99,99,99,0,0,5,8,0.42712167130956885,0.2565426445026688,0.5802089829136334,1.0385315442072485e-05,9.999000099990002e-05,0.3562401251631665,0.1709568387946351,0.5227199471522865,0.00029572647677049614,0.00039996000399960006,-0.07088154614640235,-0.10685515031348244,-0.04006109876588671,0.8340483499020848,formal,正式,金标准总分－对应金标准条目分；HAMD14金标准9视为无法评估且总分已不含该项,0.00020296477814905076,0.0007770651506277944,FDR显著,FDR显著,attenuated_but_significant
HAMD-17,PDCH标签99人,Qwen3.7-Max,不思考,3,C03：全文｜不规整｜逐条评分｜不清洗,全文,不规整,不清洗,4,入睡困难,Spearman秩相关,99,99,99,0,0,3,8,0.4269483556824837,0.24859407405782863,0.5735030207260272,1.048076511393912e-05,9.999000099990002e-05,0.39442981321259313,0.2093434904700464,0.5516003099493857,5.3510920499744375e-05,0.00019998000199980003,-0.032518542469890555,-0.054075394632729486,-0.011817795961808047,0.9238349509089708,formal,正式,金标准总分－对应金标准条目分；HAMD14金标准9视为无法评估且总分已不含该项,0.00020296477814905076,0.00045328800453288,FDR显著,FDR显著,attenuated_but_significant
HAMD-17,PDCH标签99人,Qwen3.7-Max,不思考,3,C03：全文｜不规整｜逐条评分｜不清洗,全文,不规整,不清洗,5,睡眠不深,Spearman秩相关,99,99,99,0,0,3,8,0.2759109729899049,0.07184321650221613,0.4567911071971646,0.005704730740432905,0.006299370062993701,0.233699642412668,0.030771136904968056,0.4157963503044682,0.01990747801276431,0.0184981501849815,-0.042211330577236916,-0.06871941440392784,-0.018390700151771563,0.8470110480934684,formal,正式,金标准总分－对应金标准条目分；HAMD14金标准9视为无法评估且总分已不含该项,0.007449689813627334,0.022263260399623754,FDR显著,FDR显著,attenuated_but_significant
HAMD-17,PDCH标签99人,Qwen3.7-Max,不思考,3,C03：全文｜不规整｜逐条评分｜不清洗,全文,不规整,不清洗,6,早醒,Spearman秩相关,99,99,99,0,0,3,8,0.3686665560838665,0.17155503217664522,0.531357507572472,0.0001735096973617822,0.00029997000299970003,0.30809537369874157,0.12067824036619991,0.4810425048028511,0.0019194957407575423,0.0021997800219978004,-0.06057118238512493,-0.08987449946337436,-0.03416904128680757,0.8357019876483024,formal,正式,金标准总分－对应金标准条目分；HAMD14金标准9视为无法评估且总分已不含该项,0.0004915171133489061,0.0031826604573585195,FDR显著,FDR显著,attenuated_but_significant
HAMD-17,PDCH标签99人,Qwen3.7-Max,不思考,3,C03：全文｜不规整｜逐条评分｜不清洗,全文,不规整,不清洗,7,工作和活动,Spearman秩相关,99,99,99,0,0,5,8,0.6144544257797407,0.44479551898284475,0.7474175673612784,1.336316820660171e-11,9.999000099990002e-05,0.5828196525492016,0.41069495259819366,0.7186853036354454,2.465351648563594e-10,9.999000099990002e-05,-0.03163477323053909,-0.05775247448714531,-0.009221839962912193,0.9485156719468744,formal,正式,金标准总分－对应金标准条目分；HAMD14金标准9视为无法评估且总分已不含该项,0.00020296477814905076,0.00025182666918493335,FDR显著,FDR显著,attenuated_but_significant
HAMD-17,PDCH标签99人,Qwen3.7-Max,不思考,3,C03：全文｜不规整｜逐条评分｜不清洗,全文,不规整,不清洗,8,迟滞,Spearman秩相关,99,99,99,0,0,3,8,0.550780151883875,0.381461499368539,0.6951129394112929,3.490144579326835e-09,9.999000099990002e-05,0.5543140219845368,0.3855753927695995,0.700839015070299,2.641327248429533e-09,9.999000099990002e-05,0.0035338701006618622,-0.01303720517410233,0.01988519379580907,1.0064161173720125,formal,正式,金标准总分－对应金标准条目分；HAMD14金标准9视为无法评估且总分已不含该项,0.00020296477814905076,0.00025182666918493335,FDR显著,FDR显著,robust_cross_symptom
HAMD-17,PDCH标签99人,Qwen3.7-Max,不思考,3,C03：全文｜不规整｜逐条评分｜不清洗,全文,不规整,不清洗,9,激越,Spearman秩相关,99,99,99,0,0,4,8,0.33434048001379557,0.14378981976224464,0.5149367103420424,0.0007188629734986527,0.0004999500049995,0.3231146806750535,0.11955461533405463,0.5020760221769974,0.001105954382720064,0.0017998200179982,-0.01122579933874207,-0.02881735838574529,0.006742719847062957,0.9664240497044244,formal,正式,金标准总分－对应金标准条目分；HAMD14金标准9视为无法评估且总分已不含该项,0.0007390565291296957,0.0027197280271972803,FDR显著,FDR显著,robust_cross_symptom
HAMD-17,PDCH标签99人,Qwen3.7-Max,不思考,3,C03：全文｜不规整｜逐条评分｜不清洗,全文,不规整,不清洗,10,精神性焦虑,Spearman秩相关,99,99,99,0,0,4,8,0.528134539334414,0.3647294994385961,0.6657909131020584,1.932037393467401e-08,9.999000099990002e-05,0.4712671485235436,0.30095077951150534,0.6254352385068861,8.510367184226147e-07,9.999000099990002e-05,-0.05686739081087039,-0.08627528359522263,-0.0312218316811703,0.8923240451523242,formal,正式,金标准总分－对应金标准条目分；HAMD14金标准9视为无法评估且总分已不含该项,0.00020296477814905076,0.00025182666918493335,FDR显著,FDR显著,attenuated_but_significant
HAMD-17,PDCH标签99人,Qwen3.7-Max,不思考,3,C03：全文｜不规整｜逐条评分｜不清洗,全文,不规整,不清洗,11,躯体性焦虑,Spearman秩相关,99,99,99,0,0,4,8,0.5523615885885786,0.39450818658251136,0.6846317367602851,3.0821901830837993e-09,9.999000099990002e-05,0.4893806543758307,0.30438337753668593,0.6309174297021928,2.743504090104293e-07,9.999000099990002e-05,-0.06298093421274792,-0.09223978799151443,-0.03823454977236701,0.8859787944819264,formal,正式,金标准总分－对应金标准条目分；HAMD14金标准9视为无法评估且总分已不含该项,0.00020296477814905076,0.00025182666918493335,FDR显著,FDR显著,attenuated_but_significant
HAMD-17,PDCH标签99人,Qwen3.7-Max,不思考,3,C03：全文｜不规整｜逐条评分｜不清洗,全文,不规整,不清洗,12,胃肠道症状,Spearman秩相关,99,99,99,0,0,3,8,0.5023126376576212,0.3461666294289663,0.6382993911920792,1.1737346230304998e-07,9.999000099990002e-05,0.44134986609073845,0.27594335952801413,0.5950538632278507,4.815927599370894e-06,9.999000099990002e-05,-0.06096277156688279,-0.08722128295249777,-0.03776622021455528,0.8786357997060084,formal,正式,金标准总分－对应金标准条目分；HAMD14金标准9视为无法评估且总分已不含该项,0.00020296477814905076,0.00025182666918493335,FDR显著,FDR显著,attenuated_but_significant
HAMD-17,PDCH标签99人,Qwen3.7-Max,不思考,3,C03：全文｜不规整｜逐条评分｜不清洗,全文,不规整,不清洗,13,全身症状,Spearman秩相关,99,99,99,0,0,3,8,0.638524716563378,0.503515991774974,0.7449769109695407,1.1584600120823266e-12,9.999000099990002e-05,0.6013623187726131,0.4663057298668847,0.7165074851699313,4.6415426381420505e-11,9.999000099990002e-05,-0.0371623977907648,-0.06343843792752073,-0.01624275609168585,0.9417995939283641,formal,正式,金标准总分－对应金标准条目分；HAMD14金标准9视为无法评估且总分已不含该项,0.00020296477814905076,0.00025182666918493335,FDR显著,FDR显著,attenuated_but_significant
HAMD-17,PDCH标签99人,Qwen3.7-Max,不思考,3,C03：全文｜不规整｜逐条评分｜不清洗,全文,不规整,不清洗,14,性症状,Spearman秩相关,99,58,58,41,41,3,8,0.47547130088011,0.24882932696261592,0.6664375232356771,0.00016205291024389094,0.0004999500049995,0.40890992601759074,0.16405991628770517,0.6150601402848846,0.0014377992066602241,0.0023997600239976003,-0.06656137486251928,-0.10896018103820158,-0.030530249000326283,0.8600096898817817,formal,正式,金标准总分－对应金标准条目分；HAMD14金标准9视为无法评估且总分已不含该项,0.0007390565291296957,0.003435445929091302,FDR显著,FDR显著,attenuated_but_significant
HAMD-17,PDCH标签99人,Qwen3.7-Max,不思考,3,C03：全文｜不规整｜逐条评分｜不清洗,全文,不规整,不清洗,15,疑病,Spearman秩相关,99,99,99,0,0,3,8,0.1464667187472026,-0.041639910310413884,0.3337231189642991,0.14800024647661594,0.15328467153284672,0.08690450000458697,-0.10655810083313766,0.27485415203117747,0.39237020047246124,0.39416058394160586,-0.059562218742615636,-0.09044146444239795,-0.03222003459652578,0.5933395705722176,formal,正式,金标准总分－对应金标准条目分；HAMD14金标准9视为无法评估且总分已不含该项,0.15913523151501646,0.4092048810386137,FDR不显著,FDR不显著,weak_both
HAMD-17,PDCH标签99人,Qwen3.7-Max,不思考,3,C03：全文｜不规整｜逐条评分｜不清洗,全文,不规整,不清洗,16,体重减轻,Spearman秩相关,99,99,99,0,0,3,8,0.3299899709985718,0.13722196380518956,0.48897568026242705,0.0008511204155729954,0.000999900009999,0.26456338013549974,0.07487025884194005,0.4383312079250004,0.008138505069201758,0.0086991300869913,-0.06542659086307206,-0.10058208359955129,-0.033860426312158055,0.8017315778867861,formal,正式,金标准总分－对应金标准条目分；HAMD14金标准9视为无法评估且总分已不含该项,0.001373600013736,0.010954460109544602,FDR显著,FDR显著,attenuated_but_significant
HAMD-17,PDCH标签99人,Qwen3.7-Max,不思考,3,C03：全文｜不规整｜逐条评分｜不清洗,全文,不规整,不清洗,17,自知力,Spearman秩相关,99,99,99,0,0,2,8,0.30188512751926777,0.07789085713822151,0.46513629680783636,0.002391397969621574,0.0017998200179982,0.3006109221718697,0.07321040616990518,0.47533300769213055,0.00250027098223505,0.0017998200179982,-0.001274205347398083,-0.016662882161694273,0.010426111959215235,0.9957791715084846,formal,正式,金标准总分－对应金标准条目分；HAMD14金标准9视为无法评估且总分已不含该项,0.00222523202225232,0.0027197280271972803,FDR显著,FDR显著,robust_cross_symptom
HAMD-17,PDCH标签99人,Qwen3.7-Max,不思考,4,C04：全文｜不规整｜逐条评分｜清洗,全文,不规整,清洗,1,抑郁情绪,Spearman秩相关,99,99,99,0,0,4,6,0.5969218043699754,0.4469118253412436,0.7298045922076848,6.99128210787821e-11,9.999000099990002e-05,0.5682336977675472,0.4037223364838448,0.7000944648476146,8.533543202561571e-10,9.999000099990002e-05,-0.028688106602428265,-0.050101501294330816,-0.011662261641089366,0.9519399251419417,formal,正式,金标准总分－对应金标准条目分；HAMD14金标准9视为无法评估且总分已不含该项,0.00020296477814905076,0.00025182666918493335,FDR显著,FDR显著,attenuated_but_significant
HAMD-17,PDCH标签99人,Qwen3.7-Max,不思考,4,C04：全文｜不规整｜逐条评分｜清洗,全文,不规整,清洗,2,有罪感,Spearman秩相关,99,99,99,0,0,4,6,0.3761765665737679,0.1947596120174695,0.5413258429704743,0.0001243841780108383,0.00029997000299970003,0.3321177248042325,0.14445063432020958,0.5072036094974607,0.0007838860030381274,0.0010998900109989002,-0.044058841769535395,-0.07289122681082391,-0.018545101504871587,0.8828772292468263,formal,正式,金标准总分－对应金标准条目分；HAMD14金标准9视为无法评估且总分已不含该项,0.0004915171133489061,0.0018698130186981302,FDR显著,FDR显著,attenuated_but_significant
HAMD-17,PDCH标签99人,Qwen3.7-Max,不思考,4,C04：全文｜不规整｜逐条评分｜清洗,全文,不规整,清洗,3,自杀,Spearman秩相关,99,99,99,0,0,5,6,0.36034495348268136,0.16684990143452666,0.5275283099104526,0.0002485617167229909,0.0004999500049995,0.2892755809797873,0.09626510556757187,0.4621756822377877,0.0036835669098325323,0.004899510048995101,-0.07106937250289408,-0.10728327414610432,-0.040755749192206404,0.8027740590897168,formal,正式,金标准总分－对应金标准条目分；HAMD14金标准9视为无法评估且总分已不含该项,0.0007390565291296957,0.00634603206346032,FDR显著,FDR显著,attenuated_but_significant
HAMD-17,PDCH标签99人,Qwen3.7-Max,不思考,4,C04：全文｜不规整｜逐条评分｜清洗,全文,不规整,清洗,4,入睡困难,Spearman秩相关,99,99,99,0,0,3,6,0.3853563119449708,0.197793178463784,0.5498534323033397,8.188956228732315e-05,0.00019998000199980003,0.35053740698610814,0.16886588608342742,0.5250791079258451,0.00037501277754374335,0.0004999500049995,-0.03481890495886264,-0.057726099729450114,-0.015033002870918386,0.9096449081549368,formal,正式,金标准总分－对应金标准条目分；HAMD14金标准9视为无法评估且总分已不含该项,0.00035785895094701055,0.000931413707944274,FDR显著,FDR显著,attenuated_but_significant
HAMD-17,PDCH标签99人,Qwen3.7-Max,不思考,4,C04：全文｜不规整｜逐条评分｜清洗,全文,不规整,清洗,5,睡眠不深,Spearman秩相关,99,99,99,0,0,3,6,0.23870834048772807,0.05209953022803661,0.4178874491608947,0.01733800391751838,0.018098190180981903,0.19268034981852006,-0.002022545583330699,0.37572788533958473,0.0560376610930313,0.05499450054994501,-0.04602799066920801,-0.07340415055894364,-0.020941369040134473,0.8071789591634554,formal,正式,金标准总分－对应金标准条目分；HAMD14金标准9视为无法评估且总分已不含该项,0.020511282205112825,0.061305344875348534,FDR显著,FDR不显著,overlap_dependent
HAMD-17,PDCH标签99人,Qwen3.7-Max,不思考,4,C04：全文｜不规整｜逐条评分｜清洗,全文,不规整,清洗,6,早醒,Spearman秩相关,99,99,99,0,0,3,6,0.3826502910309971,0.19899471767287452,0.5365504139204564,9.274749751271422e-05,0.00019998000199980003,0.3236458356522978,0.12746534128074055,0.4933397395386213,0.001084035128361088,0.0011998800119988001,-0.059004455378699305,-0.08498194215176645,-0.03390199613523938,0.8458005736263257,formal,正式,金标准总分－对应金标准条目分；HAMD14金标准9视为无法评估且总分已不含该项,0.00035785895094701055,0.0019900448979492296,FDR显著,FDR显著,attenuated_but_significant
HAMD-17,PDCH标签99人,Qwen3.7-Max,不思考,4,C04：全文｜不规整｜逐条评分｜清洗,全文,不规整,清洗,7,工作和活动,Spearman秩相关,99,99,99,0,0,5,6,0.6416664306661767,0.48544606275432567,0.7633110955152794,8.28565822182336e-13,9.999000099990002e-05,0.6070348641687068,0.44045196568599404,0.7348774519748678,2.7251762875206417e-11,9.999000099990002e-05,-0.0346315664974699,-0.06301752235098176,-0.010628869384901924,0.9460287076861486,formal,正式,金标准总分－对应金标准条目分；HAMD14金标准9视为无法评估且总分已不含该项,0.00020296477814905076,0.00025182666918493335,FDR显著,FDR显著,attenuated_but_significant
HAMD-17,PDCH标签99人,Qwen3.7-Max,不思考,4,C04：全文｜不规整｜逐条评分｜清洗,全文,不规整,清洗,8,迟滞,Spearman秩相关,99,99,99,0,0,3,6,0.5093866937911748,0.32977951921853826,0.6649856042423049,7.266571812187686e-08,9.999000099990002e-05,0.507909304758056,0.3237565699770632,0.6611151160525254,8.039148501877345e-08,9.999000099990002e-05,-0.0014773890331188921,-0.024760310798236478,0.018178253071972742,0.9970996709354082,formal,正式,金标准总分－对应金标准条目分；HAMD14金标准9视为无法评估且总分已不含该项,0.00020296477814905076,0.00025182666918493335,FDR显著,FDR显著,robust_cross_symptom
HAMD-17,PDCH标签99人,Qwen3.7-Max,不思考,4,C04：全文｜不规整｜逐条评分｜清洗,全文,不规整,清洗,9,激越,Spearman秩相关,99,99,99,0,0,4,6,0.3108321911787725,0.11926666844802562,0.49390503641120304,0.0017396599101719206,0.0014998500149985001,0.30067454089057133,0.10161570215372796,0.48263018055778883,0.0024947310507326867,0.0026997300269973002,-0.010157650288201148,-0.029585238665953955,0.007520346418548943,0.9673211122384713,formal,正式,金标准总分－对应金标准条目分；HAMD14金标准9视为无法评估且总分已不含该项,0.0018887000188870001,0.003746564119098294,FDR显著,FDR显著,robust_cross_symptom
HAMD-17,PDCH标签99人,Qwen3.7-Max,不思考,4,C04：全文｜不规整｜逐条评分｜清洗,全文,不规整,清洗,10,精神性焦虑,Spearman秩相关,99,99,99,0,0,4,6,0.4777300533342216,0.2904979965754464,0.6194456981606611,5.724831227542697e-07,9.999000099990002e-05,0.4225826128770029,0.22969952958834244,0.5884059120154702,1.3175327386230974e-05,9.999000099990002e-05,-0.0551474404572187,-0.08210198099570275,-0.030102007361609513,0.884563593869952,formal,正式,金标准总分－对应金标准条目分；HAMD14金标准9视为无法评估且总分已不含该项,0.00020296477814905076,0.00025182666918493335,FDR显著,FDR显著,attenuated_but_significant
HAMD-17,PDCH标签99人,Qwen3.7-Max,不思考,4,C04：全文｜不规整｜逐条评分｜清洗,全文,不规整,清洗,11,躯体性焦虑,Spearman秩相关,99,99,99,0,0,4,6,0.6142719125229432,0.4717837364016122,0.726325724798887,1.3602524073171998e-11,9.999000099990002e-05,0.5552307116811074,0.4055938746716613,0.6821635725910139,2.4558301640982904e-09,9.999000099990002e-05,-0.05904120084183584,-0.08656334692916902,-0.03480815436721159,0.9038842577070775,formal,正式,金标准总分－对应金标准条目分；HAMD14金标准9视为无法评估且总分已不含该项,0.00020296477814905076,0.00025182666918493335,FDR显著,FDR显著,attenuated_but_significant
HAMD-17,PDCH标签99人,Qwen3.7-Max,不思考,4,C04：全文｜不规整｜逐条评分｜清洗,全文,不规整,清洗,12,胃肠道症状,Spearman秩相关,99,99,99,0,0,3,6,0.44914100331508083,0.2828139837132122,0.587829955588172,3.115009818417006e-06,9.999000099990002e-05,0.3865999616358401,0.2039468558916752,0.5431287038330019,7.73069550647701e-05,0.00029997000299970003,-0.06254104167924074,-0.08962351720700582,-0.038398505563247906,0.8607541034605406,formal,正式,金标准总分－对应金标准条目分；HAMD14金标准9视为无法评估且总分已不含该项,0.00020296477814905076,0.0006276295447378339,FDR显著,FDR显著,attenuated_but_significant
HAMD-17,PDCH标签99人,Qwen3.7-Max,不思考,4,C04：全文｜不规整｜逐条评分｜清洗,全文,不规整,清洗,13,全身症状,Spearman秩相关,99,99,99,0,0,3,6,0.6047566502468963,0.46076942870827137,0.7214360994293235,3.379283794794813e-11,9.999000099990002e-05,0.5682129523155308,0.41928523731069617,0.7001748276790551,8.548260097774911e-10,9.999000099990002e-05,-0.03654369793136547,-0.06059669296398751,-0.015833419678298988,0.9395728878443151,formal,正式,金标准总分－对应金标准条目分；HAMD14金标准9视为无法评估且总分已不含该项,0.00020296477814905076,0.00025182666918493335,FDR显著,FDR显著,attenuated_but_significant
HAMD-17,PDCH标签99人,Qwen3.7-Max,不思考,4,C04：全文｜不规整｜逐条评分｜清洗,全文,不规整,清洗,14,性症状,Spearman秩相关,99,57,57,42,42,3,6,0.4865450422727148,0.2503478493132847,0.6858737010726534,0.00012430719039549732,9.999000099990002e-05,0.41967826718638196,0.1551734727660866,0.6280166518942262,0.0011550088312285364,0.0012998700129987,-0.06686677508633282,-0.11172985376425303,-0.031306401556859036,0.8625681709261912,formal,正式,金标准总分－对应金标准条目分；HAMD14金标准9视为无法评估且总分已不含该项,0.00020296477814905076,0.002104551449616943,FDR显著,FDR显著,attenuated_but_significant
HAMD-17,PDCH标签99人,Qwen3.7-Max,不思考,4,C04：全文｜不规整｜逐条评分｜清洗,全文,不规整,清洗,15,疑病,Spearman秩相关,99,99,99,0,0,3,6,0.10308845513687828,-0.08683625837509666,0.2807075244234111,0.30991583462511635,0.31196880311968805,0.050233827089870856,-0.13176424386711194,0.2387288288296064,0.6214584704012639,0.6143385661433857,-0.052854628047007426,-0.08357695865940398,-0.024136036932928803,0.487288581666799,formal,正式,金标准总分－对应金标准条目分；HAMD14金标准9视为无法评估且总分已不含该项,0.3190056934156209,0.623507798473884,FDR不显著,FDR不显著,weak_both
HAMD-17,PDCH标签99人,Qwen3.7-Max,不思考,4,C04：全文｜不规整｜逐条评分｜清洗,全文,不规整,清洗,16,体重减轻,Spearman秩相关,99,99,99,0,0,3,6,0.2685411239790698,0.07247845448900114,0.44960375318488804,0.0071973607558563826,0.007099290070992901,0.21087611864356307,0.024417399377409384,0.3990772650896201,0.03615630228537195,0.0357964203579642,-0.05766500533550675,-0.09419488237124815,-0.027581040148815947,0.7852656439316863,formal,正式,金标准总分－对应金标准条目分；HAMD14金标准9视为无法评估且总分已不含该项,0.008323305600474435,0.04160951426224899,FDR显著,FDR显著,attenuated_but_significant
HAMD-17,PDCH标签99人,Qwen3.7-Max,不思考,4,C04：全文｜不规整｜逐条评分｜清洗,全文,不规整,清洗,17,自知力,Spearman秩相关,99,99,99,0,0,2,6,0.17171812924183796,-0.06184714980078941,0.38405529031991525,0.08922064952429637,0.08819118088191182,0.1729630221306992,-0.06843936969275245,0.377573334766031,0.086890664692621,0.0877912208779122,0.001244892888861232,-0.014479796779448714,0.01482208126776073,1.007249629927589,formal,正式,金标准总分－对应金标准条目分；HAMD14金标准9视为无法评估且总分已不含该项,0.0937031296870313,0.09628714547900048,FDR不显著,FDR不显著,weak_both
HAMD-17,PDCH标签99人,Qwen3.7-Max,不思考,7,C07：全文｜规整｜逐条评分｜不清洗,全文,规整,不清洗,1,抑郁情绪,Spearman秩相关,99,99,99,0,0,5,6,0.5587565631740005,0.3941990735571683,0.6999268843264207,1.8521139591958462e-09,9.999000099990002e-05,0.526649683266783,0.3612044532430435,0.6756030596364185,2.1520869953468476e-08,9.999000099990002e-05,-0.0321068799072175,-0.06271412983383304,-0.007523549111412827,0.9425386974878016,formal,正式,金标准总分－对应金标准条目分；HAMD14金标准9视为无法评估且总分已不含该项,0.00020296477814905076,0.00025182666918493335,FDR显著,FDR显著,attenuated_but_significant
HAMD-17,PDCH标签99人,Qwen3.7-Max,不思考,7,C07：全文｜规整｜逐条评分｜不清洗,全文,规整,不清洗,2,有罪感,Spearman秩相关,99,99,99,0,0,4,6,0.36014323967794915,0.17225193557336635,0.5324617381957636,0.00025070669550476246,0.00039996000399960006,0.31691766352842443,0.11937549914176553,0.49722866653399894,0.0013932261923755977,0.0018998100189981002,-0.043225576149524714,-0.07271947708134477,-0.016510279584659067,0.8799767109659525,formal,正式,金标准总分－对应金标准条目分；HAMD14金标准9视为无法评估且总分已不含该项,0.0006181200061812001,0.002839276511909249,FDR显著,FDR显著,attenuated_but_significant
HAMD-17,PDCH标签99人,Qwen3.7-Max,不思考,7,C07：全文｜规整｜逐条评分｜不清洗,全文,规整,不清洗,3,自杀,Spearman秩相关,99,99,99,0,0,5,6,0.449851903187507,0.27787305624630526,0.5988666949488145,2.991994175183256e-06,9.999000099990002e-05,0.3905783884858154,0.2031844451221117,0.562760853216906,6.420024775141955e-05,0.00019998000199980003,-0.05927351470169162,-0.09133866990129068,-0.031125222239184142,0.8682377149419656,formal,正式,金标准总分－对应金标准条目分；HAMD14金标准9视为无法评估且总分已不含该项,0.00020296477814905076,0.00045328800453288,FDR显著,FDR显著,attenuated_but_significant
HAMD-17,PDCH标签99人,Qwen3.7-Max,不思考,7,C07：全文｜规整｜逐条评分｜不清洗,全文,规整,不清洗,4,入睡困难,Spearman秩相关,99,99,99,0,0,3,6,0.3990467587053803,0.2109175820359861,0.5620645471726612,4.288757885015944e-05,0.00019998000199980003,0.3636504499059843,0.1840054384189358,0.5354913847636534,0.0002157401612701405,0.00019998000199980003,-0.03539630879939604,-0.057876728755590696,-0.015958425423023427,0.9112978416007397,formal,正式,金标准总分－对应金标准条目分；HAMD14金标准9视为无法评估且总分已不含该项,0.00035785895094701055,0.00045328800453288,FDR显著,FDR显著,attenuated_but_significant
HAMD-17,PDCH标签99人,Qwen3.7-Max,不思考,7,C07：全文｜规整｜逐条评分｜不清洗,全文,规整,不清洗,5,睡眠不深,Spearman秩相关,99,99,99,0,0,3,6,0.23727845490693317,0.03718342838242432,0.4227899304235552,0.018040567252458773,0.0163983601639836,0.1926804783435712,-0.0026519478926961067,0.3853699074305945,0.056037494080411705,0.05449455054494551,-0.04459797656336198,-0.07228852064173377,-0.017699529794962372,0.8120437163970303,formal,正式,金标准总分－对应金标准条目分；HAMD14金标准9视为无法评估且总分已不含该项,0.018740983044552687,0.06125007333977346,FDR显著,FDR不显著,overlap_dependent
HAMD-17,PDCH标签99人,Qwen3.7-Max,不思考,7,C07：全文｜规整｜逐条评分｜不清洗,全文,规整,不清洗,6,早醒,Spearman秩相关,99,99,99,0,0,3,6,0.3721490621325873,0.19541114557501557,0.5315677366414292,0.0001488426820677276,0.0006999300069993001,0.3183344779901567,0.13993708597488713,0.48471784861285633,0.0013221458407353722,0.0013998600139986002,-0.05381458414243062,-0.08232486199595054,-0.029428709359307758,0.8553950832657,formal,正式,金标准总分－对应金标准条目分；HAMD14金标准9视为无法评估且总分已不含该项,0.000991567509915675,0.0022397760223977605,FDR显著,FDR显著,attenuated_but_significant
HAMD-17,PDCH标签99人,Qwen3.7-Max,不思考,7,C07：全文｜规整｜逐条评分｜不清洗,全文,规整,不清洗,7,工作和活动,Spearman秩相关,99,99,99,0,0,5,6,0.556928288979923,0.3934371487053064,0.7034511483640199,2.144777316493948e-09,9.999000099990002e-05,0.5262918916543053,0.3505939695624356,0.6759745447483364,2.208583664542519e-08,9.999000099990002e-05,-0.030636397325617626,-0.06300709515727923,-0.004145821384909834,0.9449904091211965,formal,正式,金标准总分－对应金标准条目分；HAMD14金标准9视为无法评估且总分已不含该项,0.00020296477814905076,0.00025182666918493335,FDR显著,FDR显著,attenuated_but_significant
HAMD-17,PDCH标签99人,Qwen3.7-Max,不思考,7,C07：全文｜规整｜逐条评分｜不清洗,全文,规整,不清洗,8,迟滞,Spearman秩相关,99,99,99,0,0,4,6,0.3618066676087758,0.18162597831650187,0.5430705137983436,0.00023351724504914486,0.0004999500049995,0.36372342057599183,0.17278265850703803,0.5372284121202321,0.0002150630386740098,9.999000099990002e-05,0.001916752967216051,-0.01994991109642313,0.02245296972911758,1.0052977270426886,formal,正式,金标准总分－对应金标准条目分；HAMD14金标准9视为无法评估且总分已不含该项,0.0007390565291296957,0.00025182666918493335,FDR显著,FDR显著,robust_cross_symptom
HAMD-17,PDCH标签99人,Qwen3.7-Max,不思考,7,C07：全文｜规整｜逐条评分｜不清洗,全文,规整,不清洗,9,激越,Spearman秩相关,99,99,99,0,0,4,6,0.3393007002854696,0.15930393099768383,0.5097782508369735,0.0005911676344186225,0.0008999100089991,0.3282459932226453,0.1286692763340005,0.5047051748797613,0.0009101090033372739,0.0008999100089991,-0.011054707062824298,-0.03055246229926195,0.007493391599457672,0.967419144571398,formal,正式,金标准总分－对应金标准条目分；HAMD14金标准9视为无法评估且总分已不含该项,0.001248854706366098,0.0015690738618445847,FDR显著,FDR显著,robust_cross_symptom
HAMD-17,PDCH标签99人,Qwen3.7-Max,不思考,7,C07：全文｜规整｜逐条评分｜不清洗,全文,规整,不清洗,10,精神性焦虑,Spearman秩相关,99,99,99,0,0,4,6,0.4622209373673238,0.2755005741243326,0.6186717662307858,1.462565957915819e-06,9.999000099990002e-05,0.418189490286962,0.2281252490043068,0.585196665024934,1.6533801956449353e-05,9.999000099990002e-05,-0.044031447080361774,-0.0677384649985672,-0.022291793942655964,0.9047393929596697,formal,正式,金标准总分－对应金标准条目分；HAMD14金标准9视为无法评估且总分已不含该项,0.00020296477814905076,0.00025182666918493335,FDR显著,FDR显著,attenuated_but_significant
HAMD-17,PDCH标签99人,Qwen3.7-Max,不思考,7,C07：全文｜规整｜逐条评分｜不清洗,全文,规整,不清洗,11,躯体性焦虑,Spearman秩相关,99,99,99,0,0,5,6,0.5885872482015848,0.41991770723598015,0.7325608116108604,1.483235210636167e-10,9.999000099990002e-05,0.5392837686079056,0.35641148163083547,0.6864264255161472,8.452415321839047e-09,9.999000099990002e-05,-0.0493034795936792,-0.07510413572453885,-0.026627342314492524,0.9162342036047759,formal,正式,金标准总分－对应金标准条目分；HAMD14金标准9视为无法评估且总分已不含该项,0.00020296477814905076,0.00025182666918493335,FDR显著,FDR显著,attenuated_but_significant
HAMD-17,PDCH标签99人,Qwen3.7-Max,不思考,7,C07：全文｜规整｜逐条评分｜不清洗,全文,规整,不清洗,12,胃肠道症状,Spearman秩相关,99,99,99,0,0,3,6,0.43074727132312346,0.24465516837974247,0.5995086540392809,8.566424817128277e-06,9.999000099990002e-05,0.3794114969179749,0.18595262620581948,0.5538044004009139,0.00010749910866110695,0.00019998000199980003,-0.05133577440514858,-0.07567816908107358,-0.02900711980623557,0.8808215911676913,formal,正式,金标准总分－对应金标准条目分；HAMD14金标准9视为无法评估且总分已不含该项,0.00020296477814905076,0.00045328800453288,FDR显著,FDR显著,attenuated_but_significant
HAMD-17,PDCH标签99人,Qwen3.7-Max,不思考,7,C07：全文｜规整｜逐条评分｜不清洗,全文,规整,不清洗,13,全身症状,Spearman秩相关,99,99,99,0,0,3,6,0.5237451523660172,0.3547576064385126,0.6698152752937303,2.6536558686983285e-08,9.999000099990002e-05,0.4875747068885827,0.30614624933052,0.6376502512826632,3.0803625366538653e-07,9.999000099990002e-05,-0.036170445477434476,-0.06089032171241377,-0.015967938056297294,0.9309388443710942,formal,正式,金标准总分－对应金标准条目分；HAMD14金标准9视为无法评估且总分已不含该项,0.00020296477814905076,0.00025182666918493335,FDR显著,FDR显著,attenuated_but_significant
HAMD-17,PDCH标签99人,Qwen3.7-Max,不思考,7,C07：全文｜规整｜逐条评分｜不清洗,全文,规整,不清洗,14,性症状,Spearman秩相关,99,52,52,47,47,3,6,0.3935117384113389,0.11685223242219565,0.629569313313562,0.0039003651283323073,0.0040995900409959,0.34836847649110925,0.06931861876527663,0.5823618977874484,0.011377581668020439,0.0098990100989901,-0.04514326192022966,-0.08788637469831893,-0.008135508543681464,0.8852810284580601,formal,正式,金标准总分－对应金标准条目分；HAMD14金标准9视为无法评估且总分已不含该项,0.0049340198723490485,0.012238776122387761,FDR显著,FDR显著,attenuated_but_significant
HAMD-17,PDCH标签99人,Qwen3.7-Max,不思考,7,C07：全文｜规整｜逐条评分｜不清洗,全文,规整,不清洗,15,疑病,Spearman秩相关,99,99,99,0,0,4,6,0.15622174068541278,-0.04088643450798182,0.3498175915236957,0.12255373329734029,0.12518748125187482,0.09625733727294614,-0.10423588558999249,0.28251733299356685,0.3432374200178136,0.3508649135086491,-0.059964403412466644,-0.08958789400193853,-0.033870440861323334,0.6161583967162528,formal,正式,金标准总分－对应金标准条目分；HAMD14金标准9视为无法评估且总分已不含该项,0.13096536500196135,0.36705867874750986,FDR不显著,FDR不显著,weak_both
HAMD-17,PDCH标签99人,Qwen3.7-Max,不思考,7,C07：全文｜规整｜逐条评分｜不清洗,全文,规整,不清洗,16,体重减轻,Spearman秩相关,99,99,99,0,0,3,6,0.3619728769838838,0.18692547868404522,0.5186390109429512,0.00023186089586076306,0.0006999300069993001,0.3039043059121333,0.12329790866246339,0.4689877700813344,0.002227598793159858,0.0016998300169983002,-0.05806857107175051,-0.09035309236602553,-0.031298939997277696,0.839577562950011,formal,正式,金标准总分－对应金标准条目分；HAMD14金标准9视为无法评估且总分已不含该项,0.000991567509915675,0.0026270100262701,FDR显著,FDR显著,attenuated_but_significant
HAMD-17,PDCH标签99人,Qwen3.7-Max,不思考,7,C07：全文｜规整｜逐条评分｜不清洗,全文,规整,不清洗,17,自知力,Spearman秩相关,99,99,99,0,0,2,6,0.19822264636415013,-0.009507726894903056,0.3905803133335571,0.04920573231632729,0.0504949505049495,0.17933960512111297,-0.0381881804445951,0.3733843795193186,0.07570418987456133,0.0724927507249275,-0.018883041243037163,-0.037996282655245434,-0.002431148697610531,0.9047382244693294,formal,正式,金标准总分－对应金标准条目分；HAMD14金标准9视为无法评估且总分已不含该项,0.05407333282419789,0.08015458616739951,FDR不显著,FDR不显著,weak_both
HAMD-17,PDCH标签99人,Qwen3.7-Max,不思考,8,C08：全文｜规整｜逐条评分｜清洗,全文,规整,清洗,1,抑郁情绪,Spearman秩相关,99,99,99,0,0,5,14,0.471543589658553,0.29146427045603346,0.6367269116963236,8.368647521864805e-07,9.999000099990002e-05,0.45230941529767554,0.27391495982018926,0.6187039858119636,2.6011505935564735e-06,0.00029997000299970003,-0.019234174360877432,-0.04044076349146393,0.0010046401276314419,0.9592101880235399,formal,正式,金标准总分－对应金标准条目分；HAMD14金标准9视为无法评估且总分已不含该项,0.00020296477814905076,0.0006276295447378339,FDR显著,FDR显著,robust_cross_symptom
HAMD-17,PDCH标签99人,Qwen3.7-Max,不思考,8,C08：全文｜规整｜逐条评分｜清洗,全文,规整,清洗,2,有罪感,Spearman秩相关,99,99,99,0,0,4,14,0.4104606263302432,0.22794311168179904,0.5766915365409484,2.446545135137777e-05,9.999000099990002e-05,0.3718284387596223,0.18740714405510095,0.5330767739796842,0.00015096988254381546,0.00029997000299970003,-0.038632187570620924,-0.06980137932272909,-0.010249825428533272,0.9058808930931691,formal,正式,金标准总分－对应金标准条目分；HAMD14金标准9视为无法评估且总分已不含该项,0.00020296477814905076,0.0006276295447378339,FDR显著,FDR显著,attenuated_but_significant
HAMD-17,PDCH标签99人,Qwen3.7-Max,不思考,8,C08：全文｜规整｜逐条评分｜清洗,全文,规整,清洗,3,自杀,Spearman秩相关,99,99,99,0,0,5,14,0.4631875266870074,0.2852297130675874,0.6274283184310918,1.3813632708750259e-06,9.999000099990002e-05,0.40973838991837996,0.22388574010151938,0.574828329633145,2.5365487340893398e-05,0.00019998000199980003,-0.05344913676862745,-0.0840876144617896,-0.026941588389589727,0.8846058374003992,formal,正式,金标准总分－对应金标准条目分；HAMD14金标准9视为无法评估且总分已不含该项,0.00020296477814905076,0.00045328800453288,FDR显著,FDR显著,attenuated_but_significant
HAMD-17,PDCH标签99人,Qwen3.7-Max,不思考,8,C08：全文｜规整｜逐条评分｜清洗,全文,规整,清洗,4,入睡困难,Spearman秩相关,99,99,99,0,0,3,14,0.32762559754610887,0.1354865243599831,0.4969657821478951,0.0009319768227315,0.0014998500149985001,0.2878885725749945,0.08698199636823067,0.4499307799451839,0.0038583763226854267,0.0046995300469953,-0.039737024971114365,-0.06477549481550543,-0.01946466686472601,0.8787120870019263,formal,正式,金标准总分－对应金标准条目分；HAMD14金标准9视为无法评估且总分已不含该项,0.0018887000188870001,0.006145539292224624,FDR显著,FDR显著,attenuated_but_significant
HAMD-17,PDCH标签99人,Qwen3.7-Max,不思考,8,C08：全文｜规整｜逐条评分｜清洗,全文,规整,清洗,5,睡眠不深,Spearman秩相关,99,99,99,0,0,3,14,0.21488521729243032,0.03040659933697127,0.3918189281702679,0.03268383467786153,0.03899610038996101,0.17158016667369821,-0.02525972582852928,0.34834995892017734,0.08948188576177361,0.08899110088991101,-0.043305050618732105,-0.07426312561921096,-0.01664942888497389,0.7984735703815322,formal,正式,金标准总分－对应金标准条目分；HAMD14金标准9视为无法评估且总分已不含该项,0.04276991655673143,0.09682231776822317,FDR显著,FDR不显著,overlap_dependent
HAMD-17,PDCH标签99人,Qwen3.7-Max,不思考,8,C08：全文｜规整｜逐条评分｜清洗,全文,规整,清洗,6,早醒,Spearman秩相关,99,99,99,0,0,3,14,0.35071290810307093,0.16363560250902065,0.5179883546348202,0.000372306164133067,0.00039996000399960006,0.3025309623614818,0.1067663552424323,0.47264271212217057,0.002337863257925186,0.0030996900309969004,-0.04818194574158913,-0.07646403640852817,-0.024027974293171172,0.8626171303411823,formal,正式,金标准总分－对应金标准条目分；HAMD14金标准9视为无法评估且总分已不含该项,0.0006181200061812001,0.004215578442155784,FDR显著,FDR显著,attenuated_but_significant
HAMD-17,PDCH标签99人,Qwen3.7-Max,不思考,8,C08：全文｜规整｜逐条评分｜清洗,全文,规整,清洗,7,工作和活动,Spearman秩相关,99,99,99,0,0,5,14,0.5072479111724689,0.3268543918315231,0.6597625827152661,8.409829215237939e-08,9.999000099990002e-05,0.4873923467845706,0.31294770079258266,0.6373174829909989,3.1164817485858617e-07,9.999000099990002e-05,-0.019855564387898317,-0.049656839959793746,0.0055371185268623755,0.9608562914689909,formal,正式,金标准总分－对应金标准条目分；HAMD14金标准9视为无法评估且总分已不含该项,0.00020296477814905076,0.00025182666918493335,FDR显著,FDR显著,robust_cross_symptom
HAMD-17,PDCH标签99人,Qwen3.7-Max,不思考,8,C08：全文｜规整｜逐条评分｜清洗,全文,规整,清洗,8,迟滞,Spearman秩相关,99,99,99,0,0,4,14,0.33574545227261626,0.14674137044583765,0.49279865773047504,0.0006803475387028757,0.0010998900109989002,0.33040950664667956,0.14847674648985829,0.5093069185649722,0.0008374609993474693,0.0014998500149985001,-0.0053359456259367,-0.028211500210509853,0.015200992052049896,0.984107169315866,formal,正式,金标准总分－对应金标准条目分；HAMD14金标准9视为无法评估且总分已不含该项,0.0014665200146652003,0.0023718558376720467,FDR显著,FDR显著,robust_cross_symptom
HAMD-17,PDCH标签99人,Qwen3.7-Max,不思考,8,C08：全文｜规整｜逐条评分｜清洗,全文,规整,清洗,9,激越,Spearman秩相关,99,99,99,0,0,4,14,0.24206979002405063,0.039416657647701595,0.42002746607990993,0.01577875951972513,0.015798420157984203,0.22780011915230203,0.03749302188609052,0.4108463409577897,0.023347538650947665,0.023497650234976502,-0.014269670871748602,-0.03402479170621637,0.006137727446732937,0.9410514179801996,formal,正式,金标准总分－对应金标准条目分；HAMD14金标准9视为无法评估且总分已不含该项,0.01820834865665976,0.02803228449084916,FDR显著,FDR显著,robust_cross_symptom
HAMD-17,PDCH标签99人,Qwen3.7-Max,不思考,8,C08：全文｜规整｜逐条评分｜清洗,全文,规整,清洗,10,精神性焦虑,Spearman秩相关,99,99,99,0,0,4,14,0.38144352852856483,0.18589706424449526,0.5609897823456421,9.800877243375219e-05,0.00029997000299970003,0.34699344591169434,0.1423029044049148,0.5284457162797441,0.00043369364309548786,0.0004999500049995,-0.03445008261687049,-0.06280469113122145,-0.007328903274662448,0.9096849728981818,formal,正式,金标准总分－对应金标准条目分；HAMD14金标准9视为无法评估且总分已不含该项,0.0004915171133489061,0.000931413707944274,FDR显著,FDR显著,attenuated_but_significant
HAMD-17,PDCH标签99人,Qwen3.7-Max,不思考,8,C08：全文｜规整｜逐条评分｜清洗,全文,规整,清洗,11,躯体性焦虑,Spearman秩相关,99,99,99,0,0,5,14,0.5449262832443456,0.366719359005424,0.7014457726248489,5.498563187505378e-09,9.999000099990002e-05,0.49844590037486974,0.31494271393245665,0.6619798302834741,1.518523263313457e-07,9.999000099990002e-05,-0.04648038286947581,-0.07429049630810249,-0.020582644836206036,0.9147033565847769,formal,正式,金标准总分－对应金标准条目分；HAMD14金标准9视为无法评估且总分已不含该项,0.00020296477814905076,0.00025182666918493335,FDR显著,FDR显著,attenuated_but_significant
HAMD-17,PDCH标签99人,Qwen3.7-Max,不思考,8,C08：全文｜规整｜逐条评分｜清洗,全文,规整,清洗,12,胃肠道症状,Spearman秩相关,99,99,99,0,0,3,14,0.4229333219294252,0.24214923811736394,0.5903801459063064,1.2936884260001003e-05,9.999000099990002e-05,0.36460325626326034,0.16593210386912483,0.5436299451812234,0.00020705187530118904,0.00029997000299970003,-0.05833006566616483,-0.08480123569388631,-0.03383573996049209,0.8620821234892001,formal,正式,金标准总分－对应金标准条目分；HAMD14金标准9视为无法评估且总分已不含该项,0.00020296477814905076,0.0006276295447378339,FDR显著,FDR显著,attenuated_but_significant
HAMD-17,PDCH标签99人,Qwen3.7-Max,不思考,8,C08：全文｜规整｜逐条评分｜清洗,全文,规整,清洗,13,全身症状,Spearman秩相关,99,99,99,0,0,3,14,0.5225944018866728,0.3552249136964181,0.6757741869663597,2.881752409470386e-08,9.999000099990002e-05,0.4797933732460889,0.30653931579328536,0.6332932267325733,5.035520067923514e-07,9.999000099990002e-05,-0.04280102864058394,-0.06520423847124122,-0.02204721830252542,0.918098953057929,formal,正式,金标准总分－对应金标准条目分；HAMD14金标准9视为无法评估且总分已不含该项,0.00020296477814905076,0.00025182666918493335,FDR显著,FDR显著,attenuated_but_significant
HAMD-17,PDCH标签99人,Qwen3.7-Max,不思考,8,C08：全文｜规整｜逐条评分｜清洗,全文,规整,清洗,14,性症状,Spearman秩相关,99,66,66,33,33,3,14,0.46676719018878887,0.2619186815117666,0.648711749611823,7.795482476524642e-05,0.00019998000199980003,0.4180802197236138,0.19543541930648586,0.6141982612375413,0.00047752357841260697,0.0005999400059994001,-0.04868697046517506,-0.08579989974663364,-0.018975838622027164,0.8956932460366739,formal,正式,金标准总分－对应金标准条目分；HAMD14金标准9视为无法评估且总分已不含该项,0.00035785895094701055,0.001102592443458357,FDR显著,FDR显著,attenuated_but_significant
HAMD-17,PDCH标签99人,Qwen3.7-Max,不思考,8,C08：全文｜规整｜逐条评分｜清洗,全文,规整,清洗,15,疑病,Spearman秩相关,99,99,99,0,0,3,14,0.17285806004918394,-0.026052006504739947,0.36452288963078083,0.08708522956207924,0.09109089091090891,0.1235124716398206,-0.08144421498425902,0.30615138528077335,0.22322558316025692,0.2273772622737726,-0.049345588409363345,-0.07788974945712314,-0.021496833419923016,0.7145311685476347,formal,正式,金标准总分－对应金标准条目分；HAMD14金标准9视为无法评估且总分已不含该项,0.09603380747196599,0.2397155633273882,FDR不显著,FDR不显著,weak_both
HAMD-17,PDCH标签99人,Qwen3.7-Max,不思考,8,C08：全文｜规整｜逐条评分｜清洗,全文,规整,清洗,16,体重减轻,Spearman秩相关,99,99,99,0,0,3,14,0.2899882948433569,0.10659276498883781,0.4699193715409853,0.003596527416085393,0.0044995500449955,0.22603261876150646,0.03209700132195094,0.392162190991676,0.024472292273584405,0.025597440255974404,-0.06395567608185046,-0.09695076614524846,-0.034888447506621026,0.7794542841241319,formal,正式,金标准总分－对应金标准条目分；HAMD14金标准9视为无法评估且总分已不含该项,0.005367884264205158,0.030271755433152338,FDR显著,FDR显著,attenuated_but_significant
HAMD-17,PDCH标签99人,Qwen3.7-Max,不思考,8,C08：全文｜规整｜逐条评分｜清洗,全文,规整,清洗,17,自知力,Spearman秩相关,99,99,99,0,0,3,14,0.21196640282625298,0.017770712803736717,0.39627365635792755,0.03518262364840027,0.036996300369963,0.19740517489984225,0.009578915717408005,0.3849589919947583,0.05016788793718139,0.050794920507949204,-0.014561227926410736,-0.033123509794532324,-0.0006985068236816725,0.931304075871182,formal,正式,金标准总分－对应金标准条目分；HAMD14金标准9视为无法评估且总分已不含该项,0.04090647845784527,0.05805133772337052,FDR显著,FDR不显著,overlap_dependent
HAMD-17,PDCH标签99人,Qwen3.7-Max,不思考,11,C11：事件序列｜不规整｜逐条评分｜不清洗,事件序列,不规整,不清洗,1,抑郁情绪,Spearman秩相关,99,99,99,0,0,4,12,0.6136842943615829,0.4505926121452749,0.7339041122269783,1.440154744162634e-11,9.999000099990002e-05,0.5871039043568617,0.42110751127376655,0.7104009357089268,1.6919087327518998e-10,9.999000099990002e-05,-0.026580390004721233,-0.04867239011041868,-0.007101338700092574,0.9566871920156066,formal,正式,金标准总分－对应金标准条目分；HAMD14金标准9视为无法评估且总分已不含该项,0.00020296477814905076,0.00025182666918493335,FDR显著,FDR显著,attenuated_but_significant
HAMD-17,PDCH标签99人,Qwen3.7-Max,不思考,11,C11：事件序列｜不规整｜逐条评分｜不清洗,事件序列,不规整,不清洗,2,有罪感,Spearman秩相关,99,99,99,0,0,3,12,0.41373202243245816,0.23802917556248962,0.5582860846774024,2.0750631531622478e-05,0.00019998000199980003,0.3683306034446142,0.19334615716030298,0.5235902524135816,0.00017607935444899331,0.00029997000299970003,-0.045401418987843944,-0.07616569821805816,-0.017552444320598663,0.8902637056689134,formal,正式,金标准总分－对应金标准条目分；HAMD14金标准9视为无法评估且总分已不含该项,0.00035785895094701055,0.0006276295447378339,FDR显著,FDR显著,attenuated_but_significant
HAMD-17,PDCH标签99人,Qwen3.7-Max,不思考,11,C11：事件序列｜不规整｜逐条评分｜不清洗,事件序列,不规整,不清洗,3,自杀,Spearman秩相关,99,99,99,0,0,5,12,0.44526003880328846,0.2581138650866001,0.6059301381801832,3.875234504149161e-06,0.00019998000199980003,0.3776762065938482,0.1892666181056891,0.5434134137339113,0.00011627200035411496,9.999000099990002e-05,-0.06758383220944025,-0.1022829721337531,-0.0366490828763811,0.8482149164091096,formal,正式,金标准总分－对应金标准条目分；HAMD14金标准9视为无法评估且总分已不含该项,0.00035785895094701055,0.00025182666918493335,FDR显著,FDR显著,attenuated_but_significant
HAMD-17,PDCH标签99人,Qwen3.7-Max,不思考,11,C11：事件序列｜不规整｜逐条评分｜不清洗,事件序列,不规整,不清洗,4,入睡困难,Spearman秩相关,99,99,99,0,0,3,12,0.47244875341192805,0.3149566773789023,0.6136136352916436,7.920099957934518e-07,9.999000099990002e-05,0.4367729848773256,0.2746776495545854,0.5808114962370992,6.18986579179926e-06,9.999000099990002e-05,-0.03567576853460247,-0.05915758785655388,-0.015038402145985744,0.9244875380092351,formal,正式,金标准总分－对应金标准条目分；HAMD14金标准9视为无法评估且总分已不含该项,0.00020296477814905076,0.00025182666918493335,FDR显著,FDR显著,attenuated_but_significant
HAMD-17,PDCH标签99人,Qwen3.7-Max,不思考,11,C11：事件序列｜不规整｜逐条评分｜不清洗,事件序列,不规整,不清洗,5,睡眠不深,Spearman秩相关,99,99,99,0,0,3,12,0.31483009752895247,0.12088057146976137,0.4835184367281086,0.0015042893761817427,0.0012998700129987,0.2575728366228369,0.07058252493678792,0.4318238898572308,0.010057309292892317,0.009999000099990002,-0.05725726090611555,-0.08451647189857099,-0.031992312313566175,0.818132823527617,formal,正式,金标准总分－对应金标准条目分；HAMD14金标准9视为无法评估且总分已不含该项,0.0016998300169983002,0.012251027149537299,FDR显著,FDR显著,attenuated_but_significant
HAMD-17,PDCH标签99人,Qwen3.7-Max,不思考,11,C11：事件序列｜不规整｜逐条评分｜不清洗,事件序列,不规整,不清洗,6,早醒,Spearman秩相关,99,99,99,0,0,3,12,0.35485356493032183,0.15998585157383075,0.5249200853207683,0.0003134366180152654,0.00029997000299970003,0.2997224405988488,0.106028180111847,0.4783630689623599,0.002578806400242991,0.0028997100289971,-0.05513112433147305,-0.08323642156135445,-0.030837357558644543,0.8446369720357791,formal,正式,金标准总分－对应金标准条目分；HAMD14金标准9视为无法评估且总分已不含该项,0.0004915171133489061,0.0039834400398344,FDR显著,FDR显著,attenuated_but_significant
HAMD-17,PDCH标签99人,Qwen3.7-Max,不思考,11,C11：事件序列｜不规整｜逐条评分｜不清洗,事件序列,不规整,不清洗,7,工作和活动,Spearman秩相关,99,99,99,0,0,5,12,0.640354507403445,0.4924269474401328,0.7654100523736953,9.534794168962228e-13,9.999000099990002e-05,0.6060698150703187,0.4461304843527356,0.7407433650919162,2.9858086205804476e-11,9.999000099990002e-05,-0.034284692333126365,-0.062147729845975934,-0.010363363498784101,0.9464598250863473,formal,正式,金标准总分－对应金标准条目分；HAMD14金标准9视为无法评估且总分已不含该项,0.00020296477814905076,0.00025182666918493335,FDR显著,FDR显著,attenuated_but_significant
HAMD-17,PDCH标签99人,Qwen3.7-Max,不思考,11,C11：事件序列｜不规整｜逐条评分｜不清洗,事件序列,不规整,不清洗,8,迟滞,Spearman秩相关,99,99,99,0,0,3,12,0.6246759194922925,0.471770288020272,0.7368963456082138,4.853669225494586e-12,9.999000099990002e-05,0.6206036058061033,0.473802604141097,0.7351163511895473,7.298256503752429e-12,9.999000099990002e-05,-0.004072313686189211,-0.0264859022783898,0.013927508269319515,0.9934809177701311,formal,正式,金标准总分－对应金标准条目分；HAMD14金标准9视为无法评估且总分已不含该项,0.00020296477814905076,0.00025182666918493335,FDR显著,FDR显著,robust_cross_symptom
HAMD-17,PDCH标签99人,Qwen3.7-Max,不思考,11,C11：事件序列｜不规整｜逐条评分｜不清洗,事件序列,不规整,不清洗,9,激越,Spearman秩相关,99,99,99,0,0,4,12,0.45222517573474097,0.28794638739676787,0.6016289823642818,2.6137093467620974e-06,9.999000099990002e-05,0.43757771521795896,0.26372744179278823,0.5923681926169453,5.924208229929115e-06,9.999000099990002e-05,-0.014647460516782007,-0.03176146830670395,0.0011675929636662684,0.9676102497102601,formal,正式,金标准总分－对应金标准条目分；HAMD14金标准9视为无法评估且总分已不含该项,0.00020296477814905076,0.00025182666918493335,FDR显著,FDR显著,robust_cross_symptom
HAMD-17,PDCH标签99人,Qwen3.7-Max,不思考,11,C11：事件序列｜不规整｜逐条评分｜不清洗,事件序列,不规整,不清洗,10,精神性焦虑,Spearman秩相关,99,99,99,0,0,4,12,0.5369525055617436,0.37222139745177424,0.6714644448092772,1.0072403080558374e-08,9.999000099990002e-05,0.4801317839394768,0.30958089938825173,0.6318481073983335,4.930272814723485e-07,9.999000099990002e-05,-0.05682072162226676,-0.08329676242077538,-0.03330737884041438,0.8941792411177547,formal,正式,金标准总分－对应金标准条目分；HAMD14金标准9视为无法评估且总分已不含该项,0.00020296477814905076,0.00025182666918493335,FDR显著,FDR显著,attenuated_but_significant
HAMD-17,PDCH标签99人,Qwen3.7-Max,不思考,11,C11：事件序列｜不规整｜逐条评分｜不清洗,事件序列,不规整,不清洗,11,躯体性焦虑,Spearman秩相关,99,99,99,0,0,4,12,0.6210958034959361,0.47318331757072346,0.7305951255674127,6.949351711494882e-12,9.999000099990002e-05,0.573679580014258,0.41940171111665914,0.697174509036364,5.406016461226188e-10,9.999000099990002e-05,-0.047416223481678066,-0.07516953041339221,-0.024376186853149403,0.9236571504512052,formal,正式,金标准总分－对应金标准条目分；HAMD14金标准9视为无法评估且总分已不含该项,0.00020296477814905076,0.00025182666918493335,FDR显著,FDR显著,attenuated_but_significant
HAMD-17,PDCH标签99人,Qwen3.7-Max,不思考,11,C11：事件序列｜不规整｜逐条评分｜不清洗,事件序列,不规整,不清洗,12,胃肠道症状,Spearman秩相关,99,99,99,0,0,3,12,0.5080151596727448,0.3550935440139981,0.6405719005822923,7.981286771494531e-08,9.999000099990002e-05,0.4417465774125494,0.28272921807070694,0.5891970292064111,4.711481079709803e-06,9.999000099990002e-05,-0.06626858226019539,-0.09249953650108256,-0.04323557598121409,0.8695539276763226,formal,正式,金标准总分－对应金标准条目分；HAMD14金标准9视为无法评估且总分已不含该项,0.00020296477814905076,0.00025182666918493335,FDR显著,FDR显著,attenuated_but_significant
HAMD-17,PDCH标签99人,Qwen3.7-Max,不思考,11,C11：事件序列｜不规整｜逐条评分｜不清洗,事件序列,不规整,不清洗,13,全身症状,Spearman秩相关,99,99,99,0,0,3,12,0.6744645212262327,0.5580789393716378,0.7685856056833262,1.9605084097305147e-14,9.999000099990002e-05,0.6346075846727833,0.5011223424705092,0.7376349138528602,1.7500020741304512e-12,9.999000099990002e-05,-0.03985693655344935,-0.06595103606167639,-0.01822968392496124,0.9409058070527029,formal,正式,金标准总分－对应金标准条目分；HAMD14金标准9视为无法评估且总分已不含该项,0.00020296477814905076,0.00025182666918493335,FDR显著,FDR显著,attenuated_but_significant
HAMD-17,PDCH标签99人,Qwen3.7-Max,不思考,11,C11：事件序列｜不规整｜逐条评分｜不清洗,事件序列,不规整,不清洗,14,性症状,Spearman秩相关,99,58,58,41,41,3,12,0.4868306029191664,0.23999748267932175,0.6819046871638907,0.00010657269905032324,9.999000099990002e-05,0.4234810241098202,0.15637340172885228,0.6415842295228974,0.0009253944629197014,0.00039996000399960006,-0.06334957880934622,-0.10767439593089609,-0.028463405091833486,0.8698734663977876,formal,正式,金标准总分－对应金标准条目分；HAMD14金标准9视为无法评估且总分已不含该项,0.00020296477814905076,0.0007770651506277944,FDR显著,FDR显著,attenuated_but_significant
HAMD-17,PDCH标签99人,Qwen3.7-Max,不思考,11,C11：事件序列｜不规整｜逐条评分｜不清洗,事件序列,不规整,不清洗,15,疑病,Spearman秩相关,99,99,99,0,0,3,12,0.19925055958161392,0.004276251597442922,0.3890568352432178,0.04801757410923336,0.04609539046095391,0.14238581702317332,-0.052434583686442895,0.3324985134823191,0.15975304527127215,0.16228377162283772,-0.056864742558440595,-0.08650727012798418,-0.02942781247861432,0.7146068614419698,formal,正式,金标准总分－对应金标准条目分；HAMD14金标准9视为无法评估且总分已不含该项,0.049753754783251836,0.17242650734926507,FDR显著,FDR不显著,overlap_dependent
HAMD-17,PDCH标签99人,Qwen3.7-Max,不思考,11,C11：事件序列｜不规整｜逐条评分｜不清洗,事件序列,不规整,不清洗,16,体重减轻,Spearman秩相关,99,99,99,0,0,3,12,0.34036848840489703,0.16191689664585127,0.5022123876019545,0.0005665552319154143,0.0006999300069993001,0.2812869075330577,0.09646864177252074,0.4460819485776521,0.004796270018237875,0.0057994200579942,-0.059081580871839345,-0.09165156940461777,-0.028908263640997873,0.8264187699962494,formal,正式,金标准总分－对应金标准条目分；HAMD14金标准9视为无法评估且总分已不含该项,0.000991567509915675,0.007371225494273002,FDR显著,FDR显著,attenuated_but_significant
HAMD-17,PDCH标签99人,Qwen3.7-Max,不思考,11,C11：事件序列｜不规整｜逐条评分｜不清洗,事件序列,不规整,不清洗,17,自知力,Spearman秩相关,99,99,99,0,0,2,12,0.30188512751926777,0.07756314730192979,0.46453194512894214,0.002391397969621574,0.0012998700129987,0.3006109221718697,0.07372150131334061,0.47284688178788753,0.00250027098223505,0.0021997800219978004,-0.001274205347398083,-0.01753445304062922,0.010337866123380661,0.9957791715084846,formal,正式,金标准总分－对应金标准条目分；HAMD14金标准9视为无法评估且总分已不含该项,0.0016998300169983002,0.0031826604573585195,FDR显著,FDR显著,robust_cross_symptom
HAMD-17,PDCH标签99人,Qwen3.7-Max,不思考,12,C12：事件序列｜不规整｜逐条评分｜清洗,事件序列,不规整,清洗,1,抑郁情绪,Spearman秩相关,99,99,99,0,0,4,9,0.5462498787614364,0.38411586160768646,0.6842117089911618,4.965299936183037e-09,9.999000099990002e-05,0.5196892443797619,0.3430117805594672,0.6629287253090753,3.5438713626672e-08,9.999000099990002e-05,-0.02656063438167444,-0.04846930268874765,-0.007153233798365446,0.9513764022393967,formal,正式,金标准总分－对应金标准条目分；HAMD14金标准9视为无法评估且总分已不含该项,0.00020296477814905076,0.00025182666918493335,FDR显著,FDR显著,attenuated_but_significant
HAMD-17,PDCH标签99人,Qwen3.7-Max,不思考,12,C12：事件序列｜不规整｜逐条评分｜清洗,事件序列,不规整,清洗,2,有罪感,Spearman秩相关,99,99,99,0,0,3,9,0.40835460386595995,0.24295067236101553,0.5592524872093385,2.7177164093516767e-05,9.999000099990002e-05,0.363759917869236,0.18808877924925602,0.5138924792124182,0.0002147251038389472,0.00039996000399960006,-0.04459468599672395,-0.07408376367492546,-0.016568880510574327,0.8907942127392743,formal,正式,金标准总分－对应金标准条目分；HAMD14金标准9视为无法评估且总分已不含该项,0.00020296477814905076,0.0007770651506277944,FDR显著,FDR显著,attenuated_but_significant
HAMD-17,PDCH标签99人,Qwen3.7-Max,不思考,12,C12：事件序列｜不规整｜逐条评分｜清洗,事件序列,不规整,清洗,3,自杀,Spearman秩相关,99,99,99,0,0,5,9,0.3609138332480351,0.17267454683878447,0.52156990680258,0.00024260331391739477,0.00039996000399960006,0.29706806807686603,0.11526164231286194,0.466944655889901,0.0028268336159155503,0.0036996300369963003,-0.06384576517116908,-0.09926804126721163,-0.032695414907878056,0.8230997005667788,formal,正式,金标准总分－对应金标准条目分；HAMD14金标准9视为无法评估且总分已不含该项,0.0006181200061812001,0.0049816800498168005,FDR显著,FDR显著,attenuated_but_significant
HAMD-17,PDCH标签99人,Qwen3.7-Max,不思考,12,C12：事件序列｜不规整｜逐条评分｜清洗,事件序列,不规整,清洗,4,入睡困难,Spearman秩相关,99,99,99,0,0,3,9,0.3813744442930139,0.19140535476911844,0.5504845854892324,9.831820441450987e-05,0.00019998000199980003,0.3483974864818427,0.15962243148402258,0.5132594099993952,0.00040950371685435384,0.0004999500049995,-0.032976957811171215,-0.0576849006057167,-0.013359183560386113,0.913531285840866,formal,正式,金标准总分－对应金标准条目分；HAMD14金标准9视为无法评估且总分已不含该项,0.00035785895094701055,0.000931413707944274,FDR显著,FDR显著,attenuated_but_significant
HAMD-17,PDCH标签99人,Qwen3.7-Max,不思考,12,C12：事件序列｜不规整｜逐条评分｜清洗,事件序列,不规整,清洗,5,睡眠不深,Spearman秩相关,99,99,99,0,0,3,9,0.24278245298289786,0.05581864671342169,0.419465078057565,0.0154642493970128,0.014998500149985002,0.19680324171168564,0.00034249473377267537,0.3759712294868098,0.050886237478473706,0.0524947505249475,-0.04597921127121221,-0.07535097107962913,-0.02162031965900834,0.8106155914222883,formal,正式,金标准总分－对应金标准条目分；HAMD14金标准9视为无法评估且总分已不含该项,0.017434154020495387,0.0594940505949405,FDR显著,FDR不显著,overlap_dependent
HAMD-17,PDCH标签99人,Qwen3.7-Max,不思考,12,C12：事件序列｜不规整｜逐条评分｜清洗,事件序列,不规整,清洗,6,早醒,Spearman秩相关,99,99,99,0,0,3,9,0.3654881297183348,0.16580592428676516,0.5358607739006784,0.00019927388461884603,0.00039996000399960006,0.30926964296560383,0.11626982838285999,0.4878420821746905,0.001840371432848758,0.0015998400159984002,-0.056218486752730945,-0.0821339101295343,-0.03136030057386279,0.8461824552385436,formal,正式,金标准总分－对应金标准条目分；HAMD14金标准9视为无法评估且总分已不含该项,0.0006181200061812001,0.002500899335353821,FDR显著,FDR显著,attenuated_but_significant
HAMD-17,PDCH标签99人,Qwen3.7-Max,不思考,12,C12：事件序列｜不规整｜逐条评分｜清洗,事件序列,不规整,清洗,7,工作和活动,Spearman秩相关,99,99,99,0,0,5,9,0.6122493963144476,0.44968690211318246,0.7368876264694069,1.6547330452365787e-11,9.999000099990002e-05,0.5818946645746497,0.4270646963732028,0.7133288838948362,2.672199356026707e-10,9.999000099990002e-05,-0.03035473173979797,-0.05682217549019139,-0.007056055387917784,0.9504209690976846,formal,正式,金标准总分－对应金标准条目分；HAMD14金标准9视为无法评估且总分已不含该项,0.00020296477814905076,0.00025182666918493335,FDR显著,FDR显著,attenuated_but_significant
HAMD-17,PDCH标签99人,Qwen3.7-Max,不思考,12,C12：事件序列｜不规整｜逐条评分｜清洗,事件序列,不规整,清洗,8,迟滞,Spearman秩相关,99,99,99,0,0,3,9,0.5246306630606589,0.3678738575373126,0.6603478657057615,2.4899823392811292e-08,9.999000099990002e-05,0.5285966382056654,0.362209050485806,0.6726731002131022,1.8680618028004254e-08,9.999000099990002e-05,0.003965975145006517,-0.022698242722535546,0.02665604005613899,1.0075595565113737,formal,正式,金标准总分－对应金标准条目分；HAMD14金标准9视为无法评估且总分已不含该项,0.00020296477814905076,0.00025182666918493335,FDR显著,FDR显著,robust_cross_symptom
HAMD-17,PDCH标签99人,Qwen3.7-Max,不思考,12,C12：事件序列｜不规整｜逐条评分｜清洗,事件序列,不规整,清洗,9,激越,Spearman秩相关,99,99,99,0,0,4,9,0.3361754247333203,0.15439333651088522,0.5113347427436571,0.0006689434689999875,0.00029997000299970003,0.33011686740468615,0.14341211756031402,0.502461756560877,0.0008469675671823728,0.0012998700129987,-0.00605855732863414,-0.02375267775238762,0.011599494072841741,0.9819779886247181,formal,正式,金标准总分－对应金标准条目分；HAMD14金标准9视为无法评估且总分已不含该项,0.0004915171133489061,0.002104551449616943,FDR显著,FDR显著,robust_cross_symptom
HAMD-17,PDCH标签99人,Qwen3.7-Max,不思考,12,C12：事件序列｜不规整｜逐条评分｜清洗,事件序列,不规整,清洗,10,精神性焦虑,Spearman秩相关,99,99,99,0,0,4,9,0.4582854401502903,0.28444580346513393,0.6087343501620981,1.8422158030788816e-06,9.999000099990002e-05,0.4036455090809972,0.21052857429484467,0.5593071204156274,3.429083179598714e-05,9.999000099990002e-05,-0.0546399310692931,-0.0816576493614575,-0.03069683352006144,0.8807731464229489,formal,正式,金标准总分－对应金标准条目分；HAMD14金标准9视为无法评估且总分已不含该项,0.00020296477814905076,0.00025182666918493335,FDR显著,FDR显著,attenuated_but_significant
HAMD-17,PDCH标签99人,Qwen3.7-Max,不思考,12,C12：事件序列｜不规整｜逐条评分｜清洗,事件序列,不规整,清洗,11,躯体性焦虑,Spearman秩相关,99,99,99,0,0,4,9,0.5624215102131414,0.3983905959506063,0.6928128829718052,1.3765071880633046e-09,9.999000099990002e-05,0.5125003405505577,0.32724815250758965,0.6560320657097592,5.863633652935489e-08,9.999000099990002e-05,-0.04992116966258364,-0.07477931299665395,-0.025896075931055952,0.9112388684357663,formal,正式,金标准总分－对应金标准条目分；HAMD14金标准9视为无法评估且总分已不含该项,0.00020296477814905076,0.00025182666918493335,FDR显著,FDR显著,attenuated_but_significant
HAMD-17,PDCH标签99人,Qwen3.7-Max,不思考,12,C12：事件序列｜不规整｜逐条评分｜清洗,事件序列,不规整,清洗,12,胃肠道症状,Spearman秩相关,99,99,99,0,0,3,9,0.49610538682937405,0.340329356465302,0.627012839167379,1.7719734134702843e-07,9.999000099990002e-05,0.43079148955110463,0.2657996965736065,0.5828735263386035,8.54621521083844e-06,9.999000099990002e-05,-0.06531389727826942,-0.09156636846448642,-0.04104490784204523,0.8683467283117148,formal,正式,金标准总分－对应金标准条目分；HAMD14金标准9视为无法评估且总分已不含该项,0.00020296477814905076,0.00025182666918493335,FDR显著,FDR显著,attenuated_but_significant
HAMD-17,PDCH标签99人,Qwen3.7-Max,不思考,12,C12：事件序列｜不规整｜逐条评分｜清洗,事件序列,不规整,清洗,13,全身症状,Spearman秩相关,99,99,99,0,0,3,9,0.6216984078035442,0.4835525276398625,0.7373668215299896,6.544048369249292e-12,9.999000099990002e-05,0.5811170420247466,0.4331075525434464,0.7043888097097778,2.858905082863227e-10,9.999000099990002e-05,-0.04058136577879767,-0.06603718215498702,-0.01938516305835951,0.9347249964461525,formal,正式,金标准总分－对应金标准条目分；HAMD14金标准9视为无法评估且总分已不含该项,0.00020296477814905076,0.00025182666918493335,FDR显著,FDR显著,attenuated_but_significant
HAMD-17,PDCH标签99人,Qwen3.7-Max,不思考,12,C12：事件序列｜不规整｜逐条评分｜清洗,事件序列,不规整,清洗,14,性症状,Spearman秩相关,99,57,57,42,42,3,9,0.4997196232032538,0.2409357009273456,0.6885245043738868,7.571440283483739e-05,0.00019998000199980003,0.43637881013312396,0.1798225296860263,0.6466126597507509,0.0006902418645742839,0.0008999100089991,-0.06334081307012984,-0.10674542293439752,-0.02693020010124087,0.8732472968259506,formal,正式,金标准总分－对应金标准条目分；HAMD14金标准9视为无法评估且总分已不含该项,0.00035785895094701055,0.0015690738618445847,FDR显著,FDR显著,attenuated_but_significant
HAMD-17,PDCH标签99人,Qwen3.7-Max,不思考,12,C12：事件序列｜不规整｜逐条评分｜清洗,事件序列,不规整,清洗,15,疑病,Spearman秩相关,99,99,99,0,0,3,9,0.1208577055584021,-0.07558673811928837,0.3199443451769389,0.23341012940139028,0.23777622237776222,0.0644995200323799,-0.13246661390727335,0.2559035098637643,0.5259029673562314,0.5291470852914708,-0.0563581855260222,-0.08687077428308224,-0.029161000793701954,0.5336814871205029,formal,正式,金标准总分－对应金标准条目分；HAMD14金标准9视为无法评估且总分已不含该项,0.24498156244981562,0.5451818454518184,FDR不显著,FDR不显著,weak_both
HAMD-17,PDCH标签99人,Qwen3.7-Max,不思考,12,C12：事件序列｜不规整｜逐条评分｜清洗,事件序列,不规整,清洗,16,体重减轻,Spearman秩相关,99,99,99,0,0,3,9,0.3406560574161942,0.14481098125681427,0.5018797300029022,0.0005600892817591682,0.0005999400059994001,0.28243668983511316,0.10011951472461204,0.45458379287071043,0.004619593737572184,0.0044995500449955,-0.05821936758108104,-0.08812175477009852,-0.031732715936811234,0.8290963383341459,formal,正式,金标准总分－对应金标准条目分；HAMD14金标准9视为无法评估且总分已不含该项,0.0008773316216765421,0.005941153457469786,FDR显著,FDR显著,attenuated_but_significant
HAMD-17,PDCH标签99人,Qwen3.7-Max,不思考,12,C12：事件序列｜不规整｜逐条评分｜清洗,事件序列,不规整,清洗,17,自知力,Spearman秩相关,99,99,99,0,0,2,9,0.30188512751926777,0.08760980799759308,0.466978628095365,0.002391397969621574,0.0013998600139986002,0.3006109221718697,0.08960058186224674,0.46572490894420954,0.00250027098223505,0.0024997500249975004,-0.001274205347398083,-0.016435133522347028,0.009909988309653023,0.9957791715084846,formal,正式,金标准总分－对应金标准条目分；HAMD14金标准9视为无法评估且总分已不含该项,0.0017960468104132985,0.0035413125354131253,FDR显著,FDR显著,robust_cross_symptom
HAMD-17,PDCH标签99人,Qwen3.7-Max,不思考,15,C15：事件序列｜规整｜逐条评分｜不清洗,事件序列,规整,不清洗,1,抑郁情绪,Spearman秩相关,99,99,99,0,0,4,9,0.560830468568891,0.38383985052150676,0.7025510560939467,1.566479780076349e-09,9.999000099990002e-05,0.5144300631708209,0.3489164189339892,0.65698374515309,5.1281318130808764e-08,9.999000099990002e-05,-0.04640040539807011,-0.07315276521885648,-0.023375388957860167,0.9172648277892727,formal,正式,金标准总分－对应金标准条目分；HAMD14金标准9视为无法评估且总分已不含该项,0.00020296477814905076,0.00025182666918493335,FDR显著,FDR显著,attenuated_but_significant
HAMD-17,PDCH标签99人,Qwen3.7-Max,不思考,15,C15：事件序列｜规整｜逐条评分｜不清洗,事件序列,规整,不清洗,2,有罪感,Spearman秩相关,99,99,99,0,0,4,9,0.35616607966605995,0.18118825534775412,0.5257481455671261,0.00029664841545944977,0.00039996000399960006,0.323291947726299,0.1322121440693094,0.4897702987380529,0.0010985946269107736,0.0008999100089991,-0.032874131939760964,-0.06299386662835586,-0.0015989298468951274,0.9076999921761678,formal,正式,金标准总分－对应金标准条目分；HAMD14金标准9视为无法评估且总分已不含该项,0.0006181200061812001,0.0015690738618445847,FDR显著,FDR显著,attenuated_but_significant
HAMD-17,PDCH标签99人,Qwen3.7-Max,不思考,15,C15：事件序列｜规整｜逐条评分｜不清洗,事件序列,规整,不清洗,3,自杀,Spearman秩相关,99,99,99,0,0,5,9,0.461869611597456,0.29592151852873777,0.6129481162774847,1.4931844797802496e-06,9.999000099990002e-05,0.3943150280067889,0.22687052336560345,0.5515391831994397,5.380391085733782e-05,0.00019998000199980003,-0.06755458359066707,-0.10043301819539495,-0.03759195569899476,0.8537366782867185,formal,正式,金标准总分－对应金标准条目分；HAMD14金标准9视为无法评估且总分已不含该项,0.00020296477814905076,0.00045328800453288,FDR显著,FDR显著,attenuated_but_significant
HAMD-17,PDCH标签99人,Qwen3.7-Max,不思考,15,C15：事件序列｜规整｜逐条评分｜不清洗,事件序列,规整,不清洗,4,入睡困难,Spearman秩相关,99,99,99,0,0,3,9,0.43181869236199316,0.25798186456327316,0.585321620441715,8.089172383674784e-06,9.999000099990002e-05,0.40737800164188565,0.23018965370973327,0.5614213419201278,2.8527884441796042e-05,9.999000099990002e-05,-0.024440690720107516,-0.047757829698901653,-0.004210153505599738,0.9434005726189849,formal,正式,金标准总分－对应金标准条目分；HAMD14金标准9视为无法评估且总分已不含该项,0.00020296477814905076,0.00025182666918493335,FDR显著,FDR显著,attenuated_but_significant
HAMD-17,PDCH标签99人,Qwen3.7-Max,不思考,15,C15：事件序列｜规整｜逐条评分｜不清洗,事件序列,规整,不清洗,5,睡眠不深,Spearman秩相关,99,99,99,0,0,3,9,0.20126449760638354,0.007349055015100205,0.37725594672031926,0.04575843926566802,0.0458954104589541,0.153041312812688,-0.034509806110035714,0.3402371731294831,0.13045077178494627,0.1357864213578642,-0.04822318479369553,-0.0751911411232569,-0.024805668325591404,0.7603989507975398,formal,正式,金标准总分－对应金标准条目分；HAMD14金标准9视为无法评估且总分已不含该项,0.049753754783251836,0.14540908113913018,FDR显著,FDR不显著,overlap_dependent
HAMD-17,PDCH标签99人,Qwen3.7-Max,不思考,15,C15：事件序列｜规整｜逐条评分｜不清洗,事件序列,规整,不清洗,6,早醒,Spearman秩相关,99,99,99,0,0,3,9,0.33711138248109396,0.15695014986589745,0.5106321189037569,0.0006447217246502212,0.0010998900109989002,0.28265420723039886,0.07957216591070493,0.4555638011224693,0.004586830161527193,0.004299570042995701,-0.0544571752506951,-0.08158774250464962,-0.02859004248991948,0.8384593992350609,formal,正式,金标准总分－对应金标准条目分；HAMD14金标准9视为无法评估且总分已不含该项,0.0014665200146652003,0.005732760057327602,FDR显著,FDR显著,attenuated_but_significant
HAMD-17,PDCH标签99人,Qwen3.7-Max,不思考,15,C15：事件序列｜规整｜逐条评分｜不清洗,事件序列,规整,不清洗,7,工作和活动,Spearman秩相关,99,99,99,0,0,5,9,0.5265967136193656,0.36139446959696314,0.6653821373360886,2.1603631443793745e-08,9.999000099990002e-05,0.4860516921588858,0.308115763947112,0.6385933637499843,3.3946456255076706e-07,9.999000099990002e-05,-0.04054502146047978,-0.07568797965875668,-0.012401545359634635,0.923005555462341,formal,正式,金标准总分－对应金标准条目分；HAMD14金标准9视为无法评估且总分已不含该项,0.00020296477814905076,0.00025182666918493335,FDR显著,FDR显著,attenuated_but_significant
HAMD-17,PDCH标签99人,Qwen3.7-Max,不思考,15,C15：事件序列｜规整｜逐条评分｜不清洗,事件序列,规整,不清洗,8,迟滞,Spearman秩相关,99,99,99,0,0,4,9,0.4808726472412246,0.29930242949008845,0.6338099438013185,4.7071037970572007e-07,9.999000099990002e-05,0.48332357983338,0.3121788245267945,0.6365476098206492,4.0351884447590085e-07,9.999000099990002e-05,0.002450932592155397,-0.0185863860643767,0.021298763674313888,1.0050968434287466,formal,正式,金标准总分－对应金标准条目分；HAMD14金标准9视为无法评估且总分已不含该项,0.00020296477814905076,0.00025182666918493335,FDR显著,FDR显著,robust_cross_symptom
HAMD-17,PDCH标签99人,Qwen3.7-Max,不思考,15,C15：事件序列｜规整｜逐条评分｜不清洗,事件序列,规整,不清洗,9,激越,Spearman秩相关,99,99,99,0,0,4,9,0.3362926817633031,0.13860399076000554,0.5111558245462885,0.0006658639901924041,0.0008999100089991,0.3286446792050796,0.12380399559173459,0.504265514970506,0.0008963041756030074,0.0008999100089991,-0.00764800255822351,-0.029053853976942906,0.011156250025696104,0.9772578977391887,formal,正式,金标准总分－对应金标准条目分；HAMD14金标准9视为无法评估且总分已不含该项,0.001248854706366098,0.0015690738618445847,FDR显著,FDR显著,robust_cross_symptom
HAMD-17,PDCH标签99人,Qwen3.7-Max,不思考,15,C15：事件序列｜规整｜逐条评分｜不清洗,事件序列,规整,不清洗,10,精神性焦虑,Spearman秩相关,99,99,99,0,0,4,9,0.5914828227296084,0.43947579256004166,0.713803844958023,1.1449327729293929e-10,9.999000099990002e-05,0.5332518305365297,0.3753937199038429,0.6718565041196466,1.32690003983317e-08,9.999000099990002e-05,-0.0582309921930787,-0.08783504863951798,-0.03227185117651591,0.9015508313084207,formal,正式,金标准总分－对应金标准条目分；HAMD14金标准9视为无法评估且总分已不含该项,0.00020296477814905076,0.00025182666918493335,FDR显著,FDR显著,attenuated_but_significant
HAMD-17,PDCH标签99人,Qwen3.7-Max,不思考,15,C15：事件序列｜规整｜逐条评分｜不清洗,事件序列,规整,不清洗,11,躯体性焦虑,Spearman秩相关,99,99,99,0,0,5,9,0.548816022753012,0.392647063376027,0.6766413900116129,4.069128797191491e-09,9.999000099990002e-05,0.49512002748266976,0.32989366330001646,0.6310125314837274,1.8902971863138752e-07,9.999000099990002e-05,-0.053695995270342245,-0.07949632618008014,-0.028349410434607814,0.9021602995463063,formal,正式,金标准总分－对应金标准条目分；HAMD14金标准9视为无法评估且总分已不含该项,0.00020296477814905076,0.00025182666918493335,FDR显著,FDR显著,attenuated_but_significant
HAMD-17,PDCH标签99人,Qwen3.7-Max,不思考,15,C15：事件序列｜规整｜逐条评分｜不清洗,事件序列,规整,不清洗,12,胃肠道症状,Spearman秩相关,99,99,99,0,0,3,9,0.4489698334552639,0.2712965543561684,0.5912833595145088,3.145334666857471e-06,9.999000099990002e-05,0.38951365273919697,0.19182171566974165,0.5627734317279438,6.748862243746117e-05,9.999000099990002e-05,-0.05945618071606695,-0.08411806744525141,-0.03880770222974996,0.8675719919565793,formal,正式,金标准总分－对应金标准条目分；HAMD14金标准9视为无法评估且总分已不含该项,0.00020296477814905076,0.00025182666918493335,FDR显著,FDR显著,attenuated_but_significant
HAMD-17,PDCH标签99人,Qwen3.7-Max,不思考,15,C15：事件序列｜规整｜逐条评分｜不清洗,事件序列,规整,不清洗,13,全身症状,Spearman秩相关,99,99,99,0,0,3,9,0.4969575829679195,0.3189581417656893,0.6441470532789461,1.675355363306569e-07,9.999000099990002e-05,0.45723035990039457,0.2648229466495809,0.6148148177844464,1.958838921465722e-06,9.999000099990002e-05,-0.03972722306752491,-0.06748451054878765,-0.015515954298549003,0.9200591269172977,formal,正式,金标准总分－对应金标准条目分；HAMD14金标准9视为无法评估且总分已不含该项,0.00020296477814905076,0.00025182666918493335,FDR显著,FDR显著,attenuated_but_significant
HAMD-17,PDCH标签99人,Qwen3.7-Max,不思考,15,C15：事件序列｜规整｜逐条评分｜不清洗,事件序列,规整,不清洗,14,性症状,Spearman秩相关,99,65,65,34,34,3,9,0.3831654250346777,0.14831037735274372,0.5896549007937962,0.0016303985820696576,0.0017998200179982,0.3237605889046875,0.07472896608849373,0.5415362289972967,0.00851678765515464,0.009299070092990702,-0.0594048361299902,-0.10194307231093921,-0.02677725340445714,0.8449629526865221,formal,正式,金标准总分－对应金标准条目分；HAMD14金标准9视为无法评估且总分已不含该项,0.00222523202225232,0.01160250947382326,FDR显著,FDR显著,attenuated_but_significant
HAMD-17,PDCH标签99人,Qwen3.7-Max,不思考,15,C15：事件序列｜规整｜逐条评分｜不清洗,事件序列,规整,不清洗,15,疑病,Spearman秩相关,99,99,99,0,0,3,9,0.07390500018849108,-0.13489618347194224,0.26715931867689724,0.46722505951202836,0.46215378462153783,0.020081421104861864,-0.18397644327031776,0.21208871114936956,0.843600685890725,0.843015698430157,-0.05382357908362922,-0.08219678330449591,-0.027866295612322525,0.2717193837175453,formal,正式,金标准总分－对应金标准条目分；HAMD14金标准9视为无法评估且总分已不含该项,0.4655771459891048,0.843015698430157,FDR不显著,FDR不显著,weak_both
HAMD-17,PDCH标签99人,Qwen3.7-Max,不思考,15,C15：事件序列｜规整｜逐条评分｜不清洗,事件序列,规整,不清洗,16,体重减轻,Spearman秩相关,99,99,99,0,0,3,9,0.2920176989620122,0.11407592413115476,0.4517909030840565,0.0033586860700923083,0.0038996100389961006,0.21807739161273532,0.03809758598561677,0.3893147310652122,0.030123999488222638,0.032296770322967704,-0.07394030734927687,-0.1096616204033617,-0.04453795316496088,0.746795116829903,formal,正式,金标准总分－对应金标准条目分；HAMD14金标准9视为无法评估且总分已不含该项,0.004735240761638122,0.03786517899934145,FDR显著,FDR显著,attenuated_but_significant
HAMD-17,PDCH标签99人,Qwen3.7-Max,不思考,15,C15：事件序列｜规整｜逐条评分｜不清洗,事件序列,规整,不清洗,17,自知力,Spearman秩相关,99,99,99,0,0,2,9,-0.21098415479363125,-0.405963178624888,-0.011924904933301153,0.03605882202787489,0.0362963703629637,-0.2106161201164976,-0.40272022595512014,-0.010943172013114037,0.03639180394840638,0.03799620037996201,0.000368034677133644,-0.010573507045560367,0.01196170361234762,,formal,正式,金标准总分－对应金标准条目分；HAMD14金标准9视为无法评估且总分已不含该项,0.04046152761773003,0.043792230946396886,FDR显著,FDR显著,weak_both
HAMD-17,PDCH标签99人,Qwen3.7-Max,不思考,16,C16：事件序列｜规整｜逐条评分｜清洗,事件序列,规整,清洗,1,抑郁情绪,Spearman秩相关,99,99,99,0,0,4,10,0.5289194354567894,0.347193095612584,0.6758517868481568,1.8245783623187154e-08,9.999000099990002e-05,0.4911932815737793,0.31604119360570626,0.6416591183024308,2.440799191283424e-07,9.999000099990002e-05,-0.03772615388301015,-0.06587356701389799,-0.012808383543405395,0.9286731563372619,formal,正式,金标准总分－对应金标准条目分；HAMD14金标准9视为无法评估且总分已不含该项,0.00020296477814905076,0.00025182666918493335,FDR显著,FDR显著,attenuated_but_significant
HAMD-17,PDCH标签99人,Qwen3.7-Max,不思考,16,C16：事件序列｜规整｜逐条评分｜清洗,事件序列,规整,清洗,2,有罪感,Spearman秩相关,99,99,99,0,0,4,10,0.356718637430211,0.16934441027410269,0.5208041324559742,0.0002898319442561774,0.00029997000299970003,0.3151985344414405,0.121837366046568,0.47709459954370403,0.0014841223894554452,0.0020997900209979003,-0.04152010298877046,-0.07062541382386203,-0.013750831986116851,0.8836054564239203,formal,正式,金标准总分－对应金标准条目分；HAMD14金标准9视为无法评估且总分已不含该项,0.0004915171133489061,0.003104037422344722,FDR显著,FDR显著,attenuated_but_significant
HAMD-17,PDCH标签99人,Qwen3.7-Max,不思考,16,C16：事件序列｜规整｜逐条评分｜清洗,事件序列,规整,清洗,3,自杀,Spearman秩相关,99,99,99,0,0,5,10,0.42950023855312175,0.25321765927428314,0.587983846628447,9.155232891696335e-06,9.999000099990002e-05,0.36116252433885365,0.18378819121253584,0.522700932615232,0.00024004020975218653,0.00039996000399960006,-0.0683377142142681,-0.10107726449299961,-0.03727391982082653,0.8408901600509451,formal,正式,金标准总分－对应金标准条目分；HAMD14金标准9视为无法评估且总分已不含该项,0.00020296477814905076,0.0007770651506277944,FDR显著,FDR显著,attenuated_but_significant
HAMD-17,PDCH标签99人,Qwen3.7-Max,不思考,16,C16：事件序列｜规整｜逐条评分｜清洗,事件序列,规整,清洗,4,入睡困难,Spearman秩相关,99,99,99,0,0,3,10,0.42234581928538245,0.24912309782918624,0.5769553032923052,1.3338647854230649e-05,9.999000099990002e-05,0.39251348625519716,0.21812633054167493,0.5528871256409938,5.8602881191767936e-05,9.999000099990002e-05,-0.029832333030185287,-0.05140065039576039,-0.010561188078764813,0.929365151333421,formal,正式,金标准总分－对应金标准条目分；HAMD14金标准9视为无法评估且总分已不含该项,0.00020296477814905076,0.00025182666918493335,FDR显著,FDR显著,attenuated_but_significant
HAMD-17,PDCH标签99人,Qwen3.7-Max,不思考,16,C16：事件序列｜规整｜逐条评分｜清洗,事件序列,规整,清洗,5,睡眠不深,Spearman秩相关,99,99,99,0,0,3,10,0.21758581430257873,0.028071133677294326,0.40111670453363374,0.030506785897222423,0.029497050294970503,0.166393543428991,-0.03334545116483572,0.3556222124099391,0.09975036456780778,0.09969003099690031,-0.05119227087358774,-0.07925874077496964,-0.027165880707662918,0.7647260643453582,formal,正式,金标准总分－对应金标准条目分；HAMD14金标准9视为无法评估且总分已不含该项,0.033153709422446186,0.10760193821887652,FDR显著,FDR不显著,overlap_dependent
HAMD-17,PDCH标签99人,Qwen3.7-Max,不思考,16,C16：事件序列｜规整｜逐条评分｜清洗,事件序列,规整,清洗,6,早醒,Spearman秩相关,99,99,99,0,0,3,10,0.33561801809255326,0.1541301670753924,0.5051489120706876,0.0006837614636526262,0.0010998900109989002,0.27921910713146836,0.08402369274710467,0.45794053625908115,0.005129208904819215,0.005599440055994401,-0.0563989109610849,-0.08272734165214779,-0.031200819650961917,0.8319550562820742,formal,正式,金标准总分－对应金标准条目分；HAMD14金标准9视为无法评估且总分已不含该项,0.0014665200146652003,0.007184187241653194,FDR显著,FDR显著,attenuated_but_significant
HAMD-17,PDCH标签99人,Qwen3.7-Max,不思考,16,C16：事件序列｜规整｜逐条评分｜清洗,事件序列,规整,清洗,7,工作和活动,Spearman秩相关,99,99,99,0,0,5,10,0.5468744792116207,0.38015723630050136,0.6875268105579355,4.731206420125638e-09,9.999000099990002e-05,0.5125527707416392,0.32802838754369673,0.6616028684953976,5.842383998489327e-08,9.999000099990002e-05,-0.034321708469981504,-0.06708479523985865,-0.007742111809558732,0.9372402447459973,formal,正式,金标准总分－对应金标准条目分；HAMD14金标准9视为无法评估且总分已不含该项,0.00020296477814905076,0.00025182666918493335,FDR显著,FDR显著,attenuated_but_significant
HAMD-17,PDCH标签99人,Qwen3.7-Max,不思考,16,C16：事件序列｜规整｜逐条评分｜清洗,事件序列,规整,清洗,8,迟滞,Spearman秩相关,99,99,99,0,0,4,10,0.4938204037419403,0.31968437236610225,0.6417146052259673,2.0578885628337328e-07,9.999000099990002e-05,0.5011590716912011,0.320700771866951,0.6487433572554157,1.2678949653312263e-07,9.999000099990002e-05,0.007338667949260802,-0.012747047401978684,0.026243021701064774,1.0148610059318162,formal,正式,金标准总分－对应金标准条目分；HAMD14金标准9视为无法评估且总分已不含该项,0.00020296477814905076,0.00025182666918493335,FDR显著,FDR显著,robust_cross_symptom
HAMD-17,PDCH标签99人,Qwen3.7-Max,不思考,16,C16：事件序列｜规整｜逐条评分｜清洗,事件序列,规整,清洗,9,激越,Spearman秩相关,99,99,99,0,0,4,10,0.3250822585510725,0.12162646330087122,0.5130478697545692,0.0010267245611956313,0.0013998600139986002,0.3200664640496611,0.11535824645068056,0.5088089058289512,0.001239735261642306,0.0011998800119988001,-0.005015794501411375,-0.02336345892602722,0.01287430604965637,0.9845706913574204,formal,正式,金标准总分－对应金标准条目分；HAMD14金标准9视为无法评估且总分已不含该项,0.0017960468104132985,0.0019900448979492296,FDR显著,FDR显著,robust_cross_symptom
HAMD-17,PDCH标签99人,Qwen3.7-Max,不思考,16,C16：事件序列｜规整｜逐条评分｜清洗,事件序列,规整,清洗,10,精神性焦虑,Spearman秩相关,99,99,99,0,0,4,10,0.5540262044683373,0.39247698493790306,0.6787035469833423,2.7022878691350793e-09,9.999000099990002e-05,0.4958955067378741,0.32962194958773483,0.6351337304806406,1.796569718618577e-07,9.999000099990002e-05,-0.0581306977304632,-0.08752853405866608,-0.029250142820483934,0.8950759056852782,formal,正式,金标准总分－对应金标准条目分；HAMD14金标准9视为无法评估且总分已不含该项,0.00020296477814905076,0.00025182666918493335,FDR显著,FDR显著,attenuated_but_significant
HAMD-17,PDCH标签99人,Qwen3.7-Max,不思考,16,C16：事件序列｜规整｜逐条评分｜清洗,事件序列,规整,清洗,11,躯体性焦虑,Spearman秩相关,99,99,99,0,0,5,10,0.5389318447490873,0.3823887892062435,0.6722276480945297,8.679880619461727e-09,9.999000099990002e-05,0.48100698429914174,0.300430322332566,0.6281667827755139,4.6676787662542135e-07,9.999000099990002e-05,-0.05792486044994555,-0.0868384260560467,-0.03410405936450216,0.8925191357417117,formal,正式,金标准总分－对应金标准条目分；HAMD14金标准9视为无法评估且总分已不含该项,0.00020296477814905076,0.00025182666918493335,FDR显著,FDR显著,attenuated_but_significant
HAMD-17,PDCH标签99人,Qwen3.7-Max,不思考,16,C16：事件序列｜规整｜逐条评分｜清洗,事件序列,规整,清洗,12,胃肠道症状,Spearman秩相关,99,99,99,0,0,3,10,0.42729578146417585,0.2510372961481701,0.5726925318795275,1.0290251340157698e-05,9.999000099990002e-05,0.3680676015724555,0.18280740007899285,0.5357412105745678,0.0001781155546569749,0.00039996000399960006,-0.059228179891720356,-0.08344083396938286,-0.036646658462467105,0.8613883345892897,formal,正式,金标准总分－对应金标准条目分；HAMD14金标准9视为无法评估且总分已不含该项,0.00020296477814905076,0.0007770651506277944,FDR显著,FDR显著,attenuated_but_significant
HAMD-17,PDCH标签99人,Qwen3.7-Max,不思考,16,C16：事件序列｜规整｜逐条评分｜清洗,事件序列,规整,清洗,13,全身症状,Spearman秩相关,99,99,99,0,0,3,10,0.4725037860629347,0.2969315236051406,0.6225170893680774,7.893577318528518e-07,9.999000099990002e-05,0.4308530946830351,0.24584025692362368,0.5899079291452245,8.518133811458218e-06,9.999000099990002e-05,-0.041650691379899574,-0.0670655926226495,-0.019610293901232437,0.9118510949363019,formal,正式,金标准总分－对应金标准条目分；HAMD14金标准9视为无法评估且总分已不含该项,0.00020296477814905076,0.00025182666918493335,FDR显著,FDR显著,attenuated_but_significant
HAMD-17,PDCH标签99人,Qwen3.7-Max,不思考,16,C16：事件序列｜规整｜逐条评分｜清洗,事件序列,规整,清洗,14,性症状,Spearman秩相关,99,66,66,33,33,3,10,0.43199321799949875,0.21191260461446287,0.6127629008376898,0.0002924097469463609,0.00029997000299970003,0.3758210821209562,0.14599455635989592,0.5772198250858402,0.0018727553163413108,0.0026997300269973002,-0.05617213587854253,-0.0941291474402526,-0.023549196403743474,0.8699698663357078,formal,正式,金标准总分－对应金标准条目分；HAMD14金标准9视为无法评估且总分已不含该项,0.0004915171133489061,0.003746564119098294,FDR显著,FDR显著,attenuated_but_significant
HAMD-17,PDCH标签99人,Qwen3.7-Max,不思考,16,C16：事件序列｜规整｜逐条评分｜清洗,事件序列,规整,清洗,15,疑病,Spearman秩相关,99,99,99,0,0,3,10,0.07832128444305428,-0.12825675603010245,0.27377227652893277,0.4409591390548184,0.4403559644035596,0.02006846700799998,-0.17807608557831142,0.219763261246612,0.8437002948826935,0.8411158884111589,-0.0582528174350543,-0.08919703238518292,-0.031318564781038186,0.2562326084244868,formal,正式,金标准总分－对应金标准条目分；HAMD14金标准9视为无法评估且总分已不含该项,0.4469284414842098,0.843015698430157,FDR不显著,FDR不显著,weak_both
HAMD-17,PDCH标签99人,Qwen3.7-Max,不思考,16,C16：事件序列｜规整｜逐条评分｜清洗,事件序列,规整,清洗,16,体重减轻,Spearman秩相关,99,99,99,0,0,3,10,0.30396253165759396,0.12258344176331742,0.46674482089923375,0.002223029319058446,0.0030996900309969004,0.23938637689164435,0.06735572036849403,0.40348255195874133,0.017013196119827923,0.0173982601739826,-0.0645761547659496,-0.09737935599019641,-0.03756512214874938,0.7875522538459017,formal,正式,金标准总分－对应金标准条目分；HAMD14金标准9视为无法评估且总分已不含该项,0.0037978184163565626,0.021126458782693158,FDR显著,FDR显著,attenuated_but_significant
HAMD-17,PDCH标签99人,Qwen3.7-Max,不思考,16,C16：事件序列｜规整｜逐条评分｜清洗,事件序列,规整,清洗,17,自知力,Spearman秩相关,99,99,99,0,0,2,10,-0.05910492700918879,-0.2614272755027344,0.15132319807713304,0.5611554268756518,0.5623437656234377,-0.05991390395301756,-0.2613239570554076,0.14503015525493426,0.5557979850009163,0.5515448455154485,-0.0008089769438287681,-0.013969044782254688,0.012336733815473169,,formal,正式,金标准总分－对应金标准条目分；HAMD14金标准9视为无法评估且总分已不含该项,0.5623437656234377,0.5639857066924886,FDR不显著,FDR不显著,weak_both
HAMD-17,PDCH标签99人,Qwen3.7-Max,思考,3,C03：全文｜不规整｜逐条评分｜不清洗,全文,不规整,不清洗,1,抑郁情绪,Spearman秩相关,99,99,99,0,0,4,45,0.5826691003243959,0.408758570826002,0.7139506781015422,2.497936295141951e-10,9.999000099990002e-05,0.5394762033636196,0.3528357204275886,0.6819130079759101,8.330459121785686e-09,9.999000099990002e-05,-0.04319289696077633,-0.07255090809467415,-0.019616530332453218,0.9258706237610179,formal,正式,金标准总分－对应金标准条目分；HAMD14金标准9视为无法评估且总分已不含该项,0.00021585143072994287,0.00028330500283305,FDR显著,FDR显著,attenuated_but_significant
HAMD-17,PDCH标签99人,Qwen3.7-Max,思考,3,C03：全文｜不规整｜逐条评分｜不清洗,全文,不规整,不清洗,2,有罪感,Spearman秩相关,99,99,99,0,0,3,45,0.3998978626503374,0.2152417025306473,0.5674717516320087,4.115840803002176e-05,9.999000099990002e-05,0.3411209005102676,0.1367992048855208,0.5040762098810477,0.0005497802721339543,0.0006999300069993001,-0.05877696214006978,-0.09006512482474907,-0.03236203920056396,0.8530200642971099,formal,正式,金标准总分－对应金标准条目分；HAMD14金标准9视为无法评估且总分已不含该项,0.00021585143072994287,0.0013795721877087653,FDR显著,FDR显著,attenuated_but_significant
HAMD-17,PDCH标签99人,Qwen3.7-Max,思考,3,C03：全文｜不规整｜逐条评分｜不清洗,全文,不规整,不清洗,3,自杀,Spearman秩相关,99,99,99,0,0,5,45,0.39346129494286763,0.21966233606078894,0.5458051397496414,5.60304772610377e-05,9.999000099990002e-05,0.31799749564614926,0.1334064965869603,0.4853947933475157,0.001338746758374068,0.0021997800219978004,-0.07546379929671837,-0.11132469125177402,-0.04240281678558898,0.8082052789775013,formal,正式,金标准总分－对应金标准条目分；HAMD14金标准9视为无法评估且总分已不含该项,0.00021585143072994287,0.003648415646240254,FDR显著,FDR显著,attenuated_but_significant
HAMD-17,PDCH标签99人,Qwen3.7-Max,思考,3,C03：全文｜不规整｜逐条评分｜不清洗,全文,不规整,不清洗,4,入睡困难,Spearman秩相关,99,99,99,0,0,3,45,0.49710567808640843,0.3391841837171532,0.6392149964193946,1.659084812228267e-07,9.999000099990002e-05,0.4594830293120115,0.3056531642130043,0.6046917738315325,1.717803820160661e-06,9.999000099990002e-05,-0.037622648774396916,-0.06045084488794974,-0.017760799609315696,0.9243165981945247,formal,正式,金标准总分－对应金标准条目分；HAMD14金标准9视为无法评估且总分已不含该项,0.00021585143072994287,0.00028330500283305,FDR显著,FDR显著,attenuated_but_significant
HAMD-17,PDCH标签99人,Qwen3.7-Max,思考,3,C03：全文｜不规整｜逐条评分｜不清洗,全文,不规整,不清洗,5,睡眠不深,Spearman秩相关,99,99,99,0,0,3,45,0.2722938980210038,0.09051803999973887,0.44198504314833154,0.00639896903746572,0.0058994100589941,0.22014574463846734,0.03103350547066509,0.3945828075274913,0.02855760633395788,0.027697230276972302,-0.05214815338253645,-0.07939283057409852,-0.028450374605381135,0.8084857803955859,formal,正式,金标准总分－对应金标准条目分；HAMD14金标准9视为无法评估且总分已不含该项,0.007789512310904831,0.035874507787316504,FDR显著,FDR显著,attenuated_but_significant
HAMD-17,PDCH标签99人,Qwen3.7-Max,思考,3,C03：全文｜不规整｜逐条评分｜不清洗,全文,不规整,不清洗,6,早醒,Spearman秩相关,99,99,99,0,0,3,45,0.39803742765523364,0.22426487065218872,0.5546591917312774,4.502609154860912e-05,9.999000099990002e-05,0.3417929902832302,0.15146319017903856,0.5068770970681293,0.000535182480614573,0.00039996000399960006,-0.056244437372003464,-0.08422717471807022,-0.03093897555988346,0.8586956063319743,formal,正式,金标准总分－对应金标准条目分；HAMD14金标准9视为无法评估且总分已不含该项,0.00021585143072994287,0.0008634057229197715,FDR显著,FDR显著,attenuated_but_significant
HAMD-17,PDCH标签99人,Qwen3.7-Max,思考,3,C03：全文｜不规整｜逐条评分｜不清洗,全文,不规整,不清洗,7,工作和活动,Spearman秩相关,99,99,99,0,0,5,45,0.6745030352251339,0.5347599561346462,0.7877105833885095,1.9513594716673503e-14,9.999000099990002e-05,0.6399102874784891,0.48850295680778305,0.7565637188146114,9.997569234158314e-13,9.999000099990002e-05,-0.03459274774664478,-0.06625337565746363,-0.0068027407491945725,0.9487137256022895,formal,正式,金标准总分－对应金标准条目分；HAMD14金标准9视为无法评估且总分已不含该项,0.00021585143072994287,0.00028330500283305,FDR显著,FDR显著,attenuated_but_significant
HAMD-17,PDCH标签99人,Qwen3.7-Max,思考,3,C03：全文｜不规整｜逐条评分｜不清洗,全文,不规整,不清洗,8,迟滞,Spearman秩相关,99,99,99,0,0,3,45,0.36683886457823944,0.19797912406689724,0.5219798244814661,0.0001879205965382256,9.999000099990002e-05,0.3636543247384619,0.18126667494463136,0.5192205140521318,0.00021570415574597115,9.999000099990002e-05,-0.003184539839777567,-0.03426639397805869,0.022090883213715287,0.991318968224812,formal,正式,金标准总分－对应金标准条目分；HAMD14金标准9视为无法评估且总分已不含该项,0.00021585143072994287,0.00028330500283305,FDR显著,FDR显著,robust_cross_symptom
HAMD-17,PDCH标签99人,Qwen3.7-Max,思考,3,C03：全文｜不规整｜逐条评分｜不清洗,全文,不规整,不清洗,9,激越,Spearman秩相关,99,99,99,0,0,4,45,0.36119955250165675,0.18595715955866138,0.5274196872516002,0.00023966072959993303,9.999000099990002e-05,0.3457436810900992,0.1604699393981273,0.5102361144466586,0.00045632304278921896,0.00029997000299970003,-0.015455871411557576,-0.040390529201170075,0.006100855173136095,0.9572096053150932,formal,正式,金标准总分－对应金标准条目分；HAMD14金标准9视为无法评估且总分已不含该项,0.00021585143072994287,0.0007033779380682622,FDR显著,FDR显著,robust_cross_symptom
HAMD-17,PDCH标签99人,Qwen3.7-Max,思考,3,C03：全文｜不规整｜逐条评分｜不清洗,全文,不规整,不清洗,10,精神性焦虑,Spearman秩相关,99,99,99,0,0,4,45,0.4901621871762141,0.3192198403297771,0.6500730247662423,2.6088551524156325e-07,9.999000099990002e-05,0.4344846334862157,0.24888900414786017,0.5967072628140658,7.007940147366096e-06,9.999000099990002e-05,-0.05567755368999844,-0.08420049343141313,-0.030702239290223,0.8864099370643981,formal,正式,金标准总分－对应金标准条目分；HAMD14金标准9视为无法评估且总分已不含该项,0.00021585143072994287,0.00028330500283305,FDR显著,FDR显著,attenuated_but_significant
HAMD-17,PDCH标签99人,Qwen3.7-Max,思考,3,C03：全文｜不规整｜逐条评分｜不清洗,全文,不规整,不清洗,11,躯体性焦虑,Spearman秩相关,99,99,99,0,0,4,45,0.6039843419984362,0.4594831083786193,0.7244376819636782,3.6335365733026786e-11,9.999000099990002e-05,0.5523801274261331,0.40910409935671804,0.677259475510069,3.077690351300559e-09,9.999000099990002e-05,-0.05160421457230313,-0.07899541351115608,-0.028223870311503134,0.9145603437308367,formal,正式,金标准总分－对应金标准条目分；HAMD14金标准9视为无法评估且总分已不含该项,0.00021585143072994287,0.00028330500283305,FDR显著,FDR显著,attenuated_but_significant
HAMD-17,PDCH标签99人,Qwen3.7-Max,思考,3,C03：全文｜不规整｜逐条评分｜不清洗,全文,不规整,不清洗,12,胃肠道症状,Spearman秩相关,99,99,99,0,0,3,45,0.5219158382400425,0.35183280288072905,0.6510353078670019,3.024905136085761e-08,9.999000099990002e-05,0.45532711967851686,0.2891382517870163,0.6083370028371922,2.187069484701105e-06,9.999000099990002e-05,-0.06658871856152565,-0.09443044525970343,-0.043501949626307546,0.8724148345716618,formal,正式,金标准总分－对应金标准条目分；HAMD14金标准9视为无法评估且总分已不含该项,0.00021585143072994287,0.00028330500283305,FDR显著,FDR显著,attenuated_but_significant
HAMD-17,PDCH标签99人,Qwen3.7-Max,思考,3,C03：全文｜不规整｜逐条评分｜不清洗,全文,不规整,不清洗,13,全身症状,Spearman秩相关,99,99,99,0,0,3,45,0.6354936255625544,0.4846164964437653,0.7545493834844622,1.5949123594211312e-12,9.999000099990002e-05,0.5979524005820942,0.44561256554052464,0.7259629414596537,6.360802947918795e-11,9.999000099990002e-05,-0.0375412249804602,-0.0625333875649422,-0.01587063885188214,0.9409258826990943,formal,正式,金标准总分－对应金标准条目分；HAMD14金标准9视为无法评估且总分已不含该项,0.00021585143072994287,0.00028330500283305,FDR显著,FDR显著,attenuated_but_significant
HAMD-17,PDCH标签99人,Qwen3.7-Max,思考,3,C03：全文｜不规整｜逐条评分｜不清洗,全文,不规整,不清洗,14,性症状,Spearman秩相关,99,57,57,42,42,3,45,0.4672867135726675,0.2161815000215949,0.6734231147380285,0.000247691784144621,0.00029997000299970003,0.40229639637765297,0.1397787478282292,0.6334248611203303,0.0019208971239844425,0.0021997800219978004,-0.06499031719501452,-0.10922366186265534,-0.029544558997926053,0.8609198265062421,formal,正式,金标准总分－对应金标准条目分；HAMD14金标准9视为无法评估且总分已不含该项,0.000543945605439456,0.003648415646240254,FDR显著,FDR显著,attenuated_but_significant
HAMD-17,PDCH标签99人,Qwen3.7-Max,思考,3,C03：全文｜不规整｜逐条评分｜不清洗,全文,不规整,不清洗,15,疑病,Spearman秩相关,99,99,99,0,0,3,45,0.14274620077157102,-0.05554698140441445,0.3224356024735583,0.1586880029907894,0.16198380161983802,0.08645198649385898,-0.10785122046118224,0.27281446336193244,0.39484913414489475,0.3942605739426057,-0.05629421427771204,-0.0907024249951104,-0.027108591034287123,0.605634237735009,formal,正式,金标准总分－对应金标准条目分；HAMD14金标准9视为无法评估且总分已不含该项,0.17483965889125372,0.41890185981401856,FDR不显著,FDR不显著,weak_both
HAMD-17,PDCH标签99人,Qwen3.7-Max,思考,3,C03：全文｜不规整｜逐条评分｜不清洗,全文,不规整,不清洗,16,体重减轻,Spearman秩相关,99,99,99,0,0,3,45,0.2688158748426932,0.0927159399135764,0.43483138347708417,0.0071360561866512014,0.006299370062993701,0.2056062069314406,0.01196857995077583,0.3782333401017168,0.0411870367029981,0.041695830416958304,-0.0632096679112526,-0.09950563577746245,-0.031701658497442865,0.7648588724596644,formal,正式,金标准总分－对应金标准条目分；HAMD14金标准9视为无法评估且总分已不含该项,0.008237637774684071,0.05108678321357054,FDR显著,FDR不显著,overlap_dependent
HAMD-17,PDCH标签99人,Qwen3.7-Max,思考,3,C03：全文｜不规整｜逐条评分｜不清洗,全文,不规整,不清洗,17,自知力,Spearman秩相关,99,99,99,0,0,2,45,0.08987817395149213,-0.12726588838397482,0.2942016069408732,0.3763123252309691,0.36976302369763026,0.07718973709694643,-0.14572828945075333,0.2885322819999328,0.44760848071075565,0.4480551944805519,-0.012688436854545695,-0.02862350980948383,0.0006244507272720887,0.8588262723117436,formal,正式,金标准总分－对应金标准条目分；HAMD14金标准9视为无法评估且总分已不含该项,0.3838761162051734,0.47236826704926405,FDR不显著,FDR不显著,weak_both
HAMD-17,PDCH标签99人,Qwen3.7-Max,思考,4,C04：全文｜不规整｜逐条评分｜清洗,全文,不规整,清洗,1,抑郁情绪,Spearman秩相关,99,99,99,0,0,4,45,0.5878167728869609,0.42065063787622525,0.7177917980588452,1.5883257992699195e-10,9.999000099990002e-05,0.5492024906995892,0.37677128588734293,0.6996179244537293,3.948385664296288e-09,9.999000099990002e-05,-0.03861428218737173,-0.06372373228096848,-0.014362058846984648,0.9343089820358063,formal,正式,金标准总分－对应金标准条目分；HAMD14金标准9视为无法评估且总分已不含该项,0.00021585143072994287,0.00028330500283305,FDR显著,FDR显著,attenuated_but_significant
HAMD-17,PDCH标签99人,Qwen3.7-Max,思考,4,C04：全文｜不规整｜逐条评分｜清洗,全文,不规整,清洗,2,有罪感,Spearman秩相关,99,99,99,0,0,4,45,0.41472605941406787,0.2505572806535304,0.565346598201139,1.9731085012754623e-05,9.999000099990002e-05,0.35434736689804647,0.1858619318390828,0.5226353609359121,0.00032014205460901093,0.0008999100089991,-0.060378692516021404,-0.09095887797380944,-0.03198989540947334,0.8544130730503758,formal,正式,金标准总分－对应金标准条目分；HAMD14金标准9视为无法评估且总分已不含该项,0.00021585143072994287,0.0017237712848433466,FDR显著,FDR显著,attenuated_but_significant
HAMD-17,PDCH标签99人,Qwen3.7-Max,思考,4,C04：全文｜不规整｜逐条评分｜清洗,全文,不规整,清洗,3,自杀,Spearman秩相关,99,99,99,0,0,5,45,0.4641313318291848,0.28952103417008035,0.6185890687472865,1.3062063075193468e-06,9.999000099990002e-05,0.39541160448849155,0.21626495048398348,0.5624682978259297,5.106499283005468e-05,0.00029997000299970003,-0.06871972734069326,-0.10375546416802871,-0.035822087657955,0.8519390469291043,formal,正式,金标准总分－对应金标准条目分；HAMD14金标准9视为无法评估且总分已不含该项,0.00021585143072994287,0.0007033779380682622,FDR显著,FDR显著,attenuated_but_significant
HAMD-17,PDCH标签99人,Qwen3.7-Max,思考,4,C04：全文｜不规整｜逐条评分｜清洗,全文,不规整,清洗,4,入睡困难,Spearman秩相关,99,99,99,0,0,3,45,0.47194654189718777,0.3082555899185166,0.613159144285565,8.166072186790223e-07,9.999000099990002e-05,0.4355345693808243,0.26700221227264737,0.5790697543890846,6.620707607016576e-06,0.00019998000199980003,-0.03641197251636347,-0.06281290273931293,-0.015733002065893974,0.922847252212104,formal,正式,金标准总分－对应金标准条目分；HAMD14金标准9视为无法评估且总分已不含该项,0.00021585143072994287,0.0005131562315466567,FDR显著,FDR显著,attenuated_but_significant
HAMD-17,PDCH标签99人,Qwen3.7-Max,思考,4,C04：全文｜不规整｜逐条评分｜清洗,全文,不规整,清洗,5,睡眠不深,Spearman秩相关,99,99,99,0,0,3,45,0.21303151847524132,0.024037581133060728,0.3931366182686723,0.03425279142114211,0.034396560343965606,0.16463364258806198,-0.027243285529526956,0.3431746142311901,0.10343753030707653,0.10468953104689531,-0.04839787588717934,-0.07481551024511852,-0.022849810448010148,0.7728135431151979,formal,正式,金标准总分－对应金标准条目分；HAMD14金标准9视为无法评估且总分已不含该项,0.04032700178258037,0.11964517833930893,FDR显著,FDR不显著,overlap_dependent
HAMD-17,PDCH标签99人,Qwen3.7-Max,思考,4,C04：全文｜不规整｜逐条评分｜清洗,全文,不规整,清洗,6,早醒,Spearman秩相关,99,99,99,0,0,3,45,0.37529450380230994,0.1825377969616662,0.534520925704542,0.00012939775770290629,0.00029997000299970003,0.3298696978009303,0.1443606186832242,0.5085797028751711,0.000855073660962888,0.0014998500149985001,-0.04542480600137966,-0.07178405160287642,-0.021644743901238994,0.8789622402109368,formal,正式,金标准总分－对应金标准条目分；HAMD14金标准9视为无法评估且总分已不含该项,0.000543945605439456,0.002756481108645892,FDR显著,FDR显著,attenuated_but_significant
HAMD-17,PDCH标签99人,Qwen3.7-Max,思考,4,C04：全文｜不规整｜逐条评分｜清洗,全文,不规整,清洗,7,工作和活动,Spearman秩相关,99,99,99,0,0,5,45,0.605012915747425,0.4484058429145104,0.7385999914458177,3.298770449602202e-11,9.999000099990002e-05,0.5742665154543821,0.4015460335750736,0.7145019801967668,5.143915357292027e-10,9.999000099990002e-05,-0.030746400293042875,-0.05984978075979453,-0.0050725719857457685,0.949180588558082,formal,正式,金标准总分－对应金标准条目分；HAMD14金标准9视为无法评估且总分已不含该项,0.00021585143072994287,0.00028330500283305,FDR显著,FDR显著,attenuated_but_significant
HAMD-17,PDCH标签99人,Qwen3.7-Max,思考,4,C04：全文｜不规整｜逐条评分｜清洗,全文,不规整,清洗,8,迟滞,Spearman秩相关,99,99,99,0,0,3,45,0.29358156979856115,0.09587833231196533,0.464750901980337,0.0031851284720987444,0.0037996200379962005,0.2955664276706044,0.10091634291719596,0.4671855113654805,0.0029764558516207473,0.0036996300369963003,0.0019848578720432775,-0.022711964926993285,0.023328401862223045,1.0067608394948129,formal,正式,金标准总分－对应金标准条目分；HAMD14金标准9视为无法评估且总分已不含该项,0.005327302321314261,0.00578332971300571,FDR显著,FDR显著,robust_cross_symptom
HAMD-17,PDCH标签99人,Qwen3.7-Max,思考,4,C04：全文｜不规整｜逐条评分｜清洗,全文,不规整,清洗,9,激越,Spearman秩相关,99,99,99,0,0,4,45,0.3473222243146552,0.17185762687809894,0.5129722067384125,0.00042791428530604175,0.00019998000199980003,0.33726010614932717,0.15549067721472876,0.5034324212259733,0.0006409476788169112,0.0006999300069993001,-0.010062118165328038,-0.03236105626308956,0.009097082732531661,0.9710294433787447,formal,正式,金标准总分－对应金标准条目分；HAMD14金标准9视为无法评估且总分已不含该项,0.00037774000377740005,0.0013795721877087653,FDR显著,FDR显著,robust_cross_symptom
HAMD-17,PDCH标签99人,Qwen3.7-Max,思考,4,C04：全文｜不规整｜逐条评分｜清洗,全文,不规整,清洗,10,精神性焦虑,Spearman秩相关,99,99,99,0,0,4,45,0.5344498157836933,0.37634298021875473,0.6676010230557634,1.2140726063133787e-08,9.999000099990002e-05,0.48307329811037214,0.3154910774127574,0.6317710410933818,4.099381159495864e-07,9.999000099990002e-05,-0.05137651767332119,-0.07814150357923756,-0.028217749937023657,0.9038702677856012,formal,正式,金标准总分－对应金标准条目分；HAMD14金标准9视为无法评估且总分已不含该项,0.00021585143072994287,0.00028330500283305,FDR显著,FDR显著,attenuated_but_significant
HAMD-17,PDCH标签99人,Qwen3.7-Max,思考,4,C04：全文｜不规整｜逐条评分｜清洗,全文,不规整,清洗,11,躯体性焦虑,Spearman秩相关,99,99,99,0,0,4,45,0.5709289203226741,0.4125347938416319,0.7020544342671156,6.814971676770126e-10,9.999000099990002e-05,0.5207444453813102,0.34975301715267376,0.666591595795264,3.288142209210371e-08,9.999000099990002e-05,-0.05018447494136391,-0.07750512971259774,-0.026172671642860877,0.912100310292565,formal,正式,金标准总分－对应金标准条目分；HAMD14金标准9视为无法评估且总分已不含该项,0.00021585143072994287,0.00028330500283305,FDR显著,FDR显著,attenuated_but_significant
HAMD-17,PDCH标签99人,Qwen3.7-Max,思考,4,C04：全文｜不规整｜逐条评分｜清洗,全文,不规整,清洗,12,胃肠道症状,Spearman秩相关,99,99,99,0,0,3,45,0.47783382967343596,0.3194778048381608,0.614677601363414,5.688123114345189e-07,9.999000099990002e-05,0.41287296063738527,0.24839120405653994,0.5703401165665196,2.167130117478371e-05,9.999000099990002e-05,-0.0649608690360507,-0.0920297790552671,-0.04143343999226775,0.8640513396038815,formal,正式,金标准总分－对应金标准条目分；HAMD14金标准9视为无法评估且总分已不含该项,0.00021585143072994287,0.00028330500283305,FDR显著,FDR显著,attenuated_but_significant
HAMD-17,PDCH标签99人,Qwen3.7-Max,思考,4,C04：全文｜不规整｜逐条评分｜清洗,全文,不规整,清洗,13,全身症状,Spearman秩相关,99,99,99,0,0,3,45,0.5718408737334344,0.41139343419439806,0.7021004967412777,6.312744768305138e-10,9.999000099990002e-05,0.5347982712031703,0.36201500165345807,0.6737399279778479,1.1830165294637172e-08,9.999000099990002e-05,-0.037042602530264146,-0.06041561275742584,-0.017839459019210344,0.9352221846465426,formal,正式,金标准总分－对应金标准条目分；HAMD14金标准9视为无法评估且总分已不含该项,0.00021585143072994287,0.00028330500283305,FDR显著,FDR显著,attenuated_but_significant
HAMD-17,PDCH标签99人,Qwen3.7-Max,思考,4,C04：全文｜不规整｜逐条评分｜清洗,全文,不规整,清洗,14,性症状,Spearman秩相关,99,59,59,40,40,3,45,0.48277349485666077,0.2585214136096807,0.6705595298855822,0.00010771864231052233,0.00019998000199980003,0.4191011881296816,0.18245247244650298,0.6240406447447626,0.0009537646387238665,0.0008999100089991,-0.06367230672697916,-0.10445323496329008,-0.02882611315309815,0.8681114282260173,formal,正式,金标准总分－对应金标准条目分；HAMD14金标准9视为无法评估且总分已不含该项,0.00037774000377740005,0.0017237712848433466,FDR显著,FDR显著,attenuated_but_significant
HAMD-17,PDCH标签99人,Qwen3.7-Max,思考,4,C04：全文｜不规整｜逐条评分｜清洗,全文,不规整,清洗,15,疑病,Spearman秩相关,99,99,99,0,0,3,45,0.18528380076820378,-0.006878358774776462,0.37118174806284476,0.06634740064413577,0.07029297070292971,0.12704486270343138,-0.07487112040809159,0.31731426344003544,0.2101653292510075,0.20977902209779023,-0.0582389380647724,-0.0894830194930934,-0.027195326043252595,0.6856771189747384,formal,正式,金标准总分－对应金标准条目分；HAMD14金标准9视为无法评估且总分已不含该项,0.07709551625482612,0.22823957604239578,FDR不显著,FDR不显著,weak_both
HAMD-17,PDCH标签99人,Qwen3.7-Max,思考,4,C04：全文｜不规整｜逐条评分｜清洗,全文,不规整,清洗,16,体重减轻,Spearman秩相关,99,99,99,0,0,3,45,0.29217414276312753,0.10956175498805303,0.4532431470767785,0.003340950263933883,0.0040995900409959,0.22210642936295943,0.03507039649066077,0.39197127342571664,0.027137061745365794,0.025297470252974703,-0.0700677134001681,-0.1026364023161648,-0.041137676606277374,0.7601850980462236,formal,正式,金标准总分－对应金标准条目分；HAMD14金标准9视为无法评估且总分已不含该项,0.0056317600563176,0.03308130725389,FDR显著,FDR显著,attenuated_but_significant
HAMD-17,PDCH标签99人,Qwen3.7-Max,思考,4,C04：全文｜不规整｜逐条评分｜清洗,全文,不规整,清洗,17,自知力,Spearman秩相关,99,99,99,0,0,3,45,0.009551444251244995,-0.1946971439230015,0.20886912914556924,0.9252435456214179,0.9243075692430757,-0.0036903190433298185,-0.20292479510800812,0.19799851382692535,0.9710814235958418,0.9704029597040296,-0.013241763294574813,-0.03389173108963264,0.0023752926381727054,-0.3863624124538862,formal,正式,金标准总分－对应金标准条目分；HAMD14金标准9视为无法评估且总分已不含该项,0.9243075692430757,0.9775911297759112,FDR不显著,FDR不显著,weak_both
HAMD-17,PDCH标签99人,Qwen3.7-Max,思考,7,C07：全文｜规整｜逐条评分｜不清洗,全文,规整,不清洗,1,抑郁情绪,Spearman秩相关,99,99,99,0,0,5,42,0.4990726331202579,0.3090188143880617,0.6619730122369264,1.456752622988086e-07,9.999000099990002e-05,0.47339145812329747,0.2851348991053553,0.6296314584429737,7.477230235262135e-07,9.999000099990002e-05,-0.025681174996960432,-0.04956896332442825,-0.004298923888618553,0.9485422095048593,formal,正式,金标准总分－对应金标准条目分；HAMD14金标准9视为无法评估且总分已不含该项,0.00021585143072994287,0.00028330500283305,FDR显著,FDR显著,attenuated_but_significant
HAMD-17,PDCH标签99人,Qwen3.7-Max,思考,7,C07：全文｜规整｜逐条评分｜不清洗,全文,规整,不清洗,2,有罪感,Spearman秩相关,99,99,99,0,0,4,42,0.29512431658420946,0.10426253698925764,0.468271587048961,0.003021842754155353,0.0040995900409959,0.2432642630957057,0.05233290488098628,0.428442246131692,0.015254708599461507,0.014098590140985901,-0.051860053488503755,-0.08170177596485564,-0.024758598793722594,0.8242772602111008,formal,正式,金标准总分－对应金标准条目分；HAMD14金标准9视为无法评估且总分已不含该项,0.0056317600563176,0.019174082591740825,FDR显著,FDR显著,attenuated_but_significant
HAMD-17,PDCH标签99人,Qwen3.7-Max,思考,7,C07：全文｜规整｜逐条评分｜不清洗,全文,规整,不清洗,3,自杀,Spearman秩相关,99,99,99,0,0,5,42,0.35607391437233205,0.17388930521993615,0.5234705190127429,0.00029779966502770474,0.0006999300069993001,0.2929070632307783,0.1095898207239223,0.46316438486153355,0.003258973138227783,0.0032996700329967,-0.06316685114155374,-0.09868945001557972,-0.03257901781128119,0.8226018571090756,formal,正式,金标准总分－对应金标准条目分；HAMD14金标准9视为无法评估且总分已不含该项,0.0011468732644807809,0.005218082842878503,FDR显著,FDR显著,attenuated_but_significant
HAMD-17,PDCH标签99人,Qwen3.7-Max,思考,7,C07：全文｜规整｜逐条评分｜不清洗,全文,规整,不清洗,4,入睡困难,Spearman秩相关,99,99,99,0,0,3,42,0.40658630609884866,0.24203931758591024,0.5581373654382767,2.966869649877295e-05,0.00019998000199980003,0.3738448455771514,0.20153188642282915,0.5414944206427461,0.00013804648640402414,0.00029997000299970003,-0.03274146052169724,-0.05682214677239494,-0.01224353249024634,0.9194722989176689,formal,正式,金标准总分－对应金标准条目分；HAMD14金标准9视为无法评估且总分已不含该项,0.00037774000377740005,0.0007033779380682622,FDR显著,FDR显著,attenuated_but_significant
HAMD-17,PDCH标签99人,Qwen3.7-Max,思考,7,C07：全文｜规整｜逐条评分｜不清洗,全文,规整,不清洗,5,睡眠不深,Spearman秩相关,99,99,99,0,0,3,42,0.22472612257256758,0.03547746134461708,0.406135870953911,0.025333106004627664,0.029197080291970802,0.1756959325061707,-0.019202092320407,0.36473555710245914,0.08194525076544544,0.08709129087091291,-0.04903019006639689,-0.07681761982530146,-0.02349049895523257,0.7818224712591467,formal,正式,金标准总分－对应金标准条目分；HAMD14金标准9视为无法评估且总分已不含该项,0.03452872104093938,0.10037640303766235,FDR显著,FDR不显著,overlap_dependent
HAMD-17,PDCH标签99人,Qwen3.7-Max,思考,7,C07：全文｜规整｜逐条评分｜不清洗,全文,规整,不清洗,6,早醒,Spearman秩相关,99,99,99,0,0,3,42,0.2654319461723163,0.07138024923539532,0.4406482539655208,0.007924219006040414,0.009099090090990901,0.21512351020673115,0.025552714644475304,0.39671569252247135,0.032486610827700046,0.029997000299970003,-0.05030843596558515,-0.07482981358551415,-0.02757591437166811,0.8104657834482164,formal,正式,金标准总分－对应金标准条目分；HAMD14金标准9视为无法评估且总分已不含该项,0.011458113447914468,0.03848671736599925,FDR显著,FDR显著,attenuated_but_significant
HAMD-17,PDCH标签99人,Qwen3.7-Max,思考,7,C07：全文｜规整｜逐条评分｜不清洗,全文,规整,不清洗,7,工作和活动,Spearman秩相关,99,99,99,0,0,5,42,0.606998597987092,0.44765612787452835,0.7317497464054353,2.7345615293780794e-11,9.999000099990002e-05,0.5753814635284615,0.4182453753319167,0.7103274577813523,4.679248895457484e-10,9.999000099990002e-05,-0.03161713445863046,-0.06093943786234564,-0.005191993420558931,0.9479123435153258,formal,正式,金标准总分－对应金标准条目分；HAMD14金标准9视为无法评估且总分已不含该项,0.00021585143072994287,0.00028330500283305,FDR显著,FDR显著,attenuated_but_significant
HAMD-17,PDCH标签99人,Qwen3.7-Max,思考,7,C07：全文｜规整｜逐条评分｜不清洗,全文,规整,不清洗,8,迟滞,Spearman秩相关,99,99,99,0,0,3,42,0.3110116048223759,0.11313798717035,0.4913132404315172,0.001728421294337716,0.0016998300169983002,0.3113858394012696,0.12261120177827883,0.48716323875347756,0.001705190189880851,0.001999800019998,0.00037423457889373957,-0.01778998316428717,0.016994825625155287,1.0012032817203316,formal,正式,金标准总分－对应金标准条目分；HAMD14金标准9视为无法评估且总分已不含该项,0.002540405300129328,0.003442693705313013,FDR显著,FDR显著,robust_cross_symptom
HAMD-17,PDCH标签99人,Qwen3.7-Max,思考,7,C07：全文｜规整｜逐条评分｜不清洗,全文,规整,不清洗,9,激越,Spearman秩相关,99,99,99,0,0,4,42,0.2676046889051431,0.06739279663807365,0.4570423195692475,0.007409815589322527,0.006799320067993201,0.2560684177933846,0.05499493610866784,0.4378785418305977,0.01051865720984959,0.010798920107989201,-0.011536271111758534,-0.03100064934473344,0.008046096517905601,0.9568906241555141,formal,正式,金标准总分－对应金标准条目分；HAMD14金标准9视为无法评估且总分已不含该项,0.008723655936293163,0.014986256476393177,FDR显著,FDR显著,robust_cross_symptom
HAMD-17,PDCH标签99人,Qwen3.7-Max,思考,7,C07：全文｜规整｜逐条评分｜不清洗,全文,规整,不清洗,10,精神性焦虑,Spearman秩相关,99,99,99,0,0,5,42,0.36591082991740254,0.17639167300002148,0.5403563509150047,0.00019565454889113634,0.00019998000199980003,0.3107451524256977,0.11076371421247504,0.4899237048671362,0.0017451358798255883,0.0016998300169983002,-0.05516567749170481,-0.08607502450820899,-0.027864278114318457,0.8492373742964716,formal,正式,金标准总分－对应金标准条目分；HAMD14金标准9视为无法评估且总分已不含该项,0.00037774000377740005,0.003002297172880115,FDR显著,FDR显著,attenuated_but_significant
HAMD-17,PDCH标签99人,Qwen3.7-Max,思考,7,C07：全文｜规整｜逐条评分｜不清洗,全文,规整,不清洗,11,躯体性焦虑,Spearman秩相关,99,99,99,0,0,5,42,0.5206996848403841,0.3462852220065583,0.6681266110287644,3.298622493124446e-08,9.999000099990002e-05,0.47072790128423125,0.2826625330748107,0.6272565445366078,8.79338849448437e-07,9.999000099990002e-05,-0.04997178355615284,-0.07792052369017993,-0.025431993602601465,0.9040295490644069,formal,正式,金标准总分－对应金标准条目分；HAMD14金标准9视为无法评估且总分已不含该项,0.00021585143072994287,0.00028330500283305,FDR显著,FDR显著,attenuated_but_significant
HAMD-17,PDCH标签99人,Qwen3.7-Max,思考,7,C07：全文｜规整｜逐条评分｜不清洗,全文,规整,不清洗,12,胃肠道症状,Spearman秩相关,99,99,99,0,0,3,42,0.5160768394008842,0.34874765543547986,0.6577448793546916,4.570883762803981e-08,9.999000099990002e-05,0.4612762830556514,0.29586042567924314,0.6188717852959374,1.5462754256416171e-06,9.999000099990002e-05,-0.05480055634523284,-0.08114252514800742,-0.030903101271191766,0.8938131840815584,formal,正式,金标准总分－对应金标准条目分；HAMD14金标准9视为无法评估且总分已不含该项,0.00021585143072994287,0.00028330500283305,FDR显著,FDR显著,attenuated_but_significant
HAMD-17,PDCH标签99人,Qwen3.7-Max,思考,7,C07：全文｜规整｜逐条评分｜不清洗,全文,规整,不清洗,13,全身症状,Spearman秩相关,99,99,99,0,0,3,42,0.5056002128794738,0.33114736781600884,0.6484713967402249,9.405435196095842e-08,9.999000099990002e-05,0.4716383570348369,0.283224494926979,0.6301369025499172,8.320581320886983e-07,9.999000099990002e-05,-0.033961855844636846,-0.05974432793757126,-0.012294798328779537,0.9328286361842716,formal,正式,金标准总分－对应金标准条目分；HAMD14金标准9视为无法评估且总分已不含该项,0.00021585143072994287,0.00028330500283305,FDR显著,FDR显著,attenuated_but_significant
HAMD-17,PDCH标签99人,Qwen3.7-Max,思考,7,C07：全文｜规整｜逐条评分｜不清洗,全文,规整,不清洗,14,性症状,Spearman秩相关,99,63,63,36,36,3,42,0.531565994580642,0.31388883241301696,0.7045612213035387,7.367104914234719e-06,9.999000099990002e-05,0.46879824605275766,0.23730004485863399,0.6583024833246449,0.0001065306182664667,0.00019998000199980003,-0.06276774852788436,-0.10426106155897429,-0.02966468311050677,0.8819191799930647,formal,正式,金标准总分－对应金标准条目分；HAMD14金标准9视为无法评估且总分已不含该项,0.00021585143072994287,0.0005131562315466567,FDR显著,FDR显著,attenuated_but_significant
HAMD-17,PDCH标签99人,Qwen3.7-Max,思考,7,C07：全文｜规整｜逐条评分｜不清洗,全文,规整,不清洗,15,疑病,Spearman秩相关,99,99,99,0,0,3,42,0.11206991434127163,-0.09304616776846629,0.3016474467060098,0.2694182967111505,0.27117288271172885,0.04722935585372331,-0.13757873621833328,0.22638944191328425,0.6424921498288088,0.6435356464353564,-0.06484055848754833,-0.09551188998903583,-0.03776616134551338,0.42142760732288975,formal,正式,金标准总分－对应金标准条目分；HAMD14金标准9视为无法评估且总分已不含该项,0.2881211878812119,0.6680980756886143,FDR不显著,FDR不显著,weak_both
HAMD-17,PDCH标签99人,Qwen3.7-Max,思考,7,C07：全文｜规整｜逐条评分｜不清洗,全文,规整,不清洗,16,体重减轻,Spearman秩相关,99,99,99,0,0,3,42,0.3205592714524697,0.13256361441950618,0.49278932918253754,0.0012171555301305349,0.0011998800119988001,0.2552195962217368,0.06036688749638448,0.4299306390993257,0.010787051433317296,0.0091990800919908,-0.06533967523073292,-0.09687624713355628,-0.03586719208942576,0.7961697537722878,formal,正式,金标准总分－对应金标准条目分；HAMD14金标准9视为无法评估且总分已不含该项,0.0018543600185436002,0.013032030130320301,FDR显著,FDR显著,attenuated_but_significant
HAMD-17,PDCH标签99人,Qwen3.7-Max,思考,7,C07：全文｜规整｜逐条评分｜不清洗,全文,规整,不清洗,17,自知力,Spearman秩相关,99,99,99,0,0,3,42,-0.03708043868834496,-0.24392768262790454,0.17331482772471735,0.7155702575457729,0.7185281471852815,-0.04033380600974259,-0.24522187486360056,0.16735960033662356,0.6918240819608684,0.6943305669433056,-0.003253367321397631,-0.01611056595899394,0.009061509306725057,,formal,正式,金标准总分－对应金标准条目分；HAMD14金标准9视为无法评估且总分已不含该项,0.7238505779051725,0.7099921586788689,FDR不显著,FDR不显著,weak_both
HAMD-17,PDCH标签99人,Qwen3.7-Max,思考,8,C08：全文｜规整｜逐条评分｜清洗,全文,规整,清洗,1,抑郁情绪,Spearman秩相关,99,99,99,0,0,5,43,0.5595130471306502,0.41009990320974365,0.6844492501527056,1.7425757147467653e-09,9.999000099990002e-05,0.5274878999316978,0.37776361144549303,0.6639927029252003,2.0250856240640437e-08,9.999000099990002e-05,-0.03202514719895244,-0.05679837046778941,-0.012006474187574922,0.9427624657491243,formal,正式,金标准总分－对应金标准条目分；HAMD14金标准9视为无法评估且总分已不含该项,0.00021585143072994287,0.00028330500283305,FDR显著,FDR显著,attenuated_but_significant
HAMD-17,PDCH标签99人,Qwen3.7-Max,思考,8,C08：全文｜规整｜逐条评分｜清洗,全文,规整,清洗,2,有罪感,Spearman秩相关,99,99,99,0,0,4,43,0.395928461687987,0.19634481754898603,0.567601560927786,4.9819652536003136e-05,0.00019998000199980003,0.3507327749018762,0.15922545586405953,0.5312169852963092,0.0003720009096478803,0.0006999300069993001,-0.0451956867861108,-0.07281068362475018,-0.01975644533351723,0.885848856145817,formal,正式,金标准总分－对应金标准条目分；HAMD14金标准9视为无法评估且总分已不含该项,0.00037774000377740005,0.0013795721877087653,FDR显著,FDR显著,attenuated_but_significant
HAMD-17,PDCH标签99人,Qwen3.7-Max,思考,8,C08：全文｜规整｜逐条评分｜清洗,全文,规整,清洗,3,自杀,Spearman秩相关,99,99,99,0,0,5,43,0.4520959262082598,0.27119161855364465,0.6025946869106918,2.6330897766128195e-06,9.999000099990002e-05,0.3892390841416875,0.2116361828267917,0.559140177497208,6.836169808402726e-05,9.999000099990002e-05,-0.06285684206657227,-0.09894855950186,-0.0317377828841755,0.860965696829533,formal,正式,金标准总分－对应金标准条目分；HAMD14金标准9视为无法评估且总分已不含该项,0.00021585143072994287,0.00028330500283305,FDR显著,FDR显著,attenuated_but_significant
HAMD-17,PDCH标签99人,Qwen3.7-Max,思考,8,C08：全文｜规整｜逐条评分｜清洗,全文,规整,清洗,4,入睡困难,Spearman秩相关,99,99,99,0,0,3,43,0.32159433951541183,0.12326977688838142,0.5070526830523471,0.0011709430438190684,0.000999900009999,0.28675222275349327,0.09425315503934302,0.469710816585527,0.00400708388188905,0.0045995400459954,-0.03484211676191856,-0.06135699632409193,-0.011474631596521307,0.8916581777701071,formal,正式,金标准总分－对应金标准条目分；HAMD14金标准9视为无法评估且总分已不含该项,0.001563062084596138,0.007028510632082859,FDR显著,FDR显著,attenuated_but_significant
HAMD-17,PDCH标签99人,Qwen3.7-Max,思考,8,C08：全文｜规整｜逐条评分｜清洗,全文,规整,清洗,5,睡眠不深,Spearman秩相关,99,99,99,0,0,3,43,0.1542540539900367,-0.037214674410414414,0.33081088498029704,0.12739489171902996,0.12048795120487951,0.1011049206632112,-0.08173022055334776,0.28765888586512356,0.3193670270990228,0.3183681631836816,-0.0531491333268255,-0.0805696626702959,-0.028144093318850365,0.6554441717929927,formal,正式,金标准总分－对应金标准条目分；HAMD14金标准9视为无法评估且总分已不含该项,0.13109089091090892,0.3423216733444766,FDR不显著,FDR不显著,weak_both
HAMD-17,PDCH标签99人,Qwen3.7-Max,思考,8,C08：全文｜规整｜逐条评分｜清洗,全文,规整,清洗,6,早醒,Spearman秩相关,99,99,99,0,0,3,43,0.23467509738250933,0.029213316734577475,0.43372261456569206,0.01938285959939732,0.018598140185981403,0.18465138582962481,-0.013089879676738685,0.37430097805938645,0.06729598189402286,0.07029297070292971,-0.050023711552884514,-0.0767665742582182,-0.025461988075367707,0.7868384327487964,formal,正式,金标准总分－对应金标准条目分；HAMD14金标准9视为无法评估且总分已不含该项,0.022187254958714656,0.08170806850938837,FDR显著,FDR不显著,overlap_dependent
HAMD-17,PDCH标签99人,Qwen3.7-Max,思考,8,C08：全文｜规整｜逐条评分｜清洗,全文,规整,清洗,7,工作和活动,Spearman秩相关,99,99,99,0,0,5,43,0.6063529257223699,0.4547040216107061,0.7277701888144815,2.9069583616008144e-11,9.999000099990002e-05,0.5948319932244385,0.44535689698770653,0.7161752620105579,8.459425520350574e-11,9.999000099990002e-05,-0.011520932497931402,-0.038245220014865924,0.017691514331803434,0.9809996257803059,formal,正式,金标准总分－对应金标准条目分；HAMD14金标准9视为无法评估且总分已不含该项,0.00021585143072994287,0.00028330500283305,FDR显著,FDR显著,robust_cross_symptom
HAMD-17,PDCH标签99人,Qwen3.7-Max,思考,8,C08：全文｜规整｜逐条评分｜清洗,全文,规整,清洗,8,迟滞,Spearman秩相关,99,99,99,0,0,4,43,0.20502895196278106,0.00955426968365241,0.40271948277486425,0.04177195237164566,0.0370962903709629,0.20871381423257798,0.010223403366452794,0.39865478239964697,0.038154324882386126,0.036696330366963306,0.003684862269796918,-0.016541246575318535,0.025346955723165275,1.0179723996758556,formal,正式,金标准总分－对应金标准条目分；HAMD14金标准9视为无法评估且总分已不含该项,0.043120474277358586,0.04591100522975225,FDR显著,FDR显著,robust_cross_symptom
HAMD-17,PDCH标签99人,Qwen3.7-Max,思考,8,C08：全文｜规整｜逐条评分｜清洗,全文,规整,清洗,9,激越,Spearman秩相关,99,99,99,0,0,4,43,0.20822729724722394,0.008262593802366972,0.3816826329333193,0.038616392520804,0.043795620437956206,0.19222248342936343,0.01976128000042522,0.37173763726163717,0.05663523365949309,0.0585941405859414,-0.016004813817860508,-0.03771231985505634,0.003216104549394056,0.9231377728595386,formal,正式,金标准总分－对应金标准条目分；HAMD14金标准9视为无法评估且总分已不含该项,0.049635036496350364,0.06929394017120026,FDR显著,FDR不显著,overlap_dependent
HAMD-17,PDCH标签99人,Qwen3.7-Max,思考,8,C08：全文｜规整｜逐条评分｜清洗,全文,规整,清洗,10,精神性焦虑,Spearman秩相关,99,99,99,0,0,5,43,0.4032936182517164,0.21964698704774865,0.5705061563851894,3.4886919564453566e-05,9.999000099990002e-05,0.36734885663931033,0.17446848467836917,0.5309655992617863,0.0001837918807746731,0.00019998000199980003,-0.03594476161240606,-0.06433775205744081,-0.010221100161441215,0.9108719801512677,formal,正式,金标准总分－对应金标准条目分；HAMD14金标准9视为无法评估且总分已不含该项,0.00021585143072994287,0.0005131562315466567,FDR显著,FDR显著,attenuated_but_significant
HAMD-17,PDCH标签99人,Qwen3.7-Max,思考,8,C08：全文｜规整｜逐条评分｜清洗,全文,规整,清洗,11,躯体性焦虑,Spearman秩相关,99,99,99,0,0,4,43,0.48066170934834374,0.3096408307804644,0.6274639713933564,4.769648058265285e-07,9.999000099990002e-05,0.42950069028507537,0.24555261100221767,0.5841797268211362,9.155012868608842e-06,9.999000099990002e-05,-0.051161019063268365,-0.08070680029608625,-0.023636102640505176,0.89356127590727,formal,正式,金标准总分－对应金标准条目分；HAMD14金标准9视为无法评估且总分已不含该项,0.00021585143072994287,0.00028330500283305,FDR显著,FDR显著,attenuated_but_significant
HAMD-17,PDCH标签99人,Qwen3.7-Max,思考,8,C08：全文｜规整｜逐条评分｜清洗,全文,规整,清洗,12,胃肠道症状,Spearman秩相关,99,99,99,0,0,3,43,0.4845806054625124,0.3293628024559389,0.623332157342299,3.7269630336734943e-07,9.999000099990002e-05,0.42434301989818535,0.2479001570736487,0.5759252469748573,1.2018725287256434e-05,9.999000099990002e-05,-0.06023758556432707,-0.08523607117827987,-0.03763544116391253,0.8756912990629645,formal,正式,金标准总分－对应金标准条目分；HAMD14金标准9视为无法评估且总分已不含该项,0.00021585143072994287,0.00028330500283305,FDR显著,FDR显著,attenuated_but_significant
HAMD-17,PDCH标签99人,Qwen3.7-Max,思考,8,C08：全文｜规整｜逐条评分｜清洗,全文,规整,清洗,13,全身症状,Spearman秩相关,99,99,99,0,0,3,43,0.4121459850790546,0.21988395607402256,0.5829944856674122,2.2480168889385314e-05,0.00019998000199980003,0.36918744549780413,0.16284000029670667,0.5412905231873414,0.00016959404391851476,0.00039996000399960006,-0.042958539581250454,-0.06867917476047189,-0.021915149944143675,0.8957686326290174,formal,正式,金标准总分－对应金标准条目分；HAMD14金标准9视为无法评估且总分已不含该项,0.00037774000377740005,0.0008634057229197715,FDR显著,FDR显著,attenuated_but_significant
HAMD-17,PDCH标签99人,Qwen3.7-Max,思考,8,C08：全文｜规整｜逐条评分｜清洗,全文,规整,清洗,14,性症状,Spearman秩相关,99,66,66,33,33,3,43,0.4324529322349901,0.20132908969813126,0.6172447931945046,0.00028760505127300865,0.0004999500049995,0.3811774613012464,0.1497980640091328,0.572857919758945,0.0015903727215978672,0.0022997700229977,-0.05127547093374368,-0.09257690707444169,-0.020213971299403805,0.8814310943187659,formal,正式,金标准总分－对应金标准条目分；HAMD14金标准9视为无法评估且总分已不含该项,0.0008499150084991501,0.0037682978690082797,FDR显著,FDR显著,attenuated_but_significant
HAMD-17,PDCH标签99人,Qwen3.7-Max,思考,8,C08：全文｜规整｜逐条评分｜清洗,全文,规整,清洗,15,疑病,Spearman秩相关,99,99,99,0,0,3,43,0.05122992115447027,-0.1502464164290472,0.23561254164709947,0.6145506037962574,0.6055394460553944,0.0021875932688840347,-0.1900702643355722,0.2008278079226515,0.9828548888477525,0.9832016798320168,-0.04904232788558623,-0.07924131320557688,-0.019804148746600737,0.04270147639477965,formal,正式,金标准总分－对应金标准条目分；HAMD14金标准9视为无法评估且总分已不含该项,0.6191982305528845,0.9832016798320167,FDR不显著,FDR不显著,weak_both
HAMD-17,PDCH标签99人,Qwen3.7-Max,思考,8,C08：全文｜规整｜逐条评分｜清洗,全文,规整,清洗,16,体重减轻,Spearman秩相关,99,99,99,0,0,3,43,0.3047258135176345,0.13042574645435262,0.460965644002793,0.0021639050395516946,0.0023997600239976003,0.2370996388235756,0.055367959413651045,0.4083229737548432,0.01813013060689561,0.0156984301569843,-0.0676261746940589,-0.10119765700916118,-0.039035442563589866,0.7780753329906349,formal,正式,金标准总分－对应金标准条目分；HAMD14金标准9视为无法评估且总分已不含该项,0.0034719932262092944,0.0211384802113848,FDR显著,FDR显著,attenuated_but_significant
HAMD-17,PDCH标签99人,Qwen3.7-Max,思考,8,C08：全文｜规整｜逐条评分｜清洗,全文,规整,清洗,17,自知力,Spearman秩相关,99,99,99,0,0,3,43,0.19395106952623214,-0.0005407400317346781,0.382003583429655,0.05440624626980541,0.0570942905709429,0.19616491556132307,-0.006504251612443462,0.3864171025914233,0.051657262123075365,0.05069493050694931,0.0022138460350909217,-0.009730234023173462,0.01686922249276174,1.0114144564425385,formal,正式,金标准总分－对应金标准条目分；HAMD14金标准9视为无法评估且总分已不含该项,0.063128646484945,0.0610133676897797,FDR不显著,FDR不显著,weak_both
HAMD-17,PDCH标签99人,Qwen3.7-Max,思考,11,C11：事件序列｜不规整｜逐条评分｜不清洗,事件序列,不规整,不清洗,1,抑郁情绪,Spearman秩相关,99,99,99,0,0,4,54,0.5003146979316415,0.31054678849932427,0.6566722116447761,1.3413307061924728e-07,9.999000099990002e-05,0.46438283678482256,0.2704015135573321,0.6268356472991211,1.286841610922866e-06,9.999000099990002e-05,-0.035931861146818955,-0.06200537296318578,-0.01362705566660144,0.9281814799857662,formal,正式,金标准总分－对应金标准条目分；HAMD14金标准9视为无法评估且总分已不含该项,0.00021585143072994287,0.00028330500283305,FDR显著,FDR显著,attenuated_but_significant
HAMD-17,PDCH标签99人,Qwen3.7-Max,思考,11,C11：事件序列｜不规整｜逐条评分｜不清洗,事件序列,不规整,不清洗,2,有罪感,Spearman秩相关,99,99,99,0,0,3,54,0.38948259285238085,0.21247013551391544,0.5457065631576722,6.758686337874526e-05,0.00019998000199980003,0.3343323980424917,0.15362832521420872,0.49944377720388483,0.0007190901848998828,0.0011998800119988001,-0.05515019480988914,-0.08716755009088507,-0.025653557378918494,0.8584013873226118,formal,正式,金标准总分－对应金标准条目分；HAMD14金标准9视为无法评估且总分已不含该项,0.00037774000377740005,0.0022664400226644005,FDR显著,FDR显著,attenuated_but_significant
HAMD-17,PDCH标签99人,Qwen3.7-Max,思考,11,C11：事件序列｜不规整｜逐条评分｜不清洗,事件序列,不规整,不清洗,3,自杀,Spearman秩相关,99,99,99,0,0,5,54,0.4314076152433139,0.25347021641242856,0.5789394500019149,8.269245083651515e-06,9.999000099990002e-05,0.35807922379781615,0.1726448852909247,0.5168253165302003,0.00027365845400696204,0.0005999400059994001,-0.07332839144549774,-0.10850181806864898,-0.04240200594474026,0.8300252734200333,formal,正式,金标准总分－对应金标准条目分；HAMD14金标准9视为无法评估且总分已不含该项,0.00021585143072994287,0.0012552590894756679,FDR显著,FDR显著,attenuated_but_significant
HAMD-17,PDCH标签99人,Qwen3.7-Max,思考,11,C11：事件序列｜不规整｜逐条评分｜不清洗,事件序列,不规整,不清洗,4,入睡困难,Spearman秩相关,99,99,99,0,0,3,54,0.4301904904648265,0.24753382692375717,0.5848270604609195,8.824774594130215e-06,9.999000099990002e-05,0.3945000181976969,0.21255664500584584,0.5567833882081615,5.333245567200864e-05,9.999000099990002e-05,-0.03569047226712957,-0.058750121809277925,-0.015669450732778284,0.9170356549988691,formal,正式,金标准总分－对应金标准条目分；HAMD14金标准9视为无法评估且总分已不含该项,0.00021585143072994287,0.00028330500283305,FDR显著,FDR显著,attenuated_but_significant
HAMD-17,PDCH标签99人,Qwen3.7-Max,思考,11,C11：事件序列｜不规整｜逐条评分｜不清洗,事件序列,不规整,不清洗,5,睡眠不深,Spearman秩相关,99,99,99,0,0,3,54,0.2645259016286682,0.09022342423251332,0.4390189127623308,0.008147865306060115,0.009299070092990702,0.21087687620750162,0.021159485237959706,0.3972816437177904,0.03615561797163523,0.0377962203779622,-0.05364902542116656,-0.08105891587369889,-0.028953118643612517,0.797188006577605,formal,正式,金标准总分－对应金标准条目分；HAMD14金标准9视为无法评估且总分已不含该项,0.01160250947382326,0.04672987246729872,FDR显著,FDR显著,attenuated_but_significant
HAMD-17,PDCH标签99人,Qwen3.7-Max,思考,11,C11：事件序列｜不规整｜逐条评分｜不清洗,事件序列,不规整,不清洗,6,早醒,Spearman秩相关,99,99,99,0,0,3,54,0.31707148297146903,0.12669157532358383,0.49228784212814414,0.0013853447640419865,0.0022997700229977,0.26548501333708235,0.06954310273793254,0.4472659341687306,0.007911289426093246,0.0071992800719928,-0.05158646963438668,-0.07851299895633394,-0.027595003562187435,0.8373033451291847,formal,正式,金标准总分－对应金标准条目分；HAMD14金标准9视为无法评估且总分已不含该项,0.0033996600339966003,0.010527979460118504,FDR显著,FDR显著,attenuated_but_significant
HAMD-17,PDCH标签99人,Qwen3.7-Max,思考,11,C11：事件序列｜不规整｜逐条评分｜不清洗,事件序列,不规整,不清洗,7,工作和活动,Spearman秩相关,99,99,99,0,0,5,54,0.6385625933057376,0.49264523208290695,0.7553911489609283,1.1538149843458082e-12,9.999000099990002e-05,0.606943516540633,0.4558144691371327,0.7294107256889307,2.7488755071062365e-11,9.999000099990002e-05,-0.03161907676510456,-0.061723987683271316,-0.006662915883430997,0.9504839821552691,formal,正式,金标准总分－对应金标准条目分；HAMD14金标准9视为无法评估且总分已不含该项,0.00021585143072994287,0.00028330500283305,FDR显著,FDR显著,attenuated_but_significant
HAMD-17,PDCH标签99人,Qwen3.7-Max,思考,11,C11：事件序列｜不规整｜逐条评分｜不清洗,事件序列,不规整,不清洗,8,迟滞,Spearman秩相关,99,99,99,0,0,3,54,0.32350155571726863,0.137718246107694,0.48438831767639634,0.0010899496849481754,0.0014998500149985001,0.3199904667549777,0.12636359578149098,0.4898591171494121,0.0012432510380294992,0.0015998400159984002,-0.003511088962290909,-0.03210455402239939,0.021186759039193342,0.9891466087249376,formal,正式,金标准总分－对应金标准条目分；HAMD14金标准9视为无法评估且总分已不含该项,0.0022919056408965844,0.0028628716075760844,FDR显著,FDR显著,robust_cross_symptom
HAMD-17,PDCH标签99人,Qwen3.7-Max,思考,11,C11：事件序列｜不规整｜逐条评分｜不清洗,事件序列,不规整,不清洗,9,激越,Spearman秩相关,99,99,99,0,0,4,54,0.37568883528068536,0.18997572968674095,0.5349007785435577,0.00012713367629956136,0.00019998000199980003,0.3550011159026936,0.16820176391107478,0.5194103754775494,0.00031150656286686723,0.00039996000399960006,-0.020687719377991742,-0.042214741323499026,-0.0011835428926258162,0.9449338989205376,formal,正式,金标准总分－对应金标准条目分；HAMD14金标准9视为无法评估且总分已不含该项,0.00037774000377740005,0.0008634057229197715,FDR显著,FDR显著,attenuated_but_significant
HAMD-17,PDCH标签99人,Qwen3.7-Max,思考,11,C11：事件序列｜不规整｜逐条评分｜不清洗,事件序列,不规整,不清洗,10,精神性焦虑,Spearman秩相关,99,99,99,0,0,5,54,0.47826003426990027,0.2956163924556713,0.6315566507022251,5.539693601997738e-07,9.999000099990002e-05,0.4281735534401025,0.2466886468098227,0.5935281273871807,9.823317612505021e-06,9.999000099990002e-05,-0.050086480829797775,-0.07876586469303196,-0.025905781307892957,0.8952735389937849,formal,正式,金标准总分－对应金标准条目分；HAMD14金标准9视为无法评估且总分已不含该项,0.00021585143072994287,0.00028330500283305,FDR显著,FDR显著,attenuated_but_significant
HAMD-17,PDCH标签99人,Qwen3.7-Max,思考,11,C11：事件序列｜不规整｜逐条评分｜不清洗,事件序列,不规整,不清洗,11,躯体性焦虑,Spearman秩相关,99,99,99,0,0,4,54,0.6271530317472804,0.48380179846022403,0.741326640113336,3.7761332017709955e-12,9.999000099990002e-05,0.5733585918781763,0.4165805929354936,0.7004060221261624,5.554732945671528e-10,9.999000099990002e-05,-0.05379443986910415,-0.08163866337025356,-0.028587345966753903,0.914224380420788,formal,正式,金标准总分－对应金标准条目分；HAMD14金标准9视为无法评估且总分已不含该项,0.00021585143072994287,0.00028330500283305,FDR显著,FDR显著,attenuated_but_significant
HAMD-17,PDCH标签99人,Qwen3.7-Max,思考,11,C11：事件序列｜不规整｜逐条评分｜不清洗,事件序列,不规整,不清洗,12,胃肠道症状,Spearman秩相关,99,99,99,0,0,3,54,0.5137019272150594,0.35461290888271096,0.6511323974886889,5.394669641275412e-08,9.999000099990002e-05,0.45500888104589854,0.2831320980983802,0.5990081568479186,2.2276028292599625e-06,9.999000099990002e-05,-0.05869304616916082,-0.0856213276970106,-0.03277457421676251,0.8857449367820082,formal,正式,金标准总分－对应金标准条目分；HAMD14金标准9视为无法评估且总分已不含该项,0.00021585143072994287,0.00028330500283305,FDR显著,FDR显著,attenuated_but_significant
HAMD-17,PDCH标签99人,Qwen3.7-Max,思考,11,C11：事件序列｜不规整｜逐条评分｜不清洗,事件序列,不规整,不清洗,13,全身症状,Spearman秩相关,99,99,99,0,0,3,54,0.5546814682373007,0.39128144901141515,0.6901675314103906,2.5654146077676155e-09,9.999000099990002e-05,0.5081614041136826,0.33591694832246277,0.6504192008446654,7.902000242945445e-08,9.999000099990002e-05,-0.04652006412361809,-0.07288259400206938,-0.0259624617247579,0.9161319301482123,formal,正式,金标准总分－对应金标准条目分；HAMD14金标准9视为无法评估且总分已不含该项,0.00021585143072994287,0.00028330500283305,FDR显著,FDR显著,attenuated_but_significant
HAMD-17,PDCH标签99人,Qwen3.7-Max,思考,11,C11：事件序列｜不规整｜逐条评分｜不清洗,事件序列,不规整,不清洗,14,性症状,Spearman秩相关,99,59,59,40,40,3,54,0.4692683261114649,0.2354895942185765,0.6719353357429243,0.00017738961136464336,0.00039996000399960006,0.4042110958819465,0.13820140542095838,0.6091406355755614,0.0014981117485701185,0.0017998200179982,-0.06505723022951843,-0.10694715191834146,-0.029496170821699384,0.8613645400519415,formal,正式,金标准总分－对应金标准条目分；HAMD14金标准9视为无法评估且总分已不含该项,0.0006973661608198154,0.0031381477236891693,FDR显著,FDR显著,attenuated_but_significant
HAMD-17,PDCH标签99人,Qwen3.7-Max,思考,11,C11：事件序列｜不规整｜逐条评分｜不清洗,事件序列,不规整,不清洗,15,疑病,Spearman秩相关,99,99,99,0,0,3,54,0.19355884939854395,0.014482716600190782,0.3709322369623432,0.054905583411768336,0.05119488051194881,0.13765624405378257,-0.05717993250505316,0.32061887578307097,0.17422726764837085,0.17478252174782521,-0.05590260534476138,-0.08932817898955804,-0.027202474762198857,0.711185484319262,formal,正式,金标准总分－对应金标准条目分；HAMD14金标准9视为无法评估且总分已不含该项,0.057069702865779,0.1948395324401986,FDR不显著,FDR不显著,weak_both
HAMD-17,PDCH标签99人,Qwen3.7-Max,思考,11,C11：事件序列｜不规整｜逐条评分｜不清洗,事件序列,不规整,不清洗,16,体重减轻,Spearman秩相关,99,99,99,0,0,3,54,0.25466031655038907,0.07248300557324062,0.4235472044121144,0.010967151672648685,0.011398860113988602,0.18879042940972135,0.003724523150245767,0.3684333813558273,0.06128260818580425,0.05699430056994301,-0.06586988714066772,-0.09987748077277869,-0.03417789586956883,0.7413421610679802,formal,正式,金标准总分－对应金标准条目分；HAMD14金标准9视为无法评估且总分已不含该项,0.014093136140931363,0.06799320067993202,FDR显著,FDR不显著,overlap_dependent
HAMD-17,PDCH标签99人,Qwen3.7-Max,思考,11,C11：事件序列｜不规整｜逐条评分｜不清洗,事件序列,不规整,不清洗,17,自知力,Spearman秩相关,99,99,99,0,0,2,54,0.040659821591954165,-0.180890912507543,0.2578594286208903,0.6894604182356778,0.689031096890311,0.03686787597864271,-0.18975736917969582,0.2533303048472755,0.7171315084386548,0.7193280671932807,-0.003791945613311455,-0.01699349582171825,0.0073094026842513045,0.9067397380301883,formal,正式,金标准总分－对应金标准条目分；HAMD14金标准9视为无法评估且总分已不含该项,0.6993151431125544,0.7300643070021356,FDR不显著,FDR不显著,weak_both
HAMD-17,PDCH标签99人,Qwen3.7-Max,思考,12,C12：事件序列｜不规整｜逐条评分｜清洗,事件序列,不规整,清洗,1,抑郁情绪,Spearman秩相关,99,99,99,0,0,5,51,0.4770557976034689,0.2924984782126077,0.6353949459615298,5.968862104819816e-07,9.999000099990002e-05,0.4472224938148355,0.24930611235416936,0.6198126158377716,3.4712610989785503e-06,9.999000099990002e-05,-0.029833303788633414,-0.05527405850258159,-0.006240305868499096,0.9374637014401594,formal,正式,金标准总分－对应金标准条目分；HAMD14金标准9视为无法评估且总分已不含该项,0.00021585143072994287,0.00028330500283305,FDR显著,FDR显著,attenuated_but_significant
HAMD-17,PDCH标签99人,Qwen3.7-Max,思考,12,C12：事件序列｜不规整｜逐条评分｜清洗,事件序列,不规整,清洗,2,有罪感,Spearman秩相关,99,99,99,0,0,3,51,0.30102028746238946,0.10779446057436888,0.47801509173432355,0.0024648161974768264,0.0023997600239976003,0.261303238656571,0.06708123160377014,0.4392750792950899,0.008989057606860314,0.008999100089991,-0.039717048805818445,-0.06984513507190766,-0.014197527097243163,0.8680585646215595,formal,正式,金标准总分－对应金标准条目分；HAMD14金标准9视为无法评估且总分已不含该项,0.0034719932262092944,0.012882922234092379,FDR显著,FDR显著,attenuated_but_significant
HAMD-17,PDCH标签99人,Qwen3.7-Max,思考,12,C12：事件序列｜不规整｜逐条评分｜清洗,事件序列,不规整,清洗,3,自杀,Spearman秩相关,99,99,99,0,0,5,51,0.4558088985511309,0.2808694367394196,0.6120702759485097,2.127030585593014e-06,9.999000099990002e-05,0.38537164053694556,0.1981589656837122,0.5534096031966469,8.183157280859664e-05,9.999000099990002e-05,-0.07043725801418532,-0.10746609843879927,-0.039082059221668,0.8454675671359585,formal,正式,金标准总分－对应金标准条目分；HAMD14金标准9视为无法评估且总分已不含该项,0.00021585143072994287,0.00028330500283305,FDR显著,FDR显著,attenuated_but_significant
HAMD-17,PDCH标签99人,Qwen3.7-Max,思考,12,C12：事件序列｜不规整｜逐条评分｜清洗,事件序列,不规整,清洗,4,入睡困难,Spearman秩相关,99,99,99,0,0,3,51,0.4946959617947405,0.3415281003961414,0.6328289595893039,1.9435003258339124e-07,9.999000099990002e-05,0.463239165089035,0.29660041688811156,0.6034009550470562,1.3771475259516365e-06,9.999000099990002e-05,-0.0314567967057055,-0.04983547630775427,-0.0143128338254088,0.9364118587271639,formal,正式,金标准总分－对应金标准条目分；HAMD14金标准9视为无法评估且总分已不含该项,0.00021585143072994287,0.00028330500283305,FDR显著,FDR显著,attenuated_but_significant
HAMD-17,PDCH标签99人,Qwen3.7-Max,思考,12,C12：事件序列｜不规整｜逐条评分｜清洗,事件序列,不规整,清洗,5,睡眠不深,Spearman秩相关,99,99,99,0,0,3,51,0.24105766710664703,0.0546093319717871,0.4193197125732586,0.01623493724096304,0.015498450154984501,0.19418022447346736,-0.0006118681070686153,0.38121036053833546,0.05411623823106653,0.05069493050694931,-0.04687744263317967,-0.07487819444551105,-0.023510972636253073,0.8055343221568618,formal,正式,金标准总分－对应金标准条目分；HAMD14金标准9视为无法评估且总分已不含该项,0.018819546616766897,0.0610133676897797,FDR显著,FDR不显著,overlap_dependent
HAMD-17,PDCH标签99人,Qwen3.7-Max,思考,12,C12：事件序列｜不规整｜逐条评分｜清洗,事件序列,不规整,清洗,6,早醒,Spearman秩相关,99,99,99,0,0,3,51,0.3387690937948483,0.15542394477719346,0.5067225420080544,0.0006037829531092496,0.0006999300069993001,0.28728786171900295,0.09702818263625905,0.4705123842299238,0.003936361356969028,0.0044995500449955,-0.05148123207584537,-0.07854218567625078,-0.027086561161372116,0.8480344487770146,formal,正式,金标准总分－对应金标准条目分；HAMD14金标准9视为无法评估且总分已不含该项,0.0011468732644807809,0.0069538500695385,FDR显著,FDR显著,attenuated_but_significant
HAMD-17,PDCH标签99人,Qwen3.7-Max,思考,12,C12：事件序列｜不规整｜逐条评分｜清洗,事件序列,不规整,清洗,7,工作和活动,Spearman秩相关,99,99,99,0,0,5,51,0.6350774447931806,0.4831111802645436,0.751274665091549,1.6660308069124899e-12,9.999000099990002e-05,0.5988921899304159,0.4387716981003429,0.7258748351854332,5.833863411546997e-11,9.999000099990002e-05,-0.03618525486276469,-0.06710624898482435,-0.00826438741416601,0.9430222956909629,formal,正式,金标准总分－对应金标准条目分；HAMD14金标准9视为无法评估且总分已不含该项,0.00021585143072994287,0.00028330500283305,FDR显著,FDR显著,attenuated_but_significant
HAMD-17,PDCH标签99人,Qwen3.7-Max,思考,12,C12：事件序列｜不规整｜逐条评分｜清洗,事件序列,不规整,清洗,8,迟滞,Spearman秩相关,99,99,99,0,0,3,51,0.25097199607377235,0.0661353449599838,0.4150879570848774,0.012222091139317066,0.012698730126987301,0.2514391397860962,0.06436981809270341,0.41513839292269167,0.012056516126062752,0.0124987501249875,0.00046714371232386975,-0.025368298006075367,0.023447334878352377,1.0018613379963976,formal,正式,金标准总分－对应金标准条目分；HAMD14金标准9视为无法评估且总分已不含该项,0.01555880447991237,0.0171700001717,FDR显著,FDR显著,robust_cross_symptom
HAMD-17,PDCH标签99人,Qwen3.7-Max,思考,12,C12：事件序列｜不规整｜逐条评分｜清洗,事件序列,不规整,清洗,9,激越,Spearman秩相关,99,99,99,0,0,4,51,0.3006622381046963,0.11628590274894791,0.4731770633169439,0.002495801516984463,0.0033996600339966003,0.28061286869168106,0.08926842541400469,0.45054780161333285,0.004902619195653518,0.0059994000599940004,-0.020049369413015217,-0.041845422897376174,6.496759249239884e-05,0.9333159709732699,formal,正式,金标准总分－对应金标准条目分；HAMD14金标准9视为无法评估且总分已不含该项,0.004816185048161851,0.008966136353397627,FDR显著,FDR显著,robust_cross_symptom
HAMD-17,PDCH标签99人,Qwen3.7-Max,思考,12,C12：事件序列｜不规整｜逐条评分｜清洗,事件序列,不规整,清洗,10,精神性焦虑,Spearman秩相关,99,99,99,0,0,4,51,0.4274364130192469,0.23896544843359044,0.5948695652242785,1.0214064344034304e-05,9.999000099990002e-05,0.3660428620128559,0.18328502153980974,0.5376486990150289,0.00019453655796397253,0.00019998000199980003,-0.06139355100639099,-0.0890697125920641,-0.03649073584554881,0.8563679903339763,formal,正式,金标准总分－对应金标准条目分；HAMD14金标准9视为无法评估且总分已不含该项,0.00021585143072994287,0.0005131562315466567,FDR显著,FDR显著,attenuated_but_significant
HAMD-17,PDCH标签99人,Qwen3.7-Max,思考,12,C12：事件序列｜不规整｜逐条评分｜清洗,事件序列,不规整,清洗,11,躯体性焦虑,Spearman秩相关,99,99,99,0,0,4,51,0.5772906729606619,0.4100413563624527,0.7080812022396324,3.9756515098310644e-10,9.999000099990002e-05,0.5239300150698144,0.34588086025192283,0.6661993845281727,2.6186602303157976e-08,9.999000099990002e-05,-0.05336065789084754,-0.08224738231143848,-0.027670846224910155,0.9075670881409101,formal,正式,金标准总分－对应金标准条目分；HAMD14金标准9视为无法评估且总分已不含该项,0.00021585143072994287,0.00028330500283305,FDR显著,FDR显著,attenuated_but_significant
HAMD-17,PDCH标签99人,Qwen3.7-Max,思考,12,C12：事件序列｜不规整｜逐条评分｜清洗,事件序列,不规整,清洗,12,胃肠道症状,Spearman秩相关,99,99,99,0,0,3,51,0.48516329735232877,0.31840867660878097,0.6214862421774657,3.591797419034993e-07,9.999000099990002e-05,0.42598772135330343,0.2516768513206508,0.5722234370636167,1.1024938409073766e-05,0.00019998000199980003,-0.05917557599902534,-0.08521713225504711,-0.03611784230895093,0.8780295699984666,formal,正式,金标准总分－对应金标准条目分；HAMD14金标准9视为无法评估且总分已不含该项,0.00021585143072994287,0.0005131562315466567,FDR显著,FDR显著,attenuated_but_significant
HAMD-17,PDCH标签99人,Qwen3.7-Max,思考,12,C12：事件序列｜不规整｜逐条评分｜清洗,事件序列,不规整,清洗,13,全身症状,Spearman秩相关,99,99,99,0,0,3,51,0.5497959751741387,0.38725651109948767,0.683837391552701,3.7696226006036165e-09,9.999000099990002e-05,0.5059016791045666,0.33846678643903727,0.6517205362478853,9.215259992866685e-08,9.999000099990002e-05,-0.04389429606957207,-0.06904395483596551,-0.023601400054684415,0.9201625729332243,formal,正式,金标准总分－对应金标准条目分；HAMD14金标准9视为无法评估且总分已不含该项,0.00021585143072994287,0.00028330500283305,FDR显著,FDR显著,attenuated_but_significant
HAMD-17,PDCH标签99人,Qwen3.7-Max,思考,12,C12：事件序列｜不规整｜逐条评分｜清洗,事件序列,不规整,清洗,14,性症状,Spearman秩相关,99,57,57,42,42,3,51,0.4728469129582504,0.21550898330302967,0.6812046578375628,0.000203834455046062,0.00039996000399960006,0.4104786479036575,0.14819651799797526,0.6260540831934867,0.001516943444777745,0.0013998600139986002,-0.062368265054592864,-0.10726745531319094,-0.025993054791516736,0.8681005134105642,formal,正式,金标准总分－对应金标准条目分；HAMD14金标准9视为无法评估且总分已不含该项,0.0006973661608198154,0.0026079583822439674,FDR显著,FDR显著,attenuated_but_significant
HAMD-17,PDCH标签99人,Qwen3.7-Max,思考,12,C12：事件序列｜不规整｜逐条评分｜清洗,事件序列,不规整,清洗,15,疑病,Spearman秩相关,99,99,99,0,0,3,51,0.10399364539698511,-0.08576742027170198,0.28660370044807665,0.3056638245920455,0.30226977302269775,0.04599063443750212,-0.13597053780826837,0.2250949944391733,0.6512482982529703,0.6596340365963403,-0.05800301095948299,-0.08623565071083428,-0.027736111356721545,0.4422446608342036,formal,正式,金标准总分－对应金标准条目分；HAMD14金标准9视为无法评估且总分已不含该项,0.3186720087681154,0.6796229467962295,FDR不显著,FDR不显著,weak_both
HAMD-17,PDCH标签99人,Qwen3.7-Max,思考,12,C12：事件序列｜不规整｜逐条评分｜清洗,事件序列,不规整,清洗,16,体重减轻,Spearman秩相关,99,99,99,0,0,3,51,0.33601582949541164,0.15452231670689148,0.49395860889212695,0.0006731558050082985,0.0007999200079992001,0.2665989693032237,0.0910926227864081,0.42867461246131905,0.007644138604077488,0.006899310068993101,-0.06941686019218796,-0.10271763616710133,-0.03950800394539479,0.7934119345019255,formal,正式,金标准总分－对应金标准条目分；HAMD14金标准9视为无法评估且总分已不含该项,0.0012951085843796572,0.0101989801019898,FDR显著,FDR显著,attenuated_but_significant
HAMD-17,PDCH标签99人,Qwen3.7-Max,思考,12,C12：事件序列｜不规整｜逐条评分｜清洗,事件序列,不规整,清洗,17,自知力,Spearman秩相关,99,99,99,0,0,3,51,-0.060640564664881005,-0.2692918172662793,0.15414286086349424,0.5510067332963802,0.5504449555044496,-0.06322504837626246,-0.2628646446090874,0.14950771572051041,0.5341297488188302,0.53994600539946,-0.0025844837113814523,-0.014818479438417796,0.008773358384628775,,formal,正式,金标准总分－对应金标准条目分；HAMD14金标准9视为无法评估且总分已不含该项,0.5671251056712511,0.5648665902640505,FDR不显著,FDR不显著,weak_both
HAMD-17,PDCH标签99人,Qwen3.7-Max,思考,15,C15：事件序列｜规整｜逐条评分｜不清洗,事件序列,规整,不清洗,1,抑郁情绪,Spearman秩相关,99,99,99,0,0,4,51,0.4509506025597072,0.25989169776207843,0.6194617214263208,2.8108581728352854e-06,9.999000099990002e-05,0.411402043340917,0.21171985330378182,0.5751955238336549,2.3337132129180173e-05,9.999000099990002e-05,-0.03954855921879019,-0.06463062087704713,-0.01813626121203698,0.9122995756202502,formal,正式,金标准总分－对应金标准条目分；HAMD14金标准9视为无法评估且总分已不含该项,0.00021585143072994287,0.00028330500283305,FDR显著,FDR显著,attenuated_but_significant
HAMD-17,PDCH标签99人,Qwen3.7-Max,思考,15,C15：事件序列｜规整｜逐条评分｜不清洗,事件序列,规整,不清洗,2,有罪感,Spearman秩相关,99,99,99,0,0,4,51,0.39907535711072817,0.2153240796323502,0.5602831671231533,4.282839110941999e-05,0.00019998000199980003,0.3492327021863742,0.15364155490808726,0.5210394224853618,0.0003957088732900622,0.0004999500049995,-0.04984265492435397,-0.0787477749413636,-0.023468256083542017,0.8751046537044769,formal,正式,金标准总分－对应金标准条目分；HAMD14金标准9视为无法评估且总分已不含该项,0.00037774000377740005,0.0010623937606239376,FDR显著,FDR显著,attenuated_but_significant
HAMD-17,PDCH标签99人,Qwen3.7-Max,思考,15,C15：事件序列｜规整｜逐条评分｜不清洗,事件序列,规整,不清洗,3,自杀,Spearman秩相关,99,99,99,0,0,5,51,0.38962383377196785,0.2050103915585253,0.5554526398179779,6.714119680966523e-05,0.00029997000299970003,0.3155048042603046,0.1315661847746803,0.49751612797301,0.001467545211349175,0.0015998400159984002,-0.07411902951166327,-0.10866693099752289,-0.04305890788564812,0.8097677218713413,formal,正式,金标准总分－对应金标准条目分；HAMD14金标准9视为无法评估且总分已不含该项,0.000543945605439456,0.0028628716075760844,FDR显著,FDR显著,attenuated_but_significant
HAMD-17,PDCH标签99人,Qwen3.7-Max,思考,15,C15：事件序列｜规整｜逐条评分｜不清洗,事件序列,规整,不清洗,4,入睡困难,Spearman秩相关,99,99,99,0,0,3,51,0.3485624307339652,0.1680388108897307,0.5150433068165879,0.0004067448702597898,0.00039996000399960006,0.3081579419182204,0.12339753989252744,0.4778570332572327,0.0019152034494011388,0.0020997900209979003,-0.04040448881574482,-0.06465759743175169,-0.020587198582140063,0.884082490672717,formal,正式,金标准总分－对应金标准条目分；HAMD14金标准9视为无法评估且总分已不含该项,0.0006973661608198154,0.0035696430356964306,FDR显著,FDR显著,attenuated_but_significant
HAMD-17,PDCH标签99人,Qwen3.7-Max,思考,15,C15：事件序列｜规整｜逐条评分｜不清洗,事件序列,规整,不清洗,5,睡眠不深,Spearman秩相关,99,99,99,0,0,3,51,0.33030314868359845,0.14572697119309497,0.5057999431676469,0.0008409047757836696,0.000999900009999,0.2929552907335631,0.09932152436790158,0.4764749627374293,0.003253642692742389,0.0031996800319968005,-0.03734785795003537,-0.06518395634302536,-0.014248301747743677,0.8869285439788183,formal,正式,金标准总分－对应金标准条目分；HAMD14金标准9视为无法评估且总分已不含该项,0.001563062084596138,0.00511948805119488,FDR显著,FDR显著,attenuated_but_significant
HAMD-17,PDCH标签99人,Qwen3.7-Max,思考,15,C15：事件序列｜规整｜逐条评分｜不清洗,事件序列,规整,不清洗,6,早醒,Spearman秩相关,99,99,99,0,0,3,51,0.26835727436285073,0.07924865458082596,0.4360905705290146,0.007238642141096055,0.007799220077992201,0.21685332388458362,0.019446694888423193,0.39478140693603286,0.031084794294592214,0.031296870312968704,-0.05150395047826711,-0.07661140495224444,-0.02786864866866235,0.808076935493734,formal,正式,金标准总分－对应金标准条目分；HAMD14金标准9视为无法评估且总分已不含该项,0.009913027388849902,0.039779199650128445,FDR显著,FDR显著,attenuated_but_significant
HAMD-17,PDCH标签99人,Qwen3.7-Max,思考,15,C15：事件序列｜规整｜逐条评分｜不清洗,事件序列,规整,不清洗,7,工作和活动,Spearman秩相关,99,99,99,0,0,5,51,0.5549885329144928,0.3981522694602634,0.6982558582235214,2.503584696732991e-09,9.999000099990002e-05,0.5248119701450226,0.35427706227374534,0.6698533328339669,2.4576812267024005e-08,9.999000099990002e-05,-0.030176562769470228,-0.0602309838421291,-0.0040850212823734505,0.9456266914002717,formal,正式,金标准总分－对应金标准条目分；HAMD14金标准9视为无法评估且总分已不含该项,0.00021585143072994287,0.00028330500283305,FDR显著,FDR显著,attenuated_but_significant
HAMD-17,PDCH标签99人,Qwen3.7-Max,思考,15,C15：事件序列｜规整｜逐条评分｜不清洗,事件序列,规整,不清洗,8,迟滞,Spearman秩相关,99,99,99,0,0,4,51,0.4394680463893613,0.2614750347564485,0.5948746023655253,5.341803267911276e-06,9.999000099990002e-05,0.4395621986519081,0.2703109598755926,0.5948830561788795,5.314255017900176e-06,9.999000099990002e-05,9.415226254677611e-05,-0.022826878822684808,0.02162333965764796,1.0002142414296564,formal,正式,金标准总分－对应金标准条目分；HAMD14金标准9视为无法评估且总分已不含该项,0.00021585143072994287,0.00028330500283305,FDR显著,FDR显著,robust_cross_symptom
HAMD-17,PDCH标签99人,Qwen3.7-Max,思考,15,C15：事件序列｜规整｜逐条评分｜不清洗,事件序列,规整,不清洗,9,激越,Spearman秩相关,99,99,99,0,0,4,51,0.33436020916305903,0.16032480434281943,0.4947737413607471,0.000718308596475384,0.0008999100089991,0.323671105605813,0.14233543601587806,0.4903216303513842,0.0010830022337459007,0.00039996000399960006,-0.010689103557246005,-0.030740831680815713,0.008514860804446113,0.9680311733743616,formal,正式,金标准总分－对应金标准条目分；HAMD14金标准9视为无法评估且总分已不含该项,0.00143985601439856,0.0008634057229197715,FDR显著,FDR显著,robust_cross_symptom
HAMD-17,PDCH标签99人,Qwen3.7-Max,思考,15,C15：事件序列｜规整｜逐条评分｜不清洗,事件序列,规整,不清洗,10,精神性焦虑,Spearman秩相关,99,99,99,0,0,5,51,0.46358910234826534,0.2858887887222148,0.6175862152329423,1.3488980173518088e-06,9.999000099990002e-05,0.4114930736624596,0.22791413051682713,0.5646851054063622,2.323065315482446e-05,9.999000099990002e-05,-0.05209602868580576,-0.07969421790773587,-0.02816829937644635,0.8876245614447829,formal,正式,金标准总分－对应金标准条目分；HAMD14金标准9视为无法评估且总分已不含该项,0.00021585143072994287,0.00028330500283305,FDR显著,FDR显著,attenuated_but_significant
HAMD-17,PDCH标签99人,Qwen3.7-Max,思考,15,C15：事件序列｜规整｜逐条评分｜不清洗,事件序列,规整,不清洗,11,躯体性焦虑,Spearman秩相关,99,99,99,0,0,4,51,0.5137674005307212,0.3527929762897503,0.6541474664212346,5.370172409497367e-08,9.999000099990002e-05,0.45246218488622286,0.27165574283342736,0.6074066925283539,2.5785204284007346e-06,9.999000099990002e-05,-0.06130521564449837,-0.09196224186768676,-0.037548963241616766,0.8806751545910267,formal,正式,金标准总分－对应金标准条目分；HAMD14金标准9视为无法评估且总分已不含该项,0.00021585143072994287,0.00028330500283305,FDR显著,FDR显著,attenuated_but_significant
HAMD-17,PDCH标签99人,Qwen3.7-Max,思考,15,C15：事件序列｜规整｜逐条评分｜不清洗,事件序列,规整,不清洗,12,胃肠道症状,Spearman秩相关,99,99,99,0,0,3,51,0.4466413728001083,0.27610364571968465,0.5959147486862686,3.586541870345084e-06,9.999000099990002e-05,0.38197002397267993,0.2108419994953651,0.5453122129704683,9.568013261329509e-05,0.00029997000299970003,-0.06467134882742837,-0.09145653843161433,-0.041891529247872754,0.855205198698931,formal,正式,金标准总分－对应金标准条目分；HAMD14金标准9视为无法评估且总分已不含该项,0.00021585143072994287,0.0007033779380682622,FDR显著,FDR显著,attenuated_but_significant
HAMD-17,PDCH标签99人,Qwen3.7-Max,思考,15,C15：事件序列｜规整｜逐条评分｜不清洗,事件序列,规整,不清洗,13,全身症状,Spearman秩相关,99,99,99,0,0,3,51,0.4495377120174263,0.2762649266573732,0.6051478417871783,3.045785795378409e-06,9.999000099990002e-05,0.4085908760384443,0.2239889409418133,0.5717901171808419,2.6859495934267524e-05,9.999000099990002e-05,-0.04094683597898202,-0.06987187511874976,-0.019260563296415945,0.9089134573488359,formal,正式,金标准总分－对应金标准条目分；HAMD14金标准9视为无法评估且总分已不含该项,0.00021585143072994287,0.00028330500283305,FDR显著,FDR显著,attenuated_but_significant
HAMD-17,PDCH标签99人,Qwen3.7-Max,思考,15,C15：事件序列｜规整｜逐条评分｜不清洗,事件序列,规整,不清洗,14,性症状,Spearman秩相关,99,68,68,31,31,3,51,0.378628098700826,0.13625343977072132,0.5824224137574726,0.0014535862481624658,0.0025997400259974,0.3190148911412431,0.07705375859747306,0.5219192572537233,0.008012051792957848,0.008999100089991,-0.05961320755958288,-0.09620468642054397,-0.029535715205626856,0.842554718563858,formal,正式,金标准总分－对应金标准条目分；HAMD14金标准9视为无法评估且总分已不含该项,0.0037217330898489096,0.012882922234092379,FDR显著,FDR显著,attenuated_but_significant
HAMD-17,PDCH标签99人,Qwen3.7-Max,思考,15,C15：事件序列｜规整｜逐条评分｜不清洗,事件序列,规整,不清洗,15,疑病,Spearman秩相关,99,99,99,0,0,3,51,0.19609242118262016,0.00014697406940327227,0.37800178384361427,0.05174543233870534,0.05119488051194881,0.1411518889439772,-0.05408897808294793,0.3293902595128154,0.16343998395356066,0.16648335166483352,-0.05494053223864295,-0.08228553077983,-0.027544708843058815,0.7198232756406376,formal,正式,金标准总分－对应金标准条目分；HAMD14金标准9视为无法评估且总分已不含该项,0.057069702865779,0.18712178368939966,FDR不显著,FDR不显著,weak_both
HAMD-17,PDCH标签99人,Qwen3.7-Max,思考,15,C15：事件序列｜规整｜逐条评分｜不清洗,事件序列,规整,不清洗,16,体重减轻,Spearman秩相关,99,99,99,0,0,3,51,0.2787752667014742,0.09658629022526119,0.4434443354929639,0.005203296766417923,0.0058994100589941,0.20945546266240503,0.025637891213721817,0.3773037782204469,0.03745885736334012,0.0367963203679632,-0.06931980403906915,-0.10300534857322399,-0.039049977918925144,0.7513416277588927,formal,正式,金标准总分－对应金标准条目分；HAMD14金标准9视为无法评估且总分已不含该项,0.007789512310904831,0.04591100522975225,FDR显著,FDR显著,attenuated_but_significant
HAMD-17,PDCH标签99人,Qwen3.7-Max,思考,15,C15：事件序列｜规整｜逐条评分｜不清洗,事件序列,规整,不清洗,17,自知力,Spearman秩相关,99,99,99,0,0,3,51,-0.09673274586557915,-0.3015982132716483,0.10865692278635708,0.34084800713926633,0.33626637336266374,-0.10090023493408438,-0.3145228808518553,0.10543434169013913,0.3203527761096934,0.31966803319668036,-0.00416748906850524,-0.01819327841467451,0.010397929695220947,,formal,正式,金标准总分－对应金标准条目分；HAMD14金标准9视为无法评估且总分已不含该项,0.3517863598255559,0.3423216733444766,FDR不显著,FDR不显著,weak_both
HAMD-17,PDCH标签99人,Qwen3.7-Max,思考,16,C16：事件序列｜规整｜逐条评分｜清洗,事件序列,规整,清洗,1,抑郁情绪,Spearman秩相关,99,99,99,0,0,5,46,0.3954010367793115,0.20255832989682218,0.5685975978650208,5.10907555189968e-05,9.999000099990002e-05,0.36791702878506943,0.1715475125766141,0.5577840016792441,0.00017929110039400725,0.00029997000299970003,-0.027484007994242055,-0.05667164091594823,0.0006840503309969058,0.9304908044295748,formal,正式,金标准总分－对应金标准条目分；HAMD14金标准9视为无法评估且总分已不含该项,0.00021585143072994287,0.0007033779380682622,FDR显著,FDR显著,robust_cross_symptom
HAMD-17,PDCH标签99人,Qwen3.7-Max,思考,16,C16：事件序列｜规整｜逐条评分｜清洗,事件序列,规整,清洗,2,有罪感,Spearman秩相关,99,99,99,0,0,4,46,0.3425501961469282,0.14782272792797962,0.5177708659482719,0.0005191623923427809,0.0006999300069993001,0.2922232574973637,0.09677771644755634,0.46952349533320586,0.003335399540203195,0.0029997000299970002,-0.0503269386495645,-0.08013809986310923,-0.022497082197190574,0.8530815652256172,formal,正式,金标准总分－对应金标准条目分；HAMD14金标准9视为无法评估且总分已不含该项,0.0011468732644807809,0.004856657191423715,FDR显著,FDR显著,attenuated_but_significant
HAMD-17,PDCH标签99人,Qwen3.7-Max,思考,16,C16：事件序列｜规整｜逐条评分｜清洗,事件序列,规整,清洗,3,自杀,Spearman秩相关,99,99,99,0,0,5,46,0.47294154010577477,0.2982906603950139,0.6256769895257811,7.685583082263656e-07,9.999000099990002e-05,0.40212309345704095,0.22366067276260054,0.5693946177586339,3.6940168705704146e-05,9.999000099990002e-05,-0.07081844664873382,-0.10456821155806878,-0.038205387935667814,0.8502596184871072,formal,正式,金标准总分－对应金标准条目分；HAMD14金标准9视为无法评估且总分已不含该项,0.00021585143072994287,0.00028330500283305,FDR显著,FDR显著,attenuated_but_significant
HAMD-17,PDCH标签99人,Qwen3.7-Max,思考,16,C16：事件序列｜规整｜逐条评分｜清洗,事件序列,规整,清洗,4,入睡困难,Spearman秩相关,99,99,99,0,0,3,46,0.2782672819036099,0.08919405195518433,0.46102227907578297,0.005289258731264636,0.0057994200579942,0.24025142418973192,0.046451594006768876,0.42425014996782084,0.016606443297287214,0.018998100189981004,-0.03801585771387797,-0.06147258068404014,-0.01611938653210247,0.8633836595742994,formal,正式,金标准总分－对应金标准条目分；HAMD14金标准9视为无法评估且总分已不含该项,0.007789512310904831,0.025330800253308004,FDR显著,FDR显著,attenuated_but_significant
HAMD-17,PDCH标签99人,Qwen3.7-Max,思考,16,C16：事件序列｜规整｜逐条评分｜清洗,事件序列,规整,清洗,5,睡眠不深,Spearman秩相关,99,99,99,0,0,3,46,0.27180644194158005,0.07692091061141092,0.45276976664058505,0.006498032887684525,0.0064993500649935,0.23201981894434362,0.03872301980527094,0.41006415112922706,0.020839537805295676,0.021997800219978002,-0.039786622997236426,-0.06627919222368847,-0.015840842658660925,0.8536214862567979,formal,正式,金标准总分－对应金标准条目分；HAMD14金标准9视为无法评估且总分已不含该项,0.00841820579846777,0.029045639125407845,FDR显著,FDR显著,attenuated_but_significant
HAMD-17,PDCH标签99人,Qwen3.7-Max,思考,16,C16：事件序列｜规整｜逐条评分｜清洗,事件序列,规整,清洗,6,早醒,Spearman秩相关,99,99,99,0,0,3,46,0.23890807131147307,0.04071532725525921,0.4160964972999666,0.017241772873437408,0.017798220177982202,0.1857212949135189,-0.013923568247295785,0.37627880391193197,0.0656975550140042,0.06419358064193581,-0.05318677639795416,-0.07988593017093949,-0.02969678295061984,0.7773755566064043,formal,正式,金标准总分－对应金标准条目分；HAMD14金标准9视为无法评估且总分已不含该项,0.021420866762881234,0.07526143937330405,FDR显著,FDR不显著,overlap_dependent
HAMD-17,PDCH标签99人,Qwen3.7-Max,思考,16,C16：事件序列｜规整｜逐条评分｜清洗,事件序列,规整,清洗,7,工作和活动,Spearman秩相关,99,99,99,0,0,5,46,0.4961317393343118,0.3039274291728533,0.6519186005368393,1.768907843817739e-07,9.999000099990002e-05,0.4684253785320475,0.25420434985200757,0.6338691045880278,1.0105326495285503e-06,9.999000099990002e-05,-0.027706360802264296,-0.05447516818582777,-0.003068322190544855,0.9441552341734083,formal,正式,金标准总分－对应金标准条目分；HAMD14金标准9视为无法评估且总分已不含该项,0.00021585143072994287,0.00028330500283305,FDR显著,FDR显著,attenuated_but_significant
HAMD-17,PDCH标签99人,Qwen3.7-Max,思考,16,C16：事件序列｜规整｜逐条评分｜清洗,事件序列,规整,清洗,8,迟滞,Spearman秩相关,99,99,99,0,0,3,46,0.361834645833272,0.18083876607001198,0.5221720464605382,0.00023323766693952364,0.0004999500049995,0.36505614619110266,0.18741475194877466,0.5258662780257174,0.0002030365991488733,0.00039996000399960006,0.0032215003578306423,-0.01563327957154836,0.022567663684130677,1.0089032390759924,formal,正式,金标准总分－对应金标准条目分；HAMD14金标准9视为无法评估且总分已不含该项,0.0008499150084991501,0.0008634057229197715,FDR显著,FDR显著,robust_cross_symptom
HAMD-17,PDCH标签99人,Qwen3.7-Max,思考,16,C16：事件序列｜规整｜逐条评分｜清洗,事件序列,规整,清洗,9,激越,Spearman秩相关,99,99,99,0,0,4,46,0.2976508713698335,0.10210642259825119,0.4770675233347041,0.002770609045893304,0.0046995300469953,0.28608171038990077,0.09796148557730347,0.4729349576576802,0.0040972135209296975,0.004899510048995101,-0.011569160979932713,-0.032975235616944085,0.006673642021461301,0.9611317752012963,formal,正式,金标准总分－对应金标准条目分；HAMD14金标准9视为无法评估且总分已不含该项,0.006391360863913609,0.007403704074037041,FDR显著,FDR显著,robust_cross_symptom
HAMD-17,PDCH标签99人,Qwen3.7-Max,思考,16,C16：事件序列｜规整｜逐条评分｜清洗,事件序列,规整,清洗,10,精神性焦虑,Spearman秩相关,99,99,99,0,0,5,46,0.42523795708624573,0.2403910030050519,0.5864547471764879,1.1467990455947214e-05,9.999000099990002e-05,0.3777761946319623,0.18295543727170285,0.5492530443800435,0.00011574898366820484,9.999000099990002e-05,-0.04746176245428341,-0.07532987430991639,-0.023053388197925306,0.8883877563999836,formal,正式,金标准总分－对应金标准条目分；HAMD14金标准9视为无法评估且总分已不含该项,0.00021585143072994287,0.00028330500283305,FDR显著,FDR显著,attenuated_but_significant
HAMD-17,PDCH标签99人,Qwen3.7-Max,思考,16,C16：事件序列｜规整｜逐条评分｜清洗,事件序列,规整,清洗,11,躯体性焦虑,Spearman秩相关,99,99,99,0,0,5,46,0.5370519443896438,0.375434962019188,0.6771652933489133,9.99762057467854e-09,9.999000099990002e-05,0.4810174671522497,0.28956040604655364,0.6314507654503064,4.664615496370559e-07,9.999000099990002e-05,-0.056034477237394076,-0.08655998432218337,-0.03075085999122032,0.8956628351824014,formal,正式,金标准总分－对应金标准条目分；HAMD14金标准9视为无法评估且总分已不含该项,0.00021585143072994287,0.00028330500283305,FDR显著,FDR显著,attenuated_but_significant
HAMD-17,PDCH标签99人,Qwen3.7-Max,思考,16,C16：事件序列｜规整｜逐条评分｜清洗,事件序列,规整,清洗,12,胃肠道症状,Spearman秩相关,99,99,99,0,0,3,46,0.3981133359528045,0.2229324161797341,0.5471601190231423,4.4861862845725495e-05,9.999000099990002e-05,0.335669854081727,0.1583373186628453,0.5023985071787024,0.0006823709057218304,0.0006999300069993001,-0.06244348187107751,-0.08906792536385703,-0.03811924858344033,0.8431514942305774,formal,正式,金标准总分－对应金标准条目分；HAMD14金标准9视为无法评估且总分已不含该项,0.00021585143072994287,0.0013795721877087653,FDR显著,FDR显著,attenuated_but_significant
HAMD-17,PDCH标签99人,Qwen3.7-Max,思考,16,C16：事件序列｜规整｜逐条评分｜清洗,事件序列,规整,清洗,13,全身症状,Spearman秩相关,99,99,99,0,0,3,46,0.5242422551910868,0.34727721400169914,0.6696237744971387,2.5605500728935548e-08,9.999000099990002e-05,0.48018167774229276,0.29635867871033666,0.6390293777974613,4.914933373361813e-07,9.999000099990002e-05,-0.04406057744879405,-0.07048181771255863,-0.023429530712355914,0.9159537847006745,formal,正式,金标准总分－对应金标准条目分；HAMD14金标准9视为无法评估且总分已不含该项,0.00021585143072994287,0.00028330500283305,FDR显著,FDR显著,attenuated_but_significant
HAMD-17,PDCH标签99人,Qwen3.7-Max,思考,16,C16：事件序列｜规整｜逐条评分｜清洗,事件序列,规整,清洗,14,性症状,Spearman秩相关,99,66,66,33,33,3,46,0.38251286747429786,0.13139775974830886,0.5919651315989389,0.001526218542044971,0.0015998400159984002,0.3178900839246194,0.08449311116030363,0.5252369717641889,0.009293731120827512,0.0096990300969903,-0.06462278354967843,-0.10193437206680106,-0.034687241167728554,0.8310572295871311,formal,正式,金标准总分－对应金标准条目分；HAMD14金标准9视为无法评估且总分已不含该项,0.00241753602417536,0.013598640135986401,FDR显著,FDR显著,attenuated_but_significant
HAMD-17,PDCH标签99人,Qwen3.7-Max,思考,16,C16：事件序列｜规整｜逐条评分｜清洗,事件序列,规整,清洗,15,疑病,Spearman秩相关,99,99,99,0,0,3,46,0.20529737739184636,0.018190381591461215,0.38993659480647075,0.04149910935931474,0.0433956604339566,0.14174473894798315,-0.05846180163451928,0.33400622501681054,0.1616607621513205,0.1655834416558344,-0.06355263844386322,-0.09146865590479167,-0.03755477589409821,0.6904361894377161,formal,正式,金标准总分－对应金标准条目分；HAMD14金标准9视为无法评估且总分已不含该项,0.049595040495950406,0.18712178368939966,FDR显著,FDR不显著,overlap_dependent
HAMD-17,PDCH标签99人,Qwen3.7-Max,思考,16,C16：事件序列｜规整｜逐条评分｜清洗,事件序列,规整,清洗,16,体重减轻,Spearman秩相关,99,99,99,0,0,3,46,0.20249628460669458,0.012786091907454321,0.38699555668141433,0.04442064684012547,0.041995800419958006,0.1335635681935525,-0.055176902804799345,0.3141320249209228,0.18751148711555465,0.18188181181881813,-0.06893271641314208,-0.103389397509889,-0.03837080864458913,0.6595852780853286,formal,正式,金标准总分－对应金标准条目分；HAMD14金标准9视为无法评估且总分已不含该项,0.04840193946707024,0.20110509274275826,FDR显著,FDR不显著,overlap_dependent
HAMD-17,PDCH标签99人,Qwen3.7-Max,思考,16,C16：事件序列｜规整｜逐条评分｜清洗,事件序列,规整,清洗,17,自知力,Spearman秩相关,99,99,99,0,0,3,46,-0.12849828365831695,-0.3351559923308593,0.09560540789435532,0.2049528947129559,0.20807919208079192,-0.13196563859296384,-0.33974158779682523,0.08946860029206516,0.19289305545939656,0.1942805719428057,-0.0034673549346468935,-0.017135960807179,0.00873644454633864,,formal,正式,金标准总分－对应金标准条目分；HAMD14金标准9视为无法评估且总分已不含该项,0.22282496159832835,0.21308191761469011,FDR不显著,FDR不显著,weak_both
PHQ-8,DAIC-WOZ全量189人,DeepSeek-V4-Pro,思考,3,C03：全文｜不规整｜逐条评分｜不清洗,全文,不规整,不清洗,1,兴趣或愉悦感降低,Spearman秩相关,189,189,189,0,0,4,187,0.33031072505516285,0.22403848995843287,0.4279729260656815,3.453031616461891e-06,9.999000099990002e-05,0.3155752918852482,0.20437068450488036,0.4193553668427635,9.724139314146196e-06,9.999000099990002e-05,-0.014735433169914658,-0.029714554629933748,-0.0027406507680039073,0.9553891773648773,formal,正式,金标准总分－对应金标准条目分；HAMD14金标准9视为无法评估且总分已不含该项,0.00015608195278033173,0.00017295567740523247,FDR显著,FDR显著,attenuated_but_significant
PHQ-8,DAIC-WOZ全量189人,DeepSeek-V4-Pro,思考,3,C03：全文｜不规整｜逐条评分｜不清洗,全文,不规整,不清洗,2,情绪低落、抑郁或无望,Spearman秩相关,189,189,189,0,0,4,187,0.641862375333217,0.5501975729957166,0.7213467391406495,2.4684966070429272e-23,9.999000099990002e-05,0.6336402663296684,0.5421466306230713,0.7140445619415651,1.3053716999959833e-22,9.999000099990002e-05,-0.008222109003548583,-0.020466954742353338,0.0036977091991829765,0.9871902306171473,formal,正式,金标准总分－对应金标准条目分；HAMD14金标准9视为无法评估且总分已不含该项,0.00015608195278033173,0.00017295567740523247,FDR显著,FDR显著,robust_cross_symptom
PHQ-8,DAIC-WOZ全量189人,DeepSeek-V4-Pro,思考,3,C03：全文｜不规整｜逐条评分｜不清洗,全文,不规整,不清洗,3,睡眠问题,Spearman秩相关,189,189,189,0,0,4,187,0.6373632510275654,0.5425674781557848,0.7220603653507456,6.179174268573046e-23,9.999000099990002e-05,0.593832829628865,0.49121237637343435,0.6874625320132323,2.1377260971990676e-19,9.999000099990002e-05,-0.04353042139870045,-0.06399592704185456,-0.02432996732868966,0.9317023356327493,formal,正式,金标准总分－对应金标准条目分；HAMD14金标准9视为无法评估且总分已不含该项,0.00015608195278033173,0.00017295567740523247,FDR显著,FDR显著,attenuated_but_significant
PHQ-8,DAIC-WOZ全量189人,DeepSeek-V4-Pro,思考,3,C03：全文｜不规整｜逐条评分｜不清洗,全文,不规整,不清洗,4,疲劳或精力不足,Spearman秩相关,189,189,189,0,0,4,187,0.4630801967535619,0.3511485756966586,0.5609127984164793,1.9535999912320935e-11,9.999000099990002e-05,0.44606620386312607,0.3333727150250207,0.5485317747006546,1.253533887877293e-10,9.999000099990002e-05,-0.017013992890435814,-0.032273398761725344,-0.0016575367889774312,0.9632590790759075,formal,正式,金标准总分－对应金标准条目分；HAMD14金标准9视为无法评估且总分已不含该项,0.00015608195278033173,0.00017295567740523247,FDR显著,FDR显著,attenuated_but_significant
PHQ-8,DAIC-WOZ全量189人,DeepSeek-V4-Pro,思考,3,C03：全文｜不规整｜逐条评分｜不清洗,全文,不规整,不清洗,5,食欲问题,Spearman秩相关,189,189,189,0,0,4,187,0.0866712450049938,-0.056346667032270675,0.2138358879857364,0.23567722723550275,0.2395760423957604,0.07505140053177282,-0.07188713989171035,0.20387588905149984,0.30470793943451685,0.31086891310868914,-0.01161984447322098,-0.02900045658645824,0.00595305916215415,0.8659319538729198,formal,正式,金标准总分－对应金标准条目分；HAMD14金标准9视为无法评估且总分已不含该项,0.25345662155095966,0.3261575481796083,FDR不显著,FDR不显著,weak_both
PHQ-8,DAIC-WOZ全量189人,DeepSeek-V4-Pro,思考,3,C03：全文｜不规整｜逐条评分｜不清洗,全文,不规整,不清洗,6,自我评价低或觉得让家人失望,Spearman秩相关,189,189,189,0,0,4,187,0.38700716670404217,0.2615064512790375,0.5014706196841261,3.7754114971467856e-08,9.999000099990002e-05,0.3613958562682185,0.2316777633223741,0.4813151320670741,3.2360620047957396e-07,9.999000099990002e-05,-0.025611310435823653,-0.04454634337532167,-0.00810799739552155,0.9338221287891304,formal,正式,金标准总分－对应金标准条目分；HAMD14金标准9视为无法评估且总分已不含该项,0.00015608195278033173,0.00017295567740523247,FDR显著,FDR显著,attenuated_but_significant
PHQ-8,DAIC-WOZ全量189人,DeepSeek-V4-Pro,思考,3,C03：全文｜不规整｜逐条评分｜不清洗,全文,不规整,不清洗,7,注意力困难,Spearman秩相关,189,189,189,0,0,4,187,0.24333394399602615,0.11889921581418743,0.3526231138988818,0.0007409678973016503,0.0007999200079992001,0.24040607274394257,0.12204360168351228,0.3488035907590177,0.000861883209454629,0.0013998600139986002,-0.002927871252083575,-0.0211356436939078,0.01524638434321261,0.987967682584673,formal,正式,金标准总分－对应金标准条目分；HAMD14金标准9视为无法评估且总分已不含该项,0.0011129321850423654,0.0019061923594874556,FDR显著,FDR显著,robust_cross_symptom
PHQ-8,DAIC-WOZ全量189人,DeepSeek-V4-Pro,思考,3,C03：全文｜不规整｜逐条评分｜不清洗,全文,不规整,不清洗,8,动作或语速改变,Spearman秩相关,189,189,189,0,0,3,187,0.09929694296346034,0.020127620018075946,0.18811315038468251,0.174015668747539,0.1902809719028097,0.09193537508308812,0.005992508405176641,0.17705890655712642,0.20832518940303418,0.21807819218078192,-0.007361567880372219,-0.021572460203179638,0.006739877888393541,0.9258630964794037,formal,正式,金标准总分－对应金标准条目分；HAMD14金标准9视为无法评估且总分已不含该项,0.20996521037551416,0.24063800516500075,FDR不显著,FDR不显著,weak_both
PHQ-8,DAIC-WOZ全量189人,DeepSeek-V4-Pro,思考,4,C04：全文｜不规整｜逐条评分｜清洗,全文,不规整,清洗,1,兴趣或愉悦感降低,Spearman秩相关,189,189,189,0,0,4,187,0.26602263515458224,0.13802416190958125,0.38950402256556965,0.0002157380941616034,0.00019998000199980003,0.25341086070744473,0.1272260865021039,0.3677672972260175,0.00043429271990224624,0.00029997000299970003,-0.012611774447137514,-0.026960724353056204,0.00019024799770461087,0.952591348327149,formal,正式,金标准总分－对应金标准条目分；HAMD14金标准9视为无法评估且总分已不含该项,0.0003047314316187429,0.0004570971474281143,FDR显著,FDR显著,robust_cross_symptom
PHQ-8,DAIC-WOZ全量189人,DeepSeek-V4-Pro,思考,4,C04：全文｜不规整｜逐条评分｜清洗,全文,不规整,清洗,2,情绪低落、抑郁或无望,Spearman秩相关,189,189,189,0,0,4,187,0.6052995693163672,0.5092744639299377,0.6891370146114494,2.8190026850364987e-20,9.999000099990002e-05,0.5965079058325521,0.5080821348781318,0.6760784221000358,1.3422307430317706e-19,9.999000099990002e-05,-0.008791663483815104,-0.0216691323430194,0.0039612156141073185,0.9854755167036637,formal,正式,金标准总分－对应金标准条目分；HAMD14金标准9视为无法评估且总分已不含该项,0.00015608195278033173,0.00017295567740523247,FDR显著,FDR显著,robust_cross_symptom
PHQ-8,DAIC-WOZ全量189人,DeepSeek-V4-Pro,思考,4,C04：全文｜不规整｜逐条评分｜清洗,全文,不规整,清洗,3,睡眠问题,Spearman秩相关,189,189,189,0,0,4,187,0.5999812129357427,0.49717064076850614,0.6951733536719061,7.28726015057974e-20,9.999000099990002e-05,0.5559654181858015,0.439576107819744,0.6563482841206251,1.0019854708653231e-16,9.999000099990002e-05,-0.04401579474994122,-0.06443254968945256,-0.02601777225674085,0.9266380449904933,formal,正式,金标准总分－对应金标准条目分；HAMD14金标准9视为无法评估且总分已不含该项,0.00015608195278033173,0.00017295567740523247,FDR显著,FDR显著,attenuated_but_significant
PHQ-8,DAIC-WOZ全量189人,DeepSeek-V4-Pro,思考,4,C04：全文｜不规整｜逐条评分｜清洗,全文,不规整,清洗,4,疲劳或精力不足,Spearman秩相关,189,189,189,0,0,4,187,0.39371793152506945,0.25862973113040977,0.5041073615837712,2.0842706693302968e-08,9.999000099990002e-05,0.3683427623453785,0.24359468180150096,0.48158063537324525,1.8401163686033467e-07,9.999000099990002e-05,-0.02537516917969096,-0.04225909501168168,-0.009454872282900846,0.9355498768333969,formal,正式,金标准总分－对应金标准条目分；HAMD14金标准9视为无法评估且总分已不含该项,0.00015608195278033173,0.00017295567740523247,FDR显著,FDR显著,attenuated_but_significant
PHQ-8,DAIC-WOZ全量189人,DeepSeek-V4-Pro,思考,4,C04：全文｜不规整｜逐条评分｜清洗,全文,不规整,清洗,5,食欲问题,Spearman秩相关,189,189,189,0,0,4,187,0.13429835558428357,-0.04844315058115061,0.292535198235627,0.0654160615837775,0.0628937106289371,0.13166257523577893,-0.03674730603318707,0.28460420885666027,0.07093034974217033,0.0654934506549345,-0.002635780348504646,-0.015561383416871221,0.010683230427763112,0.9803736960364309,formal,正式,金标准总分－对应金标准条目分；HAMD14金标准9视为无法评估且总分已不含该项,0.07454069407874027,0.07762186744288534,FDR不显著,FDR不显著,weak_both
PHQ-8,DAIC-WOZ全量189人,DeepSeek-V4-Pro,思考,4,C04：全文｜不规整｜逐条评分｜清洗,全文,不规整,清洗,6,自我评价低或觉得让家人失望,Spearman秩相关,189,189,189,0,0,4,187,0.3327067019517758,0.19762519764505507,0.4598035925158714,2.9029753334700954e-06,9.999000099990002e-05,0.31608776619300655,0.17560299344993788,0.43355246936931136,9.388725780911675e-06,0.00019998000199980003,-0.01661893575876927,-0.03565699286689073,-0.00011893961231086723,0.9500492906777149,formal,正式,金标准总分－对应金标准条目分；HAMD14金标准9视为无法评估且总分已不含该项,0.00015608195278033173,0.00031996800319968006,FDR显著,FDR显著,attenuated_but_significant
PHQ-8,DAIC-WOZ全量189人,DeepSeek-V4-Pro,思考,4,C04：全文｜不规整｜逐条评分｜清洗,全文,不规整,清洗,7,注意力困难,Spearman秩相关,189,189,189,0,0,4,187,0.2948000281038317,0.15736588777334184,0.40721168002298697,3.8245373373220766e-05,9.999000099990002e-05,0.2866626283662883,0.15926580105652513,0.4009876322356998,6.3591894033697e-05,0.00019998000199980003,-0.008137399737543405,-0.023678439914711216,0.005399099128412371,0.9723968827619063,formal,正式,金标准总分－对应金标准条目分；HAMD14金标准9视为无法评估且总分已不含该项,0.00015608195278033173,0.00031996800319968006,FDR显著,FDR显著,robust_cross_symptom
PHQ-8,DAIC-WOZ全量189人,DeepSeek-V4-Pro,思考,4,C04：全文｜不规整｜逐条评分｜清洗,全文,不规整,清洗,8,动作或语速改变,Spearman秩相关,189,189,189,0,0,3,187,0.10761996245953105,-0.047671405015917316,0.23484302084740835,0.140481835034568,0.14238576142385762,0.10256656372536724,-0.048607899089210524,0.22830912507664122,0.16019696228249944,0.16898310168983102,-0.005053398734163814,-0.015664021539569535,0.004823671914729827,0.9530440392407303,formal,正式,金标准总分－对应金标准条目分；HAMD14金标准9视为无法评估且总分已不含该项,0.1598717321250331,0.19312354478837832,FDR不显著,FDR不显著,weak_both
PHQ-8,DAIC-WOZ全量189人,DeepSeek-V4-Pro,思考,7,C07：全文｜规整｜逐条评分｜不清洗,全文,规整,不清洗,1,兴趣或愉悦感降低,Spearman秩相关,189,189,189,0,0,4,188,0.4963508786012322,0.37597512912928266,0.5965137163492132,3.7799338869132327e-13,9.999000099990002e-05,0.4869305050597149,0.37425869030808956,0.5856748249172121,1.2064736197221808e-12,9.999000099990002e-05,-0.009420373541517313,-0.02170980379217876,0.002078936910332267,0.9810207376522333,formal,正式,金标准总分－对应金标准条目分；HAMD14金标准9视为无法评估且总分已不含该项,0.00015608195278033173,0.00017295567740523247,FDR显著,FDR显著,robust_cross_symptom
PHQ-8,DAIC-WOZ全量189人,DeepSeek-V4-Pro,思考,7,C07：全文｜规整｜逐条评分｜不清洗,全文,规整,不清洗,2,情绪低落、抑郁或无望,Spearman秩相关,189,189,189,0,0,4,188,0.6400040207534122,0.543541635189847,0.7215449725282654,3.612714946837207e-23,9.999000099990002e-05,0.6237802905980137,0.5348038629271213,0.7026948711453543,9.014760020301598e-22,9.999000099990002e-05,-0.016223730155398575,-0.028715790733602135,-0.004921058839833568,0.97465058088807,formal,正式,金标准总分－对应金标准条目分；HAMD14金标准9视为无法评估且总分已不含该项,0.00015608195278033173,0.00017295567740523247,FDR显著,FDR显著,attenuated_but_significant
PHQ-8,DAIC-WOZ全量189人,DeepSeek-V4-Pro,思考,7,C07：全文｜规整｜逐条评分｜不清洗,全文,规整,不清洗,3,睡眠问题,Spearman秩相关,189,189,189,0,0,4,188,0.5918462959755191,0.48867684218725055,0.6815906206804541,3.0119093484832354e-19,9.999000099990002e-05,0.554293980170482,0.44355256847725805,0.6448190510053323,1.291360489405108e-16,9.999000099990002e-05,-0.03755231580503704,-0.05945716391764248,-0.01732662866443901,0.9365505604066662,formal,正式,金标准总分－对应金标准条目分；HAMD14金标准9视为无法评估且总分已不含该项,0.00015608195278033173,0.00017295567740523247,FDR显著,FDR显著,attenuated_but_significant
PHQ-8,DAIC-WOZ全量189人,DeepSeek-V4-Pro,思考,7,C07：全文｜规整｜逐条评分｜不清洗,全文,规整,不清洗,4,疲劳或精力不足,Spearman秩相关,189,189,189,0,0,4,188,0.4843468567033114,0.36868723375558526,0.5876069334713768,1.6484747881555684e-12,9.999000099990002e-05,0.4590361344133016,0.33664009698805186,0.5663653450404187,3.067450898514615e-11,9.999000099990002e-05,-0.0253107222900098,-0.04253683281089697,-0.00997435054361525,0.9477425693184296,formal,正式,金标准总分－对应金标准条目分；HAMD14金标准9视为无法评估且总分已不含该项,0.00015608195278033173,0.00017295567740523247,FDR显著,FDR显著,attenuated_but_significant
PHQ-8,DAIC-WOZ全量189人,DeepSeek-V4-Pro,思考,7,C07：全文｜规整｜逐条评分｜不清洗,全文,规整,不清洗,5,食欲问题,Spearman秩相关,189,189,189,0,0,3,188,0.1893854008675897,0.04076374593038572,0.3170000628959738,0.009053962431067264,0.0096990300969903,0.1785821938046944,0.03700856179388506,0.30945527855972915,0.013947652665826423,0.013398660133986601,-0.01080320706289531,-0.027476521548028116,0.006772151241621443,0.942956494991668,formal,正式,金标准总分－对应金标准条目分；HAMD14金标准9视为无法评估且总分已不含该项,0.0121713318864192,0.0168140048740224,FDR显著,FDR显著,robust_cross_symptom
PHQ-8,DAIC-WOZ全量189人,DeepSeek-V4-Pro,思考,7,C07：全文｜规整｜逐条评分｜不清洗,全文,规整,不清洗,6,自我评价低或觉得让家人失望,Spearman秩相关,189,189,189,0,0,4,188,0.3766931563386425,0.23922823369684576,0.5064022947761229,9.17094083115913e-08,9.999000099990002e-05,0.35917026833259014,0.2271314336631865,0.4829597967497287,3.8667454495245194e-07,9.999000099990002e-05,-0.01752288800605234,-0.036033177967137085,-0.0005393559324921626,0.9534823298188633,formal,正式,金标准总分－对应金标准条目分；HAMD14金标准9视为无法评估且总分已不含该项,0.00015608195278033173,0.00017295567740523247,FDR显著,FDR显著,attenuated_but_significant
PHQ-8,DAIC-WOZ全量189人,DeepSeek-V4-Pro,思考,7,C07：全文｜规整｜逐条评分｜不清洗,全文,规整,不清洗,7,注意力困难,Spearman秩相关,189,189,189,0,0,4,188,0.2912410946075104,0.15689586739699987,0.41264334643057066,4.786106359163154e-05,9.999000099990002e-05,0.28430200000756556,0.14915305761935374,0.4044904742151943,7.348728662800364e-05,0.00029997000299970003,-0.0069390945999448506,-0.021968818124995175,0.008176108756231827,0.9761740539764957,formal,正式,金标准总分－对应金标准条目分；HAMD14金标准9视为无法评估且总分已不含该项,0.00015608195278033173,0.0004570971474281143,FDR显著,FDR显著,robust_cross_symptom
PHQ-8,DAIC-WOZ全量189人,DeepSeek-V4-Pro,思考,7,C07：全文｜规整｜逐条评分｜不清洗,全文,规整,不清洗,8,动作或语速改变,Spearman秩相关,189,189,189,0,0,3,188,0.08759871175252357,-0.05816100318441358,0.21998908329255734,0.23068369245475123,0.2415758424157584,0.08539205775538762,-0.06867500060256988,0.2166975703780632,0.24268819491579552,0.2522747725227477,-0.002206653997135946,-0.014264024036855883,0.00859518969204024,0.9748095154256378,formal,正式,金标准总分－对应金标准条目分；HAMD14金标准9视为无法评估且总分已不含该项,0.25345662155095966,0.2690930906909309,FDR不显著,FDR不显著,weak_both
PHQ-8,DAIC-WOZ全量189人,DeepSeek-V4-Pro,思考,8,C08：全文｜规整｜逐条评分｜清洗,全文,规整,清洗,1,兴趣或愉悦感降低,Spearman秩相关,189,189,189,0,0,4,186,0.4334985943036096,0.31507090112780906,0.5346107558563734,4.639439733242408e-10,9.999000099990002e-05,0.4166524251142424,0.30645401362560226,0.5195202294993696,2.4698266775001965e-09,9.999000099990002e-05,-0.01684616918936721,-0.03566245828640425,-0.001524876315182233,0.9611390454069878,formal,正式,金标准总分－对应金标准条目分；HAMD14金标准9视为无法评估且总分已不含该项,0.00015608195278033173,0.00017295567740523247,FDR显著,FDR显著,attenuated_but_significant
PHQ-8,DAIC-WOZ全量189人,DeepSeek-V4-Pro,思考,8,C08：全文｜规整｜逐条评分｜清洗,全文,规整,清洗,2,情绪低落、抑郁或无望,Spearman秩相关,189,189,189,0,0,4,186,0.6403371636034063,0.5535568971225358,0.7210381034842893,3.3749405690991176e-23,9.999000099990002e-05,0.6352197661901774,0.5431951674406017,0.719589102883371,9.516456844049121e-23,9.999000099990002e-05,-0.005117397413228919,-0.017112706679890934,0.006392405134715221,0.9920082767265428,formal,正式,金标准总分－对应金标准条目分；HAMD14金标准9视为无法评估且总分已不含该项,0.00015608195278033173,0.00017295567740523247,FDR显著,FDR显著,robust_cross_symptom
PHQ-8,DAIC-WOZ全量189人,DeepSeek-V4-Pro,思考,8,C08：全文｜规整｜逐条评分｜清洗,全文,规整,清洗,3,睡眠问题,Spearman秩相关,189,189,189,0,0,4,186,0.5706982453308561,0.46599932997480237,0.6636634804774948,1.0054930216363428e-17,9.999000099990002e-05,0.5305314766002842,0.416286395954226,0.6346187292884858,4.102069212046764e-15,9.999000099990002e-05,-0.0401667687305719,-0.06061352394518344,-0.021474458753609815,0.9296182018094595,formal,正式,金标准总分－对应金标准条目分；HAMD14金标准9视为无法评估且总分已不含该项,0.00015608195278033173,0.00017295567740523247,FDR显著,FDR显著,attenuated_but_significant
PHQ-8,DAIC-WOZ全量189人,DeepSeek-V4-Pro,思考,8,C08：全文｜规整｜逐条评分｜清洗,全文,规整,清洗,4,疲劳或精力不足,Spearman秩相关,189,189,189,0,0,4,186,0.37136267090946135,0.24121637548654173,0.4887333134740304,1.433683737638876e-07,9.999000099990002e-05,0.35568136167718506,0.22184924800002534,0.472397120268245,5.097911678360971e-07,9.999000099990002e-05,-0.015681309232276286,-0.03323264478582655,0.0001387964465506073,0.9577735985313952,formal,正式,金标准总分－对应金标准条目分；HAMD14金标准9视为无法评估且总分已不含该项,0.00015608195278033173,0.00017295567740523247,FDR显著,FDR显著,robust_cross_symptom
PHQ-8,DAIC-WOZ全量189人,DeepSeek-V4-Pro,思考,8,C08：全文｜规整｜逐条评分｜清洗,全文,规整,清洗,5,食欲问题,Spearman秩相关,189,189,189,0,0,4,186,0.19255563965642203,0.05260858013864586,0.3167727101434201,0.007941911163294279,0.0071992800719928,0.1892512460883434,0.06266746828018716,0.3052942943754026,0.009103922147413592,0.009099090090990901,-0.0033043935680786285,-0.016826661565016787,0.01174168778600761,0.9828392792131424,formal,正式,金标准总分－对应金标准条目分；HAMD14金标准9视为无法评估且总分已不含该项,0.009403141318521208,0.011884525833130974,FDR显著,FDR显著,robust_cross_symptom
PHQ-8,DAIC-WOZ全量189人,DeepSeek-V4-Pro,思考,8,C08：全文｜规整｜逐条评分｜清洗,全文,规整,清洗,6,自我评价低或觉得让家人失望,Spearman秩相关,189,189,189,0,0,4,186,0.2513284886350225,0.10465476415563839,0.38830226858068895,0.0004858530097787815,0.0004999500049995,0.23074828085283464,0.09168023477283235,0.3676900703376895,0.0014010212829210203,0.0007999200079992001,-0.02058020778218786,-0.03912924151631725,-0.003527593940780308,0.9181143057280932,formal,正式,金标准总分－对应金标准条目分；HAMD14金标准9视为无法评估且总分已不含该项,0.000744111635348093,0.0011635200116352,FDR显著,FDR显著,attenuated_but_significant
PHQ-8,DAIC-WOZ全量189人,DeepSeek-V4-Pro,思考,8,C08：全文｜规整｜逐条评分｜清洗,全文,规整,清洗,7,注意力困难,Spearman秩相关,189,189,189,0,0,4,186,0.22085841527724112,0.07895674024703596,0.34748553040298197,0.002258412186020434,0.0016998300169983002,0.21499062700499824,0.0736293771754808,0.33980748754162715,0.0029698280345052106,0.0036996300369963003,-0.00586778827224288,-0.022004139705710007,0.008148415780172655,0.9734319008633784,formal,正式,金标准总分－对应金标准条目分；HAMD14金标准9视为无法评估且总分已不含该项,0.0022664400226644,0.004932840049328401,FDR显著,FDR显著,robust_cross_symptom
PHQ-8,DAIC-WOZ全量189人,DeepSeek-V4-Pro,思考,8,C08：全文｜规整｜逐条评分｜清洗,全文,规整,清洗,8,动作或语速改变,Spearman秩相关,189,189,189,0,0,4,186,0.06609428400534578,-0.05054054279271013,0.186578361302573,0.36620394852411975,0.36576342365763426,0.06793518705294145,-0.058130025548962336,0.19346018568694331,0.3529760655908754,0.34796520347965204,0.0018409030475956684,-0.010689982635779686,0.013114162531069859,1.027852681594172,formal,正式,金标准总分－对应金标准条目分；HAMD14金标准9视为无法评估且总分已不含该项,0.3746165066033079,0.35348846067774176,FDR不显著,FDR不显著,weak_both
PHQ-8,DAIC-WOZ全量189人,DeepSeek-V4-Pro,思考,11,C11：事件序列｜不规整｜逐条评分｜不清洗,事件序列,不规整,不清洗,1,兴趣或愉悦感降低,Spearman秩相关,189,189,189,0,0,4,186,0.3571119124196617,0.23826759752832044,0.45984241298854195,4.553474278948213e-07,9.999000099990002e-05,0.34055319968711867,0.22509453566820453,0.4459365157824535,1.6277247760668154e-06,9.999000099990002e-05,-0.016558712732543057,-0.02974683030032088,-0.0045656139111762955,0.9536315867472828,formal,正式,金标准总分－对应金标准条目分；HAMD14金标准9视为无法评估且总分已不含该项,0.00015608195278033173,0.00017295567740523247,FDR显著,FDR显著,attenuated_but_significant
PHQ-8,DAIC-WOZ全量189人,DeepSeek-V4-Pro,思考,11,C11：事件序列｜不规整｜逐条评分｜不清洗,事件序列,不规整,不清洗,2,情绪低落、抑郁或无望,Spearman秩相关,189,189,189,0,0,4,186,0.6678785498405835,0.5836010359274542,0.7408294170869796,8.944757902996129e-26,9.999000099990002e-05,0.657007418828623,0.5710821771173178,0.7330398360267563,1.0019626948754408e-24,9.999000099990002e-05,-0.010871131011960466,-0.023130652108536136,0.0006215679939005818,0.9837228924112695,formal,正式,金标准总分－对应金标准条目分；HAMD14金标准9视为无法评估且总分已不含该项,0.00015608195278033173,0.00017295567740523247,FDR显著,FDR显著,robust_cross_symptom
PHQ-8,DAIC-WOZ全量189人,DeepSeek-V4-Pro,思考,11,C11：事件序列｜不规整｜逐条评分｜不清洗,事件序列,不规整,不清洗,3,睡眠问题,Spearman秩相关,189,189,189,0,0,4,186,0.6040798915473254,0.49863524990889024,0.6926414509794135,3.510504812816432e-20,9.999000099990002e-05,0.5599864019296077,0.4475060693706584,0.655108783894313,5.4105802626999004e-17,9.999000099990002e-05,-0.04409348961771775,-0.065111661995386,-0.025888457715887755,0.9270071885611453,formal,正式,金标准总分－对应金标准条目分；HAMD14金标准9视为无法评估且总分已不含该项,0.00015608195278033173,0.00017295567740523247,FDR显著,FDR显著,attenuated_but_significant
PHQ-8,DAIC-WOZ全量189人,DeepSeek-V4-Pro,思考,11,C11：事件序列｜不规整｜逐条评分｜不清洗,事件序列,不规整,不清洗,4,疲劳或精力不足,Spearman秩相关,189,189,189,0,0,4,186,0.4656583056495304,0.35557503700267296,0.5689406210914753,1.460745526665138e-11,9.999000099990002e-05,0.4431721849220805,0.32063563789651306,0.5472984188371833,1.7024487393672123e-10,9.999000099990002e-05,-0.022486120727449932,-0.039807880557713976,-0.006860913030153755,0.951711114234106,formal,正式,金标准总分－对应金标准条目分；HAMD14金标准9视为无法评估且总分已不含该项,0.00015608195278033173,0.00017295567740523247,FDR显著,FDR显著,attenuated_but_significant
PHQ-8,DAIC-WOZ全量189人,DeepSeek-V4-Pro,思考,11,C11：事件序列｜不规整｜逐条评分｜不清洗,事件序列,不规整,不清洗,5,食欲问题,Spearman秩相关,189,189,189,0,0,4,186,0.10845447789679825,-0.05390097946589088,0.2384939972156482,0.13741233668781475,0.13708629137086292,0.10000705994305047,-0.06376779792579998,0.22580517184854565,0.1709417931495707,0.1760823917608239,-0.008447417953747788,-0.02673042598439403,0.009877712588381838,0.9221109343056718,formal,正式,金标准总分－对应金标准条目分；HAMD14金标准9视为无法评估且总分已不含该项,0.15667004728098619,0.19770654513496017,FDR不显著,FDR不显著,weak_both
PHQ-8,DAIC-WOZ全量189人,DeepSeek-V4-Pro,思考,11,C11：事件序列｜不规整｜逐条评分｜不清洗,事件序列,不规整,不清洗,6,自我评价低或觉得让家人失望,Spearman秩相关,189,189,189,0,0,4,186,0.44913355967746743,0.32665578590057076,0.5542544289144434,9.033693575996254e-11,9.999000099990002e-05,0.4222596553955444,0.2979321679027957,0.5368395343741492,1.4301312634022947e-09,9.999000099990002e-05,-0.026873904281923044,-0.04565069663185621,-0.008972777534614269,0.9401650050349794,formal,正式,金标准总分－对应金标准条目分；HAMD14金标准9视为无法评估且总分已不含该项,0.00015608195278033173,0.00017295567740523247,FDR显著,FDR显著,attenuated_but_significant
PHQ-8,DAIC-WOZ全量189人,DeepSeek-V4-Pro,思考,11,C11：事件序列｜不规整｜逐条评分｜不清洗,事件序列,不规整,不清洗,7,注意力困难,Spearman秩相关,189,189,189,0,0,4,186,0.2581759872426648,0.13287732733973262,0.37414588425791306,0.00033477561469925286,0.0006999300069993001,0.25454382705307316,0.12315485467489515,0.37357241067447544,0.0004084160421176161,0.00039996000399960006,-0.0036321601895916156,-0.02061868228309986,0.012011499167205451,0.9859314561807885,formal,正式,金标准总分－对应金标准条目分；HAMD14金标准9视为无法评估且总分已不含该项,0.0009954560099545602,0.0005952893082784745,FDR显著,FDR显著,robust_cross_symptom
PHQ-8,DAIC-WOZ全量189人,DeepSeek-V4-Pro,思考,11,C11：事件序列｜不规整｜逐条评分｜不清洗,事件序列,不规整,不清洗,8,动作或语速改变,Spearman秩相关,189,189,189,0,0,2,186,0.10659505991073444,0.09857992931887567,0.19747417031412337,0.14432285235429723,0.23777622237776222,0.10194203620965736,0.09383857069919088,0.19397071958163384,0.16277081143380207,0.25207479252074794,-0.0046530237010770775,-0.011377165595267403,-0.0012426358070380082,0.9563485990347617,formal,正式,金标准总分－对应金标准条目分；HAMD14金标准9视为无法评估且总分已不含该项,0.25345662155095966,0.2690930906909309,FDR不显著,FDR不显著,weak_both
PHQ-8,DAIC-WOZ全量189人,DeepSeek-V4-Pro,思考,12,C12：事件序列｜不规整｜逐条评分｜清洗,事件序列,不规整,清洗,1,兴趣或愉悦感降低,Spearman秩相关,189,189,189,0,0,4,189,0.32223038304485024,0.19913186051298198,0.4366705968897077,6.133221557154555e-06,9.999000099990002e-05,0.2988498224773961,0.17593501953108315,0.4106315967509486,2.9523445044019515e-05,9.999000099990002e-05,-0.023380560567454134,-0.046529654123825086,-0.006244053667728677,0.9274414772855238,formal,正式,金标准总分－对应金标准条目分；HAMD14金标准9视为无法评估且总分已不含该项,0.00015608195278033173,0.00017295567740523247,FDR显著,FDR显著,attenuated_but_significant
PHQ-8,DAIC-WOZ全量189人,DeepSeek-V4-Pro,思考,12,C12：事件序列｜不规整｜逐条评分｜清洗,事件序列,不规整,清洗,2,情绪低落、抑郁或无望,Spearman秩相关,189,189,189,0,0,4,189,0.657742395861969,0.567111386448121,0.7331564435505816,8.536469237227645e-25,9.999000099990002e-05,0.6464547439736579,0.5615503517154369,0.7255008919287507,9.522939584224913e-24,9.999000099990002e-05,-0.011287651888311157,-0.02427546537864725,0.0008044926581719631,0.9828387953105582,formal,正式,金标准总分－对应金标准条目分；HAMD14金标准9视为无法评估且总分已不含该项,0.00015608195278033173,0.00017295567740523247,FDR显著,FDR显著,robust_cross_symptom
PHQ-8,DAIC-WOZ全量189人,DeepSeek-V4-Pro,思考,12,C12：事件序列｜不规整｜逐条评分｜清洗,事件序列,不规整,清洗,3,睡眠问题,Spearman秩相关,189,189,189,0,0,4,189,0.5881261825870193,0.48308096602814476,0.6749799355766825,5.687541137862019e-19,9.999000099990002e-05,0.5474282124148626,0.43482404927719426,0.6445337839494815,3.6079320304230007e-16,9.999000099990002e-05,-0.040697970172156706,-0.060859246397803,-0.02237389990007716,0.9308006149409357,formal,正式,金标准总分－对应金标准条目分；HAMD14金标准9视为无法评估且总分已不含该项,0.00015608195278033173,0.00017295567740523247,FDR显著,FDR显著,attenuated_but_significant
PHQ-8,DAIC-WOZ全量189人,DeepSeek-V4-Pro,思考,12,C12：事件序列｜不规整｜逐条评分｜清洗,事件序列,不规整,清洗,4,疲劳或精力不足,Spearman秩相关,189,189,189,0,0,4,189,0.4203503760709542,0.29965576047486925,0.5298934353761663,1.7245014242374175e-09,9.999000099990002e-05,0.39481223350303635,0.2693719299060826,0.5124952570147343,1.8894392924968e-08,9.999000099990002e-05,-0.025538142567917865,-0.042833908748343044,-0.009271248700000463,0.93924558172964,formal,正式,金标准总分－对应金标准条目分；HAMD14金标准9视为无法评估且总分已不含该项,0.00015608195278033173,0.00017295567740523247,FDR显著,FDR显著,attenuated_but_significant
PHQ-8,DAIC-WOZ全量189人,DeepSeek-V4-Pro,思考,12,C12：事件序列｜不规整｜逐条评分｜清洗,事件序列,不规整,清洗,5,食欲问题,Spearman秩相关,189,189,189,0,0,4,189,0.17482588789912026,0.011490230524640944,0.31839700365567164,0.016125004587412454,0.015498450154984501,0.17151807410649786,0.011728867781955836,0.3138838942929003,0.018282040577328126,0.016698330166983303,-0.003307813792622405,-0.016196316709860974,0.012329007495042937,0.9810793822792931,formal,正式,金标准总分－对应金标准条目分；HAMD14金标准9视为无法评估且总分已不含该项,0.01871510962111336,0.020164021333715688,FDR显著,FDR显著,robust_cross_symptom
PHQ-8,DAIC-WOZ全量189人,DeepSeek-V4-Pro,思考,12,C12：事件序列｜不规整｜逐条评分｜清洗,事件序列,不规整,清洗,6,自我评价低或觉得让家人失望,Spearman秩相关,189,189,189,0,0,4,189,0.3196660173592504,0.1825741628277741,0.44376664983895325,7.334670455598937e-06,9.999000099990002e-05,0.29858843342942015,0.16774580849842272,0.4269314333846377,3.002433313656422e-05,0.00019998000199980003,-0.021077583929830224,-0.0392304506029701,-0.0027039643858141954,0.9340637328172966,formal,正式,金标准总分－对应金标准条目分；HAMD14金标准9视为无法评估且总分已不含该项,0.00015608195278033173,0.00031996800319968006,FDR显著,FDR显著,attenuated_but_significant
PHQ-8,DAIC-WOZ全量189人,DeepSeek-V4-Pro,思考,12,C12：事件序列｜不规整｜逐条评分｜清洗,事件序列,不规整,清洗,7,注意力困难,Spearman秩相关,189,189,189,0,0,3,189,0.25405512106639166,0.11514213410598739,0.3685435288656868,0.0004193976052954806,0.0005999400059994001,0.24120262146568164,0.11182039699758176,0.35816436271836827,0.0008273059945165069,0.0008999100089991,-0.012852499600710027,-0.02871764229782083,7.166382605284292e-05,0.949410586384711,formal,正式,金标准总分－对应金标准条目分；HAMD14金标准9视为无法评估且总分已不含该项,0.0008726400087264001,0.00127987201279872,FDR显著,FDR显著,robust_cross_symptom
PHQ-8,DAIC-WOZ全量189人,DeepSeek-V4-Pro,思考,12,C12：事件序列｜不规整｜逐条评分｜清洗,事件序列,不规整,清洗,8,动作或语速改变,Spearman秩相关,189,189,189,0,0,2,189,0.048186134550734123,-0.11024667997405194,0.19157135598473077,0.5102568657157021,0.5212478752124787,0.03820016793475252,-0.12036731751611535,0.17489617488850118,0.6017593895200571,0.6077392260773923,-0.009985966615981605,-0.024590663495764283,0.004138649101133492,0.7927626544630261,formal,正式,金标准总分－对应金标准条目分；HAMD14金标准9视为无法评估且总分已不含该项,0.5212478752124787,0.6077392260773923,FDR不显著,FDR不显著,weak_both
PHQ-8,DAIC-WOZ全量189人,DeepSeek-V4-Pro,思考,15,C15：事件序列｜规整｜逐条评分｜不清洗,事件序列,规整,不清洗,1,兴趣或愉悦感降低,Spearman秩相关,189,189,189,0,0,4,187,0.5311163746349886,0.4226694176489618,0.6232996633528036,3.779498516183578e-15,9.999000099990002e-05,0.51680347033521,0.41180985727857394,0.6148986625314428,2.6821680535565352e-14,9.999000099990002e-05,-0.014312904299778606,-0.027790899698815683,-0.0013282481711565303,0.9730512840813557,formal,正式,金标准总分－对应金标准条目分；HAMD14金标准9视为无法评估且总分已不含该项,0.00015608195278033173,0.00017295567740523247,FDR显著,FDR显著,attenuated_but_significant
PHQ-8,DAIC-WOZ全量189人,DeepSeek-V4-Pro,思考,15,C15：事件序列｜规整｜逐条评分｜不清洗,事件序列,规整,不清洗,2,情绪低落、抑郁或无望,Spearman秩相关,189,189,189,0,0,4,187,0.5603845845540557,0.45479002550907255,0.6539655097282678,5.08798225993484e-17,9.999000099990002e-05,0.5451270319988885,0.4395729287853256,0.6400301885468686,5.064581362222388e-16,9.999000099990002e-05,-0.015257552555167253,-0.02831746820347676,-0.003099069467753572,0.9727730687536508,formal,正式,金标准总分－对应金标准条目分；HAMD14金标准9视为无法评估且总分已不含该项,0.00015608195278033173,0.00017295567740523247,FDR显著,FDR显著,attenuated_but_significant
PHQ-8,DAIC-WOZ全量189人,DeepSeek-V4-Pro,思考,15,C15：事件序列｜规整｜逐条评分｜不清洗,事件序列,规整,不清洗,3,睡眠问题,Spearman秩相关,189,189,189,0,0,4,187,0.5767190357884591,0.4672749627158144,0.6681431500942324,3.80008831312909e-18,9.999000099990002e-05,0.5294740803597598,0.42365379284920335,0.6251812119791522,4.75479311449009e-15,9.999000099990002e-05,-0.04724495542869922,-0.06746092074628378,-0.027122721399400654,0.9180797710897327,formal,正式,金标准总分－对应金标准条目分；HAMD14金标准9视为无法评估且总分已不含该项,0.00015608195278033173,0.00017295567740523247,FDR显著,FDR显著,attenuated_but_significant
PHQ-8,DAIC-WOZ全量189人,DeepSeek-V4-Pro,思考,15,C15：事件序列｜规整｜逐条评分｜不清洗,事件序列,规整,不清洗,4,疲劳或精力不足,Spearman秩相关,189,189,189,0,0,4,187,0.3841100729772561,0.25528055320111215,0.5021831345344615,4.859362504225001e-08,9.999000099990002e-05,0.359905642044062,0.2294406829508993,0.4828647178208213,3.6463611367245776e-07,9.999000099990002e-05,-0.024204430933194077,-0.042997457397428836,-0.005478249352568331,0.9369856907277012,formal,正式,金标准总分－对应金标准条目分；HAMD14金标准9视为无法评估且总分已不含该项,0.00015608195278033173,0.00017295567740523247,FDR显著,FDR显著,attenuated_but_significant
PHQ-8,DAIC-WOZ全量189人,DeepSeek-V4-Pro,思考,15,C15：事件序列｜规整｜逐条评分｜不清洗,事件序列,规整,不清洗,5,食欲问题,Spearman秩相关,189,189,189,0,0,4,187,0.1808778793792025,0.035392123001891,0.3164201287114483,0.012747643576102226,0.012698730126987301,0.1697106680472083,0.024358853153065598,0.3013605172755795,0.019563322158279828,0.016198380161983803,-0.011167211331994192,-0.02802310546415823,0.005218001051718529,0.9382610445770285,formal,正式,金标准总分－对应金标准条目分；HAMD14金标准9视为无法评估且总分已不含该项,0.015629206310138217,0.019936467891672374,FDR显著,FDR显著,robust_cross_symptom
PHQ-8,DAIC-WOZ全量189人,DeepSeek-V4-Pro,思考,15,C15：事件序列｜规整｜逐条评分｜不清洗,事件序列,规整,不清洗,6,自我评价低或觉得让家人失望,Spearman秩相关,189,189,189,0,0,4,187,0.4217205138970662,0.29596408225039383,0.537609001533712,1.5079305319732467e-09,9.999000099990002e-05,0.4141372829928075,0.2774164807055242,0.5341873747891408,3.1455457275706983e-09,9.999000099990002e-05,-0.00758323090425872,-0.022678160498352314,0.00720178067519345,0.9820183494651872,formal,正式,金标准总分－对应金标准条目分；HAMD14金标准9视为无法评估且总分已不含该项,0.00015608195278033173,0.00017295567740523247,FDR显著,FDR显著,robust_cross_symptom
PHQ-8,DAIC-WOZ全量189人,DeepSeek-V4-Pro,思考,15,C15：事件序列｜规整｜逐条评分｜不清洗,事件序列,规整,不清洗,7,注意力困难,Spearman秩相关,189,189,189,0,0,4,187,0.23677182279255746,0.09848809812910614,0.3640363164936578,0.0010371524656660486,0.0008999100089991,0.23582059540350248,0.10206542535859729,0.36794044750287125,0.0010881428612372146,0.000999900009999,-0.0009512273890549816,-0.017549258659118668,0.016381728169062363,0.9959825143978878,formal,正式,金标准总分－对应金标准条目分；HAMD14金标准9视为无法评估且总分已不含该项,0.0012254093739562212,0.0013911652313029566,FDR显著,FDR显著,robust_cross_symptom
PHQ-8,DAIC-WOZ全量189人,DeepSeek-V4-Pro,思考,15,C15：事件序列｜规整｜逐条评分｜不清洗,事件序列,规整,不清洗,8,动作或语速改变,Spearman秩相关,189,189,189,0,0,4,187,0.0668650650486273,-0.05458846347270265,0.18768197598252934,0.3606285705594511,0.36876312368763126,0.07110334778963211,-0.05829944237863241,0.19180503698212206,0.3309232790887986,0.3337666233376662,0.004238282741004809,-0.0070401755942599955,0.015203562492164454,1.063385607086788,formal,正式,金标准总分－对应金标准条目分；HAMD14金标准9视为无法评估且总分已不含该项,0.3746165066033079,0.3445332886066232,FDR不显著,FDR不显著,weak_both
PHQ-8,DAIC-WOZ全量189人,DeepSeek-V4-Pro,思考,16,C16：事件序列｜规整｜逐条评分｜清洗,事件序列,规整,清洗,1,兴趣或愉悦感降低,Spearman秩相关,189,189,189,0,0,4,187,0.4006939543716474,0.281013223652548,0.5103804031383479,1.1081120285012656e-08,9.999000099990002e-05,0.3797140389092563,0.2581518118343901,0.49070372666163914,7.094051982868938e-08,9.999000099990002e-05,-0.020979915462391086,-0.04029526470795057,-0.005853751120791408,0.9476410481528453,formal,正式,金标准总分－对应金标准条目分；HAMD14金标准9视为无法评估且总分已不含该项,0.00015608195278033173,0.00017295567740523247,FDR显著,FDR显著,attenuated_but_significant
PHQ-8,DAIC-WOZ全量189人,DeepSeek-V4-Pro,思考,16,C16：事件序列｜规整｜逐条评分｜清洗,事件序列,规整,清洗,2,情绪低落、抑郁或无望,Spearman秩相关,189,189,189,0,0,4,187,0.48705541201738495,0.3818417857217688,0.5932742191224512,1.1883246176308672e-12,9.999000099990002e-05,0.476311249435213,0.36629404420593387,0.581758789901487,4.280786293850986e-12,9.999000099990002e-05,-0.010744162582171923,-0.023533204470710348,0.0023195011942983763,0.9779405744868545,formal,正式,金标准总分－对应金标准条目分；HAMD14金标准9视为无法评估且总分已不含该项,0.00015608195278033173,0.00017295567740523247,FDR显著,FDR显著,robust_cross_symptom
PHQ-8,DAIC-WOZ全量189人,DeepSeek-V4-Pro,思考,16,C16：事件序列｜规整｜逐条评分｜清洗,事件序列,规整,清洗,3,睡眠问题,Spearman秩相关,189,189,189,0,0,4,187,0.5779626736444459,0.46986552916421226,0.669264779548154,3.10042299767131e-18,9.999000099990002e-05,0.5278820347238323,0.41590428767027465,0.6336399181434926,5.932876564397004e-15,9.999000099990002e-05,-0.05008063892061354,-0.07046860634591261,-0.031445701820675895,0.9133497002413301,formal,正式,金标准总分－对应金标准条目分；HAMD14金标准9视为无法评估且总分已不含该项,0.00015608195278033173,0.00017295567740523247,FDR显著,FDR显著,attenuated_but_significant
PHQ-8,DAIC-WOZ全量189人,DeepSeek-V4-Pro,思考,16,C16：事件序列｜规整｜逐条评分｜清洗,事件序列,规整,清洗,4,疲劳或精力不足,Spearman秩相关,189,189,189,0,0,4,187,0.37961485538731893,0.2575789185248909,0.4987395507821587,7.15440991799202e-08,9.999000099990002e-05,0.3609175104189773,0.23043735371850851,0.47956574412479636,3.3626884937677035e-07,9.999000099990002e-05,-0.018697344968341634,-0.036157849812047754,-0.00104322804425366,0.9507465403342427,formal,正式,金标准总分－对应金标准条目分；HAMD14金标准9视为无法评估且总分已不含该项,0.00015608195278033173,0.00017295567740523247,FDR显著,FDR显著,attenuated_but_significant
PHQ-8,DAIC-WOZ全量189人,DeepSeek-V4-Pro,思考,16,C16：事件序列｜规整｜逐条评分｜清洗,事件序列,规整,清洗,5,食欲问题,Spearman秩相关,189,189,189,0,0,4,187,0.1887713963058203,0.03763516768857671,0.31826553166036237,0.009284623940326133,0.007399260073992601,0.18321836722960377,0.02817094632357288,0.3150567488654017,0.011618482456734247,0.0112988701129887,-0.00555302907621652,-0.018415462166451253,0.009507866062589559,0.9705833130183542,formal,正式,金标准总分－对应金标准条目分；HAMD14金标准9视为无法评估且总分已不含该项,0.009471052894710529,0.014462553744625538,FDR显著,FDR显著,robust_cross_symptom
PHQ-8,DAIC-WOZ全量189人,DeepSeek-V4-Pro,思考,16,C16：事件序列｜规整｜逐条评分｜清洗,事件序列,规整,清洗,6,自我评价低或觉得让家人失望,Spearman秩相关,189,189,189,0,0,4,187,0.3123574866327159,0.1747577719595608,0.43114398750008887,1.2104064782439128e-05,9.999000099990002e-05,0.2985892682071365,0.16119650488026896,0.4267952339479461,3.002272081348576e-05,9.999000099990002e-05,-0.013768218425579404,-0.030406589529183098,0.003254310097497114,0.955921599402006,formal,正式,金标准总分－对应金标准条目分；HAMD14金标准9视为无法评估且总分已不含该项,0.00015608195278033173,0.00017295567740523247,FDR显著,FDR显著,robust_cross_symptom
PHQ-8,DAIC-WOZ全量189人,DeepSeek-V4-Pro,思考,16,C16：事件序列｜规整｜逐条评分｜清洗,事件序列,规整,清洗,7,注意力困难,Spearman秩相关,189,189,189,0,0,4,187,0.3222952889825144,0.18786355061790994,0.4375693796405923,6.1053840027455315e-06,9.999000099990002e-05,0.32764818900644943,0.19461851939236377,0.44614186619622603,4.180212988017606e-06,9.999000099990002e-05,0.005352900023935014,-0.008442416820252062,0.019713135252163623,1.016608682183454,formal,正式,金标准总分－对应金标准条目分；HAMD14金标准9视为无法评估且总分已不含该项,0.00015608195278033173,0.00017295567740523247,FDR显著,FDR显著,robust_cross_symptom
PHQ-8,DAIC-WOZ全量189人,DeepSeek-V4-Pro,思考,16,C16：事件序列｜规整｜逐条评分｜清洗,事件序列,规整,清洗,8,动作或语速改变,Spearman秩相关,189,189,189,0,0,4,187,0.12346913024068554,-0.004185334304796846,0.2468447591441523,0.09052363552648311,0.0847915208479152,0.1263903431630191,-0.0036028777158593314,0.2527679490854316,0.08309398255056558,0.0826917308269173,0.0029212129223335492,-0.009161181472384174,0.014887535256906531,1.023659459790792,formal,正式,金标准总分－对应金标准条目分；HAMD14金标准9视为无法评估且总分已不含该项,0.09866649698666496,0.09622310496223105,FDR不显著,FDR不显著,weak_both
PHQ-8,DAIC-WOZ全量189人,GLM-5.2,思考,3,C03：全文｜不规整｜逐条评分｜不清洗,全文,不规整,不清洗,1,兴趣或愉悦感降低,Spearman秩相关,189,189,189,0,0,4,186,0.5740355768546277,0.4740811867310457,0.6617049223643042,5.877715984135342e-18,9.999000099990002e-05,0.5603480257809339,0.45535191183064944,0.6530423313163101,5.11679896501295e-17,9.999000099990002e-05,-0.013687551073693793,-0.028485185833588743,-0.001824717056306543,0.9761555700977744,formal,正式,金标准总分－对应金标准条目分；HAMD14金标准9视为无法评估且总分已不含该项,0.00013332000133320002,0.00013911652313029567,FDR显著,FDR显著,attenuated_but_significant
PHQ-8,DAIC-WOZ全量189人,GLM-5.2,思考,3,C03：全文｜不规整｜逐条评分｜不清洗,全文,不规整,不清洗,2,情绪低落、抑郁或无望,Spearman秩相关,189,189,189,0,0,4,186,0.69337957727673,0.6057338605878017,0.7687882950284712,2.031185405418655e-28,9.999000099990002e-05,0.6808284938429997,0.5895190423605595,0.7550894560645601,4.390087306839524e-27,9.999000099990002e-05,-0.012551083433730348,-0.025381693437196783,-0.0008005135441447724,0.9818986831382818,formal,正式,金标准总分－对应金标准条目分；HAMD14金标准9视为无法评估且总分已不含该项,0.00013332000133320002,0.00013911652313029567,FDR显著,FDR显著,attenuated_but_significant
PHQ-8,DAIC-WOZ全量189人,GLM-5.2,思考,3,C03：全文｜不规整｜逐条评分｜不清洗,全文,不规整,不清洗,3,睡眠问题,Spearman秩相关,189,189,189,0,0,4,186,0.6436316773468036,0.5473479690319495,0.725127707466104,1.7135483724074435e-23,9.999000099990002e-05,0.599718508874742,0.49547623830489823,0.6837077618964653,7.633787336512969e-20,9.999000099990002e-05,-0.043913168472061614,-0.06367516626475532,-0.026648877645665633,0.9317728290610529,formal,正式,金标准总分－对应金标准条目分；HAMD14金标准9视为无法评估且总分已不含该项,0.00013332000133320002,0.00013911652313029567,FDR显著,FDR显著,attenuated_but_significant
PHQ-8,DAIC-WOZ全量189人,GLM-5.2,思考,3,C03：全文｜不规整｜逐条评分｜不清洗,全文,不规整,不清洗,4,疲劳或精力不足,Spearman秩相关,189,189,189,0,0,4,186,0.5238105480226007,0.40862192924594526,0.626405745480001,1.039535351818897e-14,9.999000099990002e-05,0.5007813588307611,0.39423452544138154,0.6051816941111576,2.16293588150112e-13,9.999000099990002e-05,-0.023029189191839605,-0.038041311387880423,-0.008586576314175932,0.9560352702350584,formal,正式,金标准总分－对应金标准条目分；HAMD14金标准9视为无法评估且总分已不含该项,0.00013332000133320002,0.00013911652313029567,FDR显著,FDR显著,attenuated_but_significant
PHQ-8,DAIC-WOZ全量189人,GLM-5.2,思考,3,C03：全文｜不规整｜逐条评分｜不清洗,全文,不规整,不清洗,5,食欲问题,Spearman秩相关,189,189,189,0,0,4,186,0.23373033882499306,0.08023618613751377,0.3647532061543392,0.0012083667437736872,0.0007999200079992001,0.22213642670389278,0.07189188729010997,0.3485158569022395,0.0021256788663220733,0.0016998300169983002,-0.01159391212110028,-0.0283041799546291,0.004168193058490089,0.9503962036790556,formal,正式,金标准总分－对应金标准条目分；HAMD14金标准9视为无法评估且总分已不含该项,0.0009845169329220924,0.002052624926186627,FDR显著,FDR显著,robust_cross_symptom
PHQ-8,DAIC-WOZ全量189人,GLM-5.2,思考,3,C03：全文｜不规整｜逐条评分｜不清洗,全文,不规整,不清洗,6,自我评价低或觉得让家人失望,Spearman秩相关,189,189,189,0,0,4,186,0.5591832010966084,0.4464717509830377,0.6614970121787364,6.123364468898975e-17,9.999000099990002e-05,0.53473051832875,0.41317292136697104,0.6381254956028972,2.270505802464654e-15,9.999000099990002e-05,-0.02445268276785839,-0.04149358614080026,-0.009489542823970404,0.9562707128542051,formal,正式,金标准总分－对应金标准条目分；HAMD14金标准9视为无法评估且总分已不含该项,0.00013332000133320002,0.00013911652313029567,FDR显著,FDR显著,attenuated_but_significant
PHQ-8,DAIC-WOZ全量189人,GLM-5.2,思考,3,C03：全文｜不规整｜逐条评分｜不清洗,全文,不规整,不清洗,7,注意力困难,Spearman秩相关,189,189,189,0,0,4,186,0.37352853535497,0.2514543683813753,0.4858095593447804,1.1968283050991745e-07,9.999000099990002e-05,0.36970348466831615,0.24267270450926773,0.48051512682980724,1.644911507664844e-07,9.999000099990002e-05,-0.0038250506866538414,-0.018191553294828786,0.010564423671669843,0.9897596827963389,formal,正式,金标准总分－对应金标准条目分；HAMD14金标准9视为无法评估且总分已不含该项,0.00013332000133320002,0.00013911652313029567,FDR显著,FDR显著,robust_cross_symptom
PHQ-8,DAIC-WOZ全量189人,GLM-5.2,思考,3,C03：全文｜不规整｜逐条评分｜不清洗,全文,不规整,不清洗,8,动作或语速改变,Spearman秩相关,189,189,189,0,0,3,186,0.3378909279716189,0.20737359147015838,0.44471209671556555,1.984295406214715e-06,9.999000099990002e-05,0.33858879014073173,0.2141892542221988,0.4494907008946334,1.8842288441109136e-06,9.999000099990002e-05,0.0006978621691128284,-0.011671728174489925,0.013557149695397763,1.0020653474578383,formal,正式,金标准总分－对应金标准条目分；HAMD14金标准9视为无法评估且总分已不含该项,0.00013332000133320002,0.00013911652313029567,FDR显著,FDR显著,robust_cross_symptom
PHQ-8,DAIC-WOZ全量189人,GLM-5.2,思考,4,C04：全文｜不规整｜逐条评分｜清洗,全文,不规整,清洗,1,兴趣或愉悦感降低,Spearman秩相关,189,189,189,0,0,4,184,0.47158247977045403,0.3579267576298121,0.5740983088183576,7.420173406034223e-12,9.999000099990002e-05,0.4459370856922186,0.3288102020397738,0.546259495156939,1.2708486880523728e-10,9.999000099990002e-05,-0.025645394078235406,-0.04403326231667654,-0.00960529322067376,0.9456184332999003,formal,正式,金标准总分－对应金标准条目分；HAMD14金标准9视为无法评估且总分已不含该项,0.00013332000133320002,0.00013911652313029567,FDR显著,FDR显著,attenuated_but_significant
PHQ-8,DAIC-WOZ全量189人,GLM-5.2,思考,4,C04：全文｜不规整｜逐条评分｜清洗,全文,不规整,清洗,2,情绪低落、抑郁或无望,Spearman秩相关,189,189,189,0,0,4,184,0.6570871200237088,0.5655876159495242,0.7294304662143255,9.847282307296967e-25,9.999000099990002e-05,0.6457514531286878,0.5542109807601303,0.7262147677294952,1.103010480229116e-23,9.999000099990002e-05,-0.01133566689502108,-0.02473052949683561,0.000712265382528864,0.9827486088989051,formal,正式,金标准总分－对应金标准条目分；HAMD14金标准9视为无法评估且总分已不含该项,0.00013332000133320002,0.00013911652313029567,FDR显著,FDR显著,robust_cross_symptom
PHQ-8,DAIC-WOZ全量189人,GLM-5.2,思考,4,C04：全文｜不规整｜逐条评分｜清洗,全文,不规整,清洗,3,睡眠问题,Spearman秩相关,189,189,189,0,0,4,184,0.6052450418539636,0.5045061656729827,0.6959676015418254,2.8468434379075046e-20,9.999000099990002e-05,0.5582127795473125,0.44669285209095094,0.6548618716943875,7.107762196875985e-17,9.999000099990002e-05,-0.04703226230665103,-0.06899431894877085,-0.027292749682510595,0.9222921972849483,formal,正式,金标准总分－对应金标准条目分；HAMD14金标准9视为无法评估且总分已不含该项,0.00013332000133320002,0.00013911652313029567,FDR显著,FDR显著,attenuated_but_significant
PHQ-8,DAIC-WOZ全量189人,GLM-5.2,思考,4,C04：全文｜不规整｜逐条评分｜清洗,全文,不规整,清洗,4,疲劳或精力不足,Spearman秩相关,189,189,189,0,0,4,184,0.49766025314992646,0.38525502961649105,0.5985203920298051,3.207725791462729e-13,9.999000099990002e-05,0.48547161653592336,0.36402531520793013,0.5902357689990284,1.4394799618506378e-12,9.999000099990002e-05,-0.012188636614003101,-0.027849669149229005,0.0025911673681116554,0.9755081171605419,formal,正式,金标准总分－对应金标准条目分；HAMD14金标准9视为无法评估且总分已不含该项,0.00013332000133320002,0.00013911652313029567,FDR显著,FDR显著,robust_cross_symptom
PHQ-8,DAIC-WOZ全量189人,GLM-5.2,思考,4,C04：全文｜不规整｜逐条评分｜清洗,全文,不规整,清洗,5,食欲问题,Spearman秩相关,189,189,189,0,0,4,184,0.16014870260234232,-0.004431829243178412,0.2983120371673872,0.027714603527539062,0.027797220277972202,0.15039876772534105,-0.0004482892405776426,0.2880122557176229,0.03885784211213184,0.0413958604139586,-0.009749934877001265,-0.025984586829157,0.005544433356492354,0.9391194888340065,formal,正式,金标准总分－对应金标准条目分；HAMD14金标准9视为无法评估且总分已不含该项,0.030672794789486566,0.0449039841778534,FDR显著,FDR显著,robust_cross_symptom
PHQ-8,DAIC-WOZ全量189人,GLM-5.2,思考,4,C04：全文｜不规整｜逐条评分｜清洗,全文,不规整,清洗,6,自我评价低或觉得让家人失望,Spearman秩相关,189,189,189,0,0,4,184,0.3440386150028106,0.2018500085957586,0.4719604331187742,1.2524090330578997e-06,9.999000099990002e-05,0.3286790908156096,0.18969333016289003,0.4525757085558933,3.882890638573255e-06,9.999000099990002e-05,-0.01535952418720099,-0.03203999612800239,-0.0002497029209334141,0.9553552318914099,formal,正式,金标准总分－对应金标准条目分；HAMD14金标准9视为无法评估且总分已不含该项,0.00013332000133320002,0.00013911652313029567,FDR显著,FDR显著,attenuated_but_significant
PHQ-8,DAIC-WOZ全量189人,GLM-5.2,思考,4,C04：全文｜不规整｜逐条评分｜清洗,全文,不规整,清洗,7,注意力困难,Spearman秩相关,189,189,189,0,0,4,184,0.3570581979677855,0.22320038513326285,0.47489098328965845,4.572870904662891e-07,9.999000099990002e-05,0.35472590891466654,0.21941493440747448,0.4679338396690526,5.495641977765244e-07,9.999000099990002e-05,-0.002332289053118941,-0.017354934462463972,0.012542715321732128,0.9934680422788406,formal,正式,金标准总分－对应金标准条目分；HAMD14金标准9视为无法评估且总分已不含该项,0.00013332000133320002,0.00013911652313029567,FDR显著,FDR显著,robust_cross_symptom
PHQ-8,DAIC-WOZ全量189人,GLM-5.2,思考,4,C04：全文｜不规整｜逐条评分｜清洗,全文,不规整,清洗,8,动作或语速改变,Spearman秩相关,189,189,189,0,0,3,184,0.2414945360195385,0.12391086400588378,0.34569517890457835,0.000814957283126411,0.0008999100089991,0.24030977569324363,0.12028683631861523,0.34635533141473007,0.0008661522181792145,0.0006999300069993001,-0.0011847603262948592,-0.01489593363336536,0.011818243802255515,0.9950940491415549,formal,正式,金标准总分－对应金标准条目分；HAMD14金标准9视为无法评估且总分已不含该项,0.0010866837844517435,0.0008783435381952001,FDR显著,FDR显著,robust_cross_symptom
PHQ-8,DAIC-WOZ全量189人,GLM-5.2,思考,7,C07：全文｜规整｜逐条评分｜不清洗,全文,规整,不清洗,1,兴趣或愉悦感降低,Spearman秩相关,189,189,189,0,0,4,187,0.4859242242141757,0.37103020441492446,0.589514152311313,1.362864644482851e-12,9.999000099990002e-05,0.4703402348424167,0.35683177281360984,0.5692164289744343,8.561810402656701e-12,9.999000099990002e-05,-0.015583989371758977,-0.034860829943948644,-0.0006886625955343235,0.9679291778528617,formal,正式,金标准总分－对应金标准条目分；HAMD14金标准9视为无法评估且总分已不含该项,0.00013332000133320002,0.00013911652313029567,FDR显著,FDR显著,attenuated_but_significant
PHQ-8,DAIC-WOZ全量189人,GLM-5.2,思考,7,C07：全文｜规整｜逐条评分｜不清洗,全文,规整,不清洗,2,情绪低落、抑郁或无望,Spearman秩相关,189,189,189,0,0,4,187,0.6098460219134151,0.5047326698517249,0.7025531113854252,1.2340288368192208e-20,9.999000099990002e-05,0.5986804028165319,0.49285601819734237,0.6929953522654819,9.16824436572286e-20,9.999000099990002e-05,-0.011165619096883184,-0.02369928766144803,0.0003152272545458181,0.9816910848055537,formal,正式,金标准总分－对应金标准条目分；HAMD14金标准9视为无法评估且总分已不含该项,0.00013332000133320002,0.00013911652313029567,FDR显著,FDR显著,robust_cross_symptom
PHQ-8,DAIC-WOZ全量189人,GLM-5.2,思考,7,C07：全文｜规整｜逐条评分｜不清洗,全文,规整,不清洗,3,睡眠问题,Spearman秩相关,189,189,189,0,0,4,187,0.6493546409477637,0.5569882262595492,0.7288218091463049,5.1747561728212365e-24,9.999000099990002e-05,0.6068185463450071,0.5019725550275285,0.690705888932486,2.1422441835536268e-20,9.999000099990002e-05,-0.04253609460275665,-0.06268507072109768,-0.023822132079036606,0.934494816976016,formal,正式,金标准总分－对应金标准条目分；HAMD14金标准9视为无法评估且总分已不含该项,0.00013332000133320002,0.00013911652313029567,FDR显著,FDR显著,attenuated_but_significant
PHQ-8,DAIC-WOZ全量189人,GLM-5.2,思考,7,C07：全文｜规整｜逐条评分｜不清洗,全文,规整,不清洗,4,疲劳或精力不足,Spearman秩相关,189,189,189,0,0,4,187,0.4558505020006348,0.33044517987006705,0.5684565537654437,4.358415533301395e-11,9.999000099990002e-05,0.43963345917856184,0.3236378275189294,0.5513095846957138,2.465682677658176e-10,9.999000099990002e-05,-0.01621704282207298,-0.03327055938399257,0.0002032239884882033,0.964424646345897,formal,正式,金标准总分－对应金标准条目分；HAMD14金标准9视为无法评估且总分已不含该项,0.00013332000133320002,0.00013911652313029567,FDR显著,FDR显著,robust_cross_symptom
PHQ-8,DAIC-WOZ全量189人,GLM-5.2,思考,7,C07：全文｜规整｜逐条评分｜不清洗,全文,规整,不清洗,5,食欲问题,Spearman秩相关,189,189,189,0,0,3,187,0.20024948244853527,0.052423974791455046,0.3393590241689823,0.005731628040244264,0.005699430056994301,0.18482551114791104,0.03917750973768515,0.31474130186421195,0.01089501347225262,0.010198980101989802,-0.015423971300624228,-0.031155623349563382,0.00021040683359626746,0.9229762238981655,formal,正式,金标准总分－对应金标准条目分；HAMD14金标准9视为无法评估且总分已不含该项,0.006399360063993601,0.01145148643030434,FDR显著,FDR显著,robust_cross_symptom
PHQ-8,DAIC-WOZ全量189人,GLM-5.2,思考,7,C07：全文｜规整｜逐条评分｜不清洗,全文,规整,不清洗,6,自我评价低或觉得让家人失望,Spearman秩相关,189,189,189,0,0,4,187,0.5769344159578921,0.47245918013801824,0.6713395472479541,3.668729008844431e-18,9.999000099990002e-05,0.5526497317644158,0.45011453279949476,0.6478260372826344,1.6551661637704772e-16,9.999000099990002e-05,-0.02428468419347629,-0.039757451487893676,-0.009659898644882769,0.9579073747001969,formal,正式,金标准总分－对应金标准条目分；HAMD14金标准9视为无法评估且总分已不含该项,0.00013332000133320002,0.00013911652313029567,FDR显著,FDR显著,attenuated_but_significant
PHQ-8,DAIC-WOZ全量189人,GLM-5.2,思考,7,C07：全文｜规整｜逐条评分｜不清洗,全文,规整,不清洗,7,注意力困难,Spearman秩相关,189,189,189,0,0,4,187,0.2572578092358957,0.13025935929361826,0.38082568258253485,0.0003521275108395067,0.00039996000399960006,0.2538118875461859,0.11503311619232817,0.3751320310842204,0.000424964592103926,0.0006999300069993001,-0.0034459216897098077,-0.02001391311165762,0.013127801261014265,0.9866051813939299,formal,正式,金标准总分－对应金标准条目分；HAMD14金标准9视为无法评估且总分已不含该项,0.000511948805119488,0.0008783435381952001,FDR显著,FDR显著,robust_cross_symptom
PHQ-8,DAIC-WOZ全量189人,GLM-5.2,思考,7,C07：全文｜规整｜逐条评分｜不清洗,全文,规整,不清洗,8,动作或语速改变,Spearman秩相关,189,189,189,0,0,4,187,0.23195481786428884,0.08039463250595084,0.3598895796647426,0.0013199201087242315,0.0011998800119988001,0.22375937758269038,0.08109841200827476,0.354761985153745,0.0019673577541481093,0.0020997900209979003,-0.008195440281598465,-0.020722221896823708,0.0033244423638033533,0.9646679454341258,formal,正式,金标准总分－对应金标准条目分；HAMD14金标准9视为无法评估且总分已不含该项,0.0014220800142208001,0.0024886400248864005,FDR显著,FDR显著,robust_cross_symptom
PHQ-8,DAIC-WOZ全量189人,GLM-5.2,思考,8,C08：全文｜规整｜逐条评分｜清洗,全文,规整,清洗,1,兴趣或愉悦感降低,Spearman秩相关,189,189,189,0,0,4,185,0.46904783907071657,0.35944316979648766,0.5718877445421566,9.930275167364339e-12,9.999000099990002e-05,0.44392028305281733,0.3275186078811236,0.5499238634768757,1.573365143702363e-10,9.999000099990002e-05,-0.025127556017899233,-0.04256049448217141,-0.010214951268563423,0.9464285859035567,formal,正式,金标准总分－对应金标准条目分；HAMD14金标准9视为无法评估且总分已不含该项,0.00013332000133320002,0.00013911652313029567,FDR显著,FDR显著,attenuated_but_significant
PHQ-8,DAIC-WOZ全量189人,GLM-5.2,思考,8,C08：全文｜规整｜逐条评分｜清洗,全文,规整,清洗,2,情绪低落、抑郁或无望,Spearman秩相关,189,189,189,0,0,4,185,0.6018578575379118,0.49829898539805567,0.691574145050278,5.222720543985891e-20,9.999000099990002e-05,0.5937742811180081,0.4885924977950505,0.686447879039049,2.1595085584977586e-19,9.999000099990002e-05,-0.008083576419903649,-0.020742947482858633,0.004299628592104617,0.9865689608955642,formal,正式,金标准总分－对应金标准条目分；HAMD14金标准9视为无法评估且总分已不含该项,0.00013332000133320002,0.00013911652313029567,FDR显著,FDR显著,robust_cross_symptom
PHQ-8,DAIC-WOZ全量189人,GLM-5.2,思考,8,C08：全文｜规整｜逐条评分｜清洗,全文,规整,清洗,3,睡眠问题,Spearman秩相关,189,189,189,0,0,4,185,0.5985509505567747,0.4994328713975612,0.6895293662440666,9.379623729003148e-20,9.999000099990002e-05,0.5493953544394053,0.43963933883947925,0.6446152335480049,2.694358618962899e-16,9.999000099990002e-05,-0.049155596117369305,-0.06811554683876374,-0.03106434875250532,0.9178756694452752,formal,正式,金标准总分－对应金标准条目分；HAMD14金标准9视为无法评估且总分已不含该项,0.00013332000133320002,0.00013911652313029567,FDR显著,FDR显著,attenuated_but_significant
PHQ-8,DAIC-WOZ全量189人,GLM-5.2,思考,8,C08：全文｜规整｜逐条评分｜清洗,全文,规整,清洗,4,疲劳或精力不足,Spearman秩相关,189,189,189,0,0,4,185,0.3991288600872408,0.2748027222492862,0.5089481783815767,1.2784745081416444e-08,9.999000099990002e-05,0.38715396525097484,0.2583244730044125,0.5065467980272698,3.727191801640605e-08,9.999000099990002e-05,-0.011974894836265959,-0.028988416626500594,0.006423556737181351,0.969997421800948,formal,正式,金标准总分－对应金标准条目分；HAMD14金标准9视为无法评估且总分已不含该项,0.00013332000133320002,0.00013911652313029567,FDR显著,FDR显著,robust_cross_symptom
PHQ-8,DAIC-WOZ全量189人,GLM-5.2,思考,8,C08：全文｜规整｜逐条评分｜清洗,全文,规整,清洗,5,食欲问题,Spearman秩相关,189,189,189,0,0,4,185,0.12362540105197482,-0.028080552785066142,0.27853045876693644,0.09011320073712199,0.09159084091590841,0.11330352587298517,-0.04088674135157798,0.24864425911295415,0.12058196045064087,0.12098790120987901,-0.01032187517898965,-0.02528096755109052,0.004801775818959061,0.916506841707635,formal,正式,金标准总分－对应金标准条目分；HAMD14金标准9视为无法评估且总分已不含该项,0.09769689697696897,0.1269381258595452,FDR不显著,FDR不显著,weak_both
PHQ-8,DAIC-WOZ全量189人,GLM-5.2,思考,8,C08：全文｜规整｜逐条评分｜清洗,全文,规整,清洗,6,自我评价低或觉得让家人失望,Spearman秩相关,189,189,189,0,0,4,185,0.2996667656344283,0.1555244340970123,0.43925684788257774,2.8008282454530126e-05,9.999000099990002e-05,0.2959675231143287,0.15560069726691153,0.430289470137697,3.550951395072951e-05,0.00019998000199980003,-0.003699242520099566,-0.018587369262707584,0.011455907809533724,0.9876554795381869,formal,正式,金标准总分－对应金标准条目分；HAMD14金标准9视为无法评估且总分已不含该项,0.00013332000133320002,0.0002723131942124937,FDR显著,FDR显著,robust_cross_symptom
PHQ-8,DAIC-WOZ全量189人,GLM-5.2,思考,8,C08：全文｜规整｜逐条评分｜清洗,全文,规整,清洗,7,注意力困难,Spearman秩相关,189,189,189,0,0,4,185,0.20878057157639152,0.06760418390254314,0.33328442556088916,0.003938350141003217,0.005099490050994901,0.20748911246287277,0.07152141421523164,0.34012409630856927,0.004172405181419755,0.0035996400359964,-0.0012914591135187448,-0.01628429774287189,0.013158164491782883,0.9938142754195584,formal,正式,金标准总分－对应金标准条目分；HAMD14金标准9视为无法评估且总分已不含该项,0.005827988629708458,0.004113874326853029,FDR显著,FDR显著,robust_cross_symptom
PHQ-8,DAIC-WOZ全量189人,GLM-5.2,思考,8,C08：全文｜规整｜逐条评分｜清洗,全文,规整,清洗,8,动作或语速改变,Spearman秩相关,189,189,189,0,0,4,185,0.10973814107868474,-0.030041496925305555,0.24850137283911208,0.13279129647636992,0.13388661133886612,0.1081756180936196,-0.03122805296456657,0.23802563020360545,0.13843227339750577,0.1384861513848615,-0.0015625229850651373,-0.01629971334758561,0.011062161035454671,0.9857613499763517,formal,正式,金标准总分－对应金标准条目分；HAMD14金标准9视为无法评估且总分已不含该项,0.13820553428528115,0.1429534465908248,FDR不显著,FDR不显著,weak_both
PHQ-8,DAIC-WOZ全量189人,GLM-5.2,思考,11,C11：事件序列｜不规整｜逐条评分｜不清洗,事件序列,不规整,不清洗,1,兴趣或愉悦感降低,Spearman秩相关,189,189,189,0,0,4,182,0.5657411667108481,0.45898370126110183,0.652341130692441,2.2074202379356206e-17,9.999000099990002e-05,0.5549479117704916,0.44896266363764326,0.6514918087595337,1.169531216893975e-16,9.999000099990002e-05,-0.010793254940356434,-0.023844096966966346,5.019540225222352e-05,0.9809219205257642,formal,正式,金标准总分－对应金标准条目分；HAMD14金标准9视为无法评估且总分已不含该项,0.00013332000133320002,0.00013911652313029567,FDR显著,FDR显著,robust_cross_symptom
PHQ-8,DAIC-WOZ全量189人,GLM-5.2,思考,11,C11：事件序列｜不规整｜逐条评分｜不清洗,事件序列,不规整,不清洗,2,情绪低落、抑郁或无望,Spearman秩相关,189,189,189,0,0,4,182,0.6970578002212576,0.6137344999557383,0.7658512407480949,8.008395381063704e-29,9.999000099990002e-05,0.6819406226652736,0.599159524233966,0.7565438897944059,3.3643501390778325e-27,9.999000099990002e-05,-0.015117177555984074,-0.02684012287308928,-0.003394711365540765,0.9783128779977993,formal,正式,金标准总分－对应金标准条目分；HAMD14金标准9视为无法评估且总分已不含该项,0.00013332000133320002,0.00013911652313029567,FDR显著,FDR显著,attenuated_but_significant
PHQ-8,DAIC-WOZ全量189人,GLM-5.2,思考,11,C11：事件序列｜不规整｜逐条评分｜不清洗,事件序列,不规整,不清洗,3,睡眠问题,Spearman秩相关,189,189,189,0,0,4,182,0.6221938170878262,0.5304885037827797,0.7059092317347758,1.2223935154160804e-21,9.999000099990002e-05,0.5794820277633478,0.4745627707145731,0.6687313299494034,2.41515707648592e-18,9.999000099990002e-05,-0.04271178932447839,-0.06410536400749077,-0.02378518904141095,0.9313529190560096,formal,正式,金标准总分－对应金标准条目分；HAMD14金标准9视为无法评估且总分已不含该项,0.00013332000133320002,0.00013911652313029567,FDR显著,FDR显著,attenuated_but_significant
PHQ-8,DAIC-WOZ全量189人,GLM-5.2,思考,11,C11：事件序列｜不规整｜逐条评分｜不清洗,事件序列,不规整,不清洗,4,疲劳或精力不足,Spearman秩相关,189,189,189,0,0,4,182,0.5129959241540425,0.3936061659351741,0.6152644741298889,4.4487611243036707e-14,9.999000099990002e-05,0.49401776251224266,0.37592378579407126,0.5955550521725572,5.055423429947882e-13,9.999000099990002e-05,-0.01897816164179983,-0.033417709650009404,-0.0038247422745325654,0.9630052389342161,formal,正式,金标准总分－对应金标准条目分；HAMD14金标准9视为无法评估且总分已不含该项,0.00013332000133320002,0.00013911652313029567,FDR显著,FDR显著,attenuated_but_significant
PHQ-8,DAIC-WOZ全量189人,GLM-5.2,思考,11,C11：事件序列｜不规整｜逐条评分｜不清洗,事件序列,不规整,不清洗,5,食欲问题,Spearman秩相关,189,189,189,0,0,4,182,0.1556789749408169,0.004269406294045275,0.294842372085596,0.032428123193370885,0.029897010298970104,0.1506422820715415,0.0009775535530357608,0.28087896834635545,0.03853929249227593,0.039196080391960805,-0.005036692869275383,-0.022494138392041355,0.012077513884842878,0.9676469293866423,formal,正式,金标准总分－对应金标准条目分；HAMD14金标准9视为无法评估且总分已不含该项,0.03243065523956079,0.0432508473290602,FDR显著,FDR显著,robust_cross_symptom
PHQ-8,DAIC-WOZ全量189人,GLM-5.2,思考,11,C11：事件序列｜不规整｜逐条评分｜不清洗,事件序列,不规整,不清洗,6,自我评价低或觉得让家人失望,Spearman秩相关,189,189,189,0,0,4,182,0.5922734594555148,0.4847996090558083,0.6902818277328471,2.798418325020529e-19,9.999000099990002e-05,0.5704441663123956,0.4674508396813759,0.6683749436738574,1.0471838338180767e-17,9.999000099990002e-05,-0.02182929314311921,-0.037924252027661656,-0.006507125279410197,0.9631432190745349,formal,正式,金标准总分－对应金标准条目分；HAMD14金标准9视为无法评估且总分已不含该项,0.00013332000133320002,0.00013911652313029567,FDR显著,FDR显著,attenuated_but_significant
PHQ-8,DAIC-WOZ全量189人,GLM-5.2,思考,11,C11：事件序列｜不规整｜逐条评分｜不清洗,事件序列,不规整,不清洗,7,注意力困难,Spearman秩相关,189,189,189,0,0,4,182,0.349146793803322,0.22804060979545934,0.4595164926258064,8.480231913033236e-07,9.999000099990002e-05,0.3476309786435622,0.22650367488249606,0.45999456367445596,9.527303583313253e-07,9.999000099990002e-05,-0.0015158151597597924,-0.016220907623624957,0.013230324080749105,0.9956585161695236,formal,正式,金标准总分－对应金标准条目分；HAMD14金标准9视为无法评估且总分已不含该项,0.00013332000133320002,0.00013911652313029567,FDR显著,FDR显著,robust_cross_symptom
PHQ-8,DAIC-WOZ全量189人,GLM-5.2,思考,11,C11：事件序列｜不规整｜逐条评分｜不清洗,事件序列,不规整,不清洗,8,动作或语速改变,Spearman秩相关,189,189,189,0,0,3,182,0.2918114109822768,0.16798734691354625,0.40044663109889905,4.618066358515303e-05,9.999000099990002e-05,0.2937701538793205,0.17466306092391898,0.39912273253974584,4.0822334108427166e-05,9.999000099990002e-05,0.001958742897043675,-0.011487429616375364,0.014995995035452372,1.0067123588157512,formal,正式,金标准总分－对应金标准条目分；HAMD14金标准9视为无法评估且总分已不含该项,0.00013332000133320002,0.00013911652313029567,FDR显著,FDR显著,robust_cross_symptom
PHQ-8,DAIC-WOZ全量189人,GLM-5.2,思考,12,C12：事件序列｜不规整｜逐条评分｜清洗,事件序列,不规整,清洗,1,兴趣或愉悦感降低,Spearman秩相关,189,189,189,0,0,4,185,0.4457892913122401,0.3216801558802182,0.5524535816810574,1.290952616915421e-10,9.999000099990002e-05,0.42008288689225465,0.30897056761531744,0.5222920932495236,1.770155518334275e-09,9.999000099990002e-05,-0.02570640441998545,-0.045262593403002385,-0.009291768092701679,0.942335078654951,formal,正式,金标准总分－对应金标准条目分；HAMD14金标准9视为无法评估且总分已不含该项,0.00013332000133320002,0.00013911652313029567,FDR显著,FDR显著,attenuated_but_significant
PHQ-8,DAIC-WOZ全量189人,GLM-5.2,思考,12,C12：事件序列｜不规整｜逐条评分｜清洗,事件序列,不规整,清洗,2,情绪低落、抑郁或无望,Spearman秩相关,189,189,189,0,0,4,185,0.6441026606096306,0.5530616724519708,0.7196268305468846,1.554242523391611e-23,9.999000099990002e-05,0.6308394895962657,0.5389116157965126,0.7095150287147837,2.2760584839235833e-22,9.999000099990002e-05,-0.013263171013364938,-0.025762190745217944,-0.0016895874779042513,0.9794082964960716,formal,正式,金标准总分－对应金标准条目分；HAMD14金标准9视为无法评估且总分已不含该项,0.00013332000133320002,0.00013911652313029567,FDR显著,FDR显著,attenuated_but_significant
PHQ-8,DAIC-WOZ全量189人,GLM-5.2,思考,12,C12：事件序列｜不规整｜逐条评分｜清洗,事件序列,不规整,清洗,3,睡眠问题,Spearman秩相关,189,189,189,0,0,4,185,0.6085497104796902,0.5024099986359243,0.7001696510061676,1.563893557017531e-20,9.999000099990002e-05,0.5625274551730822,0.4520251038097116,0.6576463078303761,3.649639756775077e-17,9.999000099990002e-05,-0.04602225530660797,-0.06542671393642459,-0.028615561585466617,0.9243738769174159,formal,正式,金标准总分－对应金标准条目分；HAMD14金标准9视为无法评估且总分已不含该项,0.00013332000133320002,0.00013911652313029567,FDR显著,FDR显著,attenuated_but_significant
PHQ-8,DAIC-WOZ全量189人,GLM-5.2,思考,12,C12：事件序列｜不规整｜逐条评分｜清洗,事件序列,不规整,清洗,4,疲劳或精力不足,Spearman秩相关,189,189,189,0,0,4,185,0.5017604922503386,0.3891904633447874,0.6051315587142101,1.909814428303372e-13,9.999000099990002e-05,0.4906307356961466,0.3847160485813518,0.5946796731420513,7.680251817365056e-13,9.999000099990002e-05,-0.01112975655419196,-0.027404464397150056,0.0045125550154135686,0.9778185873019292,formal,正式,金标准总分－对应金标准条目分；HAMD14金标准9视为无法评估且总分已不含该项,0.00013332000133320002,0.00013911652313029567,FDR显著,FDR显著,robust_cross_symptom
PHQ-8,DAIC-WOZ全量189人,GLM-5.2,思考,12,C12：事件序列｜不规整｜逐条评分｜清洗,事件序列,不规整,清洗,5,食欲问题,Spearman秩相关,189,189,189,0,0,4,185,0.12258701082983767,-0.02786769326022186,0.2736578747751489,0.09286851527106883,0.09529047095290472,0.1197913334796337,-0.029076491961380502,0.264982911920369,0.10062090133660061,0.10138986101389862,-0.0027956773502039733,-0.019042600983222125,0.014784523221326338,0.9771943427669948,formal,正式,金标准总分－对应金标准条目分；HAMD14金标准9视为无法评估且总分已不含该项,0.09997688755714593,0.10814918508149186,FDR不显著,FDR不显著,weak_both
PHQ-8,DAIC-WOZ全量189人,GLM-5.2,思考,12,C12：事件序列｜不规整｜逐条评分｜清洗,事件序列,不规整,清洗,6,自我评价低或觉得让家人失望,Spearman秩相关,189,189,189,0,0,4,185,0.38596849562010577,0.24859926359776274,0.5025233760817235,4.1341438201306816e-08,9.999000099990002e-05,0.3714733231091145,0.23253141619223952,0.4937230145135428,1.420563794746749e-07,9.999000099990002e-05,-0.01449517251099125,-0.029703721447799168,-0.00011878804009024219,0.9624446744346246,formal,正式,金标准总分－对应金标准条目分；HAMD14金标准9视为无法评估且总分已不含该项,0.00013332000133320002,0.00013911652313029567,FDR显著,FDR显著,attenuated_but_significant
PHQ-8,DAIC-WOZ全量189人,GLM-5.2,思考,12,C12：事件序列｜不规整｜逐条评分｜清洗,事件序列,不规整,清洗,7,注意力困难,Spearman秩相关,189,189,189,0,0,3,185,0.33904036095972745,0.2191423030647672,0.4524999758153576,1.8220609455389798e-06,9.999000099990002e-05,0.337839858529207,0.21310916242962738,0.4528996496325458,1.9918137467918376e-06,9.999000099990002e-05,-0.0012005024305204448,-0.015155078176330461,0.013442907781214698,0.9964591164688412,formal,正式,金标准总分－对应金标准条目分；HAMD14金标准9视为无法评估且总分已不含该项,0.00013332000133320002,0.00013911652313029567,FDR显著,FDR显著,robust_cross_symptom
PHQ-8,DAIC-WOZ全量189人,GLM-5.2,思考,12,C12：事件序列｜不规整｜逐条评分｜清洗,事件序列,不规整,清洗,8,动作或语速改变,Spearman秩相关,189,189,189,0,0,4,185,0.3152699548228159,0.1908998912180833,0.42491921677501543,9.929346486704583e-06,9.999000099990002e-05,0.30765376750910206,0.18927135365029088,0.41958630765756516,1.6593722743149117e-05,9.999000099990002e-05,-0.007616187313713829,-0.02293047795324279,0.006775997229534961,0.9758423306845266,formal,正式,金标准总分－对应金标准条目分；HAMD14金标准9视为无法评估且总分已不含该项,0.00013332000133320002,0.00013911652313029567,FDR显著,FDR显著,robust_cross_symptom
PHQ-8,DAIC-WOZ全量189人,GLM-5.2,思考,15,C15：事件序列｜规整｜逐条评分｜不清洗,事件序列,规整,不清洗,1,兴趣或愉悦感降低,Spearman秩相关,189,189,189,0,0,4,185,0.5542304713767893,0.4495151199342802,0.6468939239185514,1.3038332022512695e-16,9.999000099990002e-05,0.5379063861551614,0.42749562269612246,0.6327546784573153,1.4436315753829453e-15,9.999000099990002e-05,-0.01632408522162787,-0.030353169795177413,-0.0036069818318629735,0.9705463952909762,formal,正式,金标准总分－对应金标准条目分；HAMD14金标准9视为无法评估且总分已不含该项,0.00013332000133320002,0.00013911652313029567,FDR显著,FDR显著,attenuated_but_significant
PHQ-8,DAIC-WOZ全量189人,GLM-5.2,思考,15,C15：事件序列｜规整｜逐条评分｜不清洗,事件序列,规整,不清洗,2,情绪低落、抑郁或无望,Spearman秩相关,189,189,189,0,0,4,185,0.5689178714649199,0.4643249440498372,0.6700867504557093,1.3356523525020163e-17,9.999000099990002e-05,0.5533673468316167,0.43935226385807785,0.6527926413871903,1.4854870007662944e-16,9.999000099990002e-05,-0.015550524633303198,-0.028895939090908873,-0.002155571847202425,0.9726664859494363,formal,正式,金标准总分－对应金标准条目分；HAMD14金标准9视为无法评估且总分已不含该项,0.00013332000133320002,0.00013911652313029567,FDR显著,FDR显著,attenuated_but_significant
PHQ-8,DAIC-WOZ全量189人,GLM-5.2,思考,15,C15：事件序列｜规整｜逐条评分｜不清洗,事件序列,规整,不清洗,3,睡眠问题,Spearman秩相关,189,189,189,0,0,4,185,0.6095480705489698,0.5093806859197507,0.6993355607650195,1.3032087488515116e-20,9.999000099990002e-05,0.5735593789197438,0.46422558152591575,0.6673608771655933,6.3480624412602676e-18,9.999000099990002e-05,-0.03598869162922591,-0.0541229279649199,-0.018838874369632663,0.9409584028429229,formal,正式,金标准总分－对应金标准条目分；HAMD14金标准9视为无法评估且总分已不含该项,0.00013332000133320002,0.00013911652313029567,FDR显著,FDR显著,attenuated_but_significant
PHQ-8,DAIC-WOZ全量189人,GLM-5.2,思考,15,C15：事件序列｜规整｜逐条评分｜不清洗,事件序列,规整,不清洗,4,疲劳或精力不足,Spearman秩相关,189,189,189,0,0,4,185,0.4646088462304855,0.34530943060314523,0.5704918814173006,1.6447445086712578e-11,9.999000099990002e-05,0.4444983266827509,0.3226548679855045,0.5513493324969375,1.4801722830506716e-10,9.999000099990002e-05,-0.020110519547734573,-0.03764410843357736,-0.0031322703375492684,0.9567151600515199,formal,正式,金标准总分－对应金标准条目分；HAMD14金标准9视为无法评估且总分已不含该项,0.00013332000133320002,0.00013911652313029567,FDR显著,FDR显著,attenuated_but_significant
PHQ-8,DAIC-WOZ全量189人,GLM-5.2,思考,15,C15：事件序列｜规整｜逐条评分｜不清洗,事件序列,规整,不清洗,5,食欲问题,Spearman秩相关,189,189,189,0,0,4,185,0.07863536732888335,-0.0758519296549887,0.228021975837967,0.28212754189864203,0.27857214278572145,0.06042702999021957,-0.08355798273892548,0.21533019588417535,0.40881635814601314,0.3999600039996,-0.018208337338663776,-0.03989822700836098,0.0029762486992328295,0.7684459555900653,formal,正式,金标准总分－对应金标准条目分；HAMD14金标准9视为无法评估且总分已不含该项,0.27857214278572145,0.3999600039996,FDR不显著,FDR不显著,weak_both
PHQ-8,DAIC-WOZ全量189人,GLM-5.2,思考,15,C15：事件序列｜规整｜逐条评分｜不清洗,事件序列,规整,不清洗,6,自我评价低或觉得让家人失望,Spearman秩相关,189,189,189,0,0,4,185,0.3822428983022475,0.260349768249078,0.5054735161422114,5.7103931700722075e-08,9.999000099990002e-05,0.3724599807038611,0.23760017248159618,0.4970781127981388,1.3085598931965793e-07,9.999000099990002e-05,-0.009782917598386398,-0.02631105591696575,0.005024494750879863,0.9744065419087241,formal,正式,金标准总分－对应金标准条目分；HAMD14金标准9视为无法评估且总分已不含该项,0.00013332000133320002,0.00013911652313029567,FDR显著,FDR显著,robust_cross_symptom
PHQ-8,DAIC-WOZ全量189人,GLM-5.2,思考,15,C15：事件序列｜规整｜逐条评分｜不清洗,事件序列,规整,不清洗,7,注意力困难,Spearman秩相关,189,189,189,0,0,4,185,0.3299635209800854,0.1888600872179518,0.4592178726379958,3.540527939550434e-06,9.999000099990002e-05,0.3218907161006821,0.1720751699445128,0.4533624984613767,6.28087740146584e-06,9.999000099990002e-05,-0.008072804879403317,-0.02308919422047209,0.007190163804772778,0.9755342504061516,formal,正式,金标准总分－对应金标准条目分；HAMD14金标准9视为无法评估且总分已不含该项,0.00013332000133320002,0.00013911652313029567,FDR显著,FDR显著,robust_cross_symptom
PHQ-8,DAIC-WOZ全量189人,GLM-5.2,思考,15,C15：事件序列｜规整｜逐条评分｜不清洗,事件序列,规整,不清洗,8,动作或语速改变,Spearman秩相关,189,189,189,0,0,4,185,0.2749547727892957,0.13808289837191473,0.4001473177285799,0.00012866947846471385,9.999000099990002e-05,0.27090855367719663,0.13827550023327434,0.40644333890065404,0.0001629716762031077,0.00039996000399960006,-0.00404621911209907,-0.016412623627890817,0.006315592513670858,0.9852840557337778,formal,正式,金标准总分－对应金标准条目分；HAMD14金标准9视为无法评估且总分已不含该项,0.00013332000133320002,0.0005332800053328001,FDR显著,FDR显著,robust_cross_symptom
PHQ-8,DAIC-WOZ全量189人,GLM-5.2,思考,16,C16：事件序列｜规整｜逐条评分｜清洗,事件序列,规整,清洗,1,兴趣或愉悦感降低,Spearman秩相关,189,189,189,0,0,4,188,0.4843130258004575,0.3755656456397238,0.5839349226456888,1.6551977828360817e-12,9.999000099990002e-05,0.46355387579822593,0.3489061370496199,0.5650397060186584,1.8523224032678207e-11,9.999000099990002e-05,-0.020759150002231552,-0.040732338737212846,-0.00443022143442354,0.9571369158037377,formal,正式,金标准总分－对应金标准条目分；HAMD14金标准9视为无法评估且总分已不含该项,0.00013332000133320002,0.00013911652313029567,FDR显著,FDR显著,attenuated_but_significant
PHQ-8,DAIC-WOZ全量189人,GLM-5.2,思考,16,C16：事件序列｜规整｜逐条评分｜清洗,事件序列,规整,清洗,2,情绪低落、抑郁或无望,Spearman秩相关,189,189,189,0,0,4,188,0.5607960418774345,0.4468702312946018,0.6615817123825076,4.774409811463772e-17,9.999000099990002e-05,0.5491778378467618,0.43877307763481294,0.6447551407343928,2.78302772232761e-16,9.999000099990002e-05,-0.011618204030672707,-0.024259540091266876,0.000464313280500054,0.979282656860813,formal,正式,金标准总分－对应金标准条目分；HAMD14金标准9视为无法评估且总分已不含该项,0.00013332000133320002,0.00013911652313029567,FDR显著,FDR显著,robust_cross_symptom
PHQ-8,DAIC-WOZ全量189人,GLM-5.2,思考,16,C16：事件序列｜规整｜逐条评分｜清洗,事件序列,规整,清洗,3,睡眠问题,Spearman秩相关,189,189,189,0,0,4,188,0.5653940308083969,0.4509227460703721,0.6609328984626665,2.3312366805788714e-17,9.999000099990002e-05,0.5230961892260534,0.4128362848284017,0.6265579682384467,1.1461469568641977e-14,9.999000099990002e-05,-0.04229784158234351,-0.06078995419115956,-0.023081712632509844,0.925188736920575,formal,正式,金标准总分－对应金标准条目分；HAMD14金标准9视为无法评估且总分已不含该项,0.00013332000133320002,0.00013911652313029567,FDR显著,FDR显著,attenuated_but_significant
PHQ-8,DAIC-WOZ全量189人,GLM-5.2,思考,16,C16：事件序列｜规整｜逐条评分｜清洗,事件序列,规整,清洗,4,疲劳或精力不足,Spearman秩相关,189,189,189,0,0,4,188,0.38830815049399436,0.255818059085749,0.5020596365007042,3.368172554267692e-08,9.999000099990002e-05,0.3750871415211571,0.2445377161935458,0.4913703710593541,1.0501292241927292e-07,9.999000099990002e-05,-0.01322100897283729,-0.030637259100530705,0.003343458642680443,0.9659522753874265,formal,正式,金标准总分－对应金标准条目分；HAMD14金标准9视为无法评估且总分已不含该项,0.00013332000133320002,0.00013911652313029567,FDR显著,FDR显著,robust_cross_symptom
PHQ-8,DAIC-WOZ全量189人,GLM-5.2,思考,16,C16：事件序列｜规整｜逐条评分｜清洗,事件序列,规整,清洗,5,食欲问题,Spearman秩相关,189,189,189,0,0,4,188,0.09425385448435757,-0.06768584880272452,0.23744806659911213,0.19703191396187034,0.18898110188981102,0.09211889971654005,-0.053991903108750655,0.22994644017552854,0.20741463186786233,0.21137886211378862,-0.0021349547678175124,-0.020155222050077862,0.01598082669551432,0.9773488863718371,formal,正式,金标准总分－对应金标准条目分；HAMD14金标准9视为无法评估且总分已不含该项,0.19198080191980801,0.21473408214734083,FDR不显著,FDR不显著,weak_both
PHQ-8,DAIC-WOZ全量189人,GLM-5.2,思考,16,C16：事件序列｜规整｜逐条评分｜清洗,事件序列,规整,清洗,6,自我评价低或觉得让家人失望,Spearman秩相关,189,189,189,0,0,4,188,0.2256440817469823,0.08481033549080008,0.3673133850530876,0.001797022784579752,0.0016998300169983002,0.220077214051196,0.07425369828867437,0.3543898709993571,0.002343212301554548,0.0029997000299970002,-0.005566867695786293,-0.02221659254150018,0.011529269215828466,0.9753289886768292,formal,正式,金标准总分－对应金标准条目分；HAMD14金标准9视为无法评估且总分已不含该项,0.00197798401977984,0.0034905600349056003,FDR显著,FDR显著,robust_cross_symptom
PHQ-8,DAIC-WOZ全量189人,GLM-5.2,思考,16,C16：事件序列｜规整｜逐条评分｜清洗,事件序列,规整,清洗,7,注意力困难,Spearman秩相关,189,189,189,0,0,4,188,0.25875021252217506,0.12613575154029313,0.38456348041368776,0.00032433075086573255,0.0005999400059994001,0.25161768650340866,0.1243576693579462,0.3815194385010477,0.0004783686413538331,0.0007999200079992001,-0.007132526018766405,-0.022708427672334122,0.009178419510932906,0.9724347046936043,formal,正式,金标准总分－对应金标准条目分；HAMD14金标准9视为无法评估且总分已不含该项,0.0007528658898816001,0.0009845169329220924,FDR显著,FDR显著,robust_cross_symptom
PHQ-8,DAIC-WOZ全量189人,GLM-5.2,思考,16,C16：事件序列｜规整｜逐条评分｜清洗,事件序列,规整,清洗,8,动作或语速改变,Spearman秩相关,189,189,189,0,0,4,188,0.24475571304771512,0.11381134165335002,0.3639561721539838,0.0006880744071316561,0.00039996000399960006,0.24855052862748933,0.11134709457428506,0.38071432079752315,0.0005634694208210314,0.0005999400059994001,0.003794815579774208,-0.009273971450189421,0.016673098041830346,1.0155045025610268,formal,正式,金标准总分－对应金标准条目分；HAMD14金标准9视为无法评估且总分已不含该项,0.000511948805119488,0.0007835951098767674,FDR显著,FDR显著,robust_cross_symptom
PHQ-8,DAIC-WOZ全量189人,Qwen3.7-Max,思考,3,C03：全文｜不规整｜逐条评分｜不清洗,全文,不规整,不清洗,1,兴趣或愉悦感降低,Spearman秩相关,189,189,189,0,0,4,189,0.3446805643565944,0.23321547149781974,0.44435310903657127,1.1929694763805303e-06,9.999000099990002e-05,0.33063591903794265,0.2229704367527188,0.4331517809262555,3.3729502302951984e-06,9.999000099990002e-05,-0.014044645318651738,-0.028674401020239326,-0.0011658764081158295,0.9592531556141888,formal,正式,金标准总分－对应金标准条目分；HAMD14金标准9视为无法评估且总分已不含该项,0.00015236571580937145,0.00015998400159984003,FDR显著,FDR显著,attenuated_but_significant
PHQ-8,DAIC-WOZ全量189人,Qwen3.7-Max,思考,3,C03：全文｜不规整｜逐条评分｜不清洗,全文,不规整,不清洗,2,情绪低落、抑郁或无望,Spearman秩相关,189,189,189,0,0,4,189,0.642015453534049,0.5527898370886385,0.7217258811528616,2.3919780656850708e-23,9.999000099990002e-05,0.6306441735447141,0.5393937644639375,0.7101361776170896,2.3655353992123206e-22,9.999000099990002e-05,-0.011371279989334848,-0.024276783129729085,0.0003284477667245221,0.9822881522138753,formal,正式,金标准总分－对应金标准条目分；HAMD14金标准9视为无法评估且总分已不含该项,0.00015236571580937145,0.00015998400159984003,FDR显著,FDR显著,robust_cross_symptom
PHQ-8,DAIC-WOZ全量189人,Qwen3.7-Max,思考,3,C03：全文｜不规整｜逐条评分｜不清洗,全文,不规整,不清洗,3,睡眠问题,Spearman秩相关,189,189,189,0,0,4,189,0.637430257563957,0.5418742447247666,0.7236450244529324,6.095984537693633e-23,9.999000099990002e-05,0.5955313078783031,0.48721409623648776,0.6878911900907575,1.5916054687727605e-19,9.999000099990002e-05,-0.041898949685653886,-0.0629942503652712,-0.024309948494327133,0.9342689663873542,formal,正式,金标准总分－对应金标准条目分；HAMD14金标准9视为无法评估且总分已不含该项,0.00015236571580937145,0.00015998400159984003,FDR显著,FDR显著,attenuated_but_significant
PHQ-8,DAIC-WOZ全量189人,Qwen3.7-Max,思考,3,C03：全文｜不规整｜逐条评分｜不清洗,全文,不规整,不清洗,4,疲劳或精力不足,Spearman秩相关,189,189,189,0,0,4,189,0.4670381089828643,0.35010778738726406,0.5681926916279213,1.249007506113642e-11,9.999000099990002e-05,0.4441858863838947,0.3278645906435157,0.5556552900598347,1.5298589164657112e-10,9.999000099990002e-05,-0.022852222598969574,-0.03888718489854983,-0.0074090936054090235,0.9510698973821684,formal,正式,金标准总分－对应金标准条目分；HAMD14金标准9视为无法评估且总分已不含该项,0.00015236571580937145,0.00015998400159984003,FDR显著,FDR显著,attenuated_but_significant
PHQ-8,DAIC-WOZ全量189人,Qwen3.7-Max,思考,3,C03：全文｜不规整｜逐条评分｜不清洗,全文,不规整,不清洗,5,食欲问题,Spearman秩相关,189,189,189,0,0,4,189,0.1509089440320269,-0.028950540199248507,0.28108952137886944,0.038192990872574974,0.0374962503749625,0.14334315001462664,-0.01567858320930665,0.27188859570708035,0.04909761445713042,0.0484951504849515,-0.0075657940174002625,-0.024742150782919546,0.008464437248514863,0.9498651715713112,formal,正式,金标准总分－对应金标准条目分；HAMD14金标准9视为无法评估且总分已不含该项,0.04243786147701019,0.05588012627308698,FDR显著,FDR不显著,overlap_dependent
PHQ-8,DAIC-WOZ全量189人,Qwen3.7-Max,思考,3,C03：全文｜不规整｜逐条评分｜不清洗,全文,不规整,不清洗,6,自我评价低或觉得让家人失望,Spearman秩相关,189,189,189,0,0,4,189,0.42908764614356,0.3052172267259484,0.5363757211984658,7.25251063076782e-10,9.999000099990002e-05,0.4042562458532373,0.2765369017415383,0.5058367538612218,7.980250970340025e-09,9.999000099990002e-05,-0.024831400290322714,-0.04189460718092005,-0.008541516191262656,0.9421297711236952,formal,正式,金标准总分－对应金标准条目分；HAMD14金标准9视为无法评估且总分已不含该项,0.00015236571580937145,0.00015998400159984003,FDR显著,FDR显著,attenuated_but_significant
PHQ-8,DAIC-WOZ全量189人,Qwen3.7-Max,思考,3,C03：全文｜不规整｜逐条评分｜不清洗,全文,不规整,不清洗,7,注意力困难,Spearman秩相关,189,189,189,0,0,3,189,0.28740401777299407,0.16478357752582987,0.3919304927517907,6.07519011206411e-05,0.00019998000199980003,0.2787555693179963,0.1587971686024411,0.38127012516296754,0.00010270746955980927,0.00019998000199980003,-0.008648448454997792,-0.02437161380321169,0.008065224676801621,0.9699083940370354,formal,正式,金标准总分－对应金标准条目分；HAMD14金标准9视为无法评估且总分已不含该项,0.0002908800029088,0.0003047314316187429,FDR显著,FDR显著,robust_cross_symptom
PHQ-8,DAIC-WOZ全量189人,Qwen3.7-Max,思考,3,C03：全文｜不规整｜逐条评分｜不清洗,全文,不规整,不清洗,8,动作或语速改变,Spearman秩相关,189,189,189,0,0,2,189,0.0708228120881636,-0.012562015615948309,0.17494689085491932,0.33283956186154395,0.34666533346665335,0.06462188606821208,-0.024621803966434354,0.16848576129979773,0.3770017019733415,0.3842615738426157,-0.006200926019951522,-0.019982567488542616,0.0077182973861889765,0.9124445099379517,formal,正式,金标准总分－对应金标准条目分；HAMD14金标准9视为无法评估且总分已不含该项,0.3637144482273084,0.4031596840315968,FDR不显著,FDR不显著,weak_both
PHQ-8,DAIC-WOZ全量189人,Qwen3.7-Max,思考,4,C04：全文｜不规整｜逐条评分｜清洗,全文,不规整,清洗,1,兴趣或愉悦感降低,Spearman秩相关,189,189,189,0,0,4,189,0.3895524447666308,0.2794807443655617,0.4915781600565425,3.018442719043168e-08,9.999000099990002e-05,0.37600974325979325,0.2613547704476369,0.48400642787375187,9.715974636603175e-08,9.999000099990002e-05,-0.013542701506837562,-0.02678273282200066,-0.002286329327817911,0.9652352290717863,formal,正式,金标准总分－对应金标准条目分；HAMD14金标准9视为无法评估且总分已不含该项,0.00015236571580937145,0.00015998400159984003,FDR显著,FDR显著,attenuated_but_significant
PHQ-8,DAIC-WOZ全量189人,Qwen3.7-Max,思考,4,C04：全文｜不规整｜逐条评分｜清洗,全文,不规整,清洗,2,情绪低落、抑郁或无望,Spearman秩相关,189,189,189,0,0,4,189,0.6834786141155809,0.5990738971942514,0.75308354975169,2.3239539352018994e-27,9.999000099990002e-05,0.6728732406746506,0.5903948818137625,0.7415919413402898,2.847848878609915e-26,9.999000099990002e-05,-0.010605373440930266,-0.022719002611291055,0.0015249630718192342,0.9844832402625302,formal,正式,金标准总分－对应金标准条目分；HAMD14金标准9视为无法评估且总分已不含该项,0.00015236571580937145,0.00015998400159984003,FDR显著,FDR显著,robust_cross_symptom
PHQ-8,DAIC-WOZ全量189人,Qwen3.7-Max,思考,4,C04：全文｜不规整｜逐条评分｜清洗,全文,不规整,清洗,3,睡眠问题,Spearman秩相关,189,189,189,0,0,4,189,0.6072891008517894,0.5055912950061339,0.6973473428511133,1.9670026030852292e-20,9.999000099990002e-05,0.5666083803851449,0.45718086584399925,0.6675267921817374,1.9255413809916387e-17,9.999000099990002e-05,-0.040680720466644504,-0.06153692880717328,-0.02148848929165451,0.9330125957973141,formal,正式,金标准总分－对应金标准条目分；HAMD14金标准9视为无法评估且总分已不含该项,0.00015236571580937145,0.00015998400159984003,FDR显著,FDR显著,attenuated_but_significant
PHQ-8,DAIC-WOZ全量189人,Qwen3.7-Max,思考,4,C04：全文｜不规整｜逐条评分｜清洗,全文,不规整,清洗,4,疲劳或精力不足,Spearman秩相关,189,189,189,0,0,4,189,0.5082940910254681,0.3967224770687699,0.6109089023137868,8.238718311882446e-14,9.999000099990002e-05,0.48706192816324284,0.36916893441790144,0.5965028405977713,1.187385149008622e-12,9.999000099990002e-05,-0.021232162862225235,-0.03724815733070072,-0.005890353835162845,0.9582285860939481,formal,正式,金标准总分－对应金标准条目分；HAMD14金标准9视为无法评估且总分已不含该项,0.00015236571580937145,0.00015998400159984003,FDR显著,FDR显著,attenuated_but_significant
PHQ-8,DAIC-WOZ全量189人,Qwen3.7-Max,思考,4,C04：全文｜不规整｜逐条评分｜清洗,全文,不规整,清洗,5,食欲问题,Spearman秩相关,189,189,189,0,0,4,189,0.17777399748544276,0.02998027679673713,0.3019764425536383,0.014393061847499453,0.013998600139986002,0.1661439978737517,0.02339685281251898,0.293781025591919,0.022321433526451342,0.020897910208979104,-0.011629999611691061,-0.02630976573346313,0.002565386543186996,0.9345798610809581,formal,正式,金标准总分－对应金标准条目分；HAMD14金标准9视为无法评估且总分已不含该项,0.017918208179182084,0.026224828497542405,FDR显著,FDR显著,robust_cross_symptom
PHQ-8,DAIC-WOZ全量189人,Qwen3.7-Max,思考,4,C04：全文｜不规整｜逐条评分｜清洗,全文,不规整,清洗,6,自我评价低或觉得让家人失望,Spearman秩相关,189,189,189,0,0,4,189,0.37903943344281404,0.25099274364701346,0.4987498562681532,7.514435600744781e-08,9.999000099990002e-05,0.37267847781589,0.24906550227295235,0.4959969510705954,1.284928575869123e-07,9.999000099990002e-05,-0.00636095562692407,-0.023286936917111818,0.008754177243438677,0.9832182219956707,formal,正式,金标准总分－对应金标准条目分；HAMD14金标准9视为无法评估且总分已不含该项,0.00015236571580937145,0.00015998400159984003,FDR显著,FDR显著,robust_cross_symptom
PHQ-8,DAIC-WOZ全量189人,Qwen3.7-Max,思考,4,C04：全文｜不规整｜逐条评分｜清洗,全文,不规整,清洗,7,注意力困难,Spearman秩相关,189,189,189,0,0,3,189,0.2938640839087199,0.16478524600635508,0.4061994043012032,4.058069484056159e-05,0.00019998000199980003,0.28439838856943345,0.15605724578095256,0.4042443325217473,7.305643522002548e-05,9.999000099990002e-05,-0.009465695339286428,-0.024669139115481582,0.004027693070426976,0.9677888661541004,formal,正式,金标准总分－对应金标准条目分；HAMD14金标准9视为无法评估且总分已不含该项,0.0002908800029088,0.00015998400159984003,FDR显著,FDR显著,robust_cross_symptom
PHQ-8,DAIC-WOZ全量189人,Qwen3.7-Max,思考,4,C04：全文｜不规整｜逐条评分｜清洗,全文,不规整,清洗,8,动作或语速改变,Spearman秩相关,189,189,189,0,0,2,189,0.03744997022697384,-0.1065744288059813,0.16101289079135242,0.6089197944298107,0.6183381661833817,0.023866345418505346,-0.11115228613476959,0.1442391281920434,0.7444411617557016,0.7532246775322468,-0.013583624808468496,-0.027022763931163075,0.00125490869168211,0.6372860985965562,formal,正式,金标准总分－对应金标准条目分；HAMD14金标准9视为无法评估且总分已不含该项,0.6382845586409102,0.7775222477752225,FDR不显著,FDR不显著,weak_both
PHQ-8,DAIC-WOZ全量189人,Qwen3.7-Max,思考,7,C07：全文｜规整｜逐条评分｜不清洗,全文,规整,不清洗,1,兴趣或愉悦感降低,Spearman秩相关,189,189,189,0,0,4,189,0.4343757387425129,0.3187357113853334,0.535109764984177,4.2417920795241487e-10,9.999000099990002e-05,0.4219765321166271,0.30769444746031216,0.5275932328361397,1.470489636637834e-09,9.999000099990002e-05,-0.012399206625885784,-0.02670862637496064,0.00024682872197429116,0.9714551124292056,formal,正式,金标准总分－对应金标准条目分；HAMD14金标准9视为无法评估且总分已不含该项,0.00015236571580937145,0.00015998400159984003,FDR显著,FDR显著,robust_cross_symptom
PHQ-8,DAIC-WOZ全量189人,Qwen3.7-Max,思考,7,C07：全文｜规整｜逐条评分｜不清洗,全文,规整,不清洗,2,情绪低落、抑郁或无望,Spearman秩相关,189,189,189,0,0,4,189,0.6118797396962075,0.5201575075435021,0.6945212977197149,8.491125374581587e-21,9.999000099990002e-05,0.6050695022970598,0.5101195195144501,0.6874671555720421,2.93831429275741e-20,9.999000099990002e-05,-0.006810237399147656,-0.019721497752758242,0.005744639201729034,0.9888699740205014,formal,正式,金标准总分－对应金标准条目分；HAMD14金标准9视为无法评估且总分已不含该项,0.00015236571580937145,0.00015998400159984003,FDR显著,FDR显著,robust_cross_symptom
PHQ-8,DAIC-WOZ全量189人,Qwen3.7-Max,思考,7,C07：全文｜规整｜逐条评分｜不清洗,全文,规整,不清洗,3,睡眠问题,Spearman秩相关,189,189,189,0,0,4,189,0.6075318114342066,0.501243822751691,0.6997382333734774,1.882189594109778e-20,9.999000099990002e-05,0.5640417124990382,0.45306856758921216,0.6606409285517694,2.881735557871007e-17,9.999000099990002e-05,-0.04349009893516842,-0.06399934960380307,-0.02570367616907883,0.9284151082846166,formal,正式,金标准总分－对应金标准条目分；HAMD14金标准9视为无法评估且总分已不含该项,0.00015236571580937145,0.00015998400159984003,FDR显著,FDR显著,attenuated_but_significant
PHQ-8,DAIC-WOZ全量189人,Qwen3.7-Max,思考,7,C07：全文｜规整｜逐条评分｜不清洗,全文,规整,不清洗,4,疲劳或精力不足,Spearman秩相关,189,189,189,0,0,4,189,0.4429879679696791,0.3190986053654194,0.555414294854506,1.7357768503242968e-10,9.999000099990002e-05,0.422499778037232,0.2992898562447701,0.5354338235541406,1.3967435899194962e-09,9.999000099990002e-05,-0.02048818993244711,-0.03718615096783138,-0.0033426841306456023,0.9537500080953678,formal,正式,金标准总分－对应金标准条目分；HAMD14金标准9视为无法评估且总分已不含该项,0.00015236571580937145,0.00015998400159984003,FDR显著,FDR显著,attenuated_but_significant
PHQ-8,DAIC-WOZ全量189人,Qwen3.7-Max,思考,7,C07：全文｜规整｜逐条评分｜不清洗,全文,规整,不清洗,5,食欲问题,Spearman秩相关,189,189,189,0,0,4,189,0.15032095061650147,0.0038643460985885955,0.2724588180988827,0.03896010404116913,0.035396460353964605,0.14224681501086983,0.0017380753535974206,0.2612436313363136,0.05087442161427892,0.04889511048895111,-0.008074135605631638,-0.02635251650774485,0.010752919118896333,0.9462873566690624,formal,正式,金标准总分－对应金标准条目分；HAMD14金标准9视为无法评估且总分已不含该项,0.041951360419513604,0.05588012627308698,FDR显著,FDR不显著,overlap_dependent
PHQ-8,DAIC-WOZ全量189人,Qwen3.7-Max,思考,7,C07：全文｜规整｜逐条评分｜不清洗,全文,规整,不清洗,6,自我评价低或觉得让家人失望,Spearman秩相关,189,189,189,0,0,4,189,0.4682831648406064,0.34417496765250943,0.5687536265185121,1.0837661843651343e-11,9.999000099990002e-05,0.44640783468455336,0.3222494902509925,0.5532535316911033,1.2088168609329848e-10,9.999000099990002e-05,-0.02187533015605303,-0.0384585857848832,-0.006390320142623325,0.9532861059322965,formal,正式,金标准总分－对应金标准条目分；HAMD14金标准9视为无法评估且总分已不含该项,0.00015236571580937145,0.00015998400159984003,FDR显著,FDR显著,attenuated_but_significant
PHQ-8,DAIC-WOZ全量189人,Qwen3.7-Max,思考,7,C07：全文｜规整｜逐条评分｜不清洗,全文,规整,不清洗,7,注意力困难,Spearman秩相关,189,189,189,0,0,4,189,0.24512061669110236,0.10625970556071584,0.3670115672233793,0.0006750722237394327,0.0008999100089991,0.2425900870290303,0.09778064232568208,0.3754221930076079,0.0007701103866319744,0.0006999300069993001,-0.0025305296620720674,-0.01808891727516587,0.013737556796539117,0.9896763899494386,formal,正式,金标准总分－对应金标准条目分；HAMD14金标准9视为无法评估且总分已不含该项,0.0012520487081726609,0.0009954560099545602,FDR显著,FDR显著,robust_cross_symptom
PHQ-8,DAIC-WOZ全量189人,Qwen3.7-Max,思考,7,C07：全文｜规整｜逐条评分｜不清洗,全文,规整,不清洗,8,动作或语速改变,Spearman秩相关,189,189,189,0,0,3,189,0.15147927456382448,0.04428883637577119,0.2562379927100145,0.03746113120340718,0.0370962903709629,0.15536779508959628,0.04618125637641939,0.25738498011340544,0.03278023600100073,0.033896610338966106,0.0038885205257717936,-0.0092244109437883,0.0163079796719969,1.0256703138892667,formal,正式,金标准总分－对应金标准条目分；HAMD14金标准9视为无法评估且总分已不含该项,0.04243786147701019,0.04093175588101568,FDR显著,FDR显著,robust_cross_symptom
PHQ-8,DAIC-WOZ全量189人,Qwen3.7-Max,思考,8,C08：全文｜规整｜逐条评分｜清洗,全文,规整,清洗,1,兴趣或愉悦感降低,Spearman秩相关,189,189,189,0,0,4,188,0.4643532057001987,0.34916068820452356,0.5658768361355855,1.6928666968494916e-11,9.999000099990002e-05,0.4475245703862931,0.3368803996775898,0.5552927392710162,1.0731748101508565e-10,9.999000099990002e-05,-0.016828635313905604,-0.03756430101055871,-0.00229445269201573,0.9637589767717234,formal,正式,金标准总分－对应金标准条目分；HAMD14金标准9视为无法评估且总分已不含该项,0.00015236571580937145,0.00015998400159984003,FDR显著,FDR显著,attenuated_but_significant
PHQ-8,DAIC-WOZ全量189人,Qwen3.7-Max,思考,8,C08：全文｜规整｜逐条评分｜清洗,全文,规整,清洗,2,情绪低落、抑郁或无望,Spearman秩相关,189,189,189,0,0,4,188,0.6305667395303447,0.5414623727276111,0.7017446476991323,2.4019568713284174e-22,9.999000099990002e-05,0.6234584862643363,0.5365189897277531,0.7000170565316227,9.590529769869642e-22,9.999000099990002e-05,-0.007108253266008391,-0.01877182694859806,0.005046055495486992,0.9887271991680012,formal,正式,金标准总分－对应金标准条目分；HAMD14金标准9视为无法评估且总分已不含该项,0.00015236571580937145,0.00015998400159984003,FDR显著,FDR显著,robust_cross_symptom
PHQ-8,DAIC-WOZ全量189人,Qwen3.7-Max,思考,8,C08：全文｜规整｜逐条评分｜清洗,全文,规整,清洗,3,睡眠问题,Spearman秩相关,189,189,189,0,0,4,188,0.6333358294046976,0.5408385086034921,0.7211973513733012,1.387071342008135e-22,9.999000099990002e-05,0.5882656741387021,0.48600031888154493,0.6759373303565408,5.554388796417188e-19,9.999000099990002e-05,-0.04507015526599545,-0.06505258258270043,-0.025921855276617698,0.9288368774140585,formal,正式,金标准总分－对应金标准条目分；HAMD14金标准9视为无法评估且总分已不含该项,0.00015236571580937145,0.00015998400159984003,FDR显著,FDR显著,attenuated_but_significant
PHQ-8,DAIC-WOZ全量189人,Qwen3.7-Max,思考,8,C08：全文｜规整｜逐条评分｜清洗,全文,规整,清洗,4,疲劳或精力不足,Spearman秩相关,189,189,189,0,0,4,188,0.409068191169167,0.28966549833565364,0.526102933344792,5.090479280812212e-09,9.999000099990002e-05,0.402461589949766,0.27818680225759507,0.512525139229744,9.419988323130791e-09,9.999000099990002e-05,-0.006606601219400987,-0.024042743318455063,0.010182451581788455,0.9838496334791553,formal,正式,金标准总分－对应金标准条目分；HAMD14金标准9视为无法评估且总分已不含该项,0.00015236571580937145,0.00015998400159984003,FDR显著,FDR显著,robust_cross_symptom
PHQ-8,DAIC-WOZ全量189人,Qwen3.7-Max,思考,8,C08：全文｜规整｜逐条评分｜清洗,全文,规整,清洗,5,食欲问题,Spearman秩相关,189,189,189,0,0,4,188,0.16917130132635225,0.031114246035578785,0.29417840548289637,0.019960452860156293,0.019998000199980003,0.15708210044256632,0.015175631284487949,0.27972506387705365,0.03088008314553224,0.029597040295970403,-0.012089200883785928,-0.027810232918355313,0.003283843144742182,0.9285387013695404,formal,正式,金标准总分－对应金标准条目分；HAMD14金标准9视为无法评估且总分已不含该项,0.024612923323052312,0.03642712651811742,FDR显著,FDR显著,robust_cross_symptom
PHQ-8,DAIC-WOZ全量189人,Qwen3.7-Max,思考,8,C08：全文｜规整｜逐条评分｜清洗,全文,规整,清洗,6,自我评价低或觉得让家人失望,Spearman秩相关,189,189,189,0,0,4,188,0.36429973068862037,0.22831676301903717,0.48502078187785136,2.559974764476976e-07,9.999000099990002e-05,0.36897595872533834,0.23315902350789375,0.4926474872453919,1.7466661686820797e-07,9.999000099990002e-05,0.0046762280367179665,-0.012009635058220721,0.02197828985418524,1.0128362105233477,formal,正式,金标准总分－对应金标准条目分；HAMD14金标准9视为无法评估且总分已不含该项,0.00015236571580937145,0.00015998400159984003,FDR显著,FDR显著,robust_cross_symptom
PHQ-8,DAIC-WOZ全量189人,Qwen3.7-Max,思考,8,C08：全文｜规整｜逐条评分｜清洗,全文,规整,清洗,7,注意力困难,Spearman秩相关,189,189,189,0,0,4,188,0.3458160668788541,0.21296169186900482,0.46634318519909895,1.0943642729230767e-06,9.999000099990002e-05,0.344511488401585,0.20469692961906885,0.46269541945247544,1.2083580134637327e-06,9.999000099990002e-05,-0.0013045784772690583,-0.016412249014441497,0.011652441732098088,0.9962275365368548,formal,正式,金标准总分－对应金标准条目分；HAMD14金标准9视为无法评估且总分已不含该项,0.00015236571580937145,0.00015998400159984003,FDR显著,FDR显著,robust_cross_symptom
PHQ-8,DAIC-WOZ全量189人,Qwen3.7-Max,思考,8,C08：全文｜规整｜逐条评分｜清洗,全文,规整,清洗,8,动作或语速改变,Spearman秩相关,189,189,189,0,0,4,188,0.15071801407568555,0.0071856464215343556,0.273866449693196,0.03844067472928644,0.0377962203779622,0.14733046744997502,0.010454460657538807,0.2708741133681229,0.04306533338811581,0.0430956904309569,-0.0033875466257105302,-0.016469513679686063,0.008562925449600951,0.9775239433289679,formal,正式,金标准总分－对应金标准条目分；HAMD14金标准9视为无法评估且总分已不含该项,0.04243786147701019,0.05107637384409707,FDR显著,FDR不显著,overlap_dependent
PHQ-8,DAIC-WOZ全量189人,Qwen3.7-Max,思考,11,C11：事件序列｜不规整｜逐条评分｜不清洗,事件序列,不规整,不清洗,1,兴趣或愉悦感降低,Spearman秩相关,189,189,189,0,0,4,189,0.29252607694818994,0.17064554950680264,0.390798018166082,4.4153247243945155e-05,9.999000099990002e-05,0.2800581008014132,0.15709753350501152,0.38683414625483187,9.500203306842182e-05,0.00019998000199980003,-0.01246797614677675,-0.02750777659606797,0.0008633176727997786,0.9573782403372367,formal,正式,金标准总分－对应金标准条目分；HAMD14金标准9视为无法评估且总分已不含该项,0.00015236571580937145,0.0003047314316187429,FDR显著,FDR显著,robust_cross_symptom
PHQ-8,DAIC-WOZ全量189人,Qwen3.7-Max,思考,11,C11：事件序列｜不规整｜逐条评分｜不清洗,事件序列,不规整,不清洗,2,情绪低落、抑郁或无望,Spearman秩相关,189,189,189,0,0,4,189,0.6776672634173468,0.594244401718989,0.7467745183348381,9.294257331109575e-27,9.999000099990002e-05,0.6678537429236353,0.5812765624147082,0.737165016866645,8.995250751597949e-26,9.999000099990002e-05,-0.009813520493711536,-0.022332031872864932,0.0021327115996314988,0.9855186740994042,formal,正式,金标准总分－对应金标准条目分；HAMD14金标准9视为无法评估且总分已不含该项,0.00015236571580937145,0.00015998400159984003,FDR显著,FDR显著,robust_cross_symptom
PHQ-8,DAIC-WOZ全量189人,Qwen3.7-Max,思考,11,C11：事件序列｜不规整｜逐条评分｜不清洗,事件序列,不规整,不清洗,3,睡眠问题,Spearman秩相关,189,189,189,0,0,4,189,0.6199387409292874,0.5177048347707892,0.7110451322449433,1.878940427422858e-21,9.999000099990002e-05,0.5742457629557637,0.46292008387811256,0.6749041353636787,5.6811303811415804e-18,9.999000099990002e-05,-0.045692977973523674,-0.06713587281019076,-0.02660782810899667,0.9262943659481098,formal,正式,金标准总分－对应金标准条目分；HAMD14金标准9视为无法评估且总分已不含该项,0.00015236571580937145,0.00015998400159984003,FDR显著,FDR显著,attenuated_but_significant
PHQ-8,DAIC-WOZ全量189人,Qwen3.7-Max,思考,11,C11：事件序列｜不规整｜逐条评分｜不清洗,事件序列,不规整,不清洗,4,疲劳或精力不足,Spearman秩相关,189,189,189,0,0,4,189,0.44744564900497624,0.31931921211262787,0.5502024702274119,1.0822550972333324e-10,9.999000099990002e-05,0.4255099263069589,0.298919441665358,0.5386474772540537,1.0371055873892862e-09,9.999000099990002e-05,-0.021935722698017357,-0.03839467343594145,-0.006355145673316646,0.9509756710188204,formal,正式,金标准总分－对应金标准条目分；HAMD14金标准9视为无法评估且总分已不含该项,0.00015236571580937145,0.00015998400159984003,FDR显著,FDR显著,attenuated_but_significant
PHQ-8,DAIC-WOZ全量189人,Qwen3.7-Max,思考,11,C11：事件序列｜不规整｜逐条评分｜不清洗,事件序列,不规整,不清洗,5,食欲问题,Spearman秩相关,189,189,189,0,0,4,189,0.08559255683117314,-0.06412575791367231,0.21902941775934773,0.2415797907694223,0.24947505249475052,0.07410328653557556,-0.07566922544524632,0.20773351312865637,0.3108751400776286,0.31786821317868214,-0.011489270295597584,-0.029930384745445904,0.007185342208891367,0.8657678807485613,formal,正式,金标准总分－对应金标准条目分；HAMD14金标准9视为无法评估且总分已不含该项,0.2661067226610672,0.3390594273905943,FDR不显著,FDR不显著,weak_both
PHQ-8,DAIC-WOZ全量189人,Qwen3.7-Max,思考,11,C11：事件序列｜不规整｜逐条评分｜不清洗,事件序列,不规整,不清洗,6,自我评价低或觉得让家人失望,Spearman秩相关,189,189,189,0,0,4,189,0.4270395928614781,0.3182686551557137,0.5333041916827927,8.904940791050921e-10,9.999000099990002e-05,0.4093122425516994,0.28991644682394296,0.5150980460010652,4.974769482918598e-09,9.999000099990002e-05,-0.017727350309778678,-0.03318723344334705,-0.0026256617693796677,0.9584878062687526,formal,正式,金标准总分－对应金标准条目分；HAMD14金标准9视为无法评估且总分已不含该项,0.00015236571580937145,0.00015998400159984003,FDR显著,FDR显著,attenuated_but_significant
PHQ-8,DAIC-WOZ全量189人,Qwen3.7-Max,思考,11,C11：事件序列｜不规整｜逐条评分｜不清洗,事件序列,不规整,不清洗,7,注意力困难,Spearman秩相关,189,189,189,0,0,3,189,0.237909170087135,0.12713833351534862,0.34041094102307534,0.0009790678809628035,0.0006999300069993001,0.23071368348126592,0.10700969331665108,0.33560020731484763,0.001403412674052256,0.00029997000299970003,-0.007195486605869078,-0.02499450505939074,0.009528520789727025,0.9697553204727934,formal,正式,金标准总分－对应金标准条目分；HAMD14金标准9视为无法评估且总分已不含该项,0.0009954560099545602,0.0004464669812088559,FDR显著,FDR显著,robust_cross_symptom
PHQ-8,DAIC-WOZ全量189人,Qwen3.7-Max,思考,11,C11：事件序列｜不规整｜逐条评分｜不清洗,事件序列,不规整,不清洗,8,动作或语速改变,Spearman秩相关,189,189,189,0,0,2,189,0.01824722294435052,-0.14378277056050637,0.15847964836088851,0.8031949341828479,0.8175182481751825,0.0125076150074357,-0.14549444967870487,0.15674043799927687,0.8643674737007366,0.869013098690131,-0.005739607936914819,-0.018819575661704748,0.005449855106695954,0.6854530711649004,formal,正式,金标准总分－对应金标准条目分；HAMD14金标准9视为无法评估且总分已不含该项,0.8304947283049473,0.8828069573994981,FDR不显著,FDR不显著,weak_both
PHQ-8,DAIC-WOZ全量189人,Qwen3.7-Max,思考,12,C12：事件序列｜不规整｜逐条评分｜清洗,事件序列,不规整,清洗,1,兴趣或愉悦感降低,Spearman秩相关,189,189,189,0,0,4,189,0.39584419330892046,0.2866317514123929,0.49363891044221764,1.7218603157605478e-08,9.999000099990002e-05,0.3725640279540126,0.25280237274306194,0.4783098498381692,1.2972552305234854e-07,9.999000099990002e-05,-0.023280165354907845,-0.047170203690852425,-0.004340761686515863,0.9411885642168817,formal,正式,金标准总分－对应金标准条目分；HAMD14金标准9视为无法评估且总分已不含该项,0.00015236571580937145,0.00015998400159984003,FDR显著,FDR显著,attenuated_but_significant
PHQ-8,DAIC-WOZ全量189人,Qwen3.7-Max,思考,12,C12：事件序列｜不规整｜逐条评分｜清洗,事件序列,不规整,清洗,2,情绪低落、抑郁或无望,Spearman秩相关,189,189,189,0,0,4,189,0.6866563268221942,0.6028625306455794,0.7577665480069555,1.0742472953796784e-27,9.999000099990002e-05,0.6779385746968796,0.5927156527555567,0.7482174550966135,8.718016333894782e-27,9.999000099990002e-05,-0.00871775212531467,-0.0210788613795665,0.0030311995457563876,0.9873040533018025,formal,正式,金标准总分－对应金标准条目分；HAMD14金标准9视为无法评估且总分已不含该项,0.00015236571580937145,0.00015998400159984003,FDR显著,FDR显著,robust_cross_symptom
PHQ-8,DAIC-WOZ全量189人,Qwen3.7-Max,思考,12,C12：事件序列｜不规整｜逐条评分｜清洗,事件序列,不规整,清洗,3,睡眠问题,Spearman秩相关,189,189,189,0,0,4,189,0.5967217313512805,0.4910093223885897,0.6873959159228213,1.2929732324593282e-19,9.999000099990002e-05,0.5541995268606218,0.44649832220163377,0.6526297110528005,1.3099531116540947e-16,9.999000099990002e-05,-0.04252220449065869,-0.06339977498961312,-0.023139629475025108,0.928740311846249,formal,正式,金标准总分－对应金标准条目分；HAMD14金标准9视为无法评估且总分已不含该项,0.00015236571580937145,0.00015998400159984003,FDR显著,FDR显著,attenuated_but_significant
PHQ-8,DAIC-WOZ全量189人,Qwen3.7-Max,思考,12,C12：事件序列｜不规整｜逐条评分｜清洗,事件序列,不规整,清洗,4,疲劳或精力不足,Spearman秩相关,189,189,189,0,0,4,189,0.4447347738767791,0.32118824362682014,0.5497076755356459,1.4436140420777124e-10,9.999000099990002e-05,0.42316539238396506,0.30323472542223795,0.532336719160109,1.3080858392093583e-09,9.999000099990002e-05,-0.021569381492814066,-0.03827337391824867,-0.0049353776653454215,0.9515005734658604,formal,正式,金标准总分－对应金标准条目分；HAMD14金标准9视为无法评估且总分已不含该项,0.00015236571580937145,0.00015998400159984003,FDR显著,FDR显著,attenuated_but_significant
PHQ-8,DAIC-WOZ全量189人,Qwen3.7-Max,思考,12,C12：事件序列｜不规整｜逐条评分｜清洗,事件序列,不规整,清洗,5,食欲问题,Spearman秩相关,189,189,189,0,0,4,189,0.143478506781259,-0.0201530752486646,0.27655570596777435,0.048881871371358625,0.045995400459954004,0.13132472175409757,-0.01979865762714074,0.2547725383046927,0.07166373648636777,0.07189281071892811,-0.01215378502716144,-0.028649316390604952,0.0036365914981902944,0.9152919465095175,formal,正式,金标准总分－对应金标准条目分；HAMD14金标准9视为无法评估且总分已不含该项,0.05075354533512166,0.0793299980346793,FDR不显著,FDR不显著,weak_both
PHQ-8,DAIC-WOZ全量189人,Qwen3.7-Max,思考,12,C12：事件序列｜不规整｜逐条评分｜清洗,事件序列,不规整,清洗,6,自我评价低或觉得让家人失望,Spearman秩相关,189,189,189,0,0,4,189,0.34194735222461364,0.21827374225335636,0.4657259398533817,1.4662663079106488e-06,9.999000099990002e-05,0.33516519178350956,0.19615347430408056,0.4576308629818257,2.425815680756497e-06,9.999000099990002e-05,-0.006782160441104079,-0.024623322247534954,0.00837669675056421,0.9801660682646576,formal,正式,金标准总分－对应金标准条目分；HAMD14金标准9视为无法评估且总分已不含该项,0.00015236571580937145,0.00015998400159984003,FDR显著,FDR显著,robust_cross_symptom
PHQ-8,DAIC-WOZ全量189人,Qwen3.7-Max,思考,12,C12：事件序列｜不规整｜逐条评分｜清洗,事件序列,不规整,清洗,7,注意力困难,Spearman秩相关,189,189,189,0,0,3,189,0.26024746182546543,0.12453983299013728,0.37962026965969886,0.0002985023303892562,9.999000099990002e-05,0.2537942216477829,0.11657646741296535,0.3779877320142062,0.00042537157308939063,0.00039996000399960006,-0.006453240177682507,-0.023213911529698775,0.008471102311382329,0.9752034462414455,formal,正式,金标准总分－对应金标准条目分；HAMD14金标准9视为无法评估且总分已不含该项,0.00015236571580937145,0.0005817600058176,FDR显著,FDR显著,robust_cross_symptom
PHQ-8,DAIC-WOZ全量189人,Qwen3.7-Max,思考,12,C12：事件序列｜不规整｜逐条评分｜清洗,事件序列,不规整,清洗,8,动作或语速改变,Spearman秩相关,189,189,189,0,0,2,189,0.00848560860012928,-0.127226820525186,0.1336748050217856,0.9077428821483952,0.9144085591440856,0.00454763903985149,-0.13663033800419164,0.13414759087946562,0.9504790028949731,0.9524047595240476,-0.00393796956027779,-0.01640550455629363,0.007304912343555361,0.5359237332466885,formal,正式,金标准总分－对应金标准条目分；HAMD14金标准9视为无法评估且总分已不含该项,0.9144085591440856,0.9524047595240476,FDR不显著,FDR不显著,weak_both
PHQ-8,DAIC-WOZ全量189人,Qwen3.7-Max,思考,15,C15：事件序列｜规整｜逐条评分｜不清洗,事件序列,规整,不清洗,1,兴趣或愉悦感降低,Spearman秩相关,189,189,189,0,0,4,189,0.368968787353482,0.24691163454833187,0.4785046311214132,1.7476986098326442e-07,9.999000099990002e-05,0.3609322828190767,0.23450268696193285,0.47443461138121307,3.358707956334075e-07,9.999000099990002e-05,-0.008036504534405298,-0.021720686859671788,0.005171800360879385,0.978219012529355,formal,正式,金标准总分－对应金标准条目分；HAMD14金标准9视为无法评估且总分已不含该项,0.00015236571580937145,0.00015998400159984003,FDR显著,FDR显著,robust_cross_symptom
PHQ-8,DAIC-WOZ全量189人,Qwen3.7-Max,思考,15,C15：事件序列｜规整｜逐条评分｜不清洗,事件序列,规整,不清洗,2,情绪低落、抑郁或无望,Spearman秩相关,189,189,189,0,0,4,189,0.6124050822948571,0.5143446073070184,0.6968234618368588,7.706096962555177e-21,9.999000099990002e-05,0.6000286772115991,0.4957112827036701,0.6871044975673547,7.226317206121622e-20,9.999000099990002e-05,-0.01237640508325799,-0.02538337303685793,-6.213578333705474e-05,0.9797904925333407,formal,正式,金标准总分－对应金标准条目分；HAMD14金标准9视为无法评估且总分已不含该项,0.00015236571580937145,0.00015998400159984003,FDR显著,FDR显著,attenuated_but_significant
PHQ-8,DAIC-WOZ全量189人,Qwen3.7-Max,思考,15,C15：事件序列｜规整｜逐条评分｜不清洗,事件序列,规整,不清洗,3,睡眠问题,Spearman秩相关,189,189,189,0,0,4,189,0.5780759179273276,0.4671619870042087,0.672978756511661,3.0433729735936285e-18,9.999000099990002e-05,0.5328189152323477,0.41823010667809835,0.6373507781810546,2.9751446153531064e-15,9.999000099990002e-05,-0.0452570026949799,-0.06641457483749257,-0.02445547464526303,0.9217109703216017,formal,正式,金标准总分－对应金标准条目分；HAMD14金标准9视为无法评估且总分已不含该项,0.00015236571580937145,0.00015998400159984003,FDR显著,FDR显著,attenuated_but_significant
PHQ-8,DAIC-WOZ全量189人,Qwen3.7-Max,思考,15,C15：事件序列｜规整｜逐条评分｜不清洗,事件序列,规整,不清洗,4,疲劳或精力不足,Spearman秩相关,189,189,189,0,0,4,189,0.42838188176446096,0.30670117121813645,0.5449730539183854,7.785283884572731e-10,9.999000099990002e-05,0.4085282676198406,0.2826301720064277,0.5323419458235946,5.355770439758083e-09,9.999000099990002e-05,-0.019853614144620335,-0.03746378164074455,-0.003536023405472632,0.9536544027892931,formal,正式,金标准总分－对应金标准条目分；HAMD14金标准9视为无法评估且总分已不含该项,0.00015236571580937145,0.00015998400159984003,FDR显著,FDR显著,attenuated_but_significant
PHQ-8,DAIC-WOZ全量189人,Qwen3.7-Max,思考,15,C15：事件序列｜规整｜逐条评分｜不清洗,事件序列,规整,不清洗,5,食欲问题,Spearman秩相关,189,189,189,0,0,3,189,0.1565652416694564,0.00964984354699614,0.2880566159577976,0.03144284015743229,0.0336966303369663,0.14101379836674832,-0.010866227988932041,0.27595858747347785,0.05293624263291677,0.051994800519948,-0.015551443302708079,-0.03196222677699144,0.0019455313239611948,0.9006711634275724,formal,正式,金标准总分－对应金标准条目分；HAMD14金标准9视为无法评估且总分已不含该项,0.040690270595581945,0.05838012689959074,FDR显著,FDR不显著,overlap_dependent
PHQ-8,DAIC-WOZ全量189人,Qwen3.7-Max,思考,15,C15：事件序列｜规整｜逐条评分｜不清洗,事件序列,规整,不清洗,6,自我评价低或觉得让家人失望,Spearman秩相关,189,189,189,0,0,4,189,0.3661415862578991,0.23087307569203605,0.4948264362515562,2.2037180249809765e-07,9.999000099990002e-05,0.36036192652211413,0.2226401800348556,0.4842498005191479,3.5157179418635647e-07,9.999000099990002e-05,-0.005779659735784981,-0.021110731987675588,0.009826064079782683,0.9842146864690918,formal,正式,金标准总分－对应金标准条目分；HAMD14金标准9视为无法评估且总分已不含该项,0.00015236571580937145,0.00015998400159984003,FDR显著,FDR显著,robust_cross_symptom
PHQ-8,DAIC-WOZ全量189人,Qwen3.7-Max,思考,15,C15：事件序列｜规整｜逐条评分｜不清洗,事件序列,规整,不清洗,7,注意力困难,Spearman秩相关,189,189,189,0,0,3,189,0.22712864525590373,0.09551312084378485,0.35102223758854073,0.0016724407706862345,0.0012998700129987,0.22041146454576216,0.08510210828474711,0.35437057215026146,0.002306581253305471,0.0018998100189981002,-0.006717180710141574,-0.022320946614504098,0.009603736556641772,0.9704256558983417,formal,正式,金标准总分－对应金标准条目分；HAMD14金标准9视为无法评估且总分已不含该项,0.0017331600173316,0.0025330800253308004,FDR显著,FDR显著,robust_cross_symptom
PHQ-8,DAIC-WOZ全量189人,Qwen3.7-Max,思考,15,C15：事件序列｜规整｜逐条评分｜不清洗,事件序列,规整,不清洗,8,动作或语速改变,Spearman秩相关,189,189,189,0,0,4,189,0.1752908316646997,0.05381210915070679,0.29764239741175097,0.015840341906835406,0.015298470152984701,0.169034147842403,0.04080179024322804,0.29176665737410373,0.020062544007217954,0.019998000199980003,-0.006256683822296688,-0.02072344146702696,0.006361754766376784,0.9643068393088315,formal,正式,金标准总分－对应金标准条目分；HAMD14金标准9视为无法评估且总分已不含该项,0.019198080191980802,0.025597440255974404,FDR显著,FDR显著,robust_cross_symptom
PHQ-8,DAIC-WOZ全量189人,Qwen3.7-Max,思考,16,C16：事件序列｜规整｜逐条评分｜清洗,事件序列,规整,清洗,1,兴趣或愉悦感降低,Spearman秩相关,189,189,189,0,0,4,189,0.40595246803970586,0.28701660832909004,0.5107373484474763,6.81617323895925e-09,9.999000099990002e-05,0.38703278619990744,0.26038858845995605,0.49659671969746794,3.7669531230443306e-08,9.999000099990002e-05,-0.01891968183979842,-0.03992741025874714,-0.003483949268054218,0.9533943421229603,formal,正式,金标准总分－对应金标准条目分；HAMD14金标准9视为无法评估且总分已不含该项,0.00015236571580937145,0.00015998400159984003,FDR显著,FDR显著,attenuated_but_significant
PHQ-8,DAIC-WOZ全量189人,Qwen3.7-Max,思考,16,C16：事件序列｜规整｜逐条评分｜清洗,事件序列,规整,清洗,2,情绪低落、抑郁或无望,Spearman秩相关,189,189,189,0,0,4,189,0.5819699332047642,0.4832728397895431,0.6724209333151463,1.5999176246491384e-18,9.999000099990002e-05,0.5711056857659251,0.47121184605046873,0.6647286854537359,9.420059525993163e-18,9.999000099990002e-05,-0.01086424743883907,-0.02342201208647363,0.0018141278522605607,0.9813319437672452,formal,正式,金标准总分－对应金标准条目分；HAMD14金标准9视为无法评估且总分已不含该项,0.00015236571580937145,0.00015998400159984003,FDR显著,FDR显著,robust_cross_symptom
PHQ-8,DAIC-WOZ全量189人,Qwen3.7-Max,思考,16,C16：事件序列｜规整｜逐条评分｜清洗,事件序列,规整,清洗,3,睡眠问题,Spearman秩相关,189,189,189,0,0,4,189,0.6090922243828395,0.5068358213801014,0.7021142478268747,1.4164715731743578e-20,9.999000099990002e-05,0.5710159986115386,0.46825876732915017,0.6670254345269343,9.556350990108091e-18,9.999000099990002e-05,-0.038076225771300876,-0.05778570649743255,-0.01937960697913003,0.9374869285026887,formal,正式,金标准总分－对应金标准条目分；HAMD14金标准9视为无法评估且总分已不含该项,0.00015236571580937145,0.00015998400159984003,FDR显著,FDR显著,attenuated_but_significant
PHQ-8,DAIC-WOZ全量189人,Qwen3.7-Max,思考,16,C16：事件序列｜规整｜逐条评分｜清洗,事件序列,规整,清洗,4,疲劳或精力不足,Spearman秩相关,189,189,189,0,0,4,189,0.4494786432042489,0.32968033041237144,0.5605794164858108,8.705040466641553e-11,9.999000099990002e-05,0.4314116674827866,0.3113917578189166,0.5411169357245529,5.736013644988245e-10,9.999000099990002e-05,-0.01806697572146232,-0.03457541422547083,-0.0015304174021855469,0.9598045958476108,formal,正式,金标准总分－对应金标准条目分；HAMD14金标准9视为无法评估且总分已不含该项,0.00015236571580937145,0.00015998400159984003,FDR显著,FDR显著,attenuated_but_significant
PHQ-8,DAIC-WOZ全量189人,Qwen3.7-Max,思考,16,C16：事件序列｜规整｜逐条评分｜清洗,事件序列,规整,清洗,5,食欲问题,Spearman秩相关,189,189,189,0,0,3,189,0.1406730210842068,-0.0019686595603598794,0.2729287192647408,0.05351814565446303,0.05679432056794321,0.12442751518035348,-0.015622362708146018,0.2515197208172196,0.08802983095070252,0.08689131086891311,-0.016245505903853305,-0.032323151149852666,0.0008602002212204522,0.884515838370111,formal,正式,金标准总分－对应金标准条目分；HAMD14金标准9视为无法评估且总分已不含该项,0.06160739858217568,0.09425498128153287,FDR不显著,FDR不显著,weak_both
PHQ-8,DAIC-WOZ全量189人,Qwen3.7-Max,思考,16,C16：事件序列｜规整｜逐条评分｜清洗,事件序列,规整,清洗,6,自我评价低或觉得让家人失望,Spearman秩相关,189,189,189,0,0,4,189,0.24018140534573298,0.10725508763057398,0.37109690431955644,0.0008718733343318825,0.0012998700129987,0.23594943492702722,0.10145482393702844,0.36485844076697804,0.001081104324441372,0.0010998900109989002,-0.004231970418705766,-0.020280440263036756,0.01201458914529468,0.9823801080162139,formal,正式,金标准总分－对应金标准条目分；HAMD14金标准9视为无法评估且总分已不含该项,0.0017331600173316,0.0014977225681687151,FDR显著,FDR显著,robust_cross_symptom
PHQ-8,DAIC-WOZ全量189人,Qwen3.7-Max,思考,16,C16：事件序列｜规整｜逐条评分｜清洗,事件序列,规整,清洗,7,注意力困难,Spearman秩相关,189,189,189,0,0,4,189,0.2546152084023398,0.1292118862540842,0.3726186931352907,0.00040683453791399353,9.999000099990002e-05,0.23952570716950272,0.1135655636357635,0.36219067713966774,0.000901641928548357,0.0008999100089991,-0.015089501232837088,-0.03190910025317322,0.0005696179498649737,0.9407360568619576,formal,正式,金标准总分－对应金标准条目分；HAMD14金标准9视为无法评估且总分已不含该项,0.00015236571580937145,0.0012520487081726609,FDR显著,FDR显著,robust_cross_symptom
PHQ-8,DAIC-WOZ全量189人,Qwen3.7-Max,思考,16,C16：事件序列｜规整｜逐条评分｜清洗,事件序列,规整,清洗,8,动作或语速改变,Spearman秩相关,189,189,189,0,0,4,189,0.1845698581938819,0.0607213481684618,0.2937713632388445,0.011007372308365024,0.0112988701129887,0.1800052620709823,0.05568440138510289,0.2958648885165555,0.013192660190266632,0.014498550144985502,-0.004564596122899611,-0.0188556052918878,0.008812159942951496,0.9752690056352282,formal,正式,金标准总分－对应金标准条目分；HAMD14金标准9视为无法评估且总分已不含该项,0.014757707902679119,0.01893688182202188,FDR显著,FDR显著,robust_cross_symptom
