scale,cohort,model,thinking_mode,condition_id,condition_full_name,scope,structure,task,cleaning,pathway,item_id,item_name,method,n,n_unique_predicted,rho,p_value,ci_low,ci_high,predicted_mean,predicted_zero_rate,predicted_positive_rate,gold_total_mean,estimability
HAMD-17,PDCH共同24人验证,GLM-5.2,不思考,3,03_全文_不规整_评分_不清洗,全文,不规整,逐条评分,不清洗,逐条评分,1,抑郁情绪,Spearman,1,1,,,,,0.0,1.0,0.0,3.0,不可估计
HAMD-17,PDCH共同24人验证,GLM-5.2,不思考,3,03_全文_不规整_评分_不清洗,全文,不规整,逐条评分,不清洗,逐条评分,2,有罪感,Spearman,1,1,,,,,0.0,1.0,0.0,3.0,不可估计
HAMD-17,PDCH共同24人验证,GLM-5.2,不思考,3,03_全文_不规整_评分_不清洗,全文,不规整,逐条评分,不清洗,逐条评分,3,自杀,Spearman,1,1,,,,,0.0,1.0,0.0,3.0,不可估计
HAMD-17,PDCH共同24人验证,GLM-5.2,不思考,3,03_全文_不规整_评分_不清洗,全文,不规整,逐条评分,不清洗,逐条评分,4,入睡困难,Spearman,1,1,,,,,0.0,1.0,0.0,3.0,不可估计
HAMD-17,PDCH共同24人验证,GLM-5.2,不思考,3,03_全文_不规整_评分_不清洗,全文,不规整,逐条评分,不清洗,逐条评分,5,睡眠不深,Spearman,1,1,,,,,0.0,1.0,0.0,3.0,不可估计
HAMD-17,PDCH共同24人验证,GLM-5.2,不思考,3,03_全文_不规整_评分_不清洗,全文,不规整,逐条评分,不清洗,逐条评分,6,早醒,Spearman,1,1,,,,,1.0,0.0,1.0,3.0,不可估计
HAMD-17,PDCH共同24人验证,GLM-5.2,不思考,3,03_全文_不规整_评分_不清洗,全文,不规整,逐条评分,不清洗,逐条评分,7,工作和活动,Spearman,1,1,,,,,0.0,1.0,0.0,3.0,不可估计
HAMD-17,PDCH共同24人验证,GLM-5.2,不思考,3,03_全文_不规整_评分_不清洗,全文,不规整,逐条评分,不清洗,逐条评分,8,迟滞,Spearman,1,1,,,,,0.0,1.0,0.0,3.0,不可估计
HAMD-17,PDCH共同24人验证,GLM-5.2,不思考,3,03_全文_不规整_评分_不清洗,全文,不规整,逐条评分,不清洗,逐条评分,9,激越,Spearman,1,1,,,,,0.0,1.0,0.0,3.0,不可估计
HAMD-17,PDCH共同24人验证,GLM-5.2,不思考,3,03_全文_不规整_评分_不清洗,全文,不规整,逐条评分,不清洗,逐条评分,10,精神性焦虑,Spearman,1,1,,,,,0.0,1.0,0.0,3.0,不可估计
HAMD-17,PDCH共同24人验证,GLM-5.2,不思考,3,03_全文_不规整_评分_不清洗,全文,不规整,逐条评分,不清洗,逐条评分,11,躯体性焦虑,Spearman,1,1,,,,,1.0,0.0,1.0,3.0,不可估计
HAMD-17,PDCH共同24人验证,GLM-5.2,不思考,3,03_全文_不规整_评分_不清洗,全文,不规整,逐条评分,不清洗,逐条评分,12,胃肠道症状,Spearman,1,1,,,,,0.0,1.0,0.0,3.0,不可估计
HAMD-17,PDCH共同24人验证,GLM-5.2,不思考,3,03_全文_不规整_评分_不清洗,全文,不规整,逐条评分,不清洗,逐条评分,13,全身症状,Spearman,1,1,,,,,1.0,0.0,1.0,3.0,不可估计
HAMD-17,PDCH共同24人验证,GLM-5.2,不思考,3,03_全文_不规整_评分_不清洗,全文,不规整,逐条评分,不清洗,逐条评分,14,性症状,Spearman,1,1,,,,,0.0,1.0,0.0,3.0,不可估计
HAMD-17,PDCH共同24人验证,GLM-5.2,不思考,3,03_全文_不规整_评分_不清洗,全文,不规整,逐条评分,不清洗,逐条评分,15,疑病,Spearman,1,1,,,,,1.0,0.0,1.0,3.0,不可估计
HAMD-17,PDCH共同24人验证,GLM-5.2,不思考,3,03_全文_不规整_评分_不清洗,全文,不规整,逐条评分,不清洗,逐条评分,16,体重减轻,Spearman,1,1,,,,,0.0,1.0,0.0,3.0,不可估计
HAMD-17,PDCH共同24人验证,GLM-5.2,不思考,3,03_全文_不规整_评分_不清洗,全文,不规整,逐条评分,不清洗,逐条评分,17,自知力,Spearman,1,1,,,,,0.0,1.0,0.0,3.0,不可估计
HAMD-17,PDCH共同24人验证,GLM-5.2,不思考,4,04_全文_不规整_评分_清洗,全文,不规整,逐条评分,清洗,逐条评分,1,抑郁情绪,Spearman,1,1,,,,,0.0,1.0,0.0,3.0,不可估计
HAMD-17,PDCH共同24人验证,GLM-5.2,不思考,4,04_全文_不规整_评分_清洗,全文,不规整,逐条评分,清洗,逐条评分,2,有罪感,Spearman,1,1,,,,,0.0,1.0,0.0,3.0,不可估计
HAMD-17,PDCH共同24人验证,GLM-5.2,不思考,4,04_全文_不规整_评分_清洗,全文,不规整,逐条评分,清洗,逐条评分,3,自杀,Spearman,1,1,,,,,0.0,1.0,0.0,3.0,不可估计
HAMD-17,PDCH共同24人验证,GLM-5.2,不思考,4,04_全文_不规整_评分_清洗,全文,不规整,逐条评分,清洗,逐条评分,4,入睡困难,Spearman,1,1,,,,,0.0,1.0,0.0,3.0,不可估计
HAMD-17,PDCH共同24人验证,GLM-5.2,不思考,4,04_全文_不规整_评分_清洗,全文,不规整,逐条评分,清洗,逐条评分,5,睡眠不深,Spearman,1,1,,,,,0.0,1.0,0.0,3.0,不可估计
HAMD-17,PDCH共同24人验证,GLM-5.2,不思考,4,04_全文_不规整_评分_清洗,全文,不规整,逐条评分,清洗,逐条评分,6,早醒,Spearman,1,1,,,,,0.0,1.0,0.0,3.0,不可估计
HAMD-17,PDCH共同24人验证,GLM-5.2,不思考,4,04_全文_不规整_评分_清洗,全文,不规整,逐条评分,清洗,逐条评分,7,工作和活动,Spearman,1,1,,,,,0.0,1.0,0.0,3.0,不可估计
HAMD-17,PDCH共同24人验证,GLM-5.2,不思考,4,04_全文_不规整_评分_清洗,全文,不规整,逐条评分,清洗,逐条评分,8,迟滞,Spearman,1,1,,,,,0.0,1.0,0.0,3.0,不可估计
HAMD-17,PDCH共同24人验证,GLM-5.2,不思考,4,04_全文_不规整_评分_清洗,全文,不规整,逐条评分,清洗,逐条评分,9,激越,Spearman,1,1,,,,,0.0,1.0,0.0,3.0,不可估计
HAMD-17,PDCH共同24人验证,GLM-5.2,不思考,4,04_全文_不规整_评分_清洗,全文,不规整,逐条评分,清洗,逐条评分,10,精神性焦虑,Spearman,1,1,,,,,0.0,1.0,0.0,3.0,不可估计
HAMD-17,PDCH共同24人验证,GLM-5.2,不思考,4,04_全文_不规整_评分_清洗,全文,不规整,逐条评分,清洗,逐条评分,11,躯体性焦虑,Spearman,1,1,,,,,1.0,0.0,1.0,3.0,不可估计
HAMD-17,PDCH共同24人验证,GLM-5.2,不思考,4,04_全文_不规整_评分_清洗,全文,不规整,逐条评分,清洗,逐条评分,12,胃肠道症状,Spearman,1,1,,,,,0.0,1.0,0.0,3.0,不可估计
HAMD-17,PDCH共同24人验证,GLM-5.2,不思考,4,04_全文_不规整_评分_清洗,全文,不规整,逐条评分,清洗,逐条评分,13,全身症状,Spearman,1,1,,,,,1.0,0.0,1.0,3.0,不可估计
HAMD-17,PDCH共同24人验证,GLM-5.2,不思考,4,04_全文_不规整_评分_清洗,全文,不规整,逐条评分,清洗,逐条评分,14,性症状,Spearman,1,1,,,,,0.0,1.0,0.0,3.0,不可估计
HAMD-17,PDCH共同24人验证,GLM-5.2,不思考,4,04_全文_不规整_评分_清洗,全文,不规整,逐条评分,清洗,逐条评分,15,疑病,Spearman,1,1,,,,,1.0,0.0,1.0,3.0,不可估计
HAMD-17,PDCH共同24人验证,GLM-5.2,不思考,4,04_全文_不规整_评分_清洗,全文,不规整,逐条评分,清洗,逐条评分,16,体重减轻,Spearman,1,1,,,,,0.0,1.0,0.0,3.0,不可估计
HAMD-17,PDCH共同24人验证,GLM-5.2,不思考,4,04_全文_不规整_评分_清洗,全文,不规整,逐条评分,清洗,逐条评分,17,自知力,Spearman,1,1,,,,,0.0,1.0,0.0,3.0,不可估计
HAMD-17,PDCH共同24人验证,GLM-5.2,不思考,7,07_全文_规整_评分_不清洗,全文,规整,逐条评分,不清洗,逐条评分,1,抑郁情绪,Spearman,3,2,0.8660254037844387,0.33333333333333326,0.8660254037844387,1.0,0.6666666666666666,0.6666666666666666,0.3333333333333333,6.666666666666667,不可估计
HAMD-17,PDCH共同24人验证,GLM-5.2,不思考,7,07_全文_规整_评分_不清洗,全文,规整,逐条评分,不清洗,逐条评分,2,有罪感,Spearman,3,1,,,,,0.0,1.0,0.0,6.666666666666667,不可估计
HAMD-17,PDCH共同24人验证,GLM-5.2,不思考,7,07_全文_规整_评分_不清洗,全文,规整,逐条评分,不清洗,逐条评分,3,自杀,Spearman,3,2,0.8660254037844387,0.33333333333333326,0.8660254037844387,1.0,1.0,0.6666666666666666,0.3333333333333333,6.666666666666667,不可估计
HAMD-17,PDCH共同24人验证,GLM-5.2,不思考,7,07_全文_规整_评分_不清洗,全文,规整,逐条评分,不清洗,逐条评分,4,入睡困难,Spearman,3,1,,,,,0.0,1.0,0.0,6.666666666666667,不可估计
HAMD-17,PDCH共同24人验证,GLM-5.2,不思考,7,07_全文_规整_评分_不清洗,全文,规整,逐条评分,不清洗,逐条评分,5,睡眠不深,Spearman,3,2,0.8660254037844387,0.33333333333333326,0.8660254037844387,1.0,0.6666666666666666,0.3333333333333333,0.6666666666666666,6.666666666666667,不可估计
HAMD-17,PDCH共同24人验证,GLM-5.2,不思考,7,07_全文_规整_评分_不清洗,全文,规整,逐条评分,不清洗,逐条评分,6,早醒,Spearman,3,2,0.0,1.0,-1.0,1.0,0.3333333333333333,0.6666666666666666,0.3333333333333333,6.666666666666667,不可估计
HAMD-17,PDCH共同24人验证,GLM-5.2,不思考,7,07_全文_规整_评分_不清洗,全文,规整,逐条评分,不清洗,逐条评分,7,工作和活动,Spearman,3,3,1.0,0.0,1.0,1.0,1.6666666666666667,0.3333333333333333,0.6666666666666666,6.666666666666667,不可估计
HAMD-17,PDCH共同24人验证,GLM-5.2,不思考,7,07_全文_规整_评分_不清洗,全文,规整,逐条评分,不清洗,逐条评分,8,迟滞,Spearman,3,2,0.8660254037844387,0.33333333333333326,0.8660254037844387,1.0,0.3333333333333333,0.6666666666666666,0.3333333333333333,6.666666666666667,不可估计
HAMD-17,PDCH共同24人验证,GLM-5.2,不思考,7,07_全文_规整_评分_不清洗,全文,规整,逐条评分,不清洗,逐条评分,9,激越,Spearman,3,2,-0.8660254037844387,0.33333333333333326,-1.0,-0.8660254037844387,0.3333333333333333,0.6666666666666666,0.3333333333333333,6.666666666666667,不可估计
HAMD-17,PDCH共同24人验证,GLM-5.2,不思考,7,07_全文_规整_评分_不清洗,全文,规整,逐条评分,不清洗,逐条评分,10,精神性焦虑,Spearman,3,2,0.8660254037844387,0.33333333333333326,0.8660254037844387,1.0,0.6666666666666666,0.6666666666666666,0.3333333333333333,6.666666666666667,不可估计
HAMD-17,PDCH共同24人验证,GLM-5.2,不思考,7,07_全文_规整_评分_不清洗,全文,规整,逐条评分,不清洗,逐条评分,11,躯体性焦虑,Spearman,3,2,-0.8660254037844387,0.33333333333333326,-1.0,-0.8660254037844387,0.3333333333333333,0.6666666666666666,0.3333333333333333,6.666666666666667,不可估计
HAMD-17,PDCH共同24人验证,GLM-5.2,不思考,7,07_全文_规整_评分_不清洗,全文,规整,逐条评分,不清洗,逐条评分,12,胃肠道症状,Spearman,3,2,-0.8660254037844387,0.33333333333333326,-1.0,-0.8660254037844387,0.3333333333333333,0.6666666666666666,0.3333333333333333,6.666666666666667,不可估计
HAMD-17,PDCH共同24人验证,GLM-5.2,不思考,7,07_全文_规整_评分_不清洗,全文,规整,逐条评分,不清洗,逐条评分,13,全身症状,Spearman,3,1,,,,,0.0,1.0,0.0,6.666666666666667,不可估计
HAMD-17,PDCH共同24人验证,GLM-5.2,不思考,7,07_全文_规整_评分_不清洗,全文,规整,逐条评分,不清洗,逐条评分,14,性症状,Spearman,3,1,,,,,0.0,1.0,0.0,6.666666666666667,不可估计
HAMD-17,PDCH共同24人验证,GLM-5.2,不思考,7,07_全文_规整_评分_不清洗,全文,规整,逐条评分,不清洗,逐条评分,15,疑病,Spearman,3,2,-0.8660254037844387,0.33333333333333326,-1.0,-0.8660254037844387,0.3333333333333333,0.6666666666666666,0.3333333333333333,6.666666666666667,不可估计
HAMD-17,PDCH共同24人验证,GLM-5.2,不思考,7,07_全文_规整_评分_不清洗,全文,规整,逐条评分,不清洗,逐条评分,16,体重减轻,Spearman,3,1,,,,,0.0,1.0,0.0,6.666666666666667,不可估计
HAMD-17,PDCH共同24人验证,GLM-5.2,不思考,7,07_全文_规整_评分_不清洗,全文,规整,逐条评分,不清洗,逐条评分,17,自知力,Spearman,3,2,0.0,1.0,-1.0,1.0,0.3333333333333333,0.6666666666666666,0.3333333333333333,6.666666666666667,不可估计
HAMD-17,PDCH共同24人验证,GLM-5.2,不思考,8,08_全文_规整_评分_清洗,全文,规整,逐条评分,清洗,逐条评分,1,抑郁情绪,Spearman,2,2,,,,,1.5,0.5,0.5,12.5,不可估计
HAMD-17,PDCH共同24人验证,GLM-5.2,不思考,8,08_全文_规整_评分_清洗,全文,规整,逐条评分,清洗,逐条评分,2,有罪感,Spearman,2,2,,,,,0.5,0.5,0.5,12.5,不可估计
HAMD-17,PDCH共同24人验证,GLM-5.2,不思考,8,08_全文_规整_评分_清洗,全文,规整,逐条评分,清洗,逐条评分,3,自杀,Spearman,2,2,,,,,1.5,0.5,0.5,12.5,不可估计
HAMD-17,PDCH共同24人验证,GLM-5.2,不思考,8,08_全文_规整_评分_清洗,全文,规整,逐条评分,清洗,逐条评分,4,入睡困难,Spearman,2,1,,,,,0.0,1.0,0.0,12.5,不可估计
HAMD-17,PDCH共同24人验证,GLM-5.2,不思考,8,08_全文_规整_评分_清洗,全文,规整,逐条评分,清洗,逐条评分,5,睡眠不深,Spearman,2,2,,,,,0.5,0.5,0.5,12.5,不可估计
HAMD-17,PDCH共同24人验证,GLM-5.2,不思考,8,08_全文_规整_评分_清洗,全文,规整,逐条评分,清洗,逐条评分,6,早醒,Spearman,2,2,,,,,1.5,0.0,1.0,12.5,不可估计
HAMD-17,PDCH共同24人验证,GLM-5.2,不思考,8,08_全文_规整_评分_清洗,全文,规整,逐条评分,清洗,逐条评分,7,工作和活动,Spearman,2,2,,,,,1.0,0.5,0.5,12.5,不可估计
HAMD-17,PDCH共同24人验证,GLM-5.2,不思考,8,08_全文_规整_评分_清洗,全文,规整,逐条评分,清洗,逐条评分,8,迟滞,Spearman,2,2,,,,,0.5,0.5,0.5,12.5,不可估计
HAMD-17,PDCH共同24人验证,GLM-5.2,不思考,8,08_全文_规整_评分_清洗,全文,规整,逐条评分,清洗,逐条评分,9,激越,Spearman,2,2,,,,,0.5,0.5,0.5,12.5,不可估计
HAMD-17,PDCH共同24人验证,GLM-5.2,不思考,8,08_全文_规整_评分_清洗,全文,规整,逐条评分,清洗,逐条评分,10,精神性焦虑,Spearman,2,2,,,,,1.5,0.5,0.5,12.5,不可估计
HAMD-17,PDCH共同24人验证,GLM-5.2,不思考,8,08_全文_规整_评分_清洗,全文,规整,逐条评分,清洗,逐条评分,11,躯体性焦虑,Spearman,2,2,,,,,1.5,0.0,1.0,12.5,不可估计
HAMD-17,PDCH共同24人验证,GLM-5.2,不思考,8,08_全文_规整_评分_清洗,全文,规整,逐条评分,清洗,逐条评分,12,胃肠道症状,Spearman,2,1,,,,,0.0,1.0,0.0,12.5,不可估计
HAMD-17,PDCH共同24人验证,GLM-5.2,不思考,8,08_全文_规整_评分_清洗,全文,规整,逐条评分,清洗,逐条评分,13,全身症状,Spearman,2,1,,,,,0.0,1.0,0.0,12.5,不可估计
HAMD-17,PDCH共同24人验证,GLM-5.2,不思考,8,08_全文_规整_评分_清洗,全文,规整,逐条评分,清洗,逐条评分,14,性症状,Spearman,2,2,,,,,1.0,0.5,0.5,12.5,不可估计
HAMD-17,PDCH共同24人验证,GLM-5.2,不思考,8,08_全文_规整_评分_清洗,全文,规整,逐条评分,清洗,逐条评分,15,疑病,Spearman,2,2,,,,,0.5,0.5,0.5,12.5,不可估计
HAMD-17,PDCH共同24人验证,GLM-5.2,不思考,8,08_全文_规整_评分_清洗,全文,规整,逐条评分,清洗,逐条评分,16,体重减轻,Spearman,2,1,,,,,0.0,1.0,0.0,12.5,不可估计
HAMD-17,PDCH共同24人验证,GLM-5.2,不思考,8,08_全文_规整_评分_清洗,全文,规整,逐条评分,清洗,逐条评分,17,自知力,Spearman,2,1,,,,,0.0,1.0,0.0,12.5,不可估计
HAMD-17,PDCH共同24人验证,GLM-5.2,不思考,11,11_事件序列_不规整_评分_不清洗,事件序列,不规整,逐条评分,不清洗,逐条评分,1,抑郁情绪,Spearman,5,3,0.8111071056538127,0.09570892463402966,0.0,1.0000000000000002,1.4,0.4,0.6,13.8,不可估计
HAMD-17,PDCH共同24人验证,GLM-5.2,不思考,11,11_事件序列_不规整_评分_不清洗,事件序列,不规整,逐条评分,不清洗,逐条评分,2,有罪感,Spearman,5,2,0.4442616583193193,0.45354934716908535,-0.6123724356957945,1.0,0.6,0.4,0.6,13.8,不可估计
HAMD-17,PDCH共同24人验证,GLM-5.2,不思考,11,11_事件序列_不规整_评分_不清洗,事件序列,不规整,逐条评分,不清洗,逐条评分,3,自杀,Spearman,5,3,0.6488856845230502,0.23615367738664078,-0.9185586535436918,1.0,1.6,0.4,0.6,13.8,不可估计
HAMD-17,PDCH共同24人验证,GLM-5.2,不思考,11,11_事件序列_不规整_评分_不清洗,事件序列,不规整,逐条评分,不清洗,逐条评分,4,入睡困难,Spearman,5,2,0.7254762501100117,0.1653703958060164,0.5573704017131537,1.0000000000000002,0.4,0.8,0.2,13.8,不可估计
HAMD-17,PDCH共同24人验证,GLM-5.2,不思考,11,11_事件序列_不规整_评分_不清洗,事件序列,不规整,逐条评分,不清洗,逐条评分,5,睡眠不深,Spearman,5,2,0.8885233166386386,0.043924952533494016,0.7453559924999299,1.0000000000000002,0.6,0.4,0.6,13.8,不可估计
HAMD-17,PDCH共同24人验证,GLM-5.2,不思考,11,11_事件序列_不规整_评分_不清洗,事件序列,不规整,逐条评分,不清洗,逐条评分,6,早醒,Spearman,5,2,0.7254762501100117,0.1653703958060164,0.6270597128624557,1.0000000000000002,0.2,0.8,0.2,13.8,不可估计
HAMD-17,PDCH共同24人验证,GLM-5.2,不思考,11,11_事件序列_不规整_评分_不清洗,事件序列,不规整,逐条评分,不清洗,逐条评分,7,工作和活动,Spearman,5,3,0.8111071056538127,0.09570892463402966,-0.12547528688569548,1.0,2.2,0.4,0.6,13.8,不可估计
HAMD-17,PDCH共同24人验证,GLM-5.2,不思考,11,11_事件序列_不规整_评分_不清洗,事件序列,不规整,逐条评分,不清洗,逐条评分,8,迟滞,Spearman,5,3,0.8111071056538127,0.09570892463402966,0.0,1.0,1.0,0.4,0.6,13.8,不可估计
HAMD-17,PDCH共同24人验证,GLM-5.2,不思考,11,11_事件序列_不规整_评分_不清洗,事件序列,不规整,逐条评分,不清洗,逐条评分,9,激越,Spearman,5,3,0.8029550685469662,0.10183797037740709,0.5440773018253694,1.0,0.6,0.6,0.4,13.8,不可估计
HAMD-17,PDCH共同24人验证,GLM-5.2,不思考,11,11_事件序列_不规整_评分_不清洗,事件序列,不规整,逐条评分,不清洗,逐条评分,10,精神性焦虑,Spearman,5,3,0.892217816219194,0.041783556236175724,0.4898979485566361,1.0,1.2,0.2,0.8,13.8,不可估计
HAMD-17,PDCH共同24人验证,GLM-5.2,不思考,11,11_事件序列_不规整_评分_不清洗,事件序列,不规整,逐条评分,不清洗,逐条评分,11,躯体性焦虑,Spearman,5,3,0.45883146774112354,0.43699762088840094,-1.0,1.0,1.2,0.2,0.8,13.8,不可估计
HAMD-17,PDCH共同24人验证,GLM-5.2,不思考,11,11_事件序列_不规整_评分_不清洗,事件序列,不规整,逐条评分,不清洗,逐条评分,12,胃肠道症状,Spearman,5,2,0.1480872194397731,0.8121409275938358,-0.921875,0.9999999999999998,0.6,0.4,0.6,13.8,不可估计
HAMD-17,PDCH共同24人验证,GLM-5.2,不思考,11,11_事件序列_不规整_评分_不清洗,事件序列,不规整,逐条评分,不清洗,逐条评分,13,全身症状,Spearman,5,3,0.6488856845230502,0.23615367738664078,-0.6123724356957945,1.0,0.8,0.4,0.6,13.8,不可估计
HAMD-17,PDCH共同24人验证,GLM-5.2,不思考,11,11_事件序列_不规整_评分_不清洗,事件序列,不规整,逐条评分,不清洗,逐条评分,14,性症状,Spearman,5,2,0.8885233166386386,0.043924952533494016,0.7219948723811551,1.0000000000000002,0.8,0.6,0.4,13.8,不可估计
HAMD-17,PDCH共同24人验证,GLM-5.2,不思考,11,11_事件序列_不规整_评分_不清洗,事件序列,不规整,逐条评分,不清洗,逐条评分,15,疑病,Spearman,5,3,0.10814761408717503,0.8625710707614299,-1.0,1.0000000000000002,0.8,0.4,0.6,13.8,不可估计
HAMD-17,PDCH共同24人验证,GLM-5.2,不思考,11,11_事件序列_不规整_评分_不清洗,事件序列,不规整,逐条评分,不清洗,逐条评分,16,体重减轻,Spearman,5,1,,,,,0.0,1.0,0.0,13.8,不可估计
HAMD-17,PDCH共同24人验证,GLM-5.2,不思考,11,11_事件序列_不规整_评分_不清洗,事件序列,不规整,逐条评分,不清洗,逐条评分,17,自知力,Spearman,5,2,0.7254762501100117,0.1653703958060164,0.6270597128624557,1.0000000000000002,0.2,0.8,0.2,13.8,不可估计
HAMD-17,PDCH共同24人验证,GLM-5.2,不思考,12,12_事件序列_不规整_评分_清洗,事件序列,不规整,逐条评分,清洗,逐条评分,1,抑郁情绪,Spearman,5,3,0.9166666666666666,0.028513958298827854,0.40824829046386296,1.0,1.6,0.4,0.6,10.4,不可估计
HAMD-17,PDCH共同24人验证,GLM-5.2,不思考,12,12_事件序列_不规整_评分_清洗,事件序列,不规整,逐条评分,清洗,逐条评分,2,有罪感,Spearman,5,3,0.5555555555555556,0.33093554969438527,-0.6666666666666667,1.0,0.8,0.4,0.6,10.4,不可估计
HAMD-17,PDCH共同24人验证,GLM-5.2,不思考,12,12_事件序列_不规整_评分_清洗,事件序列,不规整,逐条评分,清洗,逐条评分,3,自杀,Spearman,5,2,0.9128709291752769,0.03046629166217096,0.8531251846271806,1.0000000000000002,1.8,0.4,0.6,10.4,不可估计
HAMD-17,PDCH共同24人验证,GLM-5.2,不思考,12,12_事件序列_不规整_评分_清洗,事件序列,不规整,逐条评分,清洗,逐条评分,4,入睡困难,Spearman,5,2,0.18633899812498247,0.7641260588351946,-0.6666666666666666,1.0,0.2,0.8,0.2,10.4,不可估计
HAMD-17,PDCH共同24人验证,GLM-5.2,不思考,12,12_事件序列_不规整_评分_清洗,事件序列,不规整,逐条评分,清洗,逐条评分,5,睡眠不深,Spearman,5,2,0.7607257743127308,0.13534466221782107,0.408248290463863,1.0000000000000002,0.4,0.6,0.4,10.4,不可估计
HAMD-17,PDCH共同24人验证,GLM-5.2,不思考,12,12_事件序列_不规整_评分_清洗,事件序列,不规整,逐条评分,清洗,逐条评分,6,早醒,Spearman,5,2,0.7453559924999299,0.14822014621212787,0.7184212081070995,1.0000000000000002,0.4,0.8,0.2,10.4,不可估计
HAMD-17,PDCH共同24人验证,GLM-5.2,不思考,12,12_事件序列_不规整_评分_清洗,事件序列,不规整,逐条评分,清洗,逐条评分,7,工作和活动,Spearman,5,4,0.6488856845230502,0.23615367738664078,-0.9185586535436918,1.0,1.8,0.4,0.6,10.4,不可估计
HAMD-17,PDCH共同24人验证,GLM-5.2,不思考,12,12_事件序列_不规整_评分_清洗,事件序列,不规整,逐条评分,清洗,逐条评分,8,迟滞,Spearman,5,3,0.6666666666666666,0.2191020374170478,-1.0,1.0,1.0,0.4,0.6,10.4,不可估计
HAMD-17,PDCH共同24人验证,GLM-5.2,不思考,12,12_事件序列_不规整_评分_清洗,事件序列,不规整,逐条评分,清洗,逐条评分,9,激越,Spearman,5,3,0.8249579113843054,0.08556628128992658,0.40824829046386296,1.0,0.6,0.6,0.4,10.4,不可估计
HAMD-17,PDCH共同24人验证,GLM-5.2,不思考,12,12_事件序列_不规整_评分_清洗,事件序列,不规整,逐条评分,清洗,逐条评分,10,精神性焦虑,Spearman,5,3,0.8249579113843054,0.08556628128992658,0.40824829046386296,1.0000000000000002,1.2,0.2,0.8,10.4,不可估计
HAMD-17,PDCH共同24人验证,GLM-5.2,不思考,12,12_事件序列_不规整_评分_清洗,事件序列,不规整,逐条评分,清洗,逐条评分,11,躯体性焦虑,Spearman,5,3,0.47222222222222227,0.4219082992937162,-1.0000000000000002,1.0,1.2,0.2,0.8,10.4,不可估计
HAMD-17,PDCH共同24人验证,GLM-5.2,不思考,12,12_事件序列_不规整_评分_清洗,事件序列,不规整,逐条评分,清洗,逐条评分,12,胃肠道症状,Spearman,5,2,-0.15214515486254615,0.8070327548553017,-1.0,1.0,0.6,0.4,0.6,10.4,不可估计
HAMD-17,PDCH共同24人验证,GLM-5.2,不思考,12,12_事件序列_不规整_评分_清洗,事件序列,不规整,逐条评分,清洗,逐条评分,13,全身症状,Spearman,5,3,0.3055555555555555,0.6170961464784692,-0.6123724356957946,0.9999999999999999,0.8,0.4,0.6,10.4,不可估计
HAMD-17,PDCH共同24人验证,GLM-5.2,不思考,12,12_事件序列_不规整_评分_清洗,事件序列,不规整,逐条评分,清洗,逐条评分,14,性症状,Spearman,5,2,0.7607257743127308,0.13534466221782107,0.408248290463863,1.0000000000000002,0.8,0.6,0.4,10.4,不可估计
HAMD-17,PDCH共同24人验证,GLM-5.2,不思考,12,12_事件序列_不规整_评分_清洗,事件序列,不规整,逐条评分,清洗,逐条评分,15,疑病,Spearman,5,2,-0.9128709291752769,0.03046629166217096,-1.0000000000000002,-0.8531251846271807,0.4,0.6,0.4,10.4,不可估计
HAMD-17,PDCH共同24人验证,GLM-5.2,不思考,12,12_事件序列_不规整_评分_清洗,事件序列,不规整,逐条评分,清洗,逐条评分,16,体重减轻,Spearman,5,1,,,,,0.0,1.0,0.0,10.4,不可估计
HAMD-17,PDCH共同24人验证,GLM-5.2,不思考,12,12_事件序列_不规整_评分_清洗,事件序列,不规整,逐条评分,清洗,逐条评分,17,自知力,Spearman,5,1,,,,,0.0,1.0,0.0,10.4,不可估计
HAMD-17,PDCH共同24人验证,GLM-5.2,不思考,15,15_事件序列_规整_评分_不清洗,事件序列,规整,逐条评分,不清洗,逐条评分,1,抑郁情绪,Spearman,7,2,0.6627334956636112,0.10472396806888938,0.25819888974716115,0.9667364890456636,0.5714285714285714,0.7142857142857143,0.2857142857142857,8.714285714285714,不可估计
HAMD-17,PDCH共同24人验证,GLM-5.2,不思考,15,15_事件序列_规整_评分_不清洗,事件序列,规整,逐条评分,不清洗,逐条评分,2,有罪感,Spearman,7,2,-0.5347407899331232,0.21621355488846442,-1.0,-0.3535533905932738,0.14285714285714285,0.8571428571428571,0.14285714285714285,8.714285714285714,不可估计
HAMD-17,PDCH共同24人验证,GLM-5.2,不思考,15,15_事件序列_规整_评分_不清洗,事件序列,规整,逐条评分,不清洗,逐条评分,3,自杀,Spearman,7,2,0.21389631597324926,0.6451277192563418,-0.18150704202070397,0.848528137423857,0.42857142857142855,0.8571428571428571,0.14285714285714285,8.714285714285714,不可估计
HAMD-17,PDCH共同24人验证,GLM-5.2,不思考,15,15_事件序列_规整_评分_不清洗,事件序列,规整,逐条评分,不清洗,逐条评分,4,入睡困难,Spearman,7,2,0.641688947919748,0.12028539033763772,0.5871921758546421,0.9999999999999996,0.14285714285714285,0.8571428571428571,0.14285714285714285,8.714285714285714,不可估计
HAMD-17,PDCH共同24人验证,GLM-5.2,不思考,15,15_事件序列_规整_评分_不清洗,事件序列,规整,逐条评分,不清洗,逐条评分,5,睡眠不深,Spearman,7,3,0.7276068751089989,0.06381737029562101,0.01627068164975183,1.0,0.7142857142857143,0.42857142857142855,0.5714285714285714,8.714285714285714,不可估计
HAMD-17,PDCH共同24人验证,GLM-5.2,不思考,15,15_事件序列_规整_评分_不清洗,事件序列,规整,逐条评分,不清洗,逐条评分,6,早醒,Spearman,7,3,0.700140042014005,0.07983012632564218,0.25819888974716104,0.98177194235168,0.42857142857142855,0.7142857142857143,0.2857142857142857,8.714285714285714,不可估计
HAMD-17,PDCH共同24人验证,GLM-5.2,不思考,15,15_事件序列_规整_评分_不清洗,事件序列,规整,逐条评分,不清洗,逐条评分,7,工作和活动,Spearman,7,4,0.6274509803921567,0.13144380464731995,0.03115884764248778,0.9999999999999999,1.5714285714285714,0.42857142857142855,0.5714285714285714,8.714285714285714,不可估计
HAMD-17,PDCH共同24人验证,GLM-5.2,不思考,15,15_事件序列_规整_评分_不清洗,事件序列,规整,逐条评分,不清洗,逐条评分,8,迟滞,Spearman,7,2,0.21389631597324926,0.6451277192563418,-0.17003947924712964,0.8992996420258603,0.2857142857142857,0.8571428571428571,0.14285714285714285,8.714285714285714,不可估计
HAMD-17,PDCH共同24人验证,GLM-5.2,不思考,15,15_事件序列_规整_评分_不清洗,事件序列,规整,逐条评分,不清洗,逐条评分,9,激越,Spearman,7,2,0.21389631597324926,0.6451277192563418,-0.14331475451951128,0.7537980576769043,0.14285714285714285,0.8571428571428571,0.14285714285714285,8.714285714285714,不可估计
HAMD-17,PDCH共同24人验证,GLM-5.2,不思考,15,15_事件序列_规整_评分_不清洗,事件序列,规整,逐条评分,不清洗,逐条评分,10,精神性焦虑,Spearman,7,2,-0.24852506087385423,0.5909986841620138,-0.8509629433967631,0.5228936043967141,0.2857142857142857,0.7142857142857143,0.2857142857142857,8.714285714285714,不可估计
HAMD-17,PDCH共同24人验证,GLM-5.2,不思考,15,15_事件序列_规整_评分_不清洗,事件序列,规整,逐条评分,不清洗,逐条评分,11,躯体性焦虑,Spearman,7,4,0.4313725490196078,0.33386873188481014,-0.5972860671360349,0.9992716298913943,1.1428571428571428,0.2857142857142857,0.7142857142857143,8.714285714285714,不可估计
HAMD-17,PDCH共同24人验证,GLM-5.2,不思考,15,15_事件序列_规整_评分_不清洗,事件序列,规整,逐条评分,不清洗,逐条评分,12,胃肠道症状,Spearman,7,3,0.8084520834544432,0.027737194025020603,0.516671222870379,0.9880624620561858,0.7142857142857143,0.42857142857142855,0.5714285714285714,8.714285714285714,不可估计
HAMD-17,PDCH共同24人验证,GLM-5.2,不思考,15,15_事件序列_规整_评分_不清洗,事件序列,规整,逐条评分,不清洗,逐条评分,13,全身症状,Spearman,7,2,0.21389631597324926,0.6451277192563418,-0.16666666666666666,0.7302967433402215,0.14285714285714285,0.8571428571428571,0.14285714285714285,8.714285714285714,不可估计
HAMD-17,PDCH共同24人验证,GLM-5.2,不思考,15,15_事件序列_规整_评分_不清洗,事件序列,规整,逐条评分,不清洗,逐条评分,14,性症状,Spearman,7,1,,,,,0.0,1.0,0.0,8.714285714285714,不可估计
HAMD-17,PDCH共同24人验证,GLM-5.2,不思考,15,15_事件序列_规整_评分_不清洗,事件序列,规整,逐条评分,不清洗,逐条评分,15,疑病,Spearman,7,3,0.10437071518085823,0.8237782530382074,-0.5477225575051662,0.6644319500693551,0.8571428571428571,0.2857142857142857,0.7142857142857143,8.714285714285714,不可估计
HAMD-17,PDCH共同24人验证,GLM-5.2,不思考,15,15_事件序列_规整_评分_不清洗,事件序列,规整,逐条评分,不清洗,逐条评分,16,体重减轻,Spearman,7,1,,,,,0.0,1.0,0.0,8.714285714285714,不可估计
HAMD-17,PDCH共同24人验证,GLM-5.2,不思考,15,15_事件序列_规整_评分_不清洗,事件序列,规整,逐条评分,不清洗,逐条评分,17,自知力,Spearman,7,2,-0.21389631597324926,0.6451277192563418,-0.9265365308801427,0.0761386987626881,0.2857142857142857,0.8571428571428571,0.14285714285714285,8.714285714285714,不可估计
HAMD-17,PDCH共同24人验证,GLM-5.2,不思考,16,16_事件序列_规整_评分_清洗,事件序列,规整,逐条评分,清洗,逐条评分,1,抑郁情绪,Spearman,7,2,0.641688947919748,0.12028539033763772,0.5871921758546422,0.9999999999999996,0.42857142857142855,0.8571428571428571,0.14285714285714285,11.714285714285714,不可估计
HAMD-17,PDCH共同24人验证,GLM-5.2,不思考,16,16_事件序列_规整_评分_清洗,事件序列,规整,逐条评分,清洗,逐条评分,2,有罪感,Spearman,7,3,0.37573457465108967,0.4061888531130426,-0.6864369251241611,0.8838834764831843,0.5714285714285714,0.5714285714285714,0.42857142857142855,11.714285714285714,不可估计
HAMD-17,PDCH共同24人验证,GLM-5.2,不思考,16,16_事件序列_规整_评分_清洗,事件序列,规整,逐条评分,清洗,逐条评分,3,自杀,Spearman,7,2,0.641688947919748,0.12028539033763772,0.5871921758546421,0.9774850545159861,0.42857142857142855,0.8571428571428571,0.14285714285714285,11.714285714285714,不可估计
HAMD-17,PDCH共同24人验证,GLM-5.2,不思考,16,16_事件序列_规整_评分_清洗,事件序列,规整,逐条评分,清洗,逐条评分,4,入睡困难,Spearman,7,2,0.641688947919748,0.12028539033763772,0.5871921758546422,0.9999999999999999,0.2857142857142857,0.8571428571428571,0.14285714285714285,11.714285714285714,不可估计
HAMD-17,PDCH共同24人验证,GLM-5.2,不思考,16,16_事件序列_规整_评分_清洗,事件序列,规整,逐条评分,清洗,逐条评分,5,睡眠不深,Spearman,7,3,0.5636018619766345,0.1876184955204409,-0.18385542391076873,0.9682818167765577,0.7142857142857143,0.5714285714285714,0.42857142857142855,11.714285714285714,不可估计
HAMD-17,PDCH共同24人验证,GLM-5.2,不思考,16,16_事件序列_规整_评分_清洗,事件序列,规整,逐条评分,清洗,逐条评分,6,早醒,Spearman,7,3,0.18786728732554484,0.6866649011275867,-0.7505683356701917,0.8724696911833789,0.7142857142857143,0.5714285714285714,0.42857142857142855,11.714285714285714,不可估计
HAMD-17,PDCH共同24人验证,GLM-5.2,不思考,16,16_事件序列_规整_评分_清洗,事件序列,规整,逐条评分,清洗,逐条评分,7,工作和活动,Spearman,7,3,0.7129062309432056,0.07214874828135134,0.07855210732260058,0.9961703845043738,1.4285714285714286,0.42857142857142855,0.5714285714285714,11.714285714285714,不可估计
HAMD-17,PDCH共同24人验证,GLM-5.2,不思考,16,16_事件序列_规整_评分_清洗,事件序列,规整,逐条评分,清洗,逐条评分,8,迟滞,Spearman,7,2,0.641688947919748,0.12028539033763772,0.5871921758546422,0.9999999999999996,0.2857142857142857,0.8571428571428571,0.14285714285714285,11.714285714285714,不可估计
HAMD-17,PDCH共同24人验证,GLM-5.2,不思考,16,16_事件序列_规整_评分_清洗,事件序列,规整,逐条评分,清洗,逐条评分,9,激越,Spearman,7,2,0.6627334956636112,0.10472396806888938,0.25819888974716115,0.9682818167765579,0.2857142857142857,0.7142857142857143,0.2857142857142857,11.714285714285714,不可估计
HAMD-17,PDCH共同24人验证,GLM-5.2,不思考,16,16_事件序列_规整_评分_清洗,事件序列,规整,逐条评分,清洗,逐条评分,10,精神性焦虑,Spearman,7,3,0.37573457465108967,0.4061888531130426,-0.697703962312119,0.923099494126358,0.7142857142857143,0.5714285714285714,0.42857142857142855,11.714285714285714,不可估计
HAMD-17,PDCH共同24人验证,GLM-5.2,不思考,16,16_事件序列_规整_评分_清洗,事件序列,规整,逐条评分,清洗,逐条评分,11,躯体性焦虑,Spearman,7,4,0.7450980392156863,0.054619936162546734,0.33912910079871794,0.9999999999999997,1.4285714285714286,0.14285714285714285,0.8571428571428571,11.714285714285714,不可估计
HAMD-17,PDCH共同24人验证,GLM-5.2,不思考,16,16_事件序列_规整_评分_清洗,事件序列,规整,逐条评分,清洗,逐条评分,12,胃肠道症状,Spearman,7,2,0.756237677477525,0.04916615794025469,0.3535533905932738,0.9715481563225749,0.8571428571428571,0.5714285714285714,0.42857142857142855,11.714285714285714,不可估计
HAMD-17,PDCH共同24人验证,GLM-5.2,不思考,16,16_事件序列_规整_评分_清洗,事件序列,规整,逐条评分,清洗,逐条评分,13,全身症状,Spearman,7,3,0.8140915784106943,0.02582371246583466,0.4078694018134411,1.0,0.5714285714285714,0.5714285714285714,0.42857142857142855,11.714285714285714,不可估计
HAMD-17,PDCH共同24人验证,GLM-5.2,不思考,16,16_事件序列_规整_评分_清洗,事件序列,规整,逐条评分,清洗,逐条评分,14,性症状,Spearman,7,2,0.641688947919748,0.12028539033763772,0.5871921758546422,0.9999999999999996,0.2857142857142857,0.8571428571428571,0.14285714285714285,11.714285714285714,不可估计
HAMD-17,PDCH共同24人验证,GLM-5.2,不思考,16,16_事件序列_规整_评分_清洗,事件序列,规整,逐条评分,清洗,逐条评分,15,疑病,Spearman,7,3,0.12126781251816648,0.7956397770796766,-0.9149914219956281,0.8788813947844175,0.7142857142857143,0.42857142857142855,0.5714285714285714,11.714285714285714,不可估计
HAMD-17,PDCH共同24人验证,GLM-5.2,不思考,16,16_事件序列_规整_评分_清洗,事件序列,规整,逐条评分,清洗,逐条评分,16,体重减轻,Spearman,7,2,0.21389631597324926,0.6451277192563418,-0.16666666666666666,0.884392967287104,0.14285714285714285,0.8571428571428571,0.14285714285714285,11.714285714285714,不可估计
HAMD-17,PDCH共同24人验证,GLM-5.2,不思考,16,16_事件序列_规整_评分_清洗,事件序列,规整,逐条评分,清洗,逐条评分,17,自知力,Spearman,7,3,0.2333800140046683,0.6145027626435361,-0.44459061923690013,0.894231252367239,0.42857142857142855,0.7142857142857143,0.2857142857142857,11.714285714285714,不可估计
HAMD-17,PDCH共同24人验证,GLM-5.2,思考,3,03_全文_不规整_评分_不清洗,全文,不规整,逐条评分,不清洗,逐条评分,1,抑郁情绪,Spearman,13,4,0.7800817449531933,0.0016577413362393754,0.4349109446129407,0.9727126664855071,1.0769230769230769,0.38461538461538464,0.6153846153846154,14.846153846153847,不可估计
HAMD-17,PDCH共同24人验证,GLM-5.2,思考,3,03_全文_不规整_评分_不清洗,全文,不规整,逐条评分,不清洗,逐条评分,2,有罪感,Spearman,13,4,0.3363184609622023,0.26120088351014337,-0.17925302651331626,0.7495300776793641,1.0,0.3076923076923077,0.6923076923076923,14.846153846153847,不可估计
HAMD-17,PDCH共同24人验证,GLM-5.2,思考,3,03_全文_不规整_评分_不清洗,全文,不规整,逐条评分,不清洗,逐条评分,3,自杀,Spearman,13,3,0.5209237010805112,0.06794571970042441,0.015687053703011194,0.8413950464658332,0.9230769230769231,0.5384615384615384,0.46153846153846156,14.846153846153847,不可估计
HAMD-17,PDCH共同24人验证,GLM-5.2,思考,3,03_全文_不规整_评分_不清洗,全文,不规整,逐条评分,不清洗,逐条评分,4,入睡困难,Spearman,13,3,0.47189558803763954,0.10350628429453317,-0.07770111464695578,0.8333538493541671,0.6923076923076923,0.5384615384615384,0.46153846153846156,14.846153846153847,不可估计
HAMD-17,PDCH共同24人验证,GLM-5.2,思考,3,03_全文_不规整_评分_不清洗,全文,不规整,逐条评分,不清洗,逐条评分,5,睡眠不深,Spearman,13,3,0.46949416487034856,0.10551898166887337,-0.01769585655292645,0.8558768990916684,0.7692307692307693,0.46153846153846156,0.5384615384615384,14.846153846153847,不可估计
HAMD-17,PDCH共同24人验证,GLM-5.2,思考,3,03_全文_不规整_评分_不清洗,全文,不规整,逐条评分,不清洗,逐条评分,6,早醒,Spearman,13,3,0.33776398126836077,0.25902745855954734,-0.4439645020036194,0.7484543993124961,0.46153846153846156,0.6923076923076923,0.3076923076923077,14.846153846153847,不可估计
HAMD-17,PDCH共同24人验证,GLM-5.2,思考,3,03_全文_不规整_评分_不清洗,全文,不规整,逐条评分,不清洗,逐条评分,7,工作和活动,Spearman,13,5,0.8286559896196225,0.00046427326828045896,0.6430611159854229,0.953512145751713,1.7692307692307692,0.3076923076923077,0.6923076923076923,14.846153846153847,不可估计
HAMD-17,PDCH共同24人验证,GLM-5.2,思考,3,03_全文_不规整_评分_不清洗,全文,不规整,逐条评分,不清洗,逐条评分,8,迟滞,Spearman,13,3,0.7668438623189663,0.002224103433686263,0.4877493845241879,0.921920529006477,0.7692307692307693,0.5384615384615384,0.46153846153846156,14.846153846153847,不可估计
HAMD-17,PDCH共同24人验证,GLM-5.2,思考,3,03_全文_不规整_评分_不清洗,全文,不规整,逐条评分,不清洗,逐条评分,9,激越,Spearman,13,3,0.31153018527588655,0.3001384605109532,-0.1308380480326748,0.6490196748826011,0.8461538461538461,0.38461538461538464,0.6153846153846154,14.846153846153847,不可估计
HAMD-17,PDCH共同24人验证,GLM-5.2,思考,3,03_全文_不规整_评分_不清洗,全文,不规整,逐条评分,不清洗,逐条评分,10,精神性焦虑,Spearman,13,3,0.676699737853701,0.011080542455329856,0.22778286960789032,0.9409900594276401,1.0,0.3076923076923077,0.6923076923076923,14.846153846153847,不可估计
HAMD-17,PDCH共同24人验证,GLM-5.2,思考,3,03_全文_不规整_评分_不清洗,全文,不规整,逐条评分,不清洗,逐条评分,11,躯体性焦虑,Spearman,13,4,0.42818762965596685,0.14437015150839916,-0.04665840636590138,0.7680272636402236,1.4615384615384615,0.15384615384615385,0.8461538461538461,14.846153846153847,不可估计
HAMD-17,PDCH共同24人验证,GLM-5.2,思考,3,03_全文_不规整_评分_不清洗,全文,不规整,逐条评分,不清洗,逐条评分,12,胃肠道症状,Spearman,13,3,0.433609260549048,0.1388046203586384,-0.06809766046279829,0.8153316834449738,0.7692307692307693,0.46153846153846156,0.5384615384615384,14.846153846153847,不可估计
HAMD-17,PDCH共同24人验证,GLM-5.2,思考,3,03_全文_不规整_评分_不清洗,全文,不规整,逐条评分,不清洗,逐条评分,13,全身症状,Spearman,13,3,0.9120746514997218,1.3986785447192119e-05,0.7467419086339617,0.973008689311936,0.9230769230769231,0.3076923076923077,0.6923076923076923,14.846153846153847,不可估计
HAMD-17,PDCH共同24人验证,GLM-5.2,思考,3,03_全文_不规整_评分_不清洗,全文,不规整,逐条评分,不清洗,逐条评分,14,性症状,Spearman,13,3,0.6505084083686947,0.016062374380628686,0.23369255718221196,0.8859917950830217,0.8461538461538461,0.5384615384615384,0.46153846153846156,14.846153846153847,不可估计
HAMD-17,PDCH共同24人验证,GLM-5.2,思考,3,03_全文_不规整_评分_不清洗,全文,不规整,逐条评分,不清洗,逐条评分,15,疑病,Spearman,13,3,0.23325187808845343,0.44312061407099806,-0.40933520856593264,0.648955642601022,0.9230769230769231,0.3076923076923077,0.6923076923076923,14.846153846153847,不可估计
HAMD-17,PDCH共同24人验证,GLM-5.2,思考,3,03_全文_不规整_评分_不清洗,全文,不规整,逐条评分,不清洗,逐条评分,16,体重减轻,Spearman,13,3,0.14710174864978956,0.6315371587956814,-0.4346843454489785,0.638610244723263,0.3076923076923077,0.7692307692307693,0.23076923076923078,14.846153846153847,不可估计
HAMD-17,PDCH共同24人验证,GLM-5.2,思考,3,03_全文_不规整_评分_不清洗,全文,不规整,逐条评分,不清洗,逐条评分,17,自知力,Spearman,13,3,0.41344135092182116,0.1602403208256607,-0.1355672613420779,0.7784693826796586,0.46153846153846156,0.6153846153846154,0.38461538461538464,14.846153846153847,不可估计
HAMD-17,PDCH共同24人验证,GLM-5.2,思考,4,04_全文_不规整_评分_清洗,全文,不规整,逐条评分,清洗,逐条评分,1,抑郁情绪,Spearman,17,4,0.8580519779890647,1.055092071197217e-05,0.6730863628711684,0.9617114945078764,1.2352941176470589,0.23529411764705882,0.7647058823529411,14.764705882352942,不可估计
HAMD-17,PDCH共同24人验证,GLM-5.2,思考,4,04_全文_不规整_评分_清洗,全文,不规整,逐条评分,清洗,逐条评分,2,有罪感,Spearman,17,3,0.4813526015050414,0.05043331019235372,0.054912689646108535,0.7722864527014962,0.9411764705882353,0.29411764705882354,0.7058823529411765,14.764705882352942,不可估计
HAMD-17,PDCH共同24人验证,GLM-5.2,思考,4,04_全文_不规整_评分_清洗,全文,不规整,逐条评分,清洗,逐条评分,3,自杀,Spearman,17,4,0.6557387517935568,0.004262503823881741,0.2851052900344309,0.8894161275906286,1.2941176470588236,0.47058823529411764,0.5294117647058824,14.764705882352942,不可估计
HAMD-17,PDCH共同24人验证,GLM-5.2,思考,4,04_全文_不规整_评分_清洗,全文,不规整,逐条评分,清洗,逐条评分,4,入睡困难,Spearman,17,3,0.3729828453776261,0.14033713825342328,-0.15188805175105288,0.7717639093826699,0.47058823529411764,0.6470588235294118,0.35294117647058826,14.764705882352942,不可估计
HAMD-17,PDCH共同24人验证,GLM-5.2,思考,4,04_全文_不规整_评分_清洗,全文,不规整,逐条评分,清洗,逐条评分,5,睡眠不深,Spearman,17,3,0.24740883027134597,0.33837017164123767,-0.2282566221896676,0.6474111515750705,0.9411764705882353,0.4117647058823529,0.5882352941176471,14.764705882352942,不可估计
HAMD-17,PDCH共同24人验证,GLM-5.2,思考,4,04_全文_不规整_评分_清洗,全文,不规整,逐条评分,清洗,逐条评分,6,早醒,Spearman,17,3,0.45081299534562685,0.06934810091367899,-0.04794584452838955,0.7588212492448915,0.5294117647058824,0.6470588235294118,0.35294117647058826,14.764705882352942,不可估计
HAMD-17,PDCH共同24人验证,GLM-5.2,思考,4,04_全文_不规整_评分_清洗,全文,不规整,逐条评分,清洗,逐条评分,7,工作和活动,Spearman,17,5,0.773200627766286,0.0002725689464818818,0.5346482792225726,0.9113787385633031,1.6470588235294117,0.29411764705882354,0.7058823529411765,14.764705882352942,不可估计
HAMD-17,PDCH共同24人验证,GLM-5.2,思考,4,04_全文_不规整_评分_清洗,全文,不规整,逐条评分,清洗,逐条评分,8,迟滞,Spearman,17,3,0.6934600369265932,0.002021307335119915,0.4517158011292544,0.8802246602178432,0.5294117647058824,0.5882352941176471,0.4117647058823529,14.764705882352942,不可估计
HAMD-17,PDCH共同24人验证,GLM-5.2,思考,4,04_全文_不规整_评分_清洗,全文,不规整,逐条评分,清洗,逐条评分,9,激越,Spearman,17,3,0.5307563359174867,0.028376961191512926,0.15289333152724388,0.8098771998692595,0.9411764705882353,0.29411764705882354,0.7058823529411765,14.764705882352942,不可估计
HAMD-17,PDCH共同24人验证,GLM-5.2,思考,4,04_全文_不规整_评分_清洗,全文,不规整,逐条评分,清洗,逐条评分,10,精神性焦虑,Spearman,17,4,0.7416833787822585,0.0006543714114174576,0.4560543514663663,0.9233421946939492,1.1764705882352942,0.17647058823529413,0.8235294117647058,14.764705882352942,不可估计
HAMD-17,PDCH共同24人验证,GLM-5.2,思考,4,04_全文_不规整_评分_清洗,全文,不规整,逐条评分,清洗,逐条评分,11,躯体性焦虑,Spearman,17,4,0.5104922899962082,0.03627328113955989,0.11786671773726752,0.8043325064767401,1.5294117647058822,0.11764705882352941,0.8823529411764706,14.764705882352942,不可估计
HAMD-17,PDCH共同24人验证,GLM-5.2,思考,4,04_全文_不规整_评分_清洗,全文,不规整,逐条评分,清洗,逐条评分,12,胃肠道症状,Spearman,17,3,0.36574362739139044,0.14881705595190192,-0.07699792279560666,0.7223318724687938,0.6470588235294118,0.5294117647058824,0.47058823529411764,14.764705882352942,不可估计
HAMD-17,PDCH共同24人验证,GLM-5.2,思考,4,04_全文_不规整_评分_清洗,全文,不规整,逐条评分,清洗,逐条评分,13,全身症状,Spearman,17,3,0.5571949459208146,0.020146549010503608,0.07591624698190297,0.869505235091891,1.0,0.23529411764705882,0.7647058823529411,14.764705882352942,不可估计
HAMD-17,PDCH共同24人验证,GLM-5.2,思考,4,04_全文_不规整_评分_清洗,全文,不规整,逐条评分,清洗,逐条评分,14,性症状,Spearman,17,3,0.516721267890611,0.03368679716184368,0.0921971588625919,0.7961576917556862,0.8823529411764706,0.47058823529411764,0.5294117647058824,14.764705882352942,不可估计
HAMD-17,PDCH共同24人验证,GLM-5.2,思考,4,04_全文_不规整_评分_清洗,全文,不规整,逐条评分,清洗,逐条评分,15,疑病,Spearman,17,3,0.1977659961584541,0.44673886077562075,-0.330711977188565,0.6096878341677728,0.8823529411764706,0.4117647058823529,0.5882352941176471,14.764705882352942,不可估计
HAMD-17,PDCH共同24人验证,GLM-5.2,思考,4,04_全文_不规整_评分_清洗,全文,不规整,逐条评分,清洗,逐条评分,16,体重减轻,Spearman,17,3,0.18179418006328227,0.4849793000882713,-0.38355231235202525,0.6025848041214916,0.29411764705882354,0.8235294117647058,0.17647058823529413,14.764705882352942,不可估计
HAMD-17,PDCH共同24人验证,GLM-5.2,思考,4,04_全文_不规整_评分_清洗,全文,不规整,逐条评分,清洗,逐条评分,17,自知力,Spearman,17,3,0.08117861928807156,0.7567702502345198,-0.5156741998016162,0.6582632023172937,0.47058823529411764,0.6470588235294118,0.35294117647058826,14.764705882352942,不可估计
HAMD-17,PDCH共同24人验证,GLM-5.2,思考,7,07_全文_规整_评分_不清洗,全文,规整,逐条评分,不清洗,逐条评分,1,抑郁情绪,Spearman,15,4,0.6315367542416251,0.011561304896585035,0.21617906106231638,0.8653452017342917,1.4,0.3333333333333333,0.6666666666666666,15.066666666666666,不可估计
HAMD-17,PDCH共同24人验证,GLM-5.2,思考,7,07_全文_规整_评分_不清洗,全文,规整,逐条评分,不清洗,逐条评分,2,有罪感,Spearman,15,3,0.6125443297162173,0.01520032376977733,0.24551776663295846,0.8498996200718781,0.6666666666666666,0.6,0.4,15.066666666666666,不可估计
HAMD-17,PDCH共同24人验证,GLM-5.2,思考,7,07_全文_规整_评分_不清洗,全文,规整,逐条评分,不清洗,逐条评分,3,自杀,Spearman,15,4,0.5459103986003098,0.035275048024348554,0.06476840387047243,0.8538010122248638,1.1333333333333333,0.6,0.4,15.066666666666666,不可估计
HAMD-17,PDCH共同24人验证,GLM-5.2,思考,7,07_全文_规整_评分_不清洗,全文,规整,逐条评分,不清洗,逐条评分,4,入睡困难,Spearman,15,3,0.4042380088362917,0.13506165637772238,-0.1331666969710743,0.7909823377534282,0.5333333333333333,0.6,0.4,15.066666666666666,不可估计
HAMD-17,PDCH共同24人验证,GLM-5.2,思考,7,07_全文_规整_评分_不清洗,全文,规整,逐条评分,不清洗,逐条评分,5,睡眠不深,Spearman,15,3,-0.14328013498141312,0.610456856814709,-0.6227969955271558,0.36120183400496236,1.0,0.3333333333333333,0.6666666666666666,15.066666666666666,不可估计
HAMD-17,PDCH共同24人验证,GLM-5.2,思考,7,07_全文_规整_评分_不清洗,全文,规整,逐条评分,不清洗,逐条评分,6,早醒,Spearman,15,3,0.4431937181251955,0.09800846978032261,-0.0699550111722237,0.7762336132827786,0.7333333333333333,0.5333333333333333,0.4666666666666667,15.066666666666666,不可估计
HAMD-17,PDCH共同24人验证,GLM-5.2,思考,7,07_全文_规整_评分_不清洗,全文,规整,逐条评分,不清洗,逐条评分,7,工作和活动,Spearman,15,4,0.7802766048506685,0.0005992658269219736,0.5078092547327655,0.9392851179301577,1.6666666666666667,0.4,0.6,15.066666666666666,不可估计
HAMD-17,PDCH共同24人验证,GLM-5.2,思考,7,07_全文_规整_评分_不清洗,全文,规整,逐条评分,不清洗,逐条评分,8,迟滞,Spearman,15,3,0.6128094430502992,0.015144100766934928,0.23109268431133137,0.8789922391291425,0.6,0.5333333333333333,0.4666666666666667,15.066666666666666,不可估计
HAMD-17,PDCH共同24人验证,GLM-5.2,思考,7,07_全文_规整_评分_不清洗,全文,规整,逐条评分,不清洗,逐条评分,9,激越,Spearman,15,3,0.47086657183023006,0.07646922746397497,-0.010478787244692136,0.7870896561227088,0.8,0.4,0.6,15.066666666666666,不可估计
HAMD-17,PDCH共同24人验证,GLM-5.2,思考,7,07_全文_规整_评分_不清洗,全文,规整,逐条评分,不清洗,逐条评分,10,精神性焦虑,Spearman,15,4,0.7235781339165832,0.0022942195378676854,0.3589790210063359,0.9170824364918031,1.3333333333333333,0.26666666666666666,0.7333333333333333,15.066666666666666,不可估计
HAMD-17,PDCH共同24人验证,GLM-5.2,思考,7,07_全文_规整_评分_不清洗,全文,规整,逐条评分,不清洗,逐条评分,11,躯体性焦虑,Spearman,15,4,0.5403464617619962,0.03757148006926906,0.05346996858910947,0.8542597832249592,1.5333333333333334,0.2,0.8,15.066666666666666,不可估计
HAMD-17,PDCH共同24人验证,GLM-5.2,思考,7,07_全文_规整_评分_不清洗,全文,规整,逐条评分,不清洗,逐条评分,12,胃肠道症状,Spearman,15,3,0.44451788923074154,0.09689051429870182,-0.05780094710449698,0.7861726444054927,0.5333333333333333,0.6666666666666666,0.3333333333333333,15.066666666666666,不可估计
HAMD-17,PDCH共同24人验证,GLM-5.2,思考,7,07_全文_规整_评分_不清洗,全文,规整,逐条评分,不清洗,逐条评分,13,全身症状,Spearman,15,3,0.5028389933742581,0.0560693869148195,0.000555256877613568,0.823442854661763,0.8,0.4,0.6,15.066666666666666,不可估计
HAMD-17,PDCH共同24人验证,GLM-5.2,思考,7,07_全文_规整_评分_不清洗,全文,规整,逐条评分,不清洗,逐条评分,14,性症状,Spearman,15,3,0.6668301198649653,0.006623266081299639,0.32284102938792314,0.8663470743660098,0.7333333333333333,0.4666666666666667,0.5333333333333333,15.066666666666666,不可估计
HAMD-17,PDCH共同24人验证,GLM-5.2,思考,7,07_全文_规整_评分_不清洗,全文,规整,逐条评分,不清洗,逐条评分,15,疑病,Spearman,15,3,0.2822130402411559,0.308158966946665,-0.3603820991051451,0.707838965065597,0.6666666666666666,0.5333333333333333,0.4666666666666667,15.066666666666666,不可估计
HAMD-17,PDCH共同24人验证,GLM-5.2,思考,7,07_全文_规整_评分_不清洗,全文,规整,逐条评分,不清洗,逐条评分,16,体重减轻,Spearman,15,3,0.18177522243456778,0.5167437877845882,-0.3506647643257866,0.6257549033373054,0.4666666666666667,0.7333333333333333,0.26666666666666666,15.066666666666666,不可估计
HAMD-17,PDCH共同24人验证,GLM-5.2,思考,7,07_全文_规整_评分_不清洗,全文,规整,逐条评分,不清洗,逐条评分,17,自知力,Spearman,15,2,0.0,1.0,-0.632908349092583,0.5890298108168401,0.3333333333333333,0.6666666666666666,0.3333333333333333,15.066666666666666,不可估计
HAMD-17,PDCH共同24人验证,GLM-5.2,思考,8,08_全文_规整_评分_清洗,全文,规整,逐条评分,清洗,逐条评分,1,抑郁情绪,Spearman,17,4,0.7407271955603344,0.0006707032385432596,0.41623337339432587,0.9001362335845716,1.5294117647058822,0.17647058823529413,0.8235294117647058,13.764705882352942,不可估计
HAMD-17,PDCH共同24人验证,GLM-5.2,思考,8,08_全文_规整_评分_清洗,全文,规整,逐条评分,清洗,逐条评分,2,有罪感,Spearman,17,3,0.5235309822246554,0.03102318205937298,0.1322079990963225,0.817673244785763,0.7058823529411765,0.5294117647058824,0.47058823529411764,13.764705882352942,不可估计
HAMD-17,PDCH共同24人验证,GLM-5.2,思考,8,08_全文_规整_评分_清洗,全文,规整,逐条评分,清洗,逐条评分,3,自杀,Spearman,17,4,0.5696010818910613,0.016994327351557082,0.16749917990808408,0.8433545085363241,1.0,0.6470588235294118,0.35294117647058826,13.764705882352942,不可估计
HAMD-17,PDCH共同24人验证,GLM-5.2,思考,8,08_全文_规整_评分_清洗,全文,规整,逐条评分,清洗,逐条评分,4,入睡困难,Spearman,17,3,0.22326252226057525,0.3890359524492048,-0.3950420814639814,0.640915745815844,0.35294117647058826,0.7058823529411765,0.29411764705882354,13.764705882352942,不可估计
HAMD-17,PDCH共同24人验证,GLM-5.2,思考,8,08_全文_规整_评分_清洗,全文,规整,逐条评分,清洗,逐条评分,5,睡眠不深,Spearman,17,3,0.38278115952057523,0.129398148243128,-0.021794709312331007,0.6950840808443595,0.9411764705882353,0.4117647058823529,0.5882352941176471,13.764705882352942,不可估计
HAMD-17,PDCH共同24人验证,GLM-5.2,思考,8,08_全文_规整_评分_清洗,全文,规整,逐条评分,清洗,逐条评分,6,早醒,Spearman,17,3,0.30491069287052014,0.23403819559825986,-0.2055383818457542,0.6408018720582581,0.7647058823529411,0.47058823529411764,0.5294117647058824,13.764705882352942,不可估计
HAMD-17,PDCH共同24人验证,GLM-5.2,思考,8,08_全文_规整_评分_清洗,全文,规整,逐条评分,清洗,逐条评分,7,工作和活动,Spearman,17,5,0.7698215637904829,0.00030131037431715594,0.5423444161176344,0.9270657473483481,2.1176470588235294,0.23529411764705882,0.7647058823529411,13.764705882352942,不可估计
HAMD-17,PDCH共同24人验证,GLM-5.2,思考,8,08_全文_规整_评分_清洗,全文,规整,逐条评分,清洗,逐条评分,8,迟滞,Spearman,17,3,0.6000252519938666,0.010885328622400114,0.23143645066846438,0.8491543609968453,0.5882352941176471,0.5294117647058824,0.47058823529411764,13.764705882352942,不可估计
HAMD-17,PDCH共同24人验证,GLM-5.2,思考,8,08_全文_规整_评分_清洗,全文,规整,逐条评分,清洗,逐条评分,9,激越,Spearman,17,3,0.32225790953273786,0.20713574925459086,-0.16707359541228484,0.7140477127747404,0.7647058823529411,0.47058823529411764,0.5294117647058824,13.764705882352942,不可估计
HAMD-17,PDCH共同24人验证,GLM-5.2,思考,8,08_全文_规整_评分_清洗,全文,规整,逐条评分,清洗,逐条评分,10,精神性焦虑,Spearman,17,4,0.786490305521529,0.00018069695951780605,0.53933424785759,0.9401485814700272,1.411764705882353,0.35294117647058826,0.6470588235294118,13.764705882352942,不可估计
HAMD-17,PDCH共同24人验证,GLM-5.2,思考,8,08_全文_规整_评分_清洗,全文,规整,逐条评分,清洗,逐条评分,11,躯体性焦虑,Spearman,17,4,0.6002950897216596,0.010840332260089907,0.2156505150019361,0.8609723486827756,1.588235294117647,0.17647058823529413,0.8235294117647058,13.764705882352942,不可估计
HAMD-17,PDCH共同24人验证,GLM-5.2,思考,8,08_全文_规整_评分_清洗,全文,规整,逐条评分,清洗,逐条评分,12,胃肠道症状,Spearman,17,3,0.37752356014100424,0.13519143059860547,-0.04447597958761359,0.7188396721935604,0.5882352941176471,0.5882352941176471,0.4117647058823529,13.764705882352942,不可估计
HAMD-17,PDCH共同24人验证,GLM-5.2,思考,8,08_全文_规整_评分_清洗,全文,规整,逐条评分,清洗,逐条评分,13,全身症状,Spearman,17,3,0.5946562632551442,0.011811898466433813,0.16519513483502324,0.8858518549623245,0.7647058823529411,0.4117647058823529,0.5882352941176471,13.764705882352942,不可估计
HAMD-17,PDCH共同24人验证,GLM-5.2,思考,8,08_全文_规整_评分_清洗,全文,规整,逐条评分,清洗,逐条评分,14,性症状,Spearman,17,3,0.588348405414552,0.012979205467040214,0.18222675566650443,0.8212413210525858,0.5882352941176471,0.5882352941176471,0.4117647058823529,13.764705882352942,不可估计
HAMD-17,PDCH共同24人验证,GLM-5.2,思考,8,08_全文_规整_评分_清洗,全文,规整,逐条评分,清洗,逐条评分,15,疑病,Spearman,17,3,0.17660953294889584,0.49772392958807377,-0.3172752303826788,0.6031754728943293,0.8823529411764706,0.47058823529411764,0.5294117647058824,13.764705882352942,不可估计
HAMD-17,PDCH共同24人验证,GLM-5.2,思考,8,08_全文_规整_评分_清洗,全文,规整,逐条评分,清洗,逐条评分,16,体重减轻,Spearman,17,2,0.09409658158863513,0.7194326886596105,-0.4134085528946512,0.5800508238148974,0.23529411764705882,0.8823529411764706,0.11764705882352941,13.764705882352942,不可估计
HAMD-17,PDCH共同24人验证,GLM-5.2,思考,8,08_全文_规整_评分_清洗,全文,规整,逐条评分,清洗,逐条评分,17,自知力,Spearman,17,3,-0.09209109202723806,0.7251924039906198,-0.681768921280062,0.49634817290523825,0.47058823529411764,0.6470588235294118,0.35294117647058826,13.764705882352942,不可估计
HAMD-17,PDCH共同24人验证,GLM-5.2,思考,11,11_事件序列_不规整_评分_不清洗,事件序列,不规整,逐条评分,不清洗,逐条评分,1,抑郁情绪,Spearman,20,4,0.788808339194118,3.58164099257267e-05,0.5718741274612872,0.9233169343829559,1.15,0.3,0.7,14.4,探索
HAMD-17,PDCH共同24人验证,GLM-5.2,思考,11,11_事件序列_不规整_评分_不清洗,事件序列,不规整,逐条评分,不清洗,逐条评分,2,有罪感,Spearman,20,3,0.44500788086678755,0.04928519044668794,0.025207859206331243,0.7413919302218479,0.8,0.3,0.7,14.4,探索
HAMD-17,PDCH共同24人验证,GLM-5.2,思考,11,11_事件序列_不规整_评分_不清洗,事件序列,不规整,逐条评分,不清洗,逐条评分,3,自杀,Spearman,20,5,0.4740676505006605,0.034712636696312346,0.09603802301053782,0.7342029480971511,1.0,0.6,0.4,14.4,探索
HAMD-17,PDCH共同24人验证,GLM-5.2,思考,11,11_事件序列_不规整_评分_不清洗,事件序列,不规整,逐条评分,不清洗,逐条评分,4,入睡困难,Spearman,20,3,0.4190490310382102,0.06590358227088401,-0.0022744103676397864,0.7721752052876872,0.45,0.65,0.35,14.4,探索
HAMD-17,PDCH共同24人验证,GLM-5.2,思考,11,11_事件序列_不规整_评分_不清洗,事件序列,不规整,逐条评分,不清洗,逐条评分,5,睡眠不深,Spearman,20,3,0.20845032020312887,0.37780999751842664,-0.22704608435631898,0.5743975185101388,0.9,0.45,0.55,14.4,探索
HAMD-17,PDCH共同24人验证,GLM-5.2,思考,11,11_事件序列_不规整_评分_不清洗,事件序列,不规整,逐条评分,不清洗,逐条评分,6,早醒,Spearman,20,3,0.44767674026361853,0.04777865608247001,-0.04250254633521707,0.7289045618160932,0.5,0.7,0.3,14.4,探索
HAMD-17,PDCH共同24人验证,GLM-5.2,思考,11,11_事件序列_不规整_评分_不清洗,事件序列,不规整,逐条评分,不清洗,逐条评分,7,工作和活动,Spearman,20,5,0.7100546530773044,0.00045241119748264585,0.4748828594129571,0.8620051235598913,1.6,0.25,0.75,14.4,探索
HAMD-17,PDCH共同24人验证,GLM-5.2,思考,11,11_事件序列_不规整_评分_不清洗,事件序列,不规整,逐条评分,不清洗,逐条评分,8,迟滞,Spearman,20,3,0.633827170842241,0.0026927409798605437,0.3397603198234558,0.834921061931096,0.35,0.7,0.3,14.4,探索
HAMD-17,PDCH共同24人验证,GLM-5.2,思考,11,11_事件序列_不规整_评分_不清洗,事件序列,不规整,逐条评分,不清洗,逐条评分,9,激越,Spearman,20,3,0.5191500387779214,0.01899264567574087,0.09898774592167009,0.7895751357956848,0.9,0.35,0.65,14.4,探索
HAMD-17,PDCH共同24人验证,GLM-5.2,思考,11,11_事件序列_不规整_评分_不清洗,事件序列,不规整,逐条评分,不清洗,逐条评分,10,精神性焦虑,Spearman,20,4,0.6714873827716324,0.0011874244845943524,0.3044810763133891,0.9341096327117892,1.05,0.3,0.7,14.4,探索
HAMD-17,PDCH共同24人验证,GLM-5.2,思考,11,11_事件序列_不规整_评分_不清洗,事件序列,不规整,逐条评分,不清洗,逐条评分,11,躯体性焦虑,Spearman,20,4,0.4951680798884511,0.026426613053065824,0.08052248056746686,0.7966804998361878,1.55,0.15,0.85,14.4,探索
HAMD-17,PDCH共同24人验证,GLM-5.2,思考,11,11_事件序列_不规整_评分_不清洗,事件序列,不规整,逐条评分,不清洗,逐条评分,12,胃肠道症状,Spearman,20,3,0.36400010783381753,0.11462850312144501,-0.01030377296277575,0.6838355978338502,0.6,0.55,0.45,14.4,探索
HAMD-17,PDCH共同24人验证,GLM-5.2,思考,11,11_事件序列_不规整_评分_不清洗,事件序列,不规整,逐条评分,不清洗,逐条评分,13,全身症状,Spearman,20,3,0.6512000159180319,0.0018707241497088066,0.36506040974415394,0.8353981390350649,1.05,0.2,0.8,14.4,探索
HAMD-17,PDCH共同24人验证,GLM-5.2,思考,11,11_事件序列_不规整_评分_不清洗,事件序列,不规整,逐条评分,不清洗,逐条评分,14,性症状,Spearman,20,3,0.6895468553293176,0.0007692851129787274,0.4246420094275789,0.871109000839969,0.8,0.5,0.5,14.4,探索
HAMD-17,PDCH共同24人验证,GLM-5.2,思考,11,11_事件序列_不规整_评分_不清洗,事件序列,不规整,逐条评分,不清洗,逐条评分,15,疑病,Spearman,20,3,0.3171037034963359,0.17310777467028945,-0.15551905901172414,0.6520645622580682,0.65,0.5,0.5,14.4,探索
HAMD-17,PDCH共同24人验证,GLM-5.2,思考,11,11_事件序列_不规整_评分_不清洗,事件序列,不规整,逐条评分,不清洗,逐条评分,16,体重减轻,Spearman,20,2,0.07360273532474555,0.7577891226692576,-0.3851132686084142,0.5000071182521231,0.15,0.85,0.15,14.4,探索
HAMD-17,PDCH共同24人验证,GLM-5.2,思考,11,11_事件序列_不规整_评分_不清洗,事件序列,不规整,逐条评分,不清洗,逐条评分,17,自知力,Spearman,20,3,0.15679879936381297,0.5091404486979997,-0.41648633778189553,0.6070807227138953,0.35,0.7,0.3,14.4,探索
HAMD-17,PDCH共同24人验证,GLM-5.2,思考,12,12_事件序列_不规整_评分_清洗,事件序列,不规整,逐条评分,清洗,逐条评分,1,抑郁情绪,Spearman,18,4,0.7865346984500123,0.00010819543917674277,0.5533165232274452,0.9349041336323098,1.1111111111111112,0.3333333333333333,0.6666666666666666,14.555555555555555,不可估计
HAMD-17,PDCH共同24人验证,GLM-5.2,思考,12,12_事件序列_不规整_评分_清洗,事件序列,不规整,逐条评分,清洗,逐条评分,2,有罪感,Spearman,18,4,0.5021835068013979,0.03369316489931224,0.12912306468860654,0.7921724699007541,1.0,0.3333333333333333,0.6666666666666666,14.555555555555555,不可估计
HAMD-17,PDCH共同24人验证,GLM-5.2,思考,12,12_事件序列_不规整_评分_清洗,事件序列,不规整,逐条评分,清洗,逐条评分,3,自杀,Spearman,18,3,0.5964459471378298,0.008982221674248447,0.24442991470598574,0.8485075570199221,1.1111111111111112,0.5555555555555556,0.4444444444444444,14.555555555555555,不可估计
HAMD-17,PDCH共同24人验证,GLM-5.2,思考,12,12_事件序列_不规整_评分_清洗,事件序列,不规整,逐条评分,清洗,逐条评分,4,入睡困难,Spearman,18,3,0.4536800023182812,0.05861774107671071,-0.03727882891376117,0.7738220566867521,0.5555555555555556,0.6111111111111112,0.3888888888888889,14.555555555555555,不可估计
HAMD-17,PDCH共同24人验证,GLM-5.2,思考,12,12_事件序列_不规整_评分_清洗,事件序列,不规整,逐条评分,清洗,逐条评分,5,睡眠不深,Spearman,18,3,0.3640998937396901,0.13744090109804535,-0.06347710680877412,0.6954995237290929,0.7777777777777778,0.5,0.5,14.555555555555555,不可估计
HAMD-17,PDCH共同24人验证,GLM-5.2,思考,12,12_事件序列_不规整_评分_清洗,事件序列,不规整,逐条评分,清洗,逐条评分,6,早醒,Spearman,18,3,0.18410202992625904,0.4646014663267556,-0.4906230498309055,0.6025361801610832,0.5555555555555556,0.6111111111111112,0.3888888888888889,14.555555555555555,不可估计
HAMD-17,PDCH共同24人验证,GLM-5.2,思考,12,12_事件序列_不规整_评分_清洗,事件序列,不规整,逐条评分,清洗,逐条评分,7,工作和活动,Spearman,18,5,0.730046109190373,0.0005825046317396461,0.5082466875576468,0.8989963651717424,1.5555555555555556,0.2222222222222222,0.7777777777777778,14.555555555555555,不可估计
HAMD-17,PDCH共同24人验证,GLM-5.2,思考,12,12_事件序列_不规整_评分_清洗,事件序列,不规整,逐条评分,清洗,逐条评分,8,迟滞,Spearman,18,3,0.7304307810710666,0.0005766713606887645,0.4823904611927121,0.8993949667134525,0.5555555555555556,0.6111111111111112,0.3888888888888889,14.555555555555555,不可估计
HAMD-17,PDCH共同24人验证,GLM-5.2,思考,12,12_事件序列_不规整_评分_清洗,事件序列,不规整,逐条评分,清洗,逐条评分,9,激越,Spearman,18,3,0.6183964874465852,0.00622658758494615,0.273656881135375,0.8329200107283333,0.7777777777777778,0.4444444444444444,0.5555555555555556,14.555555555555555,不可估计
HAMD-17,PDCH共同24人验证,GLM-5.2,思考,12,12_事件序列_不规整_评分_清洗,事件序列,不规整,逐条评分,清洗,逐条评分,10,精神性焦虑,Spearman,18,3,0.6676108471525578,0.002466826689633375,0.2882361506231402,0.8824294997495639,0.9444444444444444,0.2777777777777778,0.7222222222222222,14.555555555555555,不可估计
HAMD-17,PDCH共同24人验证,GLM-5.2,思考,12,12_事件序列_不规整_评分_清洗,事件序列,不规整,逐条评分,清洗,逐条评分,11,躯体性焦虑,Spearman,18,4,0.39434223965630194,0.10537048624606435,-0.05342031984814832,0.7155000155524428,1.3888888888888888,0.16666666666666666,0.8333333333333334,14.555555555555555,不可估计
HAMD-17,PDCH共同24人验证,GLM-5.2,思考,12,12_事件序列_不规整_评分_清洗,事件序列,不规整,逐条评分,清洗,逐条评分,12,胃肠道症状,Spearman,18,3,0.43633702817284253,0.07024897297707572,0.0025292935475203864,0.7589654484061219,0.6111111111111112,0.5555555555555556,0.4444444444444444,14.555555555555555,不可估计
HAMD-17,PDCH共同24人验证,GLM-5.2,思考,12,12_事件序列_不规整_评分_清洗,事件序列,不规整,逐条评分,清洗,逐条评分,13,全身症状,Spearman,18,3,0.6843736895430562,0.0017313835995201145,0.2879596552971932,0.925541253567973,0.8888888888888888,0.3333333333333333,0.6666666666666666,14.555555555555555,不可估计
HAMD-17,PDCH共同24人验证,GLM-5.2,思考,12,12_事件序列_不规整_评分_清洗,事件序列,不规整,逐条评分,清洗,逐条评分,14,性症状,Spearman,18,3,0.6139234567959769,0.006723539725073952,0.23885174644048646,0.8527638052121377,0.8888888888888888,0.4444444444444444,0.5555555555555556,14.555555555555555,不可估计
HAMD-17,PDCH共同24人验证,GLM-5.2,思考,12,12_事件序列_不规整_评分_清洗,事件序列,不规整,逐条评分,清洗,逐条评分,15,疑病,Spearman,18,3,0.2835556880013974,0.2541791466551287,-0.23705062768613958,0.6687283052369937,0.6666666666666666,0.5,0.5,14.555555555555555,不可估计
HAMD-17,PDCH共同24人验证,GLM-5.2,思考,12,12_事件序列_不规整_评分_清洗,事件序列,不规整,逐条评分,清洗,逐条评分,16,体重减轻,Spearman,18,3,0.206986087062081,0.4098804144500232,-0.34643618016802347,0.6069863552395734,0.2777777777777778,0.8333333333333334,0.16666666666666666,14.555555555555555,不可估计
HAMD-17,PDCH共同24人验证,GLM-5.2,思考,12,12_事件序列_不规整_评分_清洗,事件序列,不规整,逐条评分,清洗,逐条评分,17,自知力,Spearman,18,3,0.3673822575783852,0.13366645947868958,-0.19227565437843824,0.7058327672528216,0.3333333333333333,0.7222222222222222,0.2777777777777778,14.555555555555555,不可估计
HAMD-17,PDCH共同24人验证,GLM-5.2,思考,15,15_事件序列_规整_评分_不清洗,事件序列,规整,逐条评分,不清洗,逐条评分,1,抑郁情绪,Spearman,19,4,0.7276322474167325,0.00041405007051809343,0.41882427275179385,0.9019500466436926,1.4210526315789473,0.2631578947368421,0.7368421052631579,14.789473684210526,不可估计
HAMD-17,PDCH共同24人验证,GLM-5.2,思考,15,15_事件序列_规整_评分_不清洗,事件序列,规整,逐条评分,不清洗,逐条评分,2,有罪感,Spearman,19,4,0.4521619990375562,0.05193632664805818,0.016976455398185104,0.7835511924649305,0.8947368421052632,0.3684210526315789,0.631578947368421,14.789473684210526,不可估计
HAMD-17,PDCH共同24人验证,GLM-5.2,思考,15,15_事件序列_规整_评分_不清洗,事件序列,规整,逐条评分,不清洗,逐条评分,3,自杀,Spearman,19,3,0.46066880105180397,0.047152769835305336,0.05969007412661315,0.7353800026743044,0.9473684210526315,0.5789473684210527,0.42105263157894735,14.789473684210526,不可估计
HAMD-17,PDCH共同24人验证,GLM-5.2,思考,15,15_事件序列_规整_评分_不清洗,事件序列,规整,逐条评分,不清洗,逐条评分,4,入睡困难,Spearman,19,3,0.6141561872448233,0.00515058094777546,0.23393706139087228,0.8823887400293517,0.5263157894736842,0.631578947368421,0.3684210526315789,14.789473684210526,不可估计
HAMD-17,PDCH共同24人验证,GLM-5.2,思考,15,15_事件序列_规整_评分_不清洗,事件序列,规整,逐条评分,不清洗,逐条评分,5,睡眠不深,Spearman,19,3,0.21166570272984006,0.3843491811635816,-0.200879164491579,0.5803036853721827,0.7368421052631579,0.47368421052631576,0.5263157894736842,14.789473684210526,不可估计
HAMD-17,PDCH共同24人验证,GLM-5.2,思考,15,15_事件序列_规整_评分_不清洗,事件序列,规整,逐条评分,不清洗,逐条评分,6,早醒,Spearman,19,2,0.46482790573443256,0.04494017524778661,-0.01729146568439088,0.7759374285798579,0.5263157894736842,0.7368421052631579,0.2631578947368421,14.789473684210526,不可估计
HAMD-17,PDCH共同24人验证,GLM-5.2,思考,15,15_事件序列_规整_评分_不清洗,事件序列,规整,逐条评分,不清洗,逐条评分,7,工作和活动,Spearman,19,5,0.6888132596808276,0.0011084561881313003,0.43171777392253796,0.873438112127013,2.1578947368421053,0.21052631578947367,0.7894736842105263,14.789473684210526,不可估计
HAMD-17,PDCH共同24人验证,GLM-5.2,思考,15,15_事件序列_规整_评分_不清洗,事件序列,规整,逐条评分,不清洗,逐条评分,8,迟滞,Spearman,19,3,0.597600121247238,0.00689070413799099,0.3147481956429171,0.8166885810086616,0.7368421052631579,0.5263157894736842,0.47368421052631576,14.789473684210526,不可估计
HAMD-17,PDCH共同24人验证,GLM-5.2,思考,15,15_事件序列_规整_评分_不清洗,事件序列,规整,逐条评分,不清洗,逐条评分,9,激越,Spearman,19,3,0.5837730668918473,0.008686640263560634,0.20608535090246907,0.8341482100174699,0.631578947368421,0.5263157894736842,0.47368421052631576,14.789473684210526,不可估计
HAMD-17,PDCH共同24人验证,GLM-5.2,思考,15,15_事件序列_规整_评分_不清洗,事件序列,规整,逐条评分,不清洗,逐条评分,10,精神性焦虑,Spearman,19,4,0.6797652686899363,0.0013658305594635085,0.37070919158633747,0.8905942259671648,1.105263157894737,0.3157894736842105,0.6842105263157895,14.789473684210526,不可估计
HAMD-17,PDCH共同24人验证,GLM-5.2,思考,15,15_事件序列_规整_评分_不清洗,事件序列,规整,逐条评分,不清洗,逐条评分,11,躯体性焦虑,Spearman,19,4,0.4484419582362236,0.054140316935048775,0.054791478466011595,0.7467939957090641,1.736842105263158,0.10526315789473684,0.8947368421052632,14.789473684210526,不可估计
HAMD-17,PDCH共同24人验证,GLM-5.2,思考,15,15_事件序列_规整_评分_不清洗,事件序列,规整,逐条评分,不清洗,逐条评分,12,胃肠道症状,Spearman,19,3,0.5114984134677585,0.025190450157105294,0.13913842938846074,0.7978898823916792,0.7894736842105263,0.47368421052631576,0.5263157894736842,14.789473684210526,不可估计
HAMD-17,PDCH共同24人验证,GLM-5.2,思考,15,15_事件序列_规整_评分_不清洗,事件序列,规整,逐条评分,不清洗,逐条评分,13,全身症状,Spearman,19,3,0.7297211819500002,0.00039088960188989643,0.36387699984870603,0.9375311033885029,0.9473684210526315,0.3157894736842105,0.6842105263157895,14.789473684210526,不可估计
HAMD-17,PDCH共同24人验证,GLM-5.2,思考,15,15_事件序列_规整_评分_不清洗,事件序列,规整,逐条评分,不清洗,逐条评分,14,性症状,Spearman,19,3,0.5924281869888273,0.007523168765180011,0.25263649301881164,0.8288256610618374,0.8947368421052632,0.47368421052631576,0.5263157894736842,14.789473684210526,不可估计
HAMD-17,PDCH共同24人验证,GLM-5.2,思考,15,15_事件序列_规整_评分_不清洗,事件序列,规整,逐条评分,不清洗,逐条评分,15,疑病,Spearman,19,3,0.33548306497239644,0.16027538939801086,-0.09033298175476173,0.6756726465383397,0.8947368421052632,0.47368421052631576,0.5263157894736842,14.789473684210526,不可估计
HAMD-17,PDCH共同24人验证,GLM-5.2,思考,15,15_事件序列_规整_评分_不清洗,事件序列,规整,逐条评分,不清洗,逐条评分,16,体重减轻,Spearman,19,3,0.2944713665457084,0.22103037324308888,0.0041776866296518896,0.5895748683419435,0.21052631578947367,0.8421052631578947,0.15789473684210525,14.789473684210526,不可估计
HAMD-17,PDCH共同24人验证,GLM-5.2,思考,15,15_事件序列_规整_评分_不清洗,事件序列,规整,逐条评分,不清洗,逐条评分,17,自知力,Spearman,19,3,0.08887451153532039,0.717492232345891,-0.5468251970032961,0.6534658206436451,0.2631578947368421,0.7894736842105263,0.21052631578947367,14.789473684210526,不可估计
HAMD-17,PDCH共同24人验证,GLM-5.2,思考,16,16_事件序列_规整_评分_清洗,事件序列,规整,逐条评分,清洗,逐条评分,1,抑郁情绪,Spearman,19,4,0.7889278045738622,5.9566815674696364e-05,0.5436101130724695,0.9292704240155734,1.2105263157894737,0.3157894736842105,0.6842105263157895,15.210526315789474,不可估计
HAMD-17,PDCH共同24人验证,GLM-5.2,思考,16,16_事件序列_规整_评分_清洗,事件序列,规整,逐条评分,清洗,逐条评分,2,有罪感,Spearman,19,3,0.644445662712916,0.0028971944386835553,0.30326938722120383,0.8671950647357354,0.9473684210526315,0.3684210526315789,0.631578947368421,15.210526315789474,不可估计
HAMD-17,PDCH共同24人验证,GLM-5.2,思考,16,16_事件序列_规整_评分_清洗,事件序列,规整,逐条评分,清洗,逐条评分,3,自杀,Spearman,19,3,0.5642700327648914,0.011846733011668005,0.18455445132326537,0.8220720281794227,0.8947368421052632,0.631578947368421,0.3684210526315789,15.210526315789474,不可估计
HAMD-17,PDCH共同24人验证,GLM-5.2,思考,16,16_事件序列_规整_评分_清洗,事件序列,规整,逐条评分,清洗,逐条评分,4,入睡困难,Spearman,19,3,0.4862758050912913,0.0347649207178913,0.04588738216471827,0.813734482816513,0.5789473684210527,0.5789473684210527,0.42105263157894735,15.210526315789474,不可估计
HAMD-17,PDCH共同24人验证,GLM-5.2,思考,16,16_事件序列_规整_评分_清洗,事件序列,规整,逐条评分,清洗,逐条评分,5,睡眠不深,Spearman,19,3,0.3536702038855139,0.13742316302868293,-0.04336731609338424,0.7047341503595961,0.6842105263157895,0.5263157894736842,0.47368421052631576,15.210526315789474,不可估计
HAMD-17,PDCH共同24人验证,GLM-5.2,思考,16,16_事件序列_规整_评分_清洗,事件序列,规整,逐条评分,清洗,逐条评分,6,早醒,Spearman,19,3,0.34630779720994637,0.14638087278675296,-0.14908764112868064,0.7243392308479333,0.5789473684210527,0.631578947368421,0.3684210526315789,15.210526315789474,不可估计
HAMD-17,PDCH共同24人验证,GLM-5.2,思考,16,16_事件序列_规整_评分_清洗,事件序列,规整,逐条评分,清洗,逐条评分,7,工作和活动,Spearman,19,5,0.7116164285500267,0.000633332272012185,0.4218459061505531,0.8869478806252882,2.0,0.21052631578947367,0.7894736842105263,15.210526315789474,不可估计
HAMD-17,PDCH共同24人验证,GLM-5.2,思考,16,16_事件序列_规整_评分_清洗,事件序列,规整,逐条评分,清洗,逐条评分,8,迟滞,Spearman,19,3,0.5308050257061611,0.019372097441707647,0.09652025782125283,0.825998640561757,0.8947368421052632,0.3684210526315789,0.631578947368421,15.210526315789474,不可估计
HAMD-17,PDCH共同24人验证,GLM-5.2,思考,16,16_事件序列_规整_评分_清洗,事件序列,规整,逐条评分,清洗,逐条评分,9,激越,Spearman,19,3,0.7564080966840288,0.0001785375270928018,0.5716723110589637,0.889076393901094,0.7368421052631579,0.42105263157894735,0.5789473684210527,15.210526315789474,不可估计
HAMD-17,PDCH共同24人验证,GLM-5.2,思考,16,16_事件序列_规整_评分_清洗,事件序列,规整,逐条评分,清洗,逐条评分,10,精神性焦虑,Spearman,19,4,0.7267320759760777,0.00042438232002470243,0.45886951624482836,0.9016620586919487,1.1578947368421053,0.3684210526315789,0.631578947368421,15.210526315789474,不可估计
HAMD-17,PDCH共同24人验证,GLM-5.2,思考,16,16_事件序列_规整_评分_清洗,事件序列,规整,逐条评分,清洗,逐条评分,11,躯体性焦虑,Spearman,19,4,0.5073315172416495,0.02660963487970799,0.054480283021209885,0.7999816276359983,1.736842105263158,0.10526315789473684,0.8947368421052632,15.210526315789474,不可估计
HAMD-17,PDCH共同24人验证,GLM-5.2,思考,16,16_事件序列_规整_评分_清洗,事件序列,规整,逐条评分,清洗,逐条评分,12,胃肠道症状,Spearman,19,3,0.3801690015649483,0.10836645160176539,-0.025705405715056195,0.6826279829484941,0.7894736842105263,0.47368421052631576,0.5263157894736842,15.210526315789474,不可估计
HAMD-17,PDCH共同24人验证,GLM-5.2,思考,16,16_事件序列_规整_评分_清洗,事件序列,规整,逐条评分,清洗,逐条评分,13,全身症状,Spearman,19,3,0.6627582318960533,0.001985270435231841,0.2887371106139688,0.8982964838694736,0.8947368421052632,0.42105263157894735,0.5789473684210527,15.210526315789474,不可估计
HAMD-17,PDCH共同24人验证,GLM-5.2,思考,16,16_事件序列_规整_评分_清洗,事件序列,规整,逐条评分,清洗,逐条评分,14,性症状,Spearman,19,3,0.7312396490891592,0.000374750359353548,0.49212236124489095,0.8839019429376301,0.8421052631578947,0.47368421052631576,0.5263157894736842,15.210526315789474,不可估计
HAMD-17,PDCH共同24人验证,GLM-5.2,思考,16,16_事件序列_规整_评分_清洗,事件序列,规整,逐条评分,清洗,逐条评分,15,疑病,Spearman,19,3,0.17400262300145908,0.4761971456039964,-0.2662537849514035,0.549434054449488,1.0,0.42105263157894735,0.5789473684210527,15.210526315789474,不可估计
HAMD-17,PDCH共同24人验证,GLM-5.2,思考,16,16_事件序列_规整_评分_清洗,事件序列,规整,逐条评分,清洗,逐条评分,16,体重减轻,Spearman,19,3,0.08002259667446782,0.7446871103921736,-0.3589709024382022,0.48683953243344863,0.3157894736842105,0.7894736842105263,0.21052631578947367,15.210526315789474,不可估计
HAMD-17,PDCH共同24人验证,GLM-5.2,思考,16,16_事件序列_规整_评分_清洗,事件序列,规整,逐条评分,清洗,逐条评分,17,自知力,Spearman,19,2,0.052047676908716346,0.8324103389973923,-0.4443284619864039,0.4785069489057336,0.3157894736842105,0.6842105263157895,0.3157894736842105,15.210526315789474,不可估计
HAMD-17,PDCH共同24人验证,Kimi-K2.6,不思考,3,03_全文_不规整_评分_不清洗,全文,不规整,逐条评分,不清洗,逐条评分,1,抑郁情绪,Spearman,6,4,0.9534625892455922,0.0031982021523353187,0.8029550685469663,1.0,1.1666666666666667,0.3333333333333333,0.6666666666666666,10.0,不可估计
HAMD-17,PDCH共同24人验证,Kimi-K2.6,不思考,3,03_全文_不规整_评分_不清洗,全文,不规整,逐条评分,不清洗,逐条评分,2,有罪感,Spearman,6,2,0.33541019662496846,0.5157515286227016,-0.48680339887498936,0.9216353751380653,0.6666666666666666,0.3333333333333333,0.6666666666666666,10.0,不可估计
HAMD-17,PDCH共同24人验证,Kimi-K2.6,不思考,3,03_全文_不规整_评分_不清洗,全文,不规整,逐条评分,不清洗,逐条评分,3,自杀,Spearman,6,3,0.7302967433402215,0.09930068321372679,0.2000000000000001,1.0,0.6666666666666666,0.6666666666666666,0.3333333333333333,10.0,不可估计
HAMD-17,PDCH共同24人验证,Kimi-K2.6,不思考,3,03_全文_不规整_评分_不清洗,全文,不规整,逐条评分,不清洗,逐条评分,4,入睡困难,Spearman,6,2,0.14142135623730953,0.7892821792064089,-0.5,0.7071067811865476,0.16666666666666666,0.8333333333333334,0.16666666666666666,10.0,不可估计
HAMD-17,PDCH共同24人验证,Kimi-K2.6,不思考,3,03_全文_不规整_评分_不清洗,全文,不规整,逐条评分,不清洗,逐条评分,5,睡眠不深,Spearman,6,2,0.7378647873726218,0.09406601105916985,0.31622776601683794,1.0,0.5,0.5,0.5,10.0,不可估计
HAMD-17,PDCH共同24人验证,Kimi-K2.6,不思考,3,03_全文_不规整_评分_不清洗,全文,不规整,逐条评分,不清洗,逐条评分,6,早醒,Spearman,6,2,0.14142135623730953,0.7892821792064089,-0.316227766016838,0.9999999999999999,0.16666666666666666,0.8333333333333334,0.16666666666666666,10.0,不可估计
HAMD-17,PDCH共同24人验证,Kimi-K2.6,不思考,3,03_全文_不规整_评分_不清洗,全文,不规整,逐条评分,不清洗,逐条评分,7,工作和活动,Spearman,6,3,0.7666666666666669,0.07531481481481465,0.316227766016838,1.0,1.1666666666666667,0.5,0.5,10.0,不可估计
HAMD-17,PDCH共同24人验证,Kimi-K2.6,不思考,3,03_全文_不规整_评分_不清洗,全文,不规整,逐条评分,不清洗,逐条评分,8,迟滞,Spearman,6,2,0.6708203932499369,0.14470399860633043,0.3162277660168379,1.0,0.3333333333333333,0.6666666666666666,0.3333333333333333,10.0,不可估计
HAMD-17,PDCH共同24人验证,Kimi-K2.6,不思考,3,03_全文_不规整_评分_不清洗,全文,不规整,逐条评分,不清洗,逐条评分,9,激越,Spearman,6,3,1.0,0.0,1.0,1.0,0.8333333333333334,0.3333333333333333,0.6666666666666666,10.0,不可估计
HAMD-17,PDCH共同24人验证,Kimi-K2.6,不思考,3,03_全文_不规整_评分_不清洗,全文,不规整,逐条评分,不清洗,逐条评分,10,精神性焦虑,Spearman,6,3,0.9036961141150641,0.013465075424388483,0.5,1.0,1.0,0.3333333333333333,0.6666666666666666,10.0,不可估计
HAMD-17,PDCH共同24人验证,Kimi-K2.6,不思考,3,03_全文_不规整_评分_不清洗,全文,不规整,逐条评分,不清洗,逐条评分,11,躯体性焦虑,Spearman,6,2,0.223606797749979,0.670179973318781,-0.7071067811865476,1.0,1.3333333333333333,0.0,1.0,10.0,不可估计
HAMD-17,PDCH共同24人验证,Kimi-K2.6,不思考,3,03_全文_不规整_评分_不清洗,全文,不规整,逐条评分,不清洗,逐条评分,12,胃肠道症状,Spearman,6,2,0.14142135623730953,0.7892821792064089,-0.316227766016838,0.7071067811865475,0.3333333333333333,0.8333333333333334,0.16666666666666666,10.0,不可估计
HAMD-17,PDCH共同24人验证,Kimi-K2.6,不思考,3,03_全文_不规整_评分_不清洗,全文,不规整,逐条评分,不清洗,逐条评分,13,全身症状,Spearman,6,2,0.7378647873726218,0.09406601105916985,0.31622776601683794,1.0,0.5,0.5,0.5,10.0,不可估计
HAMD-17,PDCH共同24人验证,Kimi-K2.6,不思考,3,03_全文_不规整_评分_不清洗,全文,不规整,逐条评分,不清洗,逐条评分,14,性症状,Spearman,6,3,0.8333333333333335,0.03935185185185178,0.44721359549995787,1.0,0.6666666666666666,0.5,0.5,10.0,不可估计
HAMD-17,PDCH共同24人验证,Kimi-K2.6,不思考,3,03_全文_不规整_评分_不清洗,全文,不规整,逐条评分,不清洗,逐条评分,15,疑病,Spearman,6,2,0.21081851067789198,0.6884570897760042,-0.7071067811865475,0.9103664774626047,0.5,0.5,0.5,10.0,不可估计
HAMD-17,PDCH共同24人验证,Kimi-K2.6,不思考,3,03_全文_不规整_评分_不清洗,全文,不规整,逐条评分,不清洗,逐条评分,16,体重减轻,Spearman,6,1,,,,,0.0,1.0,0.0,10.0,不可估计
HAMD-17,PDCH共同24人验证,Kimi-K2.6,不思考,3,03_全文_不规整_评分_不清洗,全文,不规整,逐条评分,不清洗,逐条评分,17,自知力,Spearman,6,1,,,,,0.0,1.0,0.0,10.0,不可估计
HAMD-17,PDCH共同24人验证,Kimi-K2.6,不思考,4,04_全文_不规整_评分_清洗,全文,不规整,逐条评分,清洗,逐条评分,1,抑郁情绪,Spearman,4,3,0.9486832980505139,0.05131670194948613,0.816496580927726,1.0,1.75,0.25,0.75,11.5,不可估计
HAMD-17,PDCH共同24人验证,Kimi-K2.6,不思考,4,04_全文_不规整_评分_清洗,全文,不规整,逐条评分,清洗,逐条评分,2,有罪感,Spearman,4,3,0.632455532033676,0.367544467966324,-1.0,1.0,1.0,0.25,0.75,11.5,不可估计
HAMD-17,PDCH共同24人验证,Kimi-K2.6,不思考,4,04_全文_不规整_评分_清洗,全文,不规整,逐条评分,清洗,逐条评分,3,自杀,Spearman,4,3,0.9486832980505139,0.05131670194948613,0.816496580927726,1.0,1.75,0.25,0.75,11.5,不可估计
HAMD-17,PDCH共同24人验证,Kimi-K2.6,不思考,4,04_全文_不规整_评分_清洗,全文,不规整,逐条评分,清洗,逐条评分,4,入睡困难,Spearman,4,2,0.0,1.0,-1.0,1.0,0.5,0.5,0.5,11.5,不可估计
HAMD-17,PDCH共同24人验证,Kimi-K2.6,不思考,4,04_全文_不规整_评分_清洗,全文,不规整,逐条评分,清洗,逐条评分,5,睡眠不深,Spearman,4,2,0.8944271909999159,0.10557280900008416,0.8164965809277261,1.0,0.5,0.5,0.5,11.5,不可估计
HAMD-17,PDCH共同24人验证,Kimi-K2.6,不思考,4,04_全文_不规整_评分_清洗,全文,不规整,逐条评分,清洗,逐条评分,6,早醒,Spearman,4,2,-0.2581988897471611,0.741801110252839,-1.0,1.0,0.25,0.75,0.25,11.5,不可估计
HAMD-17,PDCH共同24人验证,Kimi-K2.6,不思考,4,04_全文_不规整_评分_清洗,全文,不规整,逐条评分,清洗,逐条评分,7,工作和活动,Spearman,4,4,0.7999999999999999,0.2000000000000001,-1.0,1.0,1.5,0.25,0.75,11.5,不可估计
HAMD-17,PDCH共同24人验证,Kimi-K2.6,不思考,4,04_全文_不规整_评分_清洗,全文,不规整,逐条评分,清洗,逐条评分,8,迟滞,Spearman,4,2,0.8944271909999159,0.10557280900008416,0.8164965809277261,1.0,0.5,0.5,0.5,11.5,不可估计
HAMD-17,PDCH共同24人验证,Kimi-K2.6,不思考,4,04_全文_不规整_评分_清洗,全文,不规整,逐条评分,清洗,逐条评分,9,激越,Spearman,4,2,0.8944271909999159,0.10557280900008416,0.8164965809277261,1.0,0.5,0.5,0.5,11.5,不可估计
HAMD-17,PDCH共同24人验证,Kimi-K2.6,不思考,4,04_全文_不规整_评分_清洗,全文,不规整,逐条评分,清洗,逐条评分,10,精神性焦虑,Spearman,4,3,0.9486832980505139,0.05131670194948613,0.816496580927726,1.0,0.75,0.5,0.5,11.5,不可估计
HAMD-17,PDCH共同24人验证,Kimi-K2.6,不思考,4,04_全文_不规整_评分_清洗,全文,不规整,逐条评分,清洗,逐条评分,11,躯体性焦虑,Spearman,4,2,0.2581988897471611,0.741801110252839,-1.0,1.0,0.75,0.25,0.75,11.5,不可估计
HAMD-17,PDCH共同24人验证,Kimi-K2.6,不思考,4,04_全文_不规整_评分_清洗,全文,不规整,逐条评分,清洗,逐条评分,12,胃肠道症状,Spearman,4,2,-0.2581988897471611,0.741801110252839,-1.0,1.0,0.25,0.75,0.25,11.5,不可估计
HAMD-17,PDCH共同24人验证,Kimi-K2.6,不思考,4,04_全文_不规整_评分_清洗,全文,不规整,逐条评分,清洗,逐条评分,13,全身症状,Spearman,4,2,0.2581988897471611,0.741801110252839,-1.0,1.0,0.75,0.25,0.75,11.5,不可估计
HAMD-17,PDCH共同24人验证,Kimi-K2.6,不思考,4,04_全文_不规整_评分_清洗,全文,不规整,逐条评分,清洗,逐条评分,14,性症状,Spearman,4,2,0.7745966692414834,0.22540333075851665,0.6622661785325219,1.0,0.5,0.75,0.25,11.5,不可估计
HAMD-17,PDCH共同24人验证,Kimi-K2.6,不思考,4,04_全文_不规整_评分_清洗,全文,不规整,逐条评分,清洗,逐条评分,15,疑病,Spearman,4,2,-0.2581988897471611,0.741801110252839,-1.0,1.0,0.25,0.75,0.25,11.5,不可估计
HAMD-17,PDCH共同24人验证,Kimi-K2.6,不思考,4,04_全文_不规整_评分_清洗,全文,不规整,逐条评分,清洗,逐条评分,16,体重减轻,Spearman,4,2,-0.2581988897471611,0.741801110252839,-1.0,1.0,0.25,0.75,0.25,11.5,不可估计
HAMD-17,PDCH共同24人验证,Kimi-K2.6,不思考,4,04_全文_不规整_评分_清洗,全文,不规整,逐条评分,清洗,逐条评分,17,自知力,Spearman,4,1,,,,,0.0,1.0,0.0,11.5,不可估计
HAMD-17,PDCH共同24人验证,Kimi-K2.6,不思考,7,07_全文_规整_评分_不清洗,全文,规整,逐条评分,不清洗,逐条评分,1,抑郁情绪,Spearman,5,2,-0.18136906252750293,0.7703461020137524,-1.0,0.6666666666666666,2.8,0.0,1.0,22.0,不可估计
HAMD-17,PDCH共同24人验证,Kimi-K2.6,不思考,7,07_全文_规整_评分_不清洗,全文,规整,逐条评分,不清洗,逐条评分,2,有罪感,Spearman,5,3,0.22941573387056177,0.7104817254267775,-0.7261843774138906,1.0,1.4,0.2,0.8,22.0,不可估计
HAMD-17,PDCH共同24人验证,Kimi-K2.6,不思考,7,07_全文_规整_评分_不清洗,全文,规整,逐条评分,不清洗,逐条评分,3,自杀,Spearman,5,4,0.26315789473684215,0.6688454650582101,-0.6840069926818995,1.0,1.6,0.2,0.8,22.0,不可估计
HAMD-17,PDCH共同24人验证,Kimi-K2.6,不思考,7,07_全文_规整_评分_不清洗,全文,规整,逐条评分,不清洗,逐条评分,4,入睡困难,Spearman,5,3,0.1351845176089688,0.8284034244656455,-1.0,1.0,1.2,0.2,0.8,22.0,不可估计
HAMD-17,PDCH共同24人验证,Kimi-K2.6,不思考,7,07_全文_规整_评分_不清洗,全文,规整,逐条评分,不清洗,逐条评分,5,睡眠不深,Spearman,5,3,0.4866642633922877,0.40577156930791775,-0.8750000000000001,1.0,1.0,0.4,0.6,22.0,不可估计
HAMD-17,PDCH共同24人验证,Kimi-K2.6,不思考,7,07_全文_规整_评分_不清洗,全文,规整,逐条评分,不清洗,逐条评分,6,早醒,Spearman,5,2,0.4442616583193193,0.45354934716908535,-0.6123724356957946,0.9999999999999997,1.6,0.0,1.0,22.0,不可估计
HAMD-17,PDCH共同24人验证,Kimi-K2.6,不思考,7,07_全文_规整_评分_不清洗,全文,规整,逐条评分,不清洗,逐条评分,7,工作和活动,Spearman,5,3,0.6488856845230502,0.23615367738664078,-0.6123724356957945,1.0,2.8,0.0,1.0,22.0,不可估计
HAMD-17,PDCH共同24人验证,Kimi-K2.6,不思考,7,07_全文_规整_评分_不清洗,全文,规整,逐条评分,不清洗,逐条评分,8,迟滞,Spearman,5,3,0.16222142113076254,0.7943627883091944,-1.0,1.0,1.0,0.4,0.6,22.0,不可估计
HAMD-17,PDCH共同24人验证,Kimi-K2.6,不思考,7,07_全文_规整_评分_不清洗,全文,规整,逐条评分,不清洗,逐条评分,9,激越,Spearman,5,4,-0.7631578947368421,0.13333911953180624,-1.0,-0.08908708063747484,1.6,0.2,0.8,22.0,不可估计
HAMD-17,PDCH共同24人验证,Kimi-K2.6,不思考,7,07_全文_规整_评分_不清洗,全文,规整,逐条评分,不清洗,逐条评分,10,精神性焦虑,Spearman,5,3,0.05735393346764044,0.9270147594389623,-0.9720028343615574,1.0,2.4,0.0,1.0,22.0,不可估计
HAMD-17,PDCH共同24人验证,Kimi-K2.6,不思考,7,07_全文_规整_评分_不清洗,全文,规整,逐条评分,不清洗,逐条评分,11,躯体性焦虑,Spearman,5,2,0.7254762501100117,0.1653703958060164,0.6597279468503829,1.0,2.2,0.0,1.0,22.0,不可估计
HAMD-17,PDCH共同24人验证,Kimi-K2.6,不思考,7,07_全文_规整_评分_不清洗,全文,规整,逐条评分,不清洗,逐条评分,12,胃肠道症状,Spearman,5,3,0.1351845176089688,0.8284034244656455,-0.9787158318564244,1.0,1.2,0.2,0.8,22.0,不可估计
HAMD-17,PDCH共同24人验证,Kimi-K2.6,不思考,7,07_全文_规整_评分_不清洗,全文,规整,逐条评分,不清洗,逐条评分,13,全身症状,Spearman,5,3,0.2867696673382022,0.6399416161308044,-0.6666666666666666,1.0,1.4,0.2,0.8,22.0,不可估计
HAMD-17,PDCH共同24人验证,Kimi-K2.6,不思考,7,07_全文_规整_评分_不清洗,全文,规整,逐条评分,不清洗,逐条评分,14,性症状,Spearman,5,2,0.2961744388795462,0.6284870813264671,-1.0,1.0,1.4,0.0,1.0,22.0,不可估计
HAMD-17,PDCH共同24人验证,Kimi-K2.6,不思考,7,07_全文_规整_评分_不清洗,全文,规整,逐条评分,不清洗,逐条评分,15,疑病,Spearman,5,3,0.34412360080584264,0.5706564647860578,-0.9456108576893003,0.9999999999999999,1.0,0.2,0.8,22.0,不可估计
HAMD-17,PDCH共同24人验证,Kimi-K2.6,不思考,7,07_全文_规整_评分_不清洗,全文,规整,逐条评分,不清洗,逐条评分,16,体重减轻,Spearman,5,2,-0.36273812505500586,0.5484857653455565,-1.0,0.15309310892394865,0.4,0.8,0.2,22.0,不可估计
HAMD-17,PDCH共同24人验证,Kimi-K2.6,不思考,7,07_全文_规整_评分_不清洗,全文,规整,逐条评分,不清洗,逐条评分,17,自知力,Spearman,5,2,0.1480872194397731,0.8121409275938358,-0.8749999999999999,1.0,0.6,0.4,0.6,22.0,不可估计
HAMD-17,PDCH共同24人验证,Kimi-K2.6,不思考,8,08_全文_规整_评分_清洗,全文,规整,逐条评分,清洗,逐条评分,1,抑郁情绪,Spearman,5,2,0.7071067811865475,0.18169011381620942,0.5897678246195885,1.0,2.8,0.0,1.0,17.8,不可估计
HAMD-17,PDCH共同24人验证,Kimi-K2.6,不思考,8,08_全文_规整_评分_清洗,全文,规整,逐条评分,清洗,逐条评分,2,有罪感,Spearman,5,4,0.6668859288553503,0.21889398131323148,-0.914861632704222,1.0,1.4,0.2,0.8,17.8,不可估计
HAMD-17,PDCH共同24人验证,Kimi-K2.6,不思考,8,08_全文_规整_评分_清洗,全文,规整,逐条评分,清洗,逐条评分,3,自杀,Spearman,5,4,0.8207826816681234,0.08858700531354378,-0.09819805060619644,1.0,1.8,0.2,0.8,17.8,不可估计
HAMD-17,PDCH共同24人验证,Kimi-K2.6,不思考,8,08_全文_规整_评分_清洗,全文,规整,逐条评分,清洗,逐条评分,4,入睡困难,Spearman,5,3,0.9486832980505137,0.013846832988859102,0.8017837257372732,1.0,0.8,0.4,0.6,17.8,不可估计
HAMD-17,PDCH共同24人验证,Kimi-K2.6,不思考,8,08_全文_规整_评分_清洗,全文,规整,逐条评分,清洗,逐条评分,5,睡眠不深,Spearman,5,2,-0.28867513459481287,0.6376180914006019,-1.0,0.9185586535436918,1.6,0.0,1.0,17.8,不可估计
HAMD-17,PDCH共同24人验证,Kimi-K2.6,不思考,8,08_全文_规整_评分_清洗,全文,规整,逐条评分,清洗,逐条评分,6,早醒,Spearman,5,3,0.0,1.0,-1.0,1.0,1.0,0.4,0.6,17.8,不可估计
HAMD-17,PDCH共同24人验证,Kimi-K2.6,不思考,8,08_全文_规整_评分_清洗,全文,规整,逐条评分,清洗,逐条评分,7,工作和活动,Spearman,5,3,0.9486832980505137,0.013846832988859102,0.8017837257372731,1.0,2.8,0.0,1.0,17.8,不可估计
HAMD-17,PDCH共同24人验证,Kimi-K2.6,不思考,8,08_全文_规整_评分_清洗,全文,规整,逐条评分,清洗,逐条评分,8,迟滞,Spearman,5,2,0.28867513459481287,0.6376180914006019,-0.9128709291752769,1.0,1.2,0.4,0.6,17.8,不可估计
HAMD-17,PDCH共同24人验证,Kimi-K2.6,不思考,8,08_全文_规整_评分_清洗,全文,规整,逐条评分,清洗,逐条评分,9,激越,Spearman,5,3,0.6324555320336759,0.25221549635550466,-0.9128709291752768,1.0,1.2,0.2,0.8,17.8,不可估计
HAMD-17,PDCH共同24人验证,Kimi-K2.6,不思考,8,08_全文_规整_评分_清洗,全文,规整,逐条评分,清洗,逐条评分,10,精神性焦虑,Spearman,5,2,0.0,1.0,-0.9999999999999997,0.9185586535436918,1.6,0.2,0.8,17.8,不可估计
HAMD-17,PDCH共同24人验证,Kimi-K2.6,不思考,8,08_全文_规整_评分_清洗,全文,规整,逐条评分,清洗,逐条评分,11,躯体性焦虑,Spearman,5,4,0.20519567041703085,0.7405819415910722,-1.0000000000000002,0.9999999999999998,2.4,0.0,1.0,17.8,不可估计
HAMD-17,PDCH共同24人验证,Kimi-K2.6,不思考,8,08_全文_规整_评分_清洗,全文,规整,逐条评分,清洗,逐条评分,12,胃肠道症状,Spearman,5,3,0.5270462766947298,0.3614548502018728,-0.9185586535436918,1.0,0.8,0.4,0.6,17.8,不可估计
HAMD-17,PDCH共同24人验证,Kimi-K2.6,不思考,8,08_全文_规整_评分_清洗,全文,规整,逐条评分,清洗,逐条评分,13,全身症状,Spearman,5,2,0.5773502691896257,0.3080680092503572,-0.25,1.0,1.4,0.0,1.0,17.8,不可估计
HAMD-17,PDCH共同24人验证,Kimi-K2.6,不思考,8,08_全文_规整_评分_清洗,全文,规整,逐条评分,清洗,逐条评分,14,性症状,Spearman,5,2,0.8660254037844386,0.05766888562243736,0.6864064729836439,1.0,1.4,0.0,1.0,17.8,不可估计
HAMD-17,PDCH共同24人验证,Kimi-K2.6,不思考,8,08_全文_规整_评分_清洗,全文,规整,逐条评分,清洗,逐条评分,15,疑病,Spearman,5,3,0.10540925533894598,0.8660377229253148,-1.0,1.0,0.8,0.4,0.6,17.8,不可估计
HAMD-17,PDCH共同24人验证,Kimi-K2.6,不思考,8,08_全文_规整_评分_清洗,全文,规整,逐条评分,清洗,逐条评分,16,体重减轻,Spearman,5,1,,,,,0.0,1.0,0.0,17.8,不可估计
HAMD-17,PDCH共同24人验证,Kimi-K2.6,不思考,8,08_全文_规整_评分_清洗,全文,规整,逐条评分,清洗,逐条评分,17,自知力,Spearman,5,2,0.28867513459481287,0.6376180914006019,-1.0,1.0,0.4,0.6,0.4,17.8,不可估计
HAMD-17,PDCH共同24人验证,Kimi-K2.6,不思考,11,11_事件序列_不规整_评分_不清洗,事件序列,不规整,逐条评分,不清洗,逐条评分,1,抑郁情绪,Spearman,6,3,0.9393364366277244,0.0054084788647625484,0.7311261550139311,1.0,1.5,0.3333333333333333,0.6666666666666666,13.0,不可估计
HAMD-17,PDCH共同24人验证,Kimi-K2.6,不思考,11,11_事件序列_不规整_评分_不清洗,事件序列,不规整,逐条评分,不清洗,逐条评分,2,有罪感,Spearman,6,3,0.42874646285627205,0.39628714972811674,-0.3692744729379982,0.9847835588179369,1.0,0.16666666666666666,0.8333333333333334,13.0,不可估计
HAMD-17,PDCH共同24人验证,Kimi-K2.6,不思考,11,11_事件序列_不规整_评分_不清洗,事件序列,不规整,逐条评分,不清洗,逐条评分,3,自杀,Spearman,6,4,0.6269355057278587,0.18280465496702888,-0.5118906968889915,1.0,1.3333333333333333,0.3333333333333333,0.6666666666666666,13.0,不可估计
HAMD-17,PDCH共同24人验证,Kimi-K2.6,不思考,11,11_事件序列_不规整_评分_不清洗,事件序列,不规整,逐条评分,不清洗,逐条评分,4,入睡困难,Spearman,6,3,0.5144957554275265,0.29635139331235333,-0.33295604590814576,1.0,0.5,0.6666666666666666,0.3333333333333333,13.0,不可估计
HAMD-17,PDCH共同24人验证,Kimi-K2.6,不思考,11,11_事件序列_不规整_评分_不清洗,事件序列,不规整,逐条评分,不清洗,逐条评分,5,睡眠不深,Spearman,6,3,0.9393364366277244,0.0054084788647625484,0.7999999999999999,0.9999999999999999,0.6666666666666666,0.5,0.5,13.0,不可估计
HAMD-17,PDCH共同24人验证,Kimi-K2.6,不思考,11,11_事件序列_不规整_评分_不清洗,事件序列,不规整,逐条评分,不清洗,逐条评分,6,早醒,Spearman,6,2,0.6642111641550715,0.15020042233101144,0.554321862524587,1.0,0.3333333333333333,0.8333333333333334,0.16666666666666666,13.0,不可估计
HAMD-17,PDCH共同24人验证,Kimi-K2.6,不思考,11,11_事件序列_不规整_评分_不清洗,事件序列,不规整,逐条评分,不清洗,逐条评分,7,工作和活动,Spearman,6,4,0.9254762227411247,0.00812374523511359,0.6842105263157896,1.0,1.5,0.3333333333333333,0.6666666666666666,13.0,不可估计
HAMD-17,PDCH共同24人验证,Kimi-K2.6,不思考,11,11_事件序列_不规整_评分_不清洗,事件序列,不规整,逐条评分,不清洗,逐条评分,8,迟滞,Spearman,6,3,0.8574929257125441,0.029015363531383804,0.6247580176717713,1.0,0.5,0.6666666666666666,0.3333333333333333,13.0,不可估计
HAMD-17,PDCH共同24人验证,Kimi-K2.6,不思考,11,11_事件序列_不规整_评分_不清洗,事件序列,不规整,逐条评分,不清洗,逐条评分,9,激越,Spearman,6,2,0.8911327886790069,0.01713295366286005,0.7341961559867993,1.0,0.5,0.5,0.5,13.0,不可估计
HAMD-17,PDCH共同24人验证,Kimi-K2.6,不思考,11,11_事件序列_不规整_评分_不清洗,事件序列,不规整,逐条评分,不清洗,逐条评分,10,精神性焦虑,Spearman,6,3,0.7882407813680822,0.06251510010082874,-0.05976143046671964,0.999109843833073,1.0,0.3333333333333333,0.6666666666666666,13.0,不可估计
HAMD-17,PDCH共同24人验证,Kimi-K2.6,不思考,11,11_事件序列_不规整_评分_不清洗,事件序列,不规整,逐条评分,不清洗,逐条评分,11,躯体性焦虑,Spearman,6,4,0.7164977208318386,0.10916727222779427,1.301640787491565e-17,0.9845376519411826,1.1666666666666667,0.3333333333333333,0.6666666666666666,13.0,不可估计
HAMD-17,PDCH共同24人验证,Kimi-K2.6,不思考,11,11_事件序列_不规整_评分_不清洗,事件序列,不规整,逐条评分,不清洗,逐条评分,12,胃肠道症状,Spearman,6,2,0.49507377148833714,0.3180601480969472,-0.4264014327112209,1.0,0.5,0.5,0.5,13.0,不可估计
HAMD-17,PDCH共同24人验证,Kimi-K2.6,不思考,11,11_事件序列_不规整_评分_不清洗,事件序列,不规整,逐条评分,不清洗,逐条评分,13,全身症状,Spearman,6,3,0.8574929257125441,0.029015363531383804,0.6247580176717713,0.9999999999999999,0.5,0.6666666666666666,0.3333333333333333,13.0,不可估计
HAMD-17,PDCH共同24人验证,Kimi-K2.6,不思考,11,11_事件序列_不规整_评分_不清洗,事件序列,不规整,逐条评分,不清洗,逐条评分,14,性症状,Spearman,6,3,0.9393364366277244,0.0054084788647625484,0.773957299203321,1.0,0.8333333333333334,0.5,0.5,13.0,不可估计
HAMD-17,PDCH共同24人验证,Kimi-K2.6,不思考,11,11_事件序列_不规整_评分_不清洗,事件序列,不规整,逐条评分,不清洗,逐条评分,15,疑病,Spearman,6,3,0.7717436331412897,0.0722052645691112,0.38087317795088105,0.9904048953654891,1.0,0.16666666666666666,0.8333333333333334,13.0,不可估计
HAMD-17,PDCH共同24人验证,Kimi-K2.6,不思考,11,11_事件序列_不规整_评分_不清洗,事件序列,不规整,逐条评分,不清洗,逐条评分,16,体重减轻,Spearman,6,3,0.5144957554275265,0.29635139331235333,-0.3329560459081458,1.0,0.5,0.6666666666666666,0.3333333333333333,13.0,不可估计
HAMD-17,PDCH共同24人验证,Kimi-K2.6,不思考,11,11_事件序列_不规整_评分_不清洗,事件序列,不规整,逐条评分,不清洗,逐条评分,17,自知力,Spearman,6,2,0.6642111641550715,0.15020042233101144,0.554321862524587,1.0,0.16666666666666666,0.8333333333333334,0.16666666666666666,13.0,不可估计
HAMD-17,PDCH共同24人验证,Kimi-K2.6,不思考,12,12_事件序列_不规整_评分_清洗,事件序列,不规整,逐条评分,清洗,逐条评分,1,抑郁情绪,Spearman,8,4,0.8465896286464736,0.008019515470463617,0.3928339142274491,0.9823248096724516,1.5,0.25,0.75,11.5,不可估计
HAMD-17,PDCH共同24人验证,Kimi-K2.6,不思考,12,12_事件序列_不规整_评分_清洗,事件序列,不规整,逐条评分,清洗,逐条评分,2,有罪感,Spearman,8,4,0.38002094395360503,0.3530899341415951,-0.5696965912781506,0.9264469922159363,1.0,0.375,0.625,11.5,不可估计
HAMD-17,PDCH共同24人验证,Kimi-K2.6,不思考,12,12_事件序列_不规整_评分_清洗,事件序列,不规整,逐条评分,清洗,逐条评分,3,自杀,Spearman,8,4,0.7853766175041169,0.020907960564180025,0.1933321790545651,0.9908673886137246,1.25,0.375,0.625,11.5,不可估计
HAMD-17,PDCH共同24人验证,Kimi-K2.6,不思考,12,12_事件序列_不规整_评分_清洗,事件序列,不规整,逐条评分,清洗,逐条评分,4,入睡困难,Spearman,8,2,0.27607881518711636,0.5080540162460343,-0.5496192452257005,0.9124213677206553,0.5,0.5,0.5,11.5,不可估计
HAMD-17,PDCH共同24人验证,Kimi-K2.6,不思考,12,12_事件序列_不规整_评分_清洗,事件序列,不规整,逐条评分,清洗,逐条评分,5,睡眠不深,Spearman,8,3,0.16564728911226984,0.6950460644769707,-0.27978713392525595,0.7572142833756829,0.375,0.75,0.25,11.5,不可估计
HAMD-17,PDCH共同24人验证,Kimi-K2.6,不思考,12,12_事件序列_不规整_评分_清洗,事件序列,不规整,逐条评分,清洗,逐条评分,6,早醒,Spearman,8,3,0.33129457822453967,0.4227780756443609,-0.6446583712203042,0.8574929257125442,0.375,0.75,0.25,11.5,不可估计
HAMD-17,PDCH共同24人验证,Kimi-K2.6,不思考,12,12_事件序列_不规整_评分_清洗,事件序列,不规整,逐条评分,清洗,逐条评分,7,工作和活动,Spearman,8,4,0.7877462091665598,0.02026192124579275,0.20761060321007166,0.9982307959211542,1.25,0.25,0.75,11.5,不可估计
HAMD-17,PDCH共同24人验证,Kimi-K2.6,不思考,12,12_事件序列_不规整_评分_清洗,事件序列,不规整,逐条评分,清洗,逐条评分,8,迟滞,Spearman,8,2,0.5100613704506707,0.1965623133360681,0.09842152617080777,0.9539965447416893,0.25,0.75,0.25,11.5,不可估计
HAMD-17,PDCH共同24人验证,Kimi-K2.6,不思考,12,12_事件序列_不规整_评分_清洗,事件序列,不规整,逐条评分,清洗,逐条评分,9,激越,Spearman,8,3,0.9239364353597955,0.001038387110988344,0.758383836554769,0.9862745919870616,0.75,0.375,0.625,11.5,不可估计
HAMD-17,PDCH共同24人验证,Kimi-K2.6,不思考,12,12_事件序列_不规整_评分_清洗,事件序列,不规整,逐条评分,清洗,逐条评分,10,精神性焦虑,Spearman,8,4,0.8360460766979311,0.009707652729804941,0.440180033339583,0.976865428247086,1.0,0.375,0.625,11.5,不可估计
HAMD-17,PDCH共同24人验证,Kimi-K2.6,不思考,12,12_事件序列_不规整_评分_清洗,事件序列,不规整,逐条评分,清洗,逐条评分,11,躯体性焦虑,Spearman,8,3,0.6533550507187126,0.07893818940347654,0.17637409572549068,0.933564747335897,1.25,0.125,0.875,11.5,不可估计
HAMD-17,PDCH共同24人验证,Kimi-K2.6,不思考,12,12_事件序列_不规整_评分_清洗,事件序列,不规整,逐条评分,清洗,逐条评分,12,胃肠道症状,Spearman,8,3,0.1878263710041785,0.656020740275961,-0.5000818163247668,0.7875947654250434,0.625,0.625,0.375,11.5,不可估计
HAMD-17,PDCH共同24人验证,Kimi-K2.6,不思考,12,12_事件序列_不规整_评分_清洗,事件序列,不规整,逐条评分,清洗,逐条评分,13,全身症状,Spearman,8,3,0.8249432458569604,0.011712299104647234,0.5611741120862732,0.971149580850888,0.625,0.5,0.5,11.5,不可估计
HAMD-17,PDCH共同24人验证,Kimi-K2.6,不思考,12,12_事件序列_不规整_评分_清洗,事件序列,不规整,逐条评分,清洗,逐条评分,14,性症状,Spearman,8,3,0.7304358872384721,0.03960299015756497,0.16836273433604387,0.96833238719109,0.5,0.625,0.375,11.5,不可估计
HAMD-17,PDCH共同24人验证,Kimi-K2.6,不思考,12,12_事件序列_不规整_评分_清洗,事件序列,不规整,逐条评分,清洗,逐条评分,15,疑病,Spearman,8,2,-0.22086305214969307,0.5991519546536616,-0.8366013620501126,0.5343368696881867,0.5,0.5,0.5,11.5,不可估计
HAMD-17,PDCH共同24人验证,Kimi-K2.6,不思考,12,12_事件序列_不规整_评分_清洗,事件序列,不规整,逐条评分,清洗,逐条评分,16,体重减轻,Spearman,8,2,0.12751534261266767,0.7634878650514745,-0.47437967322851626,0.7196141786150279,0.25,0.75,0.25,11.5,不可估计
HAMD-17,PDCH共同24人验证,Kimi-K2.6,不思考,12,12_事件序列_不规整_评分_清洗,事件序列,不规整,逐条评分,清洗,逐条评分,17,自知力,Spearman,8,1,,,,,0.0,1.0,0.0,11.5,不可估计
HAMD-17,PDCH共同24人验证,Kimi-K2.6,不思考,15,15_事件序列_规整_评分_不清洗,事件序列,规整,逐条评分,不清洗,逐条评分,1,抑郁情绪,Spearman,5,3,0.5270462766947298,0.3614548502018728,-0.9128709291752769,1.0,1.8,0.0,1.0,15.0,不可估计
HAMD-17,PDCH共同24人验证,Kimi-K2.6,不思考,15,15_事件序列_规整_评分_不清洗,事件序列,规整,逐条评分,不清洗,逐条评分,2,有罪感,Spearman,5,2,0.5773502691896257,0.3080680092503572,-0.25,1.0,0.6,0.4,0.6,15.0,不可估计
HAMD-17,PDCH共同24人验证,Kimi-K2.6,不思考,15,15_事件序列_规整_评分_不清洗,事件序列,规整,逐条评分,不清洗,逐条评分,3,自杀,Spearman,5,4,0.7181848464596079,0.17179530490798894,-0.21821789023599236,1.0,1.4,0.2,0.8,15.0,不可估计
HAMD-17,PDCH共同24人验证,Kimi-K2.6,不思考,15,15_事件序列_规整_评分_不清洗,事件序列,规整,逐条评分,不清洗,逐条评分,4,入睡困难,Spearman,5,3,0.6708203932499368,0.21516994256955022,-0.21821789023599233,1.0,0.6,0.6,0.4,15.0,不可估计
HAMD-17,PDCH共同24人验证,Kimi-K2.6,不思考,15,15_事件序列_规整_评分_不清洗,事件序列,规整,逐条评分,不清洗,逐条评分,5,睡眠不深,Spearman,5,3,0.8944271909999159,0.04051932635383402,0.6666666666666666,1.0,1.0,0.2,0.8,15.0,不可估计
HAMD-17,PDCH共同24人验证,Kimi-K2.6,不思考,15,15_事件序列_规整_评分_不清洗,事件序列,规整,逐条评分,不清洗,逐条评分,6,早醒,Spearman,5,3,0.4472135954999579,0.4501848557521007,-1.0,0.9999999999999999,0.6,0.6,0.4,15.0,不可估计
HAMD-17,PDCH共同24人验证,Kimi-K2.6,不思考,15,15_事件序列_规整_评分_不清洗,事件序列,规整,逐条评分,不清洗,逐条评分,7,工作和活动,Spearman,5,3,0.6324555320336759,0.25221549635550466,-0.9128709291752768,1.0,2.2,0.0,1.0,15.0,不可估计
HAMD-17,PDCH共同24人验证,Kimi-K2.6,不思考,15,15_事件序列_规整_评分_不清洗,事件序列,规整,逐条评分,不清洗,逐条评分,8,迟滞,Spearman,5,3,0.9486832980505137,0.013846832988859102,0.8017837257372731,1.0,0.8,0.4,0.6,15.0,不可估计
HAMD-17,PDCH共同24人验证,Kimi-K2.6,不思考,15,15_事件序列_规整_评分_不清洗,事件序列,规整,逐条评分,不清洗,逐条评分,9,激越,Spearman,5,2,0.28867513459481287,0.6376180914006019,-0.9450270911419919,1.0,0.4,0.6,0.4,15.0,不可估计
HAMD-17,PDCH共同24人验证,Kimi-K2.6,不思考,15,15_事件序列_规整_评分_不清洗,事件序列,规整,逐条评分,不清洗,逐条评分,10,精神性焦虑,Spearman,5,3,0.8944271909999159,0.04051932635383402,0.6666666666666664,1.0,1.8,0.2,0.8,15.0,不可估计
HAMD-17,PDCH共同24人验证,Kimi-K2.6,不思考,15,15_事件序列_规整_评分_不清洗,事件序列,规整,逐条评分,不清洗,逐条评分,11,躯体性焦虑,Spearman,5,3,0.4472135954999579,0.4501848557521007,-0.9185586535436918,1.0,1.6,0.0,1.0,15.0,不可估计
HAMD-17,PDCH共同24人验证,Kimi-K2.6,不思考,15,15_事件序列_规整_评分_不清洗,事件序列,规整,逐条评分,不清洗,逐条评分,12,胃肠道症状,Spearman,5,2,0.5773502691896257,0.3080680092503572,-0.25,1.0,0.8,0.6,0.4,15.0,不可估计
HAMD-17,PDCH共同24人验证,Kimi-K2.6,不思考,15,15_事件序列_规整_评分_不清洗,事件序列,规整,逐条评分,不清洗,逐条评分,13,全身症状,Spearman,5,2,0.7071067811865475,0.18169011381620942,0.5976143046671968,1.0,1.2,0.0,1.0,15.0,不可估计
HAMD-17,PDCH共同24人验证,Kimi-K2.6,不思考,15,15_事件序列_规整_评分_不清洗,事件序列,规整,逐条评分,不清洗,逐条评分,14,性症状,Spearman,5,3,0.7905694150420949,0.11136715471408383,0.0,1.0,1.0,0.4,0.6,15.0,不可估计
HAMD-17,PDCH共同24人验证,Kimi-K2.6,不思考,15,15_事件序列_规整_评分_不清洗,事件序列,规整,逐条评分,不清洗,逐条评分,15,疑病,Spearman,5,3,0.8944271909999159,0.04051932635383402,0.686406472983644,1.0,0.6,0.6,0.4,15.0,不可估计
HAMD-17,PDCH共同24人验证,Kimi-K2.6,不思考,15,15_事件序列_规整_评分_不清洗,事件序列,规整,逐条评分,不清洗,逐条评分,16,体重减轻,Spearman,5,2,0.7071067811865475,0.18169011381620942,0.5897678246195887,1.0,0.2,0.8,0.2,15.0,不可估计
HAMD-17,PDCH共同24人验证,Kimi-K2.6,不思考,15,15_事件序列_规整_评分_不清洗,事件序列,规整,逐条评分,不清洗,逐条评分,17,自知力,Spearman,5,2,0.8660254037844386,0.05766888562243736,0.686406472983644,1.0,0.4,0.6,0.4,15.0,不可估计
HAMD-17,PDCH共同24人验证,Kimi-K2.6,不思考,16,16_事件序列_规整_评分_清洗,事件序列,规整,逐条评分,清洗,逐条评分,1,抑郁情绪,Spearman,1,1,,,,,3.0,0.0,1.0,12.0,不可估计
HAMD-17,PDCH共同24人验证,Kimi-K2.6,不思考,16,16_事件序列_规整_评分_清洗,事件序列,规整,逐条评分,清洗,逐条评分,2,有罪感,Spearman,1,1,,,,,1.0,0.0,1.0,12.0,不可估计
HAMD-17,PDCH共同24人验证,Kimi-K2.6,不思考,16,16_事件序列_规整_评分_清洗,事件序列,规整,逐条评分,清洗,逐条评分,3,自杀,Spearman,1,1,,,,,2.0,0.0,1.0,12.0,不可估计
HAMD-17,PDCH共同24人验证,Kimi-K2.6,不思考,16,16_事件序列_规整_评分_清洗,事件序列,规整,逐条评分,清洗,逐条评分,4,入睡困难,Spearman,1,1,,,,,1.0,0.0,1.0,12.0,不可估计
HAMD-17,PDCH共同24人验证,Kimi-K2.6,不思考,16,16_事件序列_规整_评分_清洗,事件序列,规整,逐条评分,清洗,逐条评分,5,睡眠不深,Spearman,1,1,,,,,0.0,1.0,0.0,12.0,不可估计
HAMD-17,PDCH共同24人验证,Kimi-K2.6,不思考,16,16_事件序列_规整_评分_清洗,事件序列,规整,逐条评分,清洗,逐条评分,6,早醒,Spearman,1,1,,,,,0.0,1.0,0.0,12.0,不可估计
HAMD-17,PDCH共同24人验证,Kimi-K2.6,不思考,16,16_事件序列_规整_评分_清洗,事件序列,规整,逐条评分,清洗,逐条评分,7,工作和活动,Spearman,1,1,,,,,3.0,0.0,1.0,12.0,不可估计
HAMD-17,PDCH共同24人验证,Kimi-K2.6,不思考,16,16_事件序列_规整_评分_清洗,事件序列,规整,逐条评分,清洗,逐条评分,8,迟滞,Spearman,1,1,,,,,2.0,0.0,1.0,12.0,不可估计
HAMD-17,PDCH共同24人验证,Kimi-K2.6,不思考,16,16_事件序列_规整_评分_清洗,事件序列,规整,逐条评分,清洗,逐条评分,9,激越,Spearman,1,1,,,,,0.0,1.0,0.0,12.0,不可估计
HAMD-17,PDCH共同24人验证,Kimi-K2.6,不思考,16,16_事件序列_规整_评分_清洗,事件序列,规整,逐条评分,清洗,逐条评分,10,精神性焦虑,Spearman,1,1,,,,,2.0,0.0,1.0,12.0,不可估计
HAMD-17,PDCH共同24人验证,Kimi-K2.6,不思考,16,16_事件序列_规整_评分_清洗,事件序列,规整,逐条评分,清洗,逐条评分,11,躯体性焦虑,Spearman,1,1,,,,,2.0,0.0,1.0,12.0,不可估计
HAMD-17,PDCH共同24人验证,Kimi-K2.6,不思考,16,16_事件序列_规整_评分_清洗,事件序列,规整,逐条评分,清洗,逐条评分,12,胃肠道症状,Spearman,1,1,,,,,0.0,1.0,0.0,12.0,不可估计
HAMD-17,PDCH共同24人验证,Kimi-K2.6,不思考,16,16_事件序列_规整_评分_清洗,事件序列,规整,逐条评分,清洗,逐条评分,13,全身症状,Spearman,1,1,,,,,2.0,0.0,1.0,12.0,不可估计
HAMD-17,PDCH共同24人验证,Kimi-K2.6,不思考,16,16_事件序列_规整_评分_清洗,事件序列,规整,逐条评分,清洗,逐条评分,14,性症状,Spearman,1,1,,,,,2.0,0.0,1.0,12.0,不可估计
HAMD-17,PDCH共同24人验证,Kimi-K2.6,不思考,16,16_事件序列_规整_评分_清洗,事件序列,规整,逐条评分,清洗,逐条评分,15,疑病,Spearman,1,1,,,,,0.0,1.0,0.0,12.0,不可估计
HAMD-17,PDCH共同24人验证,Kimi-K2.6,不思考,16,16_事件序列_规整_评分_清洗,事件序列,规整,逐条评分,清洗,逐条评分,16,体重减轻,Spearman,1,1,,,,,0.0,1.0,0.0,12.0,不可估计
HAMD-17,PDCH共同24人验证,Kimi-K2.6,不思考,16,16_事件序列_规整_评分_清洗,事件序列,规整,逐条评分,清洗,逐条评分,17,自知力,Spearman,1,1,,,,,1.0,0.0,1.0,12.0,不可估计
HAMD-17,PDCH共同24人验证,Kimi-K2.6,思考,3,03_全文_不规整_评分_不清洗,全文,不规整,逐条评分,不清洗,逐条评分,1,抑郁情绪,Spearman,15,4,0.6656355310155008,0.00675701057473013,0.23434989875581352,0.937141875365794,1.0,0.3333333333333333,0.6666666666666666,11.2,不可估计
HAMD-17,PDCH共同24人验证,Kimi-K2.6,思考,3,03_全文_不规整_评分_不清洗,全文,不规整,逐条评分,不清洗,逐条评分,2,有罪感,Spearman,15,2,0.03138102782833961,0.9116001518420428,-0.5118939573356425,0.5294026439022567,0.4666666666666667,0.5333333333333333,0.4666666666666667,11.2,不可估计
HAMD-17,PDCH共同24人验证,Kimi-K2.6,思考,3,03_全文_不规整_评分_不清洗,全文,不规整,逐条评分,不清洗,逐条评分,3,自杀,Spearman,15,3,0.07962434310187909,0.7778839718540339,-0.22463173004456632,0.3956015092226726,0.26666666666666666,0.8666666666666667,0.13333333333333333,11.2,不可估计
HAMD-17,PDCH共同24人验证,Kimi-K2.6,思考,3,03_全文_不规整_评分_不清洗,全文,不规整,逐条评分,不清洗,逐条评分,4,入睡困难,Spearman,15,3,0.4352939424860029,0.10486646192232071,-0.07816806070214033,0.7668293662743523,0.4666666666666667,0.6666666666666666,0.3333333333333333,11.2,不可估计
HAMD-17,PDCH共同24人验证,Kimi-K2.6,思考,3,03_全文_不规整_评分_不清洗,全文,不规整,逐条评分,不清洗,逐条评分,5,睡眠不深,Spearman,15,3,0.26027447098226525,0.34882277718089755,-0.337957552314456,0.7121420071562518,0.8666666666666667,0.4666666666666667,0.5333333333333333,11.2,不可估计
HAMD-17,PDCH共同24人验证,Kimi-K2.6,思考,3,03_全文_不规整_评分_不清洗,全文,不规整,逐条评分,不清洗,逐条评分,6,早醒,Spearman,15,3,0.09493671677531738,0.7364553074319479,-0.41621099204398215,0.567195900140748,0.2,0.8666666666666667,0.13333333333333333,11.2,不可估计
HAMD-17,PDCH共同24人验证,Kimi-K2.6,思考,3,03_全文_不规整_评分_不清洗,全文,不规整,逐条评分,不清洗,逐条评分,7,工作和活动,Spearman,15,4,0.5665371331424727,0.02766883300760386,0.06306619228227033,0.8281435503777419,0.8666666666666667,0.4666666666666667,0.5333333333333333,11.2,不可估计
HAMD-17,PDCH共同24人验证,Kimi-K2.6,思考,3,03_全文_不规整_评分_不清洗,全文,不规整,逐条评分,不清洗,逐条评分,8,迟滞,Spearman,15,3,0.4501837859990857,0.09220804339164013,0.1355873576453623,0.7703044789948412,0.2,0.8666666666666667,0.13333333333333333,11.2,不可估计
HAMD-17,PDCH共同24人验证,Kimi-K2.6,思考,3,03_全文_不规整_评分_不清洗,全文,不规整,逐条评分,不清洗,逐条评分,9,激越,Spearman,15,2,0.19569509096410923,0.4845672559135619,-0.27068667260732027,0.605353770102662,0.2,0.8,0.2,11.2,不可估计
HAMD-17,PDCH共同24人验证,Kimi-K2.6,思考,3,03_全文_不规整_评分_不清洗,全文,不规整,逐条评分,不清洗,逐条评分,10,精神性焦虑,Spearman,15,2,0.2510482226267169,0.36677522033119847,-0.2066068400633202,0.6701296479107168,0.4666666666666667,0.5333333333333333,0.4666666666666667,11.2,不可估计
HAMD-17,PDCH共同24人验证,Kimi-K2.6,思考,3,03_全文_不规整_评分_不清洗,全文,不规整,逐条评分,不清洗,逐条评分,11,躯体性焦虑,Spearman,15,4,0.39538530451592324,0.14464730878470955,-0.009522886778968906,0.7317366001422743,1.1333333333333333,0.2,0.8,11.2,不可估计
HAMD-17,PDCH共同24人验证,Kimi-K2.6,思考,3,03_全文_不规整_评分_不清洗,全文,不规整,逐条评分,不清洗,逐条评分,12,胃肠道症状,Spearman,15,3,0.553753462782521,0.032218502575032684,0.12140877905171299,0.8272217712891735,0.6,0.5333333333333333,0.4666666666666667,11.2,不可估计
HAMD-17,PDCH共同24人验证,Kimi-K2.6,思考,3,03_全文_不规整_评分_不清洗,全文,不规整,逐条评分,不清洗,逐条评分,13,全身症状,Spearman,15,3,0.8115803619011056,0.00023931600175255402,0.5346716845931528,0.9538871785323805,0.6666666666666666,0.4666666666666667,0.5333333333333333,11.2,不可估计
HAMD-17,PDCH共同24人验证,Kimi-K2.6,思考,3,03_全文_不规整_评分_不清洗,全文,不规整,逐条评分,不清洗,逐条评分,14,性症状,Spearman,15,2,0.24907918655815178,0.37067089153853217,-0.3072855018142094,0.660151294907093,0.3333333333333333,0.6666666666666666,0.3333333333333333,11.2,不可估计
HAMD-17,PDCH共同24人验证,Kimi-K2.6,思考,3,03_全文_不规整_评分_不清洗,全文,不规整,逐条评分,不清洗,逐条评分,15,疑病,Spearman,15,2,0.2981197643692264,0.28048624400753813,-0.26109892574147686,0.7429630850864469,0.4666666666666667,0.5333333333333333,0.4666666666666667,11.2,不可估计
HAMD-17,PDCH共同24人验证,Kimi-K2.6,思考,3,03_全文_不规整_评分_不清洗,全文,不规整,逐条评分,不清洗,逐条评分,16,体重减轻,Spearman,15,3,0.1439363125303199,0.6088056059259566,-0.3916860028036828,0.6015828134706842,0.2,0.8666666666666667,0.13333333333333333,11.2,不可估计
HAMD-17,PDCH共同24人验证,Kimi-K2.6,思考,3,03_全文_不规整_评分_不清洗,全文,不规整,逐条评分,不清洗,逐条评分,17,自知力,Spearman,15,3,0.14531393175878762,0.6053445733347753,-0.41242921915086633,0.589694687460052,0.26666666666666666,0.8,0.2,11.2,不可估计
HAMD-17,PDCH共同24人验证,Kimi-K2.6,思考,4,04_全文_不规整_评分_清洗,全文,不规整,逐条评分,清洗,逐条评分,1,抑郁情绪,Spearman,12,3,0.9099400604874803,4.0047963793021396e-05,0.7701177351361651,0.9796906101117644,1.0833333333333333,0.25,0.75,13.333333333333334,不可估计
HAMD-17,PDCH共同24人验证,Kimi-K2.6,思考,4,04_全文_不规整_评分_清洗,全文,不规整,逐条评分,清洗,逐条评分,2,有罪感,Spearman,12,3,0.1936002845209235,0.5465827374085571,-0.34549965003647215,0.6158022829167077,0.6666666666666666,0.4166666666666667,0.5833333333333334,13.333333333333334,不可估计
HAMD-17,PDCH共同24人验证,Kimi-K2.6,思考,4,04_全文_不规整_评分_清洗,全文,不规整,逐条评分,清洗,逐条评分,3,自杀,Spearman,12,2,0.3073152450069547,0.3312129304504659,0.1584504610924064,0.7111583128628061,0.25,0.9166666666666666,0.08333333333333333,13.333333333333334,不可估计
HAMD-17,PDCH共同24人验证,Kimi-K2.6,思考,4,04_全文_不规整_评分_清洗,全文,不规整,逐条评分,清洗,逐条评分,4,入睡困难,Spearman,12,3,0.6453342817364117,0.023433897610707903,0.09515785004182224,0.920697686174607,0.5833333333333334,0.5,0.5,13.333333333333334,不可估计
HAMD-17,PDCH共同24人验证,Kimi-K2.6,思考,4,04_全文_不规整_评分_清洗,全文,不规整,逐条评分,清洗,逐条评分,5,睡眠不深,Spearman,12,3,0.3632271023345086,0.24583649883586084,-0.11993230592828748,0.7292125581466322,0.9166666666666666,0.4166666666666667,0.5833333333333334,13.333333333333334,不可估计
HAMD-17,PDCH共同24人验证,Kimi-K2.6,思考,4,04_全文_不规整_评分_清洗,全文,不规整,逐条评分,清洗,逐条评分,6,早醒,Spearman,12,3,0.3308802551185644,0.2934742607079333,-0.23488578025419882,0.7683374584091369,0.3333333333333333,0.75,0.25,13.333333333333334,不可估计
HAMD-17,PDCH共同24人验证,Kimi-K2.6,思考,4,04_全文_不规整_评分_清洗,全文,不规整,逐条评分,清洗,逐条评分,7,工作和活动,Spearman,12,5,0.7837293878509723,0.002558160642907716,0.41956501003962077,0.9721735307276368,1.5833333333333333,0.25,0.75,13.333333333333334,不可估计
HAMD-17,PDCH共同24人验证,Kimi-K2.6,思考,4,04_全文_不规整_评分_清洗,全文,不规整,逐条评分,清洗,逐条评分,8,迟滞,Spearman,12,3,0.6430741590459447,0.024085320357315736,0.4373711266779299,0.8749518184637821,0.25,0.8333333333333334,0.16666666666666666,13.333333333333334,不可估计
HAMD-17,PDCH共同24人验证,Kimi-K2.6,思考,4,04_全文_不规整_评分_清洗,全文,不规整,逐条评分,清洗,逐条评分,9,激越,Spearman,12,2,0.14011045056973284,0.6640640461629863,-0.3496944691664562,0.6258725050491246,0.25,0.75,0.25,13.333333333333334,不可估计
HAMD-17,PDCH共同24人验证,Kimi-K2.6,思考,4,04_全文_不规整_评分_清洗,全文,不规整,逐条评分,清洗,逐条评分,10,精神性焦虑,Spearman,12,3,0.6484669789977067,0.02255227144897208,0.17157365321522466,0.915041167684669,0.6666666666666666,0.5,0.5,13.333333333333334,不可估计
HAMD-17,PDCH共同24人验证,Kimi-K2.6,思考,4,04_全文_不规整_评分_清洗,全文,不规整,逐条评分,清洗,逐条评分,11,躯体性焦虑,Spearman,12,4,0.5918802060732401,0.04261852438412049,0.06367131737597141,0.9209304761625744,1.25,0.3333333333333333,0.6666666666666666,13.333333333333334,不可估计
HAMD-17,PDCH共同24人验证,Kimi-K2.6,思考,4,04_全文_不规整_评分_清洗,全文,不规整,逐条评分,清洗,逐条评分,12,胃肠道症状,Spearman,12,3,0.5948784599806363,0.041318330717801506,0.10153285215629297,0.9004580299042031,0.75,0.5,0.5,13.333333333333334,不可估计
HAMD-17,PDCH共同24人验证,Kimi-K2.6,思考,4,04_全文_不规整_评分_清洗,全文,不规整,逐条评分,清洗,逐条评分,13,全身症状,Spearman,12,3,0.8500263116487986,0.0004619180704762836,0.6486947641161572,0.9534763205622883,0.8333333333333334,0.4166666666666667,0.5833333333333334,13.333333333333334,不可估计
HAMD-17,PDCH共同24人验证,Kimi-K2.6,思考,4,04_全文_不规整_评分_清洗,全文,不规整,逐条评分,清洗,逐条评分,14,性症状,Spearman,12,3,0.7443940468967758,0.005489747443437135,0.3829133869839621,0.9248520178405645,0.6666666666666666,0.5,0.5,13.333333333333334,不可估计
HAMD-17,PDCH共同24人验证,Kimi-K2.6,思考,4,04_全文_不规整_评分_清洗,全文,不规整,逐条评分,清洗,逐条评分,15,疑病,Spearman,12,2,0.04853568381162901,0.8809310865084804,-0.6277071407512474,0.5850496442653433,0.5,0.5,0.5,13.333333333333334,不可估计
HAMD-17,PDCH共同24人验证,Kimi-K2.6,思考,4,04_全文_不规整_评分_清洗,全文,不规整,逐条评分,清洗,逐条评分,16,体重减轻,Spearman,12,3,0.14808626802509176,0.6460165703382961,-0.2924894241261693,0.6139601294045423,0.4166666666666667,0.75,0.25,13.333333333333334,不可估计
HAMD-17,PDCH共同24人验证,Kimi-K2.6,思考,4,04_全文_不规整_评分_清洗,全文,不规整,逐条评分,清洗,逐条评分,17,自知力,Spearman,12,3,0.469711131392088,0.1233806274317645,-0.19671339359781564,0.8263093219367328,0.3333333333333333,0.75,0.25,13.333333333333334,不可估计
HAMD-17,PDCH共同24人验证,Kimi-K2.6,思考,7,07_全文_规整_评分_不清洗,全文,规整,逐条评分,不清洗,逐条评分,1,抑郁情绪,Spearman,8,2,0.42257712736425823,0.2969399993549053,0.2606660591820472,0.9137700328535256,1.875,0.0,1.0,15.25,不可估计
HAMD-17,PDCH共同24人验证,Kimi-K2.6,思考,7,07_全文_规整_评分_不清洗,全文,规整,逐条评分,不清洗,逐条评分,2,有罪感,Spearman,8,2,0.0,1.0,-0.7264435105957774,0.7160249990866003,0.25,0.75,0.25,15.25,不可估计
HAMD-17,PDCH共同24人验证,Kimi-K2.6,思考,7,07_全文_规整_评分_不清洗,全文,规整,逐条评分,不清洗,逐条评分,3,自杀,Spearman,8,4,0.95,0.0003008984375000009,0.8607773150561102,0.995863477615015,1.5,0.25,0.75,15.25,不可估计
HAMD-17,PDCH共同24人验证,Kimi-K2.6,思考,7,07_全文_规整_评分_不清洗,全文,规整,逐条评分,不清洗,逐条评分,4,入睡困难,Spearman,8,3,-0.2817180849095055,0.49906137962992314,-0.9093277486124328,0.36055848460363854,0.5,0.625,0.375,15.25,不可估计
HAMD-17,PDCH共同24人验证,Kimi-K2.6,思考,7,07_全文_规整_评分_不清洗,全文,规整,逐条评分,不清洗,逐条评分,5,睡眠不深,Spearman,8,3,-0.45184805705753195,0.2610372149680399,-0.9209914851472447,0.3335877016887935,1.0,0.375,0.625,15.25,不可估计
HAMD-17,PDCH共同24人验证,Kimi-K2.6,思考,7,07_全文_规整_评分_不清洗,全文,规整,逐条评分,不清洗,逐条评分,6,早醒,Spearman,8,3,0.5006939628599933,0.20630001337845572,-0.2890351967076686,0.9440465391669939,0.75,0.5,0.5,15.25,不可估计
HAMD-17,PDCH共同24人验证,Kimi-K2.6,思考,7,07_全文_规整_评分_不清洗,全文,规整,逐条评分,不清洗,逐条评分,7,工作和活动,Spearman,8,2,0.42257712736425823,0.2969399993549053,0.26013299085723596,0.8812858720321561,1.75,0.125,0.875,15.25,不可估计
HAMD-17,PDCH共同24人验证,Kimi-K2.6,思考,7,07_全文_规整_评分_不清洗,全文,规整,逐条评分,不清洗,逐条评分,8,迟滞,Spearman,8,3,-0.191662969499982,0.649335793861599,-0.7177296906662495,0.5305016753110912,0.375,0.75,0.25,15.25,不可估计
HAMD-17,PDCH共同24人验证,Kimi-K2.6,思考,7,07_全文_规整_评分_不清洗,全文,规整,逐条评分,不清洗,逐条评分,9,激越,Spearman,8,2,0.5590169943749473,0.14973733521583915,-0.2756669047483746,0.9622504486493763,1.0,0.5,0.5,15.25,不可估计
HAMD-17,PDCH共同24人验证,Kimi-K2.6,思考,7,07_全文_规整_评分_不清洗,全文,规整,逐条评分,不清洗,逐条评分,10,精神性焦虑,Spearman,8,4,0.28788315742461756,0.4893010894684772,-0.6341849863725989,0.8586769695068988,1.5,0.25,0.75,15.25,不可估计
HAMD-17,PDCH共同24人验证,Kimi-K2.6,思考,7,07_全文_规整_评分_不清洗,全文,规整,逐条评分,不清洗,逐条评分,11,躯体性焦虑,Spearman,8,4,0.31405435355412825,0.4487214580096294,-0.45492668527951413,0.9359257857491473,1.5,0.25,0.75,15.25,不可估计
HAMD-17,PDCH共同24人验证,Kimi-K2.6,思考,7,07_全文_规整_评分_不清洗,全文,规整,逐条评分,不清洗,逐条评分,12,胃肠道症状,Spearman,8,3,-0.13176156917368245,0.755791574097108,-0.8212247596585154,0.7350033231608353,0.75,0.5,0.5,15.25,不可估计
HAMD-17,PDCH共同24人验证,Kimi-K2.6,思考,7,07_全文_规整_评分_不清洗,全文,规整,逐条评分,不清洗,逐条评分,13,全身症状,Spearman,8,3,0.05345224838248487,0.8999677715405894,-0.6762315144570537,0.7814353687014677,0.75,0.375,0.625,15.25,不可估计
HAMD-17,PDCH共同24人验证,Kimi-K2.6,思考,7,07_全文_规整_评分_不清洗,全文,规整,逐条评分,不清洗,逐条评分,14,性症状,Spearman,8,3,0.5809475019311126,0.13099557948441182,-0.35437465393117096,0.9524009773736279,0.875,0.375,0.625,15.25,不可估计
HAMD-17,PDCH共同24人验证,Kimi-K2.6,思考,7,07_全文_规整_评分_不清洗,全文,规整,逐条评分,不清洗,逐条评分,15,疑病,Spearman,8,2,0.17320508075688773,0.6816772073944634,-0.555646639406281,0.8783100656536799,0.375,0.625,0.375,15.25,不可估计
HAMD-17,PDCH共同24人验证,Kimi-K2.6,思考,7,07_全文_规整_评分_不清洗,全文,规整,逐条评分,不清洗,逐条评分,16,体重减轻,Spearman,8,2,0.25819888974716115,0.5369633243867575,-0.266815860841924,0.9689927921123362,0.5,0.75,0.25,15.25,不可估计
HAMD-17,PDCH共同24人验证,Kimi-K2.6,思考,7,07_全文_规整_评分_不清洗,全文,规整,逐条评分,不清洗,逐条评分,17,自知力,Spearman,8,2,-0.42257712736425823,0.2969399993549053,-0.8907092350438082,-0.2751053211988152,0.125,0.875,0.125,15.25,不可估计
HAMD-17,PDCH共同24人验证,Kimi-K2.6,思考,8,08_全文_规整_评分_清洗,全文,规整,逐条评分,清洗,逐条评分,1,抑郁情绪,Spearman,9,2,0.6784917756232405,0.04452033460739848,0.4122170103093492,0.9473916634360489,1.7777777777777777,0.0,1.0,18.22222222222222,不可估计
HAMD-17,PDCH共同24人验证,Kimi-K2.6,思考,8,08_全文_规整_评分_清洗,全文,规整,逐条评分,清洗,逐条评分,2,有罪感,Spearman,9,3,0.6198882973654639,0.07496042929389395,0.10912874573495705,0.9743911956946198,1.1111111111111112,0.2222222222222222,0.7777777777777778,18.22222222222222,不可估计
HAMD-17,PDCH共同24人验证,Kimi-K2.6,思考,8,08_全文_规整_评分_清洗,全文,规整,逐条评分,清洗,逐条评分,3,自杀,Spearman,9,3,0.5983735016339102,0.08871273020642974,-0.0479376187963898,0.9733314307909551,1.5555555555555556,0.4444444444444444,0.5555555555555556,18.22222222222222,不可估计
HAMD-17,PDCH共同24人验证,Kimi-K2.6,思考,8,08_全文_规整_评分_清洗,全文,规整,逐条评分,清洗,逐条评分,4,入睡困难,Spearman,9,2,0.6550003234570297,0.05552755675641004,0.17333143349790048,0.9497451608958136,0.4444444444444444,0.5555555555555556,0.4444444444444444,18.22222222222222,不可估计
HAMD-17,PDCH共同24人验证,Kimi-K2.6,思考,8,08_全文_规整_评分_清洗,全文,规整,逐条评分,清洗,逐条评分,5,睡眠不深,Spearman,9,3,-0.1302663813304236,0.7383476263519173,-0.7939529552366105,0.9163831102789751,0.8888888888888888,0.3333333333333333,0.6666666666666666,18.22222222222222,不可估计
HAMD-17,PDCH共同24人验证,Kimi-K2.6,思考,8,08_全文_规整_评分_清洗,全文,规整,逐条评分,清洗,逐条评分,6,早醒,Spearman,9,3,0.35037164633700135,0.3552736678893071,-0.38208220283742045,0.842169680602326,0.8888888888888888,0.4444444444444444,0.5555555555555556,18.22222222222222,不可估计
HAMD-17,PDCH共同24人验证,Kimi-K2.6,思考,8,08_全文_规整_评分_清洗,全文,规整,逐条评分,清洗,逐条评分,7,工作和活动,Spearman,9,4,0.5990745447784198,0.08824195178464253,0.04712976949498426,0.9119920771124923,2.3333333333333335,0.1111111111111111,0.8888888888888888,18.22222222222222,不可估计
HAMD-17,PDCH共同24人验证,Kimi-K2.6,思考,8,08_全文_规整_评分_清洗,全文,规整,逐条评分,清洗,逐条评分,8,迟滞,Spearman,9,3,0.5731300963521571,0.10670008937536629,-0.031349023370492626,0.970416826231925,0.7777777777777778,0.5555555555555556,0.4444444444444444,18.22222222222222,不可估计
HAMD-17,PDCH共同24人验证,Kimi-K2.6,思考,8,08_全文_规整_评分_清洗,全文,规整,逐条评分,清洗,逐条评分,9,激越,Spearman,9,3,0.31889640207164033,0.40291604417534665,-0.8096934285739646,0.9065878968956123,1.0,0.3333333333333333,0.6666666666666666,18.22222222222222,不可估计
HAMD-17,PDCH共同24人验证,Kimi-K2.6,思考,8,08_全文_规整_评分_清洗,全文,规整,逐条评分,清洗,逐条评分,10,精神性焦虑,Spearman,9,2,0.21833344115234324,0.57250681154249,-0.48003656905322606,0.9203285343246166,1.1111111111111112,0.4444444444444444,0.5555555555555556,18.22222222222222,不可估计
HAMD-17,PDCH共同24人验证,Kimi-K2.6,思考,8,08_全文_规整_评分_清洗,全文,规整,逐条评分,清洗,逐条评分,11,躯体性焦虑,Spearman,9,3,0.06737916275711564,0.8632545452200383,-0.6958432569672461,0.7474037136239496,1.7777777777777777,0.0,1.0,18.22222222222222,不可估计
HAMD-17,PDCH共同24人验证,Kimi-K2.6,思考,8,08_全文_规整_评分_清洗,全文,规整,逐条评分,清洗,逐条评分,12,胃肠道症状,Spearman,9,3,0.40916514879687504,0.2741628036947284,-0.2514460011137746,0.846267302744994,0.6666666666666666,0.5555555555555556,0.4444444444444444,18.22222222222222,不可估计
HAMD-17,PDCH共同24人验证,Kimi-K2.6,思考,8,08_全文_规整_评分_清洗,全文,规整,逐条评分,清洗,逐条评分,13,全身症状,Spearman,9,3,0.47614608348361714,0.19508375643326278,-0.28961759510854873,0.9115315506759517,1.1111111111111112,0.3333333333333333,0.6666666666666666,18.22222222222222,不可估计
HAMD-17,PDCH共同24人验证,Kimi-K2.6,思考,8,08_全文_规整_评分_清洗,全文,规整,逐条评分,清洗,逐条评分,14,性症状,Spearman,9,2,0.36534172533559106,0.3336237658391446,-0.03284585406538135,0.8786580351272524,1.2222222222222223,0.0,1.0,18.22222222222222,不可估计
HAMD-17,PDCH共同24人验证,Kimi-K2.6,思考,8,08_全文_规整_评分_清洗,全文,规整,逐条评分,清洗,逐条评分,15,疑病,Spearman,9,3,0.07516460280028289,0.8475950200621583,-0.8392589931829342,0.6852232762188436,0.5555555555555556,0.5555555555555556,0.4444444444444444,18.22222222222222,不可估计
HAMD-17,PDCH共同24人验证,Kimi-K2.6,思考,8,08_全文_规整_评分_清洗,全文,规整,逐条评分,清洗,逐条评分,16,体重减轻,Spearman,9,2,0.0,1.0,-0.4313870262898678,0.44744493643463734,0.2222222222222222,0.8888888888888888,0.1111111111111111,18.22222222222222,不可估计
HAMD-17,PDCH共同24人验证,Kimi-K2.6,思考,8,08_全文_规整_评分_清洗,全文,规整,逐条评分,清洗,逐条评分,17,自知力,Spearman,9,2,0.3682298471593294,0.3295238691267443,-0.5101332541882785,0.8691969095717498,0.3333333333333333,0.6666666666666666,0.3333333333333333,18.22222222222222,不可估计
HAMD-17,PDCH共同24人验证,Kimi-K2.6,思考,11,11_事件序列_不规整_评分_不清洗,事件序列,不规整,逐条评分,不清洗,逐条评分,1,抑郁情绪,Spearman,15,3,0.8359744309053192,0.00010344505491476991,0.6241687760285602,0.9458200202211513,1.0666666666666667,0.26666666666666666,0.7333333333333333,11.866666666666667,不可估计
HAMD-17,PDCH共同24人验证,Kimi-K2.6,思考,11,11_事件序列_不规整_评分_不清洗,事件序列,不规整,逐条评分,不清洗,逐条评分,2,有罪感,Spearman,15,3,0.08551382496180257,0.7618774077252254,-0.5940481165000506,0.5900924886283822,0.5333333333333333,0.5333333333333333,0.4666666666666667,11.866666666666667,不可估计
HAMD-17,PDCH共同24人验证,Kimi-K2.6,思考,11,11_事件序列_不规整_评分_不清洗,事件序列,不规整,逐条评分,不清洗,逐条评分,3,自杀,Spearman,15,3,0.6776982452095501,0.005499808985766206,0.383681649108508,0.889525490572989,0.9333333333333333,0.6666666666666666,0.3333333333333333,11.866666666666667,不可估计
HAMD-17,PDCH共同24人验证,Kimi-K2.6,思考,11,11_事件序列_不规整_评分_不清洗,事件序列,不规整,逐条评分,不清洗,逐条评分,4,入睡困难,Spearman,15,2,0.14122143405045406,0.6156488071502425,-0.3567090189303509,0.5813696076455627,0.26666666666666666,0.7333333333333333,0.26666666666666666,11.866666666666667,不可估计
HAMD-17,PDCH共同24人验证,Kimi-K2.6,思考,11,11_事件序列_不规整_评分_不清洗,事件序列,不规整,逐条评分,不清洗,逐条评分,5,睡眠不深,Spearman,15,3,0.050399193954174394,0.8584299152059014,-0.5102902687997363,0.5657942840910487,0.9333333333333333,0.4666666666666667,0.5333333333333333,11.866666666666667,不可估计
HAMD-17,PDCH共同24人验证,Kimi-K2.6,思考,11,11_事件序列_不规整_评分_不清洗,事件序列,不规整,逐条评分,不清洗,逐条评分,6,早醒,Spearman,15,2,0.5052112064269987,0.054733849078248346,0.253750380773717,0.7929998109866856,0.26666666666666666,0.8666666666666667,0.13333333333333333,11.866666666666667,不可估计
HAMD-17,PDCH共同24人验证,Kimi-K2.6,思考,11,11_事件序列_不规整_评分_不清洗,事件序列,不规整,逐条评分,不清洗,逐条评分,7,工作和活动,Spearman,15,4,0.7086982877969991,0.003099705846361774,0.38661125307666633,0.9051845814614569,1.0666666666666667,0.4,0.6,11.866666666666667,不可估计
HAMD-17,PDCH共同24人验证,Kimi-K2.6,思考,11,11_事件序列_不规整_评分_不清洗,事件序列,不规整,逐条评分,不清洗,逐条评分,8,迟滞,Spearman,15,2,0.13778487448009055,0.624353360395625,-0.05662021943990209,0.4644407042431562,0.13333333333333333,0.8666666666666667,0.13333333333333333,11.866666666666667,不可估计
HAMD-17,PDCH共同24人验证,Kimi-K2.6,思考,11,11_事件序列_不规整_评分_不清洗,事件序列,不规整,逐条评分,不清洗,逐条评分,9,激越,Spearman,15,3,0.3172309899759665,0.249275409227416,-0.30355740484728555,0.6948871470279001,0.3333333333333333,0.7333333333333333,0.26666666666666666,11.866666666666667,不可估计
HAMD-17,PDCH共同24人验证,Kimi-K2.6,思考,11,11_事件序列_不规整_评分_不清洗,事件序列,不规整,逐条评分,不清洗,逐条评分,10,精神性焦虑,Spearman,15,3,0.5815699821340846,0.022960157538599927,0.10592363456588455,0.8918935061229901,0.7333333333333333,0.4666666666666667,0.5333333333333333,11.866666666666667,不可估计
HAMD-17,PDCH共同24人验证,Kimi-K2.6,思考,11,11_事件序列_不规整_评分_不清洗,事件序列,不规整,逐条评分,不清洗,逐条评分,11,躯体性焦虑,Spearman,15,3,0.34207689356585474,0.21203250331561493,-0.06700241755710483,0.6882168660958624,1.0666666666666667,0.3333333333333333,0.6666666666666666,11.866666666666667,不可估计
HAMD-17,PDCH共同24人验证,Kimi-K2.6,思考,11,11_事件序列_不规整_评分_不清洗,事件序列,不规整,逐条评分,不清洗,逐条评分,12,胃肠道症状,Spearman,15,3,0.2312041969663804,0.4070544492020791,-0.27098982961115864,0.7158926449142153,0.5333333333333333,0.6,0.4,11.866666666666667,不可估计
HAMD-17,PDCH共同24人验证,Kimi-K2.6,思考,11,11_事件序列_不规整_评分_不清洗,事件序列,不规整,逐条评分,不清洗,逐条评分,13,全身症状,Spearman,15,3,0.508134406001551,0.053120313959082885,-0.10880001804893695,0.9027697643994674,0.8,0.3333333333333333,0.6666666666666666,11.866666666666667,不可估计
HAMD-17,PDCH共同24人验证,Kimi-K2.6,思考,11,11_事件序列_不规整_评分_不清洗,事件序列,不规整,逐条评分,不清洗,逐条评分,14,性症状,Spearman,15,3,0.5501421293887533,0.03360008934559236,0.036202113730206584,0.8385669698423903,0.5333333333333333,0.6,0.4,11.866666666666667,不可估计
HAMD-17,PDCH共同24人验证,Kimi-K2.6,思考,11,11_事件序列_不规整_评分_不清洗,事件序列,不规整,逐条评分,不清洗,逐条评分,15,疑病,Spearman,15,2,-0.03186912093843482,0.9102302780163413,-0.5087968176193737,0.5126788349657104,0.4,0.6,0.4,11.866666666666667,不可估计
HAMD-17,PDCH共同24人验证,Kimi-K2.6,思考,11,11_事件序列_不规整_评分_不清洗,事件序列,不规整,逐条评分,不清洗,逐条评分,16,体重减轻,Spearman,15,3,0.09467602049342425,0.7371553691846988,-0.42606387946936636,0.5292827692777307,0.2,0.8666666666666667,0.13333333333333333,11.866666666666667,不可估计
HAMD-17,PDCH共同24人验证,Kimi-K2.6,思考,11,11_事件序列_不规整_评分_不清洗,事件序列,不规整,逐条评分,不清洗,逐条评分,17,自知力,Spearman,15,2,-0.22964145746681758,0.410321384232097,-0.580624062728598,0.002790432745961406,0.13333333333333333,0.8666666666666667,0.13333333333333333,11.866666666666667,不可估计
HAMD-17,PDCH共同24人验证,Kimi-K2.6,思考,12,12_事件序列_不规整_评分_清洗,事件序列,不规整,逐条评分,清洗,逐条评分,1,抑郁情绪,Spearman,16,3,0.8240111568646743,8.683409648379344e-05,0.5668130755209021,0.9640834755640715,1.1875,0.25,0.75,12.75,不可估计
HAMD-17,PDCH共同24人验证,Kimi-K2.6,思考,12,12_事件序列_不规整_评分_清洗,事件序列,不规整,逐条评分,清洗,逐条评分,2,有罪感,Spearman,16,3,0.3556768534729039,0.17637128964966295,-0.19052144074837138,0.7501242024543932,0.6875,0.375,0.625,12.75,不可估计
HAMD-17,PDCH共同24人验证,Kimi-K2.6,思考,12,12_事件序列_不规整_评分_清洗,事件序列,不规整,逐条评分,清洗,逐条评分,3,自杀,Spearman,16,3,0.6949070939277061,0.002809159700665642,0.42593505034518075,0.8900336160117632,1.0,0.625,0.375,12.75,不可估计
HAMD-17,PDCH共同24人验证,Kimi-K2.6,思考,12,12_事件序列_不规整_评分_清洗,事件序列,不规整,逐条评分,清洗,逐条评分,4,入睡困难,Spearman,16,3,0.2505496737527489,0.34929801175707753,-0.33954024092157203,0.6534144802530125,0.3125,0.75,0.25,12.75,不可估计
HAMD-17,PDCH共同24人验证,Kimi-K2.6,思考,12,12_事件序列_不规整_评分_清洗,事件序列,不规整,逐条评分,清洗,逐条评分,5,睡眠不深,Spearman,16,3,0.30338470008859797,0.2533375038958479,-0.12902502685601572,0.6935179721885878,0.875,0.5,0.5,12.75,不可估计
HAMD-17,PDCH共同24人验证,Kimi-K2.6,思考,12,12_事件序列_不规整_评分_清洗,事件序列,不规整,逐条评分,清洗,逐条评分,6,早醒,Spearman,16,3,0.5076597024523178,0.04470339167770731,-0.1356136355477585,0.8118045941516577,0.375,0.75,0.25,12.75,不可估计
HAMD-17,PDCH共同24人验证,Kimi-K2.6,思考,12,12_事件序列_不规整_评分_清洗,事件序列,不规整,逐条评分,清洗,逐条评分,7,工作和活动,Spearman,16,5,0.6187127569671396,0.010614122410420711,0.24452457156128254,0.8527215408670477,1.1875,0.4375,0.5625,12.75,不可估计
HAMD-17,PDCH共同24人验证,Kimi-K2.6,思考,12,12_事件序列_不规整_评分_清洗,事件序列,不规整,逐条评分,清洗,逐条评分,8,迟滞,Spearman,16,2,0.40425601103640624,0.12041892950204196,0.07293750714341975,0.7234140779586037,0.1875,0.8125,0.1875,12.75,不可估计
HAMD-17,PDCH共同24人验证,Kimi-K2.6,思考,12,12_事件序列_不规整_评分_清洗,事件序列,不规整,逐条评分,清洗,逐条评分,9,激越,Spearman,16,3,0.19012737891071366,0.48062772290892103,-0.4719574955615524,0.6801300809578555,0.375,0.75,0.25,12.75,不可估计
HAMD-17,PDCH共同24人验证,Kimi-K2.6,思考,12,12_事件序列_不规整_评分_清洗,事件序列,不规整,逐条评分,清洗,逐条评分,10,精神性焦虑,Spearman,16,3,0.6539775017057007,0.005994489256138086,0.19792642365020569,0.961685267841226,0.9375,0.375,0.625,12.75,不可估计
HAMD-17,PDCH共同24人验证,Kimi-K2.6,思考,12,12_事件序列_不规整_评分_清洗,事件序列,不规整,逐条评分,清洗,逐条评分,11,躯体性焦虑,Spearman,16,4,0.2151851511843469,0.4235010180677349,-0.28690463034506825,0.6420653609217915,0.9375,0.375,0.625,12.75,不可估计
HAMD-17,PDCH共同24人验证,Kimi-K2.6,思考,12,12_事件序列_不规整_评分_清洗,事件序列,不规整,逐条评分,清洗,逐条评分,12,胃肠道症状,Spearman,16,3,0.2590238859525814,0.33268484126575343,-0.18703328068908065,0.6510725809155469,0.4375,0.625,0.375,12.75,不可估计
HAMD-17,PDCH共同24人验证,Kimi-K2.6,思考,12,12_事件序列_不规整_评分_清洗,事件序列,不规整,逐条评分,清洗,逐条评分,13,全身症状,Spearman,16,3,0.45753692607956126,0.07475322688128914,-0.0013571313413127063,0.8035361844137064,0.625,0.5,0.5,12.75,不可估计
HAMD-17,PDCH共同24人验证,Kimi-K2.6,思考,12,12_事件序列_不规整_评分_清洗,事件序列,不规整,逐条评分,清洗,逐条评分,14,性症状,Spearman,16,3,0.4758217229818669,0.062466036155552566,3.5241099145342256e-05,0.7548872733564311,0.625,0.5625,0.4375,12.75,不可估计
HAMD-17,PDCH共同24人验证,Kimi-K2.6,思考,12,12_事件序列_不规整_评分_清洗,事件序列,不规整,逐条评分,清洗,逐条评分,15,疑病,Spearman,16,3,0.11773812997844608,0.6640954442999496,-0.5259380358568413,0.5994388274753806,0.4375,0.625,0.375,12.75,不可估计
HAMD-17,PDCH共同24人验证,Kimi-K2.6,思考,12,12_事件序列_不规整_评分_清洗,事件序列,不规整,逐条评分,清洗,逐条评分,16,体重减轻,Spearman,16,2,-0.22672808050605428,0.39843254598350736,-0.54203423808972,-0.11598418933479586,0.0625,0.9375,0.0625,12.75,不可估计
HAMD-17,PDCH共同24人验证,Kimi-K2.6,思考,12,12_事件序列_不规整_评分_清洗,事件序列,不规整,逐条评分,清洗,逐条评分,17,自知力,Spearman,16,2,0.07030539322372283,0.7958443755794791,-0.42857161620106626,0.5691795966020322,0.1875,0.8125,0.1875,12.75,不可估计
HAMD-17,PDCH共同24人验证,Kimi-K2.6,思考,15,15_事件序列_规整_评分_不清洗,事件序列,规整,逐条评分,不清洗,逐条评分,1,抑郁情绪,Spearman,15,4,0.6387489073050341,0.010372930003384207,0.2693978864721945,0.8643976834330952,1.6,0.13333333333333333,0.8666666666666667,15.266666666666667,不可估计
HAMD-17,PDCH共同24人验证,Kimi-K2.6,思考,15,15_事件序列_规整_评分_不清洗,事件序列,规整,逐条评分,不清洗,逐条评分,2,有罪感,Spearman,15,4,0.4050337394864334,0.13422173312970276,-0.10636666326185953,0.7727843814852567,0.9333333333333333,0.4,0.6,15.266666666666667,不可估计
HAMD-17,PDCH共同24人验证,Kimi-K2.6,思考,15,15_事件序列_规整_评分_不清洗,事件序列,规整,逐条评分,不清洗,逐条评分,3,自杀,Spearman,15,3,0.5886359450798957,0.020970478176329785,0.22743067026043157,0.8250414270527654,1.1333333333333333,0.5333333333333333,0.4666666666666667,15.266666666666667,不可估计
HAMD-17,PDCH共同24人验证,Kimi-K2.6,思考,15,15_事件序列_规整_评分_不清洗,事件序列,规整,逐条评分,不清洗,逐条评分,4,入睡困难,Spearman,15,3,0.101021354226034,0.7201715452783085,-0.45559121285762716,0.587309340652842,0.8666666666666667,0.4666666666666667,0.5333333333333333,15.266666666666667,不可估计
HAMD-17,PDCH共同24人验证,Kimi-K2.6,思考,15,15_事件序列_规整_评分_不清洗,事件序列,规整,逐条评分,不清洗,逐条评分,5,睡眠不深,Spearman,15,3,0.3185636881427531,0.2471821539662889,-0.21145712131427705,0.6938745265342162,0.8,0.4,0.6,15.266666666666667,不可估计
HAMD-17,PDCH共同24人验证,Kimi-K2.6,思考,15,15_事件序列_规整_评分_不清洗,事件序列,规整,逐条评分,不清洗,逐条评分,6,早醒,Spearman,15,3,0.47689488431896637,0.072268883371182,-0.018090329321561367,0.8173727153461964,0.8,0.5333333333333333,0.4666666666666667,15.266666666666667,不可估计
HAMD-17,PDCH共同24人验证,Kimi-K2.6,思考,15,15_事件序列_规整_评分_不清洗,事件序列,规整,逐条评分,不清洗,逐条评分,7,工作和活动,Spearman,15,5,0.811933290849568,0.0002366321293996061,0.5635883033351493,0.933308552167536,2.066666666666667,0.06666666666666667,0.9333333333333333,15.266666666666667,不可估计
HAMD-17,PDCH共同24人验证,Kimi-K2.6,思考,15,15_事件序列_规整_评分_不清洗,事件序列,规整,逐条评分,不清洗,逐条评分,8,迟滞,Spearman,15,3,0.1744556751977294,0.5340434341918778,-0.30510593220260096,0.6105897665839233,0.4666666666666667,0.6,0.4,15.266666666666667,不可估计
HAMD-17,PDCH共同24人验证,Kimi-K2.6,思考,15,15_事件序列_规整_评分_不清洗,事件序列,规整,逐条评分,不清洗,逐条评分,9,激越,Spearman,15,3,0.14940912803600337,0.5951022440454135,-0.2774844398849441,0.6068693290307158,0.3333333333333333,0.8,0.2,15.266666666666667,不可估计
HAMD-17,PDCH共同24人验证,Kimi-K2.6,思考,15,15_事件序列_规整_评分_不清洗,事件序列,规整,逐条评分,不清洗,逐条评分,10,精神性焦虑,Spearman,15,3,0.7522567840512566,0.0012147992409239138,0.38141801340423903,0.9501758821910461,1.2,0.13333333333333333,0.8666666666666667,15.266666666666667,不可估计
HAMD-17,PDCH共同24人验证,Kimi-K2.6,思考,15,15_事件序列_规整_评分_不清洗,事件序列,规整,逐条评分,不清洗,逐条评分,11,躯体性焦虑,Spearman,15,4,0.5178929577281295,0.04798593025742462,0.07756229628834731,0.8214579994688371,1.5333333333333334,0.2,0.8,15.266666666666667,不可估计
HAMD-17,PDCH共同24人验证,Kimi-K2.6,思考,15,15_事件序列_规整_评分_不清洗,事件序列,规整,逐条评分,不清洗,逐条评分,12,胃肠道症状,Spearman,15,3,0.14730537256267784,0.6003551814588322,-0.33850161996994943,0.5993882590200027,0.9333333333333333,0.3333333333333333,0.6666666666666666,15.266666666666667,不可估计
HAMD-17,PDCH共同24人验证,Kimi-K2.6,思考,15,15_事件序列_规整_评分_不清洗,事件序列,规整,逐条评分,不清洗,逐条评分,13,全身症状,Spearman,15,3,0.49285789299909916,0.06195054854328235,-0.13422056696135945,0.8723383194615869,0.8,0.3333333333333333,0.6666666666666666,15.266666666666667,不可估计
HAMD-17,PDCH共同24人验证,Kimi-K2.6,思考,15,15_事件序列_规整_评分_不清洗,事件序列,规整,逐条评分,不清洗,逐条评分,14,性症状,Spearman,15,3,0.6445064754603603,0.009494480646250206,0.2325844505436194,0.8798596055508413,0.8,0.5333333333333333,0.4666666666666667,15.266666666666667,不可估计
HAMD-17,PDCH共同24人验证,Kimi-K2.6,思考,15,15_事件序列_规整_评分_不清洗,事件序列,规整,逐条评分,不清洗,逐条评分,15,疑病,Spearman,15,3,0.36714919964305365,0.17824163078355965,-0.1929533936443869,0.7485625286279667,0.8,0.5333333333333333,0.4666666666666667,15.266666666666667,不可估计
HAMD-17,PDCH共同24人验证,Kimi-K2.6,思考,15,15_事件序列_规整_评分_不清洗,事件序列,规整,逐条评分,不清洗,逐条评分,16,体重减轻,Spearman,15,2,0.15541746804005233,0.580202630873888,-0.43080234892053687,0.6494316571879224,0.4,0.8,0.2,15.266666666666667,不可估计
HAMD-17,PDCH共同24人验证,Kimi-K2.6,思考,15,15_事件序列_规整_评分_不清洗,事件序列,规整,逐条评分,不清洗,逐条评分,17,自知力,Spearman,15,3,0.056399265012237285,0.8417614095457673,-0.5316388057007735,0.6357297247530014,0.4,0.6666666666666666,0.3333333333333333,15.266666666666667,不可估计
HAMD-17,PDCH共同24人验证,Kimi-K2.6,思考,16,16_事件序列_规整_评分_清洗,事件序列,规整,逐条评分,清洗,逐条评分,1,抑郁情绪,Spearman,13,3,0.7847082549932461,0.0014890273605948124,0.4435253117401454,0.9500194042927023,1.3076923076923077,0.23076923076923078,0.7692307692307693,13.461538461538462,不可估计
HAMD-17,PDCH共同24人验证,Kimi-K2.6,思考,16,16_事件序列_规整_评分_清洗,事件序列,规整,逐条评分,清洗,逐条评分,2,有罪感,Spearman,13,4,0.35119876083381385,0.23934236926254787,-0.22300040379787817,0.7748524057509432,0.8461538461538461,0.46153846153846156,0.5384615384615384,13.461538461538462,不可估计
HAMD-17,PDCH共同24人验证,Kimi-K2.6,思考,16,16_事件序列_规整_评分_清洗,事件序列,规整,逐条评分,清洗,逐条评分,3,自杀,Spearman,13,4,0.769648348210273,0.002093117377547308,0.4970248160037847,0.9323198849187251,1.2307692307692308,0.46153846153846156,0.5384615384615384,13.461538461538462,不可估计
HAMD-17,PDCH共同24人验证,Kimi-K2.6,思考,16,16_事件序列_规整_评分_清洗,事件序列,规整,逐条评分,清洗,逐条评分,4,入睡困难,Spearman,13,3,0.27982594021673873,0.35446916208836265,-0.4720748678562149,0.8324432883831874,0.9230769230769231,0.38461538461538464,0.6153846153846154,13.461538461538462,不可估计
HAMD-17,PDCH共同24人验证,Kimi-K2.6,思考,16,16_事件序列_规整_评分_清洗,事件序列,规整,逐条评分,清洗,逐条评分,5,睡眠不深,Spearman,13,3,0.23869648112406286,0.4322370481863145,-0.3979193598300466,0.7984039940440434,0.6923076923076923,0.38461538461538464,0.6153846153846154,13.461538461538462,不可估计
HAMD-17,PDCH共同24人验证,Kimi-K2.6,思考,16,16_事件序列_规整_评分_清洗,事件序列,规整,逐条评分,清洗,逐条评分,6,早醒,Spearman,13,3,0.6433757002457169,0.017670984976566422,0.2393139014729041,0.903101719152311,0.5384615384615384,0.6923076923076923,0.3076923076923077,13.461538461538462,不可估计
HAMD-17,PDCH共同24人验证,Kimi-K2.6,思考,16,16_事件序列_规整_评分_清洗,事件序列,规整,逐条评分,清洗,逐条评分,7,工作和活动,Spearman,13,4,0.7320525339990533,0.004441854363253114,0.39845839967778,0.9281513498778297,1.8461538461538463,0.23076923076923078,0.7692307692307693,13.461538461538462,不可估计
HAMD-17,PDCH共同24人验证,Kimi-K2.6,思考,16,16_事件序列_规整_评分_清洗,事件序列,规整,逐条评分,清洗,逐条评分,8,迟滞,Spearman,13,3,0.3535533905932738,0.2359881318866418,-0.1555330653704704,0.7501737764747868,0.6153846153846154,0.6153846153846154,0.38461538461538464,13.461538461538462,不可估计
HAMD-17,PDCH共同24人验证,Kimi-K2.6,思考,16,16_事件序列_规整_评分_清洗,事件序列,规整,逐条评分,清洗,逐条评分,9,激越,Spearman,13,2,0.09923953268977463,0.7470308188167881,-0.3687700217816954,0.5686343123279679,0.23076923076923078,0.7692307692307693,0.23076923076923078,13.461538461538462,不可估计
HAMD-17,PDCH共同24人验证,Kimi-K2.6,思考,16,16_事件序列_规整_评分_清洗,事件序列,规整,逐条评分,清洗,逐条评分,10,精神性焦虑,Spearman,13,4,0.7737226360602527,0.0019136299414976128,0.5000218753455707,0.9245095104718029,1.4615384615384615,0.15384615384615385,0.8461538461538461,13.461538461538462,不可估计
HAMD-17,PDCH共同24人验证,Kimi-K2.6,思考,16,16_事件序列_规整_评分_清洗,事件序列,规整,逐条评分,清洗,逐条评分,11,躯体性焦虑,Spearman,13,4,0.6801153606200709,0.010529504338609233,0.36204076259511947,0.8866199386074753,1.5384615384615385,0.15384615384615385,0.8461538461538461,13.461538461538462,不可估计
HAMD-17,PDCH共同24人验证,Kimi-K2.6,思考,16,16_事件序列_规整_评分_清洗,事件序列,规整,逐条评分,清洗,逐条评分,12,胃肠道症状,Spearman,13,3,0.3917806841670766,0.18552507252528302,-0.18297274989433107,0.8058619116378466,0.6923076923076923,0.46153846153846156,0.5384615384615384,13.461538461538462,不可估计
HAMD-17,PDCH共同24人验证,Kimi-K2.6,思考,16,16_事件序列_规整_评分_清洗,事件序列,规整,逐条评分,清洗,逐条评分,13,全身症状,Spearman,13,3,0.4414593567208239,0.1309995499629035,-0.11204916196823222,0.8061729513861021,0.8461538461538461,0.46153846153846156,0.5384615384615384,13.461538461538462,不可估计
HAMD-17,PDCH共同24人验证,Kimi-K2.6,思考,16,16_事件序列_规整_评分_清洗,事件序列,规整,逐条评分,清洗,逐条评分,14,性症状,Spearman,13,3,0.49304933130229783,0.08689458986381575,0.037540040175320324,0.8141210369815972,0.6923076923076923,0.6153846153846154,0.38461538461538464,13.461538461538462,不可估计
HAMD-17,PDCH共同24人验证,Kimi-K2.6,思考,16,16_事件序列_规整_评分_清洗,事件序列,规整,逐条评分,清洗,逐条评分,15,疑病,Spearman,13,3,0.26835991774955037,0.37534057911866914,-0.37569383299816034,0.7078874712811626,0.5384615384615384,0.6923076923076923,0.3076923076923077,13.461538461538462,不可估计
HAMD-17,PDCH共同24人验证,Kimi-K2.6,思考,16,16_事件序列_规整_评分_清洗,事件序列,规整,逐条评分,清洗,逐条评分,16,体重减轻,Spearman,13,2,0.3922786965380299,0.184917065503856,0.2780102558974024,0.7453322303774307,0.07692307692307693,0.9230769230769231,0.07692307692307693,13.461538461538462,不可估计
HAMD-17,PDCH共同24人验证,Kimi-K2.6,思考,16,16_事件序列_规整_评分_清洗,事件序列,规整,逐条评分,清洗,逐条评分,17,自知力,Spearman,13,3,0.06881023532039753,0.823252817617693,-0.48714764612812955,0.6169649618597142,0.38461538461538464,0.6923076923076923,0.3076923076923077,13.461538461538462,不可估计
HAMD-17,PDCH共同24人验证,Qwen3.7-Max,不思考,3,03_全文_不规整_评分_不清洗,全文,不规整,逐条评分,不清洗,逐条评分,1,抑郁情绪,Spearman,3,2,0.8660254037844387,0.33333333333333326,0.8660254037844387,1.0,1.3333333333333333,0.3333333333333333,0.6666666666666666,15.0,不可估计
HAMD-17,PDCH共同24人验证,Qwen3.7-Max,不思考,3,03_全文_不规整_评分_不清洗,全文,不规整,逐条评分,不清洗,逐条评分,2,有罪感,Spearman,3,2,0.8660254037844387,0.33333333333333326,0.8660254037844387,1.0,0.3333333333333333,0.6666666666666666,0.3333333333333333,15.0,不可估计
HAMD-17,PDCH共同24人验证,Qwen3.7-Max,不思考,3,03_全文_不规整_评分_不清洗,全文,不规整,逐条评分,不清洗,逐条评分,3,自杀,Spearman,3,2,0.8660254037844387,0.33333333333333326,0.8660254037844387,1.0,2.0,0.3333333333333333,0.6666666666666666,15.0,不可估计
HAMD-17,PDCH共同24人验证,Qwen3.7-Max,不思考,3,03_全文_不规整_评分_不清洗,全文,不规整,逐条评分,不清洗,逐条评分,4,入睡困难,Spearman,3,2,0.8660254037844387,0.33333333333333326,0.8660254037844387,1.0,0.6666666666666666,0.6666666666666666,0.3333333333333333,15.0,不可估计
HAMD-17,PDCH共同24人验证,Qwen3.7-Max,不思考,3,03_全文_不规整_评分_不清洗,全文,不规整,逐条评分,不清洗,逐条评分,5,睡眠不深,Spearman,3,2,0.8660254037844387,0.33333333333333326,0.8660254037844387,1.0,0.6666666666666666,0.3333333333333333,0.6666666666666666,15.0,不可估计
HAMD-17,PDCH共同24人验证,Qwen3.7-Max,不思考,3,03_全文_不规整_评分_不清洗,全文,不规整,逐条评分,不清洗,逐条评分,6,早醒,Spearman,3,2,0.8660254037844387,0.33333333333333326,0.8660254037844387,1.0,0.6666666666666666,0.6666666666666666,0.3333333333333333,15.0,不可估计
HAMD-17,PDCH共同24人验证,Qwen3.7-Max,不思考,3,03_全文_不规整_评分_不清洗,全文,不规整,逐条评分,不清洗,逐条评分,7,工作和活动,Spearman,3,2,0.8660254037844387,0.33333333333333326,0.8660254037844387,1.0,2.6666666666666665,0.3333333333333333,0.6666666666666666,15.0,不可估计
HAMD-17,PDCH共同24人验证,Qwen3.7-Max,不思考,3,03_全文_不规整_评分_不清洗,全文,不规整,逐条评分,不清洗,逐条评分,8,迟滞,Spearman,3,2,0.8660254037844387,0.33333333333333326,0.8660254037844387,1.0,1.3333333333333333,0.3333333333333333,0.6666666666666666,15.0,不可估计
HAMD-17,PDCH共同24人验证,Qwen3.7-Max,不思考,3,03_全文_不规整_评分_不清洗,全文,不规整,逐条评分,不清洗,逐条评分,9,激越,Spearman,3,2,0.8660254037844387,0.33333333333333326,0.8660254037844387,1.0,0.3333333333333333,0.6666666666666666,0.3333333333333333,15.0,不可估计
HAMD-17,PDCH共同24人验证,Qwen3.7-Max,不思考,3,03_全文_不规整_评分_不清洗,全文,不规整,逐条评分,不清洗,逐条评分,10,精神性焦虑,Spearman,3,3,1.0,0.0,1.0,1.0,1.0,0.3333333333333333,0.6666666666666666,15.0,不可估计
HAMD-17,PDCH共同24人验证,Qwen3.7-Max,不思考,3,03_全文_不规整_评分_不清洗,全文,不规整,逐条评分,不清洗,逐条评分,11,躯体性焦虑,Spearman,3,3,0.5,0.6666666666666666,-1.0,1.0,1.3333333333333333,0.3333333333333333,0.6666666666666666,15.0,不可估计
HAMD-17,PDCH共同24人验证,Qwen3.7-Max,不思考,3,03_全文_不规整_评分_不清洗,全文,不规整,逐条评分,不清洗,逐条评分,12,胃肠道症状,Spearman,3,2,0.8660254037844387,0.33333333333333326,0.8660254037844387,1.0,0.6666666666666666,0.3333333333333333,0.6666666666666666,15.0,不可估计
HAMD-17,PDCH共同24人验证,Qwen3.7-Max,不思考,3,03_全文_不规整_评分_不清洗,全文,不规整,逐条评分,不清洗,逐条评分,13,全身症状,Spearman,3,2,0.8660254037844387,0.33333333333333326,0.8660254037844387,1.0,1.3333333333333333,0.0,1.0,15.0,不可估计
HAMD-17,PDCH共同24人验证,Qwen3.7-Max,不思考,3,03_全文_不规整_评分_不清洗,全文,不规整,逐条评分,不清洗,逐条评分,14,性症状,Spearman,3,2,0.8660254037844387,0.33333333333333326,0.8660254037844387,1.0,0.6666666666666666,0.6666666666666666,0.3333333333333333,15.0,不可估计
HAMD-17,PDCH共同24人验证,Qwen3.7-Max,不思考,3,03_全文_不规整_评分_不清洗,全文,不规整,逐条评分,不清洗,逐条评分,15,疑病,Spearman,3,2,0.8660254037844387,0.33333333333333326,0.8660254037844387,1.0,0.6666666666666666,0.6666666666666666,0.3333333333333333,15.0,不可估计
HAMD-17,PDCH共同24人验证,Qwen3.7-Max,不思考,3,03_全文_不规整_评分_不清洗,全文,不规整,逐条评分,不清洗,逐条评分,16,体重减轻,Spearman,3,2,0.8660254037844387,0.33333333333333326,0.8660254037844387,1.0,0.6666666666666666,0.6666666666666666,0.3333333333333333,15.0,不可估计
HAMD-17,PDCH共同24人验证,Qwen3.7-Max,不思考,3,03_全文_不规整_评分_不清洗,全文,不规整,逐条评分,不清洗,逐条评分,17,自知力,Spearman,3,2,0.8660254037844387,0.33333333333333326,0.8660254037844387,1.0,0.3333333333333333,0.6666666666666666,0.3333333333333333,15.0,不可估计
HAMD-17,PDCH共同24人验证,Qwen3.7-Max,不思考,4,04_全文_不规整_评分_清洗,全文,不规整,逐条评分,清洗,逐条评分,1,抑郁情绪,Spearman,1,1,,,,,0.0,1.0,0.0,3.0,不可估计
HAMD-17,PDCH共同24人验证,Qwen3.7-Max,不思考,4,04_全文_不规整_评分_清洗,全文,不规整,逐条评分,清洗,逐条评分,2,有罪感,Spearman,1,1,,,,,0.0,1.0,0.0,3.0,不可估计
HAMD-17,PDCH共同24人验证,Qwen3.7-Max,不思考,4,04_全文_不规整_评分_清洗,全文,不规整,逐条评分,清洗,逐条评分,3,自杀,Spearman,1,1,,,,,0.0,1.0,0.0,3.0,不可估计
HAMD-17,PDCH共同24人验证,Qwen3.7-Max,不思考,4,04_全文_不规整_评分_清洗,全文,不规整,逐条评分,清洗,逐条评分,4,入睡困难,Spearman,1,1,,,,,0.0,1.0,0.0,3.0,不可估计
HAMD-17,PDCH共同24人验证,Qwen3.7-Max,不思考,4,04_全文_不规整_评分_清洗,全文,不规整,逐条评分,清洗,逐条评分,5,睡眠不深,Spearman,1,1,,,,,0.0,1.0,0.0,3.0,不可估计
HAMD-17,PDCH共同24人验证,Qwen3.7-Max,不思考,4,04_全文_不规整_评分_清洗,全文,不规整,逐条评分,清洗,逐条评分,6,早醒,Spearman,1,1,,,,,0.0,1.0,0.0,3.0,不可估计
HAMD-17,PDCH共同24人验证,Qwen3.7-Max,不思考,4,04_全文_不规整_评分_清洗,全文,不规整,逐条评分,清洗,逐条评分,7,工作和活动,Spearman,1,1,,,,,0.0,1.0,0.0,3.0,不可估计
HAMD-17,PDCH共同24人验证,Qwen3.7-Max,不思考,4,04_全文_不规整_评分_清洗,全文,不规整,逐条评分,清洗,逐条评分,8,迟滞,Spearman,1,1,,,,,0.0,1.0,0.0,3.0,不可估计
HAMD-17,PDCH共同24人验证,Qwen3.7-Max,不思考,4,04_全文_不规整_评分_清洗,全文,不规整,逐条评分,清洗,逐条评分,9,激越,Spearman,1,1,,,,,0.0,1.0,0.0,3.0,不可估计
HAMD-17,PDCH共同24人验证,Qwen3.7-Max,不思考,4,04_全文_不规整_评分_清洗,全文,不规整,逐条评分,清洗,逐条评分,10,精神性焦虑,Spearman,1,1,,,,,0.0,1.0,0.0,3.0,不可估计
HAMD-17,PDCH共同24人验证,Qwen3.7-Max,不思考,4,04_全文_不规整_评分_清洗,全文,不规整,逐条评分,清洗,逐条评分,11,躯体性焦虑,Spearman,1,1,,,,,1.0,0.0,1.0,3.0,不可估计
HAMD-17,PDCH共同24人验证,Qwen3.7-Max,不思考,4,04_全文_不规整_评分_清洗,全文,不规整,逐条评分,清洗,逐条评分,12,胃肠道症状,Spearman,1,1,,,,,0.0,1.0,0.0,3.0,不可估计
HAMD-17,PDCH共同24人验证,Qwen3.7-Max,不思考,4,04_全文_不规整_评分_清洗,全文,不规整,逐条评分,清洗,逐条评分,13,全身症状,Spearman,1,1,,,,,1.0,0.0,1.0,3.0,不可估计
HAMD-17,PDCH共同24人验证,Qwen3.7-Max,不思考,4,04_全文_不规整_评分_清洗,全文,不规整,逐条评分,清洗,逐条评分,14,性症状,Spearman,1,1,,,,,0.0,1.0,0.0,3.0,不可估计
HAMD-17,PDCH共同24人验证,Qwen3.7-Max,不思考,4,04_全文_不规整_评分_清洗,全文,不规整,逐条评分,清洗,逐条评分,15,疑病,Spearman,1,1,,,,,0.0,1.0,0.0,3.0,不可估计
HAMD-17,PDCH共同24人验证,Qwen3.7-Max,不思考,4,04_全文_不规整_评分_清洗,全文,不规整,逐条评分,清洗,逐条评分,16,体重减轻,Spearman,1,1,,,,,0.0,1.0,0.0,3.0,不可估计
HAMD-17,PDCH共同24人验证,Qwen3.7-Max,不思考,4,04_全文_不规整_评分_清洗,全文,不规整,逐条评分,清洗,逐条评分,17,自知力,Spearman,1,1,,,,,0.0,1.0,0.0,3.0,不可估计
HAMD-17,PDCH共同24人验证,Qwen3.7-Max,不思考,7,07_全文_规整_评分_不清洗,全文,规整,逐条评分,不清洗,逐条评分,1,抑郁情绪,Spearman,3,2,1.0,0.0,1.0,1.0,1.0,0.6666666666666666,0.3333333333333333,6.0,不可估计
HAMD-17,PDCH共同24人验证,Qwen3.7-Max,不思考,7,07_全文_规整_评分_不清洗,全文,规整,逐条评分,不清洗,逐条评分,2,有罪感,Spearman,3,2,1.0,0.0,1.0,1.0,0.6666666666666666,0.6666666666666666,0.3333333333333333,6.0,不可估计
HAMD-17,PDCH共同24人验证,Qwen3.7-Max,不思考,7,07_全文_规整_评分_不清洗,全文,规整,逐条评分,不清洗,逐条评分,3,自杀,Spearman,3,2,1.0,0.0,1.0,1.0,1.3333333333333333,0.6666666666666666,0.3333333333333333,6.0,不可估计
HAMD-17,PDCH共同24人验证,Qwen3.7-Max,不思考,7,07_全文_规整_评分_不清洗,全文,规整,逐条评分,不清洗,逐条评分,4,入睡困难,Spearman,3,1,,,,,0.0,1.0,0.0,6.0,不可估计
HAMD-17,PDCH共同24人验证,Qwen3.7-Max,不思考,7,07_全文_规整_评分_不清洗,全文,规整,逐条评分,不清洗,逐条评分,5,睡眠不深,Spearman,3,1,,,,,0.0,1.0,0.0,6.0,不可估计
HAMD-17,PDCH共同24人验证,Qwen3.7-Max,不思考,7,07_全文_规整_评分_不清洗,全文,规整,逐条评分,不清洗,逐条评分,6,早醒,Spearman,3,1,,,,,0.0,1.0,0.0,6.0,不可估计
HAMD-17,PDCH共同24人验证,Qwen3.7-Max,不思考,7,07_全文_规整_评分_不清洗,全文,规整,逐条评分,不清洗,逐条评分,7,工作和活动,Spearman,3,2,1.0,0.0,1.0,1.0,1.3333333333333333,0.6666666666666666,0.3333333333333333,6.0,不可估计
HAMD-17,PDCH共同24人验证,Qwen3.7-Max,不思考,7,07_全文_规整_评分_不清洗,全文,规整,逐条评分,不清洗,逐条评分,8,迟滞,Spearman,3,2,1.0,0.0,1.0,1.0,0.6666666666666666,0.6666666666666666,0.3333333333333333,6.0,不可估计
HAMD-17,PDCH共同24人验证,Qwen3.7-Max,不思考,7,07_全文_规整_评分_不清洗,全文,规整,逐条评分,不清洗,逐条评分,9,激越,Spearman,3,1,,,,,0.0,1.0,0.0,6.0,不可估计
HAMD-17,PDCH共同24人验证,Qwen3.7-Max,不思考,7,07_全文_规整_评分_不清洗,全文,规整,逐条评分,不清洗,逐条评分,10,精神性焦虑,Spearman,3,1,,,,,0.0,1.0,0.0,6.0,不可估计
HAMD-17,PDCH共同24人验证,Qwen3.7-Max,不思考,7,07_全文_规整_评分_不清洗,全文,规整,逐条评分,不清洗,逐条评分,11,躯体性焦虑,Spearman,3,2,-0.5000000000000001,0.6666666666666666,-1.0,-0.5,0.3333333333333333,0.6666666666666666,0.3333333333333333,6.0,不可估计
HAMD-17,PDCH共同24人验证,Qwen3.7-Max,不思考,7,07_全文_规整_评分_不清洗,全文,规整,逐条评分,不清洗,逐条评分,12,胃肠道症状,Spearman,3,1,,,,,0.0,1.0,0.0,6.0,不可估计
HAMD-17,PDCH共同24人验证,Qwen3.7-Max,不思考,7,07_全文_规整_评分_不清洗,全文,规整,逐条评分,不清洗,逐条评分,13,全身症状,Spearman,3,2,1.0,0.0,1.0,1.0,0.6666666666666666,0.6666666666666666,0.3333333333333333,6.0,不可估计
HAMD-17,PDCH共同24人验证,Qwen3.7-Max,不思考,7,07_全文_规整_评分_不清洗,全文,规整,逐条评分,不清洗,逐条评分,14,性症状,Spearman,3,2,1.0,0.0,1.0,1.0,0.6666666666666666,0.6666666666666666,0.3333333333333333,6.0,不可估计
HAMD-17,PDCH共同24人验证,Qwen3.7-Max,不思考,7,07_全文_规整_评分_不清洗,全文,规整,逐条评分,不清洗,逐条评分,15,疑病,Spearman,3,1,,,,,0.0,1.0,0.0,6.0,不可估计
HAMD-17,PDCH共同24人验证,Qwen3.7-Max,不思考,7,07_全文_规整_评分_不清洗,全文,规整,逐条评分,不清洗,逐条评分,16,体重减轻,Spearman,3,1,,,,,0.0,1.0,0.0,6.0,不可估计
HAMD-17,PDCH共同24人验证,Qwen3.7-Max,不思考,7,07_全文_规整_评分_不清洗,全文,规整,逐条评分,不清洗,逐条评分,17,自知力,Spearman,3,2,1.0,0.0,1.0,1.0,0.3333333333333333,0.6666666666666666,0.3333333333333333,6.0,不可估计
HAMD-17,PDCH共同24人验证,Qwen3.7-Max,不思考,8,08_全文_规整_评分_清洗,全文,规整,逐条评分,清洗,逐条评分,1,抑郁情绪,Spearman,0,0,,,,,,,,,不可估计
HAMD-17,PDCH共同24人验证,Qwen3.7-Max,不思考,8,08_全文_规整_评分_清洗,全文,规整,逐条评分,清洗,逐条评分,2,有罪感,Spearman,0,0,,,,,,,,,不可估计
HAMD-17,PDCH共同24人验证,Qwen3.7-Max,不思考,8,08_全文_规整_评分_清洗,全文,规整,逐条评分,清洗,逐条评分,3,自杀,Spearman,0,0,,,,,,,,,不可估计
HAMD-17,PDCH共同24人验证,Qwen3.7-Max,不思考,8,08_全文_规整_评分_清洗,全文,规整,逐条评分,清洗,逐条评分,4,入睡困难,Spearman,0,0,,,,,,,,,不可估计
HAMD-17,PDCH共同24人验证,Qwen3.7-Max,不思考,8,08_全文_规整_评分_清洗,全文,规整,逐条评分,清洗,逐条评分,5,睡眠不深,Spearman,0,0,,,,,,,,,不可估计
HAMD-17,PDCH共同24人验证,Qwen3.7-Max,不思考,8,08_全文_规整_评分_清洗,全文,规整,逐条评分,清洗,逐条评分,6,早醒,Spearman,0,0,,,,,,,,,不可估计
HAMD-17,PDCH共同24人验证,Qwen3.7-Max,不思考,8,08_全文_规整_评分_清洗,全文,规整,逐条评分,清洗,逐条评分,7,工作和活动,Spearman,0,0,,,,,,,,,不可估计
HAMD-17,PDCH共同24人验证,Qwen3.7-Max,不思考,8,08_全文_规整_评分_清洗,全文,规整,逐条评分,清洗,逐条评分,8,迟滞,Spearman,0,0,,,,,,,,,不可估计
HAMD-17,PDCH共同24人验证,Qwen3.7-Max,不思考,8,08_全文_规整_评分_清洗,全文,规整,逐条评分,清洗,逐条评分,9,激越,Spearman,0,0,,,,,,,,,不可估计
HAMD-17,PDCH共同24人验证,Qwen3.7-Max,不思考,8,08_全文_规整_评分_清洗,全文,规整,逐条评分,清洗,逐条评分,10,精神性焦虑,Spearman,0,0,,,,,,,,,不可估计
HAMD-17,PDCH共同24人验证,Qwen3.7-Max,不思考,8,08_全文_规整_评分_清洗,全文,规整,逐条评分,清洗,逐条评分,11,躯体性焦虑,Spearman,0,0,,,,,,,,,不可估计
HAMD-17,PDCH共同24人验证,Qwen3.7-Max,不思考,8,08_全文_规整_评分_清洗,全文,规整,逐条评分,清洗,逐条评分,12,胃肠道症状,Spearman,0,0,,,,,,,,,不可估计
HAMD-17,PDCH共同24人验证,Qwen3.7-Max,不思考,8,08_全文_规整_评分_清洗,全文,规整,逐条评分,清洗,逐条评分,13,全身症状,Spearman,0,0,,,,,,,,,不可估计
HAMD-17,PDCH共同24人验证,Qwen3.7-Max,不思考,8,08_全文_规整_评分_清洗,全文,规整,逐条评分,清洗,逐条评分,14,性症状,Spearman,0,0,,,,,,,,,不可估计
HAMD-17,PDCH共同24人验证,Qwen3.7-Max,不思考,8,08_全文_规整_评分_清洗,全文,规整,逐条评分,清洗,逐条评分,15,疑病,Spearman,0,0,,,,,,,,,不可估计
HAMD-17,PDCH共同24人验证,Qwen3.7-Max,不思考,8,08_全文_规整_评分_清洗,全文,规整,逐条评分,清洗,逐条评分,16,体重减轻,Spearman,0,0,,,,,,,,,不可估计
HAMD-17,PDCH共同24人验证,Qwen3.7-Max,不思考,8,08_全文_规整_评分_清洗,全文,规整,逐条评分,清洗,逐条评分,17,自知力,Spearman,0,0,,,,,,,,,不可估计
HAMD-17,PDCH共同24人验证,Qwen3.7-Max,不思考,11,11_事件序列_不规整_评分_不清洗,事件序列,不规整,逐条评分,不清洗,逐条评分,1,抑郁情绪,Spearman,4,2,0.8164965809277261,0.18350341907227388,0.816496580927726,1.0,1.5,0.25,0.75,14.25,不可估计
HAMD-17,PDCH共同24人验证,Qwen3.7-Max,不思考,11,11_事件序列_不规整_评分_不清洗,事件序列,不规整,逐条评分,不清洗,逐条评分,2,有罪感,Spearman,4,2,0.7071067811865477,0.29289321881345226,0.3333333333333333,1.0,0.5,0.5,0.5,14.25,不可估计
HAMD-17,PDCH共同24人验证,Qwen3.7-Max,不思考,11,11_事件序列_不规整_评分_不清洗,事件序列,不规整,逐条评分,不清洗,逐条评分,3,自杀,Spearman,4,2,0.8164965809277261,0.18350341907227388,0.816496580927726,1.0,2.25,0.25,0.75,14.25,不可估计
HAMD-17,PDCH共同24人验证,Qwen3.7-Max,不思考,11,11_事件序列_不规整_评分_不清洗,事件序列,不规整,逐条评分,不清洗,逐条评分,4,入睡困难,Spearman,4,3,0.8333333333333335,0.16666666666666652,0.3333333333333333,1.0,0.75,0.5,0.5,14.25,不可估计
HAMD-17,PDCH共同24人验证,Qwen3.7-Max,不思考,11,11_事件序列_不规整_评分_不清洗,事件序列,不规整,逐条评分,不清洗,逐条评分,5,睡眠不深,Spearman,4,3,0.5000000000000001,0.49999999999999983,-1.0,1.0,1.0,0.25,0.75,14.25,不可估计
HAMD-17,PDCH共同24人验证,Qwen3.7-Max,不思考,11,11_事件序列_不规整_评分_不清洗,事件序列,不规整,逐条评分,不清洗,逐条评分,6,早醒,Spearman,4,3,0.8333333333333335,0.16666666666666652,0.3333333333333333,1.0,0.75,0.5,0.5,14.25,不可估计
HAMD-17,PDCH共同24人验证,Qwen3.7-Max,不思考,11,11_事件序列_不规整_评分_不清洗,事件序列,不规整,逐条评分,不清洗,逐条评分,7,工作和活动,Spearman,4,3,0.8333333333333335,0.16666666666666652,0.3333333333333333,1.0,2.25,0.25,0.75,14.25,不可估计
HAMD-17,PDCH共同24人验证,Qwen3.7-Max,不思考,11,11_事件序列_不规整_评分_不清洗,事件序列,不规整,逐条评分,不清洗,逐条评分,8,迟滞,Spearman,4,3,1.0,0.0,1.0,1.0,1.0,0.25,0.75,14.25,不可估计
HAMD-17,PDCH共同24人验证,Qwen3.7-Max,不思考,11,11_事件序列_不规整_评分_不清洗,事件序列,不规整,逐条评分,不清洗,逐条评分,9,激越,Spearman,4,2,0.7071067811865477,0.29289321881345226,0.3333333333333333,1.0,0.5,0.5,0.5,14.25,不可估计
HAMD-17,PDCH共同24人验证,Qwen3.7-Max,不思考,11,11_事件序列_不规整_评分_不清洗,事件序列,不规整,逐条评分,不清洗,逐条评分,10,精神性焦虑,Spearman,4,3,1.0,0.0,1.0,1.0,1.0,0.25,0.75,14.25,不可估计
HAMD-17,PDCH共同24人验证,Qwen3.7-Max,不思考,11,11_事件序列_不规整_评分_不清洗,事件序列,不规整,逐条评分,不清洗,逐条评分,11,躯体性焦虑,Spearman,4,3,0.5000000000000001,0.49999999999999983,-1.0,1.0,1.25,0.25,0.75,14.25,不可估计
HAMD-17,PDCH共同24人验证,Qwen3.7-Max,不思考,11,11_事件序列_不规整_评分_不清洗,事件序列,不规整,逐条评分,不清洗,逐条评分,12,胃肠道症状,Spearman,4,2,0.7071067811865477,0.29289321881345226,0.3333333333333333,1.0,0.5,0.5,0.5,14.25,不可估计
HAMD-17,PDCH共同24人验证,Qwen3.7-Max,不思考,11,11_事件序列_不规整_评分_不清洗,事件序列,不规整,逐条评分,不清洗,逐条评分,13,全身症状,Spearman,4,3,0.5000000000000001,0.49999999999999983,-1.0,1.0,1.0,0.25,0.75,14.25,不可估计
HAMD-17,PDCH共同24人验证,Qwen3.7-Max,不思考,11,11_事件序列_不规整_评分_不清洗,事件序列,不规整,逐条评分,不清洗,逐条评分,14,性症状,Spearman,4,2,0.8164965809277261,0.18350341907227388,0.816496580927726,1.0,0.5,0.75,0.25,14.25,不可估计
HAMD-17,PDCH共同24人验证,Qwen3.7-Max,不思考,11,11_事件序列_不规整_评分_不清洗,事件序列,不规整,逐条评分,不清洗,逐条评分,15,疑病,Spearman,4,2,0.8164965809277261,0.18350341907227388,0.816496580927726,1.0,0.5,0.75,0.25,14.25,不可估计
HAMD-17,PDCH共同24人验证,Qwen3.7-Max,不思考,11,11_事件序列_不规整_评分_不清洗,事件序列,不规整,逐条评分,不清洗,逐条评分,16,体重减轻,Spearman,4,2,0.8164965809277261,0.18350341907227388,0.816496580927726,1.0,0.5,0.75,0.25,14.25,不可估计
HAMD-17,PDCH共同24人验证,Qwen3.7-Max,不思考,11,11_事件序列_不规整_评分_不清洗,事件序列,不规整,逐条评分,不清洗,逐条评分,17,自知力,Spearman,4,2,0.8164965809277261,0.18350341907227388,0.816496580927726,1.0,0.25,0.75,0.25,14.25,不可估计
HAMD-17,PDCH共同24人验证,Qwen3.7-Max,不思考,12,12_事件序列_不规整_评分_清洗,事件序列,不规整,逐条评分,清洗,逐条评分,1,抑郁情绪,Spearman,3,2,0.8660254037844387,0.33333333333333326,0.8660254037844387,1.0,1.3333333333333333,0.3333333333333333,0.6666666666666666,11.666666666666666,不可估计
HAMD-17,PDCH共同24人验证,Qwen3.7-Max,不思考,12,12_事件序列_不规整_评分_清洗,事件序列,不规整,逐条评分,清洗,逐条评分,2,有罪感,Spearman,3,3,1.0,0.0,1.0,1.0,1.0,0.3333333333333333,0.6666666666666666,11.666666666666666,不可估计
HAMD-17,PDCH共同24人验证,Qwen3.7-Max,不思考,12,12_事件序列_不规整_评分_清洗,事件序列,不规整,逐条评分,清洗,逐条评分,3,自杀,Spearman,3,2,0.8660254037844387,0.33333333333333326,0.8660254037844387,1.0,2.0,0.3333333333333333,0.6666666666666666,11.666666666666666,不可估计
HAMD-17,PDCH共同24人验证,Qwen3.7-Max,不思考,12,12_事件序列_不规整_评分_清洗,事件序列,不规整,逐条评分,清洗,逐条评分,4,入睡困难,Spearman,3,2,0.0,1.0,-1.0,1.0,0.3333333333333333,0.6666666666666666,0.3333333333333333,11.666666666666666,不可估计
HAMD-17,PDCH共同24人验证,Qwen3.7-Max,不思考,12,12_事件序列_不规整_评分_清洗,事件序列,不规整,逐条评分,清洗,逐条评分,5,睡眠不深,Spearman,3,2,0.8660254037844387,0.33333333333333326,0.8660254037844387,1.0,0.3333333333333333,0.6666666666666666,0.3333333333333333,11.666666666666666,不可估计
HAMD-17,PDCH共同24人验证,Qwen3.7-Max,不思考,12,12_事件序列_不规整_评分_清洗,事件序列,不规整,逐条评分,清洗,逐条评分,6,早醒,Spearman,3,3,1.0,0.0,1.0,1.0,1.0,0.3333333333333333,0.6666666666666666,11.666666666666666,不可估计
HAMD-17,PDCH共同24人验证,Qwen3.7-Max,不思考,12,12_事件序列_不规整_评分_清洗,事件序列,不规整,逐条评分,清洗,逐条评分,7,工作和活动,Spearman,3,2,0.8660254037844387,0.33333333333333326,0.8660254037844387,1.0,1.3333333333333333,0.3333333333333333,0.6666666666666666,11.666666666666666,不可估计
HAMD-17,PDCH共同24人验证,Qwen3.7-Max,不思考,12,12_事件序列_不规整_评分_清洗,事件序列,不规整,逐条评分,清洗,逐条评分,8,迟滞,Spearman,3,2,0.8660254037844387,0.33333333333333326,0.8660254037844387,1.0,0.6666666666666666,0.3333333333333333,0.6666666666666666,11.666666666666666,不可估计
HAMD-17,PDCH共同24人验证,Qwen3.7-Max,不思考,12,12_事件序列_不规整_评分_清洗,事件序列,不规整,逐条评分,清洗,逐条评分,9,激越,Spearman,3,2,0.8660254037844387,0.33333333333333326,0.8660254037844387,1.0,0.6666666666666666,0.6666666666666666,0.3333333333333333,11.666666666666666,不可估计
HAMD-17,PDCH共同24人验证,Qwen3.7-Max,不思考,12,12_事件序列_不规整_评分_清洗,事件序列,不规整,逐条评分,清洗,逐条评分,10,精神性焦虑,Spearman,3,3,1.0,0.0,1.0,1.0,1.0,0.3333333333333333,0.6666666666666666,11.666666666666666,不可估计
HAMD-17,PDCH共同24人验证,Qwen3.7-Max,不思考,12,12_事件序列_不规整_评分_清洗,事件序列,不规整,逐条评分,清洗,逐条评分,11,躯体性焦虑,Spearman,3,3,0.5,0.6666666666666666,-1.0,1.0,1.0,0.3333333333333333,0.6666666666666666,11.666666666666666,不可估计
HAMD-17,PDCH共同24人验证,Qwen3.7-Max,不思考,12,12_事件序列_不规整_评分_清洗,事件序列,不规整,逐条评分,清洗,逐条评分,12,胃肠道症状,Spearman,3,2,0.0,1.0,-1.0,1.0,0.3333333333333333,0.6666666666666666,0.3333333333333333,11.666666666666666,不可估计
HAMD-17,PDCH共同24人验证,Qwen3.7-Max,不思考,12,12_事件序列_不规整_评分_清洗,事件序列,不规整,逐条评分,清洗,逐条评分,13,全身症状,Spearman,3,1,,,,,1.0,0.0,1.0,11.666666666666666,不可估计
HAMD-17,PDCH共同24人验证,Qwen3.7-Max,不思考,12,12_事件序列_不规整_评分_清洗,事件序列,不规整,逐条评分,清洗,逐条评分,14,性症状,Spearman,3,2,0.8660254037844387,0.33333333333333326,0.8660254037844387,1.0,0.6666666666666666,0.6666666666666666,0.3333333333333333,11.666666666666666,不可估计
HAMD-17,PDCH共同24人验证,Qwen3.7-Max,不思考,12,12_事件序列_不规整_评分_清洗,事件序列,不规整,逐条评分,清洗,逐条评分,15,疑病,Spearman,3,2,0.0,1.0,-1.0,1.0,0.3333333333333333,0.6666666666666666,0.3333333333333333,11.666666666666666,不可估计
HAMD-17,PDCH共同24人验证,Qwen3.7-Max,不思考,12,12_事件序列_不规整_评分_清洗,事件序列,不规整,逐条评分,清洗,逐条评分,16,体重减轻,Spearman,3,2,0.0,1.0,-1.0,1.0,0.3333333333333333,0.6666666666666666,0.3333333333333333,11.666666666666666,不可估计
HAMD-17,PDCH共同24人验证,Qwen3.7-Max,不思考,12,12_事件序列_不规整_评分_清洗,事件序列,不规整,逐条评分,清洗,逐条评分,17,自知力,Spearman,3,1,,,,,0.0,1.0,0.0,11.666666666666666,不可估计
HAMD-17,PDCH共同24人验证,Qwen3.7-Max,不思考,15,15_事件序列_规整_评分_不清洗,事件序列,规整,逐条评分,不清洗,逐条评分,1,抑郁情绪,Spearman,2,2,,,,,1.5,0.5,0.5,7.5,不可估计
HAMD-17,PDCH共同24人验证,Qwen3.7-Max,不思考,15,15_事件序列_规整_评分_不清洗,事件序列,规整,逐条评分,不清洗,逐条评分,2,有罪感,Spearman,2,2,,,,,1.5,0.5,0.5,7.5,不可估计
HAMD-17,PDCH共同24人验证,Qwen3.7-Max,不思考,15,15_事件序列_规整_评分_不清洗,事件序列,规整,逐条评分,不清洗,逐条评分,3,自杀,Spearman,2,2,,,,,1.5,0.5,0.5,7.5,不可估计
HAMD-17,PDCH共同24人验证,Qwen3.7-Max,不思考,15,15_事件序列_规整_评分_不清洗,事件序列,规整,逐条评分,不清洗,逐条评分,4,入睡困难,Spearman,2,1,,,,,0.0,1.0,0.0,7.5,不可估计
HAMD-17,PDCH共同24人验证,Qwen3.7-Max,不思考,15,15_事件序列_规整_评分_不清洗,事件序列,规整,逐条评分,不清洗,逐条评分,5,睡眠不深,Spearman,2,2,,,,,0.5,0.5,0.5,7.5,不可估计
HAMD-17,PDCH共同24人验证,Qwen3.7-Max,不思考,15,15_事件序列_规整_评分_不清洗,事件序列,规整,逐条评分,不清洗,逐条评分,6,早醒,Spearman,2,2,,,,,0.5,0.5,0.5,7.5,不可估计
HAMD-17,PDCH共同24人验证,Qwen3.7-Max,不思考,15,15_事件序列_规整_评分_不清洗,事件序列,规整,逐条评分,不清洗,逐条评分,7,工作和活动,Spearman,2,2,,,,,1.5,0.5,0.5,7.5,不可估计
HAMD-17,PDCH共同24人验证,Qwen3.7-Max,不思考,15,15_事件序列_规整_评分_不清洗,事件序列,规整,逐条评分,不清洗,逐条评分,8,迟滞,Spearman,2,2,,,,,1.0,0.5,0.5,7.5,不可估计
HAMD-17,PDCH共同24人验证,Qwen3.7-Max,不思考,15,15_事件序列_规整_评分_不清洗,事件序列,规整,逐条评分,不清洗,逐条评分,9,激越,Spearman,2,1,,,,,0.0,1.0,0.0,7.5,不可估计
HAMD-17,PDCH共同24人验证,Qwen3.7-Max,不思考,15,15_事件序列_规整_评分_不清洗,事件序列,规整,逐条评分,不清洗,逐条评分,10,精神性焦虑,Spearman,2,2,,,,,0.5,0.5,0.5,7.5,不可估计
HAMD-17,PDCH共同24人验证,Qwen3.7-Max,不思考,15,15_事件序列_规整_评分_不清洗,事件序列,规整,逐条评分,不清洗,逐条评分,11,躯体性焦虑,Spearman,2,1,,,,,1.0,0.0,1.0,7.5,不可估计
HAMD-17,PDCH共同24人验证,Qwen3.7-Max,不思考,15,15_事件序列_规整_评分_不清洗,事件序列,规整,逐条评分,不清洗,逐条评分,12,胃肠道症状,Spearman,2,1,,,,,0.0,1.0,0.0,7.5,不可估计
HAMD-17,PDCH共同24人验证,Qwen3.7-Max,不思考,15,15_事件序列_规整_评分_不清洗,事件序列,规整,逐条评分,不清洗,逐条评分,13,全身症状,Spearman,2,2,,,,,1.5,0.0,1.0,7.5,不可估计
HAMD-17,PDCH共同24人验证,Qwen3.7-Max,不思考,15,15_事件序列_规整_评分_不清洗,事件序列,规整,逐条评分,不清洗,逐条评分,14,性症状,Spearman,2,2,,,,,1.0,0.5,0.5,7.5,不可估计
HAMD-17,PDCH共同24人验证,Qwen3.7-Max,不思考,15,15_事件序列_规整_评分_不清洗,事件序列,规整,逐条评分,不清洗,逐条评分,15,疑病,Spearman,2,2,,,,,0.5,0.5,0.5,7.5,不可估计
HAMD-17,PDCH共同24人验证,Qwen3.7-Max,不思考,15,15_事件序列_规整_评分_不清洗,事件序列,规整,逐条评分,不清洗,逐条评分,16,体重减轻,Spearman,2,1,,,,,0.0,1.0,0.0,7.5,不可估计
HAMD-17,PDCH共同24人验证,Qwen3.7-Max,不思考,15,15_事件序列_规整_评分_不清洗,事件序列,规整,逐条评分,不清洗,逐条评分,17,自知力,Spearman,2,1,,,,,0.0,1.0,0.0,7.5,不可估计
HAMD-17,PDCH共同24人验证,Qwen3.7-Max,不思考,16,16_事件序列_规整_评分_清洗,事件序列,规整,逐条评分,清洗,逐条评分,1,抑郁情绪,Spearman,1,1,,,,,0.0,1.0,0.0,3.0,不可估计
HAMD-17,PDCH共同24人验证,Qwen3.7-Max,不思考,16,16_事件序列_规整_评分_清洗,事件序列,规整,逐条评分,清洗,逐条评分,2,有罪感,Spearman,1,1,,,,,0.0,1.0,0.0,3.0,不可估计
HAMD-17,PDCH共同24人验证,Qwen3.7-Max,不思考,16,16_事件序列_规整_评分_清洗,事件序列,规整,逐条评分,清洗,逐条评分,3,自杀,Spearman,1,1,,,,,0.0,1.0,0.0,3.0,不可估计
HAMD-17,PDCH共同24人验证,Qwen3.7-Max,不思考,16,16_事件序列_规整_评分_清洗,事件序列,规整,逐条评分,清洗,逐条评分,4,入睡困难,Spearman,1,1,,,,,0.0,1.0,0.0,3.0,不可估计
HAMD-17,PDCH共同24人验证,Qwen3.7-Max,不思考,16,16_事件序列_规整_评分_清洗,事件序列,规整,逐条评分,清洗,逐条评分,5,睡眠不深,Spearman,1,1,,,,,0.0,1.0,0.0,3.0,不可估计
HAMD-17,PDCH共同24人验证,Qwen3.7-Max,不思考,16,16_事件序列_规整_评分_清洗,事件序列,规整,逐条评分,清洗,逐条评分,6,早醒,Spearman,1,1,,,,,0.0,1.0,0.0,3.0,不可估计
HAMD-17,PDCH共同24人验证,Qwen3.7-Max,不思考,16,16_事件序列_规整_评分_清洗,事件序列,规整,逐条评分,清洗,逐条评分,7,工作和活动,Spearman,1,1,,,,,0.0,1.0,0.0,3.0,不可估计
HAMD-17,PDCH共同24人验证,Qwen3.7-Max,不思考,16,16_事件序列_规整_评分_清洗,事件序列,规整,逐条评分,清洗,逐条评分,8,迟滞,Spearman,1,1,,,,,0.0,1.0,0.0,3.0,不可估计
HAMD-17,PDCH共同24人验证,Qwen3.7-Max,不思考,16,16_事件序列_规整_评分_清洗,事件序列,规整,逐条评分,清洗,逐条评分,9,激越,Spearman,1,1,,,,,0.0,1.0,0.0,3.0,不可估计
HAMD-17,PDCH共同24人验证,Qwen3.7-Max,不思考,16,16_事件序列_规整_评分_清洗,事件序列,规整,逐条评分,清洗,逐条评分,10,精神性焦虑,Spearman,1,1,,,,,0.0,1.0,0.0,3.0,不可估计
HAMD-17,PDCH共同24人验证,Qwen3.7-Max,不思考,16,16_事件序列_规整_评分_清洗,事件序列,规整,逐条评分,清洗,逐条评分,11,躯体性焦虑,Spearman,1,1,,,,,1.0,0.0,1.0,3.0,不可估计
HAMD-17,PDCH共同24人验证,Qwen3.7-Max,不思考,16,16_事件序列_规整_评分_清洗,事件序列,规整,逐条评分,清洗,逐条评分,12,胃肠道症状,Spearman,1,1,,,,,0.0,1.0,0.0,3.0,不可估计
HAMD-17,PDCH共同24人验证,Qwen3.7-Max,不思考,16,16_事件序列_规整_评分_清洗,事件序列,规整,逐条评分,清洗,逐条评分,13,全身症状,Spearman,1,1,,,,,1.0,0.0,1.0,3.0,不可估计
HAMD-17,PDCH共同24人验证,Qwen3.7-Max,不思考,16,16_事件序列_规整_评分_清洗,事件序列,规整,逐条评分,清洗,逐条评分,14,性症状,Spearman,1,1,,,,,0.0,1.0,0.0,3.0,不可估计
HAMD-17,PDCH共同24人验证,Qwen3.7-Max,不思考,16,16_事件序列_规整_评分_清洗,事件序列,规整,逐条评分,清洗,逐条评分,15,疑病,Spearman,1,1,,,,,1.0,0.0,1.0,3.0,不可估计
HAMD-17,PDCH共同24人验证,Qwen3.7-Max,不思考,16,16_事件序列_规整_评分_清洗,事件序列,规整,逐条评分,清洗,逐条评分,16,体重减轻,Spearman,1,1,,,,,0.0,1.0,0.0,3.0,不可估计
HAMD-17,PDCH共同24人验证,Qwen3.7-Max,不思考,16,16_事件序列_规整_评分_清洗,事件序列,规整,逐条评分,清洗,逐条评分,17,自知力,Spearman,1,1,,,,,0.0,1.0,0.0,3.0,不可估计
HAMD-17,PDCH共同24人验证,Qwen3.7-Max,思考,3,03_全文_不规整_评分_不清洗,全文,不规整,逐条评分,不清洗,逐条评分,1,抑郁情绪,Spearman,14,4,0.7577503093784393,0.0016915461715997979,0.40762044410566145,0.9686422896054353,1.0714285714285714,0.35714285714285715,0.6428571428571429,13.642857142857142,不可估计
HAMD-17,PDCH共同24人验证,Qwen3.7-Max,思考,3,03_全文_不规整_评分_不清洗,全文,不规整,逐条评分,不清洗,逐条评分,2,有罪感,Spearman,14,4,0.2903903709490486,0.31385727045509176,-0.24751011958723312,0.6930709797790134,0.8571428571428571,0.42857142857142855,0.5714285714285714,13.642857142857142,不可估计
HAMD-17,PDCH共同24人验证,Qwen3.7-Max,思考,3,03_全文_不规整_评分_不清洗,全文,不规整,逐条评分,不清洗,逐条评分,3,自杀,Spearman,14,4,0.6063984915745914,0.021503679980039728,0.12849468008516216,0.8853475180166587,0.9285714285714286,0.5714285714285714,0.42857142857142855,13.642857142857142,不可估计
HAMD-17,PDCH共同24人验证,Qwen3.7-Max,思考,3,03_全文_不规整_评分_不清洗,全文,不规整,逐条评分,不清洗,逐条评分,4,入睡困难,Spearman,14,3,0.5795886865392571,0.02983152020787709,0.07301760251299805,0.8598863965808753,0.5,0.7142857142857143,0.2857142857142857,13.642857142857142,不可估计
HAMD-17,PDCH共同24人验证,Qwen3.7-Max,思考,3,03_全文_不规整_评分_不清洗,全文,不规整,逐条评分,不清洗,逐条评分,5,睡眠不深,Spearman,14,3,0.5924945020996776,0.02556787280252683,0.1869862152923066,0.8611853729090788,1.0714285714285714,0.35714285714285715,0.6428571428571429,13.642857142857142,不可估计
HAMD-17,PDCH共同24人验证,Qwen3.7-Max,思考,3,03_全文_不规整_评分_不清洗,全文,不规整,逐条评分,不清洗,逐条评分,6,早醒,Spearman,14,3,0.5123899982448505,0.06101993535548147,-0.1788286617839064,0.832927793238015,0.5,0.7142857142857143,0.2857142857142857,13.642857142857142,不可估计
HAMD-17,PDCH共同24人验证,Qwen3.7-Max,思考,3,03_全文_不规整_评分_不清洗,全文,不规整,逐条评分,不清洗,逐条评分,7,工作和活动,Spearman,14,5,0.7361769337214896,0.002681181667451559,0.4404930121310912,0.9055153977972318,1.9285714285714286,0.35714285714285715,0.6428571428571429,13.642857142857142,不可估计
HAMD-17,PDCH共同24人验证,Qwen3.7-Max,思考,3,03_全文_不规整_评分_不清洗,全文,不规整,逐条评分,不清洗,逐条评分,8,迟滞,Spearman,14,3,0.8315077162674182,0.00022739140073309858,0.6176288074495939,0.950944628684928,0.5714285714285714,0.6428571428571429,0.35714285714285715,13.642857142857142,不可估计
HAMD-17,PDCH共同24人验证,Qwen3.7-Max,思考,3,03_全文_不规整_评分_不清洗,全文,不规整,逐条评分,不清洗,逐条评分,9,激越,Spearman,14,3,0.6907909489990739,0.006229816536625921,0.3766803368836354,0.882649574793516,0.42857142857142855,0.6428571428571429,0.35714285714285715,13.642857142857142,不可估计
HAMD-17,PDCH共同24人验证,Qwen3.7-Max,思考,3,03_全文_不规整_评分_不清洗,全文,不规整,逐条评分,不清洗,逐条评分,10,精神性焦虑,Spearman,14,4,0.6769387242679623,0.007834191851303633,0.23938914507058745,0.9241351269169676,1.0714285714285714,0.21428571428571427,0.7857142857142857,13.642857142857142,不可估计
HAMD-17,PDCH共同24人验证,Qwen3.7-Max,思考,3,03_全文_不规整_评分_不清洗,全文,不规整,逐条评分,不清洗,逐条评分,11,躯体性焦虑,Spearman,14,3,0.6948128297715095,0.005815738906432245,0.3562912621360785,0.9224909895046862,1.2142857142857142,0.21428571428571427,0.7857142857142857,13.642857142857142,不可估计
HAMD-17,PDCH共同24人验证,Qwen3.7-Max,思考,3,03_全文_不规整_评分_不清洗,全文,不规整,逐条评分,不清洗,逐条评分,12,胃肠道症状,Spearman,14,3,0.680536329240909,0.007389820488604852,0.37591363291587865,0.9221134149385237,0.7142857142857143,0.5,0.5,13.642857142857142,不可估计
HAMD-17,PDCH共同24人验证,Qwen3.7-Max,思考,3,03_全文_不规整_评分_不清洗,全文,不规整,逐条评分,不清洗,逐条评分,13,全身症状,Spearman,14,3,0.6769164551492021,0.007837005482758832,0.2655972448857022,0.9189716816140294,0.9285714285714286,0.2857142857142857,0.7142857142857143,13.642857142857142,不可估计
HAMD-17,PDCH共同24人验证,Qwen3.7-Max,思考,3,03_全文_不规整_评分_不清洗,全文,不规整,逐条评分,不清洗,逐条评分,14,性症状,Spearman,14,3,0.4791621985883839,0.08299196820495926,-0.14969943323738163,0.7738109479231209,0.5714285714285714,0.5714285714285714,0.42857142857142855,13.642857142857142,不可估计
HAMD-17,PDCH共同24人验证,Qwen3.7-Max,思考,3,03_全文_不规整_评分_不清洗,全文,不规整,逐条评分,不清洗,逐条评分,15,疑病,Spearman,14,3,0.5996924745261203,0.02339792678470753,0.17577845959228763,0.8792163444056077,0.7142857142857143,0.5,0.5,13.642857142857142,不可估计
HAMD-17,PDCH共同24人验证,Qwen3.7-Max,思考,3,03_全文_不规整_评分_不清洗,全文,不规整,逐条评分,不清洗,逐条评分,16,体重减轻,Spearman,14,2,0.46030794917288675,0.09766996190489581,0.2274488927518486,0.7766315408954878,0.2857142857142857,0.8571428571428571,0.14285714285714285,13.642857142857142,不可估计
HAMD-17,PDCH共同24人验证,Qwen3.7-Max,思考,3,03_全文_不规整_评分_不清洗,全文,不规整,逐条评分,不清洗,逐条评分,17,自知力,Spearman,14,2,0.5942550070911602,0.025023752689842447,0.020388261398619788,0.8588286923560181,0.2857142857142857,0.7142857142857143,0.2857142857142857,13.642857142857142,不可估计
HAMD-17,PDCH共同24人验证,Qwen3.7-Max,思考,4,04_全文_不规整_评分_清洗,全文,不规整,逐条评分,清洗,逐条评分,1,抑郁情绪,Spearman,13,4,0.715709239560082,0.005941360573308654,0.3319992765513176,0.9365545805486639,1.0,0.38461538461538464,0.6153846153846154,13.692307692307692,不可估计
HAMD-17,PDCH共同24人验证,Qwen3.7-Max,思考,4,04_全文_不规整_评分_清洗,全文,不规整,逐条评分,清洗,逐条评分,2,有罪感,Spearman,13,3,0.18685877318798397,0.5410230215672015,-0.5068408001854302,0.6602092335389372,0.5384615384615384,0.5384615384615384,0.46153846153846156,13.692307692307692,不可估计
HAMD-17,PDCH共同24人验证,Qwen3.7-Max,思考,4,04_全文_不规整_评分_清洗,全文,不规整,逐条评分,清洗,逐条评分,3,自杀,Spearman,13,4,0.634668356513298,0.019794424446274484,0.23544325431133548,0.8871558333221675,0.9230769230769231,0.6153846153846154,0.38461538461538464,13.692307692307692,不可估计
HAMD-17,PDCH共同24人验证,Qwen3.7-Max,思考,4,04_全文_不规整_评分_清洗,全文,不规整,逐条评分,清洗,逐条评分,4,入睡困难,Spearman,13,3,0.5656724679236242,0.04391180448180305,0.017012583016854863,0.8784853262239305,0.46153846153846156,0.6923076923076923,0.3076923076923077,13.692307692307692,不可估计
HAMD-17,PDCH共同24人验证,Qwen3.7-Max,思考,4,04_全文_不规整_评分_清洗,全文,不规整,逐条评分,清洗,逐条评分,5,睡眠不深,Spearman,13,3,0.2412336388832703,0.4272110780953894,-0.45900342726121773,0.7085925401353877,1.3076923076923077,0.3076923076923077,0.6923076923076923,13.692307692307692,不可估计
HAMD-17,PDCH共同24人验证,Qwen3.7-Max,思考,4,04_全文_不规整_评分_清洗,全文,不规整,逐条评分,清洗,逐条评分,6,早醒,Spearman,13,3,0.5894544936020949,0.03399797168313838,0.10409902385994636,0.8512850786744889,0.46153846153846156,0.6923076923076923,0.3076923076923077,13.692307692307692,不可估计
HAMD-17,PDCH共同24人验证,Qwen3.7-Max,思考,4,04_全文_不规整_评分_清洗,全文,不规整,逐条评分,清洗,逐条评分,7,工作和活动,Spearman,13,5,0.7717251490638878,0.0020000581640174223,0.47817088428248755,0.9491761504420057,1.7692307692307692,0.3076923076923077,0.6923076923076923,13.692307692307692,不可估计
HAMD-17,PDCH共同24人验证,Qwen3.7-Max,思考,4,04_全文_不规整_评分_清洗,全文,不规整,逐条评分,清洗,逐条评分,8,迟滞,Spearman,13,3,0.6084724314606524,0.027332791491443933,0.14520456063174011,0.8585464396191926,0.3076923076923077,0.7692307692307693,0.23076923076923078,13.692307692307692,不可估计
HAMD-17,PDCH共同24人验证,Qwen3.7-Max,思考,4,04_全文_不规整_评分_清洗,全文,不规整,逐条评分,清洗,逐条评分,9,激越,Spearman,13,2,0.4021905483427372,0.1730779399870503,0.03299286236216185,0.741261531746568,0.15384615384615385,0.8461538461538461,0.15384615384615385,13.692307692307692,不可估计
HAMD-17,PDCH共同24人验证,Qwen3.7-Max,思考,4,04_全文_不规整_评分_清洗,全文,不规整,逐条评分,清洗,逐条评分,10,精神性焦虑,Spearman,13,4,0.6953006810302534,0.008326875797197524,0.2621160741561155,0.9132085486224218,1.0769230769230769,0.23076923076923078,0.7692307692307693,13.692307692307692,不可估计
HAMD-17,PDCH共同24人验证,Qwen3.7-Max,思考,4,04_全文_不规整_评分_清洗,全文,不规整,逐条评分,清洗,逐条评分,11,躯体性焦虑,Spearman,13,4,0.6329468332930076,0.020235782954982094,0.22890988248971073,0.9112208516978056,1.3846153846153846,0.23076923076923078,0.7692307692307693,13.692307692307692,不可估计
HAMD-17,PDCH共同24人验证,Qwen3.7-Max,思考,4,04_全文_不规整_评分_清洗,全文,不规整,逐条评分,清洗,逐条评分,12,胃肠道症状,Spearman,13,3,0.6938396763642847,0.00852199694447006,0.3456677810731051,0.9253039433884587,0.8461538461538461,0.46153846153846156,0.5384615384615384,13.692307692307692,不可估计
HAMD-17,PDCH共同24人验证,Qwen3.7-Max,思考,4,04_全文_不规整_评分_清洗,全文,不规整,逐条评分,清洗,逐条评分,13,全身症状,Spearman,13,3,0.8189094892711515,0.0006169905183118895,0.5079287768711822,0.9706939341264205,0.9230769230769231,0.3076923076923077,0.6923076923076923,13.692307692307692,不可估计
HAMD-17,PDCH共同24人验证,Qwen3.7-Max,思考,4,04_全文_不规整_评分_清洗,全文,不规整,逐条评分,清洗,逐条评分,14,性症状,Spearman,13,3,0.543396107465759,0.054945864926003965,-0.10672738457345703,0.8263282795369505,0.5384615384615384,0.6153846153846154,0.38461538461538464,13.692307692307692,不可估计
HAMD-17,PDCH共同24人验证,Qwen3.7-Max,思考,4,04_全文_不规整_评分_清洗,全文,不规整,逐条评分,清洗,逐条评分,15,疑病,Spearman,13,3,0.6074819484047815,0.027654000614342755,0.19822959885905225,0.8875208156433735,0.7692307692307693,0.46153846153846156,0.5384615384615384,13.692307692307692,不可估计
HAMD-17,PDCH共同24人验证,Qwen3.7-Max,思考,4,04_全文_不规整_评分_清洗,全文,不规整,逐条评分,清洗,逐条评分,16,体重减轻,Spearman,13,2,0.5904264153603794,0.03363116560376076,0.27087864479318563,0.8785350489510532,0.46153846153846156,0.7692307692307693,0.23076923076923078,13.692307692307692,不可估计
HAMD-17,PDCH共同24人验证,Qwen3.7-Max,思考,4,04_全文_不规整_评分_清洗,全文,不规整,逐条评分,清洗,逐条评分,17,自知力,Spearman,13,2,0.4674209121603004,0.10727783551284523,-0.12090931169226707,0.8149009324392442,0.23076923076923078,0.7692307692307693,0.23076923076923078,13.692307692307692,不可估计
HAMD-17,PDCH共同24人验证,Qwen3.7-Max,思考,7,07_全文_规整_评分_不清洗,全文,规整,逐条评分,不清洗,逐条评分,1,抑郁情绪,Spearman,13,4,0.9177017000207802,9.829932227501367e-06,0.8372355557281561,0.9793131663658908,1.3846153846153846,0.15384615384615385,0.8461538461538461,14.923076923076923,不可估计
HAMD-17,PDCH共同24人验证,Qwen3.7-Max,思考,7,07_全文_规整_评分_不清洗,全文,规整,逐条评分,不清洗,逐条评分,2,有罪感,Spearman,13,4,0.5771302351733882,0.038905973955167324,0.15842760846843743,0.8758962720326746,0.8461538461538461,0.46153846153846156,0.5384615384615384,14.923076923076923,不可估计
HAMD-17,PDCH共同24人验证,Qwen3.7-Max,思考,7,07_全文_规整_评分_不清洗,全文,规整,逐条评分,不清洗,逐条评分,3,自杀,Spearman,13,4,0.5033146243778769,0.07953794969802296,-0.025086513979678333,0.929004150079402,1.0,0.5384615384615384,0.46153846153846156,14.923076923076923,不可估计
HAMD-17,PDCH共同24人验证,Qwen3.7-Max,思考,7,07_全文_规整_评分_不清洗,全文,规整,逐条评分,不清洗,逐条评分,4,入睡困难,Spearman,13,3,0.49566364729873214,0.08497820198881695,-0.04391045056839447,0.9185227344628359,0.8461538461538461,0.38461538461538464,0.6153846153846154,14.923076923076923,不可估计
HAMD-17,PDCH共同24人验证,Qwen3.7-Max,思考,7,07_全文_规整_评分_不清洗,全文,规整,逐条评分,不清洗,逐条评分,5,睡眠不深,Spearman,13,3,0.15463252318312748,0.6139734977948097,-0.5226044176074673,0.6052330508372396,1.1538461538461537,0.3076923076923077,0.6923076923076923,14.923076923076923,不可估计
HAMD-17,PDCH共同24人验证,Qwen3.7-Max,思考,7,07_全文_规整_评分_不清洗,全文,规整,逐条评分,不清洗,逐条评分,6,早醒,Spearman,13,3,0.33602836768641164,0.2616383510210122,-0.2261237589313366,0.827728319243766,0.7692307692307693,0.46153846153846156,0.5384615384615384,14.923076923076923,不可估计
HAMD-17,PDCH共同24人验证,Qwen3.7-Max,思考,7,07_全文_规整_评分_不清洗,全文,规整,逐条评分,不清洗,逐条评分,7,工作和活动,Spearman,13,4,0.6661044761591632,0.012929406154184392,0.2893129176090932,0.9066091341068829,1.8461538461538463,0.38461538461538464,0.6153846153846154,14.923076923076923,不可估计
HAMD-17,PDCH共同24人验证,Qwen3.7-Max,思考,7,07_全文_规整_评分_不清洗,全文,规整,逐条评分,不清洗,逐条评分,8,迟滞,Spearman,13,2,0.7370044012522458,0.00405100605450364,0.4652334862427171,0.9147834666859669,0.46153846153846156,0.7692307692307693,0.23076923076923078,14.923076923076923,不可估计
HAMD-17,PDCH共同24人验证,Qwen3.7-Max,思考,7,07_全文_规整_评分_不清洗,全文,规整,逐条评分,不清洗,逐条评分,9,激越,Spearman,13,3,0.5322927240342273,0.06112517276327937,0.09503321094633509,0.8309546883493116,0.7692307692307693,0.46153846153846156,0.5384615384615384,14.923076923076923,不可估计
HAMD-17,PDCH共同24人验证,Qwen3.7-Max,思考,7,07_全文_规整_评分_不清洗,全文,规整,逐条评分,不清洗,逐条评分,10,精神性焦虑,Spearman,13,4,0.6401887059344963,0.01842738923103273,0.14874490833932402,0.9180833630454138,1.1538461538461537,0.38461538461538464,0.6153846153846154,14.923076923076923,不可估计
HAMD-17,PDCH共同24人验证,Qwen3.7-Max,思考,7,07_全文_规整_评分_不清洗,全文,规整,逐条评分,不清洗,逐条评分,11,躯体性焦虑,Spearman,13,4,0.7132057879773437,0.006201628381861069,0.1300187821173738,0.9540103759888311,1.6923076923076923,0.15384615384615385,0.8461538461538461,14.923076923076923,不可估计
HAMD-17,PDCH共同24人验证,Qwen3.7-Max,思考,7,07_全文_规整_评分_不清洗,全文,规整,逐条评分,不清洗,逐条评分,12,胃肠道症状,Spearman,13,3,0.6155603082725698,0.02511377627361378,0.2755213088467385,0.8685826598364936,0.7692307692307693,0.5384615384615384,0.46153846153846156,14.923076923076923,不可估计
HAMD-17,PDCH共同24人验证,Qwen3.7-Max,思考,7,07_全文_规整_评分_不清洗,全文,规整,逐条评分,不清洗,逐条评分,13,全身症状,Spearman,13,3,0.7865442765757157,0.0014259313794887053,0.5016802791045594,0.935514362085531,1.0769230769230769,0.23076923076923078,0.7692307692307693,14.923076923076923,不可估计
HAMD-17,PDCH共同24人验证,Qwen3.7-Max,思考,7,07_全文_规整_评分_不清洗,全文,规整,逐条评分,不清洗,逐条评分,14,性症状,Spearman,13,3,0.7729992594777846,0.0019445855586482385,0.4590448183376728,0.9396743564964504,0.8461538461538461,0.38461538461538464,0.6153846153846154,14.923076923076923,不可估计
HAMD-17,PDCH共同24人验证,Qwen3.7-Max,思考,7,07_全文_规整_评分_不清洗,全文,规整,逐条评分,不清洗,逐条评分,15,疑病,Spearman,13,4,0.418418181711729,0.15476366797744445,-0.22046449020360095,0.8199508509318078,0.7692307692307693,0.5384615384615384,0.46153846153846156,14.923076923076923,不可估计
HAMD-17,PDCH共同24人验证,Qwen3.7-Max,思考,7,07_全文_规整_评分_不清洗,全文,规整,逐条评分,不清洗,逐条评分,16,体重减轻,Spearman,13,3,0.38703853024412366,0.19137792339817788,0.0968387397888016,0.7525746436477553,0.23076923076923078,0.8461538461538461,0.15384615384615385,14.923076923076923,不可估计
HAMD-17,PDCH共同24人验证,Qwen3.7-Max,思考,7,07_全文_规整_评分_不清洗,全文,规整,逐条评分,不清洗,逐条评分,17,自知力,Spearman,13,2,0.491336267501497,0.08816636676847257,-0.0416796606588096,0.8046695489418075,0.23076923076923078,0.7692307692307693,0.23076923076923078,14.923076923076923,不可估计
HAMD-17,PDCH共同24人验证,Qwen3.7-Max,思考,8,08_全文_规整_评分_清洗,全文,规整,逐条评分,清洗,逐条评分,1,抑郁情绪,Spearman,13,4,0.8167143358588156,0.0006563079998206299,0.49115309734021173,0.9767767108703865,1.3076923076923077,0.23076923076923078,0.7692307692307693,15.615384615384615,不可估计
HAMD-17,PDCH共同24人验证,Qwen3.7-Max,思考,8,08_全文_规整_评分_清洗,全文,规整,逐条评分,清洗,逐条评分,2,有罪感,Spearman,13,3,0.6578891865794587,0.014516011891252267,0.15444556468870194,0.9059470874272296,0.6923076923076923,0.6153846153846154,0.38461538461538464,15.615384615384615,不可估计
HAMD-17,PDCH共同24人验证,Qwen3.7-Max,思考,8,08_全文_规整_评分_清洗,全文,规整,逐条评分,清洗,逐条评分,3,自杀,Spearman,13,4,0.4156732762422122,0.15776898456226437,-0.0297628070022443,0.8295417749276838,0.9230769230769231,0.6153846153846154,0.38461538461538464,15.615384615384615,不可估计
HAMD-17,PDCH共同24人验证,Qwen3.7-Max,思考,8,08_全文_规整_评分_清洗,全文,规整,逐条评分,清洗,逐条评分,4,入睡困难,Spearman,13,3,0.49101091716907963,0.08840934710650786,-0.03286962837636051,0.8654388045700946,0.6923076923076923,0.46153846153846156,0.5384615384615384,15.615384615384615,不可估计
HAMD-17,PDCH共同24人验证,Qwen3.7-Max,思考,8,08_全文_规整_评分_清洗,全文,规整,逐条评分,清洗,逐条评分,5,睡眠不深,Spearman,13,3,0.08052095893947261,0.7937124469548111,-0.5292269006418886,0.5457774903403986,0.9230769230769231,0.38461538461538464,0.6153846153846154,15.615384615384615,不可估计
HAMD-17,PDCH共同24人验证,Qwen3.7-Max,思考,8,08_全文_规整_评分_清洗,全文,规整,逐条评分,清洗,逐条评分,6,早醒,Spearman,13,3,0.42111264358346995,0.15184997881687123,-0.3364255338426237,0.8198786634564094,0.6153846153846154,0.6153846153846154,0.38461538461538464,15.615384615384615,不可估计
HAMD-17,PDCH共同24人验证,Qwen3.7-Max,思考,8,08_全文_规整_评分_清洗,全文,规整,逐条评分,清洗,逐条评分,7,工作和活动,Spearman,13,4,0.6204503077099321,0.0236624100320982,0.1737120506768878,0.8573630862260897,2.6153846153846154,0.15384615384615385,0.8461538461538461,15.615384615384615,不可估计
HAMD-17,PDCH共同24人验证,Qwen3.7-Max,思考,8,08_全文_规整_评分_清洗,全文,规整,逐条评分,清洗,逐条评分,8,迟滞,Spearman,13,3,0.83036402811774,0.00044091445670198335,0.6465224975421504,0.9508587016565823,0.9230769230769231,0.46153846153846156,0.5384615384615384,15.615384615384615,不可估计
HAMD-17,PDCH共同24人验证,Qwen3.7-Max,思考,8,08_全文_规整_评分_清洗,全文,规整,逐条评分,清洗,逐条评分,9,激越,Spearman,13,2,0.269859359804462,0.3725749735296187,-0.1928862748210221,0.7239007239010858,0.46153846153846156,0.7692307692307693,0.23076923076923078,15.615384615384615,不可估计
HAMD-17,PDCH共同24人验证,Qwen3.7-Max,思考,8,08_全文_规整_评分_清洗,全文,规整,逐条评分,清洗,逐条评分,10,精神性焦虑,Spearman,13,4,0.7282248607480025,0.0047634032612063155,0.36527103972479147,0.9523570885025381,1.2307692307692308,0.3076923076923077,0.6923076923076923,15.615384615384615,不可估计
HAMD-17,PDCH共同24人验证,Qwen3.7-Max,思考,8,08_全文_规整_评分_清洗,全文,规整,逐条评分,清洗,逐条评分,11,躯体性焦虑,Spearman,13,4,0.7411543118039065,0.003744393834161931,0.39570169509114245,0.9292227129880724,1.1538461538461537,0.3076923076923077,0.6923076923076923,15.615384615384615,不可估计
HAMD-17,PDCH共同24人验证,Qwen3.7-Max,思考,8,08_全文_规整_评分_清洗,全文,规整,逐条评分,清洗,逐条评分,12,胃肠道症状,Spearman,13,3,0.4914637281834026,0.08807130125202935,-0.015152222276180608,0.8114381566804528,0.7692307692307693,0.46153846153846156,0.5384615384615384,15.615384615384615,不可估计
HAMD-17,PDCH共同24人验证,Qwen3.7-Max,思考,8,08_全文_规整_评分_清洗,全文,规整,逐条评分,清洗,逐条评分,13,全身症状,Spearman,13,3,0.47216152737861644,0.10328500939741173,-0.10957408287422464,0.8622279835761896,1.0769230769230769,0.23076923076923078,0.7692307692307693,15.615384615384615,不可估计
HAMD-17,PDCH共同24人验证,Qwen3.7-Max,思考,8,08_全文_规整_评分_清洗,全文,规整,逐条评分,清洗,逐条评分,14,性症状,Spearman,13,3,0.666127933044728,0.012925072016299265,0.181389350310501,0.9448452019984453,0.9230769230769231,0.38461538461538464,0.6153846153846154,15.615384615384615,不可估计
HAMD-17,PDCH共同24人验证,Qwen3.7-Max,思考,8,08_全文_规整_评分_清洗,全文,规整,逐条评分,清洗,逐条评分,15,疑病,Spearman,13,3,0.5279604946874503,0.06366430515164655,-0.042041118870352466,0.8693042325019578,0.8461538461538461,0.5384615384615384,0.46153846153846156,15.615384615384615,不可估计
HAMD-17,PDCH共同24人验证,Qwen3.7-Max,思考,8,08_全文_规整_评分_清洗,全文,规整,逐条评分,清洗,逐条评分,16,体重减轻,Spearman,13,3,0.22286051009201613,0.4642583519396948,-0.3539138497229278,0.6696692518247704,0.38461538461538464,0.7692307692307693,0.23076923076923078,15.615384615384615,不可估计
HAMD-17,PDCH共同24人验证,Qwen3.7-Max,思考,8,08_全文_规整_评分_清洗,全文,规整,逐条评分,清洗,逐条评分,17,自知力,Spearman,13,2,0.4036723781594288,0.171350707069925,-0.18722064264422963,0.7932509610273979,0.38461538461538464,0.6153846153846154,0.38461538461538464,15.615384615384615,不可估计
HAMD-17,PDCH共同24人验证,Qwen3.7-Max,思考,11,11_事件序列_不规整_评分_不清洗,事件序列,不规整,逐条评分,不清洗,逐条评分,1,抑郁情绪,Spearman,15,4,0.7823901503788567,0.0005658838551684104,0.468301886676382,0.9436850695415979,1.0666666666666667,0.3333333333333333,0.6666666666666666,13.4,不可估计
HAMD-17,PDCH共同24人验证,Qwen3.7-Max,思考,11,11_事件序列_不规整_评分_不清洗,事件序列,不规整,逐条评分,不清洗,逐条评分,2,有罪感,Spearman,15,3,0.4282252525496023,0.11128050959411884,-0.15416857752346422,0.7885579842402848,0.8,0.4,0.6,13.4,不可估计
HAMD-17,PDCH共同24人验证,Qwen3.7-Max,思考,11,11_事件序列_不规整_评分_不清洗,事件序列,不规整,逐条评分,不清洗,逐条评分,3,自杀,Spearman,15,4,0.5311326148689878,0.04161730612490842,0.10620861463091821,0.8826772395071872,1.0,0.6,0.4,13.4,不可估计
HAMD-17,PDCH共同24人验证,Qwen3.7-Max,思考,11,11_事件序列_不规整_评分_不清洗,事件序列,不规整,逐条评分,不清洗,逐条评分,4,入睡困难,Spearman,15,3,0.5214858213037814,0.046191028864956386,0.10258069703878801,0.8398005276113237,0.5333333333333333,0.6,0.4,13.4,不可估计
HAMD-17,PDCH共同24人验证,Qwen3.7-Max,思考,11,11_事件序列_不规整_评分_不清洗,事件序列,不规整,逐条评分,不清洗,逐条评分,5,睡眠不深,Spearman,15,3,0.2614364566786095,0.34659721619729006,-0.28091646715787694,0.6929897257632907,1.0666666666666667,0.4,0.6,13.4,不可估计
HAMD-17,PDCH共同24人验证,Qwen3.7-Max,思考,11,11_事件序列_不规整_评分_不清洗,事件序列,不规整,逐条评分,不清洗,逐条评分,6,早醒,Spearman,15,3,0.24286693011172186,0.38310857133795356,-0.27705019867732494,0.6368873627259135,0.4,0.7333333333333333,0.26666666666666666,13.4,不可估计
HAMD-17,PDCH共同24人验证,Qwen3.7-Max,思考,11,11_事件序列_不规整_评分_不清洗,事件序列,不规整,逐条评分,不清洗,逐条评分,7,工作和活动,Spearman,15,5,0.6955719627893341,0.0039844313735320795,0.4184940916485753,0.8869237253934928,1.9333333333333333,0.26666666666666666,0.7333333333333333,13.4,不可估计
HAMD-17,PDCH共同24人验证,Qwen3.7-Max,思考,11,11_事件序列_不规整_评分_不清洗,事件序列,不规整,逐条评分,不清洗,逐条评分,8,迟滞,Spearman,15,3,0.550769502385102,0.033356942283100266,0.11651084487083563,0.8040880535513317,0.26666666666666666,0.8,0.2,13.4,不可估计
HAMD-17,PDCH共同24人验证,Qwen3.7-Max,思考,11,11_事件序列_不规整_评分_不清洗,事件序列,不规整,逐条评分,不清洗,逐条评分,9,激越,Spearman,15,3,0.5822929300638191,0.022750230184859287,0.07458569873189286,0.821394909969075,0.3333333333333333,0.7333333333333333,0.26666666666666666,13.4,不可估计
HAMD-17,PDCH共同24人验证,Qwen3.7-Max,思考,11,11_事件序列_不规整_评分_不清洗,事件序列,不规整,逐条评分,不清洗,逐条评分,10,精神性焦虑,Spearman,15,3,0.5916566042894389,0.020161301710309314,0.18182498836035277,0.8803399583620742,0.8666666666666667,0.26666666666666666,0.7333333333333333,13.4,不可估计
HAMD-17,PDCH共同24人验证,Qwen3.7-Max,思考,11,11_事件序列_不规整_评分_不清洗,事件序列,不规整,逐条评分,不清洗,逐条评分,11,躯体性焦虑,Spearman,15,4,0.6243812854920668,0.012842385094155027,0.27293343677953485,0.8849639037300424,1.2666666666666666,0.26666666666666666,0.7333333333333333,13.4,不可估计
HAMD-17,PDCH共同24人验证,Qwen3.7-Max,思考,11,11_事件序列_不规整_评分_不清洗,事件序列,不规整,逐条评分,不清洗,逐条评分,12,胃肠道症状,Spearman,15,3,0.5238223738975201,0.045050682658108514,0.11596013907511624,0.8440090900256167,0.8,0.4666666666666667,0.5333333333333333,13.4,不可估计
HAMD-17,PDCH共同24人验证,Qwen3.7-Max,思考,11,11_事件序列_不规整_评分_不清洗,事件序列,不规整,逐条评分,不清洗,逐条评分,13,全身症状,Spearman,15,3,0.8432799993618306,7.837284069749579e-05,0.6253188050382218,0.9578731911338998,0.7333333333333333,0.4,0.6,13.4,不可估计
HAMD-17,PDCH共同24人验证,Qwen3.7-Max,思考,11,11_事件序列_不规整_评分_不清洗,事件序列,不规整,逐条评分,不清洗,逐条评分,14,性症状,Spearman,15,3,0.6015564789055432,0.01767579296682861,0.11879751837517555,0.8463325595567269,0.5333333333333333,0.6,0.4,13.4,不可估计
HAMD-17,PDCH共同24人验证,Qwen3.7-Max,思考,11,11_事件序列_不规整_评分_不清洗,事件序列,不规整,逐条评分,不清洗,逐条评分,15,疑病,Spearman,15,3,0.4076018161224617,0.13153525310240183,-0.04487324208399591,0.7691428835778119,0.7333333333333333,0.4666666666666667,0.5333333333333333,13.4,不可估计
HAMD-17,PDCH共同24人验证,Qwen3.7-Max,思考,11,11_事件序列_不规整_评分_不清洗,事件序列,不规整,逐条评分,不清洗,逐条评分,16,体重减轻,Spearman,15,2,0.13586727204082058,0.6292307103795356,-0.29915396516739445,0.5821214616226331,0.2,0.8,0.2,13.4,不可估计
HAMD-17,PDCH共同24人验证,Qwen3.7-Max,思考,11,11_事件序列_不规整_评分_不清洗,事件序列,不规整,逐条评分,不清洗,逐条评分,17,自知力,Spearman,15,2,0.10533991854121869,0.708681071364102,-0.3445120918751329,0.5666151037030909,0.26666666666666666,0.7333333333333333,0.26666666666666666,13.4,不可估计
HAMD-17,PDCH共同24人验证,Qwen3.7-Max,思考,12,12_事件序列_不规整_评分_清洗,事件序列,不规整,逐条评分,清洗,逐条评分,1,抑郁情绪,Spearman,17,4,0.7997868957724057,0.0001162985119816793,0.5506509857029275,0.9576312354984186,1.2352941176470589,0.23529411764705882,0.7647058823529411,14.235294117647058,不可估计
HAMD-17,PDCH共同24人验证,Qwen3.7-Max,思考,12,12_事件序列_不规整_评分_清洗,事件序列,不规整,逐条评分,清洗,逐条评分,2,有罪感,Spearman,17,3,0.4201414305684599,0.09313422670726894,-0.09814640522442072,0.7651740111308684,0.8235294117647058,0.35294117647058826,0.6470588235294118,14.235294117647058,不可估计
HAMD-17,PDCH共同24人验证,Qwen3.7-Max,思考,12,12_事件序列_不规整_评分_清洗,事件序列,不规整,逐条评分,清洗,逐条评分,3,自杀,Spearman,17,4,0.8342756356768724,3.134348479433013e-05,0.6720041066906258,0.9378752195818792,1.2352941176470589,0.47058823529411764,0.5294117647058824,14.235294117647058,不可估计
HAMD-17,PDCH共同24人验证,Qwen3.7-Max,思考,12,12_事件序列_不规整_评分_清洗,事件序列,不规整,逐条评分,清洗,逐条评分,4,入睡困难,Spearman,17,3,0.4691873975618092,0.057435270926182676,-0.018238008499776453,0.7861543516787359,0.5294117647058824,0.6470588235294118,0.35294117647058826,14.235294117647058,不可估计
HAMD-17,PDCH共同24人验证,Qwen3.7-Max,思考,12,12_事件序列_不规整_评分_清洗,事件序列,不规整,逐条评分,清洗,逐条评分,5,睡眠不深,Spearman,17,3,0.3653754491229528,0.14925747976396378,-0.0713623076813973,0.6988296008162826,0.9411764705882353,0.47058823529411764,0.5294117647058824,14.235294117647058,不可估计
HAMD-17,PDCH共同24人验证,Qwen3.7-Max,思考,12,12_事件序列_不规整_评分_清洗,事件序列,不规整,逐条评分,清洗,逐条评分,6,早醒,Spearman,17,3,0.5519620904239048,0.02160543886857231,0.05671224236753853,0.8304424235743589,0.6470588235294118,0.5882352941176471,0.4117647058823529,14.235294117647058,不可估计
HAMD-17,PDCH共同24人验证,Qwen3.7-Max,思考,12,12_事件序列_不规整_评分_清洗,事件序列,不规整,逐条评分,清洗,逐条评分,7,工作和活动,Spearman,17,5,0.6876944530672385,0.002281052972872128,0.39879456051697376,0.8769658177640336,1.8823529411764706,0.29411764705882354,0.7058823529411765,14.235294117647058,不可估计
HAMD-17,PDCH共同24人验证,Qwen3.7-Max,思考,12,12_事件序列_不规整_评分_清洗,事件序列,不规整,逐条评分,清洗,逐条评分,8,迟滞,Spearman,17,3,0.49566983528145064,0.04303571854857337,0.10942074633723389,0.7861714468752291,0.29411764705882354,0.8235294117647058,0.17647058823529413,14.235294117647058,不可估计
HAMD-17,PDCH共同24人验证,Qwen3.7-Max,思考,12,12_事件序列_不规整_评分_清洗,事件序列,不规整,逐条评分,清洗,逐条评分,9,激越,Spearman,17,3,0.5519851736021285,0.02159882782800127,0.15868883588495503,0.8197455513398746,0.5294117647058824,0.6470588235294118,0.35294117647058826,14.235294117647058,不可估计
HAMD-17,PDCH共同24人验证,Qwen3.7-Max,思考,12,12_事件序列_不规整_评分_清洗,事件序列,不规整,逐条评分,清洗,逐条评分,10,精神性焦虑,Spearman,17,4,0.7296885926029615,0.0008850311906743486,0.39279661349686823,0.9114707921332843,1.0588235294117647,0.23529411764705882,0.7647058823529411,14.235294117647058,不可估计
HAMD-17,PDCH共同24人验证,Qwen3.7-Max,思考,12,12_事件序列_不规整_评分_清洗,事件序列,不规整,逐条评分,清洗,逐条评分,11,躯体性焦虑,Spearman,17,4,0.6797967131681627,0.002680564266066271,0.3222041071284281,0.9079737077482682,1.3529411764705883,0.23529411764705882,0.7647058823529411,14.235294117647058,不可估计
HAMD-17,PDCH共同24人验证,Qwen3.7-Max,思考,12,12_事件序列_不规整_评分_清洗,事件序列,不规整,逐条评分,清洗,逐条评分,12,胃肠道症状,Spearman,17,3,0.4274235968940143,0.08702156503123164,0.003320730428758103,0.7751347800183316,0.7058823529411765,0.5294117647058824,0.47058823529411764,14.235294117647058,不可估计
HAMD-17,PDCH共同24人验证,Qwen3.7-Max,思考,12,12_事件序列_不规整_评分_清洗,事件序列,不规整,逐条评分,清洗,逐条评分,13,全身症状,Spearman,17,3,0.7712284431523402,0.00028905094504421785,0.4801372506341906,0.9291408518691628,0.7647058823529411,0.35294117647058826,0.6470588235294118,14.235294117647058,不可估计
HAMD-17,PDCH共同24人验证,Qwen3.7-Max,思考,12,12_事件序列_不规整_评分_清洗,事件序列,不规整,逐条评分,清洗,逐条评分,14,性症状,Spearman,17,3,0.6604405815715751,0.003905256366640874,0.28505642159527217,0.8646172118038786,0.7058823529411765,0.5294117647058824,0.47058823529411764,14.235294117647058,不可估计
HAMD-17,PDCH共同24人验证,Qwen3.7-Max,思考,12,12_事件序列_不规整_评分_清洗,事件序列,不规整,逐条评分,清洗,逐条评分,15,疑病,Spearman,17,3,0.3451290843146826,0.17486276189532654,-0.19038168741195902,0.7467100678172441,0.6470588235294118,0.5294117647058824,0.47058823529411764,14.235294117647058,不可估计
HAMD-17,PDCH共同24人验证,Qwen3.7-Max,思考,12,12_事件序列_不规整_评分_清洗,事件序列,不规整,逐条评分,清洗,逐条评分,16,体重减轻,Spearman,17,3,0.31452507622318604,0.21886745778545472,-0.21528928338097034,0.6956757621162593,0.4117647058823529,0.7647058823529411,0.23529411764705882,14.235294117647058,不可估计
HAMD-17,PDCH共同24人验证,Qwen3.7-Max,思考,12,12_事件序列_不规整_评分_清洗,事件序列,不规整,逐条评分,清洗,逐条评分,17,自知力,Spearman,17,2,0.2420968794233659,0.34917515670243227,-0.33464233412216793,0.6611269128103636,0.23529411764705882,0.7647058823529411,0.23529411764705882,14.235294117647058,不可估计
HAMD-17,PDCH共同24人验证,Qwen3.7-Max,思考,15,15_事件序列_规整_评分_不清洗,事件序列,规整,逐条评分,不清洗,逐条评分,1,抑郁情绪,Spearman,15,4,0.7481297494446847,0.001337849944951891,0.44143979655935667,0.930486828500396,1.2,0.3333333333333333,0.6666666666666666,14.2,不可估计
HAMD-17,PDCH共同24人验证,Qwen3.7-Max,思考,15,15_事件序列_规整_评分_不清洗,事件序列,规整,逐条评分,不清洗,逐条评分,2,有罪感,Spearman,15,4,0.5196459791395507,0.047103856444445306,-0.05388401002177358,0.8226613053487783,0.8666666666666667,0.4,0.6,14.2,不可估计
HAMD-17,PDCH共同24人验证,Qwen3.7-Max,思考,15,15_事件序列_规整_评分_不清洗,事件序列,规整,逐条评分,不清洗,逐条评分,3,自杀,Spearman,15,4,0.4801075561402125,0.07009942494666355,-0.033875438380269615,0.8190928732653999,1.2,0.5333333333333333,0.4666666666666667,14.2,不可估计
HAMD-17,PDCH共同24人验证,Qwen3.7-Max,思考,15,15_事件序列_规整_评分_不清洗,事件序列,规整,逐条评分,不清洗,逐条评分,4,入睡困难,Spearman,15,3,0.4444555658378615,0.0969429302127953,-0.036605857013163254,0.8095944979934577,0.5333333333333333,0.6,0.4,14.2,不可估计
HAMD-17,PDCH共同24人验证,Qwen3.7-Max,思考,15,15_事件序列_规整_评分_不清洗,事件序列,规整,逐条评分,不清洗,逐条评分,5,睡眠不深,Spearman,15,3,0.47808648672145804,0.07145866252442076,0.02554479887955692,0.7602446332798608,1.0666666666666667,0.3333333333333333,0.6666666666666666,14.2,不可估计
HAMD-17,PDCH共同24人验证,Qwen3.7-Max,思考,15,15_事件序列_规整_评分_不清洗,事件序列,规整,逐条评分,不清洗,逐条评分,6,早醒,Spearman,15,3,0.3822793083419173,0.15966207323245635,-0.15411181701886648,0.7548228769168183,0.6,0.6,0.4,14.2,不可估计
HAMD-17,PDCH共同24人验证,Qwen3.7-Max,思考,15,15_事件序列_规整_评分_不清洗,事件序列,规整,逐条评分,不清洗,逐条评分,7,工作和活动,Spearman,15,5,0.6922945525213405,0.004233918220860115,0.39081299305529577,0.8995419968534865,2.2666666666666666,0.2,0.8,14.2,不可估计
HAMD-17,PDCH共同24人验证,Qwen3.7-Max,思考,15,15_事件序列_规整_评分_不清洗,事件序列,规整,逐条评分,不清洗,逐条评分,8,迟滞,Spearman,15,3,0.581039110291695,0.023115247540644982,0.17202668121573048,0.8253705987642653,0.7333333333333333,0.4666666666666667,0.5333333333333333,14.2,不可估计
HAMD-17,PDCH共同24人验证,Qwen3.7-Max,思考,15,15_事件序列_规整_评分_不清洗,事件序列,规整,逐条评分,不清洗,逐条评分,9,激越,Spearman,15,3,0.7643881148530542,0.0009049944641177513,0.553369087851405,0.9073229200404501,0.4666666666666667,0.7333333333333333,0.26666666666666666,14.2,不可估计
HAMD-17,PDCH共同24人验证,Qwen3.7-Max,思考,15,15_事件序列_规整_评分_不清洗,事件序列,规整,逐条评分,不清洗,逐条评分,10,精神性焦虑,Spearman,15,4,0.7093423680460623,0.0030607238785879966,0.32579372367902,0.9219835104458369,1.1333333333333333,0.3333333333333333,0.6666666666666666,14.2,不可估计
HAMD-17,PDCH共同24人验证,Qwen3.7-Max,思考,15,15_事件序列_规整_评分_不清洗,事件序列,规整,逐条评分,不清洗,逐条评分,11,躯体性焦虑,Spearman,15,5,0.609298178990997,0.01590188627680592,0.16331418239065384,0.8601854659490294,1.5333333333333334,0.2,0.8,14.2,不可估计
HAMD-17,PDCH共同24人验证,Qwen3.7-Max,思考,15,15_事件序列_规整_评分_不清洗,事件序列,规整,逐条评分,不清洗,逐条评分,12,胃肠道症状,Spearman,15,3,0.45924023672331077,0.0850586353305108,-0.0328528140511325,0.8009028054242129,0.8,0.4,0.6,14.2,不可估计
HAMD-17,PDCH共同24人验证,Qwen3.7-Max,思考,15,15_事件序列_规整_评分_不清洗,事件序列,规整,逐条评分,不清洗,逐条评分,13,全身症状,Spearman,15,3,0.7512431634588516,0.0012441376378328544,0.4157541963917476,0.9413472325663903,0.9333333333333333,0.26666666666666666,0.7333333333333333,14.2,不可估计
HAMD-17,PDCH共同24人验证,Qwen3.7-Max,思考,15,15_事件序列_规整_评分_不清洗,事件序列,规整,逐条评分,不清洗,逐条评分,14,性症状,Spearman,15,3,0.6900302027474772,0.004413416811272804,0.3087190078660424,0.8804848696950214,0.5333333333333333,0.6666666666666666,0.3333333333333333,14.2,不可估计
HAMD-17,PDCH共同24人验证,Qwen3.7-Max,思考,15,15_事件序列_规整_评分_不清洗,事件序列,规整,逐条评分,不清洗,逐条评分,15,疑病,Spearman,15,3,0.46848635646600706,0.07817484289979393,0.09719351205685056,0.7524648232773206,1.0666666666666667,0.3333333333333333,0.6666666666666666,14.2,不可估计
HAMD-17,PDCH共同24人验证,Qwen3.7-Max,思考,15,15_事件序列_规整_评分_不清洗,事件序列,规整,逐条评分,不清洗,逐条评分,16,体重减轻,Spearman,15,3,0.2074101897009812,0.45825025283777315,-0.26568213504781646,0.626074882647212,0.3333333333333333,0.7333333333333333,0.26666666666666666,14.2,不可估计
HAMD-17,PDCH共同24人验证,Qwen3.7-Max,思考,15,15_事件序列_规整_评分_不清洗,事件序列,规整,逐条评分,不清洗,逐条评分,17,自知力,Spearman,15,2,0.3143467331039702,0.25384283954979603,-0.26991084679179705,0.7501074691966744,0.3333333333333333,0.6666666666666666,0.3333333333333333,14.2,不可估计
HAMD-17,PDCH共同24人验证,Qwen3.7-Max,思考,16,16_事件序列_规整_评分_清洗,事件序列,规整,逐条评分,清洗,逐条评分,1,抑郁情绪,Spearman,15,4,0.7039226928657524,0.0034012656163224272,0.33032274605396955,0.9511636938811463,1.0666666666666667,0.4,0.6,12.866666666666667,不可估计
HAMD-17,PDCH共同24人验证,Qwen3.7-Max,思考,16,16_事件序列_规整_评分_清洗,事件序列,规整,逐条评分,清洗,逐条评分,2,有罪感,Spearman,15,3,0.5035068972838718,0.05569097886859272,-0.05897714589996143,0.8364183574204477,0.7333333333333333,0.4666666666666667,0.5333333333333333,12.866666666666667,不可估计
HAMD-17,PDCH共同24人验证,Qwen3.7-Max,思考,16,16_事件序列_规整_评分_清洗,事件序列,规整,逐条评分,清洗,逐条评分,3,自杀,Spearman,15,4,0.5730121517684704,0.02555882819095446,0.1658217272838136,0.8594793642214679,0.8,0.6666666666666666,0.3333333333333333,12.866666666666667,不可估计
HAMD-17,PDCH共同24人验证,Qwen3.7-Max,思考,16,16_事件序列_规整_评分_清洗,事件序列,规整,逐条评分,清洗,逐条评分,4,入睡困难,Spearman,15,3,0.41965715381961566,0.11941337640887542,-0.019296508802600424,0.7373506829230123,0.6,0.6,0.4,12.866666666666667,不可估计
HAMD-17,PDCH共同24人验证,Qwen3.7-Max,思考,16,16_事件序列_规整_评分_清洗,事件序列,规整,逐条评分,清洗,逐条评分,5,睡眠不深,Spearman,15,3,0.4897609975085057,0.06386311824746013,-0.02201085584252254,0.779211224755027,1.2,0.26666666666666666,0.7333333333333333,12.866666666666667,不可估计
HAMD-17,PDCH共同24人验证,Qwen3.7-Max,思考,16,16_事件序列_规整_评分_清洗,事件序列,规整,逐条评分,清洗,逐条评分,6,早醒,Spearman,15,3,0.23166360539132433,0.4060966491744234,-0.39843165828047705,0.6825016714121448,0.4666666666666667,0.6666666666666666,0.3333333333333333,12.866666666666667,不可估计
HAMD-17,PDCH共同24人验证,Qwen3.7-Max,思考,16,16_事件序列_规整_评分_清洗,事件序列,规整,逐条评分,清洗,逐条评分,7,工作和活动,Spearman,15,5,0.6061143523052641,0.01661396924276025,0.22776208070041978,0.8550770449615512,2.1333333333333333,0.2,0.8,12.866666666666667,不可估计
HAMD-17,PDCH共同24人验证,Qwen3.7-Max,思考,16,16_事件序列_规整_评分_清洗,事件序列,规整,逐条评分,清洗,逐条评分,8,迟滞,Spearman,15,3,0.5558398622517167,0.03144002629881261,0.11055413787219147,0.8559744099058267,0.8,0.4666666666666667,0.5333333333333333,12.866666666666667,不可估计
HAMD-17,PDCH共同24人验证,Qwen3.7-Max,思考,16,16_事件序列_规整_评分_清洗,事件序列,规整,逐条评分,清洗,逐条评分,9,激越,Spearman,15,3,0.6755050923560112,0.005713394025668849,0.2555269792727539,0.8783914489102846,0.5333333333333333,0.6666666666666666,0.3333333333333333,12.866666666666667,不可估计
HAMD-17,PDCH共同24人验证,Qwen3.7-Max,思考,16,16_事件序列_规整_评分_清洗,事件序列,规整,逐条评分,清洗,逐条评分,10,精神性焦虑,Spearman,15,4,0.642778034644141,0.009751841393489858,0.20975170955940678,0.8769604367847544,1.0666666666666667,0.3333333333333333,0.6666666666666666,12.866666666666667,不可估计
HAMD-17,PDCH共同24人验证,Qwen3.7-Max,思考,16,16_事件序列_规整_评分_清洗,事件序列,规整,逐条评分,清洗,逐条评分,11,躯体性焦虑,Spearman,15,4,0.5198415714020433,0.047006187080074674,0.14312086607077745,0.8119538444954828,1.3333333333333333,0.2,0.8,12.866666666666667,不可估计
HAMD-17,PDCH共同24人验证,Qwen3.7-Max,思考,16,16_事件序列_规整_评分_清洗,事件序列,规整,逐条评分,清洗,逐条评分,12,胃肠道症状,Spearman,15,3,0.48490225745385773,0.06694947937600512,0.09838665625814166,0.7973653635426188,0.8,0.4666666666666667,0.5333333333333333,12.866666666666667,不可估计
HAMD-17,PDCH共同24人验证,Qwen3.7-Max,思考,16,16_事件序列_规整_评分_清洗,事件序列,规整,逐条评分,清洗,逐条评分,13,全身症状,Spearman,15,3,0.6574869351231443,0.007727012257760324,0.1856453250519296,0.9075392487689259,0.8666666666666667,0.26666666666666666,0.7333333333333333,12.866666666666667,不可估计
HAMD-17,PDCH共同24人验证,Qwen3.7-Max,思考,16,16_事件序列_规整_评分_清洗,事件序列,规整,逐条评分,清洗,逐条评分,14,性症状,Spearman,15,3,0.4297684642072699,0.10985759793515176,-0.2134161150960738,0.782968164360959,0.5333333333333333,0.6666666666666666,0.3333333333333333,12.866666666666667,不可估计
HAMD-17,PDCH共同24人验证,Qwen3.7-Max,思考,16,16_事件序列_规整_评分_清洗,事件序列,规整,逐条评分,清洗,逐条评分,15,疑病,Spearman,15,3,0.365138257177036,0.1808129004439051,-0.12600533555049853,0.680734827249973,0.9333333333333333,0.4,0.6,12.866666666666667,不可估计
HAMD-17,PDCH共同24人验证,Qwen3.7-Max,思考,16,16_事件序列_规整_评分_清洗,事件序列,规整,逐条评分,清洗,逐条评分,16,体重减轻,Spearman,15,2,-0.09185658298672704,0.7447387096108457,-0.435897341931048,0.25131716658055314,0.13333333333333333,0.8666666666666667,0.13333333333333333,12.866666666666667,不可估计
HAMD-17,PDCH共同24人验证,Qwen3.7-Max,思考,16,16_事件序列_规整_评分_清洗,事件序列,规整,逐条评分,清洗,逐条评分,17,自知力,Spearman,15,2,0.2118321510756811,0.4485038044458212,-0.2788292527044856,0.6401337943597237,0.26666666666666666,0.7333333333333333,0.26666666666666666,12.866666666666667,不可估计
HAMD-17,PDCH标签99人,GLM-5.2,思考,3,03_全文_不规整_评分_不清洗,全文,不规整,逐条评分,不清洗,逐条评分,1,抑郁情绪,Spearman,49,4,0.5634020884615101,2.5001341489623546e-05,0.3089155802890176,0.763958181962395,1.183673469387755,0.24489795918367346,0.7551020408163265,14.89795918367347,正式
HAMD-17,PDCH标签99人,GLM-5.2,思考,3,03_全文_不规整_评分_不清洗,全文,不规整,逐条评分,不清洗,逐条评分,2,有罪感,Spearman,49,3,0.27592167739503587,0.054980893871361326,-0.024850151347349518,0.5320108792916695,0.8367346938775511,0.24489795918367346,0.7551020408163265,14.89795918367347,正式
HAMD-17,PDCH标签99人,GLM-5.2,思考,3,03_全文_不规整_评分_不清洗,全文,不规整,逐条评分,不清洗,逐条评分,3,自杀,Spearman,49,4,0.4091906428357552,0.003507155056639496,0.16608550462475094,0.6352337277591228,0.9183673469387755,0.6122448979591837,0.3877551020408163,14.89795918367347,正式
HAMD-17,PDCH标签99人,GLM-5.2,思考,3,03_全文_不规整_评分_不清洗,全文,不规整,逐条评分,不清洗,逐条评分,4,入睡困难,Spearman,49,3,0.3075135692092682,0.03160202434893777,0.07051704652867498,0.5367858913129618,0.5918367346938775,0.5306122448979592,0.46938775510204084,14.89795918367347,正式
HAMD-17,PDCH标签99人,GLM-5.2,思考,3,03_全文_不规整_评分_不清洗,全文,不规整,逐条评分,不清洗,逐条评分,5,睡眠不深,Spearman,49,3,0.254715308254044,0.07735570015297903,-0.0027388253509567713,0.501764647401329,0.8367346938775511,0.3877551020408163,0.6122448979591837,14.89795918367347,正式
HAMD-17,PDCH标签99人,GLM-5.2,思考,3,03_全文_不规整_评分_不清洗,全文,不规整,逐条评分,不清洗,逐条评分,6,早醒,Spearman,49,3,0.40879844821879113,0.0035418646788097498,0.1309665291213195,0.6194239055099703,0.42857142857142855,0.6938775510204082,0.30612244897959184,14.89795918367347,正式
HAMD-17,PDCH标签99人,GLM-5.2,思考,3,03_全文_不规整_评分_不清洗,全文,不规整,逐条评分,不清洗,逐条评分,7,工作和活动,Spearman,49,5,0.70619099764136,1.439888738560289e-08,0.5400410696295602,0.8228647700571547,1.7959183673469388,0.1836734693877551,0.8163265306122449,14.89795918367347,正式
HAMD-17,PDCH标签99人,GLM-5.2,思考,3,03_全文_不规整_评分_不清洗,全文,不规整,逐条评分,不清洗,逐条评分,8,迟滞,Spearman,49,3,0.4120035470166571,0.003266864263136621,0.17159848311476783,0.6339500598251016,0.4897959183673469,0.6122448979591837,0.3877551020408163,14.89795918367347,正式
HAMD-17,PDCH标签99人,GLM-5.2,思考,3,03_全文_不规整_评分_不清洗,全文,不规整,逐条评分,不清洗,逐条评分,9,激越,Spearman,49,3,0.41028750704881395,0.003411666054308064,0.15186271299934095,0.6278166759500128,0.673469387755102,0.46938775510204084,0.5306122448979592,14.89795918367347,正式
HAMD-17,PDCH标签99人,GLM-5.2,思考,3,03_全文_不规整_评分_不清洗,全文,不规整,逐条评分,不清洗,逐条评分,10,精神性焦虑,Spearman,49,4,0.39338369493031167,0.005168889691317508,0.16128729020271979,0.6145432385464588,0.8571428571428571,0.3673469387755102,0.6326530612244898,14.89795918367347,正式
HAMD-17,PDCH标签99人,GLM-5.2,思考,3,03_全文_不规整_评分_不清洗,全文,不规整,逐条评分,不清洗,逐条评分,11,躯体性焦虑,Spearman,49,4,0.5476926919751277,4.640820786084468e-05,0.32336891859130495,0.7156521484372467,1.4489795918367347,0.16326530612244897,0.8367346938775511,14.89795918367347,正式
HAMD-17,PDCH标签99人,GLM-5.2,思考,3,03_全文_不规整_评分_不清洗,全文,不规整,逐条评分,不清洗,逐条评分,12,胃肠道症状,Spearman,49,3,0.4535525763321066,0.0010643816687623162,0.21662367836929125,0.6738241437973372,0.5102040816326531,0.5714285714285714,0.42857142857142855,14.89795918367347,正式
HAMD-17,PDCH标签99人,GLM-5.2,思考,3,03_全文_不规整_评分_不清洗,全文,不规整,逐条评分,不清洗,逐条评分,13,全身症状,Spearman,49,3,0.616010820095713,2.4572165381650355e-06,0.4119409258479141,0.7794161352485975,0.7755102040816326,0.3673469387755102,0.6326530612244898,14.89795918367347,正式
HAMD-17,PDCH标签99人,GLM-5.2,思考,3,03_全文_不规整_评分_不清洗,全文,不规整,逐条评分,不清洗,逐条评分,14,性症状,Spearman,49,3,0.35433232055965747,0.012492244777107253,0.09978875879462494,0.5781198841563602,0.8979591836734694,0.3469387755102041,0.6530612244897959,14.89795918367347,正式
HAMD-17,PDCH标签99人,GLM-5.2,思考,3,03_全文_不规整_评分_不清洗,全文,不规整,逐条评分,不清洗,逐条评分,15,疑病,Spearman,49,3,-0.004319439743245148,0.9765011970744629,-0.2705690826706203,0.287026932974205,0.4897959183673469,0.6122448979591837,0.3877551020408163,14.89795918367347,正式
HAMD-17,PDCH标签99人,GLM-5.2,思考,3,03_全文_不规整_评分_不清洗,全文,不规整,逐条评分,不清洗,逐条评分,16,体重减轻,Spearman,49,3,0.2928259272214826,0.041165084164498954,0.053788846391250464,0.5065205114873627,0.3673469387755102,0.7551020408163265,0.24489795918367346,14.89795918367347,正式
HAMD-17,PDCH标签99人,GLM-5.2,思考,3,03_全文_不规整_评分_不清洗,全文,不规整,逐条评分,不清洗,逐条评分,17,自知力,Spearman,49,3,0.14159503000709225,0.33180773302966,-0.14363864216450253,0.43225247919986837,0.24489795918367346,0.7755102040816326,0.22448979591836735,14.89795918367347,正式
HAMD-17,PDCH标签99人,GLM-5.2,思考,4,04_全文_不规整_评分_清洗,全文,不规整,逐条评分,清洗,逐条评分,1,抑郁情绪,Spearman,47,4,0.660305042929376,4.422368875493545e-07,0.4478534421929207,0.8163628890854074,1.2553191489361701,0.2127659574468085,0.7872340425531915,14.553191489361701,正式
HAMD-17,PDCH标签99人,GLM-5.2,思考,4,04_全文_不规整_评分_清洗,全文,不规整,逐条评分,清洗,逐条评分,2,有罪感,Spearman,47,3,0.5447554910334044,7.530763364236167e-05,0.32724735161379986,0.7187097018652918,0.9574468085106383,0.23404255319148937,0.7659574468085106,14.553191489361701,正式
HAMD-17,PDCH标签99人,GLM-5.2,思考,4,04_全文_不规整_评分_清洗,全文,不规整,逐条评分,清洗,逐条评分,3,自杀,Spearman,47,5,0.508073319191375,0.0002665518195972276,0.27394201851226474,0.7125590300558272,1.2127659574468086,0.5106382978723404,0.48936170212765956,14.553191489361701,正式
HAMD-17,PDCH标签99人,GLM-5.2,思考,4,04_全文_不规整_评分_清洗,全文,不规整,逐条评分,清洗,逐条评分,4,入睡困难,Spearman,47,3,0.21061302661007247,0.1553152079658879,-0.07176766855779833,0.4485679202198227,0.5957446808510638,0.5531914893617021,0.44680851063829785,14.553191489361701,正式
HAMD-17,PDCH标签99人,GLM-5.2,思考,4,04_全文_不规整_评分_清洗,全文,不规整,逐条评分,清洗,逐条评分,5,睡眠不深,Spearman,47,3,0.2193863894836701,0.13843216782128062,-0.032799937265030964,0.4672268637619393,0.851063829787234,0.40425531914893614,0.5957446808510638,14.553191489361701,正式
HAMD-17,PDCH标签99人,GLM-5.2,思考,4,04_全文_不规整_评分_清洗,全文,不规整,逐条评分,清洗,逐条评分,6,早醒,Spearman,47,3,0.18728793929885454,0.20745430844472237,-0.08271262415566968,0.4503965673922815,0.5531914893617021,0.5957446808510638,0.40425531914893614,14.553191489361701,正式
HAMD-17,PDCH标签99人,GLM-5.2,思考,4,04_全文_不规整_评分_清洗,全文,不规整,逐条评分,清洗,逐条评分,7,工作和活动,Spearman,47,5,0.6877076007370827,9.280365830780736e-08,0.5270954356290628,0.8189849663146063,1.8085106382978724,0.19148936170212766,0.8085106382978723,14.553191489361701,正式
HAMD-17,PDCH标签99人,GLM-5.2,思考,4,04_全文_不规整_评分_清洗,全文,不规整,逐条评分,清洗,逐条评分,8,迟滞,Spearman,47,3,0.627986540739137,2.2985833505076123e-06,0.42864306867159746,0.784920323636368,0.7021276595744681,0.44680851063829785,0.5531914893617021,14.553191489361701,正式
HAMD-17,PDCH标签99人,GLM-5.2,思考,4,04_全文_不规整_评分_清洗,全文,不规整,逐条评分,清洗,逐条评分,9,激越,Spearman,47,3,0.3269455012266301,0.02488971365956705,0.0553213523256603,0.5642183501558462,0.6595744680851063,0.44680851063829785,0.5531914893617021,14.553191489361701,正式
HAMD-17,PDCH标签99人,GLM-5.2,思考,4,04_全文_不规整_评分_清洗,全文,不规整,逐条评分,清洗,逐条评分,10,精神性焦虑,Spearman,47,4,0.5362687045675558,0.00010221239647844489,0.2645129989396776,0.7313281963481071,0.9148936170212766,0.3829787234042553,0.6170212765957447,14.553191489361701,正式
HAMD-17,PDCH标签99人,GLM-5.2,思考,4,04_全文_不规整_评分_清洗,全文,不规整,逐条评分,清洗,逐条评分,11,躯体性焦虑,Spearman,47,4,0.44604438203982966,0.0016758492597400984,0.15740729727211164,0.6444007208922001,1.3617021276595744,0.2127659574468085,0.7872340425531915,14.553191489361701,正式
HAMD-17,PDCH标签99人,GLM-5.2,思考,4,04_全文_不规整_评分_清洗,全文,不规整,逐条评分,清洗,逐条评分,12,胃肠道症状,Spearman,47,3,0.4286847609987406,0.0026435955399828587,0.15050813556667905,0.6487409530052826,0.44680851063829785,0.6170212765957447,0.3829787234042553,14.553191489361701,正式
HAMD-17,PDCH标签99人,GLM-5.2,思考,4,04_全文_不规整_评分_清洗,全文,不规整,逐条评分,清洗,逐条评分,13,全身症状,Spearman,47,3,0.5553867629560643,5.0761354276252544e-05,0.3189702916251818,0.746655949853336,0.7872340425531915,0.3404255319148936,0.6595744680851063,14.553191489361701,正式
HAMD-17,PDCH标签99人,GLM-5.2,思考,4,04_全文_不规整_评分_清洗,全文,不规整,逐条评分,清洗,逐条评分,14,性症状,Spearman,47,3,0.5503577931999187,6.127597277392947e-05,0.33662193682067565,0.7136472379494018,0.8936170212765957,0.40425531914893614,0.5957446808510638,14.553191489361701,正式
HAMD-17,PDCH标签99人,GLM-5.2,思考,4,04_全文_不规整_评分_清洗,全文,不规整,逐条评分,清洗,逐条评分,15,疑病,Spearman,47,3,0.0698872721854115,0.6406481081440503,-0.24106058183252366,0.3542344850157529,0.5531914893617021,0.574468085106383,0.425531914893617,14.553191489361701,正式
HAMD-17,PDCH标签99人,GLM-5.2,思考,4,04_全文_不规整_评分_清洗,全文,不规整,逐条评分,清洗,逐条评分,16,体重减轻,Spearman,47,3,0.21359790112283317,0.1494098081155194,-0.053847274143314035,0.4548054316322919,0.3617021276595745,0.7872340425531915,0.2127659574468085,14.553191489361701,正式
HAMD-17,PDCH标签99人,GLM-5.2,思考,4,04_全文_不规整_评分_清洗,全文,不规整,逐条评分,清洗,逐条评分,17,自知力,Spearman,47,3,-0.2712267789827077,0.06516816430889272,-0.5143614111462689,0.009379525708098923,0.23404255319148937,0.8085106382978723,0.19148936170212766,14.553191489361701,正式
HAMD-17,PDCH标签99人,GLM-5.2,思考,7,07_全文_规整_评分_不清洗,全文,规整,逐条评分,不清洗,逐条评分,1,抑郁情绪,Spearman,51,4,0.6002861222056679,3.2206398809589577e-06,0.4084640175769712,0.7612913220095849,1.411764705882353,0.2549019607843137,0.7450980392156863,14.529411764705882,正式
HAMD-17,PDCH标签99人,GLM-5.2,思考,7,07_全文_规整_评分_不清洗,全文,规整,逐条评分,不清洗,逐条评分,2,有罪感,Spearman,51,4,0.47785782277410127,0.00039079086973157985,0.23978545720524513,0.7046449706682139,0.8627450980392157,0.39215686274509803,0.6078431372549019,14.529411764705882,正式
HAMD-17,PDCH标签99人,GLM-5.2,思考,7,07_全文_规整_评分_不清洗,全文,规整,逐条评分,不清洗,逐条评分,3,自杀,Spearman,51,5,0.4884545579473912,0.0002763947830650708,0.27902986727458523,0.6709897216471604,1.1372549019607843,0.5882352941176471,0.4117647058823529,14.529411764705882,正式
HAMD-17,PDCH标签99人,GLM-5.2,思考,7,07_全文_规整_评分_不清洗,全文,规整,逐条评分,不清洗,逐条评分,4,入睡困难,Spearman,51,3,0.29314312031158773,0.03682784934292791,0.0658702072404951,0.5310819948687657,0.7254901960784313,0.49019607843137253,0.5098039215686274,14.529411764705882,正式
HAMD-17,PDCH标签99人,GLM-5.2,思考,7,07_全文_规整_评分_不清洗,全文,规整,逐条评分,不清洗,逐条评分,5,睡眠不深,Spearman,51,3,0.2494271638822266,0.07754317610775117,-0.008897823908053062,0.47466485568153866,0.7843137254901961,0.47058823529411764,0.5294117647058824,14.529411764705882,正式
HAMD-17,PDCH标签99人,GLM-5.2,思考,7,07_全文_规整_评分_不清洗,全文,规整,逐条评分,不清洗,逐条评分,6,早醒,Spearman,51,3,0.24162765205966677,0.08759899670316157,-0.022853616033857965,0.4724489185877115,0.6666666666666666,0.5294117647058824,0.47058823529411764,14.529411764705882,正式
HAMD-17,PDCH标签99人,GLM-5.2,思考,7,07_全文_规整_评分_不清洗,全文,规整,逐条评分,不清洗,逐条评分,7,工作和活动,Spearman,51,5,0.6998736963709974,1.0972144701310175e-08,0.5212057076635502,0.8405071577028049,1.9215686274509804,0.2549019607843137,0.7450980392156863,14.529411764705882,正式
HAMD-17,PDCH标签99人,GLM-5.2,思考,7,07_全文_规整_评分_不清洗,全文,规整,逐条评分,不清洗,逐条评分,8,迟滞,Spearman,51,3,0.5198056968108736,9.261598649281034e-05,0.31049766091018866,0.7088288507739556,0.7058823529411765,0.45098039215686275,0.5490196078431373,14.529411764705882,正式
HAMD-17,PDCH标签99人,GLM-5.2,思考,7,07_全文_规整_评分_不清洗,全文,规整,逐条评分,不清洗,逐条评分,9,激越,Spearman,51,3,0.5067554668048776,0.00014789482201485633,0.2887588027179241,0.6968794109581176,0.803921568627451,0.45098039215686275,0.5490196078431373,14.529411764705882,正式
HAMD-17,PDCH标签99人,GLM-5.2,思考,7,07_全文_规整_评分_不清洗,全文,规整,逐条评分,不清洗,逐条评分,10,精神性焦虑,Spearman,51,4,0.5779619858754467,8.945105885756865e-06,0.39259595430692457,0.7331489440282863,1.2352941176470589,0.3333333333333333,0.6666666666666666,14.529411764705882,正式
HAMD-17,PDCH标签99人,GLM-5.2,思考,7,07_全文_规整_评分_不清洗,全文,规整,逐条评分,不清洗,逐条评分,11,躯体性焦虑,Spearman,51,4,0.6469262036558999,2.9097034777689386e-07,0.4819331085482531,0.7798060096441274,1.4705882352941178,0.1568627450980392,0.8431372549019608,14.529411764705882,正式
HAMD-17,PDCH标签99人,GLM-5.2,思考,7,07_全文_规整_评分_不清洗,全文,规整,逐条评分,不清洗,逐条评分,12,胃肠道症状,Spearman,51,3,0.4789365045778765,0.0003774460810147568,0.26670968533568684,0.6578210069191349,0.6078431372549019,0.5294117647058824,0.47058823529411764,14.529411764705882,正式
HAMD-17,PDCH标签99人,GLM-5.2,思考,7,07_全文_规整_评分_不清洗,全文,规整,逐条评分,不清洗,逐条评分,13,全身症状,Spearman,51,3,0.5803773861277293,8.038193512641585e-06,0.37004515487493544,0.7493832180226181,0.7843137254901961,0.39215686274509803,0.6078431372549019,14.529411764705882,正式
HAMD-17,PDCH标签99人,GLM-5.2,思考,7,07_全文_规整_评分_不清洗,全文,规整,逐条评分,不清洗,逐条评分,14,性症状,Spearman,51,3,0.4053681893921824,0.0031677987396832425,0.15256271724408346,0.6245609127160061,0.8235294117647058,0.35294117647058826,0.6470588235294118,14.529411764705882,正式
HAMD-17,PDCH标签99人,GLM-5.2,思考,7,07_全文_规整_评分_不清洗,全文,规整,逐条评分,不清洗,逐条评分,15,疑病,Spearman,51,3,-0.12578585282179824,0.3791185670142276,-0.39100118860129,0.13708951966316638,0.43137254901960786,0.6274509803921569,0.37254901960784315,14.529411764705882,正式
HAMD-17,PDCH标签99人,GLM-5.2,思考,7,07_全文_规整_评分_不清洗,全文,规整,逐条评分,不清洗,逐条评分,16,体重减轻,Spearman,51,3,0.3363042706279656,0.015826420669657122,0.10033373719108823,0.5603610506979928,0.5686274509803921,0.6470588235294118,0.35294117647058826,14.529411764705882,正式
HAMD-17,PDCH标签99人,GLM-5.2,思考,7,07_全文_规整_评分_不清洗,全文,规整,逐条评分,不清洗,逐条评分,17,自知力,Spearman,51,3,-0.09492302656141086,0.5076002370527528,-0.3918685522842902,0.23387019864034705,0.23529411764705882,0.7843137254901961,0.21568627450980393,14.529411764705882,正式
HAMD-17,PDCH标签99人,GLM-5.2,思考,8,08_全文_规整_评分_清洗,全文,规整,逐条评分,清洗,逐条评分,1,抑郁情绪,Spearman,46,4,0.5780238074233539,2.5909179037023304e-05,0.37262496291647995,0.7377310885610084,1.5217391304347827,0.2391304347826087,0.7608695652173914,14.369565217391305,正式
HAMD-17,PDCH标签99人,GLM-5.2,思考,8,08_全文_规整_评分_清洗,全文,规整,逐条评分,清洗,逐条评分,2,有罪感,Spearman,46,4,0.3826858361732441,0.008669404751704586,0.12187576780588212,0.610435610609699,0.8260869565217391,0.391304347826087,0.6086956521739131,14.369565217391305,正式
HAMD-17,PDCH标签99人,GLM-5.2,思考,8,08_全文_规整_评分_清洗,全文,规整,逐条评分,清洗,逐条评分,3,自杀,Spearman,46,5,0.5132960605663683,0.0002643510022343682,0.3077206153793249,0.687966891967355,1.2173913043478262,0.5434782608695652,0.45652173913043476,14.369565217391305,正式
HAMD-17,PDCH标签99人,GLM-5.2,思考,8,08_全文_规整_评分_清洗,全文,规整,逐条评分,清洗,逐条评分,4,入睡困难,Spearman,46,3,0.4296535636217748,0.0028834882584839005,0.16704116691956267,0.6474174903284359,0.5217391304347826,0.6086956521739131,0.391304347826087,14.369565217391305,正式
HAMD-17,PDCH标签99人,GLM-5.2,思考,8,08_全文_规整_评分_清洗,全文,规整,逐条评分,清洗,逐条评分,5,睡眠不深,Spearman,46,3,0.33592790749207757,0.022462971841793505,0.06293014221239733,0.5842854592517561,0.6956521739130435,0.5434782608695652,0.45652173913043476,14.369565217391305,正式
HAMD-17,PDCH标签99人,GLM-5.2,思考,8,08_全文_规整_评分_清洗,全文,规整,逐条评分,清洗,逐条评分,6,早醒,Spearman,46,3,0.14003612158018877,0.353294587871504,-0.16421675548442072,0.4123357851772578,0.45652173913043476,0.6739130434782609,0.32608695652173914,14.369565217391305,正式
HAMD-17,PDCH标签99人,GLM-5.2,思考,8,08_全文_规整_评分_清洗,全文,规整,逐条评分,清洗,逐条评分,7,工作和活动,Spearman,46,5,0.6673569031012533,4.078152554217249e-07,0.4579181574255371,0.808177467761348,2.0652173913043477,0.1956521739130435,0.8043478260869565,14.369565217391305,正式
HAMD-17,PDCH标签99人,GLM-5.2,思考,8,08_全文_规整_评分_清洗,全文,规整,逐条评分,清洗,逐条评分,8,迟滞,Spearman,46,3,0.422682304849964,0.003429159059994803,0.19011765993366794,0.6183377943521733,0.7391304347826086,0.5,0.5,14.369565217391305,正式
HAMD-17,PDCH标签99人,GLM-5.2,思考,8,08_全文_规整_评分_清洗,全文,规整,逐条评分,清洗,逐条评分,9,激越,Spearman,46,4,0.24953059965772761,0.0944465187142158,-0.04749345787331943,0.5127000749322848,0.6739130434782609,0.5434782608695652,0.45652173913043476,14.369565217391305,正式
HAMD-17,PDCH标签99人,GLM-5.2,思考,8,08_全文_规整_评分_清洗,全文,规整,逐条评分,清洗,逐条评分,10,精神性焦虑,Spearman,46,4,0.5335746639983111,0.00013429242608688327,0.31003036306039794,0.7185526750182966,0.9565217391304348,0.43478260869565216,0.5652173913043478,14.369565217391305,正式
HAMD-17,PDCH标签99人,GLM-5.2,思考,8,08_全文_规整_评分_清洗,全文,规整,逐条评分,清洗,逐条评分,11,躯体性焦虑,Spearman,46,5,0.6143476464963487,5.586707916846949e-06,0.428275671405958,0.7783515119735723,1.434782608695652,0.1956521739130435,0.8043478260869565,14.369565217391305,正式
HAMD-17,PDCH标签99人,GLM-5.2,思考,8,08_全文_规整_评分_清洗,全文,规整,逐条评分,清洗,逐条评分,12,胃肠道症状,Spearman,46,3,0.6032810815724925,9.095889369353733e-06,0.40009870120557667,0.7556154242281048,0.6086956521739131,0.5434782608695652,0.45652173913043476,14.369565217391305,正式
HAMD-17,PDCH标签99人,GLM-5.2,思考,8,08_全文_规整_评分_清洗,全文,规整,逐条评分,清洗,逐条评分,13,全身症状,Spearman,46,3,0.6723081217115815,3.108696279977711e-07,0.47049501775000174,0.8167758245635229,0.8043478260869565,0.391304347826087,0.6086956521739131,14.369565217391305,正式
HAMD-17,PDCH标签99人,GLM-5.2,思考,8,08_全文_规整_评分_清洗,全文,规整,逐条评分,清洗,逐条评分,14,性症状,Spearman,46,3,0.4881826428919422,0.0005778694365136307,0.1982394636484487,0.7079990846216982,0.8478260869565217,0.34782608695652173,0.6521739130434783,14.369565217391305,正式
HAMD-17,PDCH标签99人,GLM-5.2,思考,8,08_全文_规整_评分_清洗,全文,规整,逐条评分,清洗,逐条评分,15,疑病,Spearman,46,3,0.10280064730983816,0.4966029998685217,-0.16521421523197596,0.3671282730754295,0.5434782608695652,0.5869565217391305,0.41304347826086957,14.369565217391305,正式
HAMD-17,PDCH标签99人,GLM-5.2,思考,8,08_全文_规整_评分_清洗,全文,规整,逐条评分,清洗,逐条评分,16,体重减轻,Spearman,46,3,0.3738644577613992,0.010483852724848414,0.1234114685076228,0.5970191318904,0.4782608695652174,0.6956521739130435,0.30434782608695654,14.369565217391305,正式
HAMD-17,PDCH标签99人,GLM-5.2,思考,8,08_全文_规整_评分_清洗,全文,规整,逐条评分,清洗,逐条评分,17,自知力,Spearman,46,3,-0.1106010005808826,0.4643285704184903,-0.45318924125575794,0.2727529036361974,0.21739130434782608,0.8043478260869565,0.1956521739130435,14.369565217391305,正式
HAMD-17,PDCH标签99人,GLM-5.2,思考,11,11_事件序列_不规整_评分_不清洗,事件序列,不规整,逐条评分,不清洗,逐条评分,1,抑郁情绪,Spearman,54,4,0.6344916138908373,2.579120552154238e-07,0.41265096223235725,0.7963476021409586,1.3333333333333333,0.18518518518518517,0.8148148148148148,15.074074074074074,正式
HAMD-17,PDCH标签99人,GLM-5.2,思考,11,11_事件序列_不规整_评分_不清洗,事件序列,不规整,逐条评分,不清洗,逐条评分,2,有罪感,Spearman,54,3,0.3103898710321514,0.022356330526230782,0.06982056869742574,0.5514771650937463,0.9074074074074074,0.25925925925925924,0.7407407407407407,15.074074074074074,正式
HAMD-17,PDCH标签99人,GLM-5.2,思考,11,11_事件序列_不规整_评分_不清洗,事件序列,不规整,逐条评分,不清洗,逐条评分,3,自杀,Spearman,54,5,0.46562780479604243,0.0003881072368326331,0.2369011192449614,0.6543911577287117,1.0185185185185186,0.5740740740740741,0.42592592592592593,15.074074074074074,正式
HAMD-17,PDCH标签99人,GLM-5.2,思考,11,11_事件序列_不规整_评分_不清洗,事件序列,不规整,逐条评分,不清洗,逐条评分,4,入睡困难,Spearman,54,3,0.46728489438953635,0.0003675380789889365,0.25080320583844984,0.6497740161732323,0.5740740740740741,0.5185185185185185,0.48148148148148145,15.074074074074074,正式
HAMD-17,PDCH标签99人,GLM-5.2,思考,11,11_事件序列_不规整_评分_不清洗,事件序列,不规整,逐条评分,不清洗,逐条评分,5,睡眠不深,Spearman,54,3,0.28349339470416,0.037771533363030754,0.019651407280726032,0.530084107120882,0.7962962962962963,0.42592592592592593,0.5740740740740741,15.074074074074074,正式
HAMD-17,PDCH标签99人,GLM-5.2,思考,11,11_事件序列_不规整_评分_不清洗,事件序列,不规整,逐条评分,不清洗,逐条评分,6,早醒,Spearman,54,3,0.17985957252899018,0.19311854194134145,-0.09139922959075515,0.4096473554538792,0.5370370370370371,0.6296296296296297,0.37037037037037035,15.074074074074074,正式
HAMD-17,PDCH标签99人,GLM-5.2,思考,11,11_事件序列_不规整_评分_不清洗,事件序列,不规整,逐条评分,不清洗,逐条评分,7,工作和活动,Spearman,54,5,0.6831384376297767,1.2597980512313209e-08,0.5309252651158488,0.8160967233115004,2.111111111111111,0.14814814814814814,0.8518518518518519,15.074074074074074,正式
HAMD-17,PDCH标签99人,GLM-5.2,思考,11,11_事件序列_不规整_评分_不清洗,事件序列,不规整,逐条评分,不清洗,逐条评分,8,迟滞,Spearman,54,3,0.5552715152720337,1.312973483593096e-05,0.33895732224025465,0.7496447711461904,0.6296296296296297,0.5185185185185185,0.48148148148148145,15.074074074074074,正式
HAMD-17,PDCH标签99人,GLM-5.2,思考,11,11_事件序列_不规整_评分_不清洗,事件序列,不规整,逐条评分,不清洗,逐条评分,9,激越,Spearman,54,3,0.3802207220157664,0.004567884400306621,0.12541230494035152,0.6078566109645878,0.6111111111111112,0.46296296296296297,0.5370370370370371,15.074074074074074,正式
HAMD-17,PDCH标签99人,GLM-5.2,思考,11,11_事件序列_不规整_评分_不清洗,事件序列,不规整,逐条评分,不清洗,逐条评分,10,精神性焦虑,Spearman,54,4,0.556769104100743,1.2302239063236023e-05,0.38161213577927616,0.7095428468786787,1.1296296296296295,0.25925925925925924,0.7407407407407407,15.074074074074074,正式
HAMD-17,PDCH标签99人,GLM-5.2,思考,11,11_事件序列_不规整_评分_不清洗,事件序列,不规整,逐条评分,不清洗,逐条评分,11,躯体性焦虑,Spearman,54,4,0.5296940926942094,3.808582433380145e-05,0.2834221358983592,0.7185081249666788,1.4814814814814814,0.16666666666666666,0.8333333333333334,15.074074074074074,正式
HAMD-17,PDCH标签99人,GLM-5.2,思考,11,11_事件序列_不规整_评分_不清洗,事件序列,不规整,逐条评分,不清洗,逐条评分,12,胃肠道症状,Spearman,54,3,0.5729647158249483,5.960750135651897e-06,0.380316630853347,0.7419041116761966,0.48148148148148145,0.5555555555555556,0.4444444444444444,15.074074074074074,正式
HAMD-17,PDCH标签99人,GLM-5.2,思考,11,11_事件序列_不规整_评分_不清洗,事件序列,不规整,逐条评分,不清洗,逐条评分,13,全身症状,Spearman,54,3,0.6772640221703259,1.8694905174900567e-08,0.507858510940299,0.814413077385815,0.8333333333333334,0.2962962962962963,0.7037037037037037,15.074074074074074,正式
HAMD-17,PDCH标签99人,GLM-5.2,思考,11,11_事件序列_不规整_评分_不清洗,事件序列,不规整,逐条评分,不清洗,逐条评分,14,性症状,Spearman,54,3,0.38291252017220195,0.004266187859548927,0.13313709866705944,0.5991501393247793,0.9444444444444444,0.3148148148148148,0.6851851851851852,15.074074074074074,正式
HAMD-17,PDCH标签99人,GLM-5.2,思考,11,11_事件序列_不规整_评分_不清洗,事件序列,不规整,逐条评分,不清洗,逐条评分,15,疑病,Spearman,54,3,0.023023016820370317,0.868749528291634,-0.23821981920058835,0.28985807491709625,0.6481481481481481,0.48148148148148145,0.5185185185185185,15.074074074074074,正式
HAMD-17,PDCH标签99人,GLM-5.2,思考,11,11_事件序列_不规整_评分_不清洗,事件序列,不规整,逐条评分,不清洗,逐条评分,16,体重减轻,Spearman,54,3,0.23689725799867353,0.08457358928878407,-0.004346353759648314,0.4684008105032586,0.37037037037037035,0.7592592592592593,0.24074074074074073,15.074074074074074,正式
HAMD-17,PDCH标签99人,GLM-5.2,思考,11,11_事件序列_不规整_评分_不清洗,事件序列,不规整,逐条评分,不清洗,逐条评分,17,自知力,Spearman,54,3,-0.010004549769844943,0.9427613575006523,-0.32102700788294214,0.2850937760765096,0.2777777777777778,0.7592592592592593,0.24074074074074073,15.074074074074074,正式
HAMD-17,PDCH标签99人,GLM-5.2,思考,12,12_事件序列_不规整_评分_清洗,事件序列,不规整,逐条评分,清洗,逐条评分,1,抑郁情绪,Spearman,43,5,0.5165898202902246,0.0003904815829058621,0.23051838487511012,0.7197103366252614,1.5348837209302326,0.16279069767441862,0.8372093023255814,16.069767441860463,正式
HAMD-17,PDCH标签99人,GLM-5.2,思考,12,12_事件序列_不规整_评分_清洗,事件序列,不规整,逐条评分,清洗,逐条评分,2,有罪感,Spearman,43,4,0.5522626606202855,0.00012327338126818328,0.3511176930487872,0.7227501613534242,1.0232558139534884,0.2558139534883721,0.7441860465116279,16.069767441860463,正式
HAMD-17,PDCH标签99人,GLM-5.2,思考,12,12_事件序列_不规整_评分_清洗,事件序列,不规整,逐条评分,清洗,逐条评分,3,自杀,Spearman,43,5,0.31795450634778205,0.03772871540267745,0.04802373050032635,0.5525597436079787,1.3488372093023255,0.5116279069767442,0.4883720930232558,16.069767441860463,正式
HAMD-17,PDCH标签99人,GLM-5.2,思考,12,12_事件序列_不规整_评分_清洗,事件序列,不规整,逐条评分,清洗,逐条评分,4,入睡困难,Spearman,43,3,0.4868237577842625,0.0009315618941450697,0.24245401501328775,0.6875840090022136,0.7906976744186046,0.37209302325581395,0.627906976744186,16.069767441860463,正式
HAMD-17,PDCH标签99人,GLM-5.2,思考,12,12_事件序列_不规整_评分_清洗,事件序列,不规整,逐条评分,清洗,逐条评分,5,睡眠不深,Spearman,43,3,-0.05283048050511291,0.7365244856745318,-0.3464166157395245,0.23835002669604566,0.9069767441860465,0.37209302325581395,0.627906976744186,16.069767441860463,正式
HAMD-17,PDCH标签99人,GLM-5.2,思考,12,12_事件序列_不规整_评分_清洗,事件序列,不规整,逐条评分,清洗,逐条评分,6,早醒,Spearman,43,3,0.25123734380929175,0.10413863410388334,-0.058268237159853346,0.5325518967206819,0.6511627906976745,0.6046511627906976,0.3953488372093023,16.069767441860463,正式
HAMD-17,PDCH标签99人,GLM-5.2,思考,12,12_事件序列_不规整_评分_清洗,事件序列,不规整,逐条评分,清洗,逐条评分,7,工作和活动,Spearman,43,5,0.6459072055979417,2.9025780541220153e-06,0.43171490312398525,0.8144204989925823,2.0697674418604652,0.16279069767441862,0.8372093023255814,16.069767441860463,正式
HAMD-17,PDCH标签99人,GLM-5.2,思考,12,12_事件序列_不规整_评分_清洗,事件序列,不规整,逐条评分,清洗,逐条评分,8,迟滞,Spearman,43,3,0.46770233417682033,0.0015646405464499627,0.1630168794945699,0.7037051672929688,0.627906976744186,0.5116279069767442,0.4883720930232558,16.069767441860463,正式
HAMD-17,PDCH标签99人,GLM-5.2,思考,12,12_事件序列_不规整_评分_清洗,事件序列,不规整,逐条评分,清洗,逐条评分,9,激越,Spearman,43,3,0.310672104599561,0.04259464546752588,0.0350746926507777,0.5503974992139208,0.6511627906976745,0.46511627906976744,0.5348837209302325,16.069767441860463,正式
HAMD-17,PDCH标签99人,GLM-5.2,思考,12,12_事件序列_不规整_评分_清洗,事件序列,不规整,逐条评分,清洗,逐条评分,10,精神性焦虑,Spearman,43,4,0.44609433652609054,0.002715408558909092,0.1893868096055743,0.6719661998544415,1.1627906976744187,0.27906976744186046,0.7209302325581395,16.069767441860463,正式
HAMD-17,PDCH标签99人,GLM-5.2,思考,12,12_事件序列_不规整_评分_清洗,事件序列,不规整,逐条评分,清洗,逐条评分,11,躯体性焦虑,Spearman,43,4,0.5073748800377776,0.0005154545319289842,0.23198796065444635,0.7162257021361086,1.5813953488372092,0.13953488372093023,0.8604651162790697,16.069767441860463,正式
HAMD-17,PDCH标签99人,GLM-5.2,思考,12,12_事件序列_不规整_评分_清洗,事件序列,不规整,逐条评分,清洗,逐条评分,12,胃肠道症状,Spearman,43,3,0.5842023978981337,3.9064784627301266e-05,0.34459325522338496,0.7566810282715501,0.6046511627906976,0.4883720930232558,0.5116279069767442,16.069767441860463,正式
HAMD-17,PDCH标签99人,GLM-5.2,思考,12,12_事件序列_不规整_评分_清洗,事件序列,不规整,逐条评分,清洗,逐条评分,13,全身症状,Spearman,43,3,0.6910271603121794,2.906747645661517e-07,0.5092057354990573,0.8392492950438705,0.8837209302325582,0.32558139534883723,0.6744186046511628,16.069767441860463,正式
HAMD-17,PDCH标签99人,GLM-5.2,思考,12,12_事件序列_不规整_评分_清洗,事件序列,不规整,逐条评分,清洗,逐条评分,14,性症状,Spearman,43,3,0.3464537675133622,0.022852039943219295,0.044584374502237775,0.5997554075021894,0.9302325581395349,0.3488372093023256,0.6511627906976745,16.069767441860463,正式
HAMD-17,PDCH标签99人,GLM-5.2,思考,12,12_事件序列_不规整_评分_清洗,事件序列,不规整,逐条评分,清洗,逐条评分,15,疑病,Spearman,43,3,0.04327347511107952,0.7829086781611336,-0.2620082590473793,0.3300687618124896,0.6511627906976745,0.5116279069767442,0.4883720930232558,16.069767441860463,正式
HAMD-17,PDCH标签99人,GLM-5.2,思考,12,12_事件序列_不规整_评分_清洗,事件序列,不规整,逐条评分,清洗,逐条评分,16,体重减轻,Spearman,43,3,0.3730334784461429,0.013750459191182963,0.11032408660181754,0.5879369287056105,0.4186046511627907,0.7209302325581395,0.27906976744186046,16.069767441860463,正式
HAMD-17,PDCH标签99人,GLM-5.2,思考,12,12_事件序列_不规整_评分_清洗,事件序列,不规整,逐条评分,清洗,逐条评分,17,自知力,Spearman,43,3,0.08231159346753754,0.5997638599776205,-0.26880785492940473,0.4179936407202623,0.32558139534883723,0.7209302325581395,0.27906976744186046,16.069767441860463,正式
HAMD-17,PDCH标签99人,GLM-5.2,思考,15,15_事件序列_规整_评分_不清洗,事件序列,规整,逐条评分,不清洗,逐条评分,1,抑郁情绪,Spearman,52,4,0.5609693194839281,1.5203048600021604e-05,0.36148411447650464,0.7421245757237238,1.2884615384615385,0.2692307692307692,0.7307692307692307,14.846153846153847,正式
HAMD-17,PDCH标签99人,GLM-5.2,思考,15,15_事件序列_规整_评分_不清洗,事件序列,规整,逐条评分,不清洗,逐条评分,2,有罪感,Spearman,52,4,0.32468288601544887,0.018853122197554466,0.05706195241219817,0.5699022591930687,1.0,0.28846153846153844,0.7115384615384616,14.846153846153847,正式
HAMD-17,PDCH标签99人,GLM-5.2,思考,15,15_事件序列_规整_评分_不清洗,事件序列,规整,逐条评分,不清洗,逐条评分,3,自杀,Spearman,52,5,0.5452379015746608,2.9190560797024968e-05,0.3367013644304948,0.708310920020679,0.8076923076923077,0.6538461538461539,0.34615384615384615,14.846153846153847,正式
HAMD-17,PDCH标签99人,GLM-5.2,思考,15,15_事件序列_规整_评分_不清洗,事件序列,规整,逐条评分,不清洗,逐条评分,4,入睡困难,Spearman,52,3,0.36475515742899295,0.007845917536404054,0.11814366789180573,0.5875479116042241,0.5,0.5961538461538461,0.40384615384615385,14.846153846153847,正式
HAMD-17,PDCH标签99人,GLM-5.2,思考,15,15_事件序列_规整_评分_不清洗,事件序列,规整,逐条评分,不清洗,逐条评分,5,睡眠不深,Spearman,52,3,0.212635651518087,0.13017048334388057,-0.03631567298097216,0.4410548800999344,0.8461538461538461,0.38461538461538464,0.6153846153846154,14.846153846153847,正式
HAMD-17,PDCH标签99人,GLM-5.2,思考,15,15_事件序列_规整_评分_不清洗,事件序列,规整,逐条评分,不清洗,逐条评分,6,早醒,Spearman,52,3,0.20808469938859178,0.1387928268877828,-0.08367541646518016,0.4524757894438855,0.6153846153846154,0.5961538461538461,0.40384615384615385,14.846153846153847,正式
HAMD-17,PDCH标签99人,GLM-5.2,思考,15,15_事件序列_规整_评分_不清洗,事件序列,规整,逐条评分,不清洗,逐条评分,7,工作和活动,Spearman,52,5,0.7151824770127337,2.5712234736777245e-09,0.5234948161472252,0.8655574203517429,2.173076923076923,0.19230769230769232,0.8076923076923077,14.846153846153847,正式
HAMD-17,PDCH标签99人,GLM-5.2,思考,15,15_事件序列_规整_评分_不清洗,事件序列,规整,逐条评分,不清洗,逐条评分,8,迟滞,Spearman,52,3,0.4719622376292115,0.00041202873633611794,0.21861168035445788,0.6799477240391258,0.7692307692307693,0.40384615384615385,0.5961538461538461,14.846153846153847,正式
HAMD-17,PDCH标签99人,GLM-5.2,思考,15,15_事件序列_规整_评分_不清洗,事件序列,规整,逐条评分,不清洗,逐条评分,9,激越,Spearman,52,4,0.40107823842251467,0.0032116679056005534,0.11674017187363207,0.6235207402047863,0.7307692307692307,0.46153846153846156,0.5384615384615384,14.846153846153847,正式
HAMD-17,PDCH标签99人,GLM-5.2,思考,15,15_事件序列_规整_评分_不清洗,事件序列,规整,逐条评分,不清洗,逐条评分,10,精神性焦虑,Spearman,52,4,0.4610711665259956,0.000581721765477225,0.21873822438922028,0.6594952561560704,1.1730769230769231,0.3076923076923077,0.6923076923076923,14.846153846153847,正式
HAMD-17,PDCH标签99人,GLM-5.2,思考,15,15_事件序列_规整_评分_不清洗,事件序列,规整,逐条评分,不清洗,逐条评分,11,躯体性焦虑,Spearman,52,5,0.5202173940569651,7.720239220992438e-05,0.31286353010686835,0.6968515230010279,1.5769230769230769,0.15384615384615385,0.8461538461538461,14.846153846153847,正式
HAMD-17,PDCH标签99人,GLM-5.2,思考,15,15_事件序列_规整_评分_不清洗,事件序列,规整,逐条评分,不清洗,逐条评分,12,胃肠道症状,Spearman,52,3,0.3943303557582137,0.0038200574832052687,0.1634677626198394,0.6066491722715484,0.5961538461538461,0.5576923076923077,0.4423076923076923,14.846153846153847,正式
HAMD-17,PDCH标签99人,GLM-5.2,思考,15,15_事件序列_规整_评分_不清洗,事件序列,规整,逐条评分,不清洗,逐条评分,13,全身症状,Spearman,52,3,0.670651731708149,5.341004019449351e-08,0.4603315171889728,0.809761595525591,0.9230769230769231,0.34615384615384615,0.6538461538461539,14.846153846153847,正式
HAMD-17,PDCH标签99人,GLM-5.2,思考,15,15_事件序列_规整_评分_不清洗,事件序列,规整,逐条评分,不清洗,逐条评分,14,性症状,Spearman,52,3,0.45022598590130297,0.000811006712017439,0.21976725185836607,0.6624699539443831,0.9038461538461539,0.38461538461538464,0.6153846153846154,14.846153846153847,正式
HAMD-17,PDCH标签99人,GLM-5.2,思考,15,15_事件序列_规整_评分_不清洗,事件序列,规整,逐条评分,不清洗,逐条评分,15,疑病,Spearman,52,3,0.05509945054453018,0.698042601161987,-0.2509054706401839,0.3149090219336737,0.7692307692307693,0.46153846153846156,0.5384615384615384,14.846153846153847,正式
HAMD-17,PDCH标签99人,GLM-5.2,思考,15,15_事件序列_规整_评分_不清洗,事件序列,规整,逐条评分,不清洗,逐条评分,16,体重减轻,Spearman,52,3,0.16962246796092817,0.22929931406337853,-0.14349545719434662,0.4381175706459318,0.5576923076923077,0.6538461538461539,0.34615384615384615,14.846153846153847,正式
HAMD-17,PDCH标签99人,GLM-5.2,思考,15,15_事件序列_规整_评分_不清洗,事件序列,规整,逐条评分,不清洗,逐条评分,17,自知力,Spearman,52,3,-0.2523283198068993,0.07112799493020762,-0.540465374690805,0.05079473862735809,0.3269230769230769,0.7307692307692307,0.2692307692307692,14.846153846153847,正式
HAMD-17,PDCH标签99人,GLM-5.2,思考,16,16_事件序列_规整_评分_清洗,事件序列,规整,逐条评分,清洗,逐条评分,1,抑郁情绪,Spearman,51,4,0.621223263700828,1.1488349400885658e-06,0.4035706510449083,0.7961597801563016,1.2745098039215685,0.27450980392156865,0.7254901960784313,14.117647058823529,正式
HAMD-17,PDCH标签99人,GLM-5.2,思考,16,16_事件序列_规整_评分_清洗,事件序列,规整,逐条评分,清洗,逐条评分,2,有罪感,Spearman,51,3,0.5446891055009028,3.5918235955020155e-05,0.3552534692076322,0.7135924148368937,1.0196078431372548,0.29411764705882354,0.7058823529411765,14.117647058823529,正式
HAMD-17,PDCH标签99人,GLM-5.2,思考,16,16_事件序列_规整_评分_清洗,事件序列,规整,逐条评分,清洗,逐条评分,3,自杀,Spearman,51,5,0.36671431654739545,0.008124564062729114,0.14624900092347198,0.5780845444902024,0.7058823529411765,0.6862745098039216,0.3137254901960784,14.117647058823529,正式
HAMD-17,PDCH标签99人,GLM-5.2,思考,16,16_事件序列_规整_评分_清洗,事件序列,规整,逐条评分,清洗,逐条评分,4,入睡困难,Spearman,51,3,0.43992562716602246,0.0012367963986340896,0.17054687388887974,0.6482459532394285,0.37254901960784315,0.6666666666666666,0.3333333333333333,14.117647058823529,正式
HAMD-17,PDCH标签99人,GLM-5.2,思考,16,16_事件序列_规整_评分_清洗,事件序列,规整,逐条评分,清洗,逐条评分,5,睡眠不深,Spearman,51,3,0.1678036614113911,0.2391885694264032,-0.08726283249163318,0.3988134106692017,0.803921568627451,0.49019607843137253,0.5098039215686274,14.117647058823529,正式
HAMD-17,PDCH标签99人,GLM-5.2,思考,16,16_事件序列_规整_评分_清洗,事件序列,规整,逐条评分,清洗,逐条评分,6,早醒,Spearman,51,3,0.0369053573743025,0.7970933698183088,-0.24059170471968833,0.309626071357572,0.5490196078431373,0.6078431372549019,0.39215686274509803,14.117647058823529,正式
HAMD-17,PDCH标签99人,GLM-5.2,思考,16,16_事件序列_规整_评分_清洗,事件序列,规整,逐条评分,清洗,逐条评分,7,工作和活动,Spearman,51,5,0.4541427127599348,0.0008155947345963411,0.19881677684279808,0.6605533596306523,2.235294117647059,0.1568627450980392,0.8431372549019608,14.117647058823529,正式
HAMD-17,PDCH标签99人,GLM-5.2,思考,16,16_事件序列_规整_评分_清洗,事件序列,规整,逐条评分,清洗,逐条评分,8,迟滞,Spearman,51,3,0.5644916021719173,1.599062757679696e-05,0.36506414092734807,0.7511604159984336,0.9411764705882353,0.37254901960784315,0.6274509803921569,14.117647058823529,正式
HAMD-17,PDCH标签99人,GLM-5.2,思考,16,16_事件序列_规整_评分_清洗,事件序列,规整,逐条评分,清洗,逐条评分,9,激越,Spearman,51,4,0.49887400805055,0.0001944417461213907,0.25055308719302294,0.6930068771086204,0.7254901960784313,0.49019607843137253,0.5098039215686274,14.117647058823529,正式
HAMD-17,PDCH标签99人,GLM-5.2,思考,16,16_事件序列_规整_评分_清洗,事件序列,规整,逐条评分,清洗,逐条评分,10,精神性焦虑,Spearman,51,4,0.5981418083285943,3.564600430365713e-06,0.37561478041484114,0.7756772401761061,1.0392156862745099,0.3333333333333333,0.6666666666666666,14.117647058823529,正式
HAMD-17,PDCH标签99人,GLM-5.2,思考,16,16_事件序列_规整_评分_清洗,事件序列,规整,逐条评分,清洗,逐条评分,11,躯体性焦虑,Spearman,51,4,0.5980158692921826,3.585825619015544e-06,0.4151314329402676,0.7493314120489436,1.392156862745098,0.23529411764705882,0.7647058823529411,14.117647058823529,正式
HAMD-17,PDCH标签99人,GLM-5.2,思考,16,16_事件序列_规整_评分_清洗,事件序列,规整,逐条评分,清洗,逐条评分,12,胃肠道症状,Spearman,51,3,0.42680023405807493,0.001788449483352122,0.2106010132679746,0.6102599171569865,0.5098039215686274,0.6078431372549019,0.39215686274509803,14.117647058823529,正式
HAMD-17,PDCH标签99人,GLM-5.2,思考,16,16_事件序列_规整_评分_清洗,事件序列,规整,逐条评分,清洗,逐条评分,13,全身症状,Spearman,51,3,0.6104948562186803,1.966424523723213e-06,0.427912072025294,0.7669755875694436,0.8823529411764706,0.3333333333333333,0.6666666666666666,14.117647058823529,正式
HAMD-17,PDCH标签99人,GLM-5.2,思考,16,16_事件序列_规整_评分_清洗,事件序列,规整,逐条评分,清洗,逐条评分,14,性症状,Spearman,51,3,0.3153816581009755,0.02417655638311241,0.03847279440049937,0.5470441681602735,0.9019607843137255,0.37254901960784315,0.6274509803921569,14.117647058823529,正式
HAMD-17,PDCH标签99人,GLM-5.2,思考,16,16_事件序列_规整_评分_清洗,事件序列,规整,逐条评分,清洗,逐条评分,15,疑病,Spearman,51,3,0.242064738839386,0.08700977192916619,-0.028978715966368113,0.4982237716642192,0.8235294117647058,0.39215686274509803,0.6078431372549019,14.117647058823529,正式
HAMD-17,PDCH标签99人,GLM-5.2,思考,16,16_事件序列_规整_评分_清洗,事件序列,规整,逐条评分,清洗,逐条评分,16,体重减轻,Spearman,51,3,0.1824439807584909,0.20005460617682394,-0.09290914299236695,0.43374802069985563,0.39215686274509803,0.7450980392156863,0.2549019607843137,14.117647058823529,正式
HAMD-17,PDCH标签99人,GLM-5.2,思考,16,16_事件序列_规整_评分_清洗,事件序列,规整,逐条评分,清洗,逐条评分,17,自知力,Spearman,51,3,-0.4962321788974228,0.0002128044917196128,-0.682642140553483,-0.26284801880292563,0.37254901960784315,0.7450980392156863,0.2549019607843137,14.117647058823529,正式
HAMD-17,PDCH标签99人,Kimi-K2.6,不思考,3,03_全文_不规整_评分_不清洗,全文,不规整,逐条评分,不清洗,逐条评分,1,抑郁情绪,Spearman,10,5,0.722534950172923,0.01825533321535106,0.24109697601731706,0.9308916529962142,2.0,0.1,0.9,15.7,不可估计
HAMD-17,PDCH标签99人,Kimi-K2.6,不思考,3,03_全文_不规整_评分_不清洗,全文,不规整,逐条评分,不清洗,逐条评分,2,有罪感,Spearman,10,4,0.5036856033200372,0.1377370670058763,-0.17450856954206737,0.8708140169393445,1.1,0.4,0.6,15.7,不可估计
HAMD-17,PDCH标签99人,Kimi-K2.6,不思考,3,03_全文_不规整_评分_不清洗,全文,不规整,逐条评分,不清洗,逐条评分,3,自杀,Spearman,10,4,0.1512503386338759,0.6766055343710159,-0.5957045737558638,0.7162268942993387,1.0,0.5,0.5,15.7,不可估计
HAMD-17,PDCH标签99人,Kimi-K2.6,不思考,3,03_全文_不规整_评分_不清洗,全文,不规整,逐条评分,不清洗,逐条评分,4,入睡困难,Spearman,10,3,-0.07259500563541252,0.8420326720623377,-0.6330574838738982,0.56199792984042,0.7,0.5,0.5,15.7,不可估计
HAMD-17,PDCH标签99人,Kimi-K2.6,不思考,3,03_全文_不规整_评分_不清洗,全文,不规整,逐条评分,不清洗,逐条评分,5,睡眠不深,Spearman,10,3,0.2330438306903696,0.5170121614981016,-0.3906907914366169,0.8434443738723106,0.5,0.6,0.4,15.7,不可估计
HAMD-17,PDCH标签99人,Kimi-K2.6,不思考,3,03_全文_不规整_评分_不清洗,全文,不规整,逐条评分,不清洗,逐条评分,6,早醒,Spearman,10,2,-0.2619113609135918,0.464779394579867,-0.7263387741299465,0.2548380979610699,0.2,0.8,0.2,15.7,不可估计
HAMD-17,PDCH标签99人,Kimi-K2.6,不思考,3,03_全文_不规整_评分_不清洗,全文,不规整,逐条评分,不清洗,逐条评分,7,工作和活动,Spearman,10,4,0.6115774562152373,0.060263433069961625,-0.07889531324906594,0.9546510813448099,2.3,0.1,0.9,15.7,不可估计
HAMD-17,PDCH标签99人,Kimi-K2.6,不思考,3,03_全文_不规整_评分_不清洗,全文,不规整,逐条评分,不清洗,逐条评分,8,迟滞,Spearman,10,3,0.46852128566581824,0.1720032919519112,-0.18349172556801394,0.8785307464935683,1.0,0.4,0.6,15.7,不可估计
HAMD-17,PDCH标签99人,Kimi-K2.6,不思考,3,03_全文_不规整_评分_不清洗,全文,不规整,逐条评分,不清洗,逐条评分,9,激越,Spearman,10,2,0.29101262323732424,0.41463746943658963,0.10258727475820363,0.7310212141748452,0.1,0.9,0.1,15.7,不可估计
HAMD-17,PDCH标签99人,Kimi-K2.6,不思考,3,03_全文_不规整_评分_不清洗,全文,不规整,逐条评分,不清洗,逐条评分,10,精神性焦虑,Spearman,10,4,0.33720764991167845,0.3406671899283503,-0.4590015078892557,0.8471531385985009,0.9,0.4,0.6,15.7,不可估计
HAMD-17,PDCH标签99人,Kimi-K2.6,不思考,3,03_全文_不规整_评分_不清洗,全文,不规整,逐条评分,不清洗,逐条评分,11,躯体性焦虑,Spearman,10,3,0.646755504751857,0.04328047387912393,0.24932431279946407,0.9503911939143055,0.9,0.3,0.7,15.7,不可估计
HAMD-17,PDCH标签99人,Kimi-K2.6,不思考,3,03_全文_不规整_评分_不清洗,全文,不规整,逐条评分,不清洗,逐条评分,12,胃肠道症状,Spearman,10,2,0.39205783960213825,0.2624859697914592,-0.27337536458576284,0.8463912055013595,0.6,0.4,0.6,15.7,不可估计
HAMD-17,PDCH标签99人,Kimi-K2.6,不思考,3,03_全文_不规整_评分_不清洗,全文,不规整,逐条评分,不清洗,逐条评分,13,全身症状,Spearman,10,2,0.26671747483454067,0.4563191631656836,-0.5523233730264884,0.8300873771244859,1.3,0.0,1.0,15.7,不可估计
HAMD-17,PDCH标签99人,Kimi-K2.6,不思考,3,03_全文_不规整_评分_不清洗,全文,不规整,逐条评分,不清洗,逐条评分,14,性症状,Spearman,10,3,0.1561737618886061,0.6665811073830705,-0.7548374613003096,0.8437882765373,1.0,0.1,0.9,15.7,不可估计
HAMD-17,PDCH标签99人,Kimi-K2.6,不思考,3,03_全文_不规整_评分_不清洗,全文,不规整,逐条评分,不清洗,逐条评分,15,疑病,Spearman,10,3,0.5645344869818583,0.08910134140844048,0.10771236854189692,0.920859960504957,0.6,0.5,0.5,15.7,不可估计
HAMD-17,PDCH标签99人,Kimi-K2.6,不思考,3,03_全文_不规整_评分_不清洗,全文,不规整,逐条评分,不清洗,逐条评分,16,体重减轻,Spearman,10,3,0.2559514430952155,0.4753662460347059,-0.3391527563560814,0.7850117193430803,0.3,0.8,0.2,15.7,不可估计
HAMD-17,PDCH标签99人,Kimi-K2.6,不思考,3,03_全文_不规整_评分_不清洗,全文,不规整,逐条评分,不清洗,逐条评分,17,自知力,Spearman,10,2,0.29101262323732424,0.41463746943658963,0.09394009508816788,0.7778434425479615,0.1,0.9,0.1,15.7,不可估计
HAMD-17,PDCH标签99人,Kimi-K2.6,不思考,4,04_全文_不规整_评分_清洗,全文,不规整,逐条评分,清洗,逐条评分,1,抑郁情绪,Spearman,18,4,0.6836225425368884,0.0017599046171267406,0.3520167050824247,0.8783276366142456,2.111111111111111,0.05555555555555555,0.9444444444444444,15.88888888888889,不可估计
HAMD-17,PDCH标签99人,Kimi-K2.6,不思考,4,04_全文_不规整_评分_清洗,全文,不规整,逐条评分,清洗,逐条评分,2,有罪感,Spearman,18,3,0.31803997435441406,0.1983845847116519,-0.22056415321417266,0.6960283689457136,1.0,0.2777777777777778,0.7222222222222222,15.88888888888889,不可估计
HAMD-17,PDCH标签99人,Kimi-K2.6,不思考,4,04_全文_不规整_评分_清洗,全文,不规整,逐条评分,清洗,逐条评分,3,自杀,Spearman,18,5,0.6214171046542281,0.005908168143238774,0.3059421509613001,0.8295396022435754,1.4444444444444444,0.2777777777777778,0.7222222222222222,15.88888888888889,不可估计
HAMD-17,PDCH标签99人,Kimi-K2.6,不思考,4,04_全文_不规整_评分_清洗,全文,不规整,逐条评分,清洗,逐条评分,4,入睡困难,Spearman,18,3,0.5097069884860899,0.030709241955829435,0.1264086242007323,0.8060722991153094,0.8888888888888888,0.4444444444444444,0.5555555555555556,15.88888888888889,不可估计
HAMD-17,PDCH标签99人,Kimi-K2.6,不思考,4,04_全文_不规整_评分_清洗,全文,不规整,逐条评分,清洗,逐条评分,5,睡眠不深,Spearman,18,3,0.4730114815423577,0.04742209483126982,-0.0287333360417702,0.8015324736076742,0.7222222222222222,0.3333333333333333,0.6666666666666666,15.88888888888889,不可估计
HAMD-17,PDCH标签99人,Kimi-K2.6,不思考,4,04_全文_不规整_评分_清洗,全文,不规整,逐条评分,清洗,逐条评分,6,早醒,Spearman,18,3,0.4474981515389434,0.06258466572026081,0.0157317526243888,0.7751279319720302,0.9444444444444444,0.3888888888888889,0.6111111111111112,15.88888888888889,不可估计
HAMD-17,PDCH标签99人,Kimi-K2.6,不思考,4,04_全文_不规整_评分_清洗,全文,不规整,逐条评分,清洗,逐条评分,7,工作和活动,Spearman,18,5,0.7381857848078563,0.00046908385194787593,0.4554158010694276,0.8986164052012484,2.0,0.1111111111111111,0.8888888888888888,15.88888888888889,不可估计
HAMD-17,PDCH标签99人,Kimi-K2.6,不思考,4,04_全文_不规整_评分_清洗,全文,不规整,逐条评分,清洗,逐条评分,8,迟滞,Spearman,18,3,0.49074633464743883,0.03865154460812063,0.029024893571118985,0.8167337327935084,0.7777777777777778,0.4444444444444444,0.5555555555555556,15.88888888888889,不可估计
HAMD-17,PDCH标签99人,Kimi-K2.6,不思考,4,04_全文_不规整_评分_清洗,全文,不规整,逐条评分,清洗,逐条评分,9,激越,Spearman,18,3,0.4840019799729881,0.04182655738431391,0.036330568429343055,0.772332124211636,0.5,0.5555555555555556,0.4444444444444444,15.88888888888889,不可估计
HAMD-17,PDCH标签99人,Kimi-K2.6,不思考,4,04_全文_不规整_评分_清洗,全文,不规整,逐条评分,清洗,逐条评分,10,精神性焦虑,Spearman,18,4,0.48164051664405655,0.04298403073883268,0.06867239721108355,0.7618769788661276,1.0555555555555556,0.3888888888888889,0.6111111111111112,15.88888888888889,不可估计
HAMD-17,PDCH标签99人,Kimi-K2.6,不思考,4,04_全文_不规整_评分_清洗,全文,不规整,逐条评分,清洗,逐条评分,11,躯体性焦虑,Spearman,18,4,0.25961766565573546,0.2981704507401556,-0.29938655374848877,0.6932472214660208,1.3333333333333333,0.1111111111111111,0.8888888888888888,15.88888888888889,不可估计
HAMD-17,PDCH标签99人,Kimi-K2.6,不思考,4,04_全文_不规整_评分_清洗,全文,不规整,逐条评分,清洗,逐条评分,12,胃肠道症状,Spearman,18,3,0.37574593492814784,0.12437734092970638,-0.11868796250587059,0.726265489803854,0.5555555555555556,0.5,0.5,15.88888888888889,不可估计
HAMD-17,PDCH标签99人,Kimi-K2.6,不思考,4,04_全文_不规整_评分_清洗,全文,不规整,逐条评分,清洗,逐条评分,13,全身症状,Spearman,18,3,0.5132008677082591,0.029395097286279738,0.0839059615301683,0.8293504812894131,1.0,0.2777777777777778,0.7222222222222222,15.88888888888889,不可估计
HAMD-17,PDCH标签99人,Kimi-K2.6,不思考,4,04_全文_不规整_评分_清洗,全文,不规整,逐条评分,清洗,逐条评分,14,性症状,Spearman,18,3,0.5919971478991446,0.009644999569533371,0.11874995542273399,0.8697972963126239,1.0555555555555556,0.16666666666666666,0.8333333333333334,15.88888888888889,不可估计
HAMD-17,PDCH标签99人,Kimi-K2.6,不思考,4,04_全文_不规整_评分_清洗,全文,不规整,逐条评分,清洗,逐条评分,15,疑病,Spearman,18,3,0.26120741776319994,0.29511508152737265,-0.3633788046803082,0.6571893606523564,0.5,0.5555555555555556,0.4444444444444444,15.88888888888889,不可估计
HAMD-17,PDCH标签99人,Kimi-K2.6,不思考,4,04_全文_不规整_评分_清洗,全文,不规整,逐条评分,清洗,逐条评分,16,体重减轻,Spearman,18,3,0.4314356153328541,0.07382566744037765,0.04005514548857216,0.7322801201689578,0.3333333333333333,0.7777777777777778,0.2222222222222222,15.88888888888889,不可估计
HAMD-17,PDCH标签99人,Kimi-K2.6,不思考,4,04_全文_不规整_评分_清洗,全文,不规整,逐条评分,清洗,逐条评分,17,自知力,Spearman,18,2,0.5782544988262073,0.011943960834986379,0.2675673345495015,0.8042740610253365,0.16666666666666666,0.8333333333333334,0.16666666666666666,15.88888888888889,不可估计
HAMD-17,PDCH标签99人,Kimi-K2.6,不思考,7,07_全文_规整_评分_不清洗,全文,规整,逐条评分,不清洗,逐条评分,1,抑郁情绪,Spearman,14,4,0.5156896909406579,0.05909391171073726,-0.02251767445707594,0.808286344900111,2.142857142857143,0.07142857142857142,0.9285714285714286,15.071428571428571,不可估计
HAMD-17,PDCH标签99人,Kimi-K2.6,不思考,7,07_全文_规整_评分_不清洗,全文,规整,逐条评分,不清洗,逐条评分,2,有罪感,Spearman,14,3,0.431492173648618,0.12342962308174579,-0.021745066105298923,0.781116461765257,0.7142857142857143,0.5,0.5,15.071428571428571,不可估计
HAMD-17,PDCH标签99人,Kimi-K2.6,不思考,7,07_全文_规整_评分_不清洗,全文,规整,逐条评分,不清洗,逐条评分,3,自杀,Spearman,14,4,0.5453581639170033,0.04369362170614611,0.13464317621018254,0.8077442196880961,1.2142857142857142,0.42857142857142855,0.5714285714285714,15.071428571428571,不可估计
HAMD-17,PDCH标签99人,Kimi-K2.6,不思考,7,07_全文_规整_评分_不清洗,全文,规整,逐条评分,不清洗,逐条评分,4,入睡困难,Spearman,14,3,0.7288310437031937,0.003106456333102535,0.41104812557686654,0.9104161448760032,0.7142857142857143,0.5714285714285714,0.42857142857142855,15.071428571428571,不可估计
HAMD-17,PDCH标签99人,Kimi-K2.6,不思考,7,07_全文_规整_评分_不清洗,全文,规整,逐条评分,不清洗,逐条评分,5,睡眠不深,Spearman,14,3,0.3392007920626636,0.23545290384976963,-0.21287500852982782,0.8533463590622297,0.7142857142857143,0.5,0.5,15.071428571428571,不可估计
HAMD-17,PDCH标签99人,Kimi-K2.6,不思考,7,07_全文_规整_评分_不清洗,全文,规整,逐条评分,不清洗,逐条评分,6,早醒,Spearman,14,3,0.5951411636204326,0.024753176177610064,0.16652615622992556,0.8841851839850181,1.1428571428571428,0.35714285714285715,0.6428571428571429,15.071428571428571,不可估计
HAMD-17,PDCH标签99人,Kimi-K2.6,不思考,7,07_全文_规整_评分_不清洗,全文,规整,逐条评分,不清洗,逐条评分,7,工作和活动,Spearman,14,5,0.8486335103024505,0.00012429914206686947,0.6533659581731989,0.9436750176363246,2.142857142857143,0.14285714285714285,0.8571428571428571,15.071428571428571,不可估计
HAMD-17,PDCH标签99人,Kimi-K2.6,不思考,7,07_全文_规整_评分_不清洗,全文,规整,逐条评分,不清洗,逐条评分,8,迟滞,Spearman,14,3,0.21894420856767946,0.45203127592431663,-0.355009682641508,0.6555392255465404,0.8571428571428571,0.5,0.5,15.071428571428571,不可估计
HAMD-17,PDCH标签99人,Kimi-K2.6,不思考,7,07_全文_规整_评分_不清洗,全文,规整,逐条评分,不清洗,逐条评分,9,激越,Spearman,14,3,0.5761078964861279,0.031067040784931152,0.07952262633620706,0.8539681367575045,0.5,0.6428571428571429,0.35714285714285715,15.071428571428571,不可估计
HAMD-17,PDCH标签99人,Kimi-K2.6,不思考,7,07_全文_规整_评分_不清洗,全文,规整,逐条评分,不清洗,逐条评分,10,精神性焦虑,Spearman,14,4,0.5631967074115436,0.03598405171998089,0.047360607496630173,0.8323630069100615,1.6428571428571428,0.14285714285714285,0.8571428571428571,15.071428571428571,不可估计
HAMD-17,PDCH标签99人,Kimi-K2.6,不思考,7,07_全文_规整_评分_不清洗,全文,规整,逐条评分,不清洗,逐条评分,11,躯体性焦虑,Spearman,14,4,0.5195044264787717,0.05692222709805821,-0.029526806947698856,0.8715976688768364,1.6428571428571428,0.2857142857142857,0.7142857142857143,15.071428571428571,不可估计
HAMD-17,PDCH标签99人,Kimi-K2.6,不思考,7,07_全文_规整_评分_不清洗,全文,规整,逐条评分,不清洗,逐条评分,12,胃肠道症状,Spearman,14,3,0.38915042476829587,0.16905126899130132,-0.14849662528656285,0.8404147098056096,0.9285714285714286,0.35714285714285715,0.6428571428571429,15.071428571428571,不可估计
HAMD-17,PDCH标签99人,Kimi-K2.6,不思考,7,07_全文_规整_评分_不清洗,全文,规整,逐条评分,不清洗,逐条评分,13,全身症状,Spearman,14,3,0.6386880780316837,0.01395063358829636,0.1570661120455973,0.8920472241322753,1.3571428571428572,0.14285714285714285,0.8571428571428571,15.071428571428571,不可估计
HAMD-17,PDCH标签99人,Kimi-K2.6,不思考,7,07_全文_规整_评分_不清洗,全文,规整,逐条评分,不清洗,逐条评分,14,性症状,Spearman,14,3,0.41664559575883414,0.13834602228607276,-0.1973778947259402,0.8556237329861234,1.4285714285714286,0.07142857142857142,0.9285714285714286,15.071428571428571,不可估计
HAMD-17,PDCH标签99人,Kimi-K2.6,不思考,7,07_全文_规整_评分_不清洗,全文,规整,逐条评分,不清洗,逐条评分,15,疑病,Spearman,14,2,0.28739497247949497,0.31910180481757006,-0.24641402099803608,0.6700290345382817,0.42857142857142855,0.5714285714285714,0.42857142857142855,15.071428571428571,不可估计
HAMD-17,PDCH标签99人,Kimi-K2.6,不思考,7,07_全文_规整_评分_不清洗,全文,规整,逐条评分,不清洗,逐条评分,16,体重减轻,Spearman,14,3,0.5205936026451383,0.056312880520151175,0.12904235352142024,0.8392251352481076,0.7142857142857143,0.5714285714285714,0.42857142857142855,15.071428571428571,不可估计
HAMD-17,PDCH标签99人,Kimi-K2.6,不思考,7,07_全文_规整_评分_不清洗,全文,规整,逐条评分,不清洗,逐条评分,17,自知力,Spearman,14,2,0.5902976600272343,0.02625922699693692,0.20481261015640648,0.8463823151354766,0.2857142857142857,0.7142857142857143,0.2857142857142857,15.071428571428571,不可估计
HAMD-17,PDCH标签99人,Kimi-K2.6,不思考,8,08_全文_规整_评分_清洗,全文,规整,逐条评分,清洗,逐条评分,1,抑郁情绪,Spearman,10,2,0.7507664795050898,0.012338022369817533,0.4338551092787998,0.9472413048606463,2.6,0.0,1.0,15.4,不可估计
HAMD-17,PDCH标签99人,Kimi-K2.6,不思考,8,08_全文_规整_评分_清洗,全文,规整,逐条评分,清洗,逐条评分,2,有罪感,Spearman,10,3,0.08089479142790096,0.8241961072241608,-0.6068196399664197,0.7009714617785319,0.9,0.5,0.5,15.4,不可估计
HAMD-17,PDCH标签99人,Kimi-K2.6,不思考,8,08_全文_规整_评分_清洗,全文,规整,逐条评分,清洗,逐条评分,3,自杀,Spearman,10,5,0.5515459001998532,0.09837851696518969,-0.27246751784076195,0.8872458685461104,1.9,0.1,0.9,15.4,不可估计
HAMD-17,PDCH标签99人,Kimi-K2.6,不思考,8,08_全文_规整_评分_清洗,全文,规整,逐条评分,清洗,逐条评分,4,入睡困难,Spearman,10,3,0.4015403623257407,0.2500792547072495,-0.2583716443409729,0.8525413144572253,0.6,0.6,0.4,15.4,不可估计
HAMD-17,PDCH标签99人,Kimi-K2.6,不思考,8,08_全文_规整_评分_清洗,全文,规整,逐条评分,清洗,逐条评分,5,睡眠不深,Spearman,10,3,0.12461597451488506,0.731596462946588,-0.6568011887612961,0.7778694943321052,0.6,0.6,0.4,15.4,不可估计
HAMD-17,PDCH标签99人,Kimi-K2.6,不思考,8,08_全文_规整_评分_清洗,全文,规整,逐条评分,清洗,逐条评分,6,早醒,Spearman,10,3,0.3505440961875708,0.3206679484620004,-0.35145713859784933,0.9002502207569304,0.9,0.5,0.5,15.4,不可估计
HAMD-17,PDCH标签99人,Kimi-K2.6,不思考,8,08_全文_规整_评分_清洗,全文,规整,逐条评分,清洗,逐条评分,7,工作和活动,Spearman,10,3,0.7570954975202081,0.011224918538106258,0.4291199064115074,0.947554812194333,2.5,0.0,1.0,15.4,不可估计
HAMD-17,PDCH标签99人,Kimi-K2.6,不思考,8,08_全文_规整_评分_清洗,全文,规整,逐条评分,清洗,逐条评分,8,迟滞,Spearman,10,3,0.39099149190152127,0.26390192175095384,-0.2805264244323155,0.7953170151008322,1.4,0.1,0.9,15.4,不可估计
HAMD-17,PDCH标签99人,Kimi-K2.6,不思考,8,08_全文_规整_评分_清洗,全文,规整,逐条评分,清洗,逐条评分,9,激越,Spearman,10,3,-0.06923109695271393,0.8492807484544292,-0.7177660194314803,0.6659988715702596,0.6,0.6,0.4,15.4,不可估计
HAMD-17,PDCH标签99人,Kimi-K2.6,不思考,8,08_全文_规整_评分_清洗,全文,规整,逐条评分,清洗,逐条评分,10,精神性焦虑,Spearman,10,4,-0.03298121463263922,0.9279320197983028,-0.753867748226965,0.6648723287744821,1.4,0.1,0.9,15.4,不可估计
HAMD-17,PDCH标签99人,Kimi-K2.6,不思考,8,08_全文_规整_评分_清洗,全文,规整,逐条评分,清洗,逐条评分,11,躯体性焦虑,Spearman,10,5,0.5580730706164196,0.09364321727918144,-0.14535023208321934,0.9426359971226111,1.8,0.2,0.8,15.4,不可估计
HAMD-17,PDCH标签99人,Kimi-K2.6,不思考,8,08_全文_规整_评分_清洗,全文,规整,逐条评分,清洗,逐条评分,12,胃肠道症状,Spearman,10,3,0.0,1.0,-0.5967883016335174,0.6235434190977773,1.0,0.1,0.9,15.4,不可估计
HAMD-17,PDCH标签99人,Kimi-K2.6,不思考,8,08_全文_规整_评分_清洗,全文,规整,逐条评分,清洗,逐条评分,13,全身症状,Spearman,10,2,0.7507664795050898,0.012338022369817533,0.36479518200857725,0.9498133135569649,1.6,0.0,1.0,15.4,不可估计
HAMD-17,PDCH标签99人,Kimi-K2.6,不思考,8,08_全文_规整_评分_清洗,全文,规整,逐条评分,清洗,逐条评分,14,性症状,Spearman,10,2,0.35750784738337604,0.31047464639240374,-0.40564196514693984,0.8720162960401533,1.4,0.0,1.0,15.4,不可估计
HAMD-17,PDCH标签99人,Kimi-K2.6,不思考,8,08_全文_规整_评分_清洗,全文,规整,逐条评分,清洗,逐条评分,15,疑病,Spearman,10,3,0.16880385497631312,0.6410848195842062,-0.5977008615571927,0.8005136596242725,0.8,0.5,0.5,15.4,不可估计
HAMD-17,PDCH标签99人,Kimi-K2.6,不思考,8,08_全文_规整_评分_清洗,全文,规整,逐条评分,清洗,逐条评分,16,体重减轻,Spearman,10,3,0.2965581441899433,0.4053844182335027,-0.5566043178310999,0.8779390278278596,0.7,0.6,0.4,15.4,不可估计
HAMD-17,PDCH标签99人,Kimi-K2.6,不思考,8,08_全文_规整_评分_清洗,全文,规整,逐条评分,清洗,逐条评分,17,自知力,Spearman,10,2,0.45863035816856906,0.1824735425563389,-0.27151618106706626,0.8570353012063266,0.3,0.7,0.3,15.4,不可估计
HAMD-17,PDCH标签99人,Kimi-K2.6,不思考,11,11_事件序列_不规整_评分_不清洗,事件序列,不规整,逐条评分,不清洗,逐条评分,1,抑郁情绪,Spearman,17,4,0.7837727916601778,0.00019698912442939743,0.4810045185512374,0.9389127035071012,2.176470588235294,0.058823529411764705,0.9411764705882353,16.294117647058822,不可估计
HAMD-17,PDCH标签99人,Kimi-K2.6,不思考,11,11_事件序列_不规整_评分_不清洗,事件序列,不规整,逐条评分,不清洗,逐条评分,2,有罪感,Spearman,17,3,0.1793647601166884,0.4909313684516898,-0.33380474716291436,0.6572273610486994,1.1176470588235294,0.23529411764705882,0.7647058823529411,16.294117647058822,不可估计
HAMD-17,PDCH标签99人,Kimi-K2.6,不思考,11,11_事件序列_不规整_评分_不清洗,事件序列,不规整,逐条评分,不清洗,逐条评分,3,自杀,Spearman,17,5,0.5292298148169581,0.028920984239107994,0.10612857017733753,0.8274368848630629,1.588235294117647,0.23529411764705882,0.7647058823529411,16.294117647058822,不可估计
HAMD-17,PDCH标签99人,Kimi-K2.6,不思考,11,11_事件序列_不规整_评分_不清洗,事件序列,不规整,逐条评分,不清洗,逐条评分,4,入睡困难,Spearman,17,3,0.33343252492408215,0.19091746504119614,-0.18944157876983075,0.6988886275582379,0.6470588235294118,0.5294117647058824,0.47058823529411764,16.294117647058822,不可估计
HAMD-17,PDCH标签99人,Kimi-K2.6,不思考,11,11_事件序列_不规整_评分_不清洗,事件序列,不规整,逐条评分,不清洗,逐条评分,5,睡眠不深,Spearman,17,3,0.6072985859651545,0.009723207958303058,0.08518166991484814,0.8973315125201102,0.8235294117647058,0.35294117647058826,0.6470588235294118,16.294117647058822,不可估计
HAMD-17,PDCH标签99人,Kimi-K2.6,不思考,11,11_事件序列_不规整_评分_不清洗,事件序列,不规整,逐条评分,不清洗,逐条评分,6,早醒,Spearman,17,2,0.47751007635009446,0.05257178046326109,0.04885162666565367,0.7861383701189161,0.8235294117647058,0.5882352941176471,0.4117647058823529,16.294117647058822,不可估计
HAMD-17,PDCH标签99人,Kimi-K2.6,不思考,11,11_事件序列_不规整_评分_不清洗,事件序列,不规整,逐条评分,不清洗,逐条评分,7,工作和活动,Spearman,17,4,0.4402066480689668,0.07700093709308953,-0.06091654211289261,0.7860085281972407,2.235294117647059,0.11764705882352941,0.8823529411764706,16.294117647058822,不可估计
HAMD-17,PDCH标签99人,Kimi-K2.6,不思考,11,11_事件序列_不规整_评分_不清洗,事件序列,不规整,逐条评分,不清洗,逐条评分,8,迟滞,Spearman,17,3,0.5682504139368463,0.017317405930630025,0.1664038584203063,0.8538173257539856,0.7647058823529411,0.47058823529411764,0.5294117647058824,16.294117647058822,不可估计
HAMD-17,PDCH标签99人,Kimi-K2.6,不思考,11,11_事件序列_不规整_评分_不清洗,事件序列,不规整,逐条评分,不清洗,逐条评分,9,激越,Spearman,17,3,0.5134674614999517,0.03501965708495583,0.18755091991936648,0.7954857522142265,0.5882352941176471,0.47058823529411764,0.5294117647058824,16.294117647058822,不可估计
HAMD-17,PDCH标签99人,Kimi-K2.6,不思考,11,11_事件序列_不规整_评分_不清洗,事件序列,不规整,逐条评分,不清洗,逐条评分,10,精神性焦虑,Spearman,17,4,0.6040796973096798,0.010224661577891158,0.23928286358574427,0.8613737337105795,1.411764705882353,0.17647058823529413,0.8235294117647058,16.294117647058822,不可估计
HAMD-17,PDCH标签99人,Kimi-K2.6,不思考,11,11_事件序列_不规整_评分_不清洗,事件序列,不规整,逐条评分,不清洗,逐条评分,11,躯体性焦虑,Spearman,17,4,0.644287053887378,0.005244262965552251,0.3060757756816036,0.8587469056165357,1.2352941176470589,0.23529411764705882,0.7647058823529411,16.294117647058822,不可估计
HAMD-17,PDCH标签99人,Kimi-K2.6,不思考,11,11_事件序列_不规整_评分_不清洗,事件序列,不规整,逐条评分,不清洗,逐条评分,12,胃肠道症状,Spearman,17,3,0.47343908412495544,0.054910633706767485,0.021475282023988393,0.7916394338912313,0.5882352941176471,0.47058823529411764,0.5294117647058824,16.294117647058822,不可估计
HAMD-17,PDCH标签99人,Kimi-K2.6,不思考,11,11_事件序列_不规整_评分_不清洗,事件序列,不规整,逐条评分,不清洗,逐条评分,13,全身症状,Spearman,17,3,0.7016464154456233,0.0016945658814098035,0.3464242314965027,0.911457017820645,0.9411764705882353,0.23529411764705882,0.7647058823529411,16.294117647058822,不可估计
HAMD-17,PDCH标签99人,Kimi-K2.6,不思考,11,11_事件序列_不规整_评分_不清洗,事件序列,不规整,逐条评分,不清洗,逐条评分,14,性症状,Spearman,17,3,0.21439196027505156,0.4086323078636128,-0.2907717524475919,0.6495089835372311,1.0588235294117647,0.17647058823529413,0.8235294117647058,16.294117647058822,不可估计
HAMD-17,PDCH标签99人,Kimi-K2.6,不思考,11,11_事件序列_不规整_评分_不清洗,事件序列,不规整,逐条评分,不清洗,逐条评分,15,疑病,Spearman,17,3,0.3291639004339227,0.19701063600614827,-0.2082259182897639,0.751994982720818,0.8823529411764706,0.35294117647058826,0.6470588235294118,16.294117647058822,不可估计
HAMD-17,PDCH标签99人,Kimi-K2.6,不思考,11,11_事件序列_不规整_评分_不清洗,事件序列,不规整,逐条评分,不清洗,逐条评分,16,体重减轻,Spearman,17,3,-0.004358136336404089,0.9867554952530982,-0.47183698440695765,0.4652728617205196,0.47058823529411764,0.6470588235294118,0.35294117647058826,16.294117647058822,不可估计
HAMD-17,PDCH标签99人,Kimi-K2.6,不思考,11,11_事件序列_不规整_评分_不清洗,事件序列,不规整,逐条评分,不清洗,逐条评分,17,自知力,Spearman,17,2,0.5236780338409966,0.030967504279866373,0.3180358227215256,0.7791897920157898,0.11764705882352941,0.8823529411764706,0.11764705882352941,16.294117647058822,不可估计
HAMD-17,PDCH标签99人,Kimi-K2.6,不思考,12,12_事件序列_不规整_评分_清洗,事件序列,不规整,逐条评分,清洗,逐条评分,1,抑郁情绪,Spearman,17,3,0.6021123848834262,0.010541126811191282,0.14844867129591893,0.8579100885905911,2.235294117647059,0.058823529411764705,0.9411764705882353,19.88235294117647,不可估计
HAMD-17,PDCH标签99人,Kimi-K2.6,不思考,12,12_事件序列_不规整_评分_清洗,事件序列,不规整,逐条评分,清洗,逐条评分,2,有罪感,Spearman,17,3,0.3584134610929397,0.1577537533972632,-0.13457112974993468,0.771161276841288,1.0588235294117647,0.29411764705882354,0.7058823529411765,19.88235294117647,不可估计
HAMD-17,PDCH标签99人,Kimi-K2.6,不思考,12,12_事件序列_不规整_评分_清洗,事件序列,不规整,逐条评分,清洗,逐条评分,3,自杀,Spearman,17,5,0.6619983304128576,0.0037924058821603244,0.3986448779800001,0.8556585961063916,1.7647058823529411,0.17647058823529413,0.8235294117647058,19.88235294117647,不可估计
HAMD-17,PDCH标签99人,Kimi-K2.6,不思考,12,12_事件序列_不规整_评分_清洗,事件序列,不规整,逐条评分,清洗,逐条评分,4,入睡困难,Spearman,17,3,0.6115266170107638,0.009094521223690834,0.30202147669217394,0.8375211263065167,1.0,0.35294117647058826,0.6470588235294118,19.88235294117647,不可估计
HAMD-17,PDCH标签99人,Kimi-K2.6,不思考,12,12_事件序列_不规整_评分_清洗,事件序列,不规整,逐条评分,清洗,逐条评分,5,睡眠不深,Spearman,17,3,0.6690820633176593,0.003312094476130677,0.35849454079376636,0.861644174639457,1.0,0.35294117647058826,0.6470588235294118,19.88235294117647,不可估计
HAMD-17,PDCH标签99人,Kimi-K2.6,不思考,12,12_事件序列_不规整_评分_清洗,事件序列,不规整,逐条评分,清洗,逐条评分,6,早醒,Spearman,17,3,0.5239455690256078,0.03086640489639616,0.09437999627428753,0.8214309453512351,0.9411764705882353,0.4117647058823529,0.5882352941176471,19.88235294117647,不可估计
HAMD-17,PDCH标签99人,Kimi-K2.6,不思考,12,12_事件序列_不规整_评分_清洗,事件序列,不规整,逐条评分,清洗,逐条评分,7,工作和活动,Spearman,17,5,0.7198188790528427,0.001121902071613748,0.4064153037277477,0.9157869977567626,2.4705882352941178,0.058823529411764705,0.9411764705882353,19.88235294117647,不可估计
HAMD-17,PDCH标签99人,Kimi-K2.6,不思考,12,12_事件序列_不规整_评分_清洗,事件序列,不规整,逐条评分,清洗,逐条评分,8,迟滞,Spearman,17,3,0.5464232149924432,0.023237888646339928,0.034465353095814805,0.9055904267501094,1.1176470588235294,0.29411764705882354,0.7058823529411765,19.88235294117647,不可估计
HAMD-17,PDCH标签99人,Kimi-K2.6,不思考,12,12_事件序列_不规整_评分_清洗,事件序列,不规整,逐条评分,清洗,逐条评分,9,激越,Spearman,17,3,0.4681136985632963,0.0580862659453214,-0.030298128988112145,0.7955476050683876,0.5294117647058824,0.5294117647058824,0.47058823529411764,19.88235294117647,不可估计
HAMD-17,PDCH标签99人,Kimi-K2.6,不思考,12,12_事件序列_不规整_评分_清洗,事件序列,不规整,逐条评分,清洗,逐条评分,10,精神性焦虑,Spearman,17,4,0.5874813199967043,0.01314654865442903,0.25852285503583855,0.8210293706657917,1.2352941176470589,0.29411764705882354,0.7058823529411765,19.88235294117647,不可估计
HAMD-17,PDCH标签99人,Kimi-K2.6,不思考,12,12_事件序列_不规整_评分_清洗,事件序列,不规整,逐条评分,清洗,逐条评分,11,躯体性焦虑,Spearman,17,4,0.7328802241569111,0.0008179464330449478,0.478949010403618,0.9082922680781768,1.4705882352941178,0.23529411764705882,0.7647058823529411,19.88235294117647,不可估计
HAMD-17,PDCH标签99人,Kimi-K2.6,不思考,12,12_事件序列_不规整_评分_清洗,事件序列,不规整,逐条评分,清洗,逐条评分,12,胃肠道症状,Spearman,17,3,0.5074692932700856,0.03758180899994934,0.08765978491539088,0.8240308731837103,0.8235294117647058,0.4117647058823529,0.5882352941176471,19.88235294117647,不可估计
HAMD-17,PDCH标签99人,Kimi-K2.6,不思考,12,12_事件序列_不规整_评分_清洗,事件序列,不规整,逐条评分,清洗,逐条评分,13,全身症状,Spearman,17,3,0.8365900279641671,2.8407034820690145e-05,0.6885401662064672,0.9376538461006179,1.2352941176470589,0.17647058823529413,0.8235294117647058,19.88235294117647,不可估计
HAMD-17,PDCH标签99人,Kimi-K2.6,不思考,12,12_事件序列_不规整_评分_清洗,事件序列,不规整,逐条评分,清洗,逐条评分,14,性症状,Spearman,17,3,0.7387811394406494,0.0007049877673245124,0.4184397879864684,0.9183105775419141,1.2352941176470589,0.11764705882352941,0.8823529411764706,19.88235294117647,不可估计
HAMD-17,PDCH标签99人,Kimi-K2.6,不思考,12,12_事件序列_不规整_评分_清洗,事件序列,不规整,逐条评分,清洗,逐条评分,15,疑病,Spearman,17,3,0.4496640992983565,0.07014889980337827,-0.04503065419880563,0.7790595197900319,0.5882352941176471,0.5882352941176471,0.4117647058823529,19.88235294117647,不可估计
HAMD-17,PDCH标签99人,Kimi-K2.6,不思考,12,12_事件序列_不规整_评分_清洗,事件序列,不规整,逐条评分,清洗,逐条评分,16,体重减轻,Spearman,17,3,0.2848849246447679,0.2677293608570967,-0.13146254549547515,0.6533165592137788,0.5294117647058824,0.6470588235294118,0.35294117647058826,19.88235294117647,不可估计
HAMD-17,PDCH标签99人,Kimi-K2.6,不思考,12,12_事件序列_不规整_评分_清洗,事件序列,不规整,逐条评分,清洗,逐条评分,17,自知力,Spearman,17,2,0.4877802851953519,0.047002808895767946,0.23912753383750443,0.7703842247277009,0.11764705882352941,0.8823529411764706,0.11764705882352941,19.88235294117647,不可估计
HAMD-17,PDCH标签99人,Kimi-K2.6,不思考,15,15_事件序列_规整_评分_不清洗,事件序列,规整,逐条评分,不清洗,逐条评分,1,抑郁情绪,Spearman,14,4,0.23730506045654082,0.413986228987299,-0.34073532287357555,0.695048914614338,2.0,0.14285714285714285,0.8571428571428571,14.714285714285714,不可估计
HAMD-17,PDCH标签99人,Kimi-K2.6,不思考,15,15_事件序列_规整_评分_不清洗,事件序列,规整,逐条评分,不清洗,逐条评分,2,有罪感,Spearman,14,3,0.4752252754541493,0.0859198014379052,-0.01216743741860301,0.7800136506828496,1.2142857142857142,0.21428571428571427,0.7857142857142857,14.714285714285714,不可估计
HAMD-17,PDCH标签99人,Kimi-K2.6,不思考,15,15_事件序列_规整_评分_不清洗,事件序列,规整,逐条评分,不清洗,逐条评分,3,自杀,Spearman,14,5,0.350808044651478,0.218779074614344,-0.21314364303423927,0.7218336550806583,1.5,0.2857142857142857,0.7142857142857143,14.714285714285714,不可估计
HAMD-17,PDCH标签99人,Kimi-K2.6,不思考,15,15_事件序列_规整_评分_不清洗,事件序列,规整,逐条评分,不清洗,逐条评分,4,入睡困难,Spearman,14,3,-0.31094606206808173,0.27921095156178916,-0.9030856287137287,0.23138026880237056,0.7142857142857143,0.5,0.5,14.714285714285714,不可估计
HAMD-17,PDCH标签99人,Kimi-K2.6,不思考,15,15_事件序列_规整_评分_不清洗,事件序列,规整,逐条评分,不清洗,逐条评分,5,睡眠不深,Spearman,14,3,0.34194099155172575,0.23144824965035427,-0.33862733255038574,0.773731011373026,0.7142857142857143,0.35714285714285715,0.6428571428571429,14.714285714285714,不可估计
HAMD-17,PDCH标签99人,Kimi-K2.6,不思考,15,15_事件序列_规整_评分_不清洗,事件序列,规整,逐条评分,不清洗,逐条评分,6,早醒,Spearman,14,3,-0.0980676041907027,0.7387343466960107,-0.6730239891546723,0.44394014831253537,0.7142857142857143,0.5,0.5,14.714285714285714,不可估计
HAMD-17,PDCH标签99人,Kimi-K2.6,不思考,15,15_事件序列_规整_评分_不清洗,事件序列,规整,逐条评分,不清洗,逐条评分,7,工作和活动,Spearman,14,4,0.3422202769992687,0.23104246279440535,-0.2472929092992956,0.7428180427654655,2.4285714285714284,0.14285714285714285,0.8571428571428571,14.714285714285714,不可估计
HAMD-17,PDCH标签99人,Kimi-K2.6,不思考,15,15_事件序列_规整_评分_不清洗,事件序列,规整,逐条评分,不清洗,逐条评分,8,迟滞,Spearman,14,4,0.142148080768522,0.6278497937338781,-0.44439422859374383,0.6167277362060779,1.3571428571428572,0.35714285714285715,0.6428571428571429,14.714285714285714,不可估计
HAMD-17,PDCH标签99人,Kimi-K2.6,不思考,15,15_事件序列_规整_评分_不清洗,事件序列,规整,逐条评分,不清洗,逐条评分,9,激越,Spearman,14,3,0.5232707397018546,0.05483516268700929,0.08563977608705602,0.8348942852085524,0.42857142857142855,0.6428571428571429,0.35714285714285715,14.714285714285714,不可估计
HAMD-17,PDCH标签99人,Kimi-K2.6,不思考,15,15_事件序列_规整_评分_不清洗,事件序列,规整,逐条评分,不清洗,逐条评分,10,精神性焦虑,Spearman,14,4,0.14999912593270262,0.6087698944117899,-0.5536849729879633,0.7361043305133417,1.4285714285714286,0.21428571428571427,0.7857142857142857,14.714285714285714,不可估计
HAMD-17,PDCH标签99人,Kimi-K2.6,不思考,15,15_事件序列_规整_评分_不清洗,事件序列,规整,逐条评分,不清洗,逐条评分,11,躯体性焦虑,Spearman,14,4,0.5701947686535569,0.03325258779268031,0.07610892763549788,0.9173753913917605,1.2142857142857142,0.2857142857142857,0.7142857142857143,14.714285714285714,不可估计
HAMD-17,PDCH标签99人,Kimi-K2.6,不思考,15,15_事件序列_规整_评分_不清洗,事件序列,规整,逐条评分,不清洗,逐条评分,12,胃肠道症状,Spearman,14,2,0.3405289786724651,0.23350655095896009,-0.19162815674210584,0.7543523237083837,0.42857142857142855,0.5714285714285714,0.42857142857142855,14.714285714285714,不可估计
HAMD-17,PDCH标签99人,Kimi-K2.6,不思考,15,15_事件序列_规整_评分_不清洗,事件序列,规整,逐条评分,不清洗,逐条评分,13,全身症状,Spearman,14,3,0.5358943128038306,0.04824278264224513,0.12065291454216805,0.8408562324579647,0.7857142857142857,0.35714285714285715,0.6428571428571429,14.714285714285714,不可估计
HAMD-17,PDCH标签99人,Kimi-K2.6,不思考,15,15_事件序列_规整_评分_不清洗,事件序列,规整,逐条评分,不清洗,逐条评分,14,性症状,Spearman,14,3,0.5303352775442433,0.051070484607505844,0.06604451281606821,0.8685349698662006,0.8571428571428571,0.42857142857142855,0.5714285714285714,14.714285714285714,不可估计
HAMD-17,PDCH标签99人,Kimi-K2.6,不思考,15,15_事件序列_规整_评分_不清洗,事件序列,规整,逐条评分,不清洗,逐条评分,15,疑病,Spearman,14,3,0.10524328254611998,0.7202930595165786,-0.5168893268928351,0.5978194614783515,0.7142857142857143,0.5,0.5,14.714285714285714,不可估计
HAMD-17,PDCH标签99人,Kimi-K2.6,不思考,15,15_事件序列_规整_评分_不清洗,事件序列,规整,逐条评分,不清洗,逐条评分,16,体重减轻,Spearman,14,2,-0.21615442153100536,0.45795754149294177,-0.657434066078294,0.15725935399497507,0.21428571428571427,0.7857142857142857,0.21428571428571427,14.714285714285714,不可估计
HAMD-17,PDCH标签99人,Kimi-K2.6,不思考,15,15_事件序列_规整_评分_不清洗,事件序列,规整,逐条评分,不清洗,逐条评分,17,自知力,Spearman,14,2,-0.01963320032664261,0.9468864414610327,-0.5927294241766556,0.5578749435521334,0.2857142857142857,0.7142857142857143,0.2857142857142857,14.714285714285714,不可估计
HAMD-17,PDCH标签99人,Kimi-K2.6,不思考,16,16_事件序列_规整_评分_清洗,事件序列,规整,逐条评分,清洗,逐条评分,1,抑郁情绪,Spearman,12,3,0.5124707431905383,0.0884643783884859,-0.06782875041603052,0.8345776363386331,2.0833333333333335,0.0,1.0,16.833333333333332,不可估计
HAMD-17,PDCH标签99人,Kimi-K2.6,不思考,16,16_事件序列_规整_评分_清洗,事件序列,规整,逐条评分,清洗,逐条评分,2,有罪感,Spearman,12,4,0.08402222419676118,0.795160586535369,-0.6400437637139647,0.6478265962476828,1.0833333333333333,0.3333333333333333,0.6666666666666666,16.833333333333332,不可估计
HAMD-17,PDCH标签99人,Kimi-K2.6,不思考,16,16_事件序列_规整_评分_清洗,事件序列,规整,逐条评分,清洗,逐条评分,3,自杀,Spearman,12,5,0.5475541699652541,0.06536179394391757,0.10239132377846799,0.8458911787212317,1.6666666666666667,0.25,0.75,16.833333333333332,不可估计
HAMD-17,PDCH标签99人,Kimi-K2.6,不思考,16,16_事件序列_规整_评分_清洗,事件序列,规整,逐条评分,清洗,逐条评分,4,入睡困难,Spearman,12,3,-0.0604441011826223,0.851973070895962,-0.6220858155765076,0.4959311695252147,1.25,0.16666666666666666,0.8333333333333334,16.833333333333332,不可估计
HAMD-17,PDCH标签99人,Kimi-K2.6,不思考,16,16_事件序列_规整_评分_清洗,事件序列,规整,逐条评分,清洗,逐条评分,5,睡眠不深,Spearman,12,3,0.6110228091887188,0.03479718951169987,0.08239088950163594,0.896494399054497,0.9166666666666666,0.25,0.75,16.833333333333332,不可估计
HAMD-17,PDCH标签99人,Kimi-K2.6,不思考,16,16_事件序列_规整_评分_清洗,事件序列,规整,逐条评分,清洗,逐条评分,6,早醒,Spearman,12,3,0.22759624733297298,0.47682472250610153,-0.35123199550430206,0.7249688641880898,1.25,0.25,0.75,16.833333333333332,不可估计
HAMD-17,PDCH标签99人,Kimi-K2.6,不思考,16,16_事件序列_规整_评分_清洗,事件序列,规整,逐条评分,清洗,逐条评分,7,工作和活动,Spearman,12,4,0.6136028416695178,0.03382790173821354,0.12867621476242,0.9258224691731542,2.6666666666666665,0.0,1.0,16.833333333333332,不可估计
HAMD-17,PDCH标签99人,Kimi-K2.6,不思考,16,16_事件序列_规整_评分_清洗,事件序列,规整,逐条评分,清洗,逐条评分,8,迟滞,Spearman,12,3,0.02956561979945413,0.927325591703934,-0.6220325111150354,0.6332142800947419,1.0,0.3333333333333333,0.6666666666666666,16.833333333333332,不可估计
HAMD-17,PDCH标签99人,Kimi-K2.6,不思考,16,16_事件序列_规整_评分_清洗,事件序列,规整,逐条评分,清洗,逐条评分,9,激越,Spearman,12,3,0.5479494869498832,0.0651282553341273,0.21871424185664531,0.8379674134824151,0.6666666666666666,0.5833333333333334,0.4166666666666667,16.833333333333332,不可估计
HAMD-17,PDCH标签99人,Kimi-K2.6,不思考,16,16_事件序列_规整_评分_清洗,事件序列,规整,逐条评分,清洗,逐条评分,10,精神性焦虑,Spearman,12,4,0.6861527651675542,0.013743513535828812,0.272160428070608,0.9334952620055358,1.5,0.16666666666666666,0.8333333333333334,16.833333333333332,不可估计
HAMD-17,PDCH标签99人,Kimi-K2.6,不思考,16,16_事件序列_规整_评分_清洗,事件序列,规整,逐条评分,清洗,逐条评分,11,躯体性焦虑,Spearman,12,4,0.3220708054599233,0.30728625132753706,-0.2607154733360897,0.7311037351317319,1.3333333333333333,0.25,0.75,16.833333333333332,不可估计
HAMD-17,PDCH标签99人,Kimi-K2.6,不思考,16,16_事件序列_规整_评分_清洗,事件序列,规整,逐条评分,清洗,逐条评分,12,胃肠道症状,Spearman,12,3,0.6504436355879909,0.02200855695821112,0.046382758357136705,0.9435484490225726,0.9166666666666666,0.25,0.75,16.833333333333332,不可估计
HAMD-17,PDCH标签99人,Kimi-K2.6,不思考,16,16_事件序列_规整_评分_清洗,事件序列,规整,逐条评分,清洗,逐条评分,13,全身症状,Spearman,12,3,0.6518606445570249,0.021624701671133582,0.16268663451723772,0.9448665204925223,1.0833333333333333,0.25,0.75,16.833333333333332,不可估计
HAMD-17,PDCH标签99人,Kimi-K2.6,不思考,16,16_事件序列_规整_评分_清洗,事件序列,规整,逐条评分,清洗,逐条评分,14,性症状,Spearman,12,3,0.816011106464934,0.0012082868003506354,0.5375106798715339,0.9492977930865366,0.9166666666666666,0.25,0.75,16.833333333333332,不可估计
HAMD-17,PDCH标签99人,Kimi-K2.6,不思考,16,16_事件序列_规整_评分_清洗,事件序列,规整,逐条评分,清洗,逐条评分,15,疑病,Spearman,12,4,0.2777206394910933,0.3821296456746462,-0.43814222178038387,0.7252709471218257,0.9166666666666666,0.4166666666666667,0.5833333333333334,16.833333333333332,不可估计
HAMD-17,PDCH标签99人,Kimi-K2.6,不思考,16,16_事件序列_规整_评分_清洗,事件序列,规整,逐条评分,清洗,逐条评分,16,体重减轻,Spearman,12,3,-0.09160572248286888,0.7770674286981563,-0.6843784820997738,0.5829727010931441,0.8333333333333334,0.5,0.5,16.833333333333332,不可估计
HAMD-17,PDCH标签99人,Kimi-K2.6,不思考,16,16_事件序列_规整_评分_清洗,事件序列,规整,逐条评分,清洗,逐条评分,17,自知力,Spearman,12,3,0.5096620410811782,0.09052378330471689,-0.030177404717513876,0.8172777358256496,0.5833333333333334,0.5,0.5,16.833333333333332,不可估计
HAMD-17,PDCH标签99人,Kimi-K2.6,思考,3,03_全文_不规整_评分_不清洗,全文,不规整,逐条评分,不清洗,逐条评分,1,抑郁情绪,Spearman,47,4,0.6482323702099766,8.373419392070981e-07,0.44811079980377,0.7997700949219548,1.3404255319148937,0.2127659574468085,0.7872340425531915,14.702127659574469,正式
HAMD-17,PDCH标签99人,Kimi-K2.6,思考,3,03_全文_不规整_评分_不清洗,全文,不规整,逐条评分,不清洗,逐条评分,2,有罪感,Spearman,47,3,0.5391236718389771,9.231474871852304e-05,0.3054965968249316,0.7165538712141107,0.723404255319149,0.3829787234042553,0.6170212765957447,14.702127659574469,正式
HAMD-17,PDCH标签99人,Kimi-K2.6,思考,3,03_全文_不规整_评分_不清洗,全文,不规整,逐条评分,不清洗,逐条评分,3,自杀,Spearman,47,4,0.4145838953292806,0.003763423179476286,0.17747583492184318,0.6133852242025952,1.0212765957446808,0.5531914893617021,0.44680851063829785,14.702127659574469,正式
HAMD-17,PDCH标签99人,Kimi-K2.6,思考,3,03_全文_不规整_评分_不清洗,全文,不规整,逐条评分,不清洗,逐条评分,4,入睡困难,Spearman,47,3,0.44010066993769564,0.0019641634492381706,0.1810612689684775,0.6432531646027783,0.5106382978723404,0.5957446808510638,0.40425531914893614,14.702127659574469,正式
HAMD-17,PDCH标签99人,Kimi-K2.6,思考,3,03_全文_不规整_评分_不清洗,全文,不规整,逐条评分,不清洗,逐条评分,5,睡眠不深,Spearman,47,3,0.30785154665287867,0.035281156465505205,0.06929260900232377,0.5442637640557644,0.5319148936170213,0.574468085106383,0.425531914893617,14.702127659574469,正式
HAMD-17,PDCH标签99人,Kimi-K2.6,思考,3,03_全文_不规整_评分_不清洗,全文,不规整,逐条评分,不清洗,逐条评分,6,早醒,Spearman,47,3,0.3170033368194142,0.029924974547044427,0.08516911544110327,0.5377240266422455,0.2978723404255319,0.7872340425531915,0.2127659574468085,14.702127659574469,正式
HAMD-17,PDCH标签99人,Kimi-K2.6,思考,3,03_全文_不规整_评分_不清洗,全文,不规整,逐条评分,不清洗,逐条评分,7,工作和活动,Spearman,47,5,0.772488560234431,2.0169070139320267e-10,0.6580849115681546,0.8687851205309634,1.6382978723404256,0.2553191489361702,0.7446808510638298,14.702127659574469,正式
HAMD-17,PDCH标签99人,Kimi-K2.6,思考,3,03_全文_不规整_评分_不清洗,全文,不规整,逐条评分,不清洗,逐条评分,8,迟滞,Spearman,47,3,0.1931256931118876,0.19338346282146715,-0.05360601619793343,0.42246721058140496,0.2127659574468085,0.8297872340425532,0.1702127659574468,14.702127659574469,正式
HAMD-17,PDCH标签99人,Kimi-K2.6,思考,3,03_全文_不规整_评分_不清洗,全文,不规整,逐条评分,不清洗,逐条评分,9,激越,Spearman,47,3,0.21628480448436763,0.14423700361031777,-0.04268505636926983,0.45782775842654394,0.2127659574468085,0.8297872340425532,0.1702127659574468,14.702127659574469,正式
HAMD-17,PDCH标签99人,Kimi-K2.6,思考,3,03_全文_不规整_评分_不清洗,全文,不规整,逐条评分,不清洗,逐条评分,10,精神性焦虑,Spearman,47,4,0.45975383101821915,0.001149316314601589,0.19449671039160385,0.6727317504658579,0.7659574468085106,0.46808510638297873,0.5319148936170213,14.702127659574469,正式
HAMD-17,PDCH标签99人,Kimi-K2.6,思考,3,03_全文_不规整_评分_不清洗,全文,不规整,逐条评分,不清洗,逐条评分,11,躯体性焦虑,Spearman,47,4,0.44750980230361936,0.0016108208006309433,0.2066527954167252,0.662121634210015,1.127659574468085,0.3191489361702128,0.6808510638297872,14.702127659574469,正式
HAMD-17,PDCH标签99人,Kimi-K2.6,思考,3,03_全文_不规整_评分_不清洗,全文,不规整,逐条评分,不清洗,逐条评分,12,胃肠道症状,Spearman,47,3,0.3540157317423015,0.014634787043249923,0.07350988742688741,0.5900064246901155,0.44680851063829785,0.6170212765957447,0.3829787234042553,14.702127659574469,正式
HAMD-17,PDCH标签99人,Kimi-K2.6,思考,3,03_全文_不规整_评分_不清洗,全文,不规整,逐条评分,不清洗,逐条评分,13,全身症状,Spearman,47,3,0.5927201687719493,1.1352824988583005e-05,0.38291834276912584,0.7498324908684467,0.7872340425531915,0.425531914893617,0.574468085106383,14.702127659574469,正式
HAMD-17,PDCH标签99人,Kimi-K2.6,思考,3,03_全文_不规整_评分_不清洗,全文,不规整,逐条评分,不清洗,逐条评分,14,性症状,Spearman,47,3,0.42022277668355756,0.0032735575808177826,0.121994039412921,0.6520192586585575,0.8085106382978723,0.3829787234042553,0.6170212765957447,14.702127659574469,正式
HAMD-17,PDCH标签99人,Kimi-K2.6,思考,3,03_全文_不规整_评分_不清洗,全文,不规整,逐条评分,不清洗,逐条评分,15,疑病,Spearman,47,3,0.19387407931104209,0.1916298394281528,-0.09664922774702431,0.4638017391030176,0.3617021276595745,0.6595744680851063,0.3404255319148936,14.702127659574469,正式
HAMD-17,PDCH标签99人,Kimi-K2.6,思考,3,03_全文_不规整_评分_不清洗,全文,不规整,逐条评分,不清洗,逐条评分,16,体重减轻,Spearman,47,3,0.335095431763604,0.021309820573186658,0.03302044115644483,0.5605408671631109,0.2978723404255319,0.8085106382978723,0.19148936170212766,14.702127659574469,正式
HAMD-17,PDCH标签99人,Kimi-K2.6,思考,3,03_全文_不规整_评分_不清洗,全文,不规整,逐条评分,不清洗,逐条评分,17,自知力,Spearman,47,3,0.09865383570584461,0.5094227722971063,-0.21396146322038534,0.3855071982668394,0.1702127659574468,0.851063829787234,0.14893617021276595,14.702127659574469,正式
HAMD-17,PDCH标签99人,Kimi-K2.6,思考,4,04_全文_不规整_评分_清洗,全文,不规整,逐条评分,清洗,逐条评分,1,抑郁情绪,Spearman,40,3,0.6562687497996667,4.269580829139321e-06,0.42906677850426417,0.8316679161027062,1.3,0.175,0.825,13.825,正式
HAMD-17,PDCH标签99人,Kimi-K2.6,思考,4,04_全文_不规整_评分_清洗,全文,不规整,逐条评分,清洗,逐条评分,2,有罪感,Spearman,40,3,0.4632434477850157,0.002610405471377511,0.21912450105661976,0.6806281755648356,0.775,0.375,0.625,13.825,正式
HAMD-17,PDCH标签99人,Kimi-K2.6,思考,4,04_全文_不规整_评分_清洗,全文,不规整,逐条评分,清洗,逐条评分,3,自杀,Spearman,40,4,0.3732984228853274,0.01766531968725409,0.11230299765055987,0.6048732484156909,0.85,0.625,0.375,13.825,正式
HAMD-17,PDCH标签99人,Kimi-K2.6,思考,4,04_全文_不规整_评分_清洗,全文,不规整,逐条评分,清洗,逐条评分,4,入睡困难,Spearman,40,3,0.29262469162297383,0.06689554758512829,0.029094763440622645,0.5401673297610835,0.5,0.6,0.4,13.825,正式
HAMD-17,PDCH标签99人,Kimi-K2.6,思考,4,04_全文_不规整_评分_清洗,全文,不规整,逐条评分,清洗,逐条评分,5,睡眠不深,Spearman,40,3,0.36797678443796666,0.019484754723118176,0.08377511376353375,0.6055445590805968,0.725,0.525,0.475,13.825,正式
HAMD-17,PDCH标签99人,Kimi-K2.6,思考,4,04_全文_不规整_评分_清洗,全文,不规整,逐条评分,清洗,逐条评分,6,早醒,Spearman,40,3,0.18060096493101935,0.2647640271518598,-0.13650970630510675,0.432051799248996,0.275,0.775,0.225,13.825,正式
HAMD-17,PDCH标签99人,Kimi-K2.6,思考,4,04_全文_不规整_评分_清洗,全文,不规整,逐条评分,清洗,逐条评分,7,工作和活动,Spearman,40,4,0.747540785593986,2.986101959444921e-08,0.6072525029480699,0.8565645062320502,1.55,0.225,0.775,13.825,正式
HAMD-17,PDCH标签99人,Kimi-K2.6,思考,4,04_全文_不规整_评分_清洗,全文,不规整,逐条评分,清洗,逐条评分,8,迟滞,Spearman,40,2,0.08980108639239825,0.5815941951767357,-0.173894124802102,0.37292950483068127,0.1,0.95,0.05,13.825,正式
HAMD-17,PDCH标签99人,Kimi-K2.6,思考,4,04_全文_不规整_评分_清洗,全文,不规整,逐条评分,清洗,逐条评分,9,激越,Spearman,40,3,0.2658537211875952,0.09730153365608671,-0.05370789344555019,0.5057280274564371,0.25,0.825,0.175,13.825,正式
HAMD-17,PDCH标签99人,Kimi-K2.6,思考,4,04_全文_不规整_评分_清洗,全文,不规整,逐条评分,清洗,逐条评分,10,精神性焦虑,Spearman,40,4,0.4024299344223526,0.010042803305454226,0.09603379753987124,0.6556284659389541,0.825,0.4,0.6,13.825,正式
HAMD-17,PDCH标签99人,Kimi-K2.6,思考,4,04_全文_不规整_评分_清洗,全文,不规整,逐条评分,清洗,逐条评分,11,躯体性焦虑,Spearman,40,4,0.49849749366760526,0.0010612766326095267,0.2411002483218099,0.7050211640207444,1.075,0.325,0.675,13.825,正式
HAMD-17,PDCH标签99人,Kimi-K2.6,思考,4,04_全文_不规整_评分_清洗,全文,不规整,逐条评分,清洗,逐条评分,12,胃肠道症状,Spearman,40,3,0.2185383142087545,0.1754904910584016,-0.07529635769982557,0.48723133467068913,0.5,0.575,0.425,13.825,正式
HAMD-17,PDCH标签99人,Kimi-K2.6,思考,4,04_全文_不规整_评分_清洗,全文,不规整,逐条评分,清洗,逐条评分,13,全身症状,Spearman,40,3,0.5559798008766071,0.0001955195747578992,0.2883177093942445,0.7685321258236817,0.675,0.425,0.575,13.825,正式
HAMD-17,PDCH标签99人,Kimi-K2.6,思考,4,04_全文_不规整_评分_清洗,全文,不规整,逐条评分,清洗,逐条评分,14,性症状,Spearman,40,3,0.37123468325218045,0.018353166526606363,0.04506611224206102,0.6029134600881552,0.75,0.425,0.575,13.825,正式
HAMD-17,PDCH标签99人,Kimi-K2.6,思考,4,04_全文_不规整_评分_清洗,全文,不规整,逐条评分,清洗,逐条评分,15,疑病,Spearman,40,2,0.05457252884015697,0.7380386918032552,-0.22302245048991962,0.3391666641514615,0.3,0.7,0.3,13.825,正式
HAMD-17,PDCH标签99人,Kimi-K2.6,思考,4,04_全文_不规整_评分_清洗,全文,不规整,逐条评分,清洗,逐条评分,16,体重减轻,Spearman,40,3,0.1204008735937981,0.45927943923088016,-0.22904856130840107,0.446495303845997,0.25,0.8,0.2,13.825,正式
HAMD-17,PDCH标签99人,Kimi-K2.6,思考,4,04_全文_不规整_评分_清洗,全文,不规整,逐条评分,清洗,逐条评分,17,自知力,Spearman,40,2,-0.22533700501219753,0.1621070927871546,-0.46553840718201117,-0.00802075323758864,0.15,0.85,0.15,13.825,正式
HAMD-17,PDCH标签99人,Kimi-K2.6,思考,7,07_全文_规整_评分_不清洗,全文,规整,逐条评分,不清洗,逐条评分,1,抑郁情绪,Spearman,29,4,0.630233740287605,0.00024812355652702335,0.3787186305567052,0.8042728950510378,1.6206896551724137,0.1724137931034483,0.8275862068965517,15.03448275862069,探索
HAMD-17,PDCH标签99人,Kimi-K2.6,思考,7,07_全文_规整_评分_不清洗,全文,规整,逐条评分,不清洗,逐条评分,2,有罪感,Spearman,29,3,0.5086469191087479,0.00483889838019824,0.21619484745684275,0.7297372517809035,0.9655172413793104,0.27586206896551724,0.7241379310344828,15.03448275862069,探索
HAMD-17,PDCH标签99人,Kimi-K2.6,思考,7,07_全文_规整_评分_不清洗,全文,规整,逐条评分,不清洗,逐条评分,3,自杀,Spearman,29,4,0.4516812476446807,0.013907014573116116,0.1329472029237164,0.7009540570907599,1.2413793103448276,0.5172413793103449,0.4827586206896552,15.03448275862069,探索
HAMD-17,PDCH标签99人,Kimi-K2.6,思考,7,07_全文_规整_评分_不清洗,全文,规整,逐条评分,不清洗,逐条评分,4,入睡困难,Spearman,29,3,0.39146261107508695,0.03572915459163409,0.1185077934775455,0.6415087136506089,0.5862068965517241,0.6206896551724138,0.3793103448275862,15.03448275862069,探索
HAMD-17,PDCH标签99人,Kimi-K2.6,思考,7,07_全文_规整_评分_不清洗,全文,规整,逐条评分,不清洗,逐条评分,5,睡眠不深,Spearman,29,3,0.358391821296362,0.0562530875409425,0.03121978592678101,0.6307442694720351,0.7241379310344828,0.4827586206896552,0.5172413793103449,15.03448275862069,探索
HAMD-17,PDCH标签99人,Kimi-K2.6,思考,7,07_全文_规整_评分_不清洗,全文,规整,逐条评分,不清洗,逐条评分,6,早醒,Spearman,29,3,0.3290380700141652,0.08135340066677989,-0.01591240485771166,0.6201950356230851,0.7586206896551724,0.4827586206896552,0.5172413793103449,15.03448275862069,探索
HAMD-17,PDCH标签99人,Kimi-K2.6,思考,7,07_全文_规整_评分_不清洗,全文,规整,逐条评分,不清洗,逐条评分,7,工作和活动,Spearman,29,5,0.5255258626639268,0.003415773892903041,0.1349766288724682,0.8163814414397113,2.206896551724138,0.10344827586206896,0.896551724137931,15.03448275862069,探索
HAMD-17,PDCH标签99人,Kimi-K2.6,思考,7,07_全文_规整_评分_不清洗,全文,规整,逐条评分,不清洗,逐条评分,8,迟滞,Spearman,29,3,0.41913461781900324,0.023624759323207963,0.09525561020173491,0.6634075833547464,0.6206896551724138,0.5862068965517241,0.41379310344827586,15.03448275862069,探索
HAMD-17,PDCH标签99人,Kimi-K2.6,思考,7,07_全文_规整_评分_不清洗,全文,规整,逐条评分,不清洗,逐条评分,9,激越,Spearman,29,3,0.1765411856919228,0.35960981641193523,-0.142889932379452,0.4774816165867642,0.4827586206896552,0.6896551724137931,0.3103448275862069,15.03448275862069,探索
HAMD-17,PDCH标签99人,Kimi-K2.6,思考,7,07_全文_规整_评分_不清洗,全文,规整,逐条评分,不清洗,逐条评分,10,精神性焦虑,Spearman,29,4,0.3549548712026256,0.05883014865932398,-0.00017778645209795178,0.6894540394381016,1.103448275862069,0.3793103448275862,0.6206896551724138,15.03448275862069,探索
HAMD-17,PDCH标签99人,Kimi-K2.6,思考,7,07_全文_规整_评分_不清洗,全文,规整,逐条评分,不清洗,逐条评分,11,躯体性焦虑,Spearman,29,4,0.7590391034526581,1.8156733432652878e-06,0.5432313773368411,0.891286117245155,1.206896551724138,0.2413793103448276,0.7586206896551724,15.03448275862069,探索
HAMD-17,PDCH标签99人,Kimi-K2.6,思考,7,07_全文_规整_评分_不清洗,全文,规整,逐条评分,不清洗,逐条评分,12,胃肠道症状,Spearman,29,3,0.5490559981167907,0.0020387126917969433,0.27662030565510926,0.7677392102323173,0.5862068965517241,0.5517241379310345,0.4482758620689655,15.03448275862069,探索
HAMD-17,PDCH标签99人,Kimi-K2.6,思考,7,07_全文_规整_评分_不清洗,全文,规整,逐条评分,不清洗,逐条评分,13,全身症状,Spearman,29,3,0.7064409633959883,1.84629933212941e-05,0.4852250947397026,0.8715261028264303,1.0689655172413792,0.2413793103448276,0.7586206896551724,15.03448275862069,探索
HAMD-17,PDCH标签99人,Kimi-K2.6,思考,7,07_全文_规整_评分_不清洗,全文,规整,逐条评分,不清洗,逐条评分,14,性症状,Spearman,29,3,0.462108473440925,0.01161093533741893,0.14965500390433872,0.7182336171010646,1.0,0.20689655172413793,0.7931034482758621,15.03448275862069,探索
HAMD-17,PDCH标签99人,Kimi-K2.6,思考,7,07_全文_规整_评分_不清洗,全文,规整,逐条评分,不清洗,逐条评分,15,疑病,Spearman,29,3,0.22547746705636207,0.23957788917149223,-0.2029955256186159,0.544194077959017,0.41379310344827586,0.6896551724137931,0.3103448275862069,15.03448275862069,探索
HAMD-17,PDCH标签99人,Kimi-K2.6,思考,7,07_全文_规整_评分_不清洗,全文,规整,逐条评分,不清洗,逐条评分,16,体重减轻,Spearman,29,3,0.2514214142555512,0.18829469888217973,-0.1213356073260401,0.5597637304015481,0.4827586206896552,0.6551724137931034,0.3448275862068966,15.03448275862069,探索
HAMD-17,PDCH标签99人,Kimi-K2.6,思考,7,07_全文_规整_评分_不清洗,全文,规整,逐条评分,不清洗,逐条评分,17,自知力,Spearman,29,3,0.17910994993710794,0.3525484799653915,0.07296646202519257,0.39404431293906955,0.10344827586206896,0.9310344827586207,0.06896551724137931,15.03448275862069,探索
HAMD-17,PDCH标签99人,Kimi-K2.6,思考,8,08_全文_规整_评分_清洗,全文,规整,逐条评分,清洗,逐条评分,1,抑郁情绪,Spearman,27,4,0.5572726400862932,0.002530597985243407,0.2601127053069402,0.7638807691458581,1.9259259259259258,0.1111111111111111,0.8888888888888888,16.14814814814815,探索
HAMD-17,PDCH标签99人,Kimi-K2.6,思考,8,08_全文_规整_评分_清洗,全文,规整,逐条评分,清洗,逐条评分,2,有罪感,Spearman,27,3,0.31221980086937035,0.11285194674371483,-0.05545778546937192,0.6314745477827892,0.8518518518518519,0.3333333333333333,0.6666666666666666,16.14814814814815,探索
HAMD-17,PDCH标签99人,Kimi-K2.6,思考,8,08_全文_规整_评分_清洗,全文,规整,逐条评分,清洗,逐条评分,3,自杀,Spearman,27,4,0.39315914965908305,0.042480883596177965,0.035647484213110356,0.7042728083691758,1.1851851851851851,0.4444444444444444,0.5555555555555556,16.14814814814815,探索
HAMD-17,PDCH标签99人,Kimi-K2.6,思考,8,08_全文_规整_评分_清洗,全文,规整,逐条评分,清洗,逐条评分,4,入睡困难,Spearman,27,3,0.35062844250150976,0.07295280603346883,0.031078446591453857,0.6493939176675273,0.7777777777777778,0.5185185185185185,0.48148148148148145,16.14814814814815,探索
HAMD-17,PDCH标签99人,Kimi-K2.6,思考,8,08_全文_规整_评分_清洗,全文,规整,逐条评分,清洗,逐条评分,5,睡眠不深,Spearman,27,3,0.4857860799469116,0.010203047759394717,0.18017648611459366,0.7344857907177886,0.7037037037037037,0.48148148148148145,0.5185185185185185,16.14814814814815,探索
HAMD-17,PDCH标签99人,Kimi-K2.6,思考,8,08_全文_规整_评分_清洗,全文,规整,逐条评分,清洗,逐条评分,6,早醒,Spearman,27,3,0.5285715490170261,0.004591591063587302,0.2624098860833489,0.749877343757433,0.6296296296296297,0.5925925925925926,0.4074074074074074,16.14814814814815,探索
HAMD-17,PDCH标签99人,Kimi-K2.6,思考,8,08_全文_规整_评分_清洗,全文,规整,逐条评分,清洗,逐条评分,7,工作和活动,Spearman,27,5,0.5113611629178464,0.006408019341423744,0.16811125181609557,0.7805217354483264,2.2222222222222223,0.07407407407407407,0.9259259259259259,16.14814814814815,探索
HAMD-17,PDCH标签99人,Kimi-K2.6,思考,8,08_全文_规整_评分_清洗,全文,规整,逐条评分,清洗,逐条评分,8,迟滞,Spearman,27,3,0.18533217163535606,0.3547066720267113,-0.23379505038716297,0.553814444586536,0.6666666666666666,0.5925925925925926,0.4074074074074074,16.14814814814815,探索
HAMD-17,PDCH标签99人,Kimi-K2.6,思考,8,08_全文_规整_评分_清洗,全文,规整,逐条评分,清洗,逐条评分,9,激越,Spearman,27,4,0.239258337906617,0.22938350395226267,-0.15791613902958104,0.5465647411555394,0.37037037037037035,0.8148148148148148,0.18518518518518517,16.14814814814815,探索
HAMD-17,PDCH标签99人,Kimi-K2.6,思考,8,08_全文_规整_评分_清洗,全文,规整,逐条评分,清洗,逐条评分,10,精神性焦虑,Spearman,27,3,0.511889277139649,0.0063444032816335014,0.19504219788106722,0.7701981074693156,1.0740740740740742,0.4074074074074074,0.5925925925925926,16.14814814814815,探索
HAMD-17,PDCH标签99人,Kimi-K2.6,思考,8,08_全文_规整_评分_清洗,全文,规整,逐条评分,清洗,逐条评分,11,躯体性焦虑,Spearman,27,4,0.32924194999005085,0.09354924143543766,-0.007703806229479385,0.623274202210636,1.2222222222222223,0.25925925925925924,0.7407407407407407,16.14814814814815,探索
HAMD-17,PDCH标签99人,Kimi-K2.6,思考,8,08_全文_规整_评分_清洗,全文,规整,逐条评分,清洗,逐条评分,12,胃肠道症状,Spearman,27,3,0.6396735641903883,0.00032731333347376783,0.4115070190805473,0.8276553480151863,0.6296296296296297,0.5185185185185185,0.48148148148148145,16.14814814814815,探索
HAMD-17,PDCH标签99人,Kimi-K2.6,思考,8,08_全文_规整_评分_清洗,全文,规整,逐条评分,清洗,逐条评分,13,全身症状,Spearman,27,3,0.6341424611939234,0.0003824114035914325,0.355559677475405,0.8287281765283645,1.1851851851851851,0.18518518518518517,0.8148148148148148,16.14814814814815,探索
HAMD-17,PDCH标签99人,Kimi-K2.6,思考,8,08_全文_规整_评分_清洗,全文,规整,逐条评分,清洗,逐条评分,14,性症状,Spearman,27,3,0.403721698904266,0.03676464185298825,0.07337315020517993,0.6432237527808717,0.9629629629629629,0.2222222222222222,0.7777777777777778,16.14814814814815,探索
HAMD-17,PDCH标签99人,Kimi-K2.6,思考,8,08_全文_规整_评分_清洗,全文,规整,逐条评分,清洗,逐条评分,15,疑病,Spearman,27,3,-0.09968335434809131,0.6208151198963798,-0.5257189098089664,0.30136166357974414,0.4444444444444444,0.6296296296296297,0.37037037037037035,16.14814814814815,探索
HAMD-17,PDCH标签99人,Kimi-K2.6,思考,8,08_全文_规整_评分_清洗,全文,规整,逐条评分,清洗,逐条评分,16,体重减轻,Spearman,27,3,0.22810867908280708,0.25247110004439177,-0.17788327021507125,0.5577235120346459,0.5555555555555556,0.6296296296296297,0.37037037037037035,16.14814814814815,探索
HAMD-17,PDCH标签99人,Kimi-K2.6,思考,8,08_全文_规整_评分_清洗,全文,规整,逐条评分,清洗,逐条评分,17,自知力,Spearman,27,2,0.47838439194980875,0.011599641596463756,0.15173392644231562,0.7332020578832683,0.25925925925925924,0.7407407407407407,0.25925925925925924,16.14814814814815,探索
HAMD-17,PDCH标签99人,Kimi-K2.6,思考,11,11_事件序列_不规整_评分_不清洗,事件序列,不规整,逐条评分,不清洗,逐条评分,1,抑郁情绪,Spearman,43,4,0.6447215947769913,3.067953995635078e-06,0.38508148543011744,0.8261923678386288,1.2093023255813953,0.2558139534883721,0.7441860465116279,13.930232558139535,正式
HAMD-17,PDCH标签99人,Kimi-K2.6,思考,11,11_事件序列_不规整_评分_不清洗,事件序列,不规整,逐条评分,不清洗,逐条评分,2,有罪感,Spearman,43,3,0.368876342560097,0.01492750717442298,0.09744056467777969,0.6184380732850664,0.7209302325581395,0.3953488372093023,0.6046511627906976,13.930232558139535,正式
HAMD-17,PDCH标签99人,Kimi-K2.6,思考,11,11_事件序列_不规整_评分_不清洗,事件序列,不规整,逐条评分,不清洗,逐条评分,3,自杀,Spearman,43,4,0.3930930951623145,0.009117056276051343,0.13328978549315526,0.5969581011812182,0.3488372093023256,0.8604651162790697,0.13953488372093023,13.930232558139535,正式
HAMD-17,PDCH标签99人,Kimi-K2.6,思考,11,11_事件序列_不规整_评分_不清洗,事件序列,不规整,逐条评分,不清洗,逐条评分,4,入睡困难,Spearman,43,3,0.4027919663769991,0.007407603865356045,0.12406959453461341,0.6287301787620128,0.627906976744186,0.5348837209302325,0.46511627906976744,13.930232558139535,正式
HAMD-17,PDCH标签99人,Kimi-K2.6,思考,11,11_事件序列_不规整_评分_不清洗,事件序列,不规整,逐条评分,不清洗,逐条评分,5,睡眠不深,Spearman,43,3,0.44642965978311194,0.0026930007685076088,0.19345766963319547,0.6780002828276064,0.7441860465116279,0.4883720930232558,0.5116279069767442,13.930232558139535,正式
HAMD-17,PDCH标签99人,Kimi-K2.6,思考,11,11_事件序列_不规整_评分_不清洗,事件序列,不规整,逐条评分,不清洗,逐条评分,6,早醒,Spearman,43,3,0.3771804774978345,0.012655843593363057,0.1067040749564018,0.6175352069568302,0.3953488372093023,0.7209302325581395,0.27906976744186046,13.930232558139535,正式
HAMD-17,PDCH标签99人,Kimi-K2.6,思考,11,11_事件序列_不规整_评分_不清洗,事件序列,不规整,逐条评分,不清洗,逐条评分,7,工作和活动,Spearman,43,5,0.8279608481718256,7.43104081025649e-12,0.7198038615020045,0.9067171821940426,1.6046511627906976,0.23255813953488372,0.7674418604651163,13.930232558139535,正式
HAMD-17,PDCH标签99人,Kimi-K2.6,思考,11,11_事件序列_不规整_评分_不清洗,事件序列,不规整,逐条评分,不清洗,逐条评分,8,迟滞,Spearman,43,3,0.4189658965372076,0.005168967644760981,0.17195074142069305,0.6062593800092706,0.23255813953488372,0.8604651162790697,0.13953488372093023,13.930232558139535,正式
HAMD-17,PDCH标签99人,Kimi-K2.6,思考,11,11_事件序列_不规整_评分_不清洗,事件序列,不规整,逐条评分,不清洗,逐条评分,9,激越,Spearman,43,3,0.1402508566920491,0.36970243013347154,-0.14200679530533897,0.3785913154783761,0.16279069767441862,0.8837209302325582,0.11627906976744186,13.930232558139535,正式
HAMD-17,PDCH标签99人,Kimi-K2.6,思考,11,11_事件序列_不规整_评分_不清洗,事件序列,不规整,逐条评分,不清洗,逐条评分,10,精神性焦虑,Spearman,43,4,0.3844687779505718,0.010911590370460817,0.12276301542848964,0.6050986558874775,0.6744186046511628,0.5116279069767442,0.4883720930232558,13.930232558139535,正式
HAMD-17,PDCH标签99人,Kimi-K2.6,思考,11,11_事件序列_不规整_评分_不清洗,事件序列,不规整,逐条评分,不清洗,逐条评分,11,躯体性焦虑,Spearman,43,4,0.5366771563471643,0.00020726430306919108,0.32429189367971606,0.7017999106663677,1.1627906976744187,0.23255813953488372,0.7674418604651163,13.930232558139535,正式
HAMD-17,PDCH标签99人,Kimi-K2.6,思考,11,11_事件序列_不规整_评分_不清洗,事件序列,不规整,逐条评分,不清洗,逐条评分,12,胃肠道症状,Spearman,43,3,0.45477051545569386,0.002185518172954019,0.2116363803843271,0.6810317528585965,0.5116279069767442,0.5581395348837209,0.4418604651162791,13.930232558139535,正式
HAMD-17,PDCH标签99人,Kimi-K2.6,思考,11,11_事件序列_不规整_评分_不清洗,事件序列,不规整,逐条评分,不清洗,逐条评分,13,全身症状,Spearman,43,3,0.6912938571284314,2.863981568549859e-07,0.5012396700797298,0.8304140252455954,0.627906976744186,0.5116279069767442,0.4883720930232558,13.930232558139535,正式
HAMD-17,PDCH标签99人,Kimi-K2.6,思考,11,11_事件序列_不规整_评分_不清洗,事件序列,不规整,逐条评分,不清洗,逐条评分,14,性症状,Spearman,43,3,0.2963312791408879,0.05366892977517893,-0.0010152977723980007,0.561651575341529,0.6046511627906976,0.46511627906976744,0.5348837209302325,13.930232558139535,正式
HAMD-17,PDCH标签99人,Kimi-K2.6,思考,11,11_事件序列_不规整_评分_不清洗,事件序列,不规整,逐条评分,不清洗,逐条评分,15,疑病,Spearman,43,3,0.13820650646576005,0.3767894428957858,-0.18235742255040918,0.41772084483043564,0.27906976744186046,0.7441860465116279,0.2558139534883721,13.930232558139535,正式
HAMD-17,PDCH标签99人,Kimi-K2.6,思考,11,11_事件序列_不规整_评分_不清洗,事件序列,不规整,逐条评分,不清洗,逐条评分,16,体重减轻,Spearman,43,3,0.11821871808608059,0.4502356407032855,-0.183277473846903,0.3851139860916388,0.20930232558139536,0.813953488372093,0.18604651162790697,13.930232558139535,正式
HAMD-17,PDCH标签99人,Kimi-K2.6,思考,11,11_事件序列_不规整_评分_不清洗,事件序列,不规整,逐条评分,不清洗,逐条评分,17,自知力,Spearman,43,3,0.2165827383912188,0.1630160001653133,-0.11313400312222367,0.4666715993333938,0.11627906976744186,0.9069767441860465,0.09302325581395349,13.930232558139535,正式
HAMD-17,PDCH标签99人,Kimi-K2.6,思考,12,12_事件序列_不规整_评分_清洗,事件序列,不规整,逐条评分,清洗,逐条评分,1,抑郁情绪,Spearman,43,3,0.4547723019086764,0.002185419213658841,0.18375560090974208,0.6766054284700204,1.2093023255813953,0.16279069767441862,0.8372093023255814,14.813953488372093,正式
HAMD-17,PDCH标签99人,Kimi-K2.6,思考,12,12_事件序列_不规整_评分_清洗,事件序列,不规整,逐条评分,清洗,逐条评分,2,有罪感,Spearman,43,3,0.25657220957195503,0.09675129903567552,-0.039237568602032355,0.5163964920007057,0.7209302325581395,0.37209302325581395,0.627906976744186,14.813953488372093,正式
HAMD-17,PDCH标签99人,Kimi-K2.6,思考,12,12_事件序列_不规整_评分_清洗,事件序列,不规整,逐条评分,清洗,逐条评分,3,自杀,Spearman,43,5,0.42827365132263795,0.0041688125450693395,0.17445832957771373,0.6233318216705898,0.7209302325581395,0.7209302325581395,0.27906976744186046,14.813953488372093,正式
HAMD-17,PDCH标签99人,Kimi-K2.6,思考,12,12_事件序列_不规整_评分_清洗,事件序列,不规整,逐条评分,清洗,逐条评分,4,入睡困难,Spearman,43,3,0.4137426473429849,0.005816924094968578,0.14261535490913332,0.6264639489489189,0.5116279069767442,0.6046511627906976,0.3953488372093023,14.813953488372093,正式
HAMD-17,PDCH标签99人,Kimi-K2.6,思考,12,12_事件序列_不规整_评分_清洗,事件序列,不规整,逐条评分,清洗,逐条评分,5,睡眠不深,Spearman,43,3,0.41976141543986634,0.005076007381556011,0.19768648404759298,0.6551973712461018,0.9069767441860465,0.4418604651162791,0.5581395348837209,14.813953488372093,正式
HAMD-17,PDCH标签99人,Kimi-K2.6,思考,12,12_事件序列_不规整_评分_清洗,事件序列,不规整,逐条评分,清洗,逐条评分,6,早醒,Spearman,43,3,0.28887310183399106,0.0602824131129036,0.008351282788094732,0.5247213546254423,0.46511627906976744,0.6511627906976745,0.3488372093023256,14.813953488372093,正式
HAMD-17,PDCH标签99人,Kimi-K2.6,思考,12,12_事件序列_不规整_评分_清洗,事件序列,不规整,逐条评分,清洗,逐条评分,7,工作和活动,Spearman,43,5,0.6227945715879946,8.204736862610513e-06,0.38329641864390784,0.8036374942453,1.697674418604651,0.18604651162790697,0.813953488372093,14.813953488372093,正式
HAMD-17,PDCH标签99人,Kimi-K2.6,思考,12,12_事件序列_不规整_评分_清洗,事件序列,不规整,逐条评分,清洗,逐条评分,8,迟滞,Spearman,43,3,0.46282295430221204,0.001777620393076393,0.21433464267460117,0.6757801727092617,0.37209302325581395,0.7209302325581395,0.27906976744186046,14.813953488372093,正式
HAMD-17,PDCH标签99人,Kimi-K2.6,思考,12,12_事件序列_不规整_评分_清洗,事件序列,不规整,逐条评分,清洗,逐条评分,9,激越,Spearman,43,3,0.1542731763551304,0.32327188175408916,-0.1306881048425158,0.4362339918265636,0.18604651162790697,0.8372093023255814,0.16279069767441862,14.813953488372093,正式
HAMD-17,PDCH标签99人,Kimi-K2.6,思考,12,12_事件序列_不规整_评分_清洗,事件序列,不规整,逐条评分,清洗,逐条评分,10,精神性焦虑,Spearman,43,3,0.45968503501435554,0.00192777750831893,0.21200055520942243,0.674768680720906,0.7209302325581395,0.46511627906976744,0.5348837209302325,14.813953488372093,正式
HAMD-17,PDCH标签99人,Kimi-K2.6,思考,12,12_事件序列_不规整_评分_清洗,事件序列,不规整,逐条评分,清洗,逐条评分,11,躯体性焦虑,Spearman,43,4,0.3057683777423852,0.04615025779529456,0.017096764243823313,0.5702359894550012,1.069767441860465,0.3023255813953488,0.6976744186046512,14.813953488372093,正式
HAMD-17,PDCH标签99人,Kimi-K2.6,思考,12,12_事件序列_不规整_评分_清洗,事件序列,不规整,逐条评分,清洗,逐条评分,12,胃肠道症状,Spearman,43,3,0.31021516881583544,0.042916239546442525,-0.004259570720111354,0.571656993420385,0.5348837209302325,0.5348837209302325,0.46511627906976744,14.813953488372093,正式
HAMD-17,PDCH标签99人,Kimi-K2.6,思考,12,12_事件序列_不规整_评分_清洗,事件序列,不规整,逐条评分,清洗,逐条评分,13,全身症状,Spearman,43,3,0.7126089193103031,8.306751977419799e-08,0.5335453684451866,0.8447006072259576,0.8372093023255814,0.37209302325581395,0.627906976744186,14.813953488372093,正式
HAMD-17,PDCH标签99人,Kimi-K2.6,思考,12,12_事件序列_不规整_评分_清洗,事件序列,不规整,逐条评分,清洗,逐条评分,14,性症状,Spearman,43,3,0.43223684212251967,0.0037971399310746303,0.1879302744653494,0.6448291317076736,0.8604651162790697,0.3488372093023256,0.6511627906976745,14.813953488372093,正式
HAMD-17,PDCH标签99人,Kimi-K2.6,思考,12,12_事件序列_不规整_评分_清洗,事件序列,不规整,逐条评分,清洗,逐条评分,15,疑病,Spearman,43,3,0.0008286317680216436,0.9957923098040654,-0.3289696103831512,0.2911421180373672,0.3953488372093023,0.6744186046511628,0.32558139534883723,14.813953488372093,正式
HAMD-17,PDCH标签99人,Kimi-K2.6,思考,12,12_事件序列_不规整_评分_清洗,事件序列,不规整,逐条评分,清洗,逐条评分,16,体重减轻,Spearman,43,3,0.18062935782317602,0.2464040659719045,-0.1467192885982279,0.4811073064165091,0.23255813953488372,0.813953488372093,0.18604651162790697,14.813953488372093,正式
HAMD-17,PDCH标签99人,Kimi-K2.6,思考,12,12_事件序列_不规整_评分_清洗,事件序列,不规整,逐条评分,清洗,逐条评分,17,自知力,Spearman,43,2,0.20658068281014155,0.18381109442686402,-0.20143335905373605,0.5000810846970578,0.06976744186046512,0.9302325581395349,0.06976744186046512,14.813953488372093,正式
HAMD-17,PDCH标签99人,Kimi-K2.6,思考,15,15_事件序列_规整_评分_不清洗,事件序列,规整,逐条评分,不清洗,逐条评分,1,抑郁情绪,Spearman,47,4,0.5480658408324676,6.66988354442545e-05,0.30461321797979884,0.7428903431320478,1.702127659574468,0.10638297872340426,0.8936170212765957,14.74468085106383,正式
HAMD-17,PDCH标签99人,Kimi-K2.6,思考,15,15_事件序列_规整_评分_不清洗,事件序列,规整,逐条评分,不清洗,逐条评分,2,有罪感,Spearman,47,4,0.3708390968861883,0.010284802963598266,0.1254990922522775,0.5735731519514597,0.9574468085106383,0.3191489361702128,0.6808510638297872,14.74468085106383,正式
HAMD-17,PDCH标签99人,Kimi-K2.6,思考,15,15_事件序列_规整_评分_不清洗,事件序列,规整,逐条评分,不清洗,逐条评分,3,自杀,Spearman,47,5,0.30117883026674575,0.039665446046134,0.04590546744551501,0.5240477045564683,1.0425531914893618,0.6382978723404256,0.3617021276595745,14.74468085106383,正式
HAMD-17,PDCH标签99人,Kimi-K2.6,思考,15,15_事件序列_规整_评分_不清洗,事件序列,规整,逐条评分,不清洗,逐条评分,4,入睡困难,Spearman,47,3,0.49242309859281586,0.0004381829528026958,0.23695370676450878,0.7022684995517842,0.7021276595744681,0.48936170212765956,0.5106382978723404,14.74468085106383,正式
HAMD-17,PDCH标签99人,Kimi-K2.6,思考,15,15_事件序列_规整_评分_不清洗,事件序列,规整,逐条评分,不清洗,逐条评分,5,睡眠不深,Spearman,47,3,0.022836465107682658,0.8789006899031828,-0.2565011150052248,0.29966437853221817,0.6382978723404256,0.5106382978723404,0.48936170212765956,14.74468085106383,正式
HAMD-17,PDCH标签99人,Kimi-K2.6,思考,15,15_事件序列_规整_评分_不清洗,事件序列,规整,逐条评分,不清洗,逐条评分,6,早醒,Spearman,47,3,0.25535724855087044,0.0832112651891448,-0.05050893373601998,0.5383809831640384,0.48936170212765956,0.6808510638297872,0.3191489361702128,14.74468085106383,正式
HAMD-17,PDCH标签99人,Kimi-K2.6,思考,15,15_事件序列_规整_评分_不清洗,事件序列,规整,逐条评分,不清洗,逐条评分,7,工作和活动,Spearman,47,5,0.5528334135483465,5.587372499491799e-05,0.34892024558763307,0.7154915811026076,2.1914893617021276,0.06382978723404255,0.9361702127659575,14.74468085106383,正式
HAMD-17,PDCH标签99人,Kimi-K2.6,思考,15,15_事件序列_规整_评分_不清洗,事件序列,规整,逐条评分,不清洗,逐条评分,8,迟滞,Spearman,47,3,0.37627461865895556,0.009141439301662705,0.11608178170757281,0.6162679682973335,0.6808510638297872,0.48936170212765956,0.5106382978723404,14.74468085106383,正式
HAMD-17,PDCH标签99人,Kimi-K2.6,思考,15,15_事件序列_规整_评分_不清洗,事件序列,规整,逐条评分,不清洗,逐条评分,9,激越,Spearman,47,4,0.2606548734539453,0.07679848370822101,0.002462780728002078,0.5267036397943813,0.44680851063829785,0.723404255319149,0.2765957446808511,14.74468085106383,正式
HAMD-17,PDCH标签99人,Kimi-K2.6,思考,15,15_事件序列_规整_评分_不清洗,事件序列,规整,逐条评分,不清洗,逐条评分,10,精神性焦虑,Spearman,47,4,0.45411069450528846,0.001344871380461005,0.2057377051812006,0.6692384319036234,1.1063829787234043,0.3617021276595745,0.6382978723404256,14.74468085106383,正式
HAMD-17,PDCH标签99人,Kimi-K2.6,思考,15,15_事件序列_规整_评分_不清洗,事件序列,规整,逐条评分,不清洗,逐条评分,11,躯体性焦虑,Spearman,47,4,0.6348654842202279,1.6443441532236506e-06,0.41116602650070566,0.7939574717325019,1.2765957446808511,0.2127659574468085,0.7872340425531915,14.74468085106383,正式
HAMD-17,PDCH标签99人,Kimi-K2.6,思考,15,15_事件序列_规整_评分_不清洗,事件序列,规整,逐条评分,不清洗,逐条评分,12,胃肠道症状,Spearman,47,3,0.5064622303968076,0.0002808578400066495,0.2873355108582749,0.6949842040889234,0.6808510638297872,0.46808510638297873,0.5319148936170213,14.74468085106383,正式
HAMD-17,PDCH标签99人,Kimi-K2.6,思考,15,15_事件序列_规整_评分_不清洗,事件序列,规整,逐条评分,不清洗,逐条评分,13,全身症状,Spearman,47,3,0.5817853121431229,1.7944031609684264e-05,0.3514078239797217,0.7495713106504082,1.0851063829787233,0.2765957446808511,0.723404255319149,14.74468085106383,正式
HAMD-17,PDCH标签99人,Kimi-K2.6,思考,15,15_事件序列_规整_评分_不清洗,事件序列,规整,逐条评分,不清洗,逐条评分,14,性症状,Spearman,47,3,0.2781815713028135,0.05831498596225221,-0.02956588188607715,0.5292960707564812,0.7872340425531915,0.3829787234042553,0.6170212765957447,14.74468085106383,正式
HAMD-17,PDCH标签99人,Kimi-K2.6,思考,15,15_事件序列_规整_评分_不清洗,事件序列,规整,逐条评分,不清洗,逐条评分,15,疑病,Spearman,47,3,0.1109558418192215,0.4577911615419112,-0.1865237305021854,0.4020660686985619,0.48936170212765956,0.6595744680851063,0.3404255319148936,14.74468085106383,正式
HAMD-17,PDCH标签99人,Kimi-K2.6,思考,15,15_事件序列_规整_评分_不清洗,事件序列,规整,逐条评分,不清洗,逐条评分,16,体重减轻,Spearman,47,3,0.3216418554451163,0.02747948165873817,0.05235792463790943,0.5461894639950453,0.44680851063829785,0.6808510638297872,0.3191489361702128,14.74468085106383,正式
HAMD-17,PDCH标签99人,Kimi-K2.6,思考,15,15_事件序列_规整_评分_不清洗,事件序列,规整,逐条评分,不清洗,逐条评分,17,自知力,Spearman,47,3,-0.24521714812433473,0.09664744411555201,-0.537223401437256,0.08894871964136702,0.3404255319148936,0.7659574468085106,0.23404255319148937,14.74468085106383,正式
HAMD-17,PDCH标签99人,Kimi-K2.6,思考,16,16_事件序列_规整_评分_清洗,事件序列,规整,逐条评分,清洗,逐条评分,1,抑郁情绪,Spearman,49,5,0.60804192451107,3.5871264565869796e-06,0.3821324532883306,0.7889991568176699,1.7346938775510203,0.10204081632653061,0.8979591836734694,15.489795918367347,正式
HAMD-17,PDCH标签99人,Kimi-K2.6,思考,16,16_事件序列_规整_评分_清洗,事件序列,规整,逐条评分,清洗,逐条评分,2,有罪感,Spearman,49,4,0.29212439927309924,0.041675486968375995,0.03726604863046043,0.5353500785592523,1.0,0.24489795918367346,0.7551020408163265,15.489795918367347,正式
HAMD-17,PDCH标签99人,Kimi-K2.6,思考,16,16_事件序列_规整_评分_清洗,事件序列,规整,逐条评分,清洗,逐条评分,3,自杀,Spearman,49,5,0.41108001288229645,0.003344105529148148,0.17295278647290924,0.6246750267604797,0.7551020408163265,0.7142857142857143,0.2857142857142857,15.489795918367347,正式
HAMD-17,PDCH标签99人,Kimi-K2.6,思考,16,16_事件序列_规整_评分_清洗,事件序列,规整,逐条评分,清洗,逐条评分,4,入睡困难,Spearman,49,3,0.3969417960659164,0.0047443591299491,0.14881529207502547,0.5957983500644242,0.6938775510204082,0.46938775510204084,0.5306122448979592,15.489795918367347,正式
HAMD-17,PDCH标签99人,Kimi-K2.6,思考,16,16_事件序列_规整_评分_清洗,事件序列,规整,逐条评分,清洗,逐条评分,5,睡眠不深,Spearman,49,3,0.3520714001215188,0.013105927780302857,0.12589168935328882,0.5636703364913167,0.8979591836734694,0.3877551020408163,0.6122448979591837,15.489795918367347,正式
HAMD-17,PDCH标签99人,Kimi-K2.6,思考,16,16_事件序列_规整_评分_清洗,事件序列,规整,逐条评分,清洗,逐条评分,6,早醒,Spearman,49,3,0.31320833679738463,0.028428458706502308,0.05888159565746759,0.5567340466118785,0.5918367346938775,0.6326530612244898,0.3673469387755102,15.489795918367347,正式
HAMD-17,PDCH标签99人,Kimi-K2.6,思考,16,16_事件序列_规整_评分_清洗,事件序列,规整,逐条评分,清洗,逐条评分,7,工作和活动,Spearman,49,5,0.6065931232971916,3.838300777495505e-06,0.41637256565015807,0.7770759885594428,2.3469387755102042,0.12244897959183673,0.8775510204081632,15.489795918367347,正式
HAMD-17,PDCH标签99人,Kimi-K2.6,思考,16,16_事件序列_规整_评分_清洗,事件序列,规整,逐条评分,清洗,逐条评分,8,迟滞,Spearman,49,3,0.41211818724205884,0.003257386706649082,0.16906080408524196,0.6369092892535095,0.7959183673469388,0.4897959183673469,0.5102040816326531,15.489795918367347,正式
HAMD-17,PDCH标签99人,Kimi-K2.6,思考,16,16_事件序列_规整_评分_清洗,事件序列,规整,逐条评分,清洗,逐条评分,9,激越,Spearman,49,4,0.24719279681355394,0.08682909756427035,-0.0048795251996610585,0.4761690469086874,0.5510204081632653,0.6326530612244898,0.3673469387755102,15.489795918367347,正式
HAMD-17,PDCH标签99人,Kimi-K2.6,思考,16,16_事件序列_规整_评分_清洗,事件序列,规整,逐条评分,清洗,逐条评分,10,精神性焦虑,Spearman,49,4,0.5170937216873526,0.00014220581534048177,0.28204384859822573,0.7108095165242558,1.3061224489795917,0.2653061224489796,0.7346938775510204,15.489795918367347,正式
HAMD-17,PDCH标签99人,Kimi-K2.6,思考,16,16_事件序列_规整_评分_清洗,事件序列,规整,逐条评分,清洗,逐条评分,11,躯体性焦虑,Spearman,49,4,0.6239535707486626,1.667678639513287e-06,0.42621294368438317,0.7983656783962944,1.489795918367347,0.20408163265306123,0.7959183673469388,15.489795918367347,正式
HAMD-17,PDCH标签99人,Kimi-K2.6,思考,16,16_事件序列_规整_评分_清洗,事件序列,规整,逐条评分,清洗,逐条评分,12,胃肠道症状,Spearman,49,3,0.42406110695623705,0.002393365304936114,0.19215583211142553,0.6297497043116936,0.8163265306122449,0.3877551020408163,0.6122448979591837,15.489795918367347,正式
HAMD-17,PDCH标签99人,Kimi-K2.6,思考,16,16_事件序列_规整_评分_清洗,事件序列,规整,逐条评分,清洗,逐条评分,13,全身症状,Spearman,49,3,0.5244161371048963,0.00010983814781044998,0.31229278475427225,0.7120808785981938,1.1224489795918366,0.20408163265306123,0.7959183673469388,15.489795918367347,正式
HAMD-17,PDCH标签99人,Kimi-K2.6,思考,16,16_事件序列_规整_评分_清洗,事件序列,规整,逐条评分,清洗,逐条评分,14,性症状,Spearman,49,3,0.46888124338215376,0.0006783231891286401,0.24215432852035929,0.6637258210917824,0.8163265306122449,0.3877551020408163,0.6122448979591837,15.489795918367347,正式
HAMD-17,PDCH标签99人,Kimi-K2.6,思考,16,16_事件序列_规整_评分_清洗,事件序列,规整,逐条评分,清洗,逐条评分,15,疑病,Spearman,49,3,0.25293690760921667,0.0795181928613138,-0.05315009690803084,0.49479795355802453,0.5918367346938775,0.6530612244897959,0.3469387755102041,15.489795918367347,正式
HAMD-17,PDCH标签99人,Kimi-K2.6,思考,16,16_事件序列_规整_评分_清洗,事件序列,规整,逐条评分,清洗,逐条评分,16,体重减轻,Spearman,49,3,0.23893491006345416,0.09824693024424486,-0.02281548354682348,0.4825971772159595,0.5714285714285714,0.6326530612244898,0.3673469387755102,15.489795918367347,正式
HAMD-17,PDCH标签99人,Kimi-K2.6,思考,16,16_事件序列_规整_评分_清洗,事件序列,规整,逐条评分,清洗,逐条评分,17,自知力,Spearman,49,3,-0.15256647231644932,0.29531294928305146,-0.4263714774077497,0.15708662094893835,0.2653061224489796,0.7755102040816326,0.22448979591836735,15.489795918367347,正式
HAMD-17,PDCH标签99人,Qwen3.7-Max,不思考,3,03_全文_不规整_评分_不清洗,全文,不规整,逐条评分,不清洗,逐条评分,1,抑郁情绪,Spearman,8,3,0.7244071573259107,0.04210917931295177,0.4087309385247825,0.9636416486264483,1.25,0.5,0.5,14.75,不可估计
HAMD-17,PDCH标签99人,Qwen3.7-Max,不思考,3,03_全文_不规整_评分_不清洗,全文,不规整,逐条评分,不清洗,逐条评分,2,有罪感,Spearman,8,3,0.6590732205454569,0.07546227192486869,0.18676665515051194,0.9660513315526993,0.875,0.375,0.625,14.75,不可估计
HAMD-17,PDCH标签99人,Qwen3.7-Max,不思考,3,03_全文_不规整_评分_不清洗,全文,不规整,逐条评分,不清洗,逐条评分,3,自杀,Spearman,8,4,0.745122224799006,0.03388443602690554,0.43468868214753614,0.957339069682201,1.5,0.5,0.5,14.75,不可估计
HAMD-17,PDCH标签99人,Qwen3.7-Max,不思考,3,03_全文_不规整_评分_不清洗,全文,不规整,逐条评分,不清洗,逐条评分,4,入睡困难,Spearman,8,3,0.6637918509160179,0.07266280922100866,-0.08081720556911214,0.9583514989788181,0.625,0.625,0.375,14.75,不可估计
HAMD-17,PDCH标签99人,Qwen3.7-Max,不思考,3,03_全文_不规整_评分_不清洗,全文,不规整,逐条评分,不清洗,逐条评分,5,睡眠不深,Spearman,8,2,0.8502303018977035,0.0074835521739591735,0.6480310013649976,0.9716843974224426,0.375,0.625,0.375,14.75,不可估计
HAMD-17,PDCH标签99人,Qwen3.7-Max,不思考,3,03_全文_不规整_评分_不清洗,全文,不规整,逐条评分,不清洗,逐条评分,6,早醒,Spearman,8,3,0.8712268043272735,0.004836155719071712,0.6457873796669426,0.9853285665289999,0.5,0.625,0.375,14.75,不可估计
HAMD-17,PDCH标签99人,Qwen3.7-Max,不思考,3,03_全文_不规整_评分_不清洗,全文,不规整,逐条评分,不清洗,逐条评分,7,工作和活动,Spearman,8,4,0.8202714349909392,0.012628012592729802,0.34271331335398053,0.9851704781194973,2.375,0.25,0.75,14.75,不可估计
HAMD-17,PDCH标签99人,Qwen3.7-Max,不思考,3,03_全文_不规整_评分_不清洗,全文,不规整,逐条评分,不清洗,逐条评分,8,迟滞,Spearman,8,3,0.9183536867546749,0.0012787012693888417,0.8091913612669893,0.9859160232700972,0.625,0.5,0.5,14.75,不可估计
HAMD-17,PDCH标签99人,Qwen3.7-Max,不思考,3,03_全文_不规整_评分_不清洗,全文,不规整,逐条评分,不清洗,逐条评分,9,激越,Spearman,8,3,0.7329368353864364,0.03859063895870013,0.36425681641670254,0.9481148633784362,0.5,0.625,0.375,14.75,不可估计
HAMD-17,PDCH标签99人,Qwen3.7-Max,不思考,3,03_全文_不规整_评分_不清洗,全文,不规整,逐条评分,不清洗,逐条评分,10,精神性焦虑,Spearman,8,4,0.8607446389919553,0.0060656597984625376,0.7315158565511667,0.9616427914605155,1.0,0.5,0.5,14.75,不可估计
HAMD-17,PDCH标签99人,Qwen3.7-Max,不思考,3,03_全文_不规整_评分_不清洗,全文,不规整,逐条评分,不清洗,逐条评分,11,躯体性焦虑,Spearman,8,4,0.7854091098781055,0.020899016423453216,0.3590387033240551,0.9869300859362389,1.5,0.25,0.75,14.75,不可估计
HAMD-17,PDCH标签99人,Qwen3.7-Max,不思考,3,03_全文_不规整_评分_不清洗,全文,不规整,逐条评分,不清洗,逐条评分,12,胃肠道症状,Spearman,8,2,0.8781140799175227,0.0041231612519065566,0.7405864017733933,0.9687889927353805,0.5,0.5,0.5,14.75,不可估计
HAMD-17,PDCH标签99人,Qwen3.7-Max,不思考,3,03_全文_不规整_评分_不清洗,全文,不规整,逐条评分,不清洗,逐条评分,13,全身症状,Spearman,8,3,0.8238415256818211,0.01192432878137593,0.5617544147048537,0.9779637640873756,1.0,0.375,0.625,14.75,不可估计
HAMD-17,PDCH标签99人,Qwen3.7-Max,不思考,3,03_全文_不规整_评分_不清洗,全文,不规整,逐条评分,不清洗,逐条评分,14,性症状,Spearman,8,3,0.9189001632604927,0.0012537256279398262,0.8058633245912099,0.9860545071073334,1.0,0.375,0.625,14.75,不可估计
HAMD-17,PDCH标签99人,Qwen3.7-Max,不思考,3,03_全文_不规整_评分_不清洗,全文,不规整,逐条评分,不清洗,逐条评分,15,疑病,Spearman,8,3,0.3214237903641362,0.4375530305215762,-0.7003581623685944,0.8799673742884501,0.625,0.5,0.5,14.75,不可估计
HAMD-17,PDCH标签99人,Qwen3.7-Max,不思考,3,03_全文_不规整_评分_不清洗,全文,不规整,逐条评分,不清洗,逐条评分,16,体重减轻,Spearman,8,3,0.8297398136450224,0.010817007094277162,0.6225062799340224,0.9677596942625144,0.625,0.625,0.375,14.75,不可估计
HAMD-17,PDCH标签99人,Qwen3.7-Max,不思考,3,03_全文_不规整_评分_不清洗,全文,不规整,逐条评分,不清洗,逐条评分,17,自知力,Spearman,8,2,0.5808178695515156,0.13110228460382842,0.464532320806308,0.9219137571181747,0.125,0.875,0.125,14.75,不可估计
HAMD-17,PDCH标签99人,Qwen3.7-Max,不思考,4,04_全文_不规整_评分_清洗,全文,不规整,逐条评分,清洗,逐条评分,1,抑郁情绪,Spearman,6,4,0.8827348295047495,0.01982041658888203,0.5252257314388903,0.9951580892710009,1.5,0.3333333333333333,0.6666666666666666,14.666666666666666,不可估计
HAMD-17,PDCH标签99人,Qwen3.7-Max,不思考,4,04_全文_不规整_评分_清洗,全文,不规整,逐条评分,清洗,逐条评分,2,有罪感,Spearman,6,3,0.9258200997725515,0.008049893100837697,0.7730206825239258,0.9994093102933299,1.1666666666666667,0.3333333333333333,0.6666666666666666,14.666666666666666,不可估计
HAMD-17,PDCH标签99人,Qwen3.7-Max,不思考,4,04_全文_不规整_评分_清洗,全文,不规整,逐条评分,清洗,逐条评分,3,自杀,Spearman,6,4,0.5161002296110789,0.29458374146246064,-0.2598206124907481,0.9999999999999999,1.3333333333333333,0.5,0.5,14.666666666666666,不可估计
HAMD-17,PDCH标签99人,Qwen3.7-Max,不思考,4,04_全文_不规整_评分_清洗,全文,不规整,逐条评分,清洗,逐条评分,4,入睡困难,Spearman,6,2,0.41403933560541256,0.4144300825009163,-0.30151134457776363,0.970142500145332,0.3333333333333333,0.6666666666666666,0.3333333333333333,14.666666666666666,不可估计
HAMD-17,PDCH标签99人,Qwen3.7-Max,不思考,4,04_全文_不规整_评分_清洗,全文,不规整,逐条评分,清洗,逐条评分,5,睡眠不深,Spearman,6,2,0.4879500364742666,0.3261642353450602,-0.3872983346207417,0.9647638212377322,0.5,0.5,0.5,14.666666666666666,不可估计
HAMD-17,PDCH标签99人,Qwen3.7-Max,不思考,4,04_全文_不规整_评分_清洗,全文,不规整,逐条评分,清洗,逐条评分,6,早醒,Spearman,6,3,0.304255531702266,0.5576993870568203,-0.5597388422784559,0.9284766908852593,0.5,0.6666666666666666,0.3333333333333333,14.666666666666666,不可估计
HAMD-17,PDCH标签99人,Qwen3.7-Max,不思考,4,04_全文_不规整_评分_清洗,全文,不规整,逐条评分,清洗,逐条评分,7,工作和活动,Spearman,6,4,0.7944613465542746,0.05902759992532669,0.25,1.0,2.0,0.3333333333333333,0.6666666666666666,14.666666666666666,不可估计
HAMD-17,PDCH标签99人,Qwen3.7-Max,不思考,4,04_全文_不规整_评分_清洗,全文,不规整,逐条评分,清洗,逐条评分,8,迟滞,Spearman,6,3,0.6789347398332044,0.13807618266889368,-0.34921514788478913,0.9977178899750065,0.8333333333333334,0.3333333333333333,0.6666666666666666,14.666666666666666,不可估计
HAMD-17,PDCH标签99人,Qwen3.7-Max,不思考,4,04_全文_不规整_评分_清洗,全文,不规整,逐条评分,清洗,逐条评分,9,激越,Spearman,6,2,0.41403933560541256,0.4144300825009163,-0.30151134457776363,0.970142500145332,0.6666666666666666,0.6666666666666666,0.3333333333333333,14.666666666666666,不可估计
HAMD-17,PDCH标签99人,Qwen3.7-Max,不思考,4,04_全文_不规整_评分_清洗,全文,不规整,逐条评分,清洗,逐条评分,10,精神性焦虑,Spearman,6,4,0.6982532518267538,0.12283946337339603,0.19741240506390328,0.9819805060619655,1.0,0.5,0.5,14.666666666666666,不可估计
HAMD-17,PDCH标签99人,Qwen3.7-Max,不思考,4,04_全文_不规整_评分_清洗,全文,不规整,逐条评分,清洗,逐条评分,11,躯体性焦虑,Spearman,6,4,0.8827348295047495,0.01982041658888203,0.5681177511164548,0.9995295050626827,1.5,0.16666666666666666,0.8333333333333334,14.666666666666666,不可估计
HAMD-17,PDCH标签99人,Qwen3.7-Max,不思考,4,04_全文_不规整_评分_清洗,全文,不规整,逐条评分,清洗,逐条评分,12,胃肠道症状,Spearman,6,2,0.6831300510639732,0.13470193531896732,0.08304547985373997,0.9883716976506173,0.5,0.5,0.5,14.666666666666666,不可估计
HAMD-17,PDCH标签99人,Qwen3.7-Max,不思考,4,04_全文_不规整_评分_清洗,全文,不规整,逐条评分,清洗,逐条评分,13,全身症状,Spearman,6,3,0.9258200997725515,0.008049893100837697,0.7592566023652968,0.998580191260562,1.3333333333333333,0.16666666666666666,0.8333333333333334,14.666666666666666,不可估计
HAMD-17,PDCH标签99人,Qwen3.7-Max,不思考,4,04_全文_不规整_评分_清洗,全文,不规整,逐条评分,清洗,逐条评分,14,性症状,Spearman,6,2,0.6210590034081188,0.18818715983081608,0.0,0.9718631715735594,0.6666666666666666,0.6666666666666666,0.3333333333333333,14.666666666666666,不可估计
HAMD-17,PDCH标签99人,Qwen3.7-Max,不思考,4,04_全文_不规整_评分_清洗,全文,不规整,逐条评分,清洗,逐条评分,15,疑病,Spearman,6,2,-0.20701966780270628,0.69390663403457,-0.8944271909999159,0.860052669134112,0.3333333333333333,0.6666666666666666,0.3333333333333333,14.666666666666666,不可估计
HAMD-17,PDCH标签99人,Qwen3.7-Max,不思考,4,04_全文_不规整_评分_清洗,全文,不规整,逐条评分,清洗,逐条评分,16,体重减轻,Spearman,6,2,0.6546536707079772,0.15830242337545788,0.5458818181490028,0.9824056219705026,0.3333333333333333,0.8333333333333334,0.16666666666666666,14.666666666666666,不可估计
HAMD-17,PDCH标签99人,Qwen3.7-Max,不思考,4,04_全文_不规整_评分_清洗,全文,不规整,逐条评分,清洗,逐条评分,17,自知力,Spearman,6,1,,,,,0.0,1.0,0.0,14.666666666666666,不可估计
HAMD-17,PDCH标签99人,Qwen3.7-Max,不思考,7,07_全文_规整_评分_不清洗,全文,规整,逐条评分,不清洗,逐条评分,1,抑郁情绪,Spearman,6,2,0.8280786712108251,0.041794680456045265,0.610170215847752,0.9847835588179369,0.6666666666666666,0.6666666666666666,0.3333333333333333,7.0,不可估计
HAMD-17,PDCH标签99人,Qwen3.7-Max,不思考,7,07_全文_规整_评分_不清洗,全文,规整,逐条评分,不清洗,逐条评分,2,有罪感,Spearman,6,2,0.6546536707079772,0.15830242337545788,0.5291502622129179,0.9676172723968441,0.3333333333333333,0.8333333333333334,0.16666666666666666,7.0,不可估计
HAMD-17,PDCH标签99人,Qwen3.7-Max,不思考,7,07_全文_规整_评分_不清洗,全文,规整,逐条评分,不清洗,逐条评分,3,自杀,Spearman,6,3,0.8451542547285165,0.03410942316740967,0.597614304667197,0.9992218234090152,0.5,0.6666666666666666,0.3333333333333333,7.0,不可估计
HAMD-17,PDCH标签99人,Qwen3.7-Max,不思考,7,07_全文_规整_评分_不清洗,全文,规整,逐条评分,不清洗,逐条评分,4,入睡困难,Spearman,6,2,0.39279220242478635,0.4411128091213039,0.08304547985373997,0.9647638212377321,0.3333333333333333,0.8333333333333334,0.16666666666666666,7.0,不可估计
HAMD-17,PDCH标签99人,Qwen3.7-Max,不思考,7,07_全文_规整_评分_不清洗,全文,规整,逐条评分,不清洗,逐条评分,5,睡眠不深,Spearman,6,2,0.39279220242478635,0.4411128091213039,0.0,0.9701570712265525,0.3333333333333333,0.8333333333333334,0.16666666666666666,7.0,不可估计
HAMD-17,PDCH标签99人,Qwen3.7-Max,不思考,7,07_全文_规整_评分_不清洗,全文,规整,逐条评分,不清洗,逐条评分,6,早醒,Spearman,6,3,0.7715167498104596,0.0723429555850427,0.0,0.9946824240932526,0.6666666666666666,0.5,0.5,7.0,不可估计
HAMD-17,PDCH标签99人,Qwen3.7-Max,不思考,7,07_全文_规整_评分_不清洗,全文,规整,逐条评分,不清洗,逐条评分,7,工作和活动,Spearman,6,4,0.7589709258986453,0.08014122805832388,0.13483997249264845,0.9890833168508224,1.5,0.5,0.5,7.0,不可估计
HAMD-17,PDCH标签99人,Qwen3.7-Max,不思考,7,07_全文_规整_评分_不清洗,全文,规整,逐条评分,不清洗,逐条评分,8,迟滞,Spearman,6,3,0.7715167498104596,0.0723429555850427,0.17407765595569785,0.9929744613557197,0.6666666666666666,0.5,0.5,7.0,不可估计
HAMD-17,PDCH标签99人,Qwen3.7-Max,不思考,7,07_全文_规整_评分_不清洗,全文,规整,逐条评分,不清洗,逐条评分,9,激越,Spearman,6,2,0.8280786712108251,0.041794680456045265,0.610170215847752,0.9805806756909202,0.3333333333333333,0.6666666666666666,0.3333333333333333,7.0,不可估计
HAMD-17,PDCH标签99人,Qwen3.7-Max,不思考,7,07_全文_规整_评分_不清洗,全文,规整,逐条评分,不清洗,逐条评分,10,精神性焦虑,Spearman,6,2,0.8280786712108251,0.041794680456045265,0.6324555320336757,0.9805806756909202,0.6666666666666666,0.6666666666666666,0.3333333333333333,7.0,不可估计
HAMD-17,PDCH标签99人,Qwen3.7-Max,不思考,7,07_全文_规整_评分_不清洗,全文,规整,逐条评分,不清洗,逐条评分,11,躯体性焦虑,Spearman,6,3,0.555492059863531,0.2524663994407912,-0.8611192288930994,0.9743911956946198,0.8333333333333334,0.5,0.5,7.0,不可估计
HAMD-17,PDCH标签99人,Qwen3.7-Max,不思考,7,07_全文_规整_评分_不清洗,全文,规整,逐条评分,不清洗,逐条评分,12,胃肠道症状,Spearman,6,2,0.39279220242478635,0.4411128091213039,0.08304547985373997,0.9615239476408232,0.3333333333333333,0.8333333333333334,0.16666666666666666,7.0,不可估计
HAMD-17,PDCH标签99人,Qwen3.7-Max,不思考,7,07_全文_规整_评分_不清洗,全文,规整,逐条评分,不清洗,逐条评分,13,全身症状,Spearman,6,3,0.7775419143502353,0.06872694144108958,0.5997017880833996,0.9805806756909201,0.5,0.6666666666666666,0.3333333333333333,7.0,不可估计
HAMD-17,PDCH标签99人,Qwen3.7-Max,不思考,7,07_全文_规整_评分_不清洗,全文,规整,逐条评分,不清洗,逐条评分,14,性症状,Spearman,6,2,0.6546536707079772,0.15830242337545788,0.529150262212918,0.9899494936611665,0.3333333333333333,0.8333333333333334,0.16666666666666666,7.0,不可估计
HAMD-17,PDCH标签99人,Qwen3.7-Max,不思考,7,07_全文_规整_评分_不清洗,全文,规整,逐条评分,不清洗,逐条评分,15,疑病,Spearman,6,2,0.13093073414159545,0.8047261622231062,-0.3692744729379982,0.9135002783911397,0.16666666666666666,0.8333333333333334,0.16666666666666666,7.0,不可估计
HAMD-17,PDCH标签99人,Qwen3.7-Max,不思考,7,07_全文_规整_评分_不清洗,全文,规整,逐条评分,不清洗,逐条评分,16,体重减轻,Spearman,6,1,,,,,0.0,1.0,0.0,7.0,不可估计
HAMD-17,PDCH标签99人,Qwen3.7-Max,不思考,7,07_全文_规整_评分_不清洗,全文,规整,逐条评分,不清洗,逐条评分,17,自知力,Spearman,6,2,0.6546536707079772,0.15830242337545788,0.5294796592712612,0.9819805060619657,0.16666666666666666,0.8333333333333334,0.16666666666666666,7.0,不可估计
HAMD-17,PDCH标签99人,Qwen3.7-Max,不思考,8,08_全文_规整_评分_清洗,全文,规整,逐条评分,清洗,逐条评分,1,抑郁情绪,Spearman,14,3,0.6326398954745655,0.01518132244759851,0.20512942752639318,0.9186913964275139,1.7857142857142858,0.35714285714285715,0.6428571428571429,13.857142857142858,不可估计
HAMD-17,PDCH标签99人,Qwen3.7-Max,不思考,8,08_全文_规整_评分_清洗,全文,规整,逐条评分,清洗,逐条评分,2,有罪感,Spearman,14,3,0.34982021714172973,0.22016859709187533,-0.14947664943850877,0.8364437582632359,0.9285714285714286,0.42857142857142855,0.5714285714285714,13.857142857142858,不可估计
HAMD-17,PDCH标签99人,Qwen3.7-Max,不思考,8,08_全文_规整_评分_清洗,全文,规整,逐条评分,清洗,逐条评分,3,自杀,Spearman,14,3,0.6624822589042154,0.00983227039557856,0.26411930286350305,0.9180764302584515,1.5714285714285714,0.42857142857142855,0.5714285714285714,13.857142857142858,不可估计
HAMD-17,PDCH标签99人,Qwen3.7-Max,不思考,8,08_全文_规整_评分_清洗,全文,规整,逐条评分,清洗,逐条评分,4,入睡困难,Spearman,14,3,0.17018280833921987,0.5607904268021986,-0.33251920781997313,0.6363003852620324,0.7857142857142857,0.42857142857142855,0.5714285714285714,13.857142857142858,不可估计
HAMD-17,PDCH标签99人,Qwen3.7-Max,不思考,8,08_全文_规整_评分_清洗,全文,规整,逐条评分,清洗,逐条评分,5,睡眠不深,Spearman,14,3,0.47036043419179857,0.08963672740400001,-0.10515661326687628,0.8786726753807059,1.0,0.2857142857142857,0.7142857142857143,13.857142857142858,不可估计
HAMD-17,PDCH标签99人,Qwen3.7-Max,不思考,8,08_全文_规整_评分_清洗,全文,规整,逐条评分,清洗,逐条评分,6,早醒,Spearman,14,3,0.5280306541114975,0.05227733700003682,0.13831737515604126,0.8268160737707807,0.5714285714285714,0.5714285714285714,0.42857142857142855,13.857142857142858,不可估计
HAMD-17,PDCH标签99人,Qwen3.7-Max,不思考,8,08_全文_规整_评分_清洗,全文,规整,逐条评分,清洗,逐条评分,7,工作和活动,Spearman,14,5,0.6035406006893341,0.022296243751161918,0.08325860858295149,0.9108397535485658,2.642857142857143,0.14285714285714285,0.8571428571428571,13.857142857142858,不可估计
HAMD-17,PDCH标签99人,Qwen3.7-Max,不思考,8,08_全文_规整_评分_清洗,全文,规整,逐条评分,清洗,逐条评分,8,迟滞,Spearman,14,3,0.2804699128716017,0.3314156820787881,-0.22748217147445032,0.7563239609684401,0.7857142857142857,0.5,0.5,13.857142857142858,不可估计
HAMD-17,PDCH标签99人,Qwen3.7-Max,不思考,8,08_全文_规整_评分_清洗,全文,规整,逐条评分,清洗,逐条评分,9,激越,Spearman,14,4,0.3724573190890986,0.18969806153115318,-0.12935133556135658,0.7577727070493776,0.6428571428571429,0.6428571428571429,0.35714285714285715,13.857142857142858,不可估计
HAMD-17,PDCH标签99人,Qwen3.7-Max,不思考,8,08_全文_规整_评分_清洗,全文,规整,逐条评分,清洗,逐条评分,10,精神性焦虑,Spearman,14,4,0.5806663492804482,0.029456525749233145,0.12189161785403013,0.8658182721531866,1.3571428571428572,0.35714285714285715,0.6428571428571429,13.857142857142858,不可估计
HAMD-17,PDCH标签99人,Qwen3.7-Max,不思考,8,08_全文_规整_评分_清洗,全文,规整,逐条评分,清洗,逐条评分,11,躯体性焦虑,Spearman,14,5,0.5786035848595391,0.030177405862193394,0.10893992816650055,0.9167334617146565,1.4285714285714286,0.35714285714285715,0.6428571428571429,13.857142857142858,不可估计
HAMD-17,PDCH标签99人,Qwen3.7-Max,不思考,8,08_全文_规整_评分_清洗,全文,规整,逐条评分,清洗,逐条评分,12,胃肠道症状,Spearman,14,3,0.5765214875694036,0.030918277344648623,0.04903824829718852,0.899753659671956,0.7857142857142857,0.5,0.5,13.857142857142858,不可估计
HAMD-17,PDCH标签99人,Qwen3.7-Max,不思考,8,08_全文_规整_评分_清洗,全文,规整,逐条评分,清洗,逐条评分,13,全身症状,Spearman,14,3,0.7337890780140998,0.0028140327020825754,0.41701376443948374,0.9187804945428557,1.2857142857142858,0.2857142857142857,0.7142857142857143,13.857142857142858,不可估计
HAMD-17,PDCH标签99人,Qwen3.7-Max,不思考,8,08_全文_规整_评分_清洗,全文,规整,逐条评分,清洗,逐条评分,14,性症状,Spearman,14,3,0.7977319140900931,0.0006294844002295312,0.5286661142221052,0.9614021281677684,1.0714285714285714,0.35714285714285715,0.6428571428571429,13.857142857142858,不可估计
HAMD-17,PDCH标签99人,Qwen3.7-Max,不思考,8,08_全文_规整_评分_清洗,全文,规整,逐条评分,清洗,逐条评分,15,疑病,Spearman,14,3,0.13906497766020884,0.6354027916066654,-0.37094674331481103,0.618317565540769,0.5,0.7142857142857143,0.2857142857142857,13.857142857142858,不可估计
HAMD-17,PDCH标签99人,Qwen3.7-Max,不思考,8,08_全文_规整_评分_清洗,全文,规整,逐条评分,清洗,逐条评分,16,体重减轻,Spearman,14,2,0.17330568915436378,0.5535120630497885,-0.3610198449969193,0.6380649632186507,0.42857142857142855,0.7857142857142857,0.21428571428571427,13.857142857142858,不可估计
HAMD-17,PDCH标签99人,Qwen3.7-Max,不思考,8,08_全文_规整_评分_清洗,全文,规整,逐条评分,清洗,逐条评分,17,自知力,Spearman,14,2,0.07620710021968953,0.795687911587151,-0.19310265071916455,0.40648595252488784,0.14285714285714285,0.8571428571428571,0.14285714285714285,13.857142857142858,不可估计
HAMD-17,PDCH标签99人,Qwen3.7-Max,不思考,11,11_事件序列_不规整_评分_不清洗,事件序列,不规整,逐条评分,不清洗,逐条评分,1,抑郁情绪,Spearman,12,3,0.6753265580094461,0.015952997174873484,0.2969005513899442,0.9052099248938943,1.5,0.3333333333333333,0.6666666666666666,13.166666666666666,不可估计
HAMD-17,PDCH标签99人,Qwen3.7-Max,不思考,11,11_事件序列_不规整_评分_不清洗,事件序列,不规整,逐条评分,不清洗,逐条评分,2,有罪感,Spearman,12,3,0.6590512372255002,0.019751601416826633,0.1268339875884374,0.9077803542672993,1.0833333333333333,0.25,0.75,13.166666666666666,不可估计
HAMD-17,PDCH标签99人,Qwen3.7-Max,不思考,11,11_事件序列_不规整_评分_不清洗,事件序列,不规整,逐条评分,不清洗,逐条评分,3,自杀,Spearman,12,4,0.6756368390081325,0.015886259449799385,0.35345428444356447,0.9158242343528143,1.75,0.4166666666666667,0.5833333333333334,13.166666666666666,不可估计
HAMD-17,PDCH标签99人,Qwen3.7-Max,不思考,11,11_事件序列_不规整_评分_不清洗,事件序列,不规整,逐条评分,不清洗,逐条评分,4,入睡困难,Spearman,12,3,0.12906685634728232,0.6893243818913591,-0.5158304022622274,0.6360249266760613,0.5833333333333334,0.5,0.5,13.166666666666666,不可估计
HAMD-17,PDCH标签99人,Qwen3.7-Max,不思考,11,11_事件序列_不规整_评分_不清洗,事件序列,不规整,逐条评分,不清洗,逐条评分,5,睡眠不深,Spearman,12,3,0.26595594641258175,0.40342617539238934,-0.36221104658770925,0.8567933463399152,0.5833333333333334,0.5,0.5,13.166666666666666,不可估计
HAMD-17,PDCH标签99人,Qwen3.7-Max,不思考,11,11_事件序列_不规整_评分_不清洗,事件序列,不规整,逐条评分,不清洗,逐条评分,6,早醒,Spearman,12,3,0.02323468968737204,0.9428620184468882,-0.5347751896853827,0.4725557568277567,0.4166666666666667,0.6666666666666666,0.3333333333333333,13.166666666666666,不可估计
HAMD-17,PDCH标签99人,Qwen3.7-Max,不思考,11,11_事件序列_不规整_评分_不清洗,事件序列,不规整,逐条评分,不清洗,逐条评分,7,工作和活动,Spearman,12,5,0.7477692806423574,0.0051687783611929885,0.3392936658488854,0.9410364550984576,2.4166666666666665,0.16666666666666666,0.8333333333333334,13.166666666666666,不可估计
HAMD-17,PDCH标签99人,Qwen3.7-Max,不思考,11,11_事件序列_不规整_评分_不清洗,事件序列,不规整,逐条评分,不清洗,逐条评分,8,迟滞,Spearman,12,3,0.7694788203681642,0.0034295193866926013,0.4976978116939343,0.9260160676710336,0.75,0.3333333333333333,0.6666666666666666,13.166666666666666,不可估计
HAMD-17,PDCH标签99人,Qwen3.7-Max,不思考,11,11_事件序列_不规整_评分_不清洗,事件序列,不规整,逐条评分,不清洗,逐条评分,9,激越,Spearman,12,3,0.8734772056486475,0.00020570466094373705,0.676007695224904,0.9741353216400808,0.75,0.4166666666666667,0.5833333333333334,13.166666666666666,不可估计
HAMD-17,PDCH标签99人,Qwen3.7-Max,不思考,11,11_事件序列_不规整_评分_不清洗,事件序列,不规整,逐条评分,不清洗,逐条评分,10,精神性焦虑,Spearman,12,4,0.7822322911872073,0.0026407523761880474,0.4861234380063578,0.9412093350418907,1.1666666666666667,0.3333333333333333,0.6666666666666666,13.166666666666666,不可估计
HAMD-17,PDCH标签99人,Qwen3.7-Max,不思考,11,11_事件序列_不规整_评分_不清洗,事件序列,不规整,逐条评分,不清洗,逐条评分,11,躯体性焦虑,Spearman,12,4,0.6942494241047753,0.01224534642438353,0.32646651480697253,0.8911766049791093,1.0,0.3333333333333333,0.6666666666666666,13.166666666666666,不可估计
HAMD-17,PDCH标签99人,Qwen3.7-Max,不思考,11,11_事件序列_不规整_评分_不清洗,事件序列,不规整,逐条评分,不清洗,逐条评分,12,胃肠道症状,Spearman,12,2,0.42033135170919855,0.17366856592501023,-0.015593411570672198,0.8003910455056931,0.25,0.75,0.25,13.166666666666666,不可估计
HAMD-17,PDCH标签99人,Qwen3.7-Max,不思考,11,11_事件序列_不规整_评分_不清洗,事件序列,不规整,逐条评分,不清洗,逐条评分,13,全身症状,Spearman,12,3,0.7232332629046128,0.007856903886999826,0.3724713523908421,0.9189075207907177,0.9166666666666666,0.25,0.75,13.166666666666666,不可估计
HAMD-17,PDCH标签99人,Qwen3.7-Max,不思考,11,11_事件序列_不规整_评分_不清洗,事件序列,不规整,逐条评分,不清洗,逐条评分,14,性症状,Spearman,12,3,0.47369307675582834,0.1197997194177626,-0.06477536812721786,0.8817478902909511,0.8333333333333334,0.4166666666666667,0.5833333333333334,13.166666666666666,不可估计
HAMD-17,PDCH标签99人,Qwen3.7-Max,不思考,11,11_事件序列_不规整_评分_不清洗,事件序列,不规整,逐条评分,不清洗,逐条评分,15,疑病,Spearman,12,2,0.3088792003745611,0.3286302826557192,-0.2339138796431816,0.7443065432994388,0.3333333333333333,0.6666666666666666,0.3333333333333333,13.166666666666666,不可估计
HAMD-17,PDCH标签99人,Qwen3.7-Max,不思考,11,11_事件序列_不规整_评分_不清洗,事件序列,不规整,逐条评分,不清洗,逐条评分,16,体重减轻,Spearman,12,2,0.30824299125341226,0.3296795634306051,-0.1283080769089615,0.7112685027109164,0.25,0.75,0.25,13.166666666666666,不可估计
HAMD-17,PDCH标签99人,Qwen3.7-Max,不思考,11,11_事件序列_不规整_评分_不清洗,事件序列,不规整,逐条评分,不清洗,逐条评分,17,自知力,Spearman,12,1,,,,,0.0,1.0,0.0,13.166666666666666,不可估计
HAMD-17,PDCH标签99人,Qwen3.7-Max,不思考,12,12_事件序列_不规整_评分_清洗,事件序列,不规整,逐条评分,清洗,逐条评分,1,抑郁情绪,Spearman,9,3,0.8944271909999159,0.0011337831033596457,0.7034491280580429,0.9795261845064851,1.4444444444444444,0.3333333333333333,0.6666666666666666,13.444444444444445,不可估计
HAMD-17,PDCH标签99人,Qwen3.7-Max,不思考,12,12_事件序列_不规整_评分_清洗,事件序列,不规整,逐条评分,清洗,逐条评分,2,有罪感,Spearman,9,3,0.7037879370360509,0.03435477219295904,0.19944897315381171,0.9545232922363629,0.8888888888888888,0.4444444444444444,0.5555555555555556,13.444444444444445,不可估计
HAMD-17,PDCH标签99人,Qwen3.7-Max,不思考,12,12_事件序列_不规整_评分_清洗,事件序列,不规整,逐条评分,清洗,逐条评分,3,自杀,Spearman,9,4,0.5497283491522292,0.12520175916488366,-0.04287349329470251,0.9562615625907066,1.6666666666666667,0.4444444444444444,0.5555555555555556,13.444444444444445,不可估计
HAMD-17,PDCH标签99人,Qwen3.7-Max,不思考,12,12_事件序列_不规整_评分_清洗,事件序列,不规整,逐条评分,清洗,逐条评分,4,入睡困难,Spearman,9,2,0.10350983390135313,0.7910051864396367,-0.5490703613923872,0.7214701598896596,0.2222222222222222,0.7777777777777778,0.2222222222222222,13.444444444444445,不可估计
HAMD-17,PDCH标签99人,Qwen3.7-Max,不思考,12,12_事件序列_不规整_评分_清洗,事件序列,不规整,逐条评分,清洗,逐条评分,5,睡眠不深,Spearman,9,3,0.4099457958749615,0.27315786863450514,-0.3113647778270561,0.9489413551211635,0.5555555555555556,0.5555555555555556,0.4444444444444444,13.444444444444445,不可估计
HAMD-17,PDCH标签99人,Qwen3.7-Max,不思考,12,12_事件序列_不规整_评分_清洗,事件序列,不规整,逐条评分,清洗,逐条评分,6,早醒,Spearman,9,2,0.5175491695067657,0.15356424921807718,0.19292782658034577,0.9247932134451052,0.4444444444444444,0.7777777777777778,0.2222222222222222,13.444444444444445,不可估计
HAMD-17,PDCH标签99人,Qwen3.7-Max,不思考,12,12_事件序列_不规整_评分_清洗,事件序列,不规整,逐条评分,清洗,逐条评分,7,工作和活动,Spearman,9,4,0.8244064638872713,0.006262543718460005,0.3519377614255273,0.981178038059306,2.4444444444444446,0.2222222222222222,0.7777777777777778,13.444444444444445,不可估计
HAMD-17,PDCH标签99人,Qwen3.7-Max,不思考,12,12_事件序列_不规整_评分_清洗,事件序列,不规整,逐条评分,清洗,逐条评分,8,迟滞,Spearman,9,3,0.8017837257372732,0.00934815333719502,0.4920559084679604,0.9765932442956142,0.7777777777777778,0.4444444444444444,0.5555555555555556,13.444444444444445,不可估计
HAMD-17,PDCH标签99人,Qwen3.7-Max,不思考,12,12_事件序列_不规整_评分_清洗,事件序列,不规整,逐条评分,清洗,逐条评分,9,激越,Spearman,9,3,0.378489059622558,0.3151641739484015,-0.21530863322477536,0.8685940179018129,0.4444444444444444,0.6666666666666666,0.3333333333333333,13.444444444444445,不可估计
HAMD-17,PDCH标签99人,Qwen3.7-Max,不思考,12,12_事件序列_不规整_评分_清洗,事件序列,不规整,逐条评分,清洗,逐条评分,10,精神性焦虑,Spearman,9,3,0.8385254915624212,0.004738894316912219,0.5251550474924528,0.9767751284182703,1.2222222222222223,0.3333333333333333,0.6666666666666666,13.444444444444445,不可估计
HAMD-17,PDCH标签99人,Qwen3.7-Max,不思考,12,12_事件序列_不规整_评分_清洗,事件序列,不规整,逐条评分,清洗,逐条评分,11,躯体性焦虑,Spearman,9,3,0.7378647873726218,0.023237231399954664,0.308589817580195,0.9690885464011559,1.0,0.3333333333333333,0.6666666666666666,13.444444444444445,不可估计
HAMD-17,PDCH标签99人,Qwen3.7-Max,不思考,12,12_事件序列_不规整_评分_清洗,事件序列,不规整,逐条评分,清洗,逐条评分,12,胃肠道症状,Spearman,9,2,0.6390096504226938,0.06392412293886497,0.15174424466672098,0.9224460906816097,0.3333333333333333,0.6666666666666666,0.3333333333333333,13.444444444444445,不可估计
HAMD-17,PDCH标签99人,Qwen3.7-Max,不思考,12,12_事件序列_不规整_评分_清洗,事件序列,不规整,逐条评分,清洗,逐条评分,13,全身症状,Spearman,9,3,0.873053390247253,0.0021152228762160124,0.6247037443648208,0.9822638991681013,0.7777777777777778,0.4444444444444444,0.5555555555555556,13.444444444444445,不可估计
HAMD-17,PDCH标签99人,Qwen3.7-Max,不思考,12,12_事件序列_不规整_评分_清洗,事件序列,不规整,逐条评分,清洗,逐条评分,14,性症状,Spearman,9,3,0.7572401854185358,0.018132186450669757,0.30661166254043304,0.9499745833994738,0.8888888888888888,0.3333333333333333,0.6666666666666666,13.444444444444445,不可估计
HAMD-17,PDCH标签99人,Qwen3.7-Max,不思考,12,12_事件序列_不规整_评分_清洗,事件序列,不规整,逐条评分,清洗,逐条评分,15,疑病,Spearman,9,2,-0.09128709291752768,0.8153180714600264,-0.8169217288768313,0.7035114257980587,0.3333333333333333,0.6666666666666666,0.3333333333333333,13.444444444444445,不可估计
HAMD-17,PDCH标签99人,Qwen3.7-Max,不思考,12,12_事件序列_不规整_评分_清洗,事件序列,不规整,逐条评分,清洗,逐条评分,16,体重减轻,Spearman,9,3,0.25103950552320115,0.5146886768093603,-0.40290860952730917,0.7478054083642092,0.3333333333333333,0.7777777777777778,0.2222222222222222,13.444444444444445,不可估计
HAMD-17,PDCH标签99人,Qwen3.7-Max,不思考,12,12_事件序列_不规整_评分_清洗,事件序列,不规整,逐条评分,清洗,逐条评分,17,自知力,Spearman,9,1,,,,,0.0,1.0,0.0,13.444444444444445,不可估计
HAMD-17,PDCH标签99人,Qwen3.7-Max,不思考,15,15_事件序列_规整_评分_不清洗,事件序列,规整,逐条评分,不清洗,逐条评分,1,抑郁情绪,Spearman,9,3,0.8285098499285156,0.0057896826336174285,0.4176382677034258,0.9841547173710599,1.4444444444444444,0.4444444444444444,0.5555555555555556,12.777777777777779,不可估计
HAMD-17,PDCH标签99人,Qwen3.7-Max,不思考,15,15_事件序列_规整_评分_不清洗,事件序列,规整,逐条评分,不清洗,逐条评分,2,有罪感,Spearman,9,3,0.3118047822311618,0.41403455370530506,-0.5399427605114712,0.8928228962233062,0.8888888888888888,0.4444444444444444,0.5555555555555556,12.777777777777779,不可估计
HAMD-17,PDCH标签99人,Qwen3.7-Max,不思考,15,15_事件序列_规整_评分_不清洗,事件序列,规整,逐条评分,不清洗,逐条评分,3,自杀,Spearman,9,3,0.7905694150420948,0.01120143255409014,0.3329364510030659,0.9589623114521547,1.3333333333333333,0.3333333333333333,0.6666666666666666,12.777777777777779,不可估计
HAMD-17,PDCH标签99人,Qwen3.7-Max,不思考,15,15_事件序列_规整_评分_不清洗,事件序列,规整,逐条评分,不清洗,逐条评分,4,入睡困难,Spearman,9,3,0.7826237921249265,0.012654499365529431,0.47970161180012344,0.9504398447604094,0.5555555555555556,0.5555555555555556,0.4444444444444444,12.777777777777779,不可估计
HAMD-17,PDCH标签99人,Qwen3.7-Max,不思考,15,15_事件序列_规整_评分_不清洗,事件序列,规整,逐条评分,不清洗,逐条评分,5,睡眠不深,Spearman,9,3,0.3162277660168379,0.4070838220655893,-0.6293774017103676,0.9017386453453062,1.0,0.3333333333333333,0.6666666666666666,12.777777777777779,不可估计
HAMD-17,PDCH标签99人,Qwen3.7-Max,不思考,15,15_事件序列_规整_评分_不清洗,事件序列,规整,逐条评分,不清洗,逐条评分,6,早醒,Spearman,9,2,0.5477225575051661,0.12687036692367107,0.4295239535304871,0.908429810035076,0.1111111111111111,0.8888888888888888,0.1111111111111111,12.777777777777779,不可估计
HAMD-17,PDCH标签99人,Qwen3.7-Max,不思考,15,15_事件序列_规整_评分_不清洗,事件序列,规整,逐条评分,不清洗,逐条评分,7,工作和活动,Spearman,9,5,0.7267346660603174,0.026558234658630216,0.24427413888537017,0.9482442196224189,2.4444444444444446,0.1111111111111111,0.8888888888888888,12.777777777777779,不可估计
HAMD-17,PDCH标签99人,Qwen3.7-Max,不思考,15,15_事件序列_规整_评分_不清洗,事件序列,规整,逐条评分,不清洗,逐条评分,8,迟滞,Spearman,9,3,0.521749194749951,0.14966898492449515,-0.09212681766988624,0.9611191486065724,0.7777777777777778,0.5555555555555556,0.4444444444444444,12.777777777777779,不可估计
HAMD-17,PDCH标签99人,Qwen3.7-Max,不思考,15,15_事件序列_规整_评分_不清洗,事件序列,规整,逐条评分,不清洗,逐条评分,9,激越,Spearman,9,3,0.8463272660560106,0.004016909997837919,0.648159126990617,0.9791588853487984,0.7777777777777778,0.4444444444444444,0.5555555555555556,12.777777777777779,不可估计
HAMD-17,PDCH标签99人,Qwen3.7-Max,不思考,15,15_事件序列_规整_评分_不清洗,事件序列,规整,逐条评分,不清洗,逐条评分,10,精神性焦虑,Spearman,9,4,0.8058066296105564,0.008737449674425104,0.5055286596199053,0.9797975464666441,1.2222222222222223,0.3333333333333333,0.6666666666666666,12.777777777777779,不可估计
HAMD-17,PDCH标签99人,Qwen3.7-Max,不思考,15,15_事件序列_规整_评分_不清洗,事件序列,规整,逐条评分,不清洗,逐条评分,11,躯体性焦虑,Spearman,9,4,0.7557059252299988,0.018506212541241816,0.3361480461137072,0.9721116807854681,1.4444444444444444,0.2222222222222222,0.7777777777777778,12.777777777777779,不可估计
HAMD-17,PDCH标签99人,Qwen3.7-Max,不思考,15,15_事件序列_规整_评分_不清洗,事件序列,规整,逐条评分,不清洗,逐条评分,12,胃肠道症状,Spearman,9,3,0.5962847939999439,0.09012451886639236,-0.09903959677023985,0.9311944938397057,0.5555555555555556,0.5555555555555556,0.4444444444444444,12.777777777777779,不可估计
HAMD-17,PDCH标签99人,Qwen3.7-Max,不思考,15,15_事件序列_规整_评分_不清洗,事件序列,规整,逐条评分,不清洗,逐条评分,13,全身症状,Spearman,9,3,0.9486832980505139,9.584590571929132e-05,0.8744061937009949,0.9861237910509938,1.0,0.3333333333333333,0.6666666666666666,12.777777777777779,不可估计
HAMD-17,PDCH标签99人,Qwen3.7-Max,不思考,15,15_事件序列_规整_评分_不清洗,事件序列,规整,逐条评分,不清洗,逐条评分,14,性症状,Spearman,9,3,0.4472135954999579,0.22745281805976297,-0.1691522379437615,0.8725948623578801,0.5555555555555556,0.5555555555555556,0.4444444444444444,12.777777777777779,不可估计
HAMD-17,PDCH标签99人,Qwen3.7-Max,不思考,15,15_事件序列_规整_评分_不清洗,事件序列,规整,逐条评分,不清洗,逐条评分,15,疑病,Spearman,9,2,-0.6062177826491071,0.08353252538332553,-0.9214723292004884,0.11045634527795122,0.5555555555555556,0.4444444444444444,0.5555555555555556,12.777777777777779,不可估计
HAMD-17,PDCH标签99人,Qwen3.7-Max,不思考,15,15_事件序列_规整_评分_不清洗,事件序列,规整,逐条评分,不清洗,逐条评分,16,体重减轻,Spearman,9,2,0.20701966780270625,0.5930360378996286,-0.44357211393029744,0.7256649547394775,0.2222222222222222,0.7777777777777778,0.2222222222222222,12.777777777777779,不可估计
HAMD-17,PDCH标签99人,Qwen3.7-Max,不思考,15,15_事件序列_规整_评分_不清洗,事件序列,规整,逐条评分,不清洗,逐条评分,17,自知力,Spearman,9,2,0.3105295017040594,0.4160485816873685,-0.152789978304624,0.8169217288768313,0.2222222222222222,0.7777777777777778,0.2222222222222222,12.777777777777779,不可估计
HAMD-17,PDCH标签99人,Qwen3.7-Max,不思考,16,16_事件序列_规整_评分_清洗,事件序列,规整,逐条评分,清洗,逐条评分,1,抑郁情绪,Spearman,10,3,0.8003905296791061,0.005416246207907082,0.481362407694488,0.9580227368244874,1.6,0.4,0.6,16.0,不可估计
HAMD-17,PDCH标签99人,Qwen3.7-Max,不思考,16,16_事件序列_规整_评分_清洗,事件序列,规整,逐条评分,清洗,逐条评分,2,有罪感,Spearman,10,3,0.409956124957591,0.23934742775070073,-0.2669305926895787,0.9282799314181325,1.0,0.4,0.6,16.0,不可估计
HAMD-17,PDCH标签99人,Qwen3.7-Max,不思考,16,16_事件序列_规整_评分_清洗,事件序列,规整,逐条评分,清洗,逐条评分,3,自杀,Spearman,10,4,0.5801948088876379,0.07868615776109503,-0.0029046121567311736,0.9402537976696571,1.8,0.4,0.6,16.0,不可估计
HAMD-17,PDCH标签99人,Qwen3.7-Max,不思考,16,16_事件序列_规整_评分_清洗,事件序列,规整,逐条评分,清洗,逐条评分,4,入睡困难,Spearman,10,2,0.8031948401350151,0.00513682300203861,0.4839418252092254,0.9621373343940471,0.5,0.5,0.5,16.0,不可估计
HAMD-17,PDCH标签99人,Qwen3.7-Max,不思考,16,16_事件序列_规整_评分_清洗,事件序列,规整,逐条评分,清洗,逐条评分,5,睡眠不深,Spearman,10,3,0.5635435216671452,0.0897885558800298,-0.14565411666541087,0.9612697988921101,1.0,0.3,0.7,16.0,不可估计
HAMD-17,PDCH标签99人,Qwen3.7-Max,不思考,16,16_事件序列_规整_评分_清洗,事件序列,规整,逐条评分,清洗,逐条评分,6,早醒,Spearman,10,3,0.6377095277118082,0.047294104698521695,0.38309674779008346,0.8975213787123427,0.3,0.8,0.2,16.0,不可估计
HAMD-17,PDCH标签99人,Qwen3.7-Max,不思考,16,16_事件序列_规整_评分_清洗,事件序列,规整,逐条评分,清洗,逐条评分,7,工作和活动,Spearman,10,5,0.8394339701512576,0.0023843059925079037,0.5993209148803156,0.9668604741885366,2.7,0.1,0.9,16.0,不可估计
HAMD-17,PDCH标签99人,Qwen3.7-Max,不思考,16,16_事件序列_规整_评分_清洗,事件序列,规整,逐条评分,清洗,逐条评分,8,迟滞,Spearman,10,3,0.7213357077339458,0.018543301126398976,0.26512687920402367,0.9585040772669194,1.0,0.3,0.7,16.0,不可估计
HAMD-17,PDCH标签99人,Qwen3.7-Max,不思考,16,16_事件序列_规整_评分_清洗,事件序列,规整,逐条评分,清洗,逐条评分,9,激越,Spearman,10,3,0.4250728277717895,0.22073348466600037,-0.21889216910683512,0.9415296555601543,0.9,0.4,0.6,16.0,不可估计
HAMD-17,PDCH标签99人,Qwen3.7-Max,不思考,16,16_事件序列_规整_评分_清洗,事件序列,规整,逐条评分,清洗,逐条评分,10,精神性焦虑,Spearman,10,4,0.7070504178066654,0.022219319687889334,0.25379409813673276,0.9621253756633977,1.2,0.3,0.7,16.0,不可估计
HAMD-17,PDCH标签99人,Qwen3.7-Max,不思考,16,16_事件序列_规整_评分_清洗,事件序列,规整,逐条评分,清洗,逐条评分,11,躯体性焦虑,Spearman,10,4,0.6280130623673883,0.051864232937589315,-0.029976758488425185,0.899499836879734,1.3,0.2,0.8,16.0,不可估计
HAMD-17,PDCH标签99人,Qwen3.7-Max,不思考,16,16_事件序列_规整_评分_清洗,事件序列,规整,逐条评分,清洗,逐条评分,12,胃肠道症状,Spearman,10,3,0.6637384880265759,0.0363751365748086,0.40986846245895503,0.9284721371460489,0.3,0.8,0.2,16.0,不可估计
HAMD-17,PDCH标签99人,Qwen3.7-Max,不思考,16,16_事件序列_规整_评分_清洗,事件序列,规整,逐条评分,清洗,逐条评分,13,全身症状,Spearman,10,3,0.6929523265198467,0.026311307021005405,0.2044349988185469,0.9247143109940927,1.1,0.2,0.8,16.0,不可估计
HAMD-17,PDCH标签99人,Qwen3.7-Max,不思考,16,16_事件序列_规整_评分_清洗,事件序列,规整,逐条评分,清洗,逐条评分,14,性症状,Spearman,10,3,0.6637384880265758,0.03637513657480867,0.1540500995500265,0.9606934505127507,0.8,0.4,0.6,16.0,不可估计
HAMD-17,PDCH标签99人,Qwen3.7-Max,不思考,16,16_事件序列_规整_评分_清洗,事件序列,规整,逐条评分,清洗,逐条评分,15,疑病,Spearman,10,2,-0.7239474316937532,0.01792015565507859,-0.9368272103462588,-0.3879223188657594,0.3,0.7,0.3,16.0,不可估计
HAMD-17,PDCH标签99人,Qwen3.7-Max,不思考,16,16_事件序列_规整_评分_清洗,事件序列,规整,逐条评分,清洗,逐条评分,16,体重减轻,Spearman,10,3,0.5205792062953536,0.12289947405991689,0.22247579523451533,0.8954710411521284,0.3,0.8,0.2,16.0,不可估计
HAMD-17,PDCH标签99人,Qwen3.7-Max,不思考,16,16_事件序列_规整_评分_清洗,事件序列,规整,逐条评分,清洗,逐条评分,17,自知力,Spearman,10,2,0.17460757394239454,0.6294794021755559,-0.05860986268248939,0.6092140282302861,0.1,0.9,0.1,16.0,不可估计
HAMD-17,PDCH标签99人,Qwen3.7-Max,思考,3,03_全文_不规整_评分_不清洗,全文,不规整,逐条评分,不清洗,逐条评分,1,抑郁情绪,Spearman,45,4,0.629147220123875,3.6746295386268134e-06,0.4067306664016376,0.8094633165460084,1.1777777777777778,0.28888888888888886,0.7111111111111111,15.333333333333334,正式
HAMD-17,PDCH标签99人,Qwen3.7-Max,思考,3,03_全文_不规整_评分_不清洗,全文,不规整,逐条评分,不清洗,逐条评分,2,有罪感,Spearman,45,3,0.5607062242463919,6.173743965842228e-05,0.3891480515706486,0.703143109049764,1.0222222222222221,0.2,0.8,15.333333333333334,正式
HAMD-17,PDCH标签99人,Qwen3.7-Max,思考,3,03_全文_不规整_评分_不清洗,全文,不规整,逐条评分,不清洗,逐条评分,3,自杀,Spearman,45,5,0.35074874366779835,0.01816307263768121,0.07765317071367399,0.5980829561181513,1.0444444444444445,0.5333333333333333,0.4666666666666667,15.333333333333334,正式
HAMD-17,PDCH标签99人,Qwen3.7-Max,思考,3,03_全文_不规整_评分_不清洗,全文,不规整,逐条评分,不清洗,逐条评分,4,入睡困难,Spearman,45,3,0.290178677692069,0.05315830740859859,0.0024829865478056775,0.5322155855235184,0.6,0.4888888888888889,0.5111111111111111,15.333333333333334,正式
HAMD-17,PDCH标签99人,Qwen3.7-Max,思考,3,03_全文_不规整_评分_不清洗,全文,不规整,逐条评分,不清洗,逐条评分,5,睡眠不深,Spearman,45,3,0.2821763128147302,0.06038208829519622,-0.010731218818630848,0.5292971155944006,0.9111111111111111,0.4666666666666667,0.5333333333333333,15.333333333333334,正式
HAMD-17,PDCH标签99人,Qwen3.7-Max,思考,3,03_全文_不规整_评分_不清洗,全文,不规整,逐条评分,不清洗,逐条评分,6,早醒,Spearman,45,3,0.4083162013126732,0.005361105120226518,0.1588970520543117,0.6217827071740236,0.4666666666666667,0.6888888888888889,0.3111111111111111,15.333333333333334,正式
HAMD-17,PDCH标签99人,Qwen3.7-Max,思考,3,03_全文_不规整_评分_不清洗,全文,不规整,逐条评分,不清洗,逐条评分,7,工作和活动,Spearman,45,5,0.7073471686094083,5.563866533496722e-08,0.5311552972793403,0.8439004031777926,2.0444444444444443,0.2,0.8,15.333333333333334,正式
HAMD-17,PDCH标签99人,Qwen3.7-Max,思考,3,03_全文_不规整_评分_不清洗,全文,不规整,逐条评分,不清洗,逐条评分,8,迟滞,Spearman,45,3,0.4514306964020577,0.0018545133162615384,0.20323895028163524,0.6641873846608147,0.3111111111111111,0.7555555555555555,0.24444444444444444,15.333333333333334,正式
HAMD-17,PDCH标签99人,Qwen3.7-Max,思考,3,03_全文_不规整_评分_不清洗,全文,不规整,逐条评分,不清洗,逐条评分,9,激越,Spearman,45,3,0.39465178835608367,0.007301642745353679,0.13675260104769105,0.6138391792749374,0.37777777777777777,0.6888888888888889,0.3111111111111111,15.333333333333334,正式
HAMD-17,PDCH标签99人,Qwen3.7-Max,思考,3,03_全文_不规整_评分_不清洗,全文,不规整,逐条评分,不清洗,逐条评分,10,精神性焦虑,Spearman,45,3,0.546722638039,0.00010203985003601651,0.3186874740021136,0.7185098410741759,0.8444444444444444,0.35555555555555557,0.6444444444444445,15.333333333333334,正式
HAMD-17,PDCH标签99人,Qwen3.7-Max,思考,3,03_全文_不规整_评分_不清洗,全文,不规整,逐条评分,不清洗,逐条评分,11,躯体性焦虑,Spearman,45,4,0.6563044850978408,9.836983702681071e-07,0.46470733453615787,0.8026244620738255,1.2222222222222223,0.2222222222222222,0.7777777777777778,15.333333333333334,正式
HAMD-17,PDCH标签99人,Qwen3.7-Max,思考,3,03_全文_不规整_评分_不清洗,全文,不规整,逐条评分,不清洗,逐条评分,12,胃肠道症状,Spearman,45,3,0.42327820749983547,0.003766513531398644,0.1968375608623334,0.6329885753139475,0.6888888888888889,0.4888888888888889,0.5111111111111111,15.333333333333334,正式
HAMD-17,PDCH标签99人,Qwen3.7-Max,思考,3,03_全文_不规整_评分_不清洗,全文,不规整,逐条评分,不清洗,逐条评分,13,全身症状,Spearman,45,3,0.6820716433270901,2.477983639745206e-07,0.47683705624498096,0.8247696386992911,0.8666666666666667,0.28888888888888886,0.7111111111111111,15.333333333333334,正式
HAMD-17,PDCH标签99人,Qwen3.7-Max,思考,3,03_全文_不规整_评分_不清洗,全文,不规整,逐条评分,不清洗,逐条评分,14,性症状,Spearman,45,3,0.5419656783627815,0.00012045426891976293,0.28396815295249,0.7378207701519004,0.6888888888888889,0.4666666666666667,0.5333333333333333,15.333333333333334,正式
HAMD-17,PDCH标签99人,Qwen3.7-Max,思考,3,03_全文_不规整_评分_不清洗,全文,不规整,逐条评分,不清洗,逐条评分,15,疑病,Spearman,45,3,0.1348900439061132,0.3769909983703932,-0.1426842106560999,0.4069792151503371,0.4222222222222222,0.6888888888888889,0.3111111111111111,15.333333333333334,正式
HAMD-17,PDCH标签99人,Qwen3.7-Max,思考,3,03_全文_不规整_评分_不清洗,全文,不规整,逐条评分,不清洗,逐条评分,16,体重减轻,Spearman,45,3,0.16778274726913261,0.27060045048153314,-0.13900872707259648,0.42866965199360285,0.3333333333333333,0.7777777777777778,0.2222222222222222,15.333333333333334,正式
HAMD-17,PDCH标签99人,Qwen3.7-Max,思考,3,03_全文_不规整_评分_不清洗,全文,不规整,逐条评分,不清洗,逐条评分,17,自知力,Spearman,45,2,0.08989384600172372,0.5570371857794709,-0.27720403690738893,0.41785775794159996,0.15555555555555556,0.8444444444444444,0.15555555555555556,15.333333333333334,正式
HAMD-17,PDCH标签99人,Qwen3.7-Max,思考,4,04_全文_不规整_评分_清洗,全文,不规整,逐条评分,清洗,逐条评分,1,抑郁情绪,Spearman,45,4,0.5999824533069362,1.324151991463955e-05,0.3235075492517984,0.7892951035663798,1.0444444444444445,0.3111111111111111,0.6888888888888889,14.822222222222223,正式
HAMD-17,PDCH标签99人,Qwen3.7-Max,思考,4,04_全文_不规整_评分_清洗,全文,不规整,逐条评分,清洗,逐条评分,2,有罪感,Spearman,45,3,0.3887473470350893,0.008312332540128102,0.12895301397247946,0.6179916699680187,0.8,0.37777777777777777,0.6222222222222222,14.822222222222223,正式
HAMD-17,PDCH标签99人,Qwen3.7-Max,思考,4,04_全文_不规整_评分_清洗,全文,不规整,逐条评分,清洗,逐条评分,3,自杀,Spearman,45,5,0.48646270365795535,0.0007033982699926947,0.24922532918822043,0.6813034402332678,0.8444444444444444,0.6,0.4,14.822222222222223,正式
HAMD-17,PDCH标签99人,Qwen3.7-Max,思考,4,04_全文_不规整_评分_清洗,全文,不规整,逐条评分,清洗,逐条评分,4,入睡困难,Spearman,45,3,0.4333556767754612,0.002942745481227236,0.15914832927990008,0.6703129799457105,0.5555555555555556,0.5777777777777777,0.4222222222222222,14.822222222222223,正式
HAMD-17,PDCH标签99人,Qwen3.7-Max,思考,4,04_全文_不规整_评分_清洗,全文,不规整,逐条评分,清洗,逐条评分,5,睡眠不深,Spearman,45,3,0.3477523075953839,0.019246175569224026,0.061860486053683196,0.5965531699280944,0.8888888888888888,0.4444444444444444,0.5555555555555556,14.822222222222223,正式
HAMD-17,PDCH标签99人,Qwen3.7-Max,思考,4,04_全文_不规整_评分_清洗,全文,不规整,逐条评分,清洗,逐条评分,6,早醒,Spearman,45,3,0.2808782231590631,0.06162456810458237,-0.011692093970567505,0.5278621543387978,0.5777777777777777,0.6,0.4,14.822222222222223,正式
HAMD-17,PDCH标签99人,Qwen3.7-Max,思考,4,04_全文_不规整_评分_清洗,全文,不规整,逐条评分,清洗,逐条评分,7,工作和活动,Spearman,45,5,0.6649246070913657,6.295086668413367e-07,0.4613756500977699,0.8120042770478556,2.022222222222222,0.2,0.8,14.822222222222223,正式
HAMD-17,PDCH标签99人,Qwen3.7-Max,思考,4,04_全文_不规整_评分_清洗,全文,不规整,逐条评分,清洗,逐条评分,8,迟滞,Spearman,45,3,0.3254280028059662,0.02915627948404538,0.062484679026420895,0.5564260005093629,0.24444444444444444,0.7777777777777778,0.2222222222222222,14.822222222222223,正式
HAMD-17,PDCH标签99人,Qwen3.7-Max,思考,4,04_全文_不规整_评分_清洗,全文,不规整,逐条评分,清洗,逐条评分,9,激越,Spearman,45,3,0.39417510305732234,0.007379092875585643,0.1497657001320645,0.597121867881918,0.26666666666666666,0.7777777777777778,0.2222222222222222,14.822222222222223,正式
HAMD-17,PDCH标签99人,Qwen3.7-Max,思考,4,04_全文_不规整_评分_清洗,全文,不规整,逐条评分,清洗,逐条评分,10,精神性焦虑,Spearman,45,4,0.4769534319725412,0.0009245287385277273,0.2264279887529684,0.6788665793485509,0.8666666666666667,0.37777777777777777,0.6222222222222222,14.822222222222223,正式
HAMD-17,PDCH标签99人,Qwen3.7-Max,思考,4,04_全文_不规整_评分_清洗,全文,不规整,逐条评分,清洗,逐条评分,11,躯体性焦虑,Spearman,45,4,0.5322155638936742,0.00016794758853666,0.2752125240874271,0.726953298246116,1.1555555555555554,0.24444444444444444,0.7555555555555555,14.822222222222223,正式
HAMD-17,PDCH标签99人,Qwen3.7-Max,思考,4,04_全文_不规整_评分_清洗,全文,不规整,逐条评分,清洗,逐条评分,12,胃肠道症状,Spearman,45,3,0.5085696009631899,0.0003610486535982313,0.2698900087432516,0.6938725160648003,0.6444444444444445,0.4888888888888889,0.5111111111111111,14.822222222222223,正式
HAMD-17,PDCH标签99人,Qwen3.7-Max,思考,4,04_全文_不规整_评分_清洗,全文,不规整,逐条评分,清洗,逐条评分,13,全身症状,Spearman,45,3,0.6869559791676062,1.8783414724427145e-07,0.5149396811372624,0.8096888746520479,0.9333333333333333,0.24444444444444444,0.7555555555555555,14.822222222222223,正式
HAMD-17,PDCH标签99人,Qwen3.7-Max,思考,4,04_全文_不规整_评分_清洗,全文,不规整,逐条评分,清洗,逐条评分,14,性症状,Spearman,45,3,0.4637587011203363,0.0013338394616243924,0.1825416587554055,0.7016230729494097,0.6444444444444445,0.4666666666666667,0.5333333333333333,14.822222222222223,正式
HAMD-17,PDCH标签99人,Qwen3.7-Max,思考,4,04_全文_不规整_评分_清洗,全文,不规整,逐条评分,清洗,逐条评分,15,疑病,Spearman,45,3,0.14934102562260046,0.3275186936343641,-0.15846585751664125,0.41878786297238596,0.5111111111111111,0.5777777777777777,0.4222222222222222,14.822222222222223,正式
HAMD-17,PDCH标签99人,Qwen3.7-Max,思考,4,04_全文_不规整_评分_清洗,全文,不规整,逐条评分,清洗,逐条评分,16,体重减轻,Spearman,45,3,0.3518283395392604,0.017785667081829402,0.06516807594405363,0.5766160352953482,0.4444444444444444,0.6888888888888889,0.3111111111111111,14.822222222222223,正式
HAMD-17,PDCH标签99人,Qwen3.7-Max,思考,4,04_全文_不规整_评分_清洗,全文,不规整,逐条评分,清洗,逐条评分,17,自知力,Spearman,45,3,-0.050903239903470905,0.73983209760246,-0.3399130018740491,0.24477126610138347,0.2,0.8222222222222222,0.17777777777777778,14.822222222222223,正式
HAMD-17,PDCH标签99人,Qwen3.7-Max,思考,7,07_全文_规整_评分_不清洗,全文,规整,逐条评分,不清洗,逐条评分,1,抑郁情绪,Spearman,42,4,0.6266284963410724,9.015457771192029e-06,0.36528030872374617,0.8167542682039886,1.6428571428571428,0.21428571428571427,0.7857142857142857,15.380952380952381,正式
HAMD-17,PDCH标签99人,Qwen3.7-Max,思考,7,07_全文_规整_评分_不清洗,全文,规整,逐条评分,不清洗,逐条评分,2,有罪感,Spearman,42,3,0.5174774655702391,0.0004490153795552156,0.2947210887618827,0.7113176423117156,0.9523809523809523,0.3333333333333333,0.6666666666666666,15.380952380952381,正式
HAMD-17,PDCH标签99人,Qwen3.7-Max,思考,7,07_全文_规整_评分_不清洗,全文,规整,逐条评分,不清洗,逐条评分,3,自杀,Spearman,42,5,0.45116370806917383,0.0027106724390797954,0.19954479374960396,0.6463541312806348,1.2380952380952381,0.5238095238095238,0.47619047619047616,15.380952380952381,正式
HAMD-17,PDCH标签99人,Qwen3.7-Max,思考,7,07_全文_规整_评分_不清洗,全文,规整,逐条评分,不清洗,逐条评分,4,入睡困难,Spearman,42,3,0.4228071575869321,0.005277966704500394,0.1452734952682391,0.6441243804035193,0.7380952380952381,0.47619047619047616,0.5238095238095238,15.380952380952381,正式
HAMD-17,PDCH标签99人,Qwen3.7-Max,思考,7,07_全文_规整_评分_不清洗,全文,规整,逐条评分,不清洗,逐条评分,5,睡眠不深,Spearman,42,3,0.522780783991561,0.0003826068839662561,0.2817046300406056,0.7233516012659768,1.0,0.3333333333333333,0.6666666666666666,15.380952380952381,正式
HAMD-17,PDCH标签99人,Qwen3.7-Max,思考,7,07_全文_规整_评分_不清洗,全文,规整,逐条评分,不清洗,逐条评分,6,早醒,Spearman,42,3,0.3327657980226727,0.03129732534744394,0.061893086780408633,0.578634039748237,0.7142857142857143,0.5476190476190477,0.4523809523809524,15.380952380952381,正式
HAMD-17,PDCH标签99人,Qwen3.7-Max,思考,7,07_全文_规整_评分_不清洗,全文,规整,逐条评分,不清洗,逐条评分,7,工作和活动,Spearman,42,5,0.6368235899980328,5.787607819903256e-06,0.42958680834453794,0.8001649911266309,2.1904761904761907,0.16666666666666666,0.8333333333333334,15.380952380952381,正式
HAMD-17,PDCH标签99人,Qwen3.7-Max,思考,7,07_全文_规整_评分_不清洗,全文,规整,逐条评分,不清洗,逐条评分,8,迟滞,Spearman,42,3,0.6856724075609791,5.422535686609212e-07,0.5148135209925755,0.8291163269094471,0.7380952380952381,0.47619047619047616,0.5238095238095238,15.380952380952381,正式
HAMD-17,PDCH标签99人,Qwen3.7-Max,思考,7,07_全文_规整_评分_不清洗,全文,规整,逐条评分,不清洗,逐条评分,9,激越,Spearman,42,4,0.3808296893313306,0.012841704482377508,0.0694111251414609,0.6142452096213548,0.6904761904761905,0.47619047619047616,0.5238095238095238,15.380952380952381,正式
HAMD-17,PDCH标签99人,Qwen3.7-Max,思考,7,07_全文_规整_评分_不清洗,全文,规整,逐条评分,不清洗,逐条评分,10,精神性焦虑,Spearman,42,4,0.4142702223969343,0.006381637970313079,0.15323365788848395,0.6454821893726383,1.1428571428571428,0.30952380952380953,0.6904761904761905,15.380952380952381,正式
HAMD-17,PDCH标签99人,Qwen3.7-Max,思考,7,07_全文_规整_评分_不清洗,全文,规整,逐条评分,不清洗,逐条评分,11,躯体性焦虑,Spearman,42,4,0.49933979667384676,0.0007614018518517507,0.2325107542729346,0.7196322625317795,1.3333333333333333,0.14285714285714285,0.8571428571428571,15.380952380952381,正式
HAMD-17,PDCH标签99人,Qwen3.7-Max,思考,7,07_全文_规整_评分_不清洗,全文,规整,逐条评分,不清洗,逐条评分,12,胃肠道症状,Spearman,42,3,0.6248966460172649,9.705259041306749e-06,0.43180812194375157,0.777696046490286,0.7857142857142857,0.5,0.5,15.380952380952381,正式
HAMD-17,PDCH标签99人,Qwen3.7-Max,思考,7,07_全文_规整_评分_不清洗,全文,规整,逐条评分,不清洗,逐条评分,13,全身症状,Spearman,42,3,0.6209771081673771,1.1448934531341235e-05,0.39876880184009333,0.809334711395458,1.0238095238095237,0.2857142857142857,0.7142857142857143,15.380952380952381,正式
HAMD-17,PDCH标签99人,Qwen3.7-Max,思考,7,07_全文_规整_评分_不清洗,全文,规整,逐条评分,不清洗,逐条评分,14,性症状,Spearman,42,3,0.6149501137525109,1.4696895039554095e-05,0.37860937848422627,0.807102983087702,0.6428571428571429,0.5476190476190477,0.4523809523809524,15.380952380952381,正式
HAMD-17,PDCH标签99人,Qwen3.7-Max,思考,7,07_全文_规整_评分_不清洗,全文,规整,逐条评分,不清洗,逐条评分,15,疑病,Spearman,42,3,0.2871829839136711,0.06517583091924761,-0.018547442018889637,0.5377366372293583,0.5714285714285714,0.5714285714285714,0.42857142857142855,15.380952380952381,正式
HAMD-17,PDCH标签99人,Qwen3.7-Max,思考,7,07_全文_规整_评分_不清洗,全文,规整,逐条评分,不清洗,逐条评分,16,体重减轻,Spearman,42,3,0.5400414446419242,0.00022307301937899308,0.3094458338315209,0.726431051415924,0.5714285714285714,0.5952380952380952,0.40476190476190477,15.380952380952381,正式
HAMD-17,PDCH标签99人,Qwen3.7-Max,思考,7,07_全文_规整_评分_不清洗,全文,规整,逐条评分,不清洗,逐条评分,17,自知力,Spearman,42,3,0.13262551240488704,0.4024349135148482,-0.24607516089767392,0.4462653045798465,0.19047619047619047,0.8333333333333334,0.16666666666666666,15.380952380952381,正式
HAMD-17,PDCH标签99人,Qwen3.7-Max,思考,8,08_全文_规整_评分_清洗,全文,规整,逐条评分,清洗,逐条评分,1,抑郁情绪,Spearman,43,4,0.4788940134855287,0.001159260041047867,0.1690779473079008,0.698728314235224,1.6511627906976745,0.16279069767441862,0.8372093023255814,14.30232558139535,正式
HAMD-17,PDCH标签99人,Qwen3.7-Max,思考,8,08_全文_规整_评分_清洗,全文,规整,逐条评分,清洗,逐条评分,2,有罪感,Spearman,43,4,0.562714745715886,8.573720762020087e-05,0.3194118463206121,0.757866633168751,0.9302325581395349,0.37209302325581395,0.627906976744186,14.30232558139535,正式
HAMD-17,PDCH标签99人,Qwen3.7-Max,思考,8,08_全文_规整_评分_清洗,全文,规整,逐条评分,清洗,逐条评分,3,自杀,Spearman,43,5,0.46008473338469413,0.0019080480951085992,0.19303162056321224,0.6918301497417721,1.372093023255814,0.3953488372093023,0.6046511627906976,14.30232558139535,正式
HAMD-17,PDCH标签99人,Qwen3.7-Max,思考,8,08_全文_规整_评分_清洗,全文,规整,逐条评分,清洗,逐条评分,4,入睡困难,Spearman,43,3,0.22689248583357954,0.14342611454705076,-0.08326537190459836,0.49611582862027326,0.813953488372093,0.4186046511627907,0.5813953488372093,14.30232558139535,正式
HAMD-17,PDCH标签99人,Qwen3.7-Max,思考,8,08_全文_规整_评分_清洗,全文,规整,逐条评分,清洗,逐条评分,5,睡眠不深,Spearman,43,3,0.38041553848389154,0.011854323509513764,0.1266196956194981,0.6127605925597878,1.1162790697674418,0.2558139534883721,0.7441860465116279,14.30232558139535,正式
HAMD-17,PDCH标签99人,Qwen3.7-Max,思考,8,08_全文_规整_评分_清洗,全文,规整,逐条评分,清洗,逐条评分,6,早醒,Spearman,43,3,-0.034170542100308246,0.8277938240661595,-0.33889793855638084,0.2745425097736974,0.7906976744186046,0.5581395348837209,0.4418604651162791,14.30232558139535,正式
HAMD-17,PDCH标签99人,Qwen3.7-Max,思考,8,08_全文_规整_评分_清洗,全文,规整,逐条评分,清洗,逐条评分,7,工作和活动,Spearman,43,5,0.4829639180298198,0.0010368654174944861,0.25107694774785827,0.6931547056433224,2.441860465116279,0.11627906976744186,0.8837209302325582,14.30232558139535,正式
HAMD-17,PDCH标签99人,Qwen3.7-Max,思考,8,08_全文_规整_评分_清洗,全文,规整,逐条评分,清洗,逐条评分,8,迟滞,Spearman,43,4,0.3312305677228597,0.030031051454447746,0.038995432014264274,0.6064560146116718,0.7674418604651163,0.5116279069767442,0.4883720930232558,14.30232558139535,正式
HAMD-17,PDCH标签99人,Qwen3.7-Max,思考,8,08_全文_规整_评分_清洗,全文,规整,逐条评分,清洗,逐条评分,9,激越,Spearman,43,3,0.21827388702276992,0.1596760923430661,-0.05456438104198098,0.45790710873309354,0.5348837209302325,0.6046511627906976,0.3953488372093023,14.30232558139535,正式
HAMD-17,PDCH标签99人,Qwen3.7-Max,思考,8,08_全文_规整_评分_清洗,全文,规整,逐条评分,清洗,逐条评分,10,精神性焦虑,Spearman,43,4,0.22867257961025794,0.140227806370678,-0.09568403130436946,0.5305344429637149,1.186046511627907,0.37209302325581395,0.627906976744186,14.30232558139535,正式
HAMD-17,PDCH标签99人,Qwen3.7-Max,思考,8,08_全文_规整_评分_清洗,全文,规整,逐条评分,清洗,逐条评分,11,躯体性焦虑,Spearman,43,4,0.4936137268026782,0.0007692422969694855,0.2568394772533425,0.7087505974978646,1.2790697674418605,0.16279069767441862,0.8372093023255814,14.30232558139535,正式
HAMD-17,PDCH标签99人,Qwen3.7-Max,思考,8,08_全文_规整_评分_清洗,全文,规整,逐条评分,清洗,逐条评分,12,胃肠道症状,Spearman,43,3,0.40916827462821254,0.0064411458724212365,0.13671350808287505,0.6240872431254986,0.7441860465116279,0.4418604651162791,0.5581395348837209,14.30232558139535,正式
HAMD-17,PDCH标签99人,Qwen3.7-Max,思考,8,08_全文_规整_评分_清洗,全文,规整,逐条评分,清洗,逐条评分,13,全身症状,Spearman,43,3,0.4516861114496091,0.0023623885781493496,0.1788778931077168,0.6977571410100705,1.0465116279069768,0.23255813953488372,0.7674418604651163,14.30232558139535,正式
HAMD-17,PDCH标签99人,Qwen3.7-Max,思考,8,08_全文_规整_评分_清洗,全文,规整,逐条评分,清洗,逐条评分,14,性症状,Spearman,43,3,0.4443720612696852,0.0028331018249468957,0.17518969106739513,0.6856754595086654,0.7209302325581395,0.4883720930232558,0.5116279069767442,14.30232558139535,正式
HAMD-17,PDCH标签99人,Qwen3.7-Max,思考,8,08_全文_规整_评分_清洗,全文,规整,逐条评分,清洗,逐条评分,15,疑病,Spearman,43,3,0.09388142813245033,0.5493022188501567,-0.2316190077115192,0.36947500369911623,0.6511627906976745,0.5348837209302325,0.46511627906976744,14.30232558139535,正式
HAMD-17,PDCH标签99人,Qwen3.7-Max,思考,8,08_全文_规整_评分_清洗,全文,规整,逐条评分,清洗,逐条评分,16,体重减轻,Spearman,43,3,0.24967711131070303,0.106378637863267,-0.030628060874516673,0.4938778845985468,0.5348837209302325,0.627906976744186,0.37209302325581395,14.30232558139535,正式
HAMD-17,PDCH标签99人,Qwen3.7-Max,思考,8,08_全文_规整_评分_清洗,全文,规整,逐条评分,清洗,逐条评分,17,自知力,Spearman,43,2,0.07389528048948908,0.6376908462208121,-0.24330982525099376,0.37709191613565624,0.20930232558139536,0.7906976744186046,0.20930232558139536,14.30232558139535,正式
HAMD-17,PDCH标签99人,Qwen3.7-Max,思考,11,11_事件序列_不规整_评分_不清洗,事件序列,不规整,逐条评分,不清洗,逐条评分,1,抑郁情绪,Spearman,54,4,0.5966093587617342,1.9260332137367793e-06,0.3684430230233794,0.7652664024057735,1.2222222222222223,0.25925925925925924,0.7407407407407407,15.25925925925926,正式
HAMD-17,PDCH标签99人,Qwen3.7-Max,思考,11,11_事件序列_不规整_评分_不清洗,事件序列,不规整,逐条评分,不清洗,逐条评分,2,有罪感,Spearman,54,3,0.46804295371158205,0.0003584624166515624,0.251271186830475,0.6437651189000754,0.9259259259259259,0.3333333333333333,0.6666666666666666,15.25925925925926,正式
HAMD-17,PDCH标签99人,Qwen3.7-Max,思考,11,11_事件序列_不规整_评分_不清洗,事件序列,不规整,逐条评分,不清洗,逐条评分,3,自杀,Spearman,54,5,0.5299962299839249,3.762845193144989e-05,0.3563684292364897,0.6998330228877563,1.1296296296296295,0.5185185185185185,0.48148148148148145,15.25925925925926,正式
HAMD-17,PDCH标签99人,Qwen3.7-Max,思考,11,11_事件序列_不规整_评分_不清洗,事件序列,不规整,逐条评分,不清洗,逐条评分,4,入睡困难,Spearman,54,3,0.3848482996856894,0.0040602063238966155,0.15255234756435096,0.5871562496210603,0.6666666666666666,0.5185185185185185,0.48148148148148145,15.25925925925926,正式
HAMD-17,PDCH标签99人,Qwen3.7-Max,思考,11,11_事件序列_不规整_评分_不清洗,事件序列,不规整,逐条评分,不清洗,逐条评分,5,睡眠不深,Spearman,54,3,0.2879043796456207,0.03476568579157728,0.04138411920724584,0.4954504392635252,0.8333333333333334,0.48148148148148145,0.5185185185185185,15.25925925925926,正式
HAMD-17,PDCH标签99人,Qwen3.7-Max,思考,11,11_事件序列_不规整_评分_不清洗,事件序列,不规整,逐条评分,不清洗,逐条评分,6,早醒,Spearman,54,3,0.341439126660531,0.011511216913546988,0.0893445407503425,0.5597603639598753,0.6111111111111112,0.6111111111111112,0.3888888888888889,15.25925925925926,正式
HAMD-17,PDCH标签99人,Qwen3.7-Max,思考,11,11_事件序列_不规整_评分_不清洗,事件序列,不规整,逐条评分,不清洗,逐条评分,7,工作和活动,Spearman,54,5,0.6656323956465499,3.980198902312394e-08,0.5108110124017858,0.7965589573669313,2.2037037037037037,0.2037037037037037,0.7962962962962963,15.25925925925926,正式
HAMD-17,PDCH标签99人,Qwen3.7-Max,思考,11,11_事件序列_不规整_评分_不清洗,事件序列,不规整,逐条评分,不清洗,逐条评分,8,迟滞,Spearman,54,3,0.4628192488659555,0.00042536556205725087,0.2714847055004028,0.658172706769446,0.3333333333333333,0.7222222222222222,0.2777777777777778,15.25925925925926,正式
HAMD-17,PDCH标签99人,Qwen3.7-Max,思考,11,11_事件序列_不规整_评分_不清洗,事件序列,不规整,逐条评分,不清洗,逐条评分,9,激越,Spearman,54,3,0.4166232353869937,0.001726012823222609,0.17892125605249107,0.6197628538163431,0.4074074074074074,0.7037037037037037,0.2962962962962963,15.25925925925926,正式
HAMD-17,PDCH标签99人,Qwen3.7-Max,思考,11,11_事件序列_不规整_评分_不清洗,事件序列,不规整,逐条评分,不清洗,逐条评分,10,精神性焦虑,Spearman,54,4,0.5807373096198528,4.151928639486265e-06,0.3928886743762363,0.7388671952581184,0.9259259259259259,0.35185185185185186,0.6481481481481481,15.25925925925926,正式
HAMD-17,PDCH标签99人,Qwen3.7-Max,思考,11,11_事件序列_不规整_评分_不清洗,事件序列,不规整,逐条评分,不清洗,逐条评分,11,躯体性焦虑,Spearman,54,4,0.6229552867658632,4.89421270615038e-07,0.438456025040384,0.7684959663305351,1.1481481481481481,0.25925925925925924,0.7407407407407407,15.25925925925926,正式
HAMD-17,PDCH标签99人,Qwen3.7-Max,思考,11,11_事件序列_不规整_评分_不清洗,事件序列,不规整,逐条评分,不清洗,逐条评分,12,胃肠道症状,Spearman,54,3,0.4652612529348213,0.00039279585978640563,0.2478374477918533,0.6436165038491415,0.5740740740740741,0.5740740740740741,0.42592592592592593,15.25925925925926,正式
HAMD-17,PDCH标签99人,Qwen3.7-Max,思考,11,11_事件序列_不规整_评分_不清洗,事件序列,不规整,逐条评分,不清洗,逐条评分,13,全身症状,Spearman,54,3,0.7028137289544426,3.1347931805132327e-09,0.5471299208753575,0.8291960081531469,0.8703703703703703,0.3148148148148148,0.6851851851851852,15.25925925925926,正式
HAMD-17,PDCH标签99人,Qwen3.7-Max,思考,11,11_事件序列_不规整_评分_不清洗,事件序列,不规整,逐条评分,不清洗,逐条评分,14,性症状,Spearman,54,3,0.4877144512126167,0.000183513745341954,0.2495950600271248,0.6839939664246862,0.8148148148148148,0.4074074074074074,0.5925925925925926,15.25925925925926,正式
HAMD-17,PDCH标签99人,Qwen3.7-Max,思考,11,11_事件序列_不规整_评分_不清洗,事件序列,不规整,逐条评分,不清洗,逐条评分,15,疑病,Spearman,54,3,0.17812803983833841,0.1975112787147128,-0.08925627636408252,0.40994345453655656,0.42592592592592593,0.6851851851851852,0.3148148148148148,15.25925925925926,正式
HAMD-17,PDCH标签99人,Qwen3.7-Max,思考,11,11_事件序列_不规整_评分_不清洗,事件序列,不规整,逐条评分,不清洗,逐条评分,16,体重减轻,Spearman,54,3,0.3281167408294223,0.01542630452800625,0.08037066246525686,0.52926947527284,0.3888888888888889,0.7407407407407407,0.25925925925925924,15.25925925925926,正式
HAMD-17,PDCH标签99人,Qwen3.7-Max,思考,11,11_事件序列_不规整_评分_不清洗,事件序列,不规整,逐条评分,不清洗,逐条评分,17,自知力,Spearman,54,2,0.08874934853843172,0.5233610927128931,-0.23499902547543478,0.38379314783171864,0.14814814814814814,0.8518518518518519,0.14814814814814814,15.25925925925926,正式
HAMD-17,PDCH标签99人,Qwen3.7-Max,思考,12,12_事件序列_不规整_评分_清洗,事件序列,不规整,逐条评分,清洗,逐条评分,1,抑郁情绪,Spearman,51,5,0.6009255755981515,3.1241974862641583e-06,0.3634325292570456,0.7949596081394265,1.2941176470588236,0.23529411764705882,0.7647058823529411,15.098039215686274,正式
HAMD-17,PDCH标签99人,Qwen3.7-Max,思考,12,12_事件序列_不规整_评分_清洗,事件序列,不规整,逐条评分,清洗,逐条评分,2,有罪感,Spearman,51,3,0.4396126461767289,0.001247935466708865,0.20257736495294373,0.6406507311324134,0.9019607843137255,0.27450980392156865,0.7254901960784313,15.098039215686274,正式
HAMD-17,PDCH标签99人,Qwen3.7-Max,思考,12,12_事件序列_不规整_评分_清洗,事件序列,不规整,逐条评分,清洗,逐条评分,3,自杀,Spearman,51,5,0.4059616491280519,0.0031195844157273418,0.16892656522761254,0.6292904593806918,1.0588235294117647,0.5294117647058824,0.47058823529411764,15.098039215686274,正式
HAMD-17,PDCH标签99人,Qwen3.7-Max,思考,12,12_事件序列_不规整_评分_清洗,事件序列,不规整,逐条评分,清洗,逐条评分,4,入睡困难,Spearman,51,3,0.3310510728845331,0.0176488344744004,0.07209623858496228,0.5431277356210518,0.6274509803921569,0.5490196078431373,0.45098039215686275,15.098039215686274,正式
HAMD-17,PDCH标签99人,Qwen3.7-Max,思考,12,12_事件序列_不规整_评分_清洗,事件序列,不规整,逐条评分,清洗,逐条评分,5,睡眠不深,Spearman,51,3,0.3584895763545369,0.009790481052671914,0.12461791940864428,0.5566649806180962,0.8431372549019608,0.47058823529411764,0.5294117647058824,15.098039215686274,正式
HAMD-17,PDCH标签99人,Qwen3.7-Max,思考,12,12_事件序列_不规整_评分_清洗,事件序列,不规整,逐条评分,清洗,逐条评分,6,早醒,Spearman,51,3,0.33061749538376667,0.017806902885354414,0.06307662175606132,0.5457295197525446,0.6274509803921569,0.5294117647058824,0.47058823529411764,15.098039215686274,正式
HAMD-17,PDCH标签99人,Qwen3.7-Max,思考,12,12_事件序列_不规整_评分_清洗,事件序列,不规整,逐条评分,清洗,逐条评分,7,工作和活动,Spearman,51,5,0.6285892129425052,7.849979374110459e-07,0.4342706062676762,0.7806600322707383,2.176470588235294,0.19607843137254902,0.803921568627451,15.098039215686274,正式
HAMD-17,PDCH标签99人,Qwen3.7-Max,思考,12,12_事件序列_不规整_评分_清洗,事件序列,不规整,逐条评分,清洗,逐条评分,8,迟滞,Spearman,51,3,0.49053570054965095,0.0002578763549054464,0.2697824152826478,0.6651654743821072,0.39215686274509803,0.7058823529411765,0.29411764705882354,15.098039215686274,正式
HAMD-17,PDCH标签99人,Qwen3.7-Max,思考,12,12_事件序列_不规整_评分_清洗,事件序列,不规整,逐条评分,清洗,逐条评分,9,激越,Spearman,51,4,0.31094186191114015,0.026358362555265403,0.0569956442906673,0.5352171026678785,0.3333333333333333,0.7450980392156863,0.2549019607843137,15.098039215686274,正式
HAMD-17,PDCH标签99人,Qwen3.7-Max,思考,12,12_事件序列_不规整_评分_清洗,事件序列,不规整,逐条评分,清洗,逐条评分,10,精神性焦虑,Spearman,51,4,0.5504009754977707,2.85906212343953e-05,0.3311522559166568,0.7253645059246853,1.0,0.35294117647058826,0.6470588235294118,15.098039215686274,正式
HAMD-17,PDCH标签99人,Qwen3.7-Max,思考,12,12_事件序列_不规整_评分_清洗,事件序列,不规整,逐条评分,清洗,逐条评分,11,躯体性焦虑,Spearman,51,4,0.7279066060877909,1.4293001277383457e-09,0.5699581689003292,0.8503092356284789,1.2549019607843137,0.27450980392156865,0.7254901960784313,15.098039215686274,正式
HAMD-17,PDCH标签99人,Qwen3.7-Max,思考,12,12_事件序列_不规整_评分_清洗,事件序列,不规整,逐条评分,清洗,逐条评分,12,胃肠道症状,Spearman,51,3,0.5323197766378187,5.805447871538328e-05,0.3338159713041893,0.7305973448065273,0.6274509803921569,0.5098039215686274,0.49019607843137253,15.098039215686274,正式
HAMD-17,PDCH标签99人,Qwen3.7-Max,思考,12,12_事件序列_不规整_评分_清洗,事件序列,不规整,逐条评分,清洗,逐条评分,13,全身症状,Spearman,51,3,0.6726132468923588,6.445703816505035e-08,0.4670798471161687,0.8246812567236239,0.9215686274509803,0.29411764705882354,0.7058823529411765,15.098039215686274,正式
HAMD-17,PDCH标签99人,Qwen3.7-Max,思考,12,12_事件序列_不规整_评分_清洗,事件序列,不规整,逐条评分,清洗,逐条评分,14,性症状,Spearman,51,3,0.5204995243100178,9.029134789021478e-05,0.27493494711287897,0.7066352350294965,0.7647058823529411,0.4117647058823529,0.5882352941176471,15.098039215686274,正式
HAMD-17,PDCH标签99人,Qwen3.7-Max,思考,12,12_事件序列_不规整_评分_清洗,事件序列,不规整,逐条评分,清洗,逐条评分,15,疑病,Spearman,51,3,0.2330580963806522,0.09979305044209265,-0.046177425292740513,0.4825019881202512,0.5098039215686274,0.5882352941176471,0.4117647058823529,15.098039215686274,正式
HAMD-17,PDCH标签99人,Qwen3.7-Max,思考,12,12_事件序列_不规整_评分_清洗,事件序列,不规整,逐条评分,清洗,逐条评分,16,体重减轻,Spearman,51,3,0.34844525417253047,0.012218057810790568,0.09396178720112261,0.5575698484608376,0.45098039215686275,0.7058823529411765,0.29411764705882354,15.098039215686274,正式
HAMD-17,PDCH标签99人,Qwen3.7-Max,思考,12,12_事件序列_不规整_评分_清洗,事件序列,不规整,逐条评分,清洗,逐条评分,17,自知力,Spearman,51,3,0.05858663906437385,0.68300136265317,-0.22002703550249564,0.3354380255363015,0.19607843137254902,0.8235294117647058,0.17647058823529413,15.098039215686274,正式
HAMD-17,PDCH标签99人,Qwen3.7-Max,思考,15,15_事件序列_规整_评分_不清洗,事件序列,规整,逐条评分,不清洗,逐条评分,1,抑郁情绪,Spearman,51,4,0.6051927677744361,2.5461864061404684e-06,0.3964862445932043,0.7840866285133212,1.2745098039215685,0.29411764705882354,0.7058823529411765,15.058823529411764,正式
HAMD-17,PDCH标签99人,Qwen3.7-Max,思考,15,15_事件序列_规整_评分_不清洗,事件序列,规整,逐条评分,不清洗,逐条评分,2,有罪感,Spearman,51,4,0.3846325990080173,0.005322772362844968,0.0995752528009614,0.6191580499685304,1.2352941176470589,0.29411764705882354,0.7058823529411765,15.058823529411764,正式
HAMD-17,PDCH标签99人,Qwen3.7-Max,思考,15,15_事件序列_规整_评分_不清洗,事件序列,规整,逐条评分,不清洗,逐条评分,3,自杀,Spearman,51,5,0.4440711961582016,0.0010974191157777913,0.21324187523099872,0.6392699194200093,1.0980392156862746,0.5098039215686274,0.49019607843137253,15.058823529411764,正式
HAMD-17,PDCH标签99人,Qwen3.7-Max,思考,15,15_事件序列_规整_评分_不清洗,事件序列,规整,逐条评分,不清洗,逐条评分,4,入睡困难,Spearman,51,3,0.34883818780247994,0.012114190027614729,0.08986669922151305,0.5726546115902361,0.6862745098039216,0.5098039215686274,0.49019607843137253,15.058823529411764,正式
HAMD-17,PDCH标签99人,Qwen3.7-Max,思考,15,15_事件序列_规整_评分_不清洗,事件序列,规整,逐条评分,不清洗,逐条评分,5,睡眠不深,Spearman,51,3,0.44498474660476567,0.00106866596436863,0.202545861928541,0.6641182974044472,0.9215686274509803,0.43137254901960786,0.5686274509803921,15.058823529411764,正式
HAMD-17,PDCH标签99人,Qwen3.7-Max,思考,15,15_事件序列_规整_评分_不清洗,事件序列,规整,逐条评分,不清洗,逐条评分,6,早醒,Spearman,51,3,0.21089870972234986,0.1373993946880422,-0.07637721577674429,0.4506292117865545,0.5686274509803921,0.6274509803921569,0.37254901960784315,15.058823529411764,正式
HAMD-17,PDCH标签99人,Qwen3.7-Max,思考,15,15_事件序列_规整_评分_不清洗,事件序列,规整,逐条评分,不清洗,逐条评分,7,工作和活动,Spearman,51,5,0.6144478128487388,1.6168822561808514e-06,0.38255593716943376,0.790623028771456,2.392156862745098,0.1568627450980392,0.8431372549019608,15.058823529411764,正式
HAMD-17,PDCH标签99人,Qwen3.7-Max,思考,15,15_事件序列_规整_评分_不清洗,事件序列,规整,逐条评分,不清洗,逐条评分,8,迟滞,Spearman,51,3,0.403507642536146,0.003323246983502049,0.15724620877196227,0.6100062109015201,0.5882352941176471,0.5882352941176471,0.4117647058823529,15.058823529411764,正式
HAMD-17,PDCH标签99人,Qwen3.7-Max,思考,15,15_事件序列_规整_评分_不清洗,事件序列,规整,逐条评分,不清洗,逐条评分,9,激越,Spearman,51,4,0.3501018652039765,0.011785274138452501,0.11775294055121384,0.5508383673752753,0.6078431372549019,0.6078431372549019,0.39215686274509803,15.058823529411764,正式
HAMD-17,PDCH标签99人,Qwen3.7-Max,思考,15,15_事件序列_规整_评分_不清洗,事件序列,规整,逐条评分,不清洗,逐条评分,10,精神性焦虑,Spearman,51,5,0.5577499148152347,2.118540159154602e-05,0.3412190916895335,0.722387958388662,1.0196078431372548,0.37254901960784315,0.6274509803921569,15.058823529411764,正式
HAMD-17,PDCH标签99人,Qwen3.7-Max,思考,15,15_事件序列_规整_评分_不清洗,事件序列,规整,逐条评分,不清洗,逐条评分,11,躯体性焦虑,Spearman,51,4,0.5360485638974921,5.03307558512713e-05,0.3056290310964765,0.72422502071125,1.2549019607843137,0.11764705882352941,0.8823529411764706,15.058823529411764,正式
HAMD-17,PDCH标签99人,Qwen3.7-Max,思考,15,15_事件序列_规整_评分_不清洗,事件序列,规整,逐条评分,不清洗,逐条评分,12,胃肠道症状,Spearman,51,3,0.49410703250386234,0.00022870553229851058,0.2701256289037436,0.6751953212825428,0.8823529411764706,0.43137254901960786,0.5686274509803921,15.058823529411764,正式
HAMD-17,PDCH标签99人,Qwen3.7-Max,思考,15,15_事件序列_规整_评分_不清洗,事件序列,规整,逐条评分,不清洗,逐条评分,13,全身症状,Spearman,51,3,0.5879825885598602,5.708598426092719e-06,0.3898604125948603,0.7558477206395695,1.0392156862745099,0.2549019607843137,0.7450980392156863,15.058823529411764,正式
HAMD-17,PDCH标签99人,Qwen3.7-Max,思考,15,15_事件序列_规整_评分_不清洗,事件序列,规整,逐条评分,不清洗,逐条评分,14,性症状,Spearman,51,3,0.5037835358292315,0.00016409821395079594,0.2590324789631544,0.6872760159250959,0.6666666666666666,0.5098039215686274,0.49019607843137253,15.058823529411764,正式
HAMD-17,PDCH标签99人,Qwen3.7-Max,思考,15,15_事件序列_规整_评分_不清洗,事件序列,规整,逐条评分,不清洗,逐条评分,15,疑病,Spearman,51,3,0.09423609033020383,0.5106907667541197,-0.17573720415199387,0.35595705299886016,0.6666666666666666,0.5882352941176471,0.4117647058823529,15.058823529411764,正式
HAMD-17,PDCH标签99人,Qwen3.7-Max,思考,15,15_事件序列_规整_评分_不清洗,事件序列,规整,逐条评分,不清洗,逐条评分,16,体重减轻,Spearman,51,3,0.18607273500153337,0.1910996099173186,-0.09925524192696893,0.4199827099441794,0.47058823529411764,0.7058823529411765,0.29411764705882354,15.058823529411764,正式
HAMD-17,PDCH标签99人,Qwen3.7-Max,思考,15,15_事件序列_规整_评分_不清洗,事件序列,规整,逐条评分,不清洗,逐条评分,17,自知力,Spearman,51,3,-0.10240851790586941,0.4745499516606097,-0.3773977874634864,0.2020273930577273,0.2549019607843137,0.7647058823529411,0.23529411764705882,15.058823529411764,正式
HAMD-17,PDCH标签99人,Qwen3.7-Max,思考,16,16_事件序列_规整_评分_清洗,事件序列,规整,逐条评分,清洗,逐条评分,1,抑郁情绪,Spearman,46,5,0.5819101468241479,2.217982671332919e-05,0.3541361321389847,0.7644858282205517,1.391304347826087,0.32608695652173914,0.6739130434782609,15.0,正式
HAMD-17,PDCH标签99人,Qwen3.7-Max,思考,16,16_事件序列_规整_评分_清洗,事件序列,规整,逐条评分,清洗,逐条评分,2,有罪感,Spearman,46,4,0.451588145814262,0.0016314751403809066,0.2018694229607103,0.6738786995588985,1.2608695652173914,0.2826086956521739,0.717391304347826,15.0,正式
HAMD-17,PDCH标签99人,Qwen3.7-Max,思考,16,16_事件序列_规整_评分_清洗,事件序列,规整,逐条评分,清洗,逐条评分,3,自杀,Spearman,46,4,0.6203366006539922,4.257925665313627e-06,0.42284124088398084,0.7935013727919901,0.9565217391304348,0.5217391304347826,0.4782608695652174,15.0,正式
HAMD-17,PDCH标签99人,Qwen3.7-Max,思考,16,16_事件序列_规整_评分_清洗,事件序列,规整,逐条评分,清洗,逐条评分,4,入睡困难,Spearman,46,3,0.2838422480936107,0.05592044425596531,-0.008687671559289267,0.5491503994410776,0.782608695652174,0.45652173913043476,0.5434782608695652,15.0,正式
HAMD-17,PDCH标签99人,Qwen3.7-Max,思考,16,16_事件序列_规整_评分_清洗,事件序列,规整,逐条评分,清洗,逐条评分,5,睡眠不深,Spearman,46,3,0.4616283352920618,0.00124114212726222,0.20576711533319123,0.6738600782315556,0.9782608695652174,0.41304347826086957,0.5869565217391305,15.0,正式
HAMD-17,PDCH标签99人,Qwen3.7-Max,思考,16,16_事件序列_规整_评分_清洗,事件序列,规整,逐条评分,清洗,逐条评分,6,早醒,Spearman,46,3,0.21791997504713115,0.14570244247208095,-0.0667765123457827,0.4792349336720928,0.6956521739130435,0.5434782608695652,0.45652173913043476,15.0,正式
HAMD-17,PDCH标签99人,Qwen3.7-Max,思考,16,16_事件序列_规整_评分_清洗,事件序列,规整,逐条评分,清洗,逐条评分,7,工作和活动,Spearman,46,5,0.5849786622934128,1.9590826594755754e-05,0.33631828713498724,0.7761016640146927,2.369565217391304,0.1956521739130435,0.8043478260869565,15.0,正式
HAMD-17,PDCH标签99人,Qwen3.7-Max,思考,16,16_事件序列_规整_评分_清洗,事件序列,规整,逐条评分,清洗,逐条评分,8,迟滞,Spearman,46,3,0.5164047707219188,0.00023893734712622045,0.3024747717505907,0.7083391131243045,0.6304347826086957,0.5434782608695652,0.45652173913043476,15.0,正式
HAMD-17,PDCH标签99人,Qwen3.7-Max,思考,16,16_事件序列_规整_评分_清洗,事件序列,规整,逐条评分,清洗,逐条评分,9,激越,Spearman,46,4,0.38203905494836393,0.00879255255391029,0.15847912993540145,0.5977494147934911,0.5869565217391305,0.5869565217391305,0.41304347826086957,15.0,正式
HAMD-17,PDCH标签99人,Qwen3.7-Max,思考,16,16_事件序列_规整_评分_清洗,事件序列,规整,逐条评分,清洗,逐条评分,10,精神性焦虑,Spearman,46,4,0.611635907578938,6.306244297869312e-06,0.3813711920192947,0.7933264468981259,1.0434782608695652,0.32608695652173914,0.6739130434782609,15.0,正式
HAMD-17,PDCH标签99人,Qwen3.7-Max,思考,16,16_事件序列_规整_评分_清洗,事件序列,规整,逐条评分,清洗,逐条评分,11,躯体性焦虑,Spearman,46,5,0.5732766977816124,3.124215350404283e-05,0.33694258877433747,0.7592746923027461,1.3695652173913044,0.17391304347826086,0.8260869565217391,15.0,正式
HAMD-17,PDCH标签99人,Qwen3.7-Max,思考,16,16_事件序列_规整_评分_清洗,事件序列,规整,逐条评分,清洗,逐条评分,12,胃肠道症状,Spearman,46,3,0.42384729680065986,0.0033320997563202827,0.17603145606267193,0.6245697141155508,0.7608695652173914,0.4782608695652174,0.5217391304347826,15.0,正式
HAMD-17,PDCH标签99人,Qwen3.7-Max,思考,16,16_事件序列_规整_评分_清洗,事件序列,规整,逐条评分,清洗,逐条评分,13,全身症状,Spearman,46,3,0.6497449848647938,1.0292399177058528e-06,0.4537107495576111,0.8035986084927038,1.0,0.2608695652173913,0.7391304347826086,15.0,正式
HAMD-17,PDCH标签99人,Qwen3.7-Max,思考,16,16_事件序列_规整_评分_清洗,事件序列,规整,逐条评分,清洗,逐条评分,14,性症状,Spearman,46,3,0.44245173708184843,0.002077696662182321,0.1974320015336352,0.6701194922254552,0.6521739130434783,0.5434782608695652,0.45652173913043476,15.0,正式
HAMD-17,PDCH标签99人,Qwen3.7-Max,思考,16,16_事件序列_规整_评分_清洗,事件序列,规整,逐条评分,清洗,逐条评分,15,疑病,Spearman,46,3,0.09049557731693943,0.5497672947057574,-0.1958436156946947,0.3684032037562939,0.8260869565217391,0.4782608695652174,0.5217391304347826,15.0,正式
HAMD-17,PDCH标签99人,Qwen3.7-Max,思考,16,16_事件序列_规整_评分_清洗,事件序列,规整,逐条评分,清洗,逐条评分,16,体重减轻,Spearman,46,3,0.1514935719493529,0.3148880485005839,-0.14132520376019156,0.4305952008734849,0.41304347826086957,0.7391304347826086,0.2608695652173913,15.0,正式
HAMD-17,PDCH标签99人,Qwen3.7-Max,思考,16,16_事件序列_规整_评分_清洗,事件序列,规整,逐条评分,清洗,逐条评分,17,自知力,Spearman,46,3,-0.19708173929028275,0.18924827301719127,-0.5230471549596634,0.10526174828367035,0.34782608695652173,0.6739130434782609,0.32608695652173914,15.0,正式
PHQ-8,DAIC-WOZ全量189人,DeepSeek-V4-Pro,思考,3,03_全文_不规整_评分_不清洗,全文,不规整,逐条评分,不清洗,逐条评分,1,兴趣或愉悦感降低,Spearman,187,4,0.3324807776826112,3.3343759175243765e-06,0.22626209525878713,0.4360534563018485,0.2727272727272727,0.8342245989304813,0.1657754010695187,6.74331550802139,正式
PHQ-8,DAIC-WOZ全量189人,DeepSeek-V4-Pro,思考,3,03_全文_不规整_评分_不清洗,全文,不规整,逐条评分,不清洗,逐条评分,2,情绪低落、抑郁或无望,Spearman,187,4,0.6423624322214645,3.8116558360258114e-23,0.5518354341349082,0.7285443187156232,0.7593582887700535,0.5508021390374331,0.44919786096256686,6.74331550802139,正式
PHQ-8,DAIC-WOZ全量189人,DeepSeek-V4-Pro,思考,3,03_全文_不规整_评分_不清洗,全文,不规整,逐条评分,不清洗,逐条评分,3,睡眠问题,Spearman,187,4,0.636313342024124,1.2902590680620665e-22,0.5458830252149556,0.7196467570671526,0.9786096256684492,0.5133689839572193,0.48663101604278075,6.74331550802139,正式
PHQ-8,DAIC-WOZ全量189人,DeepSeek-V4-Pro,思考,3,03_全文_不规整_评分_不清洗,全文,不规整,逐条评分,不清洗,逐条评分,4,疲劳或精力不足,Spearman,187,4,0.4657590787915222,1.853810737250585e-11,0.3600705549177778,0.5607297160289066,0.5240641711229946,0.7219251336898396,0.27807486631016043,6.74331550802139,正式
PHQ-8,DAIC-WOZ全量189人,DeepSeek-V4-Pro,思考,3,03_全文_不规整_评分_不清洗,全文,不规整,逐条评分,不清洗,逐条评分,5,食欲问题,Spearman,187,4,0.08750175079049749,0.23372000660996023,-0.05051409738031638,0.21303338684076634,0.06417112299465241,0.9679144385026738,0.03208556149732621,6.74331550802139,正式
PHQ-8,DAIC-WOZ全量189人,DeepSeek-V4-Pro,思考,3,03_全文_不规整_评分_不清洗,全文,不规整,逐条评分,不清洗,逐条评分,6,自我评价低或让家人失望,Spearman,187,4,0.3939708734649327,2.4242631663697327e-08,0.273148087530492,0.4990867765078125,0.45989304812834225,0.7272727272727273,0.2727272727272727,6.74331550802139,正式
PHQ-8,DAIC-WOZ全量189人,DeepSeek-V4-Pro,思考,3,03_全文_不规整_评分_不清洗,全文,不规整,逐条评分,不清洗,逐条评分,7,注意力困难,Spearman,187,4,0.24461063980104994,0.0007409118789039079,0.12830291223853985,0.35489614590219776,0.10695187165775401,0.9197860962566845,0.08021390374331551,6.74331550802139,正式
PHQ-8,DAIC-WOZ全量189人,DeepSeek-V4-Pro,思考,3,03_全文_不规整_评分_不清洗,全文,不规整,逐条评分,不清洗,逐条评分,8,动作或语速改变,Spearman,187,3,0.10011379213025065,0.1727931892121521,0.02180742162883025,0.18561713016505907,0.026737967914438502,0.983957219251337,0.016042780748663103,6.74331550802139,正式
PHQ-8,DAIC-WOZ全量189人,DeepSeek-V4-Pro,思考,4,04_全文_不规整_评分_清洗,全文,不规整,逐条评分,清洗,逐条评分,1,兴趣或愉悦感降低,Spearman,187,4,0.261756166895,0.0002960159998511602,0.1323907164089431,0.3813728193701683,0.3689839572192513,0.7914438502673797,0.20855614973262032,6.614973262032086,正式
PHQ-8,DAIC-WOZ全量189人,DeepSeek-V4-Pro,思考,4,04_全文_不规整_评分_清洗,全文,不规整,逐条评分,清洗,逐条评分,2,情绪低落、抑郁或无望,Spearman,187,4,0.5960193441650177,2.2791344878577898e-19,0.49660885744199607,0.6769622358353781,0.8823529411764706,0.45989304812834225,0.5401069518716578,6.614973262032086,正式
PHQ-8,DAIC-WOZ全量189人,DeepSeek-V4-Pro,思考,4,04_全文_不规整_评分_清洗,全文,不规整,逐条评分,清洗,逐条评分,3,睡眠问题,Spearman,187,4,0.5919186171825918,4.603169048065828e-19,0.49041278752202844,0.6918539967939413,1.0909090909090908,0.44919786096256686,0.5508021390374331,6.614973262032086,正式
PHQ-8,DAIC-WOZ全量189人,DeepSeek-V4-Pro,思考,4,04_全文_不规整_评分_清洗,全文,不规整,逐条评分,清洗,逐条评分,4,疲劳或精力不足,Spearman,187,4,0.3948298884932936,2.2462423620650014e-08,0.2747529615092432,0.5032196146654901,0.6363636363636364,0.6631016042780749,0.33689839572192515,6.614973262032086,正式
PHQ-8,DAIC-WOZ全量189人,DeepSeek-V4-Pro,思考,4,04_全文_不规整_评分_清洗,全文,不规整,逐条评分,清洗,逐条评分,5,食欲问题,Spearman,187,4,0.13928995409951123,0.057266836921641424,-0.04945796381598947,0.29482308047954675,0.10160427807486631,0.9411764705882353,0.058823529411764705,6.614973262032086,正式
PHQ-8,DAIC-WOZ全量189人,DeepSeek-V4-Pro,思考,4,04_全文_不规整_评分_清洗,全文,不规整,逐条评分,清洗,逐条评分,6,自我评价低或让家人失望,Spearman,187,4,0.3128778792463146,1.301709739421516e-05,0.18530614591280178,0.4325734447753078,0.5561497326203209,0.6524064171122995,0.34759358288770054,6.614973262032086,正式
PHQ-8,DAIC-WOZ全量189人,DeepSeek-V4-Pro,思考,4,04_全文_不规整_评分_清洗,全文,不规整,逐条评分,清洗,逐条评分,7,注意力困难,Spearman,187,4,0.3041036845525259,2.3232190536414717e-05,0.17233155139247294,0.4153359308187861,0.18716577540106952,0.8877005347593583,0.11229946524064172,6.614973262032086,正式
PHQ-8,DAIC-WOZ全量189人,DeepSeek-V4-Pro,思考,4,04_全文_不规整_评分_清洗,全文,不规整,逐条评分,清洗,逐条评分,8,动作或语速改变,Spearman,187,3,0.11334472390877844,0.1224540062695599,-0.03191870726973352,0.25241994702946136,0.058823529411764705,0.9572192513368984,0.0427807486631016,6.614973262032086,正式
PHQ-8,DAIC-WOZ全量189人,DeepSeek-V4-Pro,思考,7,07_全文_规整_评分_不清洗,全文,规整,逐条评分,不清洗,逐条评分,1,兴趣或愉悦感降低,Spearman,188,4,0.490939251267814,8.509924501899372e-13,0.38449113058611845,0.5965123218992454,0.8138297872340425,0.6329787234042553,0.3670212765957447,6.707446808510638,正式
PHQ-8,DAIC-WOZ全量189人,DeepSeek-V4-Pro,思考,7,07_全文_规整_评分_不清洗,全文,规整,逐条评分,不清洗,逐条评分,2,情绪低落、抑郁或无望,Spearman,188,4,0.6363522724398664,9.84997738762934e-23,0.5419511001633966,0.7149737175815767,1.2180851063829787,0.3351063829787234,0.6648936170212766,6.707446808510638,正式
PHQ-8,DAIC-WOZ全量189人,DeepSeek-V4-Pro,思考,7,07_全文_规整_评分_不清洗,全文,规整,逐条评分,不清洗,逐条评分,3,睡眠问题,Spearman,188,4,0.5878798503597329,7.350201105606439e-19,0.4836476283442632,0.6766805071205928,1.3617021276595744,0.34574468085106386,0.6542553191489362,6.707446808510638,正式
PHQ-8,DAIC-WOZ全量189人,DeepSeek-V4-Pro,思考,7,07_全文_规整_评分_不清洗,全文,规整,逐条评分,不清洗,逐条评分,4,疲劳或精力不足,Spearman,188,4,0.4793316899707363,3.4262404795165867e-12,0.3726224528972776,0.586114687678938,1.0638297872340425,0.5,0.5,6.707446808510638,正式
PHQ-8,DAIC-WOZ全量189人,DeepSeek-V4-Pro,思考,7,07_全文_规整_评分_不清洗,全文,规整,逐条评分,不清洗,逐条评分,5,食欲问题,Spearman,188,3,0.17106131814642428,0.01891717813646495,0.013828746491382746,0.30512809750707837,0.10106382978723404,0.9414893617021277,0.05851063829787234,6.707446808510638,正式
PHQ-8,DAIC-WOZ全量189人,DeepSeek-V4-Pro,思考,7,07_全文_规整_评分_不清洗,全文,规整,逐条评分,不清洗,逐条评分,6,自我评价低或让家人失望,Spearman,188,4,0.37175736880038035,1.49829572551132e-07,0.2505413683328964,0.49515296659390623,0.9361702127659575,0.5053191489361702,0.4946808510638298,6.707446808510638,正式
PHQ-8,DAIC-WOZ全量189人,DeepSeek-V4-Pro,思考,7,07_全文_规整_评分_不清洗,全文,规整,逐条评分,不清洗,逐条评分,7,注意力困难,Spearman,188,4,0.28151754959586406,9.089983967567061e-05,0.1458337256045834,0.40403663657673344,0.3617021276595745,0.7978723404255319,0.20212765957446807,6.707446808510638,正式
PHQ-8,DAIC-WOZ全量189人,DeepSeek-V4-Pro,思考,7,07_全文_规整_评分_不清洗,全文,规整,逐条评分,不清洗,逐条评分,8,动作或语速改变,Spearman,188,3,0.08927876712757468,0.2230722974598349,-0.05708356382023991,0.23119874440084112,0.06382978723404255,0.9574468085106383,0.0425531914893617,6.707446808510638,正式
PHQ-8,DAIC-WOZ全量189人,DeepSeek-V4-Pro,思考,8,08_全文_规整_评分_清洗,全文,规整,逐条评分,清洗,逐条评分,1,兴趣或愉悦感降低,Spearman,186,4,0.43218160206861767,7.290100890215126e-10,0.31750958227836185,0.5382533850208736,0.8225806451612904,0.6559139784946236,0.34408602150537637,6.768817204301075,正式
PHQ-8,DAIC-WOZ全量189人,DeepSeek-V4-Pro,思考,8,08_全文_规整_评分_清洗,全文,规整,逐条评分,清洗,逐条评分,2,情绪低落、抑郁或无望,Spearman,186,4,0.6419513351576672,5.419810594514668e-23,0.5573455748209708,0.7216475860927306,1.2580645161290323,0.3870967741935484,0.6129032258064516,6.768817204301075,正式
PHQ-8,DAIC-WOZ全量189人,DeepSeek-V4-Pro,思考,8,08_全文_规整_评分_清洗,全文,规整,逐条评分,清洗,逐条评分,3,睡眠问题,Spearman,186,4,0.5746119036764492,9.843881545865434e-18,0.46401710170899907,0.6714883544841833,1.3279569892473118,0.3763440860215054,0.6236559139784946,6.768817204301075,正式
PHQ-8,DAIC-WOZ全量189人,DeepSeek-V4-Pro,思考,8,08_全文_规整_评分_清洗,全文,规整,逐条评分,清洗,逐条评分,4,疲劳或精力不足,Spearman,186,4,0.3730447986138859,1.572237989685971e-07,0.26143273635613945,0.4898801285194509,0.946236559139785,0.5645161290322581,0.43548387096774194,6.768817204301075,正式
PHQ-8,DAIC-WOZ全量189人,DeepSeek-V4-Pro,思考,8,08_全文_规整_评分_清洗,全文,规整,逐条评分,清洗,逐条评分,5,食欲问题,Spearman,186,4,0.18289265009283898,0.012467797660354508,0.04847469675050343,0.30894029689860253,0.11827956989247312,0.9408602150537635,0.05913978494623656,6.768817204301075,正式
PHQ-8,DAIC-WOZ全量189人,DeepSeek-V4-Pro,思考,8,08_全文_规整_评分_清洗,全文,规整,逐条评分,清洗,逐条评分,6,自我评价低或让家人失望,Spearman,186,4,0.24952374179090134,0.0005934297307507846,0.10361283297246167,0.383461350341598,0.8924731182795699,0.5591397849462365,0.44086021505376344,6.768817204301075,正式
PHQ-8,DAIC-WOZ全量189人,DeepSeek-V4-Pro,思考,8,08_全文_规整_评分_清洗,全文,规整,逐条评分,清洗,逐条评分,7,注意力困难,Spearman,186,4,0.2124513110535152,0.0036001442458527878,0.07523653430946425,0.339860672857721,0.3172043010752688,0.8333333333333334,0.16666666666666666,6.768817204301075,正式
PHQ-8,DAIC-WOZ全量189人,DeepSeek-V4-Pro,思考,8,08_全文_规整_评分_清洗,全文,规整,逐条评分,清洗,逐条评分,8,动作或语速改变,Spearman,186,4,0.0511179546148135,0.4883664086307934,-0.07485241429902786,0.17576407044583478,0.12365591397849462,0.9301075268817204,0.06989247311827956,6.768817204301075,正式
PHQ-8,DAIC-WOZ全量189人,DeepSeek-V4-Pro,思考,11,11_事件序列_不规整_评分_不清洗,事件序列,不规整,逐条评分,不清洗,逐条评分,1,兴趣或愉悦感降低,Spearman,186,4,0.3510052689899673,9.015384602571284e-07,0.22868556069735638,0.45822943061925964,0.3172043010752688,0.8064516129032258,0.1935483870967742,6.709677419354839,正式
PHQ-8,DAIC-WOZ全量189人,DeepSeek-V4-Pro,思考,11,11_事件序列_不规整_评分_不清洗,事件序列,不规整,逐条评分,不清洗,逐条评分,2,情绪低落、抑郁或无望,Spearman,186,4,0.6691148015495291,1.6582589488146524e-25,0.5835266564061662,0.7485459801587746,0.8064516129032258,0.5053763440860215,0.4946236559139785,6.709677419354839,正式
PHQ-8,DAIC-WOZ全量189人,DeepSeek-V4-Pro,思考,11,11_事件序列_不规整_评分_不清洗,事件序列,不规整,逐条评分,不清洗,逐条评分,3,睡眠问题,Spearman,186,4,0.6080917428166703,3.424841040764983e-20,0.5036545568323479,0.6965335911880299,1.0698924731182795,0.45698924731182794,0.543010752688172,6.709677419354839,正式
PHQ-8,DAIC-WOZ全量189人,DeepSeek-V4-Pro,思考,11,11_事件序列_不规整_评分_不清洗,事件序列,不规整,逐条评分,不清洗,逐条评分,4,疲劳或精力不足,Spearman,186,4,0.46578077095419035,2.095306785883435e-11,0.3589413277262471,0.5707732203314958,0.6021505376344086,0.6989247311827957,0.3010752688172043,6.709677419354839,正式
PHQ-8,DAIC-WOZ全量189人,DeepSeek-V4-Pro,思考,11,11_事件序列_不规整_评分_不清洗,事件序列,不规整,逐条评分,不清洗,逐条评分,5,食欲问题,Spearman,186,4,0.11193228111925392,0.12824836061248504,-0.08767286973273003,0.24187352449027183,0.03763440860215054,0.978494623655914,0.021505376344086023,6.709677419354839,正式
PHQ-8,DAIC-WOZ全量189人,DeepSeek-V4-Pro,思考,11,11_事件序列_不规整_评分_不清洗,事件序列,不规整,逐条评分,不清洗,逐条评分,6,自我评价低或让家人失望,Spearman,186,4,0.4425644247706935,2.5363134324973683e-10,0.32188916248021543,0.5481028121306332,0.4946236559139785,0.6720430107526881,0.3279569892473118,6.709677419354839,正式
PHQ-8,DAIC-WOZ全量189人,DeepSeek-V4-Pro,思考,11,11_事件序列_不规整_评分_不清洗,事件序列,不规整,逐条评分,不清洗,逐条评分,7,注意力困难,Spearman,186,4,0.24649772216558524,0.0006948451764622405,0.11532640285487601,0.360931068571052,0.13978494623655913,0.9139784946236559,0.08602150537634409,6.709677419354839,正式
PHQ-8,DAIC-WOZ全量189人,DeepSeek-V4-Pro,思考,11,11_事件序列_不规整_评分_不清洗,事件序列,不规整,逐条评分,不清洗,逐条评分,8,动作或语速改变,Spearman,186,2,0.10713489326560227,0.14553984846407103,0.09723799404565632,0.2060692668732997,0.005376344086021506,0.9946236559139785,0.005376344086021506,6.709677419354839,正式
PHQ-8,DAIC-WOZ全量189人,DeepSeek-V4-Pro,思考,12,12_事件序列_不规整_评分_清洗,事件序列,不规整,逐条评分,清洗,逐条评分,1,兴趣或愉悦感降低,Spearman,189,4,0.32223038304485024,6.133221557154555e-06,0.21081241905862166,0.4396986341352011,0.3862433862433862,0.7566137566137566,0.24338624338624337,6.746031746031746,正式
PHQ-8,DAIC-WOZ全量189人,DeepSeek-V4-Pro,思考,12,12_事件序列_不规整_评分_清洗,事件序列,不规整,逐条评分,清洗,逐条评分,2,情绪低落、抑郁或无望,Spearman,189,4,0.657742395861969,8.536469237227645e-25,0.5684655778476575,0.738289101820677,0.8465608465608465,0.4973544973544973,0.5026455026455027,6.746031746031746,正式
PHQ-8,DAIC-WOZ全量189人,DeepSeek-V4-Pro,思考,12,12_事件序列_不规整_评分_清洗,事件序列,不规整,逐条评分,清洗,逐条评分,3,睡眠问题,Spearman,189,4,0.5881261825870193,5.687541137862019e-19,0.48265645191033485,0.6751781098110582,1.1216931216931216,0.43386243386243384,0.5661375661375662,6.746031746031746,正式
PHQ-8,DAIC-WOZ全量189人,DeepSeek-V4-Pro,思考,12,12_事件序列_不规整_评分_清洗,事件序列,不规整,逐条评分,清洗,逐条评分,4,疲劳或精力不足,Spearman,189,4,0.4203503760709542,1.7245014242374175e-09,0.30288851127374844,0.5280959742216673,0.6507936507936508,0.6613756613756614,0.3386243386243386,6.746031746031746,正式
PHQ-8,DAIC-WOZ全量189人,DeepSeek-V4-Pro,思考,12,12_事件序列_不规整_评分_清洗,事件序列,不规整,逐条评分,清洗,逐条评分,5,食欲问题,Spearman,189,4,0.17482588789912026,0.016125004587412454,-0.010085238282785422,0.3137766515014576,0.10052910052910052,0.9470899470899471,0.05291005291005291,6.746031746031746,正式
PHQ-8,DAIC-WOZ全量189人,DeepSeek-V4-Pro,思考,12,12_事件序列_不规整_评分_清洗,事件序列,不规整,逐条评分,清洗,逐条评分,6,自我评价低或让家人失望,Spearman,189,4,0.3196660173592504,7.334670455598937e-06,0.19757278587192878,0.4362954569859983,0.6031746031746031,0.6243386243386243,0.37566137566137564,6.746031746031746,正式
PHQ-8,DAIC-WOZ全量189人,DeepSeek-V4-Pro,思考,12,12_事件序列_不规整_评分_清洗,事件序列,不规整,逐条评分,清洗,逐条评分,7,注意力困难,Spearman,189,3,0.25405512106639166,0.0004193976052954806,0.1289549316178843,0.3772129214309292,0.14814814814814814,0.9047619047619048,0.09523809523809523,6.746031746031746,正式
PHQ-8,DAIC-WOZ全量189人,DeepSeek-V4-Pro,思考,12,12_事件序列_不规整_评分_清洗,事件序列,不规整,逐条评分,清洗,逐条评分,8,动作或语速改变,Spearman,189,2,0.048186134550734123,0.5102568657157021,-0.10870659230074461,0.1932485031569171,0.026455026455026454,0.9735449735449735,0.026455026455026454,6.746031746031746,正式
PHQ-8,DAIC-WOZ全量189人,DeepSeek-V4-Pro,思考,15,15_事件序列_规整_评分_不清洗,事件序列,规整,逐条评分,不清洗,逐条评分,1,兴趣或愉悦感降低,Spearman,187,4,0.5369333265483288,2.3437207689528767e-15,0.4252332237908271,0.6374819217526587,0.8021390374331551,0.5508021390374331,0.44919786096256686,6.775401069518717,正式
PHQ-8,DAIC-WOZ全量189人,DeepSeek-V4-Pro,思考,15,15_事件序列_规整_评分_不清洗,事件序列,规整,逐条评分,不清洗,逐条评分,2,情绪低落、抑郁或无望,Spearman,187,4,0.5597477550803057,8.217690238983535e-17,0.4549916906230441,0.6540181713703918,1.4224598930481283,0.20320855614973263,0.7967914438502673,6.775401069518717,正式
PHQ-8,DAIC-WOZ全量189人,DeepSeek-V4-Pro,思考,15,15_事件序列_规整_评分_不清洗,事件序列,规整,逐条评分,不清洗,逐条评分,3,睡眠问题,Spearman,187,4,0.5852263070650876,1.4192912157517905e-18,0.47960070335807,0.6785294399905412,1.3155080213903743,0.3582887700534759,0.6417112299465241,6.775401069518717,正式
PHQ-8,DAIC-WOZ全量189人,DeepSeek-V4-Pro,思考,15,15_事件序列_规整_评分_不清洗,事件序列,规整,逐条评分,不清洗,逐条评分,4,疲劳或精力不足,Spearman,187,4,0.3891964270153043,3.6895053669298576e-08,0.2680984381929931,0.5074095042164289,0.8609625668449198,0.5187165775401069,0.48128342245989303,6.775401069518717,正式
PHQ-8,DAIC-WOZ全量189人,DeepSeek-V4-Pro,思考,15,15_事件序列_规整_评分_不清洗,事件序列,规整,逐条评分,不清洗,逐条评分,5,食欲问题,Spearman,187,4,0.19689822039394658,0.006913517749615567,0.04462767796042098,0.320115185978128,0.12834224598930483,0.9251336898395722,0.0748663101604278,6.775401069518717,正式
PHQ-8,DAIC-WOZ全量189人,DeepSeek-V4-Pro,思考,15,15_事件序列_规整_评分_不清洗,事件序列,规整,逐条评分,不清洗,逐条评分,6,自我评价低或让家人失望,Spearman,187,4,0.42385660330541663,1.4970143421779745e-09,0.29198459273492333,0.5490059164845704,1.3262032085561497,0.2994652406417112,0.7005347593582888,6.775401069518717,正式
PHQ-8,DAIC-WOZ全量189人,DeepSeek-V4-Pro,思考,15,15_事件序列_规整_评分_不清洗,事件序列,规整,逐条评分,不清洗,逐条评分,7,注意力困难,Spearman,187,4,0.24201092171598607,0.0008468641848466598,0.09157169604627309,0.3646297023114116,0.5454545454545454,0.6524064171122995,0.34759358288770054,6.775401069518717,正式
PHQ-8,DAIC-WOZ全量189人,DeepSeek-V4-Pro,思考,15,15_事件序列_规整_评分_不清洗,事件序列,规整,逐条评分,不清洗,逐条评分,8,动作或语速改变,Spearman,187,4,0.06483075469873884,0.3780306847665991,-0.05731716961265621,0.1811089893559884,0.21390374331550802,0.8609625668449198,0.13903743315508021,6.775401069518717,正式
PHQ-8,DAIC-WOZ全量189人,DeepSeek-V4-Pro,思考,16,16_事件序列_规整_评分_清洗,事件序列,规整,逐条评分,清洗,逐条评分,1,兴趣或愉悦感降低,Spearman,187,4,0.3942687967259948,2.3610364451951917e-08,0.2757784982401273,0.49936226287957186,0.8021390374331551,0.6417112299465241,0.3582887700534759,6.689839572192513,正式
PHQ-8,DAIC-WOZ全量189人,DeepSeek-V4-Pro,思考,16,16_事件序列_规整_评分_清洗,事件序列,规整,逐条评分,清洗,逐条评分,2,情绪低落、抑郁或无望,Spearman,187,4,0.48161457651611156,2.9928173296619377e-12,0.36253462941860226,0.5927574787344301,1.3475935828877006,0.34759358288770054,0.6524064171122995,6.689839572192513,正式
PHQ-8,DAIC-WOZ全量189人,DeepSeek-V4-Pro,思考,16,16_事件序列_规整_评分_清洗,事件序列,规整,逐条评分,清洗,逐条评分,3,睡眠问题,Spearman,187,4,0.5738313556560871,9.105303873081648e-18,0.4657284004769689,0.667939386064843,1.3101604278074865,0.3850267379679144,0.6149732620320856,6.689839572192513,正式
PHQ-8,DAIC-WOZ全量189人,DeepSeek-V4-Pro,思考,16,16_事件序列_规整_评分_清洗,事件序列,规整,逐条评分,清洗,逐条评分,4,疲劳或精力不足,Spearman,187,4,0.36940875317502725,1.961659073788213e-07,0.25053264307170303,0.49714065070486363,0.8770053475935828,0.5721925133689839,0.42780748663101603,6.689839572192513,正式
PHQ-8,DAIC-WOZ全量189人,DeepSeek-V4-Pro,思考,16,16_事件序列_规整_评分_清洗,事件序列,规整,逐条评分,清洗,逐条评分,5,食欲问题,Spearman,187,4,0.19189220056510736,0.00851370815380394,0.03507025612832786,0.3283497471029249,0.12299465240641712,0.9358288770053476,0.06417112299465241,6.689839572192513,正式
PHQ-8,DAIC-WOZ全量189人,DeepSeek-V4-Pro,思考,16,16_事件序列_规整_评分_清洗,事件序列,规整,逐条评分,清洗,逐条评分,6,自我评价低或让家人失望,Spearman,187,4,0.3085098667613564,1.7408276753104605e-05,0.17578747709085268,0.43676403518894086,1.1443850267379678,0.48128342245989303,0.5187165775401069,6.689839572192513,正式
PHQ-8,DAIC-WOZ全量189人,DeepSeek-V4-Pro,思考,16,16_事件序列_规整_评分_清洗,事件序列,规整,逐条评分,清洗,逐条评分,7,注意力困难,Spearman,187,4,0.3288076507715425,4.335123297296439e-06,0.2005101492685523,0.4462534639772697,0.34759358288770054,0.8128342245989305,0.18716577540106952,6.689839572192513,正式
PHQ-8,DAIC-WOZ全量189人,DeepSeek-V4-Pro,思考,16,16_事件序列_规整_评分_清洗,事件序列,规整,逐条评分,清洗,逐条评分,8,动作或语速改变,Spearman,187,4,0.12732590784719822,0.08246559791746491,-0.008383630084272679,0.25434874178297356,0.11764705882352941,0.9197860962566845,0.08021390374331551,6.689839572192513,正式
PHQ-8,DAIC-WOZ全量189人,GLM-5.2,思考,3,03_全文_不规整_评分_不清洗,全文,不规整,逐条评分,不清洗,逐条评分,1,兴趣或愉悦感降低,Spearman,186,4,0.5698931849275972,2.077264854554524e-17,0.4667130488278023,0.6592811701526389,0.4838709677419355,0.6720430107526881,0.3279569892473118,6.688172043010753,正式
PHQ-8,DAIC-WOZ全量189人,GLM-5.2,思考,3,03_全文_不规整_评分_不清洗,全文,不规整,逐条评分,不清洗,逐条评分,2,情绪低落、抑郁或无望,Spearman,186,4,0.68929732223772,1.4883058137761839e-27,0.6089160172254585,0.762238339685403,0.9086021505376344,0.45698924731182794,0.543010752688172,6.688172043010753,正式
PHQ-8,DAIC-WOZ全量189人,GLM-5.2,思考,3,03_全文_不规整_评分_不清洗,全文,不规整,逐条评分,不清洗,逐条评分,3,睡眠问题,Spearman,186,4,0.6431801275458736,4.2238286895799517e-23,0.5437874703408655,0.7241295439388872,1.1344086021505377,0.43010752688172044,0.5698924731182796,6.688172043010753,正式
PHQ-8,DAIC-WOZ全量189人,GLM-5.2,思考,3,03_全文_不规整_评分_不清洗,全文,不规整,逐条评分,不清洗,逐条评分,4,疲劳或精力不足,Spearman,186,4,0.5157237638541304,4.964970949699268e-14,0.4065640850608669,0.617125412889576,0.6612903225806451,0.5860215053763441,0.41397849462365593,6.688172043010753,正式
PHQ-8,DAIC-WOZ全量189人,GLM-5.2,思考,3,03_全文_不规整_评分_不清洗,全文,不规整,逐条评分,不清洗,逐条评分,5,食欲问题,Spearman,186,4,0.2373055932576093,0.0011089781436116844,0.09632971996043763,0.364697416833118,0.11290322580645161,0.9247311827956989,0.07526881720430108,6.688172043010753,正式
PHQ-8,DAIC-WOZ全量189人,GLM-5.2,思考,3,03_全文_不规整_评分_不清洗,全文,不规整,逐条评分,不清洗,逐条评分,6,自我评价低或让家人失望,Spearman,186,4,0.5574272110598785,1.4119675074052962e-16,0.436619333417407,0.6645231875753425,0.6881720430107527,0.5,0.5,6.688172043010753,正式
PHQ-8,DAIC-WOZ全量189人,GLM-5.2,思考,3,03_全文_不规整_评分_不清洗,全文,不规整,逐条评分,不清洗,逐条评分,7,注意力困难,Spearman,186,4,0.3742527640903611,1.4232705092752294e-07,0.2559042403902197,0.47664161927751725,0.21505376344086022,0.8333333333333334,0.16666666666666666,6.688172043010753,正式
PHQ-8,DAIC-WOZ全量189人,GLM-5.2,思考,3,03_全文_不规整_评分_不清洗,全文,不规整,逐条评分,不清洗,逐条评分,8,动作或语速改变,Spearman,186,3,0.32959518966017937,4.3525736997821545e-06,0.20284788505222376,0.4430861129012301,0.12365591397849462,0.8817204301075269,0.11827956989247312,6.688172043010753,正式
PHQ-8,DAIC-WOZ全量189人,GLM-5.2,思考,4,04_全文_不规整_评分_清洗,全文,不规整,逐条评分,清洗,逐条评分,1,兴趣或愉悦感降低,Spearman,184,4,0.46539580435856187,2.806549123716174e-11,0.3609800713907637,0.5702560073059972,0.6032608695652174,0.657608695652174,0.3423913043478261,6.630434782608695,正式
PHQ-8,DAIC-WOZ全量189人,GLM-5.2,思考,4,04_全文_不规整_评分_清洗,全文,不规整,逐条评分,清洗,逐条评分,2,情绪低落、抑郁或无望,Spearman,184,4,0.6545317261691811,7.028456752195616e-24,0.5670215621905484,0.7271115861223906,1.0434782608695652,0.43478260869565216,0.5652173913043478,6.630434782608695,正式
PHQ-8,DAIC-WOZ全量189人,GLM-5.2,思考,4,04_全文_不规整_评分_清洗,全文,不规整,逐条评分,清洗,逐条评分,3,睡眠问题,Spearman,184,4,0.5956092414979004,4.7575127734703455e-19,0.49043258949366664,0.6867088769257342,1.0923913043478262,0.44565217391304346,0.5543478260869565,6.630434782608695,正式
PHQ-8,DAIC-WOZ全量189人,GLM-5.2,思考,4,04_全文_不规整_评分_清洗,全文,不规整,逐条评分,清洗,逐条评分,4,疲劳或精力不足,Spearman,184,4,0.48597959460468815,2.6899487842341835e-12,0.37469275285201836,0.6000352310648513,0.7445652173913043,0.5543478260869565,0.44565217391304346,6.630434782608695,正式
PHQ-8,DAIC-WOZ全量189人,GLM-5.2,思考,4,04_全文_不规整_评分_清洗,全文,不规整,逐条评分,清洗,逐条评分,5,食欲问题,Spearman,184,4,0.16783263635964576,0.022770968934403855,0.007947435749113987,0.31924390318096296,0.14130434782608695,0.9184782608695652,0.08152173913043478,6.630434782608695,正式
PHQ-8,DAIC-WOZ全量189人,GLM-5.2,思考,4,04_全文_不规整_评分_清洗,全文,不规整,逐条评分,清洗,逐条评分,6,自我评价低或让家人失望,Spearman,184,4,0.331511896931945,4.2889516748870914e-06,0.20491627559332293,0.4512667773562981,0.7228260869565217,0.5543478260869565,0.44565217391304346,6.630434782608695,正式
PHQ-8,DAIC-WOZ全量189人,GLM-5.2,思考,4,04_全文_不规整_评分_清洗,全文,不规整,逐条评分,清洗,逐条评分,7,注意力困难,Spearman,184,4,0.3545877580825598,7.87253404255672e-07,0.20667490712848166,0.4788242281763515,0.23369565217391305,0.8369565217391305,0.16304347826086957,6.630434782608695,正式
PHQ-8,DAIC-WOZ全量189人,GLM-5.2,思考,4,04_全文_不规整_评分_清洗,全文,不规整,逐条评分,清洗,逐条评分,8,动作或语速改变,Spearman,184,3,0.2103995829606753,0.004147635152117262,0.103117904389352,0.31976351677483017,0.13043478260869565,0.8967391304347826,0.10326086956521739,6.630434782608695,正式
PHQ-8,DAIC-WOZ全量189人,GLM-5.2,思考,7,07_全文_规整_评分_不清洗,全文,规整,逐条评分,不清洗,逐条评分,1,兴趣或愉悦感降低,Spearman,187,4,0.49413526402978014,6.626050603263004e-13,0.38445963088014684,0.5925247583845121,0.679144385026738,0.6577540106951871,0.3422459893048128,6.689839572192513,正式
PHQ-8,DAIC-WOZ全量189人,GLM-5.2,思考,7,07_全文_规整_评分_不清洗,全文,规整,逐条评分,不清洗,逐条评分,2,情绪低落、抑郁或无望,Spearman,187,4,0.6067110437996985,3.475095092354002e-20,0.5033437944580396,0.7006284725346171,1.1550802139037433,0.36363636363636365,0.6363636363636364,6.689839572192513,正式
PHQ-8,DAIC-WOZ全量189人,GLM-5.2,思考,7,07_全文_规整_评分_不清洗,全文,规整,逐条评分,不清洗,逐条评分,3,睡眠问题,Spearman,187,4,0.6441902083276682,2.6227604021000802e-23,0.5469740874045298,0.7266176954820648,1.2834224598930482,0.37967914438502676,0.6203208556149733,6.689839572192513,正式
PHQ-8,DAIC-WOZ全量189人,GLM-5.2,思考,7,07_全文_规整_评分_不清洗,全文,规整,逐条评分,不清洗,逐条评分,4,疲劳或精力不足,Spearman,187,4,0.44720287161865774,1.3954817967365177e-10,0.3392000981958528,0.5681727838183542,0.9197860962566845,0.5080213903743316,0.4919786096256685,6.689839572192513,正式
PHQ-8,DAIC-WOZ全量189人,GLM-5.2,思考,7,07_全文_规整_评分_不清洗,全文,规整,逐条评分,不清洗,逐条评分,5,食欲问题,Spearman,187,3,0.20395378443628087,0.00511317569956136,0.06525247898172905,0.3345362422978421,0.13368983957219252,0.9144385026737968,0.0855614973262032,6.689839572192513,正式
PHQ-8,DAIC-WOZ全量189人,GLM-5.2,思考,7,07_全文_规整_评分_不清洗,全文,规整,逐条评分,不清洗,逐条评分,6,自我评价低或让家人失望,Spearman,187,4,0.5721914241988894,1.1827882549230208e-17,0.47441076203337573,0.6682606975349109,1.085561497326203,0.3689839572192513,0.6310160427807486,6.689839572192513,正式
PHQ-8,DAIC-WOZ全量189人,GLM-5.2,思考,7,07_全文_规整_评分_不清洗,全文,规整,逐条评分,不清洗,逐条评分,7,注意力困难,Spearman,187,4,0.26030875489095157,0.0003206364626661193,0.13489259185312147,0.3854721531801343,0.3689839572192513,0.7754010695187166,0.22459893048128343,6.689839572192513,正式
PHQ-8,DAIC-WOZ全量189人,GLM-5.2,思考,7,07_全文_规整_评分_不清洗,全文,规整,逐条评分,不清洗,逐条评分,8,动作或语速改变,Spearman,187,4,0.2185711432532523,0.002653213668016216,0.08404463617875484,0.34055223494765857,0.23529411764705882,0.8556149732620321,0.1443850267379679,6.689839572192513,正式
PHQ-8,DAIC-WOZ全量189人,GLM-5.2,思考,8,08_全文_规整_评分_清洗,全文,规整,逐条评分,清洗,逐条评分,1,兴趣或愉悦感降低,Spearman,185,4,0.4726679513508493,1.0965961786651482e-11,0.3618893665647724,0.5753383286042061,0.827027027027027,0.6216216216216216,0.3783783783783784,6.767567567567568,正式
PHQ-8,DAIC-WOZ全量189人,GLM-5.2,思考,8,08_全文_规整_评分_清洗,全文,规整,逐条评分,清洗,逐条评分,2,情绪低落、抑郁或无望,Spearman,185,4,0.6002594176388714,1.7133211502055255e-19,0.4911597396502886,0.6917700751835772,1.2702702702702702,0.34054054054054056,0.6594594594594595,6.767567567567568,正式
PHQ-8,DAIC-WOZ全量189人,GLM-5.2,思考,8,08_全文_规整_评分_清洗,全文,规整,逐条评分,清洗,逐条评分,3,睡眠问题,Spearman,185,4,0.6017794069460747,1.3155564020824012e-19,0.49270071626899176,0.6884501358395959,1.3567567567567567,0.3621621621621622,0.6378378378378379,6.767567567567568,正式
PHQ-8,DAIC-WOZ全量189人,GLM-5.2,思考,8,08_全文_规整_评分_清洗,全文,规整,逐条评分,清洗,逐条评分,4,疲劳或精力不足,Spearman,185,4,0.4042405070011968,1.1536714673476572e-08,0.28315508619171625,0.525334137103926,0.9567567567567568,0.4972972972972973,0.5027027027027027,6.767567567567568,正式
PHQ-8,DAIC-WOZ全量189人,GLM-5.2,思考,8,08_全文_规整_评分_清洗,全文,规整,逐条评分,清洗,逐条评分,5,食欲问题,Spearman,185,4,0.10529527848823221,0.15374369089605647,-0.047558943948245634,0.2546132395839478,0.16756756756756758,0.9135135135135135,0.08648648648648649,6.767567567567568,正式
PHQ-8,DAIC-WOZ全量189人,GLM-5.2,思考,8,08_全文_规整_评分_清洗,全文,规整,逐条评分,清洗,逐条评分,6,自我评价低或让家人失望,Spearman,185,4,0.30089455427852235,3.158495863792447e-05,0.1558621845463377,0.44482707936035504,1.0162162162162163,0.4972972972972973,0.5027027027027027,6.767567567567568,正式
PHQ-8,DAIC-WOZ全量189人,GLM-5.2,思考,8,08_全文_规整_评分_清洗,全文,规整,逐条评分,清洗,逐条评分,7,注意力困难,Spearman,185,4,0.19704977336368765,0.0071792850981705495,0.05443109570543008,0.3277455332598652,0.34594594594594597,0.8108108108108109,0.1891891891891892,6.767567567567568,正式
PHQ-8,DAIC-WOZ全量189人,GLM-5.2,思考,8,08_全文_规整_评分_清洗,全文,规整,逐条评分,清洗,逐条评分,8,动作或语速改变,Spearman,185,4,0.11777949726802252,0.1103373301126834,-0.011662350722588833,0.26572733566715595,0.24324324324324326,0.8486486486486486,0.15135135135135136,6.767567567567568,正式
PHQ-8,DAIC-WOZ全量189人,GLM-5.2,思考,11,11_事件序列_不规整_评分_不清洗,事件序列,不规整,逐条评分,不清洗,逐条评分,1,兴趣或愉悦感降低,Spearman,182,4,0.555313328372101,4.0968024136152377e-16,0.45024718191747065,0.6511277896465297,0.532967032967033,0.6483516483516484,0.3516483516483517,6.604395604395604,正式
PHQ-8,DAIC-WOZ全量189人,GLM-5.2,思考,11,11_事件序列_不规整_评分_不清洗,事件序列,不规整,逐条评分,不清洗,逐条评分,2,情绪低落、抑郁或无望,Spearman,182,4,0.690073433203731,4.539550556711416e-27,0.6068913823762795,0.7651831751610154,0.945054945054945,0.4340659340659341,0.5659340659340659,6.604395604395604,正式
PHQ-8,DAIC-WOZ全量189人,GLM-5.2,思考,11,11_事件序列_不规整_评分_不清洗,事件序列,不规整,逐条评分,不清洗,逐条评分,3,睡眠问题,Spearman,182,4,0.6118216933080546,4.513537532625493e-20,0.5182521650289454,0.6957043623152632,1.1318681318681318,0.4065934065934066,0.5934065934065934,6.604395604395604,正式
PHQ-8,DAIC-WOZ全量189人,GLM-5.2,思考,11,11_事件序列_不规整_评分_不清洗,事件序列,不规整,逐条评分,不清洗,逐条评分,4,疲劳或精力不足,Spearman,182,4,0.5002899379513579,6.426831941105776e-13,0.38343185398919244,0.5980525919240556,0.6483516483516484,0.5769230769230769,0.4230769230769231,6.604395604395604,正式
PHQ-8,DAIC-WOZ全量189人,GLM-5.2,思考,11,11_事件序列_不规整_评分_不清洗,事件序列,不规整,逐条评分,不清洗,逐条评分,5,食欲问题,Spearman,182,4,0.12384948742751767,0.09576752919101705,-0.02463222648300904,0.2710555031241182,0.0989010989010989,0.9395604395604396,0.06043956043956044,6.604395604395604,正式
PHQ-8,DAIC-WOZ全量189人,GLM-5.2,思考,11,11_事件序列_不规整_评分_不清洗,事件序列,不规整,逐条评分,不清洗,逐条评分,6,自我评价低或让家人失望,Spearman,182,4,0.5806565064086024,8.54823071789865e-18,0.47967074496028195,0.680755216225498,0.7032967032967034,0.4945054945054945,0.5054945054945055,6.604395604395604,正式
PHQ-8,DAIC-WOZ全量189人,GLM-5.2,思考,11,11_事件序列_不规整_评分_不清洗,事件序列,不规整,逐条评分,不清洗,逐条评分,7,注意力困难,Spearman,182,4,0.3504939354446328,1.230862136410087e-06,0.23262381336405127,0.4650414752239623,0.21978021978021978,0.8406593406593407,0.15934065934065933,6.604395604395604,正式
PHQ-8,DAIC-WOZ全量189人,GLM-5.2,思考,11,11_事件序列_不规整_评分_不清洗,事件序列,不规整,逐条评分,不清洗,逐条评分,8,动作或语速改变,Spearman,182,3,0.26941255626064164,0.00023528185452385372,0.1382780521518048,0.37446338992230155,0.12637362637362637,0.8956043956043956,0.1043956043956044,6.604395604395604,正式
PHQ-8,DAIC-WOZ全量189人,GLM-5.2,思考,12,12_事件序列_不规整_评分_清洗,事件序列,不规整,逐条评分,清洗,逐条评分,1,兴趣或愉悦感降低,Spearman,185,4,0.4357064039265658,5.697034048971293e-10,0.3288003346261329,0.5429434904695091,0.6378378378378379,0.6432432432432432,0.3567567567567568,6.616216216216216,正式
PHQ-8,DAIC-WOZ全量189人,GLM-5.2,思考,12,12_事件序列_不规整_评分_清洗,事件序列,不规整,逐条评分,清洗,逐条评分,2,情绪低落、抑郁或无望,Spearman,185,4,0.6419177321827099,7.13565536818176e-23,0.5519125598697562,0.7218222512768527,1.0864864864864865,0.4,0.6,6.616216216216216,正式
PHQ-8,DAIC-WOZ全量189人,GLM-5.2,思考,12,12_事件序列_不规整_评分_清洗,事件序列,不规整,逐条评分,清洗,逐条评分,3,睡眠问题,Spearman,185,4,0.5995116892097427,1.9500881463238389e-19,0.5040128037586349,0.6952077693590398,1.1513513513513514,0.41081081081081083,0.5891891891891892,6.616216216216216,正式
PHQ-8,DAIC-WOZ全量189人,GLM-5.2,思考,12,12_事件序列_不规整_评分_清洗,事件序列,不规整,逐条评分,清洗,逐条评分,4,疲劳或精力不足,Spearman,185,4,0.5066145278881012,1.873431602999594e-13,0.3893092210872322,0.6089035071442893,0.7891891891891892,0.5513513513513514,0.4486486486486487,6.616216216216216,正式
PHQ-8,DAIC-WOZ全量189人,GLM-5.2,思考,12,12_事件序列_不规整_评分_清洗,事件序列,不规整,逐条评分,清洗,逐条评分,5,食欲问题,Spearman,185,4,0.08875664282446824,0.22959176823203054,-0.059740831568335415,0.24584774796746178,0.15135135135135136,0.9027027027027027,0.0972972972972973,6.616216216216216,正式
PHQ-8,DAIC-WOZ全量189人,GLM-5.2,思考,12,12_事件序列_不规整_评分_清洗,事件序列,不规整,逐条评分,清洗,逐条评分,6,自我评价低或让家人失望,Spearman,185,4,0.38292133703633086,7.471440810462758e-08,0.2559879380288477,0.5084552195996255,0.7675675675675676,0.5081081081081081,0.4918918918918919,6.616216216216216,正式
PHQ-8,DAIC-WOZ全量189人,GLM-5.2,思考,12,12_事件序列_不规整_评分_清洗,事件序列,不规整,逐条评分,清洗,逐条评分,7,注意力困难,Spearman,185,3,0.3106824876578032,1.676712878524193e-05,0.19023130770859564,0.4298120744381241,0.23783783783783785,0.8162162162162162,0.1837837837837838,6.616216216216216,正式
PHQ-8,DAIC-WOZ全量189人,GLM-5.2,思考,12,12_事件序列_不规整_评分_清洗,事件序列,不规整,逐条评分,清洗,逐条评分,8,动作或语速改变,Spearman,185,4,0.3132648382282728,1.4133761334722316e-05,0.18851659425782097,0.4276982957825606,0.2,0.8486486486486486,0.15135135135135136,6.616216216216216,正式
PHQ-8,DAIC-WOZ全量189人,GLM-5.2,思考,15,15_事件序列_规整_评分_不清洗,事件序列,规整,逐条评分,不清洗,逐条评分,1,兴趣或愉悦感降低,Spearman,185,4,0.5591067158626791,1.325137836275414e-16,0.45819386313690974,0.6453412434648527,0.9459459459459459,0.3945945945945946,0.6054054054054054,6.702702702702703,正式
PHQ-8,DAIC-WOZ全量189人,GLM-5.2,思考,15,15_事件序列_规整_评分_不清洗,事件序列,规整,逐条评分,不清洗,逐条评分,2,情绪低落、抑郁或无望,Spearman,185,4,0.5621895156828852,8.310288697219366e-17,0.43558567449807317,0.6627560648482076,1.4486486486486487,0.16216216216216217,0.8378378378378378,6.702702702702703,正式
PHQ-8,DAIC-WOZ全量189人,GLM-5.2,思考,15,15_事件序列_规整_评分_不清洗,事件序列,规整,逐条评分,不清洗,逐条评分,3,睡眠问题,Spearman,185,4,0.6049529043004153,7.543872158849838e-20,0.5019410645569081,0.692309434913552,1.281081081081081,0.3621621621621622,0.6378378378378379,6.702702702702703,正式
PHQ-8,DAIC-WOZ全量189人,GLM-5.2,思考,15,15_事件序列_规整_评分_不清洗,事件序列,规整,逐条评分,不清洗,逐条评分,4,疲劳或精力不足,Spearman,185,4,0.4542019775427899,8.372405310898652e-11,0.3294380408126145,0.5586303990092991,1.027027027027027,0.3675675675675676,0.6324324324324324,6.702702702702703,正式
PHQ-8,DAIC-WOZ全量189人,GLM-5.2,思考,15,15_事件序列_规整_评分_不清洗,事件序列,规整,逐条评分,不清洗,逐条评分,5,食欲问题,Spearman,185,4,0.08311231544875944,0.2607014316935003,-0.0633592428054558,0.24310073277671593,0.24864864864864866,0.8432432432432433,0.15675675675675677,6.702702702702703,正式
PHQ-8,DAIC-WOZ全量189人,GLM-5.2,思考,15,15_事件序列_规整_评分_不清洗,事件序列,规整,逐条评分,不清洗,逐条评分,6,自我评价低或让家人失望,Spearman,185,4,0.37689833607119,1.2370152479184256e-07,0.24549402420777383,0.5021349232104423,1.2918918918918918,0.15675675675675677,0.8432432432432433,6.702702702702703,正式
PHQ-8,DAIC-WOZ全量189人,GLM-5.2,思考,15,15_事件序列_规整_评分_不清洗,事件序列,规整,逐条评分,不清洗,逐条评分,7,注意力困难,Spearman,185,4,0.32410161235484014,6.780678991507131e-06,0.19079735874685014,0.45213356912348773,0.7351351351351352,0.4594594594594595,0.5405405405405406,6.702702702702703,正式
PHQ-8,DAIC-WOZ全量189人,GLM-5.2,思考,15,15_事件序列_规整_评分_不清洗,事件序列,规整,逐条评分,不清洗,逐条评分,8,动作或语速改变,Spearman,185,4,0.28545693400924127,8.196359164419978e-05,0.15843716745204917,0.41608702939926073,0.5135135135135135,0.6054054054054054,0.3945945945945946,6.702702702702703,正式
PHQ-8,DAIC-WOZ全量189人,GLM-5.2,思考,16,16_事件序列_规整_评分_清洗,事件序列,规整,逐条评分,清洗,逐条评分,1,兴趣或愉悦感降低,Spearman,188,4,0.4842565145981336,1.9096554692075922e-12,0.3777139976844009,0.5915127406427094,0.9361702127659575,0.5372340425531915,0.4627659574468085,6.723404255319149,正式
PHQ-8,DAIC-WOZ全量189人,GLM-5.2,思考,16,16_事件序列_规整_评分_清洗,事件序列,规整,逐条评分,清洗,逐条评分,2,情绪低落、抑郁或无望,Spearman,188,4,0.5716889526301506,1.048361018740853e-17,0.4745535944982692,0.6722924268485413,1.4361702127659575,0.2765957446808511,0.723404255319149,6.723404255319149,正式
PHQ-8,DAIC-WOZ全量189人,GLM-5.2,思考,16,16_事件序列_规整_评分_清洗,事件序列,规整,逐条评分,清洗,逐条评分,3,睡眠问题,Spearman,188,4,0.5676599247873776,1.985975375144345e-17,0.46070713977339384,0.6636203412923137,1.3191489361702127,0.3617021276595745,0.6382978723404256,6.723404255319149,正式
PHQ-8,DAIC-WOZ全量189人,GLM-5.2,思考,16,16_事件序列_规整_评分_清洗,事件序列,规整,逐条评分,清洗,逐条评分,4,疲劳或精力不足,Spearman,188,4,0.3857101673063173,4.594580906527397e-08,0.26026595210361214,0.49859837111240024,1.0212765957446808,0.46808510638297873,0.5319148936170213,6.723404255319149,正式
PHQ-8,DAIC-WOZ全量189人,GLM-5.2,思考,16,16_事件序列_规整_评分_清洗,事件序列,规整,逐条评分,清洗,逐条评分,5,食欲问题,Spearman,188,4,0.08198978586443813,0.2633218917236622,-0.0617871551219848,0.22870206625857162,0.2074468085106383,0.8936170212765957,0.10638297872340426,6.723404255319149,正式
PHQ-8,DAIC-WOZ全量189人,GLM-5.2,思考,16,16_事件序列_规整_评分_清洗,事件序列,规整,逐条评分,清洗,逐条评分,6,自我评价低或让家人失望,Spearman,188,4,0.23202963753667086,0.001355071758245191,0.08930509657528737,0.36816655992338115,1.0904255319148937,0.425531914893617,0.574468085106383,6.723404255319149,正式
PHQ-8,DAIC-WOZ全量189人,GLM-5.2,思考,16,16_事件序列_规整_评分_清洗,事件序列,规整,逐条评分,清洗,逐条评分,7,注意力困难,Spearman,188,4,0.25228123978214506,0.00047815673503766217,0.12304635190996996,0.37922487045357756,0.4521276595744681,0.7127659574468085,0.2872340425531915,6.723404255319149,正式
PHQ-8,DAIC-WOZ全量189人,GLM-5.2,思考,16,16_事件序列_规整_评分_清洗,事件序列,规整,逐条评分,清洗,逐条评分,8,动作或语速改变,Spearman,188,4,0.2388330701346815,0.000964187846655551,0.10362269054941173,0.3608060333465705,0.3191489361702128,0.776595744680851,0.22340425531914893,6.723404255319149,正式
PHQ-8,DAIC-WOZ全量189人,Qwen3.7-Max,思考,3,03_全文_不规整_评分_不清洗,全文,不规整,逐条评分,不清洗,逐条评分,1,兴趣或愉悦感降低,Spearman,189,4,0.3446805643565944,1.1929694763805303e-06,0.23743889129254336,0.448816215710239,0.2222222222222222,0.8624338624338624,0.13756613756613756,6.746031746031746,正式
PHQ-8,DAIC-WOZ全量189人,Qwen3.7-Max,思考,3,03_全文_不规整_评分_不清洗,全文,不规整,逐条评分,不清洗,逐条评分,2,情绪低落、抑郁或无望,Spearman,189,4,0.642015453534049,2.3919780656850708e-23,0.5654321089385046,0.7172841013058757,0.6878306878306878,0.5714285714285714,0.42857142857142855,6.746031746031746,正式
PHQ-8,DAIC-WOZ全量189人,Qwen3.7-Max,思考,3,03_全文_不规整_评分_不清洗,全文,不规整,逐条评分,不清洗,逐条评分,3,睡眠问题,Spearman,189,4,0.637430257563957,6.095984537693633e-23,0.5456400636372529,0.722770605143671,0.9417989417989417,0.48677248677248675,0.5132275132275133,6.746031746031746,正式
PHQ-8,DAIC-WOZ全量189人,Qwen3.7-Max,思考,3,03_全文_不规整_评分_不清洗,全文,不规整,逐条评分,不清洗,逐条评分,4,疲劳或精力不足,Spearman,189,4,0.4670381089828643,1.249007506113642e-11,0.3555559632695052,0.569831093030888,0.5343915343915344,0.6825396825396826,0.31746031746031744,6.746031746031746,正式
PHQ-8,DAIC-WOZ全量189人,Qwen3.7-Max,思考,3,03_全文_不规整_评分_不清洗,全文,不规整,逐条评分,不清洗,逐条评分,5,食欲问题,Spearman,189,4,0.1509089440320269,0.038192990872574974,-0.01960754524012217,0.28740479518939055,0.047619047619047616,0.9682539682539683,0.031746031746031744,6.746031746031746,正式
PHQ-8,DAIC-WOZ全量189人,Qwen3.7-Max,思考,3,03_全文_不规整_评分_不清洗,全文,不规整,逐条评分,不清洗,逐条评分,6,自我评价低或让家人失望,Spearman,189,4,0.42908764614356,7.25251063076782e-10,0.3191052299254111,0.542539590107764,0.42857142857142855,0.7037037037037037,0.2962962962962963,6.746031746031746,正式
PHQ-8,DAIC-WOZ全量189人,Qwen3.7-Max,思考,3,03_全文_不规整_评分_不清洗,全文,不规整,逐条评分,不清洗,逐条评分,7,注意力困难,Spearman,189,3,0.28740401777299407,6.07519011206411e-05,0.16277077133652715,0.3914458824564836,0.1111111111111111,0.9153439153439153,0.08465608465608465,6.746031746031746,正式
PHQ-8,DAIC-WOZ全量189人,Qwen3.7-Max,思考,3,03_全文_不规整_评分_不清洗,全文,不规整,逐条评分,不清洗,逐条评分,8,动作或语速改变,Spearman,189,2,0.0708228120881636,0.33283956186154395,-0.011064233768562078,0.1725112678618505,0.015873015873015872,0.9841269841269841,0.015873015873015872,6.746031746031746,正式
PHQ-8,DAIC-WOZ全量189人,Qwen3.7-Max,思考,4,04_全文_不规整_评分_清洗,全文,不规整,逐条评分,清洗,逐条评分,1,兴趣或愉悦感降低,Spearman,189,4,0.3895524447666308,3.018442719043168e-08,0.2811827588490064,0.4900245528930775,0.35978835978835977,0.783068783068783,0.21693121693121692,6.746031746031746,正式
PHQ-8,DAIC-WOZ全量189人,Qwen3.7-Max,思考,4,04_全文_不规整_评分_清洗,全文,不规整,逐条评分,清洗,逐条评分,2,情绪低落、抑郁或无望,Spearman,189,4,0.6834786141155809,2.3239539352018994e-27,0.6086887187078518,0.7539916916644269,0.8095238095238095,0.5132275132275133,0.48677248677248675,6.746031746031746,正式
PHQ-8,DAIC-WOZ全量189人,Qwen3.7-Max,思考,4,04_全文_不规整_评分_清洗,全文,不规整,逐条评分,清洗,逐条评分,3,睡眠问题,Spearman,189,4,0.6072891008517894,1.9670026030852292e-20,0.5036524050497835,0.7006084466752956,0.9894179894179894,0.4497354497354497,0.5502645502645502,6.746031746031746,正式
PHQ-8,DAIC-WOZ全量189人,Qwen3.7-Max,思考,4,04_全文_不规整_评分_清洗,全文,不规整,逐条评分,清洗,逐条评分,4,疲劳或精力不足,Spearman,189,4,0.5082940910254681,8.238718311882446e-14,0.39533394010629463,0.6078354637673624,0.6349206349206349,0.5978835978835979,0.4021164021164021,6.746031746031746,正式
PHQ-8,DAIC-WOZ全量189人,Qwen3.7-Max,思考,4,04_全文_不规整_评分_清洗,全文,不规整,逐条评分,清洗,逐条评分,5,食欲问题,Spearman,189,4,0.17777399748544276,0.014393061847499453,0.030452765621916227,0.3058904611360193,0.07407407407407407,0.9470899470899471,0.05291005291005291,6.746031746031746,正式
PHQ-8,DAIC-WOZ全量189人,Qwen3.7-Max,思考,4,04_全文_不规整_评分_清洗,全文,不规整,逐条评分,清洗,逐条评分,6,自我评价低或让家人失望,Spearman,189,4,0.37903943344281404,7.514435600744781e-08,0.25894936016280806,0.4991650573237929,0.49206349206349204,0.6878306878306878,0.31216931216931215,6.746031746031746,正式
PHQ-8,DAIC-WOZ全量189人,Qwen3.7-Max,思考,4,04_全文_不规整_评分_清洗,全文,不规整,逐条评分,清洗,逐条评分,7,注意力困难,Spearman,189,3,0.2938640839087199,4.058069484056159e-05,0.16973959732645014,0.4045839707122497,0.13756613756613756,0.8994708994708994,0.10052910052910052,6.746031746031746,正式
PHQ-8,DAIC-WOZ全量189人,Qwen3.7-Max,思考,4,04_全文_不规整_评分_清洗,全文,不规整,逐条评分,清洗,逐条评分,8,动作或语速改变,Spearman,189,2,0.03744997022697384,0.6089197944298107,-0.09060764770596123,0.1595767408872557,0.031746031746031744,0.9682539682539683,0.031746031746031744,6.746031746031746,正式
PHQ-8,DAIC-WOZ全量189人,Qwen3.7-Max,思考,7,07_全文_规整_评分_不清洗,全文,规整,逐条评分,不清洗,逐条评分,1,兴趣或愉悦感降低,Spearman,189,4,0.4343757387425129,4.2417920795241487e-10,0.3193191338025426,0.5374865456274975,0.49206349206349204,0.746031746031746,0.25396825396825395,6.746031746031746,正式
PHQ-8,DAIC-WOZ全量189人,Qwen3.7-Max,思考,7,07_全文_规整_评分_不清洗,全文,规整,逐条评分,不清洗,逐条评分,2,情绪低落、抑郁或无望,Spearman,189,4,0.6118797396962075,8.491125374581587e-21,0.5135955574419602,0.6919869327864379,1.0423280423280423,0.4021164021164021,0.5978835978835979,6.746031746031746,正式
PHQ-8,DAIC-WOZ全量189人,Qwen3.7-Max,思考,7,07_全文_规整_评分_不清洗,全文,规整,逐条评分,不清洗,逐条评分,3,睡眠问题,Spearman,189,4,0.6075318114342066,1.882189594109778e-20,0.5085458138163524,0.7008872387122893,1.2222222222222223,0.38095238095238093,0.6190476190476191,6.746031746031746,正式
PHQ-8,DAIC-WOZ全量189人,Qwen3.7-Max,思考,7,07_全文_规整_评分_不清洗,全文,规整,逐条评分,不清洗,逐条评分,4,疲劳或精力不足,Spearman,189,4,0.4429879679696791,1.7357768503242968e-10,0.32829638777741105,0.5484289885355695,0.8359788359788359,0.544973544973545,0.455026455026455,6.746031746031746,正式
PHQ-8,DAIC-WOZ全量189人,Qwen3.7-Max,思考,7,07_全文_规整_评分_不清洗,全文,规整,逐条评分,不清洗,逐条评分,5,食欲问题,Spearman,189,4,0.15032095061650147,0.03896010404116913,0.001825588113967771,0.2721571270458483,0.06878306878306878,0.9523809523809523,0.047619047619047616,6.746031746031746,正式
PHQ-8,DAIC-WOZ全量189人,Qwen3.7-Max,思考,7,07_全文_规整_评分_不清洗,全文,规整,逐条评分,不清洗,逐条评分,6,自我评价低或让家人失望,Spearman,189,4,0.4682831648406064,1.0837661843651343e-11,0.35617887275524146,0.5745964101620872,0.6878306878306878,0.6084656084656085,0.3915343915343915,6.746031746031746,正式
PHQ-8,DAIC-WOZ全量189人,Qwen3.7-Max,思考,7,07_全文_规整_评分_不清洗,全文,规整,逐条评分,不清洗,逐条评分,7,注意力困难,Spearman,189,4,0.24512061669110236,0.0006750722237394327,0.09676486316439843,0.37224448691669243,0.2222222222222222,0.8465608465608465,0.15343915343915343,6.746031746031746,正式
PHQ-8,DAIC-WOZ全量189人,Qwen3.7-Max,思考,7,07_全文_规整_评分_不清洗,全文,规整,逐条评分,不清洗,逐条评分,8,动作或语速改变,Spearman,189,3,0.15147927456382448,0.03746113120340718,0.055284318294483915,0.24866752167701903,0.09523809523809523,0.9206349206349206,0.07936507936507936,6.746031746031746,正式
PHQ-8,DAIC-WOZ全量189人,Qwen3.7-Max,思考,8,08_全文_规整_评分_清洗,全文,规整,逐条评分,清洗,逐条评分,1,兴趣或愉悦感降低,Spearman,188,4,0.4652182349950444,1.73893213578807e-11,0.34822382908352295,0.5692453302103837,0.675531914893617,0.6808510638297872,0.3191489361702128,6.74468085106383,正式
PHQ-8,DAIC-WOZ全量189人,Qwen3.7-Max,思考,8,08_全文_规整_评分_清洗,全文,规整,逐条评分,清洗,逐条评分,2,情绪低落、抑郁或无望,Spearman,188,4,0.6317450222061093,2.461115286833443e-22,0.5451381400896593,0.7109234774775435,1.1542553191489362,0.42021276595744683,0.5797872340425532,6.74468085106383,正式
PHQ-8,DAIC-WOZ全量189人,Qwen3.7-Max,思考,8,08_全文_规整_评分_清洗,全文,规整,逐条评分,清洗,逐条评分,3,睡眠问题,Spearman,188,4,0.6342556860083737,1.4970741819291585e-22,0.5367841632005118,0.7186340655183926,1.303191489361702,0.3617021276595745,0.6382978723404256,6.74468085106383,正式
PHQ-8,DAIC-WOZ全量189人,Qwen3.7-Max,思考,8,08_全文_规整_评分_清洗,全文,规整,逐条评分,清洗,逐条评分,4,疲劳或精力不足,Spearman,188,4,0.409141009212623,5.554794315839902e-09,0.28934708476098936,0.5185073924367029,0.9095744680851063,0.5372340425531915,0.4627659574468085,6.74468085106383,正式
PHQ-8,DAIC-WOZ全量189人,Qwen3.7-Max,思考,8,08_全文_规整_评分_清洗,全文,规整,逐条评分,清洗,逐条评分,5,食欲问题,Spearman,188,4,0.1697059149826819,0.019896939315789404,0.021826575353515763,0.28611791931497316,0.10106382978723404,0.9414893617021277,0.05851063829787234,6.74468085106383,正式
PHQ-8,DAIC-WOZ全量189人,Qwen3.7-Max,思考,8,08_全文_规整_评分_清洗,全文,规整,逐条评分,清洗,逐条评分,6,自我评价低或让家人失望,Spearman,188,4,0.36673903226181026,2.2616094793238076e-07,0.2395508547017985,0.48753519879575163,0.7712765957446809,0.5904255319148937,0.4095744680851064,6.74468085106383,正式
PHQ-8,DAIC-WOZ全量189人,Qwen3.7-Max,思考,8,08_全文_规整_评分_清洗,全文,规整,逐条评分,清洗,逐条评分,7,注意力困难,Spearman,188,4,0.3488418949962067,9.286706816139602e-07,0.21365657257561618,0.46165294907326443,0.26595744680851063,0.851063829787234,0.14893617021276595,6.74468085106383,正式
PHQ-8,DAIC-WOZ全量189人,Qwen3.7-Max,思考,8,08_全文_规整_评分_清洗,全文,规整,逐条评分,清洗,逐条评分,8,动作或语速改变,Spearman,188,3,0.15088308192023034,0.03874784948878937,0.0007820466304974975,0.2869266733589292,0.09042553191489362,0.9202127659574468,0.0797872340425532,6.74468085106383,正式
PHQ-8,DAIC-WOZ全量189人,Qwen3.7-Max,思考,11,11_事件序列_不规整_评分_不清洗,事件序列,不规整,逐条评分,不清洗,逐条评分,1,兴趣或愉悦感降低,Spearman,189,4,0.29252607694818994,4.4153247243945155e-05,0.18045368969318043,0.3946447454139239,0.21164021164021163,0.8783068783068783,0.12169312169312169,6.746031746031746,正式
PHQ-8,DAIC-WOZ全量189人,Qwen3.7-Max,思考,11,11_事件序列_不规整_评分_不清洗,事件序列,不规整,逐条评分,不清洗,逐条评分,2,情绪低落、抑郁或无望,Spearman,189,4,0.6776672634173468,9.294257331109575e-27,0.5935753079812329,0.7518073235390216,0.7195767195767195,0.5343915343915344,0.4656084656084656,6.746031746031746,正式
PHQ-8,DAIC-WOZ全量189人,Qwen3.7-Max,思考,11,11_事件序列_不规整_评分_不清洗,事件序列,不规整,逐条评分,不清洗,逐条评分,3,睡眠问题,Spearman,189,4,0.6199387409292874,1.878940427422858e-21,0.5328782817096708,0.7154414635690298,0.9153439153439153,0.5132275132275133,0.48677248677248675,6.746031746031746,正式
PHQ-8,DAIC-WOZ全量189人,Qwen3.7-Max,思考,11,11_事件序列_不规整_评分_不清洗,事件序列,不规整,逐条评分,不清洗,逐条评分,4,疲劳或精力不足,Spearman,189,4,0.44744564900497624,1.0822550972333324e-10,0.3283146667167495,0.5537140219501617,0.5396825396825397,0.6666666666666666,0.3333333333333333,6.746031746031746,正式
PHQ-8,DAIC-WOZ全量189人,Qwen3.7-Max,思考,11,11_事件序列_不规整_评分_不清洗,事件序列,不规整,逐条评分,不清洗,逐条评分,5,食欲问题,Spearman,189,4,0.08559255683117314,0.2415797907694223,-0.07617710122410351,0.2193600161715605,0.047619047619047616,0.9682539682539683,0.031746031746031744,6.746031746031746,正式
PHQ-8,DAIC-WOZ全量189人,Qwen3.7-Max,思考,11,11_事件序列_不规整_评分_不清洗,事件序列,不规整,逐条评分,不清洗,逐条评分,6,自我评价低或让家人失望,Spearman,189,4,0.4270395928614781,8.904940791050921e-10,0.30872532510337913,0.5270554916127205,0.3968253968253968,0.7354497354497355,0.26455026455026454,6.746031746031746,正式
PHQ-8,DAIC-WOZ全量189人,Qwen3.7-Max,思考,11,11_事件序列_不规整_评分_不清洗,事件序列,不规整,逐条评分,不清洗,逐条评分,7,注意力困难,Spearman,189,3,0.237909170087135,0.0009790678809628035,0.12423833599296813,0.34046999382747667,0.08465608465608465,0.9365079365079365,0.06349206349206349,6.746031746031746,正式
PHQ-8,DAIC-WOZ全量189人,Qwen3.7-Max,思考,11,11_事件序列_不规整_评分_不清洗,事件序列,不规整,逐条评分,不清洗,逐条评分,8,动作或语速改变,Spearman,189,2,0.01824722294435052,0.8031949341828479,-0.13301471857950561,0.16435650315977882,0.021164021164021163,0.9788359788359788,0.021164021164021163,6.746031746031746,正式
PHQ-8,DAIC-WOZ全量189人,Qwen3.7-Max,思考,12,12_事件序列_不规整_评分_清洗,事件序列,不规整,逐条评分,清洗,逐条评分,1,兴趣或愉悦感降低,Spearman,189,4,0.39584419330892046,1.7218603157605478e-08,0.28755766474733896,0.49660763538814784,0.35978835978835977,0.7883597883597884,0.21164021164021163,6.746031746031746,正式
PHQ-8,DAIC-WOZ全量189人,Qwen3.7-Max,思考,12,12_事件序列_不规整_评分_清洗,事件序列,不规整,逐条评分,清洗,逐条评分,2,情绪低落、抑郁或无望,Spearman,189,4,0.6866563268221942,1.0742472953796784e-27,0.6056390759144703,0.7582115839255384,0.8253968253968254,0.49206349206349204,0.5079365079365079,6.746031746031746,正式
PHQ-8,DAIC-WOZ全量189人,Qwen3.7-Max,思考,12,12_事件序列_不规整_评分_清洗,事件序列,不规整,逐条评分,清洗,逐条评分,3,睡眠问题,Spearman,189,4,0.5967217313512805,1.2929732324593282e-19,0.48010192917607925,0.6844666241683115,0.9894179894179894,0.4497354497354497,0.5502645502645502,6.746031746031746,正式
PHQ-8,DAIC-WOZ全量189人,Qwen3.7-Max,思考,12,12_事件序列_不规整_评分_清洗,事件序列,不规整,逐条评分,清洗,逐条评分,4,疲劳或精力不足,Spearman,189,4,0.4447347738767791,1.4436140420777124e-10,0.32964941972130263,0.5645891006579755,0.6190476190476191,0.6084656084656085,0.3915343915343915,6.746031746031746,正式
PHQ-8,DAIC-WOZ全量189人,Qwen3.7-Max,思考,12,12_事件序列_不规整_评分_清洗,事件序列,不规整,逐条评分,清洗,逐条评分,5,食欲问题,Spearman,189,4,0.143478506781259,0.048881871371358625,0.0040043464328876,0.27014433954613903,0.06349206349206349,0.9576719576719577,0.042328042328042326,6.746031746031746,正式
PHQ-8,DAIC-WOZ全量189人,Qwen3.7-Max,思考,12,12_事件序列_不规整_评分_清洗,事件序列,不规整,逐条评分,清洗,逐条评分,6,自我评价低或让家人失望,Spearman,189,4,0.34194735222461364,1.4662663079106488e-06,0.22647208783144612,0.4622375605848258,0.4656084656084656,0.7037037037037037,0.2962962962962963,6.746031746031746,正式
PHQ-8,DAIC-WOZ全量189人,Qwen3.7-Max,思考,12,12_事件序列_不规整_评分_清洗,事件序列,不规整,逐条评分,清洗,逐条评分,7,注意力困难,Spearman,189,3,0.26024746182546543,0.0002985023303892562,0.11174819433364794,0.38054352928647217,0.10582010582010581,0.9206349206349206,0.07936507936507936,6.746031746031746,正式
PHQ-8,DAIC-WOZ全量189人,Qwen3.7-Max,思考,12,12_事件序列_不规整_评分_清洗,事件序列,不规整,逐条评分,清洗,逐条评分,8,动作或语速改变,Spearman,189,2,0.00848560860012928,0.9077428821483952,-0.13096983615141217,0.14876272300015916,0.026455026455026454,0.9735449735449735,0.026455026455026454,6.746031746031746,正式
PHQ-8,DAIC-WOZ全量189人,Qwen3.7-Max,思考,15,15_事件序列_规整_评分_不清洗,事件序列,规整,逐条评分,不清洗,逐条评分,1,兴趣或愉悦感降低,Spearman,189,4,0.368968787353482,1.7476986098326442e-07,0.23950540758119226,0.48312180269965044,0.4603174603174603,0.7248677248677249,0.2751322751322751,6.746031746031746,正式
PHQ-8,DAIC-WOZ全量189人,Qwen3.7-Max,思考,15,15_事件序列_规整_评分_不清洗,事件序列,规整,逐条评分,不清洗,逐条评分,2,情绪低落、抑郁或无望,Spearman,189,4,0.6124050822948571,7.706096962555177e-21,0.5172049677862365,0.7037786001443822,1.1322751322751323,0.31216931216931215,0.6878306878306878,6.746031746031746,正式
PHQ-8,DAIC-WOZ全量189人,Qwen3.7-Max,思考,15,15_事件序列_规整_评分_不清洗,事件序列,规整,逐条评分,不清洗,逐条评分,3,睡眠问题,Spearman,189,4,0.5780759179273276,3.0433729735936285e-18,0.466566577414074,0.6664481584193581,1.052910052910053,0.43386243386243384,0.5661375661375662,6.746031746031746,正式
PHQ-8,DAIC-WOZ全量189人,Qwen3.7-Max,思考,15,15_事件序列_规整_评分_不清洗,事件序列,规整,逐条评分,不清洗,逐条评分,4,疲劳或精力不足,Spearman,189,4,0.42838188176446096,7.785283884572731e-10,0.30008571953700186,0.5425992487675579,0.783068783068783,0.5185185185185185,0.48148148148148145,6.746031746031746,正式
PHQ-8,DAIC-WOZ全量189人,Qwen3.7-Max,思考,15,15_事件序列_规整_评分_不清洗,事件序列,规整,逐条评分,不清洗,逐条评分,5,食欲问题,Spearman,189,3,0.1565652416694564,0.03144284015743229,0.007823567229151299,0.2922137754541935,0.08994708994708994,0.9312169312169312,0.06878306878306878,6.746031746031746,正式
PHQ-8,DAIC-WOZ全量189人,Qwen3.7-Max,思考,15,15_事件序列_规整_评分_不清洗,事件序列,规整,逐条评分,不清洗,逐条评分,6,自我评价低或让家人失望,Spearman,189,4,0.3661415862578991,2.2037180249809765e-07,0.22336592238758746,0.4795022689561488,0.8518518518518519,0.4444444444444444,0.5555555555555556,6.746031746031746,正式
PHQ-8,DAIC-WOZ全量189人,Qwen3.7-Max,思考,15,15_事件序列_规整_评分_不清洗,事件序列,规整,逐条评分,不清洗,逐条评分,7,注意力困难,Spearman,189,3,0.22712864525590373,0.0016724407706862345,0.08810968166592567,0.3602403444515352,0.26455026455026454,0.7724867724867724,0.2275132275132275,6.746031746031746,正式
PHQ-8,DAIC-WOZ全量189人,Qwen3.7-Max,思考,15,15_事件序列_规整_评分_不清洗,事件序列,规整,逐条评分,不清洗,逐条评分,8,动作或语速改变,Spearman,189,4,0.1752908316646997,0.015840341906835406,0.04864117457220625,0.2983392677197111,0.13756613756613756,0.8835978835978836,0.1164021164021164,6.746031746031746,正式
PHQ-8,DAIC-WOZ全量189人,Qwen3.7-Max,思考,16,16_事件序列_规整_评分_清洗,事件序列,规整,逐条评分,清洗,逐条评分,1,兴趣或愉悦感降低,Spearman,189,4,0.40595246803970586,6.81617323895925e-09,0.2834286707416011,0.5102600085901301,0.7142857142857143,0.671957671957672,0.328042328042328,6.746031746031746,正式
PHQ-8,DAIC-WOZ全量189人,Qwen3.7-Max,思考,16,16_事件序列_规整_评分_清洗,事件序列,规整,逐条评分,清洗,逐条评分,2,情绪低落、抑郁或无望,Spearman,189,4,0.5819699332047642,1.5999176246491384e-18,0.4787064953347852,0.6705233879937923,1.216931216931217,0.38095238095238093,0.6190476190476191,6.746031746031746,正式
PHQ-8,DAIC-WOZ全量189人,Qwen3.7-Max,思考,16,16_事件序列_规整_评分_清洗,事件序列,规整,逐条评分,清洗,逐条评分,3,睡眠问题,Spearman,189,4,0.6090922243828395,1.4164715731743578e-20,0.50667692391175,0.6930900997477564,1.1587301587301588,0.4126984126984127,0.5873015873015873,6.746031746031746,正式
PHQ-8,DAIC-WOZ全量189人,Qwen3.7-Max,思考,16,16_事件序列_规整_评分_清洗,事件序列,规整,逐条评分,清洗,逐条评分,4,疲劳或精力不足,Spearman,189,4,0.4494786432042489,8.705040466641553e-11,0.32521572506615665,0.5607087325551364,0.9312169312169312,0.5132275132275133,0.48677248677248675,6.746031746031746,正式
PHQ-8,DAIC-WOZ全量189人,Qwen3.7-Max,思考,16,16_事件序列_规整_评分_清洗,事件序列,规整,逐条评分,清洗,逐条评分,5,食欲问题,Spearman,189,3,0.1406730210842068,0.05351814565446303,0.002217290641333351,0.26975013481367355,0.10582010582010581,0.9365079365079365,0.06349206349206349,6.746031746031746,正式
PHQ-8,DAIC-WOZ全量189人,Qwen3.7-Max,思考,16,16_事件序列_规整_评分_清洗,事件序列,规整,逐条评分,清洗,逐条评分,6,自我评价低或让家人失望,Spearman,189,4,0.24018140534573298,0.0008718733343318825,0.10143672722426325,0.36689263330151284,0.8571428571428571,0.5343915343915344,0.4656084656084656,6.746031746031746,正式
PHQ-8,DAIC-WOZ全量189人,Qwen3.7-Max,思考,16,16_事件序列_规整_评分_清洗,事件序列,规整,逐条评分,清洗,逐条评分,7,注意力困难,Spearman,189,4,0.2546152084023398,0.00040683453791399353,0.1265782782667372,0.37487093914764297,0.2857142857142857,0.7883597883597884,0.21164021164021163,6.746031746031746,正式
PHQ-8,DAIC-WOZ全量189人,Qwen3.7-Max,思考,16,16_事件序列_规整_评分_清洗,事件序列,规整,逐条评分,清洗,逐条评分,8,动作或语速改变,Spearman,189,4,0.1845698581938819,0.011007372308365024,0.05587882192155552,0.29742631416401766,0.1164021164021164,0.8994708994708994,0.10052910052910052,6.746031746031746,正式
