量表,队列,队列性质,模型,思考模式,条件编号,刺激条件,输入范围,规整状态,清洗状态,总记录数,可评估条目主分析记录数,可评估条目主分析纳入率,完整条目集比例,总分一致记录数（审计）,总分一致率（仅审计）,平均AI报告总分MAE,中位数AI报告总分MAE,平均条目NAE,中位数条目NAE,平均条目MAE,中位数条目MAE,平均条目绝对误差和,中位数条目绝对误差和,平均条目和总分绝对误差,中位数条目和总分绝对误差,平均误差抵消量,中位数误差抵消量,平均误差抵消率,中位数误差抵消率,平均报告总分-逐条和绝对差,中位数报告总分-逐条和绝对差,平均条目有符号误差和,C03基线均值_平均条目NAE,C03基线均值_总分MAE（AI报告总分绝对误差）,C03基线均值_误差抵消率,FDR校正q值_平均条目NAE,FDR校正q值_总分MAE（AI报告总分绝对误差）,FDR校正q值_误差抵消率,共同完整被试数N_平均条目NAE,共同完整被试数N_总分MAE（AI报告总分绝对误差）,共同完整被试数N_误差抵消率,差值95%CI上限_平均条目NAE,差值95%CI上限_总分MAE（AI报告总分绝对误差）,差值95%CI上限_误差抵消率,差值95%CI下限_平均条目NAE,差值95%CI下限_总分MAE（AI报告总分绝对误差）,差值95%CI下限_误差抵消率,目标条件均值_平均条目NAE,目标条件均值_总分MAE（AI报告总分绝对误差）,目标条件均值_误差抵消率,相对C03差值_目标减基线_平均条目NAE,相对C03差值_目标减基线_总分MAE（AI报告总分绝对误差）,相对C03差值_目标减基线_误差抵消率,配对置换P值_平均条目NAE,配对置换P值_总分MAE（AI报告总分绝对误差）,配对置换P值_误差抵消率,平均校正题总相关rho,校正题总相关可估计条目数,相对C03平均校正rho变化,校正rho变化条目数,校正rho变化正向条目数,校正rho变化FDR显著增强条目数,校正rho变化FDR显著减弱条目数,相对C03校正题总相关变化,相对C03总分MAE变化,相对C03平均条目NAE变化,相对C03误差抵消率变化,总分MAE配对q值,平均条目NAE配对q值,误差抵消率配对q值,相对C03总分MAE变化95%CI下限,相对C03总分MAE变化95%CI上限,相对C03平均条目NAE变化95%CI下限,相对C03平均条目NAE变化95%CI上限,相对C03误差抵消率变化95%CI下限,相对C03误差抵消率变化95%CI上限,一致性类型,结果方向说明
HAMD-17,PDCH共同24人验证,探索性（共同24人验证队列）,GLM-5.2,不思考,3,C03：全文｜不规整｜逐条评分｜不清洗,全文,不规整,不清洗,24,24,1.0,0.4583333333333333,1,0.041666666666666664,3.375,3.0,0.1511948529411765,0.12867647058823528,0.46246936274509803,0.4375,7.583333333333333,7.0,2.6666666666666665,2.5,4.916666666666667,4.0,0.6071023883523883,0.6666666666666666,2.2916666666666665,2.0,-0.6666666666666666,0.1511948529411765,3.375,0.6071023883523883,,,,24,24,24,,,,,,,0.1511948529411765,3.375,0.6071023883523883,0.0,0.0,0.0,,,,0.42188736155865386,17,,,,,,,0.0,0.0,0.0,,,,,,,,,,C03_题总相关基线,Δ总分MAE<0=总分改善；Δ条目NAE<0=条目改善；Δ校正rho>0=结构关联增强；Δ抵消率>0=抵消增强
HAMD-17,PDCH共同24人验证,探索性（共同24人验证队列）,GLM-5.2,不思考,4,C04：全文｜不规整｜逐条评分｜清洗,全文,不规整,清洗,24,24,1.0,0.5416666666666666,1,0.041666666666666664,3.0833333333333335,2.5,0.1490502450980392,0.13970588235294118,0.45955882352941174,0.47058823529411764,7.583333333333333,8.0,2.3333333333333335,1.5,5.25,4.0,0.6600043475043474,0.7083333333333333,2.25,2.0,0.3333333333333333,0.1511948529411765,3.375,0.6071023883523883,0.8110944527736131,0.6954522738630684,0.7736131934032985,24,24,24,0.009803921568627453,0.375,0.14113793613793615,-0.015204695159313726,-1.0,-0.029257270507270502,0.1490502450980392,3.0833333333333335,0.6600043475043474,-0.002144607843137254,-0.2916666666666667,0.052901959151959145,0.7421289355322339,0.496751624187906,0.24087956021989004,0.4471771057968124,17,0.029042686110088107,17.0,11.0,1.0,0.0,0.029042686110088107,-0.2916666666666667,-0.002144607843137254,0.052901959151959145,0.6954522738630684,0.8110944527736131,0.7736131934032985,-1.0,0.375,-0.015204695159313726,0.009803921568627453,-0.029257270507270502,0.14113793613793615,D_无一致改善,Δ总分MAE<0=总分改善；Δ条目NAE<0=条目改善；Δ校正rho>0=结构关联增强；Δ抵消率>0=抵消增强
HAMD-17,PDCH共同24人验证,探索性（共同24人验证队列）,GLM-5.2,不思考,7,C07：全文｜规整｜逐条评分｜不清洗,全文,规整,不清洗,24,24,1.0,0.7083333333333334,3,0.125,2.625,2.0,0.16559436274509806,0.1438419117647059,0.4872855392156863,0.4540441176470588,8.125,7.5,2.5416666666666665,1.5,5.583333333333333,4.0,0.67742673992674,0.717948717948718,1.4583333333333333,1.0,1.5416666666666667,0.1511948529411765,3.375,0.6071023883523883,0.3708145927036482,0.5772113943028486,0.7736131934032985,24,24,24,0.03205422794117647,0.2927083333333277,0.18832114644614645,-0.0019914215686274504,-1.8333333333333333,-0.04872693857068858,0.16559436274509806,2.625,0.67742673992674,0.014399509803921568,-0.75,0.07032435157435157,0.10594702648675662,0.2178910544727636,0.29485257371314344,0.4352255123981166,17,0.011017245209986518,17.0,10.0,0.0,0.0,0.011017245209986518,-0.75,0.014399509803921568,0.07032435157435157,0.5772113943028486,0.3708145927036482,0.7736131934032985,-1.8333333333333333,0.2927083333333277,-0.0019914215686274504,0.03205422794117647,-0.04872693857068858,0.18832114644614645,D_无一致改善,Δ总分MAE<0=总分改善；Δ条目NAE<0=条目改善；Δ校正rho>0=结构关联增强；Δ抵消率>0=抵消增强
HAMD-17,PDCH共同24人验证,探索性（共同24人验证队列）,GLM-5.2,不思考,8,C08：全文｜规整｜逐条评分｜清洗,全文,规整,清洗,24,24,1.0,0.7083333333333334,2,0.08333333333333333,3.4166666666666665,3.0,0.17513020833333334,0.15441176470588236,0.5225183823529411,0.5,8.708333333333334,8.5,3.2083333333333335,2.5,5.5,4.0,0.6320117382617383,0.7083333333333333,1.75,2.0,2.0416666666666665,0.1511948529411765,3.375,0.6071023883523883,0.0559720139930035,1.0,0.7736131934032985,24,24,24,0.0415575214460784,1.2083333333333333,0.1536897940022937,0.007927389705882354,-0.9166666666666666,-0.09010029322529324,0.17513020833333334,3.4166666666666665,0.6320117382617383,0.023935355392156864,0.041666666666666664,0.024909349909349926,0.0079960019990005,1.0,0.7021489255372314,0.37568459152676453,17,-0.043144740178396764,17.0,7.0,0.0,0.0,-0.043144740178396764,0.041666666666666664,0.023935355392156864,0.024909349909349926,1.0,0.0559720139930035,0.7736131934032985,-0.9166666666666666,1.2083333333333333,0.007927389705882354,0.0415575214460784,-0.09010029322529324,0.1536897940022937,D_无一致改善,Δ总分MAE<0=总分改善；Δ条目NAE<0=条目改善；Δ校正rho>0=结构关联增强；Δ抵消率>0=抵消增强
HAMD-17,PDCH共同24人验证,探索性（共同24人验证队列）,GLM-5.2,不思考,11,C11：事件序列｜不规整｜逐条评分｜不清洗,事件序列,不规整,不清洗,24,24,1.0,0.6666666666666666,5,0.20833333333333334,3.4583333333333335,2.0,0.14613970588235295,0.125,0.45343137254901955,0.4117647058823529,7.5,7.0,2.8333333333333335,2.0,4.666666666666667,4.0,0.590525678025678,0.6666666666666666,1.875,1.0,-0.25,0.1511948529411765,3.375,0.6071023883523883,0.7843078460769616,1.0,0.7736131934032985,24,24,24,0.013483264399509786,1.2083333333333333,0.07300919566544564,-0.020105698529411766,-1.0,-0.09274001461501463,0.14613970588235295,3.4583333333333335,0.590525678025678,-0.00505514705882353,0.08333333333333333,-0.016576710326710334,0.5602198900549725,0.9500249875062469,0.7091454272863568,0.4017019826818137,17,-0.010020878954853693,17.0,7.0,1.0,0.0,-0.010020878954853693,0.08333333333333333,-0.00505514705882353,-0.016576710326710334,1.0,0.7843078460769616,0.7736131934032985,-1.0,1.2083333333333333,-0.020105698529411766,0.013483264399509786,-0.09274001461501463,0.07300919566544564,D_无一致改善,Δ总分MAE<0=总分改善；Δ条目NAE<0=条目改善；Δ校正rho>0=结构关联增强；Δ抵消率>0=抵消增强
HAMD-17,PDCH共同24人验证,探索性（共同24人验证队列）,GLM-5.2,不思考,12,C12：事件序列｜不规整｜逐条评分｜清洗,事件序列,不规整,清洗,24,24,1.0,0.7083333333333334,5,0.20833333333333334,2.9166666666666665,2.0,0.1443780637254902,0.1323529411764706,0.43903186274509803,0.4117647058823529,7.291666666666667,7.0,2.2916666666666665,2.0,5.0,4.0,0.6660027472527472,0.6666666666666666,1.7083333333333333,2.0,0.125,0.1511948529411765,3.375,0.6071023883523883,0.7634932533733134,0.5772113943028486,0.7736131934032985,24,24,24,0.00896235447303921,0.20833333333333334,0.19837305634180627,-0.02443416819852941,-1.1666666666666667,-0.05492790774040772,0.1443780637254902,2.9166666666666665,0.6660027472527472,-0.006816789215686274,-0.4583333333333333,0.058900358900358905,0.4352823588205897,0.24737631184407796,0.39980009995002497,0.4298557339969527,17,0.01897870097271283,17.0,9.0,2.0,0.0,0.01897870097271283,-0.4583333333333333,-0.006816789215686274,0.058900358900358905,0.5772113943028486,0.7634932533733134,0.7736131934032985,-1.1666666666666667,0.20833333333333334,-0.02443416819852941,0.00896235447303921,-0.05492790774040772,0.19837305634180627,D_无一致改善,Δ总分MAE<0=总分改善；Δ条目NAE<0=条目改善；Δ校正rho>0=结构关联增强；Δ抵消率>0=抵消增强
HAMD-17,PDCH共同24人验证,探索性（共同24人验证队列）,GLM-5.2,不思考,15,C15：事件序列｜规整｜逐条评分｜不清洗,事件序列,规整,不清洗,24,24,1.0,0.9166666666666666,7,0.2916666666666667,2.9166666666666665,2.0,0.14901194852941177,0.1323529411764706,0.4699754901960784,0.4411764705882353,7.916666666666667,7.5,3.0833333333333335,2.0,4.833333333333333,4.0,0.5848572723572724,0.606060606060606,1.4166666666666667,1.0,0.75,0.1511948529411765,3.375,0.6071023883523883,0.8110944527736131,0.6954522738630684,0.7736131934032985,24,24,24,0.01777056525735294,0.5833333333333334,0.13763347763347764,-0.021448950674019612,-1.5,-0.18771559459059461,0.14901194852941177,2.9166666666666665,0.5848572723572724,-0.0021829044117647055,-0.4583333333333333,-0.022245115995116,0.8110944527736131,0.4547726136931534,0.7736131934032984,0.3711739883242699,17,-0.05191987833793303,17.0,9.0,0.0,0.0,-0.05191987833793303,-0.4583333333333333,-0.0021829044117647055,-0.022245115995116,0.6954522738630684,0.8110944527736131,0.7736131934032985,-1.5,0.5833333333333334,-0.021448950674019612,0.01777056525735294,-0.18771559459059461,0.13763347763347764,D_无一致改善,Δ总分MAE<0=总分改善；Δ条目NAE<0=条目改善；Δ校正rho>0=结构关联增强；Δ抵消率>0=抵消增强
HAMD-17,PDCH共同24人验证,探索性（共同24人验证队列）,GLM-5.2,不思考,16,C16：事件序列｜规整｜逐条评分｜清洗,事件序列,规整,清洗,24,24,1.0,0.875,7,0.2916666666666667,2.5416666666666665,2.0,0.14418658088235292,0.1323529411764706,0.453125,0.4117647058823529,7.625,7.0,2.875,2.0,4.75,4.0,0.6257696007696008,0.6666666666666666,1.4166666666666667,1.0,1.125,0.1511948529411765,3.375,0.6071023883523883,0.7634932533733134,0.5772113943028486,0.7736131934032985,24,24,24,0.009729243259803913,0.0,0.14426406926406926,-0.023284313725490197,-1.6666666666666667,-0.10177090848965854,0.14418658088235292,2.5416666666666665,0.6257696007696008,-0.007008272058823529,-0.8333333333333334,0.01866721241721242,0.4362818590704648,0.0864567716141929,0.7726136931534233,0.4065834124390745,17,-0.01184418889502865,17.0,10.0,1.0,0.0,-0.01184418889502865,-0.8333333333333334,-0.007008272058823529,0.01866721241721242,0.5772113943028486,0.7634932533733134,0.7736131934032985,-1.6666666666666667,0.0,-0.023284313725490197,0.009729243259803913,-0.10177090848965854,0.14426406926406926,D_无一致改善,Δ总分MAE<0=总分改善；Δ条目NAE<0=条目改善；Δ校正rho>0=结构关联增强；Δ抵消率>0=抵消增强
HAMD-17,PDCH共同24人验证,探索性（共同24人验证队列）,GLM-5.2,思考,3,C03：全文｜不规整｜逐条评分｜不清洗,全文,不规整,不清洗,24,24,1.0,0.6666666666666666,13,0.5416666666666666,3.1666666666666665,2.0,0.14770986519607843,0.15900735294117646,0.4499080882352941,0.47058823529411764,7.458333333333333,8.0,2.7916666666666665,2.0,4.666666666666667,4.0,0.5675835738335738,0.6190476190476191,0.5833333333333334,0.0,-0.7916666666666666,0.14770986519607843,3.1666666666666665,0.5675835738335738,,,,24,24,24,,,,,,,0.14770986519607843,3.1666666666666665,0.5675835738335738,0.0,0.0,0.0,,,,0.42071279590112126,17,,,,,,,0.0,0.0,0.0,,,,,,,,,,C03_题总相关基线,Δ总分MAE<0=总分改善；Δ条目NAE<0=条目改善；Δ校正rho>0=结构关联增强；Δ抵消率>0=抵消增强
HAMD-17,PDCH共同24人验证,探索性（共同24人验证队列）,GLM-5.2,思考,4,C04：全文｜不规整｜逐条评分｜清洗,全文,不规整,清洗,24,24,1.0,0.75,17,0.7083333333333334,3.4166666666666665,2.0,0.1506204044117647,0.1323529411764706,0.4548100490196078,0.42463235294117646,7.583333333333333,7.0,3.1666666666666665,2.0,4.416666666666667,4.0,0.5186868686868688,0.6190476190476191,0.20833333333333334,0.0,-0.75,0.14770986519607843,3.1666666666666665,0.5675835738335738,0.7651174412793603,0.7701982342162252,0.5660169915042479,24,24,24,0.021638518688725482,1.1666666666666667,0.06630223364598348,-0.015358838848039218,-0.5416666666666666,-0.16678030303030303,0.1506204044117647,3.4166666666666665,0.5186868686868688,0.0029105392156862724,0.25,-0.04889670514670514,0.7651174412793603,0.6601699150424788,0.40429785107446276,0.41886474533097,17,0.000277411679603302,17.0,10.0,1.0,1.0,0.000277411679603302,0.25,0.0029105392156862724,-0.04889670514670514,0.7701982342162252,0.7651174412793603,0.5660169915042479,-0.5416666666666666,1.1666666666666667,-0.015358838848039218,0.021638518688725482,-0.16678030303030303,0.06630223364598348,D_无一致改善,Δ总分MAE<0=总分改善；Δ条目NAE<0=条目改善；Δ校正rho>0=结构关联增强；Δ抵消率>0=抵消增强
HAMD-17,PDCH共同24人验证,探索性（共同24人验证队列）,GLM-5.2,思考,7,C07：全文｜规整｜逐条评分｜不清洗,全文,规整,不清洗,24,24,1.0,0.7083333333333334,15,0.625,2.4583333333333335,1.5,0.1510033700980392,0.17417279411764708,0.45174632352941185,0.4852941176470588,7.541666666666667,8.0,2.4583333333333335,1.5,5.083333333333333,4.0,0.6719241406741406,0.6666666666666666,0.2916666666666667,0.0,0.125,0.14770986519607843,3.1666666666666665,0.5675835738335738,0.7651174412793603,0.7701982342162252,0.5660169915042479,24,24,24,0.01734834558823529,0.4166666666666667,0.24946367290117288,-0.01103036917892157,-1.7916666666666667,-0.04535721801346802,0.1510033700980392,2.4583333333333335,0.6719241406741406,0.0032935049019607826,-0.7083333333333334,0.10434056684056682,0.672663668165917,0.2638680659670165,0.19290354822588707,0.38899369908602777,17,-0.040957223243057964,17.0,5.0,0.0,1.0,-0.040957223243057964,-0.7083333333333334,0.0032935049019607826,0.10434056684056682,0.7701982342162252,0.7651174412793603,0.5660169915042479,-1.7916666666666667,0.4166666666666667,-0.01103036917892157,0.01734834558823529,-0.04535721801346802,0.24946367290117288,D_无一致改善,Δ总分MAE<0=总分改善；Δ条目NAE<0=条目改善；Δ校正rho>0=结构关联增强；Δ抵消率>0=抵消增强
HAMD-17,PDCH共同24人验证,探索性（共同24人验证队列）,GLM-5.2,思考,8,C08：全文｜规整｜逐条评分｜清洗,全文,规整,清洗,24,24,1.0,0.7916666666666666,17,0.7083333333333334,2.875,2.5,0.15762867647058823,0.16176470588235295,0.4736519607843137,0.5147058823529411,7.916666666666667,8.5,2.9166666666666665,2.5,5.0,4.0,0.6002677877677878,0.6666666666666666,0.16666666666666666,0.0,0.6666666666666666,0.14770986519607843,3.1666666666666665,0.5675835738335738,0.7651174412793603,0.7701982342162252,0.6636681659170415,24,24,24,0.02876646752450977,0.6666666666666666,0.1719229497354497,-0.01087622549019608,-1.1677083333333333,-0.10476587070337069,0.15762867647058823,2.875,0.6002677877677878,0.009918811274509802,-0.2916666666666667,0.032684213934213925,0.3243378310844578,0.5862068965517241,0.6636681659170415,0.35649899380693806,17,-0.06162515902241209,17.0,5.0,1.0,1.0,-0.06162515902241209,-0.2916666666666667,0.009918811274509802,0.032684213934213925,0.7701982342162252,0.7651174412793603,0.6636681659170415,-1.1677083333333333,0.6666666666666666,-0.01087622549019608,0.02876646752450977,-0.10476587070337069,0.1719229497354497,D_无一致改善,Δ总分MAE<0=总分改善；Δ条目NAE<0=条目改善；Δ校正rho>0=结构关联增强；Δ抵消率>0=抵消增强
HAMD-17,PDCH共同24人验证,探索性（共同24人验证队列）,GLM-5.2,思考,11,C11：事件序列｜不规整｜逐条评分｜不清洗,事件序列,不规整,不清洗,24,24,1.0,0.8333333333333334,20,0.8333333333333334,2.5,2.0,0.13886335784313725,0.1135110294117647,0.4307598039215686,0.36397058823529416,7.208333333333333,6.0,2.5416666666666665,2.0,4.666666666666667,4.0,0.5966473341473342,0.7083333333333333,0.08333333333333333,0.0,-1.125,0.14770986519607843,3.1666666666666665,0.5675835738335738,0.7651174412793603,0.7701982342162252,0.6636681659170415,24,24,24,0.006511374080882349,0.125,0.15884910228660226,-0.026348039215686275,-1.375,-0.0897633385133385,0.13886335784313725,2.5,0.5966473341473342,-0.008846507352941175,-0.6666666666666666,0.029063760313760328,0.30684657671164417,0.12543728135932034,0.6391804097951025,0.4059945778526366,17,-0.011942138256869916,17.0,5.0,0.0,0.0,-0.011942138256869916,-0.6666666666666666,-0.008846507352941175,0.029063760313760328,0.7701982342162252,0.7651174412793603,0.6636681659170415,-1.375,0.125,-0.026348039215686275,0.006511374080882349,-0.0897633385133385,0.15884910228660226,D_无一致改善,Δ总分MAE<0=总分改善；Δ条目NAE<0=条目改善；Δ校正rho>0=结构关联增强；Δ抵消率>0=抵消增强
HAMD-17,PDCH共同24人验证,探索性（共同24人验证队列）,GLM-5.2,思考,12,C12：事件序列｜不规整｜逐条评分｜清洗,事件序列,不规整,清洗,24,24,1.0,0.7916666666666666,18,0.75,3.4166666666666665,3.0,0.15142463235294115,0.1323529411764706,0.458639705882353,0.42463235294117646,7.666666666666667,7.0,3.5,3.0,4.166666666666667,4.0,0.4976079476079476,0.6666666666666666,0.125,0.0,-1.5,0.14770986519607843,3.1666666666666665,0.5675835738335738,0.7651174412793603,0.7701982342162252,0.5660169915042479,24,24,24,0.020723230698529386,1.1666666666666667,0.04769094331594322,-0.012792968750000001,-0.5833333333333334,-0.18453542984792984,0.15142463235294115,3.4166666666666665,0.4976079476079476,0.0037147671568627427,0.25,-0.06997562622562621,0.6821589205397302,0.6586706646676662,0.2688655672163918,0.4247077486979821,17,0.0038096837546926815,17.0,7.0,0.0,0.0,0.0038096837546926815,0.25,0.0037147671568627427,-0.06997562622562621,0.7701982342162252,0.7651174412793603,0.5660169915042479,-0.5833333333333334,1.1666666666666667,-0.012792968750000001,0.020723230698529386,-0.18453542984792984,0.04769094331594322,D_无一致改善,Δ总分MAE<0=总分改善；Δ条目NAE<0=条目改善；Δ校正rho>0=结构关联增强；Δ抵消率>0=抵消增强
HAMD-17,PDCH共同24人验证,探索性（共同24人验证队列）,GLM-5.2,思考,15,C15：事件序列｜规整｜逐条评分｜不清洗,事件序列,规整,不清洗,24,24,1.0,0.9166666666666666,19,0.7916666666666666,3.4583333333333335,3.0,0.14433976715686272,0.15441176470588236,0.45680147058823534,0.5294117647058824,7.708333333333333,9.0,3.375,3.0,4.333333333333333,4.0,0.4876239501239501,0.5357142857142857,0.25,0.0,0.5416666666666666,0.14770986519607843,3.1666666666666665,0.5675835738335738,0.7651174412793603,0.7701982342162252,0.4932533733133433,24,24,24,0.01490215226715684,1.0833333333333333,0.006928095053095031,-0.02148628982843137,-0.4166666666666667,-0.16596033017908018,0.14433976715686272,3.4583333333333335,0.4876239501239501,-0.003370098039215686,0.2916666666666667,-0.07995962370962371,0.7186406796601699,0.5617191404297851,0.0704647676161919,0.3810431702153354,17,-0.03998334552284608,17.0,6.0,0.0,3.0,-0.03998334552284608,0.2916666666666667,-0.003370098039215686,-0.07995962370962371,0.7701982342162252,0.7651174412793603,0.4932533733133433,-0.4166666666666667,1.0833333333333333,-0.02148628982843137,0.01490215226715684,-0.16596033017908018,0.006928095053095031,D_无一致改善,Δ总分MAE<0=总分改善；Δ条目NAE<0=条目改善；Δ校正rho>0=结构关联增强；Δ抵消率>0=抵消增强
HAMD-17,PDCH共同24人验证,探索性（共同24人验证队列）,GLM-5.2,思考,16,C16：事件序列｜规整｜逐条评分｜清洗,事件序列,规整,清洗,24,24,1.0,0.9166666666666666,19,0.7916666666666666,3.125,2.0,0.14388020833333334,0.14705882352941177,0.4424019607843137,0.47058823529411764,7.458333333333333,8.0,3.125,2.0,4.333333333333333,4.0,0.5206286768786769,0.6666666666666666,0.3333333333333333,0.0,0.7916666666666666,0.14770986519607843,3.1666666666666665,0.5675835738335738,0.7651174412793603,1.0,0.5660169915042479,24,24,24,0.015663296568627447,1.0833333333333333,0.05693858225108224,-0.020834290747549018,-1.1666666666666667,-0.14323112073112074,0.14388020833333334,3.125,0.5206286768786769,-0.003829656862745098,-0.041666666666666664,-0.04695489695489696,0.6861569215392304,1.0,0.3953023488255872,0.3688238578176834,17,-0.05327282652033045,17.0,4.0,0.0,2.0,-0.05327282652033045,-0.041666666666666664,-0.003829656862745098,-0.04695489695489696,1.0,0.7651174412793603,0.5660169915042479,-1.1666666666666667,1.0833333333333333,-0.020834290747549018,0.015663296568627447,-0.14323112073112074,0.05693858225108224,D_无一致改善,Δ总分MAE<0=总分改善；Δ条目NAE<0=条目改善；Δ校正rho>0=结构关联增强；Δ抵消率>0=抵消增强
HAMD-17,PDCH共同24人验证,探索性（共同24人验证队列）,Kimi-K2.6,不思考,3,C03：全文｜不规整｜逐条评分｜不清洗,全文,不规整,不清洗,24,24,1.0,0.5833333333333334,6,0.25,3.2083333333333335,2.5,0.1671645220588235,0.1484375,0.49662990196078427,0.4852941176470588,8.208333333333334,8.0,2.7083333333333335,2.0,5.5,6.0,0.5969856532356532,0.6666666666666666,0.875,1.0,0.375,0.1671645220588235,3.2083333333333335,0.5969856532356532,,,,24,24,24,,,,,,,0.1671645220588235,3.2083333333333335,0.5969856532356532,0.0,0.0,0.0,,,,0.5046060685835516,17,,,,,,,0.0,0.0,0.0,,,,,,,,,,C03_题总相关基线,Δ总分MAE<0=总分改善；Δ条目NAE<0=条目改善；Δ校正rho>0=结构关联增强；Δ抵消率>0=抵消增强
HAMD-17,PDCH共同24人验证,探索性（共同24人验证队列）,Kimi-K2.6,不思考,4,C04：全文｜不规整｜逐条评分｜清洗,全文,不规整,清洗,24,24,1.0,0.5,4,0.16666666666666666,3.375,2.0,0.18229166666666666,0.16681985294117646,0.5337009803921569,0.5147058823529411,8.791666666666666,8.5,2.9583333333333335,2.0,5.833333333333333,6.0,0.6174486461251166,0.6666666666666666,0.7916666666666666,1.0,1.625,0.1671645220588235,3.2083333333333335,0.5969856532356532,0.32603698150924537,0.8855572213893054,0.800599700149925,24,24,24,0.040021829044117635,1.75,0.1568131868131868,-0.006319891237745099,-1.2083333333333333,-0.1111116909370586,0.18229166666666666,3.375,0.6174486461251166,0.015127144607843134,0.16666666666666666,0.02046299288946347,0.23288355822088955,0.8855572213893054,0.7851074462768616,0.4791316940536839,17,-0.022904983232847228,17.0,7.0,0.0,1.0,-0.022904983232847228,0.16666666666666666,0.015127144607843134,0.02046299288946347,0.8855572213893054,0.32603698150924537,0.800599700149925,-1.2083333333333333,1.75,-0.006319891237745099,0.040021829044117635,-0.1111116909370586,0.1568131868131868,D_无一致改善,Δ总分MAE<0=总分改善；Δ条目NAE<0=条目改善；Δ校正rho>0=结构关联增强；Δ抵消率>0=抵消增强
HAMD-17,PDCH共同24人验证,探索性（共同24人验证队列）,Kimi-K2.6,不思考,7,C07：全文｜规整｜逐条评分｜不清洗,全文,规整,不清洗,24,24,1.0,0.375,5,0.20833333333333334,6.416666666666667,3.0,0.23969822303921565,0.234375,0.7057291666666666,0.65625,11.541666666666666,10.5,6.541666666666667,4.0,5.0,5.0,0.49649956524956523,0.6,1.0833333333333333,1.0,5.291666666666667,0.1671645220588235,3.2083333333333335,0.5969856532356532,0.019823421622522073,0.04780942861902382,0.3334999167083125,24,24,24,0.12984930300245087,5.958333333333333,0.02936230436230434,0.02343367034313725,0.875,-0.24004318019943022,0.23969822303921565,6.416666666666667,0.49649956524956523,0.07253370098039215,3.2083333333333335,-0.10048608798608799,0.00849575212393803,0.02048975512243878,0.14292853573213393,0.24965631567411753,17,-0.24066626031966507,17.0,2.0,1.0,1.0,-0.24066626031966507,3.2083333333333335,0.07253370098039215,-0.10048608798608799,0.04780942861902382,0.019823421622522073,0.3334999167083125,0.875,5.958333333333333,0.02343367034313725,0.12984930300245087,-0.24004318019943022,0.02936230436230434,D_无一致改善,Δ总分MAE<0=总分改善；Δ条目NAE<0=条目改善；Δ校正rho>0=结构关联增强；Δ抵消率>0=抵消增强
HAMD-17,PDCH共同24人验证,探索性（共同24人验证队列）,Kimi-K2.6,不思考,8,C08：全文｜规整｜逐条评分｜清洗,全文,规整,清洗,24,24,1.0,0.4166666666666667,5,0.20833333333333334,7.5,5.0,0.2629825367647059,0.25,0.7859987745098039,0.6966911764705883,12.833333333333334,11.5,7.583333333333333,5.5,5.25,5.0,0.4735709648538595,0.4807692307692308,0.875,1.0,6.833333333333333,0.1671645220588235,3.2083333333333335,0.5969856532356532,0.013993003498250875,0.0384807596201899,0.2518740629685157,24,24,24,0.164373659620098,7.875,-0.021187109217536883,0.039939491421568635,1.4572916666666667,-0.22954517765373025,0.2629825367647059,7.5,0.4735709648538595,0.09581801470588236,4.291666666666667,-0.12341468838179365,0.001999000499750125,0.005497251374312844,0.035982008995502246,0.26878053514840716,17,-0.22179868060973135,17.0,2.0,0.0,1.0,-0.22179868060973135,4.291666666666667,0.09581801470588236,-0.12341468838179365,0.0384807596201899,0.013993003498250875,0.2518740629685157,1.4572916666666667,7.875,0.039939491421568635,0.164373659620098,-0.22954517765373025,-0.021187109217536883,D_无一致改善,Δ总分MAE<0=总分改善；Δ条目NAE<0=条目改善；Δ校正rho>0=结构关联增强；Δ抵消率>0=抵消增强
HAMD-17,PDCH共同24人验证,探索性（共同24人验证队列）,Kimi-K2.6,不思考,11,C11：事件序列｜不规整｜逐条评分｜不清洗,事件序列,不规整,不清洗,24,24,1.0,0.4583333333333333,6,0.25,4.041666666666667,2.5,0.1729856004901961,0.16176470588235295,0.5237438725490197,0.5,8.583333333333334,8.0,3.25,2.0,5.333333333333333,6.0,0.6147276334776335,0.696969696969697,1.2083333333333333,1.0,-0.75,0.1671645220588235,3.2083333333333335,0.5969856532356532,0.5807096451774113,0.7878060969515241,0.800599700149925,24,24,24,0.02217562806372548,3.1666666666666665,0.13718118686868683,-0.010228056066176475,-0.9583333333333334,-0.11361644721019723,0.1729856004901961,4.041666666666667,0.6147276334776335,0.0058210784313725466,0.8333333333333334,0.017741980241980235,0.49775112443778113,0.5627186406796602,0.800599700149925,0.4416717444026051,17,-0.06972488299177933,17.0,0.0,0.0,1.0,-0.06972488299177933,0.8333333333333334,0.0058210784313725466,0.017741980241980235,0.7878060969515241,0.5807096451774113,0.800599700149925,-0.9583333333333334,3.1666666666666665,-0.010228056066176475,0.02217562806372548,-0.11361644721019723,0.13718118686868683,D_无一致改善,Δ总分MAE<0=总分改善；Δ条目NAE<0=条目改善；Δ校正rho>0=结构关联增强；Δ抵消率>0=抵消增强
HAMD-17,PDCH共同24人验证,探索性（共同24人验证队列）,Kimi-K2.6,不思考,12,C12：事件序列｜不规整｜逐条评分｜清洗,事件序列,不规整,清洗,24,24,1.0,0.5833333333333334,8,0.3333333333333333,3.375,2.5,0.16356464460784315,0.15900735294117646,0.4895833333333333,0.5,8.083333333333334,8.0,3.0833333333333335,2.0,5.0,4.0,0.5375048562548562,0.6,0.75,0.5,0.3333333333333333,0.1671645220588235,3.2083333333333335,0.5969856532356532,0.7006496751624188,0.8855572213893054,0.5324337831084458,24,24,24,0.011183555453431365,1.3333333333333333,0.07304355366855356,-0.021257467830882365,-1.0416666666666667,-0.19419264763014762,0.16356464460784315,3.375,0.5375048562548562,-0.003599877450980395,0.16666666666666666,-0.05948079698079698,0.7006496751624188,0.8300849575212393,0.3803098450774613,0.4576576623610949,17,-0.046948406222456676,17.0,6.0,0.0,1.0,-0.046948406222456676,0.16666666666666666,-0.003599877450980395,-0.05948079698079698,0.8855572213893054,0.7006496751624188,0.5324337831084458,-1.0416666666666667,1.3333333333333333,-0.021257467830882365,0.011183555453431365,-0.19419264763014762,0.07304355366855356,D_无一致改善,Δ总分MAE<0=总分改善；Δ条目NAE<0=条目改善；Δ校正rho>0=结构关联增强；Δ抵消率>0=抵消增强
HAMD-17,PDCH共同24人验证,探索性（共同24人验证队列）,Kimi-K2.6,不思考,15,C15：事件序列｜规整｜逐条评分｜不清洗,事件序列,规整,不清洗,24,24,1.0,0.6666666666666666,5,0.20833333333333334,6.125,4.0,0.2296645220588235,0.21875,0.6790747549019608,0.6360294117647058,11.25,10.5,6.166666666666667,4.0,5.083333333333333,4.0,0.47704166748284393,0.4642857142857143,1.125,1.0,5.583333333333333,0.1671645220588235,3.2083333333333335,0.5969856532356532,0.02273863068465767,0.061219390304847576,0.3334999167083125,24,24,24,0.12077876072303907,6.166666666666667,0.010534580819507117,0.01699984681372549,0.4166666666666667,-0.2625804148874002,0.2296645220588235,6.125,0.47704166748284393,0.0625,2.9166666666666665,-0.11994398575280929,0.012993503248375811,0.03498250874562719,0.127936031984008,0.2999769188218264,17,-0.19587637620737527,17.0,2.0,0.0,1.0,-0.19587637620737527,2.9166666666666665,0.0625,-0.11994398575280929,0.061219390304847576,0.02273863068465767,0.3334999167083125,0.4166666666666667,6.166666666666667,0.01699984681372549,0.12077876072303907,-0.2625804148874002,0.010534580819507117,D_无一致改善,Δ总分MAE<0=总分改善；Δ条目NAE<0=条目改善；Δ校正rho>0=结构关联增强；Δ抵消率>0=抵消增强
HAMD-17,PDCH共同24人验证,探索性（共同24人验证队列）,Kimi-K2.6,不思考,16,C16：事件序列｜规整｜逐条评分｜清洗,事件序列,规整,清洗,24,24,1.0,0.5416666666666666,1,0.041666666666666664,5.375,6.0,0.20775888480392157,0.21966911764705882,0.6167279411764706,0.6875,10.208333333333334,11.0,4.958333333333333,4.5,5.25,5.0,0.5117338407779584,0.5227272727272727,1.8333333333333333,1.5,4.708333333333333,0.1671645220588235,3.2083333333333335,0.5969856532356532,0.013993003498250875,0.04372813593203398,0.5324337831084458,24,24,24,0.06594860600490195,3.7916666666666665,0.07581490779101067,0.01685049019607843,0.6666666666666666,-0.2428069020440344,0.20775888480392157,5.375,0.5117338407779584,0.04059436274509804,2.1666666666666665,-0.08525181245769481,0.00399800099950025,0.01249375312343828,0.3258370814592704,0.43647421148514076,17,-0.06564622542171356,17.0,3.0,0.0,0.0,-0.06564622542171356,2.1666666666666665,0.04059436274509804,-0.08525181245769481,0.04372813593203398,0.013993003498250875,0.5324337831084458,0.6666666666666666,3.7916666666666665,0.01685049019607843,0.06594860600490195,-0.2428069020440344,0.07581490779101067,D_无一致改善,Δ总分MAE<0=总分改善；Δ条目NAE<0=条目改善；Δ校正rho>0=结构关联增强；Δ抵消率>0=抵消增强
HAMD-17,PDCH共同24人验证,探索性（共同24人验证队列）,Kimi-K2.6,思考,3,C03：全文｜不规整｜逐条评分｜不清洗,全文,不规整,不清洗,24,24,1.0,0.7916666666666666,15,0.625,4.083333333333333,3.0,0.13729319852941177,0.13648897058823528,0.42432598039215685,0.4117647058823529,7.083333333333333,7.0,3.9166666666666665,3.0,3.1666666666666665,2.0,0.3983692233692233,0.3666666666666667,0.2916666666666667,0.0,-3.75,0.13729319852941177,4.083333333333333,0.3983692233692233,,,,24,24,24,,,,,,,0.13729319852941177,4.083333333333333,0.3983692233692233,0.0,0.0,0.0,,,,0.3844181499853343,17,,,,,,,0.0,0.0,0.0,,,,,,,,,,C03_题总相关基线,Δ总分MAE<0=总分改善；Δ条目NAE<0=条目改善；Δ校正rho>0=结构关联增强；Δ抵消率>0=抵消增强
HAMD-17,PDCH共同24人验证,探索性（共同24人验证队列）,Kimi-K2.6,思考,4,C04：全文｜不规整｜逐条评分｜清洗,全文,不规整,清洗,24,24,1.0,0.75,12,0.5,4.416666666666667,2.5,0.16861979166666666,0.16176470588235295,0.5090379901960784,0.47058823529411764,8.458333333333334,8.0,4.041666666666667,3.0,4.416666666666667,4.0,0.48738102175602177,0.4807692307692308,0.75,0.0,-1.9583333333333333,0.13729319852941177,4.083333333333333,0.3983692233692233,0.016616691654172913,0.9853406630018324,0.16616691654172913,24,24,24,0.05599341299019606,1.625,0.19005666786916786,0.009685202205882353,-0.709375,-0.01197286220723721,0.16861979166666666,4.416666666666667,0.48738102175602177,0.03132659313725491,0.3333333333333333,0.08901179838679839,0.009495252373813094,0.6271864067966016,0.10844577711144428,0.33876999955839376,17,-0.04670782837184168,17.0,6.0,0.0,0.0,-0.04670782837184168,0.3333333333333333,0.03132659313725491,0.08901179838679839,0.9853406630018324,0.016616691654172913,0.16616691654172913,-0.709375,1.625,0.009685202205882353,0.05599341299019606,-0.01197286220723721,0.19005666786916786,D_无一致改善,Δ总分MAE<0=总分改善；Δ条目NAE<0=条目改善；Δ校正rho>0=结构关联增强；Δ抵消率>0=抵消增强
HAMD-17,PDCH共同24人验证,探索性（共同24人验证队列）,Kimi-K2.6,思考,7,C07：全文｜规整｜逐条评分｜不清洗,全文,规整,不清洗,24,24,1.0,0.5,8,0.3333333333333333,5.458333333333333,5.0,0.19944852941176472,0.18933823529411764,0.617953431372549,0.59375,10.166666666666666,9.5,5.25,5.0,4.916666666666667,4.0,0.49690830683477744,0.4722222222222222,0.25,0.0,-0.4166666666666667,0.13729319852941177,4.083333333333333,0.3983692233692233,0.005830418124271198,0.9853406630018324,0.16616691654172913,24,24,24,0.1094975490196078,3.5,0.22329972859384614,0.02504116881127451,-0.3343749999999999,-0.030782572887352293,0.19944852941176472,5.458333333333333,0.49690830683477744,0.06215533088235294,1.375,0.09853908346555405,0.0024987506246876563,0.19090454772613694,0.1424287856071964,0.2060836177681432,17,-0.1722106638238715,17.0,3.0,0.0,1.0,-0.1722106638238715,1.375,0.06215533088235294,0.09853908346555405,0.9853406630018324,0.005830418124271198,0.16616691654172913,-0.3343749999999999,3.5,0.02504116881127451,0.1094975490196078,-0.030782572887352293,0.22329972859384614,D_无一致改善,Δ总分MAE<0=总分改善；Δ条目NAE<0=条目改善；Δ校正rho>0=结构关联增强；Δ抵消率>0=抵消增强
HAMD-17,PDCH共同24人验证,探索性（共同24人验证队列）,Kimi-K2.6,思考,8,C08：全文｜规整｜逐条评分｜清洗,全文,规整,清洗,24,24,1.0,0.4166666666666667,9,0.375,4.75,4.0,0.20381433823529413,0.203125,0.6242340686274509,0.6066176470588236,10.208333333333334,10.0,4.625,4.0,5.583333333333333,6.0,0.5571077071077072,0.6,0.08333333333333333,0.0,-0.375,0.13729319852941177,4.083333333333333,0.3983692233692233,0.005830418124271198,0.9853406630018324,0.16616691654172913,24,24,24,0.1097311580882352,3.0,0.3284079230954231,0.028796147365196076,-1.2927083333333333,-0.01580408017908015,0.20381433823529413,4.75,0.5571077071077072,0.06652113970588235,0.6666666666666666,0.15873848373848376,0.001999000499750125,0.6071964017991005,0.08995502248875563,0.22709193499967156,17,-0.14967545039936522,17.0,5.0,0.0,0.0,-0.14967545039936522,0.6666666666666666,0.06652113970588235,0.15873848373848376,0.9853406630018324,0.005830418124271198,0.16616691654172913,-1.2927083333333333,3.0,0.028796147365196076,0.1097311580882352,-0.01580408017908015,0.3284079230954231,D_无一致改善,Δ总分MAE<0=总分改善；Δ条目NAE<0=条目改善；Δ校正rho>0=结构关联增强；Δ抵消率>0=抵消增强
HAMD-17,PDCH共同24人验证,探索性（共同24人验证队列）,Kimi-K2.6,思考,11,C11：事件序列｜不规整｜逐条评分｜不清洗,事件序列,不规整,不清洗,24,24,1.0,0.7916666666666666,15,0.625,4.083333333333333,2.0,0.1576669730392157,0.1323529411764706,0.48805147058823534,0.39338235294117646,8.125,6.5,4.041666666666667,2.5,4.083333333333333,4.0,0.4591295278795278,0.5,0.25,0.0,-3.7916666666666665,0.13729319852941177,4.083333333333333,0.3983692233692233,0.030984507746126936,1.0,0.33183408295852074,24,24,24,0.040224800857843065,1.625,0.17562920875420843,0.003714767156862744,-1.3333333333333333,-0.053442801411551416,0.1576669730392157,4.083333333333333,0.4591295278795278,0.020373774509803922,0.0,0.06076030451030453,0.030984507746126936,1.0,0.33183408295852074,0.37947326715592256,17,-0.006065698120511124,17.0,5.0,0.0,1.0,-0.006065698120511124,0.0,0.020373774509803922,0.06076030451030453,1.0,0.030984507746126936,0.33183408295852074,-1.3333333333333333,1.625,0.003714767156862744,0.040224800857843065,-0.053442801411551416,0.17562920875420843,D_无一致改善,Δ总分MAE<0=总分改善；Δ条目NAE<0=条目改善；Δ校正rho>0=结构关联增强；Δ抵消率>0=抵消增强
HAMD-17,PDCH共同24人验证,探索性（共同24人验证队列）,Kimi-K2.6,思考,12,C12：事件序列｜不规整｜逐条评分｜清洗,事件序列,不规整,清洗,24,24,1.0,0.7916666666666666,16,0.6666666666666666,3.8333333333333335,3.0,0.15425857843137256,0.13970588235294118,0.47717524509803927,0.42463235294117646,7.958333333333333,7.0,3.7083333333333335,2.5,4.25,4.0,0.4883565508565509,0.6333333333333333,0.5,0.0,-3.2916666666666665,0.13729319852941177,4.083333333333333,0.3983692233692233,0.030984507746126936,0.9853406630018324,0.16616691654172913,24,24,24,0.03021790747549018,0.5416666666666666,0.199004063066563,0.003138403799019601,-1.0833333333333333,-0.002105174917674918,0.15425857843137256,3.8333333333333335,0.4883565508565509,0.016965379901960783,-0.25,0.0899873274873275,0.02948525737131434,0.6196901549225388,0.10344827586206896,0.3845594599489711,17,0.00039986029773309413,17.0,9.0,0.0,0.0,0.00039986029773309413,-0.25,0.016965379901960783,0.0899873274873275,0.9853406630018324,0.030984507746126936,0.16616691654172913,-1.0833333333333333,0.5416666666666666,0.003138403799019601,0.03021790747549018,-0.002105174917674918,0.199004063066563,D_无一致改善,Δ总分MAE<0=总分改善；Δ条目NAE<0=条目改善；Δ校正rho>0=结构关联增强；Δ抵消率>0=抵消增强
HAMD-17,PDCH共同24人验证,探索性（共同24人验证队列）,Kimi-K2.6,思考,15,C15：事件序列｜规整｜逐条评分｜不清洗,事件序列,规整,不清洗,24,24,1.0,0.75,15,0.625,4.541666666666667,4.0,0.1872702205882353,0.18933823529411764,0.5571384803921569,0.5294117647058824,9.291666666666666,9.0,4.708333333333333,4.0,4.583333333333333,5.0,0.5279724904724904,0.5227272727272727,0.16666666666666666,0.0,0.625,0.13729319852941177,4.083333333333333,0.3983692233692233,0.030984507746126936,0.9853406630018324,0.16616691654172913,24,24,24,0.10129538143382351,3.0,0.27404257779257774,0.010225183823529412,-1.4583333333333333,-0.01847261534761535,0.1872702205882353,4.541666666666667,0.5279724904724904,0.04997702205882353,0.4583333333333333,0.12960326710326708,0.025487256371814093,0.8445777111444278,0.10444777611194403,0.2365520436549375,17,-0.14928088080850438,17.0,3.0,0.0,1.0,-0.14928088080850438,0.4583333333333333,0.04997702205882353,0.12960326710326708,0.9853406630018324,0.030984507746126936,0.16616691654172913,-1.4583333333333333,3.0,0.010225183823529412,0.10129538143382351,-0.01847261534761535,0.27404257779257774,D_无一致改善,Δ总分MAE<0=总分改善；Δ条目NAE<0=条目改善；Δ校正rho>0=结构关联增强；Δ抵消率>0=抵消增强
HAMD-17,PDCH共同24人验证,探索性（共同24人验证队列）,Kimi-K2.6,思考,16,C16：事件序列｜规整｜逐条评分｜清洗,事件序列,规整,清洗,24,24,1.0,0.7916666666666666,13,0.5416666666666666,3.875,4.0,0.1845511642156863,0.18979779411764708,0.5473345588235294,0.5772058823529411,9.166666666666666,9.5,3.8333333333333335,4.0,5.333333333333333,4.0,0.5293192918192918,0.5454545454545454,0.375,0.0,0.6666666666666666,0.13729319852941177,4.083333333333333,0.3983692233692233,0.005830418124271198,0.9853406630018324,0.16616691654172913,24,24,24,0.07356866574754901,1.2083333333333333,0.29143258940133915,0.02428002450980393,-1.5,-0.025233701483701475,0.1845511642156863,3.875,0.5293192918192918,0.0472579656862745,-0.20833333333333334,0.13095006845006843,0.001999000499750125,0.8170914542728636,0.12293853073463268,0.3600733030527569,17,-0.029773667395853336,17.0,7.0,0.0,1.0,-0.029773667395853336,-0.20833333333333334,0.0472579656862745,0.13095006845006843,0.9853406630018324,0.005830418124271198,0.16616691654172913,-1.5,1.2083333333333333,0.02428002450980393,0.07356866574754901,-0.025233701483701475,0.29143258940133915,D_无一致改善,Δ总分MAE<0=总分改善；Δ条目NAE<0=条目改善；Δ校正rho>0=结构关联增强；Δ抵消率>0=抵消增强
HAMD-17,PDCH共同24人验证,探索性（共同24人验证队列）,Qwen3.7-Max,不思考,3,C03：全文｜不规整｜逐条评分｜不清洗,全文,不规整,不清洗,24,24,1.0,0.7083333333333334,3,0.125,3.1666666666666665,3.0,0.1392846200980392,0.1323529411764706,0.4215686274509804,0.4411764705882353,7.0,7.5,3.0,2.5,4.0,4.0,0.49404715654715653,0.5227272727272727,1.7916666666666667,2.0,-0.16666666666666666,0.1392846200980392,3.1666666666666665,0.49404715654715653,,,,24,24,24,,,,,,,0.1392846200980392,3.1666666666666665,0.49404715654715653,0.0,0.0,0.0,,,,0.4704553242623446,17,,,,,,,0.0,0.0,0.0,,,,,,,,,,C03_题总相关基线,Δ总分MAE<0=总分改善；Δ条目NAE<0=条目改善；Δ校正rho>0=结构关联增强；Δ抵消率>0=抵消增强
HAMD-17,PDCH共同24人验证,探索性（共同24人验证队列）,Qwen3.7-Max,不思考,4,C04：全文｜不规整｜逐条评分｜清洗,全文,不规整,清洗,24,24,1.0,0.6666666666666666,1,0.041666666666666664,2.7916666666666665,2.0,0.14981617647058823,0.125,0.453890931372549,0.42463235294117646,7.541666666666667,7.0,3.2916666666666665,3.0,4.25,4.0,0.5045284780578898,0.6333333333333333,2.0416666666666665,2.0,0.5416666666666666,0.1392846200980392,3.1666666666666665,0.49404715654715653,0.36848242545393967,0.7066466766616691,0.7841079460269865,24,24,24,0.025314031862745095,0.625,0.08387568790142318,-0.0013422947303921562,-1.3333333333333333,-0.05968055637173284,0.14981617647058823,2.7916666666666665,0.5045284780578898,0.010531556372549019,-0.375,0.01048132151073327,0.15792103948025987,0.5047476261869065,0.7841079460269865,0.45833673128449903,17,-0.010508506784557123,17.0,6.0,0.0,0.0,-0.010508506784557123,-0.375,0.010531556372549019,0.01048132151073327,0.7066466766616691,0.36848242545393967,0.7841079460269865,-1.3333333333333333,0.625,-0.0013422947303921562,0.025314031862745095,-0.05968055637173284,0.08387568790142318,D_无一致改善,Δ总分MAE<0=总分改善；Δ条目NAE<0=条目改善；Δ校正rho>0=结构关联增强；Δ抵消率>0=抵消增强
HAMD-17,PDCH共同24人验证,探索性（共同24人验证队列）,Qwen3.7-Max,不思考,7,C07：全文｜规整｜逐条评分｜不清洗,全文,规整,不清洗,24,24,1.0,0.5416666666666666,3,0.125,4.625,2.5,0.18520220588235292,0.17647058823529413,0.5733762254901961,0.5294117647058824,9.416666666666666,9.0,4.25,2.5,5.166666666666667,4.0,0.5352374477374477,0.5584415584415584,2.0833333333333335,2.0,2.5,0.1392846200980392,3.1666666666666665,0.49404715654715653,0.0069965017491254375,0.7066466766616691,0.7841079460269865,24,24,24,0.07410577512254901,3.4583333333333335,0.16225194943944937,0.0217495787377451,-0.4177083333333333,-0.09094546657046655,0.18520220588235292,4.625,0.5352374477374477,0.04591758578431373,1.4583333333333333,0.04119029119029118,0.001999000499750125,0.16041979010494753,0.5552223888055972,0.42252459182082835,17,-0.057369640832318165,17.0,5.0,1.0,0.0,-0.057369640832318165,1.4583333333333333,0.04591758578431373,0.04119029119029118,0.7066466766616691,0.0069965017491254375,0.7841079460269865,-0.4177083333333333,3.4583333333333335,0.0217495787377451,0.07410577512254901,-0.09094546657046655,0.16225194943944937,D_无一致改善,Δ总分MAE<0=总分改善；Δ条目NAE<0=条目改善；Δ校正rho>0=结构关联增强；Δ抵消率>0=抵消增强
HAMD-17,PDCH共同24人验证,探索性（共同24人验证队列）,Qwen3.7-Max,不思考,8,C08：全文｜规整｜逐条评分｜清洗,全文,规整,清洗,24,24,1.0,0.5833333333333334,0,0.0,4.833333333333333,3.0,0.20128676470588236,0.19715073529411764,0.6197916666666666,0.6066176470588236,10.208333333333334,10.0,5.125,4.0,5.083333333333333,4.0,0.5377352494999554,0.6076923076923078,2.25,2.0,3.2083333333333335,0.1392846200980392,3.1666666666666665,0.49404715654715653,0.0069965017491254375,0.7066466766616691,0.7841079460269865,24,24,24,0.11259478400735293,4.708333333333333,0.19853507943581467,0.02212775735294118,-0.7916666666666666,-0.09466394512350394,0.20128676470588236,4.833333333333333,0.5377352494999554,0.06200214460784314,1.6666666666666667,0.04368809295279885,0.001999000499750125,0.30334832583708143,0.5862068965517241,0.3403073863069712,17,-0.1336407559458055,17.0,2.0,0.0,0.0,-0.1336407559458055,1.6666666666666667,0.06200214460784314,0.04368809295279885,0.7066466766616691,0.0069965017491254375,0.7841079460269865,-0.7916666666666666,4.708333333333333,0.02212775735294118,0.11259478400735293,-0.09466394512350394,0.19853507943581467,D_无一致改善,Δ总分MAE<0=总分改善；Δ条目NAE<0=条目改善；Δ校正rho>0=结构关联增强；Δ抵消率>0=抵消增强
HAMD-17,PDCH共同24人验证,探索性（共同24人验证队列）,Qwen3.7-Max,不思考,11,C11：事件序列｜不规整｜逐条评分｜不清洗,事件序列,不规整,不清洗,24,24,1.0,0.7083333333333334,4,0.16666666666666666,2.75,3.0,0.13683363970588236,0.12913602941176472,0.424172794117647,0.4540441176470588,7.041666666666667,7.5,2.9583333333333335,2.0,4.083333333333333,4.0,0.5114087301587301,0.6666666666666666,1.4166666666666667,1.0,-0.5416666666666666,0.1392846200980392,3.1666666666666665,0.49404715654715653,0.6111944027986007,0.7066466766616691,0.7841079460269865,24,24,24,0.005553002450980393,0.2916666666666667,0.10690243205868188,-0.010038488051470586,-1.1666666666666667,-0.07095401126651127,0.13683363970588236,2.75,0.5114087301587301,-0.0024509803921568614,-0.4166666666666667,0.01736157361157361,0.6111944027986007,0.34332833583208394,0.7306346826586707,0.4716759912328082,17,0.0012206669704636292,17.0,6.0,0.0,0.0,0.0012206669704636292,-0.4166666666666667,-0.0024509803921568614,0.01736157361157361,0.7066466766616691,0.6111944027986007,0.7841079460269865,-1.1666666666666667,0.2916666666666667,-0.010038488051470586,0.005553002450980393,-0.07095401126651127,0.10690243205868188,D_无一致改善,Δ总分MAE<0=总分改善；Δ条目NAE<0=条目改善；Δ校正rho>0=结构关联增强；Δ抵消率>0=抵消增强
HAMD-17,PDCH共同24人验证,探索性（共同24人验证队列）,Qwen3.7-Max,不思考,12,C12：事件序列｜不规整｜逐条评分｜清洗,事件序列,不规整,清洗,24,24,1.0,0.7083333333333334,3,0.125,2.75,2.0,0.14299938725490197,0.13648897058823528,0.44883578431372545,0.4852941176470588,7.458333333333333,8.0,2.625,2.0,4.833333333333333,4.0,0.5779010341510341,0.6904761904761905,1.4166666666666667,1.0,-0.375,0.1392846200980392,3.1666666666666665,0.49404715654715653,0.5865400633016825,0.7066466766616691,0.7841079460269865,24,24,24,0.014323874080882346,0.4583333333333333,0.20052497849372827,-0.006395526960784312,-1.3333333333333333,-0.028243885743885744,0.14299938725490197,2.75,0.5779010341510341,0.0037147671568627458,-0.4166666666666667,0.08385387760387762,0.4827586206896552,0.4567716141929036,0.1744127936031984,0.4520447685334732,17,-0.018410555728871365,17.0,7.0,0.0,1.0,-0.018410555728871365,-0.4166666666666667,0.0037147671568627458,0.08385387760387762,0.7066466766616691,0.5865400633016825,0.7841079460269865,-1.3333333333333333,0.4583333333333333,-0.006395526960784312,0.014323874080882346,-0.028243885743885744,0.20052497849372827,D_无一致改善,Δ总分MAE<0=总分改善；Δ条目NAE<0=条目改善；Δ校正rho>0=结构关联增强；Δ抵消率>0=抵消增强
HAMD-17,PDCH共同24人验证,探索性（共同24人验证队列）,Qwen3.7-Max,不思考,15,C15：事件序列｜规整｜逐条评分｜不清洗,事件序列,规整,不清洗,24,24,1.0,0.8333333333333334,2,0.08333333333333333,3.0,2.0,0.14495251225490194,0.14705882352941177,0.4502144607843137,0.4540441176470588,7.541666666666667,7.5,3.2916666666666665,2.5,4.25,4.0,0.528402615902616,0.6666666666666666,1.75,1.5,0.875,0.1392846200980392,3.1666666666666665,0.49404715654715653,0.5865400633016825,0.8740629685157421,0.7841079460269865,24,24,24,0.02164043351715685,1.2083333333333333,0.18277460964960968,-0.01038124234068627,-1.5843749999999999,-0.11407993626743627,0.14495251225490194,3.0,0.528402615902616,0.005667892156862748,-0.16666666666666666,0.034355459355459354,0.5027486256871564,0.8740629685157422,0.672663668165917,0.4037592876516831,17,-0.06744048737079465,17.0,5.0,0.0,2.0,-0.06744048737079465,-0.16666666666666666,0.005667892156862748,0.034355459355459354,0.8740629685157421,0.5865400633016825,0.7841079460269865,-1.5843749999999999,1.2083333333333333,-0.01038124234068627,0.02164043351715685,-0.11407993626743627,0.18277460964960968,D_无一致改善,Δ总分MAE<0=总分改善；Δ条目NAE<0=条目改善；Δ校正rho>0=结构关联增强；Δ抵消率>0=抵消增强
HAMD-17,PDCH共同24人验证,探索性（共同24人验证队列）,Qwen3.7-Max,不思考,16,C16：事件序列｜规整｜逐条评分｜清洗,事件序列,规整,清洗,24,24,1.0,0.8333333333333334,1,0.041666666666666664,2.8333333333333335,2.0,0.1442248774509804,0.1323529411764706,0.44745710784313725,0.4117647058823529,7.5,7.0,3.0833333333333335,2.5,4.416666666666667,4.0,0.5447089947089947,0.6,1.9583333333333333,2.0,1.0,0.1392846200980392,3.1666666666666665,0.49404715654715653,0.5865400633016825,0.7276361819090454,0.7841079460269865,24,24,24,0.01711952359068627,0.8343749999999943,0.18367169867169858,-0.007929304534313722,-1.4593749999999999,-0.08666995041995043,0.1442248774509804,2.8333333333333335,0.5447089947089947,0.004940257352941178,-0.3333333333333333,0.05066183816183815,0.47426286856571714,0.623688155922039,0.519240379810095,0.4213498155841783,17,-0.04984995943829955,17.0,8.0,0.0,2.0,-0.04984995943829955,-0.3333333333333333,0.004940257352941178,0.05066183816183815,0.7276361819090454,0.5865400633016825,0.7841079460269865,-1.4593749999999999,0.8343749999999943,-0.007929304534313722,0.01711952359068627,-0.08666995041995043,0.18367169867169858,D_无一致改善,Δ总分MAE<0=总分改善；Δ条目NAE<0=条目改善；Δ校正rho>0=结构关联增强；Δ抵消率>0=抵消增强
HAMD-17,PDCH共同24人验证,探索性（共同24人验证队列）,Qwen3.7-Max,思考,3,C03：全文｜不规整｜逐条评分｜不清洗,全文,不规整,不清洗,24,24,1.0,0.75,14,0.5833333333333334,3.3333333333333335,2.5,0.14445465686274508,0.1323529411764706,0.44286151960784315,0.47058823529411764,7.375,8.0,3.2083333333333335,2.5,4.166666666666667,4.0,0.5431184556184556,0.5833333333333333,0.25,0.0,-1.5416666666666667,0.14445465686274508,3.3333333333333335,0.5431184556184556,,,,24,24,24,,,,,,,0.14445465686274508,3.3333333333333335,0.5431184556184556,0.0,0.0,0.0,,,,0.44837476183551145,17,,,,,,,0.0,0.0,0.0,,,,,,,,,,C03_题总相关基线,Δ总分MAE<0=总分改善；Δ条目NAE<0=条目改善；Δ校正rho>0=结构关联增强；Δ抵消率>0=抵消增强
HAMD-17,PDCH共同24人验证,探索性（共同24人验证队列）,Qwen3.7-Max,思考,4,C04：全文｜不规整｜逐条评分｜清洗,全文,不规整,清洗,24,24,1.0,0.7083333333333334,13,0.5416666666666666,3.4166666666666665,3.0,0.14514399509803919,0.1438419117647059,0.45235906862745096,0.47058823529411764,7.5,8.0,3.0833333333333335,2.5,4.416666666666667,6.0,0.557296176046176,0.5727272727272728,0.25,0.0,-1.9166666666666667,0.14445465686274508,3.3333333333333335,0.5431184556184556,0.9185407296351824,0.8860569715142429,0.7956021989005497,24,24,24,0.015318627450980388,0.6666666666666666,0.13057412494912493,-0.013601026348039218,-0.4583333333333333,-0.09327199999075,0.14514399509803919,3.4166666666666665,0.557296176046176,0.0006893382352941164,0.08333333333333333,0.014177720427720432,0.9185407296351824,0.8775612193903048,0.7956021989005497,0.4150739622097227,17,-0.03212655411917543,17.0,6.0,1.0,0.0,-0.03212655411917543,0.08333333333333333,0.0006893382352941164,0.014177720427720432,0.8860569715142429,0.9185407296351824,0.7956021989005497,-0.4583333333333333,0.6666666666666666,-0.013601026348039218,0.015318627450980388,-0.09327199999075,0.13057412494912493,D_无一致改善,Δ总分MAE<0=总分改善；Δ条目NAE<0=条目改善；Δ校正rho>0=结构关联增强；Δ抵消率>0=抵消增强
HAMD-17,PDCH共同24人验证,探索性（共同24人验证队列）,Qwen3.7-Max,思考,7,C07：全文｜规整｜逐条评分｜不清洗,全文,规整,不清洗,24,24,1.0,0.625,13,0.5416666666666666,2.9166666666666665,3.0,0.18183210784313728,0.17417279411764708,0.5580575980392157,0.5294117647058824,9.208333333333334,9.0,2.9583333333333335,2.5,6.25,5.0,0.6284213471713471,0.6666666666666666,0.16666666666666666,0.0,1.2083333333333333,0.14445465686274508,3.3333333333333335,0.5431184556184556,0.041979010494752625,0.8860569715142429,0.6314342828585707,24,24,24,0.0646522671568627,0.9583333333333334,0.2790261243386242,0.012318091299019611,-1.8333333333333333,-0.10692959239834239,0.18183210784313728,2.9166666666666665,0.6284213471713471,0.037377450980392156,-0.4166666666666667,0.08530289155289156,0.01199400299850075,0.6086956521739131,0.39030484757621187,0.37974814484855085,17,-0.07696142322169633,17.0,4.0,0.0,1.0,-0.07696142322169633,-0.4166666666666667,0.037377450980392156,0.08530289155289156,0.8860569715142429,0.041979010494752625,0.6314342828585707,-1.8333333333333333,0.9583333333333334,0.012318091299019611,0.0646522671568627,-0.10692959239834239,0.2790261243386242,D_无一致改善,Δ总分MAE<0=总分改善；Δ条目NAE<0=条目改善；Δ校正rho>0=结构关联增强；Δ抵消率>0=抵消增强
HAMD-17,PDCH共同24人验证,探索性（共同24人验证队列）,Qwen3.7-Max,思考,8,C08：全文｜规整｜逐条评分｜清洗,全文,规整,清洗,24,24,1.0,0.625,13,0.5416666666666666,3.6666666666666665,2.0,0.19355085784313722,0.18198529411764708,0.5943627450980392,0.5588235294117647,9.791666666666666,9.5,3.7083333333333335,2.0,6.083333333333333,6.0,0.6252007252007251,0.6904761904761905,0.25,0.0,0.7916666666666666,0.14445465686274508,3.3333333333333335,0.5431184556184556,0.041979010494752625,0.8860569715142429,0.6314342828585707,24,24,24,0.09696786917892157,2.7093749999999943,0.23273153351278353,0.01244064031862745,-1.3333333333333333,-0.061550070300070286,0.19355085784313722,3.6666666666666665,0.6252007252007251,0.049096200980392156,0.3333333333333333,0.08208226958226958,0.00849575212393803,0.8860569715142429,0.3473263368315842,0.32564458674181423,17,-0.12790236277758252,17.0,4.0,0.0,0.0,-0.12790236277758252,0.3333333333333333,0.049096200980392156,0.08208226958226958,0.8860569715142429,0.041979010494752625,0.6314342828585707,-1.3333333333333333,2.7093749999999943,0.01244064031862745,0.09696786917892157,-0.061550070300070286,0.23273153351278353,D_无一致改善,Δ总分MAE<0=总分改善；Δ条目NAE<0=条目改善；Δ校正rho>0=结构关联增强；Δ抵消率>0=抵消增强
HAMD-17,PDCH共同24人验证,探索性（共同24人验证队列）,Qwen3.7-Max,思考,11,C11：事件序列｜不规整｜逐条评分｜不清洗,事件序列,不规整,不清洗,24,24,1.0,0.75,15,0.625,3.625,3.0,0.134765625,0.1323529411764706,0.4237132352941176,0.4540441176470588,7.041666666666667,7.5,3.4583333333333335,2.5,3.5833333333333335,4.0,0.4675745550745551,0.5,0.20833333333333334,0.0,-1.875,0.14445465686274508,3.3333333333333335,0.5431184556184556,0.5408295852073963,0.8860569715142429,0.6314342828585707,24,24,24,0.005055147058823528,1.2083333333333333,0.06294981638731635,-0.024624693627450973,-0.7916666666666666,-0.19212121212121214,0.134765625,3.625,0.4675745550745551,-0.009689031862745098,0.2916666666666667,-0.07554390054390055,0.23788105947026486,0.6301849075462269,0.2798600699650175,0.4132665208826718,17,-0.035108240952839646,17.0,7.0,0.0,0.0,-0.035108240952839646,0.2916666666666667,-0.009689031862745098,-0.07554390054390055,0.8860569715142429,0.5408295852073963,0.6314342828585707,-0.7916666666666666,1.2083333333333333,-0.024624693627450973,0.005055147058823528,-0.19212121212121214,0.06294981638731635,D_无一致改善,Δ总分MAE<0=总分改善；Δ条目NAE<0=条目改善；Δ校正rho>0=结构关联增强；Δ抵消率>0=抵消增强
HAMD-17,PDCH共同24人验证,探索性（共同24人验证队列）,Qwen3.7-Max,思考,12,C12：事件序列｜不规整｜逐条评分｜清洗,事件序列,不规整,清洗,24,24,1.0,0.75,17,0.7083333333333334,2.5416666666666665,2.5,0.15077359068627452,0.16681985294117646,0.4578737745098039,0.5,7.625,8.5,2.5416666666666665,2.5,5.083333333333333,6.0,0.6202463046213046,0.6666666666666666,0.041666666666666664,0.0,-0.875,0.14445465686274508,3.3333333333333335,0.5431184556184556,0.5408295852073963,0.6436781609195402,0.6314342828585707,24,24,24,0.01934551164215683,0.0,0.20909019510582005,-0.007162415747549018,-1.625,-0.055285631613756624,0.15077359068627452,2.5416666666666665,0.6202463046213046,0.006318933823529413,-0.7916666666666666,0.07712784900284901,0.38630684657671166,0.09195402298850575,0.2683658170914543,0.47262066497652655,17,0.0242459031410151,17.0,9.0,1.0,0.0,0.0242459031410151,-0.7916666666666666,0.006318933823529413,0.07712784900284901,0.6436781609195402,0.5408295852073963,0.6314342828585707,-1.625,0.0,-0.007162415747549018,0.01934551164215683,-0.055285631613756624,0.20909019510582005,D_无一致改善,Δ总分MAE<0=总分改善；Δ条目NAE<0=条目改善；Δ校正rho>0=结构关联增强；Δ抵消率>0=抵消增强
HAMD-17,PDCH共同24人验证,探索性（共同24人验证队列）,Qwen3.7-Max,思考,15,C15：事件序列｜规整｜逐条评分｜不清洗,事件序列,规整,不清洗,24,24,1.0,0.8333333333333334,15,0.625,3.125,3.0,0.15418198529411764,0.14705882352941177,0.48498774509803927,0.47058823529411764,8.125,8.0,3.125,2.0,5.0,4.0,0.5945579883079883,0.641025641025641,0.375,0.0,0.9583333333333334,0.14445465686274508,3.3333333333333335,0.5431184556184556,0.5408295852073963,0.8860569715142429,0.6314342828585707,24,24,24,0.032591337316176465,1.0416666666666667,0.2059228502978503,-0.011607689950980394,-1.5,-0.1128624037999038,0.15418198529411764,3.125,0.5945579883079883,0.00972732843137255,-0.20833333333333334,0.0514395326895327,0.37681159420289856,0.8060969515242379,0.5412293853073463,0.3818692920844006,17,-0.06443999375944985,17.0,5.0,0.0,0.0,-0.06443999375944985,-0.20833333333333334,0.00972732843137255,0.0514395326895327,0.8860569715142429,0.5408295852073963,0.6314342828585707,-1.5,1.0416666666666667,-0.011607689950980394,0.032591337316176465,-0.1128624037999038,0.2059228502978503,D_无一致改善,Δ总分MAE<0=总分改善；Δ条目NAE<0=条目改善；Δ校正rho>0=结构关联增强；Δ抵消率>0=抵消增强
HAMD-17,PDCH共同24人验证,探索性（共同24人验证队列）,Qwen3.7-Max,思考,16,C16：事件序列｜规整｜逐条评分｜清洗,事件序列,规整,清洗,24,24,1.0,0.8333333333333334,15,0.625,2.875,2.0,0.14793964460784315,0.15441176470588236,0.4600183823529412,0.47058823529411764,7.708333333333333,8.0,3.0416666666666665,2.0,4.666666666666667,4.0,0.6004238816738817,0.6666666666666666,0.375,0.0,1.2083333333333333,0.14445465686274508,3.3333333333333335,0.5431184556184556,0.9185407296351824,0.8860569715142429,0.6314342828585707,24,24,24,0.027844477634803907,0.7916666666666666,0.21961099086099078,-0.019570503982843133,-1.6666666666666667,-0.10647952163577165,0.14793964460784315,2.875,0.6004238816738817,0.0034849877450980394,-0.4583333333333333,0.057305426055426045,0.7906046976511744,0.5317341329335332,0.5017491254372813,0.39946206464716005,17,-0.046847221196690374,17.0,5.0,0.0,0.0,-0.046847221196690374,-0.4583333333333333,0.0034849877450980394,0.057305426055426045,0.8860569715142429,0.9185407296351824,0.6314342828585707,-1.6666666666666667,0.7916666666666666,-0.019570503982843133,0.027844477634803907,-0.10647952163577165,0.21961099086099078,D_无一致改善,Δ总分MAE<0=总分改善；Δ条目NAE<0=条目改善；Δ校正rho>0=结构关联增强；Δ抵消率>0=抵消增强
HAMD-17,PDCH标签99人,正式,GLM-5.2,思考,3,C03：全文｜不规整｜逐条评分｜不清洗,全文,不规整,不清洗,99,99,1.0,0.6868686868686869,49,0.494949494949495,3.7474747474747474,4.0,0.15366904337492573,0.15625,0.46609477124183,0.47058823529411764,7.717171717171717,8.0,3.6161616161616164,3.0,4.101010101010101,4.0,0.5317435090162362,0.5,0.3434343434343434,0.0,-1.0707070707070707,0.15366904337492573,3.7474747474747474,0.5317435090162362,,,,99,99,99,,,,,,,0.15366904337492573,3.7474747474747474,0.5317435090162362,0.0,0.0,0.0,,,,0.37984789292856647,17,,,,,,,0.0,0.0,0.0,,,,,,,,,,C03_题总相关基线,Δ总分MAE<0=总分改善；Δ条目NAE<0=条目改善；Δ校正rho>0=结构关联增强；Δ抵消率>0=抵消增强
HAMD-17,PDCH标签99人,正式,GLM-5.2,思考,4,C04：全文｜不规整｜逐条评分｜清洗,全文,不规整,清洗,99,99,1.0,0.696969696969697,47,0.47474747474747475,4.05050505050505,3.0,0.15924873737373735,0.14705882352941177,0.47593582887700536,0.47058823529411764,7.878787878787879,8.0,3.898989898989899,3.0,3.9797979797979797,4.0,0.524497051769779,0.5714285714285714,0.5050505050505051,0.0,0.12121212121212122,0.15366904337492573,3.7474747474747474,0.5317435090162362,0.34632683658170915,0.6710811261036148,0.9346160253206731,99,99,99,0.016369578134284007,0.9494949494949495,0.051022737083343137,-0.0050414531342840175,-0.2828282828282828,-0.0663889337374186,0.15924873737373735,4.05050505050505,0.524497051769779,0.0055796939988116455,0.30303030303030304,-0.0072464572464572465,0.3328335832083958,0.4002998500749625,0.8010994502748626,0.3353624860581936,17,-0.04535513918157664,17.0,4.0,0.0,0.0,-0.04535513918157664,0.30303030303030304,0.0055796939988116455,-0.0072464572464572465,0.6710811261036148,0.34632683658170915,0.9346160253206731,-0.2828282828282828,0.9494949494949495,-0.0050414531342840175,0.016369578134284007,-0.0663889337374186,0.051022737083343137,D_无一致改善,Δ总分MAE<0=总分改善；Δ条目NAE<0=条目改善；Δ校正rho>0=结构关联增强；Δ抵消率>0=抵消增强
HAMD-17,PDCH标签99人,正式,GLM-5.2,思考,7,C07：全文｜规整｜逐条评分｜不清洗,全文,规整,不清洗,99,99,1.0,0.7070707070707071,51,0.5151515151515151,3.9696969696969697,3.0,0.17051024955436722,0.16176470588235295,0.5096553773024362,0.5294117647058824,8.454545454545455,9.0,4.01010101010101,3.0,4.444444444444445,4.0,0.533494087281966,0.5,0.35353535353535354,0.0,1.3434343434343434,0.15366904337492573,3.7474747474747474,0.5317435090162362,0.010494752623688156,0.6710811261036148,0.9615192403798101,99,99,99,0.027834410279263217,0.898989898989899,0.07406989194867981,0.005374749331550802,-0.45454545454545453,-0.07412799882496852,0.17051024955436722,3.9696969696969697,0.533494087281966,0.016841206179441476,0.2222222222222222,0.0017505782657297787,0.0029985007496251873,0.5752123938030984,0.9615192403798101,0.37342611471919335,17,-0.00673958682532584,17.0,6.0,0.0,0.0,-0.00673958682532584,0.2222222222222222,0.016841206179441476,0.0017505782657297787,0.6710811261036148,0.010494752623688156,0.9615192403798101,-0.45454545454545453,0.898989898989899,0.005374749331550802,0.027834410279263217,-0.07412799882496852,0.07406989194867981,D_无一致改善,Δ总分MAE<0=总分改善；Δ条目NAE<0=条目改善；Δ校正rho>0=结构关联增强；Δ抵消率>0=抵消增强
HAMD-17,PDCH标签99人,正式,GLM-5.2,思考,8,C08：全文｜规整｜逐条评分｜清洗,全文,规整,清洗,99,99,1.0,0.7070707070707071,46,0.46464646464646464,4.282828282828283,4.0,0.17673054070112898,0.171875,0.5262180629827687,0.5294117647058824,8.717171717171718,9.0,4.151515151515151,3.0,4.565656565656566,4.0,0.5432647879617576,0.5,0.696969696969697,0.0,1.5656565656565657,0.15366904337492573,3.7474747474747474,0.5317435090162362,0.0034982508745627187,0.6710811261036148,0.9346160253206731,99,99,99,0.03521891711229944,1.3131313131313131,0.07638587632905815,0.011010147430184193,-0.25277777777777777,-0.05805812523615553,0.17673054070112898,4.282828282828283,0.5432647879617576,0.02306149732620321,0.5353535353535354,0.011521278945521372,0.0004997501249375312,0.1889055472263868,0.7511244377811095,0.35410710658895167,17,-0.028739029082697955,17.0,6.0,0.0,0.0,-0.028739029082697955,0.5353535353535354,0.02306149732620321,0.011521278945521372,0.6710811261036148,0.0034982508745627187,0.9346160253206731,-0.25277777777777777,1.3131313131313131,0.011010147430184193,0.03521891711229944,-0.05805812523615553,0.07638587632905815,D_无一致改善,Δ总分MAE<0=总分改善；Δ条目NAE<0=条目改善；Δ校正rho>0=结构关联增强；Δ抵消率>0=抵消增强
HAMD-17,PDCH标签99人,正式,GLM-5.2,思考,11,C11：事件序列｜不规整｜逐条评分｜不清洗,事件序列,不规整,不清洗,99,99,1.0,0.7070707070707071,54,0.5454545454545454,3.595959595959596,3.0,0.1578097147950089,0.15625,0.4749702911467617,0.47058823529411764,7.8686868686868685,8.0,3.4444444444444446,3.0,4.424242424242424,4.0,0.5569059447847328,0.5714285714285714,0.24242424242424243,0.0,-0.6565656565656566,0.15366904337492573,3.7474747474747474,0.5317435090162362,0.34632683658170915,0.6710811261036148,0.8492003998001,99,99,99,0.012914531342840159,0.30303030303030304,0.08484327120690756,-0.004624136586452765,-0.5959595959595959,-0.03092763857915373,0.1578097147950089,3.595959595959596,0.5569059447847328,0.004140671420083182,-0.15151515151515152,0.025162435768496368,0.34632683658170915,0.559720139930035,0.39980009995002497,0.3585657005184802,17,-0.022791013127383717,17.0,4.0,0.0,0.0,-0.022791013127383717,-0.15151515151515152,0.004140671420083182,0.025162435768496368,0.6710811261036148,0.34632683658170915,0.8492003998001,-0.5959595959595959,0.30303030303030304,-0.004624136586452765,0.012914531342840159,-0.03092763857915373,0.08484327120690756,D_无一致改善,Δ总分MAE<0=总分改善；Δ条目NAE<0=条目改善；Δ校正rho>0=结构关联增强；Δ抵消率>0=抵消增强
HAMD-17,PDCH标签99人,正式,GLM-5.2,思考,12,C12：事件序列｜不规整｜逐条评分｜清洗,事件序列,不规整,清洗,99,99,1.0,0.7171717171717171,43,0.43434343434343436,3.9696969696969697,3.0,0.1597036541889483,0.140625,0.4789067142008318,0.4375,7.9393939393939394,7.0,3.8181818181818183,3.0,4.121212121212121,4.0,0.5544962332841119,0.5714285714285714,0.45454545454545453,0.0,0.1414141414141414,0.15366904337492573,3.7474747474747474,0.5317435090162362,0.34632683658170915,0.6710811261036148,0.8492003998001,99,99,99,0.017110906862745096,0.8386363636363622,0.08743522470795187,-0.005172357768865123,-0.3838383838383838,-0.03684807476474144,0.1597036541889483,3.9696969696969697,0.5544962332841119,0.006034610814022576,0.2222222222222222,0.022752724267875783,0.2993503248375812,0.526736631684158,0.4852573713143428,0.31227724912541865,17,-0.06585233957281765,17.0,4.0,0.0,0.0,-0.06585233957281765,0.2222222222222222,0.006034610814022576,0.022752724267875783,0.6710811261036148,0.34632683658170915,0.8492003998001,-0.3838383838383838,0.8386363636363622,-0.005172357768865123,0.017110906862745096,-0.03684807476474144,0.08743522470795187,D_无一致改善,Δ总分MAE<0=总分改善；Δ条目NAE<0=条目改善；Δ校正rho>0=结构关联增强；Δ抵消率>0=抵消增强
HAMD-17,PDCH标签99人,正式,GLM-5.2,思考,15,C15：事件序列｜规整｜逐条评分｜不清洗,事件序列,规整,不清洗,99,99,1.0,0.7373737373737373,52,0.5252525252525253,3.7474747474747474,3.0,0.15911876114081996,0.15625,0.48139483065953653,0.47058823529411764,8.0,8.0,3.878787878787879,3.0,4.121212121212121,4.0,0.5024094592276409,0.5,0.42424242424242425,0.0,1.0101010101010102,0.15366904337492573,3.7474747474747474,0.5317435090162362,0.34632683658170915,1.0,0.8492003998001,99,99,99,0.01592301693404634,0.6366161616161602,0.04485813008540282,-0.004874340834818779,-0.5861111111111111,-0.1007909682909683,0.15911876114081996,3.7474747474747474,0.5024094592276409,0.005449717765894234,0.0,-0.029334049788595246,0.3098450774612694,1.0,0.42628685657171417,0.36141801112918326,17,-0.015903498223761775,17.0,9.0,0.0,0.0,-0.015903498223761775,0.0,0.005449717765894234,-0.029334049788595246,1.0,0.34632683658170915,0.8492003998001,-0.5861111111111111,0.6366161616161602,-0.004874340834818779,0.01592301693404634,-0.1007909682909683,0.04485813008540282,D_无一致改善,Δ总分MAE<0=总分改善；Δ条目NAE<0=条目改善；Δ校正rho>0=结构关联增强；Δ抵消率>0=抵消增强
HAMD-17,PDCH标签99人,正式,GLM-5.2,思考,16,C16：事件序列｜规整｜逐条评分｜清洗,事件序列,规整,清洗,99,99,1.0,0.7171717171717171,51,0.5151515151515151,3.9797979797979797,3.0,0.16528334818776,0.14705882352941177,0.49881164587046933,0.47058823529411764,8.272727272727273,8.0,4.151515151515151,3.0,4.121212121212121,4.0,0.4974802974802975,0.5,0.36363636363636365,0.0,1.4242424242424243,0.15366904337492573,3.7474747474747474,0.5317435090162362,0.14109611860736299,0.6710811261036148,0.8492003998001,99,99,99,0.02425565396613187,0.8888888888888888,0.031111395618971315,-0.0005948733660130726,-0.4345959595959596,-0.10855489207761934,0.16528334818776,3.9797979797979797,0.4974802974802975,0.011614304812834226,0.23232323232323232,-0.03426321153593881,0.06046976511744128,0.5147426286856571,0.34382808595702147,0.34545976092751224,17,-0.03243317459042007,17.0,7.0,0.0,0.0,-0.03243317459042007,0.23232323232323232,0.011614304812834226,-0.03426321153593881,0.6710811261036148,0.14109611860736299,0.8492003998001,-0.4345959595959596,0.8888888888888888,-0.0005948733660130726,0.02425565396613187,-0.10855489207761934,0.031111395618971315,D_无一致改善,Δ总分MAE<0=总分改善；Δ条目NAE<0=条目改善；Δ校正rho>0=结构关联增强；Δ抵消率>0=抵消增强
HAMD-17,PDCH标签99人,正式,Kimi-K2.6,不思考,3,C03：全文｜不规整｜逐条评分｜不清洗,全文,不规整,不清洗,99,99,1.0,0.47474747474747475,10,0.10101010101010101,4.656565656565657,3.0,0.18609811348781932,0.17647058823529413,0.5532902554961379,0.5625,9.05050505050505,9.0,4.262626262626263,3.0,4.787878787878788,4.0,0.5412223061153542,0.6,1.1515151515151516,1.0,1.9393939393939394,0.18609811348781932,4.656565656565657,0.5412223061153542,,,,99,99,99,,,,,,,0.18609811348781932,4.656565656565657,0.5412223061153542,0.0,0.0,0.0,,,,0.3523554167447668,17,,,,,,,0.0,0.0,0.0,,,,,,,,,,C03_题总相关基线,Δ总分MAE<0=总分改善；Δ条目NAE<0=条目改善；Δ校正rho>0=结构关联增强；Δ抵消率>0=抵消增强
HAMD-17,PDCH标签99人,正式,Kimi-K2.6,不思考,4,C04：全文｜不规整｜逐条评分｜清洗,全文,不规整,清洗,99,99,1.0,0.48484848484848486,18,0.18181818181818182,4.7272727272727275,3.0,0.19767528223410574,0.1875,0.5833333333333333,0.5625,9.545454545454545,9.0,4.555555555555555,3.0,4.98989898989899,4.0,0.5628705974160518,0.6666666666666666,0.8888888888888888,1.0,2.6565656565656566,0.18609811348781932,4.656565656565657,0.5412223061153542,0.0895552223888056,0.8775612193903048,0.5891054472763618,99,99,99,0.02495241941473556,0.8588383838383824,0.07468228217448358,0.00019403594771241848,-0.5858585858585859,-0.0281381231002443,0.19767528223410574,4.7272727272727275,0.5628705974160518,0.011577168746286393,0.0707070707070707,0.02164829130069772,0.063968015992004,0.8775612193903048,0.4207896051974013,0.30927084675769395,17,-0.04505101185230298,17.0,2.0,0.0,0.0,-0.04505101185230298,0.0707070707070707,0.011577168746286393,0.02164829130069772,0.8775612193903048,0.0895552223888056,0.5891054472763618,-0.5858585858585859,0.8588383838383824,0.00019403594771241848,0.02495241941473556,-0.0281381231002443,0.07468228217448358,D_无一致改善,Δ总分MAE<0=总分改善；Δ条目NAE<0=条目改善；Δ校正rho>0=结构关联增强；Δ抵消率>0=抵消增强
HAMD-17,PDCH标签99人,正式,Kimi-K2.6,不思考,7,C07：全文｜规整｜逐条评分｜不清洗,全文,规整,不清洗,99,99,1.0,0.4444444444444444,14,0.1414141414141414,6.707070707070707,5.0,0.23567476232917406,0.21875,0.7067736185383244,0.6470588235294118,11.545454545454545,11.0,6.494949494949495,6.0,5.05050505050505,4.0,0.46570802960096347,0.4444444444444444,1.4545454545454546,1.0,5.363636363636363,0.18609811348781932,4.656565656565657,0.5412223061153542,0.0008745627186406797,0.0017491254372813594,0.05363984674329502,99,99,99,0.06982717803030301,3.3436868686868673,-0.014434444827114154,0.031212631833036242,0.8987373737373737,-0.13766773383807976,0.23567476232917406,6.707070707070707,0.46570802960096347,0.049576648841354716,2.0505050505050506,-0.07551427651439073,0.0004997501249375312,0.0009995002498750624,0.022988505747126436,0.28173336585762915,17,-0.08332834023009625,17.0,2.0,0.0,0.0,-0.08332834023009625,2.0505050505050506,0.049576648841354716,-0.07551427651439073,0.0017491254372813594,0.0008745627186406797,0.05363984674329502,0.8987373737373737,3.3436868686868673,0.031212631833036242,0.06982717803030301,-0.13766773383807976,-0.014434444827114154,D_无一致改善,Δ总分MAE<0=总分改善；Δ条目NAE<0=条目改善；Δ校正rho>0=结构关联增强；Δ抵消率>0=抵消增强
HAMD-17,PDCH标签99人,正式,Kimi-K2.6,不思考,8,C08：全文｜规整｜逐条评分｜清洗,全文,规整,清洗,99,99,1.0,0.43434343434343436,10,0.10101010101010101,7.08080808080808,6.0,0.24072526737967911,0.22058823529411764,0.7199569221628046,0.6470588235294118,11.757575757575758,11.0,6.828282828282828,5.0,4.929292929292929,4.0,0.4806867109498688,0.4444444444444444,1.3232323232323233,1.0,6.02020202020202,0.18609811348781932,4.656565656565657,0.5412223061153542,0.0008745627186406797,0.0011660836248542396,0.13118440779610197,99,99,99,0.07722398618538319,3.555808080808079,0.0008978331241090058,0.035221006016042784,1.3636363636363635,-0.12208024151405333,0.24072526737967911,7.08080808080808,0.4806867109498688,0.05462715389185978,2.4242424242424243,-0.06053559516548541,0.0004997501249375312,0.0004997501249375312,0.07496251874062969,0.27664071680242097,17,-0.07721678908988533,17.0,5.0,0.0,0.0,-0.07721678908988533,2.4242424242424243,0.05462715389185978,-0.06053559516548541,0.0011660836248542396,0.0008745627186406797,0.13118440779610197,1.3636363636363635,3.555808080808079,0.035221006016042784,0.07722398618538319,-0.12208024151405333,0.0008978331241090058,D_无一致改善,Δ总分MAE<0=总分改善；Δ条目NAE<0=条目改善；Δ校正rho>0=结构关联增强；Δ抵消率>0=抵消增强
HAMD-17,PDCH标签99人,正式,Kimi-K2.6,不思考,11,C11：事件序列｜不规整｜逐条评分｜不清洗,事件序列,不规整,不清洗,99,99,1.0,0.47474747474747475,17,0.1717171717171717,4.737373737373737,4.0,0.19005310457516342,0.17647058823529413,0.5704842543077837,0.5625,9.333333333333334,9.0,4.505050505050505,3.0,4.828282828282828,4.0,0.539401305764942,0.6,0.8383838383838383,1.0,2.484848484848485,0.18609811348781932,4.656565656565657,0.5412223061153542,0.4217891054472764,0.8775612193903048,0.935032483758121,99,99,99,0.013556753193701714,0.7272727272727273,0.04236915021005927,-0.00505236185383244,-0.47474747474747475,-0.04364054007324952,0.19005310457516342,4.737373737373737,0.539401305764942,0.00395499108734403,0.08080808080808081,-0.001821000350412108,0.4217891054472764,0.8350824587706147,0.935032483758121,0.37151210409878915,17,0.014660816760534236,17.0,9.0,0.0,0.0,0.014660816760534236,0.08080808080808081,0.00395499108734403,-0.001821000350412108,0.8775612193903048,0.4217891054472764,0.935032483758121,-0.47474747474747475,0.7272727272727273,-0.00505236185383244,0.013556753193701714,-0.04364054007324952,0.04236915021005927,D_无一致改善,Δ总分MAE<0=总分改善；Δ条目NAE<0=条目改善；Δ校正rho>0=结构关联增强；Δ抵消率>0=抵消增强
HAMD-17,PDCH标签99人,正式,Kimi-K2.6,不思考,12,C12：事件序列｜不规整｜逐条评分｜清洗,事件序列,不规整,清洗,99,99,1.0,0.47474747474747475,17,0.1717171717171717,4.818181818181818,3.0,0.19169637551990487,0.1875,0.5718954248366013,0.5625,9.343434343434344,9.0,4.5353535353535355,3.0,4.808080808080808,4.0,0.5331083529924884,0.5714285714285714,0.8888888888888888,1.0,2.393939393939394,0.18609811348781932,4.656565656565657,0.5412223061153542,0.23963018490754626,0.8775612193903048,0.8448275862068965,99,99,99,0.014372121954842538,0.7881313131313117,0.038688408871118254,-0.002535464943553178,-0.4444444444444444,-0.0563662454928052,0.19169637551990487,4.818181818181818,0.5331083529924884,0.005598262032085561,0.16161616161616163,-0.008113953122865777,0.20539730134932535,0.6356821589205397,0.7241379310344828,0.36335899319758275,17,0.008655621712003311,17.0,7.0,0.0,0.0,0.008655621712003311,0.16161616161616163,0.005598262032085561,-0.008113953122865777,0.8775612193903048,0.23963018490754626,0.8448275862068965,-0.4444444444444444,0.7881313131313117,-0.002535464943553178,0.014372121954842538,-0.0563662454928052,0.038688408871118254,D_无一致改善,Δ总分MAE<0=总分改善；Δ条目NAE<0=条目改善；Δ校正rho>0=结构关联增强；Δ抵消率>0=抵消增强
HAMD-17,PDCH标签99人,正式,Kimi-K2.6,不思考,15,C15：事件序列｜规整｜逐条评分｜不清洗,事件序列,规整,不清洗,99,99,1.0,0.6262626262626263,14,0.1414141414141414,7.525252525252525,7.0,0.23400363933452167,0.234375,0.7021316102198456,0.6875,11.585858585858587,11.0,7.161616161616162,7.0,4.424242424242424,4.0,0.4202183171927051,0.4,1.3131313131313131,1.0,5.747474747474747,0.18609811348781932,4.656565656565657,0.5412223061153542,0.0008745627186406797,0.0011660836248542396,0.0034982508745627187,99,99,99,0.06825817921865715,3.878787878787879,-0.06342451878291312,0.029689356803327387,1.8484848484848484,-0.17957154751852897,0.23400363933452167,7.525252525252525,0.4202183171927051,0.047905525846702324,2.8686868686868685,-0.12100398892264923,0.0004997501249375312,0.0004997501249375312,0.0004997501249375312,0.2495702734779253,17,-0.10513099494545436,17.0,2.0,0.0,0.0,-0.10513099494545436,2.8686868686868685,0.047905525846702324,-0.12100398892264923,0.0011660836248542396,0.0008745627186406797,0.0034982508745627187,1.8484848484848484,3.878787878787879,0.029689356803327387,0.06825817921865715,-0.17957154751852897,-0.06342451878291312,D_无一致改善,Δ总分MAE<0=总分改善；Δ条目NAE<0=条目改善；Δ校正rho>0=结构关联增强；Δ抵消率>0=抵消增强
HAMD-17,PDCH标签99人,正式,Kimi-K2.6,不思考,16,C16：事件序列｜规整｜逐条评分｜清洗,事件序列,规整,清洗,99,99,1.0,0.5757575757575758,12,0.12121212121212122,7.767676767676767,7.0,0.2393512329174094,0.22058823529411764,0.7168003565062389,0.6470588235294118,11.797979797979798,11.0,7.2727272727272725,6.0,4.525252525252525,4.0,0.43934828414610755,0.4444444444444444,1.4545454545454546,1.0,6.02020202020202,0.18609811348781932,4.656565656565657,0.5412223061153542,0.0008745627186406797,0.0011660836248542396,0.008745627186406797,99,99,99,0.07257617535650623,4.252777777777776,-0.042080897483245366,0.033676145647653,1.9694444444444446,-0.15908181450680747,0.2393512329174094,7.767676767676767,0.43934828414610755,0.053253119429590025,3.111111111111111,-0.10187402196924666,0.0004997501249375312,0.0004997501249375312,0.0024987506246876563,0.22553174520276797,17,-0.13432668311256243,17.0,1.0,0.0,0.0,-0.13432668311256243,3.111111111111111,0.053253119429590025,-0.10187402196924666,0.0011660836248542396,0.0008745627186406797,0.008745627186406797,1.9694444444444446,4.252777777777776,0.033676145647653,0.07257617535650623,-0.15908181450680747,-0.042080897483245366,D_无一致改善,Δ总分MAE<0=总分改善；Δ条目NAE<0=条目改善；Δ校正rho>0=结构关联增强；Δ抵消率>0=抵消增强
HAMD-17,PDCH标签99人,正式,Kimi-K2.6,思考,3,C03：全文｜不规整｜逐条评分｜不清洗,全文,不规整,不清洗,99,99,1.0,0.7070707070707071,47,0.47474747474747475,4.393939393939394,4.0,0.1558972073677956,0.14705882352941177,0.46854575163398704,0.4375,7.757575757575758,7.0,4.202020202020202,3.0,3.5555555555555554,2.0,0.43793675460342124,0.4,0.26262626262626265,0.0,-3.0505050505050506,0.1558972073677956,4.393939393939394,0.43793675460342124,,,,99,99,99,,,,,,,0.1558972073677956,4.393939393939394,0.43793675460342124,0.0,0.0,0.0,,,,0.3534725965248602,17,,,,,,,0.0,0.0,0.0,,,,,,,,,,C03_题总相关基线,Δ总分MAE<0=总分改善；Δ条目NAE<0=条目改善；Δ校正rho>0=结构关联增强；Δ抵消率>0=抵消增强
HAMD-17,PDCH标签99人,正式,Kimi-K2.6,思考,4,C04：全文｜不规整｜逐条评分｜清洗,全文,不规整,清洗,99,99,1.0,0.6565656565656566,40,0.40404040404040403,4.626262626262626,4.0,0.1675579322638146,0.16176470588235295,0.5064245395127748,0.5,8.353535353535353,8.0,4.494949494949495,4.0,3.8585858585858586,4.0,0.45083675111585797,0.5,0.36363636363636365,0.0,-2.313131313131313,0.1558972073677956,4.393939393939394,0.43793675460342124,0.043728135932033986,0.7311344327836082,0.7964351157754456,99,99,99,0.023553782308377895,0.8083333333333319,0.07397921840106839,0.0010212418300653608,-0.31313131313131315,-0.046230888477698684,0.1675579322638146,4.626262626262626,0.45083675111585797,0.011660724896019013,0.23232323232323232,0.012899996512436706,0.031484257871064465,0.4177911044477761,0.6826586706646677,0.2896238606568888,17,-0.06106900908202523,17.0,3.0,0.0,0.0,-0.06106900908202523,0.23232323232323232,0.011660724896019013,0.012899996512436706,0.7311344327836082,0.043728135932033986,0.7964351157754456,-0.31313131313131315,0.8083333333333319,0.0010212418300653608,0.023553782308377895,-0.046230888477698684,0.07397921840106839,D_无一致改善,Δ总分MAE<0=总分改善；Δ条目NAE<0=条目改善；Δ校正rho>0=结构关联增强；Δ抵消率>0=抵消增强
HAMD-17,PDCH标签99人,正式,Kimi-K2.6,思考,7,C07：全文｜规整｜逐条评分｜不清洗,全文,规整,不清洗,99,99,1.0,0.5353535353535354,29,0.29292929292929293,4.2727272727272725,4.0,0.18897615864527628,0.171875,0.5672162804515746,0.5294117647058824,9.323232323232324,9.0,4.232323232323233,3.0,5.090909090909091,4.0,0.5207564466993119,0.5454545454545454,0.3434343434343434,0.0,0.23232323232323232,0.1558972073677956,4.393939393939394,0.43793675460342124,0.0011660836248542396,0.8095952023988006,0.07083958020989505,99,99,99,0.04854728349673203,0.7780303030303016,0.15460775083675918,0.018687100787284614,-0.9393939393939394,0.001522595190856757,0.18897615864527628,4.2727272727272725,0.5207564466993119,0.03307895127748069,-0.12121212121212122,0.08281969209589062,0.0004997501249375312,0.8095952023988006,0.04047976011994003,0.34063496736585036,17,-0.012449980334584446,17.0,8.0,0.0,0.0,-0.012449980334584446,-0.12121212121212122,0.03307895127748069,0.08281969209589062,0.8095952023988006,0.0011660836248542396,0.07083958020989505,-0.9393939393939394,0.7780303030303016,0.018687100787284614,0.04854728349673203,0.001522595190856757,0.15460775083675918,D_无一致改善,Δ总分MAE<0=总分改善；Δ条目NAE<0=条目改善；Δ校正rho>0=结构关联增强；Δ抵消率>0=抵消增强
HAMD-17,PDCH标签99人,正式,Kimi-K2.6,思考,8,C08：全文｜规整｜逐条评分｜清洗,全文,规整,清洗,99,99,1.0,0.5454545454545454,27,0.2727272727272727,4.262626262626263,4.0,0.1852811200237671,0.17647058823529413,0.5608660130718954,0.5625,9.222222222222221,9.0,4.090909090909091,3.0,5.1313131313131315,6.0,0.5372822430754695,0.6153846153846154,0.40404040404040403,0.0,-0.09090909090909091,0.1558972073677956,4.393939393939394,0.43793675460342124,0.0011660836248542396,0.8095952023988006,0.031484257871064465,99,99,99,0.04247437611408199,0.7272727272727273,0.17710846112361267,0.01720258652703506,-0.9696969696969697,0.018896428223522704,0.1852811200237671,4.262626262626263,0.5372822430754695,0.02938391265597148,-0.13131313131313133,0.09934548847204822,0.0004997501249375312,0.7881059470264867,0.010994502748625687,0.34230152046144363,17,-0.006982367079348282,17.0,5.0,0.0,0.0,-0.006982367079348282,-0.13131313131313133,0.02938391265597148,0.09934548847204822,0.8095952023988006,0.0011660836248542396,0.031484257871064465,-0.9696969696969697,0.7272727272727273,0.01720258652703506,0.04247437611408199,0.018896428223522704,0.17710846112361267,D_无一致改善,Δ总分MAE<0=总分改善；Δ条目NAE<0=条目改善；Δ校正rho>0=结构关联增强；Δ抵消率>0=抵消增强
HAMD-17,PDCH标签99人,正式,Kimi-K2.6,思考,11,C11：事件序列｜不规整｜逐条评分｜不清洗,事件序列,不规整,不清洗,99,99,1.0,0.6767676767676768,43,0.43434343434343436,4.737373737373737,4.0,0.1560921717171717,0.15625,0.47296494355317886,0.47058823529411764,7.818181818181818,8.0,4.545454545454546,4.0,3.272727272727273,2.0,0.4009256456226154,0.4,0.25252525252525254,0.0,-3.595959595959596,0.1558972073677956,4.393939393939394,0.43793675460342124,0.9590204897551224,0.7311344327836082,0.3078460769615192,99,99,99,0.007042390819964322,0.8386363636363622,0.022148946031521777,-0.007130821078431372,-0.1717171717171717,-0.09397757685636474,0.1560921717171717,4.737373737373737,0.4009256456226154,0.00019496434937611368,0.3434343434343434,-0.03701110898080594,0.9590204897551224,0.20389805097451275,0.21989005497251374,0.3434017463053958,17,-0.009261796404492057,17.0,7.0,0.0,0.0,-0.009261796404492057,0.3434343434343434,0.00019496434937611368,-0.03701110898080594,0.7311344327836082,0.9590204897551224,0.3078460769615192,-0.1717171717171717,0.8386363636363622,-0.007130821078431372,0.007042390819964322,-0.09397757685636474,0.022148946031521777,D_无一致改善,Δ总分MAE<0=总分改善；Δ条目NAE<0=条目改善；Δ校正rho>0=结构关联增强；Δ抵消率>0=抵消增强
HAMD-17,PDCH标签99人,正式,Kimi-K2.6,思考,12,C12：事件序列｜不规整｜逐条评分｜清洗,事件序列,不规整,清洗,99,99,1.0,0.6666666666666666,43,0.43434343434343436,4.565656565656566,4.0,0.16610034165181223,0.16176470588235295,0.5021910279263221,0.5,8.303030303030303,8.0,4.505050505050505,4.0,3.797979797979798,4.0,0.4438459585190047,0.4444444444444444,0.23232323232323232,0.0,-2.727272727272727,0.1558972073677956,4.393939393939394,0.43793675460342124,0.043728135932033986,0.8095952023988006,0.8375812093953023,99,99,99,0.02010964423648247,0.7275252525252511,0.06196103367953445,0.0008151366607248955,-0.36363636363636365,-0.04926191310461645,0.16610034165181223,4.565656565656566,0.4438459585190047,0.010203134284016637,0.1717171717171717,0.0059092039155835,0.037481259370314844,0.5827086456771614,0.8375812093953023,0.30451179529512595,17,-0.046684783379114525,17.0,3.0,0.0,0.0,-0.046684783379114525,0.1717171717171717,0.010203134284016637,0.0059092039155835,0.8095952023988006,0.043728135932033986,0.8375812093953023,-0.36363636363636365,0.7275252525252511,0.0008151366607248955,0.02010964423648247,-0.04926191310461645,0.06196103367953445,D_无一致改善,Δ总分MAE<0=总分改善；Δ条目NAE<0=条目改善；Δ校正rho>0=结构关联增强；Δ抵消率>0=抵消增强
HAMD-17,PDCH标签99人,正式,Kimi-K2.6,思考,15,C15：事件序列｜规整｜逐条评分｜不清洗,事件序列,规整,不清洗,99,99,1.0,0.7272727272727273,47,0.47474747474747475,3.98989898989899,3.0,0.1727755496137849,0.16176470588235295,0.5191250742721331,0.5,8.616161616161616,8.0,3.9494949494949494,3.0,4.666666666666667,4.0,0.5417692461364476,0.5454545454545454,0.32323232323232326,0.0,0.1717171717171717,0.1558972073677956,4.393939393939394,0.43793675460342124,0.017491254372813594,0.7311344327836082,0.031484257871064465,99,99,99,0.029606961155674388,0.42424242424242425,0.182971844620686,0.005337149064171122,-1.1818181818181819,0.021503126997779405,0.1727755496137849,3.98989898989899,0.5417692461364476,0.016878342245989303,-0.40404040404040403,0.10383249153302629,0.009995002498750625,0.3448275862068966,0.013493253373313344,0.2888670774481208,17,-0.06208352442288102,17.0,4.0,0.0,0.0,-0.06208352442288102,-0.40404040404040403,0.016878342245989303,0.10383249153302629,0.7311344327836082,0.017491254372813594,0.031484257871064465,-1.1818181818181819,0.42424242424242425,0.005337149064171122,0.029606961155674388,0.021503126997779405,0.182971844620686,D_无一致改善,Δ总分MAE<0=总分改善；Δ条目NAE<0=条目改善；Δ校正rho>0=结构关联增强；Δ抵消率>0=抵消增强
HAMD-17,PDCH标签99人,正式,Kimi-K2.6,思考,16,C16：事件序列｜规整｜逐条评分｜清洗,事件序列,规整,清洗,99,99,1.0,0.7171717171717171,49,0.494949494949495,4.0,3.0,0.1816046494355318,0.17647058823529413,0.5520647653000594,0.5294117647058824,9.16161616161616,9.0,4.03030303030303,3.0,5.1313131313131315,4.0,0.5713795513260754,0.5714285714285714,0.24242424242424243,0.0,0.9595959595959596,0.1558972073677956,4.393939393939394,0.43793675460342124,0.0011660836248542396,0.7311344327836082,0.013993003498250875,99,99,99,0.039336378490790254,0.48484848484848486,0.2150499515339087,0.012412266042780748,-1.2222222222222223,0.054384478497669225,0.1816046494355318,4.0,0.5713795513260754,0.02570744206773619,-0.3939393939393939,0.13344279672265413,0.0004997501249375312,0.4057971014492754,0.001999000499750125,0.2954009201411568,17,-0.05554026771526053,17.0,6.0,0.0,0.0,-0.05554026771526053,-0.3939393939393939,0.02570744206773619,0.13344279672265413,0.7311344327836082,0.0011660836248542396,0.013993003498250875,-1.2222222222222223,0.48484848484848486,0.012412266042780748,0.039336378490790254,0.054384478497669225,0.2150499515339087,D_无一致改善,Δ总分MAE<0=总分改善；Δ条目NAE<0=条目改善；Δ校正rho>0=结构关联增强；Δ抵消率>0=抵消增强
HAMD-17,PDCH标签99人,正式,Qwen3.7-Max,不思考,3,C03：全文｜不规整｜逐条评分｜不清洗,全文,不规整,不清洗,99,99,1.0,0.6565656565656566,8,0.08080808080808081,4.565656565656566,4.0,0.16254456327985742,0.15625,0.498663101604278,0.5294117647058824,8.232323232323232,9.0,4.434343434343434,3.0,3.797979797979798,4.0,0.4554908895817986,0.5,1.4848484848484849,1.0,1.2828282828282829,0.16254456327985742,4.565656565656566,0.4554908895817986,,,,99,99,99,,,,,,,0.16254456327985742,4.565656565656566,0.4554908895817986,0.0,0.0,0.0,,,,0.39512132072164924,17,,,,,,,0.0,0.0,0.0,,,,,,,,,,C03_题总相关基线,Δ总分MAE<0=总分改善；Δ条目NAE<0=条目改善；Δ校正rho>0=结构关联增强；Δ抵消率>0=抵消增强
HAMD-17,PDCH标签99人,正式,Qwen3.7-Max,不思考,4,C04：全文｜不规整｜逐条评分｜清洗,全文,不规整,清洗,99,99,1.0,0.6464646464646465,6,0.06060606060606061,4.606060606060606,4.0,0.16739081996434932,0.171875,0.5106580510992276,0.5294117647058824,8.434343434343434,9.0,4.636363636363637,3.0,3.797979797979798,4.0,0.46325620818568186,0.5,1.5858585858585859,1.0,1.6666666666666667,0.16254456327985742,4.565656565656566,0.4554908895817986,0.25337331334332835,0.8940529735132434,0.8897218057637848,99,99,99,0.013736398915626826,0.48484848484848486,0.05040990704838259,-0.0027204489750445628,-0.40404040404040403,-0.03224852373780918,0.16739081996434932,4.606060606060606,0.46325620818568186,0.00484625668449198,0.04040404040404041,0.0077653186038832735,0.25337331334332835,0.8940529735132434,0.7241379310344828,0.36814628114034254,17,-0.02760847141476496,17.0,4.0,0.0,0.0,-0.02760847141476496,0.04040404040404041,0.00484625668449198,0.0077653186038832735,0.8940529735132434,0.25337331334332835,0.8897218057637848,-0.40404040404040403,0.48484848484848486,-0.0027204489750445628,0.013736398915626826,-0.03224852373780918,0.05040990704838259,D_无一致改善,Δ总分MAE<0=总分改善；Δ条目NAE<0=条目改善；Δ校正rho>0=结构关联增强；Δ抵消率>0=抵消增强
HAMD-17,PDCH标签99人,正式,Qwen3.7-Max,不思考,7,C07：全文｜规整｜逐条评分｜不清洗,全文,规整,不清洗,99,99,1.0,0.5959595959595959,6,0.06060606060606061,5.606060606060606,4.0,0.19386883541295305,0.17647058823529413,0.5848187759952466,0.5294117647058824,9.626262626262626,9.0,5.787878787878788,5.0,3.8383838383838382,4.0,0.4218866224448361,0.4,1.9090909090909092,2.0,3.808080808080808,0.16254456327985742,4.565656565656566,0.4554908895817986,0.0034982508745627187,0.12477094785940364,0.8897218057637848,99,99,99,0.05062759952465833,2.010353535353534,0.037159786245711236,0.015141766934046343,0.09090909090909091,-0.09913513988374434,0.19386883541295305,5.606060606060606,0.4218866224448361,0.03132427213309566,1.0404040404040404,-0.033604267136962504,0.0004997501249375312,0.04297851074462768,0.3808095952023988,0.3576118608513179,17,-0.034073915556839,17.0,6.0,0.0,0.0,-0.034073915556839,1.0404040404040404,0.03132427213309566,-0.033604267136962504,0.12477094785940364,0.0034982508745627187,0.8897218057637848,0.09090909090909091,2.010353535353534,0.015141766934046343,0.05062759952465833,-0.09913513988374434,0.037159786245711236,D_无一致改善,Δ总分MAE<0=总分改善；Δ条目NAE<0=条目改善；Δ校正rho>0=结构关联增强；Δ抵消率>0=抵消增强
HAMD-17,PDCH标签99人,正式,Qwen3.7-Max,不思考,8,C08：全文｜规整｜逐条评分｜清洗,全文,规整,清洗,99,99,1.0,0.7373737373737373,14,0.1414141414141414,5.484848484848484,4.0,0.19113933452168747,0.19117647058823528,0.5798425430778372,0.5294117647058824,9.656565656565656,9.0,5.656565656565657,4.0,4.0,4.0,0.45154272832760484,0.4444444444444444,1.8585858585858586,2.0,3.6161616161616164,0.16254456327985742,4.565656565656566,0.4554908895817986,0.005247376311844078,0.12477094785940364,0.9070464767616192,99,99,99,0.04752813057040997,1.8686868686868687,0.06288390747122795,0.011919748960190137,0.050505050505050504,-0.07062568530471243,0.19113933452168747,5.484848484848484,0.45154272832760484,0.02859477124183006,0.9191919191919192,-0.003948161254193727,0.0014992503748125937,0.05347326336831584,0.9070464767616192,0.33507908111706475,17,-0.05875264211072841,17.0,5.0,1.0,0.0,-0.05875264211072841,0.9191919191919192,0.02859477124183006,-0.003948161254193727,0.12477094785940364,0.005247376311844078,0.9070464767616192,0.050505050505050504,1.8686868686868687,0.011919748960190137,0.04752813057040997,-0.07062568530471243,0.06288390747122795,D_无一致改善,Δ总分MAE<0=总分改善；Δ条目NAE<0=条目改善；Δ校正rho>0=结构关联增强；Δ抵消率>0=抵消增强
HAMD-17,PDCH标签99人,正式,Qwen3.7-Max,不思考,11,C11：事件序列｜不规整｜逐条评分｜不清洗,事件序列,不规整,不清洗,99,99,1.0,0.6565656565656566,12,0.12121212121212122,4.02020202020202,3.0,0.1551916221033868,0.15625,0.47742127153891856,0.5,7.888888888888889,8.0,3.8686868686868685,3.0,4.02020202020202,4.0,0.49005018220704505,0.5454545454545454,1.4646464646464648,1.0,0.797979797979798,0.16254456327985742,4.565656565656566,0.4554908895817986,0.07906046976511745,0.12477094785940364,0.4932533733133433,99,99,99,-0.00010142788175876704,-0.050505050505050504,0.07162683737995679,-0.015152907754010696,-1.0505050505050506,-0.002847548899242307,0.1551916221033868,4.02020202020202,0.49005018220704505,-0.007352941176470589,-0.5454545454545454,0.03455929262524628,0.05647176411794103,0.04047976011994003,0.0704647676161919,0.4276094299685709,17,0.03227069493846234,17.0,15.0,1.0,0.0,0.03227069493846234,-0.5454545454545454,-0.007352941176470589,0.03455929262524628,0.12477094785940364,0.07906046976511745,0.4932533733133433,-1.0505050505050506,-0.050505050505050504,-0.015152907754010696,-0.00010142788175876704,-0.002847548899242307,0.07162683737995679,D_无一致改善,Δ总分MAE<0=总分改善；Δ条目NAE<0=条目改善；Δ校正rho>0=结构关联增强；Δ抵消率>0=抵消增强
HAMD-17,PDCH标签99人,正式,Qwen3.7-Max,不思考,12,C12：事件序列｜不规整｜逐条评分｜清洗,事件序列,不规整,清洗,99,99,1.0,0.6464646464646465,9,0.09090909090909091,4.696969696969697,4.0,0.1682263814616755,0.16176470588235295,0.5151886512180629,0.5294117647058824,8.505050505050505,9.0,4.525252525252525,4.0,3.9797979797979797,4.0,0.4681865191765989,0.5,1.505050505050505,1.0,1.5353535353535352,0.16254456327985742,4.565656565656566,0.4554908895817986,0.20114942528735633,0.8451774112943529,0.8897218057637848,99,99,99,0.014149769756387395,0.5757575757575758,0.05885941711776789,-0.0021917242275698145,-0.26262626262626265,-0.026821159732595055,0.1682263814616755,4.696969696969697,0.4681865191765989,0.005681818181818183,0.13131313131313133,0.012695629594800334,0.1724137931034483,0.5747126436781609,0.5787106446776612,0.3816221232382288,17,-0.014477120817178606,17.0,6.0,0.0,0.0,-0.014477120817178606,0.13131313131313133,0.005681818181818183,0.012695629594800334,0.8451774112943529,0.20114942528735633,0.8897218057637848,-0.26262626262626265,0.5757575757575758,-0.0021917242275698145,0.014149769756387395,-0.026821159732595055,0.05885941711776789,D_无一致改善,Δ总分MAE<0=总分改善；Δ条目NAE<0=条目改善；Δ校正rho>0=结构关联增强；Δ抵消率>0=抵消增强
HAMD-17,PDCH标签99人,正式,Qwen3.7-Max,不思考,15,C15：事件序列｜规整｜逐条评分｜不清洗,事件序列,规整,不清洗,99,99,1.0,0.7272727272727273,9,0.09090909090909091,4.656565656565657,3.0,0.17833667557932262,0.17647058823529413,0.5421494355317884,0.5625,8.97979797979798,9.0,4.898989898989899,4.0,4.08080808080808,4.0,0.46545530458186435,0.4444444444444444,1.6262626262626263,1.0,2.313131313131313,0.16254456327985742,4.565656565656566,0.4554908895817986,0.0069965017491254375,0.8940529735132434,0.8897218057637848,99,99,99,0.026153074866310157,0.6565656565656566,0.08088028207680599,0.005773962046939989,-0.5050505050505051,-0.05451420369423936,0.17833667557932262,4.656565656565657,0.46545530458186435,0.015792112299465245,0.09090909090909091,0.009964415000065624,0.0034982508745627187,0.7851074462768616,0.7626186906546727,0.32938527435004733,17,-0.06448432917162322,17.0,5.0,0.0,1.0,-0.06448432917162322,0.09090909090909091,0.015792112299465245,0.009964415000065624,0.8940529735132434,0.0069965017491254375,0.8897218057637848,-0.5050505050505051,0.6565656565656566,0.005773962046939989,0.026153074866310157,-0.05451420369423936,0.08088028207680599,D_无一致改善,Δ总分MAE<0=总分改善；Δ条目NAE<0=条目改善；Δ校正rho>0=结构关联增强；Δ抵消率>0=抵消增强
HAMD-17,PDCH标签99人,正式,Qwen3.7-Max,不思考,16,C16：事件序列｜规整｜逐条评分｜清洗,事件序列,规整,清洗,99,99,1.0,0.7373737373737373,10,0.10101010101010101,4.737373737373737,3.0,0.17840166369578134,0.171875,0.5462344028520499,0.5294117647058824,9.05050505050505,9.0,4.98989898989899,4.0,4.0606060606060606,4.0,0.47217226887458613,0.5,1.5454545454545454,1.0,2.808080808080808,0.16254456327985742,4.565656565656566,0.4554908895817986,0.0069965017491254375,0.8451774112943529,0.8897218057637848,99,99,99,0.026823380867498504,0.8184343434343421,0.07888789006101837,0.005160984848484848,-0.39419191919191915,-0.04683447741602822,0.17840166369578134,4.737373737373737,0.47217226887458613,0.015857100415923947,0.1717171717171717,0.01668137929278749,0.00399800099950025,0.6036981509245377,0.6081959020489756,0.33474376429484237,17,-0.06001011616114781,17.0,2.0,0.0,0.0,-0.06001011616114781,0.1717171717171717,0.015857100415923947,0.01668137929278749,0.8451774112943529,0.0069965017491254375,0.8897218057637848,-0.39419191919191915,0.8184343434343421,0.005160984848484848,0.026823380867498504,-0.04683447741602822,0.07888789006101837,D_无一致改善,Δ总分MAE<0=总分改善；Δ条目NAE<0=条目改善；Δ校正rho>0=结构关联增强；Δ抵消率>0=抵消增强
HAMD-17,PDCH标签99人,正式,Qwen3.7-Max,思考,3,C03：全文｜不规整｜逐条评分｜不清洗,全文,不规整,不清洗,99,99,1.0,0.6464646464646465,45,0.45454545454545453,3.8181818181818183,3.0,0.1491662953060012,0.14705882352941177,0.46052436125965546,0.47058823529411764,7.595959595959596,8.0,3.676767676767677,3.0,3.919191919191919,4.0,0.5017487365080948,0.5714285714285714,0.1717171717171717,0.0,-1.898989898989899,0.1491662953060012,3.8181818181818183,0.5017487365080948,,,,99,99,99,,,,,,,0.1491662953060012,3.8181818181818183,0.5017487365080948,0.0,0.0,0.0,,,,0.37535372147845025,17,,,,,,,0.0,0.0,0.0,,,,,,,,,,C03_题总相关基线,Δ总分MAE<0=总分改善；Δ条目NAE<0=条目改善；Δ校正rho>0=结构关联增强；Δ抵消率>0=抵消增强
HAMD-17,PDCH标签99人,正式,Qwen3.7-Max,思考,4,C04：全文｜不规整｜逐条评分｜清洗,全文,不规整,清洗,99,99,1.0,0.6666666666666666,45,0.45454545454545453,3.919191919191919,3.0,0.16165329768270945,0.14705882352941177,0.49227569815805117,0.47058823529411764,8.131313131313131,8.0,3.8484848484848486,3.0,4.282828282828283,4.0,0.5154313782210396,0.6,0.23232323232323232,0.0,-1.4444444444444444,0.1491662953060012,3.8181818181818183,0.5017487365080948,0.012243878060969516,0.7006496751624188,0.7656171914042978,99,99,99,0.021985479797979796,0.5858585858585859,0.07586032110096276,0.0031830251039809856,-0.36363636363636365,-0.04866713343763255,0.16165329768270945,3.919191919191919,0.5154313782210396,0.012487002376708255,0.10101010101010101,0.013682641712944744,0.010494752623688156,0.7006496751624188,0.6771614192903548,0.36189079750677866,17,-0.015658786719528094,17.0,6.0,0.0,0.0,-0.015658786719528094,0.10101010101010101,0.012487002376708255,0.013682641712944744,0.7006496751624188,0.012243878060969516,0.7656171914042978,-0.36363636363636365,0.5858585858585859,0.0031830251039809856,0.021985479797979796,-0.04866713343763255,0.07586032110096276,D_无一致改善,Δ总分MAE<0=总分改善；Δ条目NAE<0=条目改善；Δ校正rho>0=结构关联增强；Δ抵消率>0=抵消增强
HAMD-17,PDCH标签99人,正式,Qwen3.7-Max,思考,7,C07：全文｜规整｜逐条评分｜不清洗,全文,规整,不清洗,99,99,1.0,0.7070707070707071,42,0.42424242424242425,4.707070707070707,3.0,0.18314579619726673,0.171875,0.5534387997623291,0.5294117647058824,9.16161616161616,9.0,4.656565656565657,4.0,4.505050505050505,4.0,0.519396726494015,0.5,0.2828282828282828,0.0,1.3232323232323233,0.1491662953060012,3.8181818181818183,0.5017487365080948,0.0011660836248542396,0.3638180909545227,0.7656171914042978,99,99,99,0.05290079099821746,1.8484848484848484,0.08665388190683714,0.018956801470588234,0.06060606060606061,-0.050851620559965616,0.18314579619726673,4.707070707070707,0.519396726494015,0.0339795008912656,0.8888888888888888,0.017647989985920376,0.0004997501249375312,0.054972513743128434,0.6156921539230384,0.31543316937540256,17,-0.06350623348841886,17.0,3.0,0.0,0.0,-0.06350623348841886,0.8888888888888888,0.0339795008912656,0.017647989985920376,0.3638180909545227,0.0011660836248542396,0.7656171914042978,0.06060606060606061,1.8484848484848484,0.018956801470588234,0.05290079099821746,-0.050851620559965616,0.08665388190683714,D_无一致改善,Δ总分MAE<0=总分改善；Δ条目NAE<0=条目改善；Δ校正rho>0=结构关联增强；Δ抵消率>0=抵消增强
HAMD-17,PDCH标签99人,正式,Qwen3.7-Max,思考,8,C08：全文｜规整｜逐条评分｜清洗,全文,规整,清洗,99,99,1.0,0.7373737373737373,43,0.43434343434343436,4.484848484848484,3.0,0.18634878193701723,0.17647058823529413,0.5663992869875223,0.5625,9.414141414141413,9.0,4.262626262626263,3.0,5.151515151515151,4.0,0.5430345896923436,0.5454545454545454,0.3333333333333333,0.0,1.2323232323232323,0.1491662953060012,3.8181818181818183,0.5017487365080948,0.0011660836248542396,0.3638180909545227,0.7656171914042978,99,99,99,0.05123152480689244,1.4547979797979784,0.11026489602692802,0.02404490678847297,-0.04065656565656565,-0.02813019690582079,0.18634878193701723,4.484848484848484,0.5430345896923436,0.03718248663101604,0.6666666666666666,0.04128585318424891,0.0004997501249375312,0.10394802598700649,0.23338330834582707,0.30839683531666906,17,-0.06636281150190083,17.0,4.0,0.0,0.0,-0.06636281150190083,0.6666666666666666,0.03718248663101604,0.04128585318424891,0.3638180909545227,0.0011660836248542396,0.7656171914042978,-0.04065656565656565,1.4547979797979784,0.02404490678847297,0.05123152480689244,-0.02813019690582079,0.11026489602692802,D_无一致改善,Δ总分MAE<0=总分改善；Δ条目NAE<0=条目改善；Δ校正rho>0=结构关联增强；Δ抵消率>0=抵消增强
HAMD-17,PDCH标签99人,正式,Qwen3.7-Max,思考,11,C11：事件序列｜不规整｜逐条评分｜不清洗,事件序列,不规整,不清洗,99,99,1.0,0.6666666666666666,54,0.5454545454545454,3.696969696969697,3.0,0.15370617944147358,0.140625,0.46657754010695185,0.4375,7.707070707070707,7.0,3.6464646464646466,3.0,4.0606060606060606,4.0,0.5139678223011557,0.5714285714285714,0.06060606060606061,0.0,-1.2626262626262625,0.1491662953060012,3.8181818181818183,0.5017487365080948,0.239880059970015,0.7006496751624188,0.7656171914042978,99,99,99,0.012338922311348777,0.36363636363636365,0.07074155926762878,-0.002441928475935829,-0.6060606060606061,-0.04547139943307501,0.15370617944147358,3.696969696969697,0.5139678223011557,0.00453988413547237,-0.12121212121212122,0.012219085793060847,0.239880059970015,0.6376811594202898,0.6936531734132934,0.3554011494922158,17,-0.021532328978103123,17.0,4.0,0.0,0.0,-0.021532328978103123,-0.12121212121212122,0.00453988413547237,0.012219085793060847,0.7006496751624188,0.239880059970015,0.7656171914042978,-0.6060606060606061,0.36363636363636365,-0.002441928475935829,0.012338922311348777,-0.04547139943307501,0.07074155926762878,D_无一致改善,Δ总分MAE<0=总分改善；Δ条目NAE<0=条目改善；Δ校正rho>0=结构关联增强；Δ抵消率>0=抵消增强
HAMD-17,PDCH标签99人,正式,Qwen3.7-Max,思考,12,C12：事件序列｜不规整｜逐条评分｜清洗,事件序列,不规整,清洗,99,99,1.0,0.6464646464646465,51,0.5151515151515151,3.95959595959596,3.0,0.1604927956030897,0.15625,0.4860368389780154,0.5,8.01010101010101,8.0,3.8686868686868685,3.0,4.141414141414141,4.0,0.5110256251967481,0.5,0.1111111111111111,0.0,-0.797979797979798,0.1491662953060012,3.8181818181818183,0.5017487365080948,0.012243878060969516,0.7006496751624188,0.7656171914042978,99,99,99,0.019981292706476517,0.6464646464646465,0.07122693441766524,0.0034812741384432555,-0.3638888888888889,-0.05661818029465088,0.1604927956030897,3.95959595959596,0.5110256251967481,0.011326500297088532,0.1414141414141414,0.0092768886886534,0.009495252373813094,0.6021989005497251,0.7656171914042978,0.3324267237356889,17,-0.04471747287898135,17.0,3.0,0.0,0.0,-0.04471747287898135,0.1414141414141414,0.011326500297088532,0.0092768886886534,0.7006496751624188,0.012243878060969516,0.7656171914042978,-0.3638888888888889,0.6464646464646465,0.0034812741384432555,0.019981292706476517,-0.05661818029465088,0.07122693441766524,D_无一致改善,Δ总分MAE<0=总分改善；Δ条目NAE<0=条目改善；Δ校正rho>0=结构关联增强；Δ抵消率>0=抵消增强
HAMD-17,PDCH标签99人,正式,Qwen3.7-Max,思考,15,C15：事件序列｜规整｜逐条评分｜不清洗,事件序列,规整,不清洗,99,99,1.0,0.7575757575757576,51,0.5151515151515151,4.191919191919192,4.0,0.167038027332145,0.16176470588235295,0.509655377302436,0.5,8.464646464646465,8.0,4.202020202020202,4.0,4.262626262626263,4.0,0.5252081614826712,0.5454545454545454,0.29292929292929293,0.0,0.98989898989899,0.1491662953060012,3.8181818181818183,0.5017487365080948,0.0011660836248542396,0.4571047809428619,0.7656171914042978,99,99,99,0.02797436683006535,0.9494949494949495,0.09133934478408628,0.008725815136660727,-0.18181818181818182,-0.04581558271397844,0.167038027332145,4.191919191919192,0.5252081614826712,0.017871732026143793,0.37373737373737376,0.023459424974576485,0.0004997501249375312,0.19590204897551225,0.5167416291854073,0.3179640910058855,17,-0.05583176194846112,17.0,5.0,0.0,0.0,-0.05583176194846112,0.37373737373737376,0.017871732026143793,0.023459424974576485,0.4571047809428619,0.0011660836248542396,0.7656171914042978,-0.18181818181818182,0.9494949494949495,0.008725815136660727,0.02797436683006535,-0.04581558271397844,0.09133934478408628,D_无一致改善,Δ总分MAE<0=总分改善；Δ条目NAE<0=条目改善；Δ校正rho>0=结构关联增强；Δ抵消率>0=抵消增强
HAMD-17,PDCH标签99人,正式,Qwen3.7-Max,思考,16,C16：事件序列｜规整｜逐条评分｜清洗,事件序列,规整,清洗,99,99,1.0,0.7373737373737373,46,0.46464646464646464,4.040404040404041,3.0,0.17134581105169341,0.171875,0.5231729055258466,0.5294117647058824,8.686868686868687,9.0,4.141414141414141,3.0,4.545454545454546,4.0,0.5309994759872797,0.5714285714285714,0.29292929292929293,0.0,1.6767676767676767,0.1491662953060012,3.8181818181818183,0.5017487365080948,0.0017491254372813594,0.7006496751624188,0.7656171914042978,99,99,99,0.03346934417706476,0.9090909090909091,0.10369484797186738,0.010832358511586452,-0.45454545454545453,-0.043309399721938424,0.17134581105169341,4.040404040404041,0.5309994759872797,0.022179515745692213,0.2222222222222222,0.029250739479184926,0.0009995002498750624,0.526736631684158,0.45377311344327836,0.2926880646459731,17,-0.08075086937400906,17.0,4.0,0.0,0.0,-0.08075086937400906,0.2222222222222222,0.022179515745692213,0.029250739479184926,0.7006496751624188,0.0017491254372813594,0.7656171914042978,-0.45454545454545453,0.9090909090909091,0.010832358511586452,0.03346934417706476,-0.043309399721938424,0.10369484797186738,D_无一致改善,Δ总分MAE<0=总分改善；Δ条目NAE<0=条目改善；Δ校正rho>0=结构关联增强；Δ抵消率>0=抵消增强
PHQ-8,DAIC-WOZ全量189人,正式,DeepSeek-V4-Pro,思考,3,C03：全文｜不规整｜逐条评分｜不清洗,全文,不规整,不清洗,189,189,1.0,1.0,187,0.9894179894179894,4.084656084656085,3.0,0.2111992945326279,0.16666666666666666,0.6335978835978836,0.5,5.068783068783069,4.0,4.084656084656085,3.0,0.9841269841269841,0.0,0.17191758858425524,0.0,0.010582010582010581,0.0,-3.5238095238095237,0.2111992945326279,4.084656084656085,0.17191758858425524,,,,189,189,189,,,,,,,0.2111992945326279,4.084656084656085,0.17191758858425524,0.0,0.0,0.0,,,,0.3447379120417412,8,,,,,,,0.0,0.0,0.0,,,,,,,,,,C03_题总相关基线,Δ总分MAE<0=总分改善；Δ条目NAE<0=条目改善；Δ校正rho>0=结构关联增强；Δ抵消率>0=抵消增强
PHQ-8,DAIC-WOZ全量189人,正式,DeepSeek-V4-Pro,思考,4,C04：全文｜不规整｜逐条评分｜清洗,全文,不规整,清洗,189,189,1.0,1.0,187,0.9894179894179894,3.8253968253968256,3.0,0.21693121693121692,0.20833333333333331,0.6507936507936508,0.625,5.2063492063492065,5.0,3.8306878306878307,3.0,1.3756613756613756,0.0,0.2240912232975725,0.0,0.015873015873015872,0.0,-2.814814814814815,0.2111992945326279,4.084656084656085,0.17191758858425524,0.305047476261869,0.04664334499416958,0.005497251374312844,189,189,189,0.014550264550264548,-0.021164021164021163,0.08946530541768634,-0.0028659611992945346,-0.4974867724867725,0.016375935939428,0.21693121693121692,3.8253968253968256,0.2240912232975725,0.005731922398589064,-0.25925925925925924,0.052173634713317256,0.2178910544727636,0.0399800099950025,0.005497251374312844,0.3264008100739522,8,-0.01833710196778895,8.0,3.0,0.0,0.0,-0.01833710196778895,-0.25925925925925924,0.005731922398589064,0.052173634713317256,0.04664334499416958,0.305047476261869,0.005497251374312844,-0.4974867724867725,-0.021164021164021163,-0.0028659611992945346,0.014550264550264548,0.016375935939428,0.08946530541768634,B_总分独立改善,Δ总分MAE<0=总分改善；Δ条目NAE<0=条目改善；Δ校正rho>0=结构关联增强；Δ抵消率>0=抵消增强
PHQ-8,DAIC-WOZ全量189人,正式,DeepSeek-V4-Pro,思考,7,C07：全文｜规整｜逐条评分｜不清洗,全文,规整,不清洗,189,189,1.0,1.0,188,0.9947089947089947,3.3544973544973544,2.0,0.2292768959435626,0.20833333333333331,0.6878306878306878,0.625,5.502645502645502,5.0,3.365079365079365,2.0,2.1375661375661377,2.0,0.3168008652135636,0.2222222222222222,0.010582010582010581,0.0,-0.7619047619047619,0.2111992945326279,4.084656084656085,0.17191758858425524,0.009620189905047476,0.02798600699650175,0.0008745627186406797,189,189,189,0.030864197530864192,-0.2804232804232804,0.19704382992081407,0.005291005291005293,-1.1694444444444445,0.09373820697233395,0.2292768959435626,3.3544973544973544,0.3168008652135636,0.018077601410934747,-0.7301587301587301,0.1448832766293084,0.005497251374312844,0.00399800099950025,0.0004997501249375312,0.3789359287677187,8,0.03419801672597754,8.0,4.0,0.0,0.0,0.03419801672597754,-0.7301587301587301,0.018077601410934747,0.1448832766293084,0.02798600699650175,0.009620189905047476,0.0008745627186406797,-1.1694444444444445,-0.2804232804232804,0.005291005291005293,0.030864197530864192,0.09373820697233395,0.19704382992081407,D_无一致改善,Δ总分MAE<0=总分改善；Δ条目NAE<0=条目改善；Δ校正rho>0=结构关联增强；Δ抵消率>0=抵消增强
PHQ-8,DAIC-WOZ全量189人,正式,DeepSeek-V4-Pro,思考,8,C08：全文｜规整｜逐条评分｜清洗,全文,规整,清洗,189,189,1.0,1.0,186,0.9841269841269841,3.7354497354497354,3.0,0.2537477954144621,0.24999999999999997,0.7612433862433863,0.75,6.08994708994709,6.0,3.7195767195767195,3.0,2.3703703703703702,2.0,0.33950132759656565,0.25,0.015873015873015872,0.0,-0.8518518518518519,0.2111992945326279,4.084656084656085,0.17191758858425524,0.0011660836248542396,0.1634182908545727,0.0008745627186406797,189,189,189,0.05710427689594354,0.1218253968253961,0.21998740750724877,0.029320987654320986,-0.8148148148148148,0.11356604374461518,0.2537477954144621,3.7354497354497354,0.33950132759656565,0.04254850088183421,-0.3492063492063492,0.16758373901231044,0.0004997501249375312,0.1634182908545727,0.0004997501249375312,0.3301262963226258,8,-0.01461161571911535,8.0,3.0,0.0,0.0,-0.01461161571911535,-0.3492063492063492,0.04254850088183421,0.16758373901231044,0.1634182908545727,0.0011660836248542396,0.0008745627186406797,-0.8148148148148148,0.1218253968253961,0.029320987654320986,0.05710427689594354,0.11356604374461518,0.21998740750724877,D_无一致改善,Δ总分MAE<0=总分改善；Δ条目NAE<0=条目改善；Δ校正rho>0=结构关联增强；Δ抵消率>0=抵消增强
PHQ-8,DAIC-WOZ全量189人,正式,DeepSeek-V4-Pro,思考,11,C11：事件序列｜不规整｜逐条评分｜不清洗,事件序列,不规整,不清洗,189,189,1.0,1.0,186,0.9841269841269841,3.8253968253968256,3.0,0.20877425044091708,0.16666666666666666,0.6263227513227513,0.5,5.01058201058201,4.0,3.804232804232804,2.0,1.2063492063492063,0.0,0.23150412198031245,0.0,0.021164021164021163,0.0,-3.2222222222222223,0.2111992945326279,4.084656084656085,0.17191758858425524,0.5923704814259537,0.033233383308345826,0.002798600699650175,189,189,189,0.004629629629629629,-0.0582010582010582,0.0962430837827663,-0.009479717813051142,-0.455026455026455,0.02563542644891851,0.20877425044091708,3.8253968253968256,0.23150412198031245,-0.002425044091710758,-0.25925925925925924,0.0595865333960572,0.5077461269365318,0.009495252373813094,0.001999000499750125,0.35993397299609436,8,0.015196060954353175,8.0,6.0,0.0,0.0,0.015196060954353175,-0.25925925925925924,-0.002425044091710758,0.0595865333960572,0.033233383308345826,0.5923704814259537,0.002798600699650175,-0.455026455026455,-0.0582010582010582,-0.009479717813051142,0.004629629629629629,0.02563542644891851,0.0962430837827663,D_无一致改善,Δ总分MAE<0=总分改善；Δ条目NAE<0=条目改善；Δ校正rho>0=结构关联增强；Δ抵消率>0=抵消增强
PHQ-8,DAIC-WOZ全量189人,正式,DeepSeek-V4-Pro,思考,12,C12：事件序列｜不规整｜逐条评分｜清洗,事件序列,不规整,清洗,189,189,1.0,1.0,189,1.0,3.761904761904762,3.0,0.21274250440917106,0.20833333333333331,0.6382275132275133,0.625,5.105820105820106,5.0,3.761904761904762,3.0,1.343915343915344,0.0,0.2389126746269603,0.0,0.0,0.0,-2.8624338624338623,0.2111992945326279,4.084656084656085,0.17191758858425524,0.7211394302848576,0.04081292686989838,0.0034982508745627187,189,189,189,0.00992063492063492,-0.06349206349206349,0.10913550000851584,-0.007495590828924162,-0.5821428571428571,0.025535901488282442,0.21274250440917106,3.761904761904762,0.2389126746269603,0.0015432098765432109,-0.32275132275132273,0.0669950860427051,0.7211394302848576,0.017491254372813594,0.0029985007496251873,0.3296317886631631,8,-0.01510612337857806,8.0,3.0,0.0,0.0,-0.01510612337857806,-0.32275132275132273,0.0015432098765432109,0.0669950860427051,0.04081292686989838,0.7211394302848576,0.0034982508745627187,-0.5821428571428571,-0.06349206349206349,-0.007495590828924162,0.00992063492063492,0.025535901488282442,0.10913550000851584,B_总分独立改善,Δ总分MAE<0=总分改善；Δ条目NAE<0=条目改善；Δ校正rho>0=结构关联增强；Δ抵消率>0=抵消增强
PHQ-8,DAIC-WOZ全量189人,正式,DeepSeek-V4-Pro,思考,15,C15：事件序列｜规整｜逐条评分｜不清洗,事件序列,规整,不清洗,189,189,1.0,1.0,187,0.9894179894179894,3.507936507936508,3.0,0.24735449735449735,0.25,0.7420634920634921,0.75,5.936507936507937,6.0,3.5238095238095237,3.0,2.4126984126984126,2.0,0.34427976491468554,0.3076923076923077,0.015873015873015872,0.0,-0.1164021164021164,0.2111992945326279,4.084656084656085,0.17191758858425524,0.0011660836248542396,0.04372813593203398,0.0008745627186406797,189,189,189,0.05269510582010579,-0.08981481481481553,0.2297224475994316,0.02006172839506173,-1.0847883597883599,0.1143864476205746,0.24735449735449735,3.507936507936508,0.34427976491468554,0.03615520282186948,-0.5767195767195767,0.1723621763304303,0.0004997501249375312,0.02498750624687656,0.0004997501249375312,0.35526026487138385,8,0.010522352829642636,8.0,3.0,0.0,0.0,0.010522352829642636,-0.5767195767195767,0.03615520282186948,0.1723621763304303,0.04372813593203398,0.0011660836248542396,0.0008745627186406797,-1.0847883597883599,-0.08981481481481553,0.02006172839506173,0.05269510582010579,0.1143864476205746,0.2297224475994316,D_无一致改善,Δ总分MAE<0=总分改善；Δ条目NAE<0=条目改善；Δ校正rho>0=结构关联增强；Δ抵消率>0=抵消增强
PHQ-8,DAIC-WOZ全量189人,正式,DeepSeek-V4-Pro,思考,16,C16：事件序列｜规整｜逐条评分｜清洗,事件序列,规整,清洗,189,189,1.0,1.0,187,0.9894179894179894,3.544973544973545,3.0,0.2528659611992945,0.25,0.7585978835978836,0.75,6.068783068783069,6.0,3.5396825396825395,3.0,2.5291005291005293,2.0,0.3496094146887797,0.3333333333333333,0.015873015873015872,0.0,-0.6296296296296297,0.2111992945326279,4.084656084656085,0.17191758858425524,0.0011660836248542396,0.044077961019490255,0.0008745627186406797,189,189,189,0.057760141093474424,-0.06878306878306878,0.23346571271174438,0.026455026455026454,-0.9735449735449735,0.12082103449166941,0.2528659611992945,3.544973544973545,0.3496094146887797,0.041666666666666664,-0.5396825396825397,0.17769182610452453,0.0004997501249375312,0.031484257871064465,0.0004997501249375312,0.33508387513668597,8,-0.009654036905055249,8.0,4.0,0.0,0.0,-0.009654036905055249,-0.5396825396825397,0.041666666666666664,0.17769182610452453,0.044077961019490255,0.0011660836248542396,0.0008745627186406797,-0.9735449735449735,-0.06878306878306878,0.026455026455026454,0.057760141093474424,0.12082103449166941,0.23346571271174438,B_总分独立改善,Δ总分MAE<0=总分改善；Δ条目NAE<0=条目改善；Δ校正rho>0=结构关联增强；Δ抵消率>0=抵消增强
PHQ-8,DAIC-WOZ全量189人,正式,GLM-5.2,思考,3,C03：全文｜不规整｜逐条评分｜不清洗,全文,不规整,不清洗,189,189,1.0,1.0,186,0.9841269841269841,3.248677248677249,2.0,0.19466490299823633,0.16666666666666666,0.583994708994709,0.5,4.671957671957672,4.0,3.253968253968254,2.0,1.417989417989418,0.0,0.27841873000603157,0.0,0.015873015873015872,0.0,-2.312169312169312,0.19466490299823633,3.248677248677249,0.27841873000603157,,,,189,189,189,,,,,,,0.19466490299823633,3.248677248677249,0.27841873000603157,0.0,0.0,0.0,,,,0.4758544508963909,8,,,,,,,0.0,0.0,0.0,,,,,,,,,,C03_题总相关基线,Δ总分MAE<0=总分改善；Δ条目NAE<0=条目改善；Δ校正rho>0=结构关联增强；Δ抵消率>0=抵消增强
PHQ-8,DAIC-WOZ全量189人,正式,GLM-5.2,思考,4,C04：全文｜不规整｜逐条评分｜清洗,全文,不规整,清洗,189,189,1.0,1.0,184,0.9735449735449735,3.259259259259259,2.0,0.21141975308641978,0.16666666666666666,0.6342592592592593,0.5,5.074074074074074,4.0,3.2645502645502646,2.0,1.8095238095238095,2.0,0.3156923029938903,0.18181818181818182,0.026455026455026454,0.0,-1.8888888888888888,0.19466490299823633,3.248677248677249,0.27841873000603157,0.0006996501749125438,0.9615192403798101,0.11264367816091954,189,189,189,0.02469135802469136,0.23809523809523808,0.07867578776308928,0.009700176366843036,-0.21693121693121692,-0.0032972208567446635,0.21141975308641978,3.259259259259259,0.3156923029938903,0.016754850088183424,0.010582010582010581,0.0372735729878587,0.0004997501249375312,0.9615192403798101,0.08045977011494253,0.4011858097566254,8,-0.07466864113976548,8.0,0.0,0.0,1.0,-0.07466864113976548,0.010582010582010581,0.016754850088183424,0.0372735729878587,0.9615192403798101,0.0006996501749125438,0.11264367816091954,-0.21693121693121692,0.23809523809523808,0.009700176366843036,0.02469135802469136,-0.0032972208567446635,0.07867578776308928,D_无一致改善,Δ总分MAE<0=总分改善；Δ条目NAE<0=条目改善；Δ校正rho>0=结构关联增强；Δ抵消率>0=抵消增强
PHQ-8,DAIC-WOZ全量189人,正式,GLM-5.2,思考,7,C07：全文｜规整｜逐条评分｜不清洗,全文,规整,不清洗,189,189,1.0,1.0,187,0.9894179894179894,3.365079365079365,2.0,0.21869488536155202,0.20833333333333331,0.656084656084656,0.625,5.248677248677248,5.0,3.365079365079365,2.0,1.8835978835978835,2.0,0.3036745994262334,0.2,0.021164021164021163,0.0,-0.8042328042328042,0.19466490299823633,3.248677248677249,0.27841873000603157,0.0011660836248542396,0.7024487756121939,0.34749292020656336,189,189,189,0.036375661375661374,0.42857142857142855,0.07462156350928525,0.012786596119929454,-0.21164021164021163,-0.026641835746644336,0.21869488536155202,3.365079365079365,0.3036745994262334,0.024029982363315692,0.1164021164021164,0.025255869420201825,0.0009995002498750624,0.5017491254372813,0.2978510744627686,0.41631489390296506,8,-0.059539556993425814,8.0,2.0,0.0,0.0,-0.059539556993425814,0.1164021164021164,0.024029982363315692,0.025255869420201825,0.7024487756121939,0.0011660836248542396,0.34749292020656336,-0.21164021164021163,0.42857142857142855,0.012786596119929454,0.036375661375661374,-0.026641835746644336,0.07462156350928525,D_无一致改善,Δ总分MAE<0=总分改善；Δ条目NAE<0=条目改善；Δ校正rho>0=结构关联增强；Δ抵消率>0=抵消增强
PHQ-8,DAIC-WOZ全量189人,正式,GLM-5.2,思考,8,C08：全文｜规整｜逐条评分｜清洗,全文,规整,清洗,189,189,1.0,1.0,185,0.9788359788359788,3.417989417989418,3.0,0.24514991181657847,0.24999999999999997,0.7354497354497355,0.75,5.883597883597884,6.0,3.439153439153439,3.0,2.4444444444444446,2.0,0.34836107455155074,0.2857142857142857,0.031746031746031744,0.0,-0.5185185185185185,0.19466490299823633,3.248677248677249,0.27841873000603157,0.0006996501749125438,0.6314342828585707,0.017491254372813594,189,189,189,0.06305114638447973,0.5185185185185185,0.11620364277110304,0.037698412698412696,-0.17989417989417988,0.023499978122993998,0.24514991181657847,3.417989417989418,0.34836107455155074,0.05048500881834215,0.1693121693121693,0.06994234454551915,0.0004997501249375312,0.36081959020489757,0.004997501249375313,0.3373974579256265,8,-0.1384569929707644,8.0,0.0,0.0,2.0,-0.1384569929707644,0.1693121693121693,0.05048500881834215,0.06994234454551915,0.6314342828585707,0.0006996501749125438,0.017491254372813594,-0.17989417989417988,0.5185185185185185,0.037698412698412696,0.06305114638447973,0.023499978122993998,0.11620364277110304,D_无一致改善,Δ总分MAE<0=总分改善；Δ条目NAE<0=条目改善；Δ校正rho>0=结构关联增强；Δ抵消率>0=抵消增强
PHQ-8,DAIC-WOZ全量189人,正式,GLM-5.2,思考,11,C11：事件序列｜不规整｜逐条评分｜不清洗,事件序列,不规整,不清洗,189,189,1.0,1.0,182,0.9629629629629629,3.2698412698412698,2.0,0.19951499118165786,0.16666666666666666,0.5985449735449735,0.5,4.788359788359788,4.0,3.2751322751322753,2.0,1.5132275132275133,0.0,0.2935868951741968,0.0,0.037037037037037035,0.0,-2.132275132275132,0.19466490299823633,3.248677248677249,0.27841873000603157,0.12043978010994502,0.9615192403798101,0.3493253373313343,189,189,189,0.011022927689594354,0.20634920634920634,0.04712313994060021,-0.0013227513227513199,-0.16415343915343913,-0.016308382240921928,0.19951499118165786,3.2698412698412698,0.2935868951741968,0.004850088183421518,0.021164021164021163,0.015168165168165172,0.12043978010994502,0.8680659670164917,0.3493253373313343,0.45910948820227193,8,-0.016744962694118962,8.0,2.0,0.0,0.0,-0.016744962694118962,0.021164021164021163,0.004850088183421518,0.015168165168165172,0.9615192403798101,0.12043978010994502,0.3493253373313343,-0.16415343915343913,0.20634920634920634,-0.0013227513227513199,0.011022927689594354,-0.016308382240921928,0.04712313994060021,D_无一致改善,Δ总分MAE<0=总分改善；Δ条目NAE<0=条目改善；Δ校正rho>0=结构关联增强；Δ抵消率>0=抵消增强
PHQ-8,DAIC-WOZ全量189人,正式,GLM-5.2,思考,12,C12：事件序列｜不规整｜逐条评分｜清洗,事件序列,不规整,清洗,189,189,1.0,1.0,185,0.9788359788359788,3.4232804232804233,3.0,0.21472663139329806,0.20833333333333331,0.6441798941798942,0.625,5.1534391534391535,5.0,3.3968253968253967,3.0,1.7566137566137565,2.0,0.3226170654742083,0.25,0.037037037037037035,0.0,-1.597883597883598,0.19466490299823633,3.248677248677249,0.27841873000603157,0.0006996501749125438,0.4617691154422789,0.0822088955522239,189,189,189,0.02976190476190476,0.43399470899470827,0.0907675679699489,0.011243386243386246,-0.07936507936507936,-0.00046094998475950375,0.21472663139329806,3.4232804232804233,0.3226170654742083,0.02006172839506173,0.1746031746031746,0.04419833546817674,0.0004997501249375312,0.19790104947526238,0.04697651174412794,0.4051048562481008,8,-0.07074959464829006,8.0,0.0,0.0,2.0,-0.07074959464829006,0.1746031746031746,0.02006172839506173,0.04419833546817674,0.4617691154422789,0.0006996501749125438,0.0822088955522239,-0.07936507936507936,0.43399470899470827,0.011243386243386246,0.02976190476190476,-0.00046094998475950375,0.0907675679699489,D_无一致改善,Δ总分MAE<0=总分改善；Δ条目NAE<0=条目改善；Δ校正rho>0=结构关联增强；Δ抵消率>0=抵消增强
PHQ-8,DAIC-WOZ全量189人,正式,GLM-5.2,思考,15,C15：事件序列｜规整｜逐条评分｜不清洗,事件序列,规整,不清洗,189,189,1.0,1.0,185,0.9788359788359788,3.5502645502645502,3.0,0.23721340388007053,0.24999999999999997,0.7116402116402116,0.75,5.693121693121693,6.0,3.5555555555555554,3.0,2.1375661375661377,2.0,0.35108045981061853,0.3333333333333333,0.037037037037037035,0.0,0.7936507936507936,0.19466490299823633,3.248677248677249,0.27841873000603157,0.0006996501749125438,0.4617691154422789,0.03498250874562719,189,189,189,0.05731922398589065,0.7407407407407407,0.13265239610477705,0.028218694885361554,-0.12698412698412698,0.014531561912514299,0.23721340388007053,3.5502645502645502,0.35108045981061853,0.04254850088183422,0.30158730158730157,0.07266172980458695,0.0004997501249375312,0.17641179410294852,0.014992503748125937,0.39187721488265403,8,-0.08397723601373686,8.0,0.0,0.0,0.0,-0.08397723601373686,0.30158730158730157,0.04254850088183422,0.07266172980458695,0.4617691154422789,0.0006996501749125438,0.03498250874562719,-0.12698412698412698,0.7407407407407407,0.028218694885361554,0.05731922398589065,0.014531561912514299,0.13265239610477705,D_无一致改善,Δ总分MAE<0=总分改善；Δ条目NAE<0=条目改善；Δ校正rho>0=结构关联增强；Δ抵消率>0=抵消增强
PHQ-8,DAIC-WOZ全量189人,正式,GLM-5.2,思考,16,C16：事件序列｜规整｜逐条评分｜清洗,事件序列,规整,清洗,189,189,1.0,1.0,188,0.9947089947089947,3.6984126984126986,3.0,0.25485008818342153,0.24999999999999997,0.7645502645502645,0.75,6.116402116402116,6.0,3.693121693121693,3.0,2.4232804232804233,2.0,0.356678477313398,0.3076923076923077,0.005291005291005291,0.0,0.042328042328042326,0.19466490299823633,3.248677248677249,0.27841873000603157,0.0006996501749125438,0.19940029985007496,0.017491254372813594,189,189,189,0.07297178130511464,0.8518518518518519,0.13381401006401,0.047398589065255736,0.06878306878306878,0.024205987281384105,0.25485008818342153,3.6984126984126986,0.356678477313398,0.060185185185185196,0.4497354497354497,0.07825974730736635,0.0004997501249375312,0.02848575712143928,0.004997501249375313,0.340409921661354,8,-0.13544452923503686,8.0,0.0,0.0,1.0,-0.13544452923503686,0.4497354497354497,0.060185185185185196,0.07825974730736635,0.19940029985007496,0.0006996501749125438,0.017491254372813594,0.06878306878306878,0.8518518518518519,0.047398589065255736,0.07297178130511464,0.024205987281384105,0.13381401006401,D_无一致改善,Δ总分MAE<0=总分改善；Δ条目NAE<0=条目改善；Δ校正rho>0=结构关联增强；Δ抵消率>0=抵消增强
PHQ-8,DAIC-WOZ全量189人,正式,Qwen3.7-Max,思考,3,C03：全文｜不规整｜逐条评分｜不清洗,全文,不规整,不清洗,189,189,1.0,1.0,189,1.0,4.211640211640212,3.0,0.20811287477954143,0.16666666666666666,0.6243386243386243,0.5,4.994708994708994,4.0,4.211640211640212,3.0,0.783068783068783,0.0,0.15060568473266886,0.0,0.0,0.0,-3.7566137566137567,0.20811287477954143,4.211640211640212,0.15060568473266886,,,,189,189,189,,,,,,,0.20811287477954143,4.211640211640212,0.15060568473266886,0.0,0.0,0.0,,,,0.36149676726236585,8,,,,,,,0.0,0.0,0.0,,,,,,,,,,C03_题总相关基线,Δ总分MAE<0=总分改善；Δ条目NAE<0=条目改善；Δ校正rho>0=结构关联增强；Δ抵消率>0=抵消增强
PHQ-8,DAIC-WOZ全量189人,正式,Qwen3.7-Max,思考,4,C04：全文｜不规整｜逐条评分｜清洗,全文,不规整,清洗,189,189,1.0,1.0,189,1.0,3.82010582010582,3.0,0.20458553791887124,0.16666666666666666,0.6137566137566137,0.5,4.91005291005291,4.0,3.82010582010582,3.0,1.08994708994709,0.0,0.20799412227983655,0.0,0.0,0.0,-3.2169312169312168,0.20811287477954143,4.211640211640212,0.15060568473266886,0.4407796101949025,0.0011660836248542396,0.0013993003498250875,189,189,189,0.002865961199294533,-0.19576719576719576,0.09162754132992225,-0.010361552028218694,-0.6031746031746031,0.02703443455427583,0.20458553791887124,3.82010582010582,0.20799412227983655,-0.0035273368606701934,-0.3915343915343915,0.057388437547167714,0.3148425787106447,0.0004997501249375312,0.0009995002498750624,0.3687050627700515,8,0.007208295507685637,8.0,5.0,0.0,0.0,0.007208295507685637,-0.3915343915343915,-0.0035273368606701934,0.057388437547167714,0.0011660836248542396,0.4407796101949025,0.0013993003498250875,-0.6031746031746031,-0.19576719576719576,-0.010361552028218694,0.002865961199294533,0.02703443455427583,0.09162754132992225,D_无一致改善,Δ总分MAE<0=总分改善；Δ条目NAE<0=条目改善；Δ校正rho>0=结构关联增强；Δ抵消率>0=抵消增强
PHQ-8,DAIC-WOZ全量189人,正式,Qwen3.7-Max,思考,7,C07：全文｜规整｜逐条评分｜不清洗,全文,规整,不清洗,189,189,1.0,1.0,189,1.0,3.6455026455026456,3.0,0.2171516754850088,0.20833333333333331,0.6514550264550265,0.625,5.211640211640212,5.0,3.6455026455026456,3.0,1.566137566137566,0.0,0.25319715557810796,0.0,0.0,0.0,-2.0793650793650795,0.20811287477954143,4.211640211640212,0.15060568473266886,0.17024820922871897,0.0017491254372813594,0.0008745627186406797,189,189,189,0.01940035273368607,-0.26455026455026454,0.14375560506512883,-0.0011022927689594308,-0.8783068783068783,0.06123258355401213,0.2171516754850088,3.6455026455026456,0.25319715557810796,0.009038800705467373,-0.5661375661375662,0.1025914708454391,0.07296351824087956,0.0009995002498750624,0.0004997501249375312,0.37502500709550085,8,0.013528239833135012,8.0,3.0,0.0,0.0,0.013528239833135012,-0.5661375661375662,0.009038800705467373,0.1025914708454391,0.0017491254372813594,0.17024820922871897,0.0008745627186406797,-0.8783068783068783,-0.26455026455026454,-0.0011022927689594308,0.01940035273368607,0.06123258355401213,0.14375560506512883,D_无一致改善,Δ总分MAE<0=总分改善；Δ条目NAE<0=条目改善；Δ校正rho>0=结构关联增强；Δ抵消率>0=抵消增强
PHQ-8,DAIC-WOZ全量189人,正式,Qwen3.7-Max,思考,8,C08：全文｜规整｜逐条评分｜清洗,全文,规整,清洗,189,189,1.0,1.0,188,0.9947089947089947,3.3386243386243386,2.0,0.2336860670194003,0.20833333333333331,0.701058201058201,0.625,5.608465608465608,5.0,3.322751322751323,2.0,2.2857142857142856,2.0,0.3438895103473215,0.25,0.015873015873015872,0.0,-1.4074074074074074,0.20811287477954143,4.211640211640212,0.15060568473266886,0.0017491254372813594,0.0011660836248542396,0.0008745627186406797,189,189,189,0.03835978835978836,-0.4497354497354497,0.24525573412478174,0.012786596119929454,-1.291005291005291,0.1421468567093045,0.2336860670194003,3.3386243386243386,0.3438895103473215,0.02557319223985891,-0.873015873015873,0.19328382561465268,0.0004997501249375312,0.0004997501249375312,0.0004997501249375312,0.38495129196982025,8,0.023454524707454412,8.0,4.0,0.0,0.0,0.023454524707454412,-0.873015873015873,0.02557319223985891,0.19328382561465268,0.0011660836248542396,0.0017491254372813594,0.0008745627186406797,-1.291005291005291,-0.4497354497354497,0.012786596119929454,0.03835978835978836,0.1421468567093045,0.24525573412478174,D_无一致改善,Δ总分MAE<0=总分改善；Δ条目NAE<0=条目改善；Δ校正rho>0=结构关联增强；Δ抵消率>0=抵消增强
PHQ-8,DAIC-WOZ全量189人,正式,Qwen3.7-Max,思考,11,C11：事件序列｜不规整｜逐条评分｜不清洗,事件序列,不规整,不清洗,189,189,1.0,1.0,189,1.0,4.243386243386244,3.0,0.20899470899470898,0.16666666666666666,0.626984126984127,0.5,5.015873015873016,4.0,4.243386243386244,3.0,0.7724867724867724,0.0,0.13940738861373783,0.0,0.0,0.0,-3.8095238095238093,0.20811287477954143,4.211640211640212,0.15060568473266886,0.7586206896551724,0.7066466766616691,0.44877561219390305,189,189,189,0.005511463844797177,0.164021164021164,0.015469830727767225,-0.0035273368606701934,-0.10052910052910052,-0.03921884552836934,0.20899470899470898,4.243386243386244,0.13940738861373783,0.0008818342151675501,0.031746031746031744,-0.011198296118931037,0.6666666666666666,0.7066466766616691,0.44877561219390305,0.33428804507046844,8,-0.027208722191897374,8.0,2.0,0.0,0.0,-0.027208722191897374,0.031746031746031744,0.0008818342151675501,-0.011198296118931037,0.7066466766616691,0.7586206896551724,0.44877561219390305,-0.10052910052910052,0.164021164021164,-0.0035273368606701934,0.005511463844797177,-0.03921884552836934,0.015469830727767225,D_无一致改善,Δ总分MAE<0=总分改善；Δ条目NAE<0=条目改善；Δ校正rho>0=结构关联增强；Δ抵消率>0=抵消增强
PHQ-8,DAIC-WOZ全量189人,正式,Qwen3.7-Max,思考,12,C12：事件序列｜不规整｜逐条评分｜清洗,事件序列,不规整,清洗,189,189,1.0,1.0,189,1.0,3.947089947089947,3.0,0.20899470899470898,0.16666666666666666,0.626984126984127,0.5,5.015873015873016,4.0,3.947089947089947,3.0,1.0687830687830688,0.0,0.19380334539064697,0.0,0.0,0.0,-3.291005291005291,0.20811287477954143,4.211640211640212,0.15060568473266886,0.7586206896551724,0.014576045310677993,0.0069965017491254375,189,189,189,0.007495590828924162,-0.07936507936507936,0.07338449689640164,-0.005952380952380951,-0.4708994708994709,0.013245531658230073,0.20899470899470898,3.947089947089947,0.19380334539064697,0.0008818342151675501,-0.26455026455026454,0.043197660657978115,0.7586206896551724,0.01249375312343828,0.005997001499250375,0.34408741201509,8,-0.017409355247275764,8.0,2.0,0.0,0.0,-0.017409355247275764,-0.26455026455026454,0.0008818342151675501,0.043197660657978115,0.014576045310677993,0.7586206896551724,0.0069965017491254375,-0.4708994708994709,-0.07936507936507936,-0.005952380952380951,0.007495590828924162,0.013245531658230073,0.07338449689640164,B_总分独立改善,Δ总分MAE<0=总分改善；Δ条目NAE<0=条目改善；Δ校正rho>0=结构关联增强；Δ抵消率>0=抵消增强
PHQ-8,DAIC-WOZ全量189人,正式,Qwen3.7-Max,思考,15,C15：事件序列｜规整｜逐条评分｜不清洗,事件序列,规整,不清洗,189,189,1.0,1.0,189,1.0,3.6455026455026456,2.0,0.2175925925925926,0.20833333333333331,0.6527777777777778,0.625,5.222222222222222,5.0,3.6455026455026456,2.0,1.5767195767195767,0.0,0.2596778882493168,0.0,0.0,0.0,-1.9735449735449735,0.20811287477954143,4.211640211640212,0.15060568473266886,0.20027486256871566,0.0011660836248542396,0.0008745627186406797,189,189,189,0.021384479717813046,-0.26455026455026454,0.1529871238402984,-0.0022045855379188694,-0.8996031746031745,0.0639280758923616,0.2175925925925926,3.6455026455026456,0.2596778882493168,0.00947971781305115,-0.5661375661375662,0.10907220351664795,0.11444277861069466,0.0004997501249375312,0.0004997501249375312,0.3491411850199865,8,-0.012355582242379388,8.0,2.0,0.0,0.0,-0.012355582242379388,-0.5661375661375662,0.00947971781305115,0.10907220351664795,0.0011660836248542396,0.20027486256871566,0.0008745627186406797,-0.8996031746031745,-0.26455026455026454,-0.0022045855379188694,0.021384479717813046,0.0639280758923616,0.1529871238402984,B_总分独立改善,Δ总分MAE<0=总分改善；Δ条目NAE<0=条目改善；Δ校正rho>0=结构关联增强；Δ抵消率>0=抵消增强
PHQ-8,DAIC-WOZ全量189人,正式,Qwen3.7-Max,思考,16,C16：事件序列｜规整｜逐条评分｜清洗,事件序列,规整,清洗,189,189,1.0,1.0,189,1.0,3.613756613756614,3.0,0.23522927689594353,0.20833333333333331,0.7056878306878307,0.625,5.645502645502646,5.0,3.613756613756614,3.0,2.0317460317460316,2.0,0.3156162767273878,0.25,0.0,0.0,-1.3597883597883598,0.20811287477954143,4.211640211640212,0.15060568473266886,0.0017491254372813594,0.009795102448775612,0.0008745627186406797,189,189,189,0.03990299823633157,-0.21164021164021163,0.218022684252843,0.01521164021164021,-0.9841269841269841,0.11257505942029751,0.23522927689594353,3.613756613756614,0.3156162767273878,0.027116402116402115,-0.5978835978835979,0.16501059199471899,0.0004997501249375312,0.0069965017491254375,0.0004997501249375312,0.34255925717600294,8,-0.0189375100863629,8.0,2.0,0.0,0.0,-0.0189375100863629,-0.5978835978835979,0.027116402116402115,0.16501059199471899,0.009795102448775612,0.0017491254372813594,0.0008745627186406797,-0.9841269841269841,-0.21164021164021163,0.01521164021164021,0.03990299823633157,0.11257505942029751,0.218022684252843,B_总分独立改善,Δ总分MAE<0=总分改善；Δ条目NAE<0=条目改善；Δ校正rho>0=结构关联增强；Δ抵消率>0=抵消增强
