manifest_path,dataset,dataset_source,dataset_folder,run_variant,created_at,prompt_version,prompt_language,prompt_docx_recorded,prompt_docx_resolved,prompt_docx_sha256,source_mode,model_n,models,conditions,is_primary_run
E:\数据库\代码\Data\PDCH\实验\_新结构_待启用\.codex_audit\high_concurrency_repair_20260627_203851\manifest.json,PHQ-8,PHQ8,,,2026-06-27T20:38:51,phq8-english-2026-06-27,en,PHQ数据\PHQ8_prompt_set_3_nonconditional_24_conditions_English.docx,E:\数据库\代码\Data\PDCH\实验\_新结构_待启用\PHQ行号数据\PHQ8_prompt_set_3_nonconditional_24_conditions_English.docx,a3d2fe4ca94b1d34ac771141b2527191cdd82dc0352b04d760df54846b843f05,docx_override,1,glm-5.2,"""ALL""",yes
E:\数据库\代码\Data\PDCH\实验\_新结构_待启用\.codex_audit\high_concurrency_repair_20260627_204043\manifest.json,PHQ-8,PHQ8,,,2026-06-27T20:40:43,phq8-english-2026-06-27,en,E:\数据库\代码\Data\PDCH\实验\_新结构_待启用\PHQ数据\PHQ8_prompt_set_3_nonconditional_24_conditions_English.docx,E:\数据库\代码\Data\PDCH\实验\_新结构_待启用\PHQ行号数据\PHQ8_prompt_set_3_nonconditional_24_conditions_English.docx,a3d2fe4ca94b1d34ac771141b2527191cdd82dc0352b04d760df54846b843f05,docx_override,1,glm-5.2,"""ALL""",yes
E:\数据库\代码\Data\PDCH\实验\_新结构_待启用\.codex_audit\high_concurrency_repair_20260627_204554\manifest.json,PHQ-8,PHQ8,,,2026-06-27T20:45:54,phq8-english-2026-06-27,en,E:\数据库\代码\Data\PDCH\实验\_新结构_待启用\PHQ数据\PHQ8_prompt_set_3_nonconditional_24_conditions_English.docx,E:\数据库\代码\Data\PDCH\实验\_新结构_待启用\PHQ行号数据\PHQ8_prompt_set_3_nonconditional_24_conditions_English.docx,a3d2fe4ca94b1d34ac771141b2527191cdd82dc0352b04d760df54846b843f05,docx_override,1,glm-5.2,"""ALL""",yes
E:\数据库\代码\Data\PDCH\实验\_新结构_待启用\.codex_audit\high_concurrency_repair_20260627_210451\manifest.json,PHQ-8,PHQ8,,,2026-06-27T21:04:51,phq8-english-2026-06-27,en,E:\数据库\代码\Data\PDCH\实验\_新结构_待启用\PHQ数据\PHQ8_prompt_set_3_nonconditional_24_conditions_English.docx,E:\数据库\代码\Data\PDCH\实验\_新结构_待启用\PHQ行号数据\PHQ8_prompt_set_3_nonconditional_24_conditions_English.docx,a3d2fe4ca94b1d34ac771141b2527191cdd82dc0352b04d760df54846b843f05,docx_override,2,"glm-5.2,qwen3.7-max","""ALL""",yes
E:\数据库\代码\Data\PDCH\实验\_新结构_待启用\.codex_audit\high_concurrency_repair_20260627_214148\manifest.json,PHQ-8,PHQ8,,,2026-06-27T21:41:48,phq8-english-2026-06-27,en,E:\数据库\代码\Data\PDCH\实验\_新结构_待启用\PHQ数据\PHQ8_prompt_set_3_nonconditional_24_conditions_English.docx,E:\数据库\代码\Data\PDCH\实验\_新结构_待启用\PHQ行号数据\PHQ8_prompt_set_3_nonconditional_24_conditions_English.docx,a3d2fe4ca94b1d34ac771141b2527191cdd82dc0352b04d760df54846b843f05,docx_override,1,deepseek-v4-pro,"""ALL""",yes
E:\数据库\代码\Data\PDCH\实验\_新结构_待启用\.codex_audit\high_concurrency_repair_20260628_035331\manifest.json,PHQ-8,PHQ8,,,2026-06-28T03:53:31,phq8-english-2026-06-27,en,E:\数据库\代码\Data\PDCH\实验\_新结构_待启用\PHQ数据\PHQ8_prompt_set_3_nonconditional_24_conditions_English.docx,E:\数据库\代码\Data\PDCH\实验\_新结构_待启用\PHQ行号数据\PHQ8_prompt_set_3_nonconditional_24_conditions_English.docx,a3d2fe4ca94b1d34ac771141b2527191cdd82dc0352b04d760df54846b843f05,docx_override,1,glm-5.2,"[""4"", ""12"", ""13"", ""15"", ""16"", ""22"", ""24""]",yes
E:\数据库\代码\Data\PDCH\实验\_新结构_待启用\.codex_audit\high_concurrency_repair_20260628_035355\manifest.json,PHQ-8,PHQ8,,,2026-06-28T03:53:55,phq8-english-2026-06-27,en,E:\数据库\代码\Data\PDCH\实验\_新结构_待启用\PHQ数据\PHQ8_prompt_set_3_nonconditional_24_conditions_English.docx,E:\数据库\代码\Data\PDCH\实验\_新结构_待启用\PHQ行号数据\PHQ8_prompt_set_3_nonconditional_24_conditions_English.docx,a3d2fe4ca94b1d34ac771141b2527191cdd82dc0352b04d760df54846b843f05,docx_override,1,deepseek-v4-pro,"[""19""]",yes
E:\数据库\代码\Data\PDCH\实验\_新结构_待启用\.codex_audit\high_concurrency_repair_20260628_035934\manifest.json,PHQ-8,PHQ8,,,2026-06-28T03:59:34,phq8-english-2026-06-27,en,E:\数据库\代码\Data\PDCH\实验\_新结构_待启用\PHQ数据\PHQ8_prompt_set_3_nonconditional_24_conditions_English.docx,E:\数据库\代码\Data\PDCH\实验\_新结构_待启用\PHQ行号数据\PHQ8_prompt_set_3_nonconditional_24_conditions_English.docx,a3d2fe4ca94b1d34ac771141b2527191cdd82dc0352b04d760df54846b843f05,docx_override,2,"MiniMax-M2.5,kimi-k2.6","""ALL""",yes
E:\数据库\代码\Data\PDCH\实验\_新结构_待启用\.codex_audit\high_concurrency_repair_20260628_040236\manifest.json,PHQ-8,PHQ8_DAIC_WOZ_external_validation,,,2026-06-28T04:02:36,PHQ8-English-24-conditions,en,E:\数据库\代码\Data\PDCH\实验\_新结构_待启用\PHQ数据\PHQ8_prompt_set_3_nonconditional_24_conditions_English.docx,E:\数据库\代码\Data\PDCH\实验\_新结构_待启用\PHQ行号数据\PHQ8_prompt_set_3_nonconditional_24_conditions_English.docx,a3d2fe4ca94b1d34ac771141b2527191cdd82dc0352b04d760df54846b843f05,docx_override,1,glm-5.2,"[""15"", ""16""]",yes
E:\数据库\代码\Data\PDCH\实验\_新结构_待启用\.codex_audit\high_concurrency_repair_20260628_040259\manifest.json,PHQ-8,PHQ8_DAIC_WOZ_external_validation,,,2026-06-28T04:02:59,PHQ8-English-24-conditions,en,E:\数据库\代码\Data\PDCH\实验\_新结构_待启用\PHQ数据\PHQ8_prompt_set_3_nonconditional_24_conditions_English.docx,E:\数据库\代码\Data\PDCH\实验\_新结构_待启用\PHQ行号数据\PHQ8_prompt_set_3_nonconditional_24_conditions_English.docx,a3d2fe4ca94b1d34ac771141b2527191cdd82dc0352b04d760df54846b843f05,docx_override,1,glm-5.2,"[""15"", ""16""]",yes
E:\数据库\代码\Data\PDCH\实验\_新结构_待启用\.codex_audit\high_concurrency_repair_20260628_040414\manifest.json,PHQ-8,PHQ8_DAIC_WOZ_external_validation,,,2026-06-28T04:04:14,PHQ8-English-24-conditions,en,E:\数据库\代码\Data\PDCH\实验\_新结构_待启用\PHQ数据\PHQ8_prompt_set_3_nonconditional_24_conditions_English.docx,E:\数据库\代码\Data\PDCH\实验\_新结构_待启用\PHQ行号数据\PHQ8_prompt_set_3_nonconditional_24_conditions_English.docx,a3d2fe4ca94b1d34ac771141b2527191cdd82dc0352b04d760df54846b843f05,docx_override,1,glm-5.2,"[""15"", ""16""]",yes
E:\数据库\代码\Data\PDCH\实验\_新结构_待启用\.codex_audit\high_concurrency_repair_20260628_041658\manifest.json,PHQ-8,PHQ8_DAIC_WOZ_external_validation,,,2026-06-28T04:16:58,PHQ8-English-24-conditions,en,E:\数据库\代码\Data\PDCH\实验\_新结构_待启用\PHQ数据\PHQ8_prompt_set_3_nonconditional_24_conditions_English.docx,E:\数据库\代码\Data\PDCH\实验\_新结构_待启用\PHQ行号数据\PHQ8_prompt_set_3_nonconditional_24_conditions_English.docx,a3d2fe4ca94b1d34ac771141b2527191cdd82dc0352b04d760df54846b843f05,docx_override,3,"qwen3.7-max,glm-5.2,deepseek-v4-pro","""ALL""",yes
E:\数据库\代码\Data\PDCH\实验\_新结构_待启用\.codex_audit\high_concurrency_repair_20260628_051956\manifest.json,PHQ-8,PHQ8_DAIC_WOZ_external_validation,,,2026-06-28T05:19:56,PHQ8-English-24-conditions,en,E:\数据库\代码\Data\PDCH\实验\_新结构_待启用\PHQ数据\PHQ8_prompt_set_3_nonconditional_24_conditions_English.docx,E:\数据库\代码\Data\PDCH\实验\_新结构_待启用\PHQ行号数据\PHQ8_prompt_set_3_nonconditional_24_conditions_English.docx,a3d2fe4ca94b1d34ac771141b2527191cdd82dc0352b04d760df54846b843f05,docx_override,2,"MiniMax-M2.5,kimi-k2.6","[""1"", ""3"", ""8"", ""9"", ""10"", ""11"", ""12"", ""13"", ""14"", ""15"", ""16"", ""17"", ""19"", ""21"", ""22"", ""23"", ""24""]",yes
E:\数据库\代码\Data\PDCH\实验\_新结构_待启用\.codex_audit\high_concurrency_repair_20260628_052112\manifest.json,PHQ-8,PHQ8_DAIC_WOZ_external_validation,,,2026-06-28T05:21:12,PHQ8-English-24-conditions,en,E:\数据库\代码\Data\PDCH\实验\_新结构_待启用\PHQ数据\PHQ8_prompt_set_3_nonconditional_24_conditions_English.docx,E:\数据库\代码\Data\PDCH\实验\_新结构_待启用\PHQ行号数据\PHQ8_prompt_set_3_nonconditional_24_conditions_English.docx,a3d2fe4ca94b1d34ac771141b2527191cdd82dc0352b04d760df54846b843f05,docx_override,1,deepseek-v4-pro,"[""15""]",yes
E:\数据库\代码\Data\PDCH\实验\_新结构_待启用\.codex_audit\high_concurrency_repair_20260628_052422\manifest.json,PHQ-8,PHQ8_DAIC_WOZ_external_validation,,,2026-06-28T05:24:22,PHQ8-English-24-conditions,en,E:\数据库\代码\Data\PDCH\实验\_新结构_待启用\PHQ数据\PHQ8_prompt_set_3_nonconditional_24_conditions_English.docx,E:\数据库\代码\Data\PDCH\实验\_新结构_待启用\PHQ行号数据\PHQ8_prompt_set_3_nonconditional_24_conditions_English.docx,a3d2fe4ca94b1d34ac771141b2527191cdd82dc0352b04d760df54846b843f05,docx_override,2,"MiniMax-M2.5,kimi-k2.6","[""3"", ""8"", ""10"", ""14"", ""15"", ""17"", ""22""]",yes
E:\数据库\代码\Data\PDCH\实验\_新结构_待启用\.codex_audit\high_concurrency_repair_20260628_052728\manifest.json,PHQ-8,PHQ8_DAIC_WOZ_external_validation,,,2026-06-28T05:27:28,PHQ8-English-24-conditions,en,E:\数据库\代码\Data\PDCH\实验\_新结构_待启用\PHQ数据\PHQ8_prompt_set_3_nonconditional_24_conditions_English.docx,E:\数据库\代码\Data\PDCH\实验\_新结构_待启用\PHQ行号数据\PHQ8_prompt_set_3_nonconditional_24_conditions_English.docx,a3d2fe4ca94b1d34ac771141b2527191cdd82dc0352b04d760df54846b843f05,docx_override,2,"MiniMax-M2.5,kimi-k2.6","""ALL""",yes
E:\数据库\代码\Data\PDCH\实验\_新结构_待启用\.codex_audit\high_concurrency_repair_20260628_093808\manifest.json,PHQ-8,PHQ8_DAIC_WOZ_external_validation,,,2026-06-28T09:38:08,PHQ8-English-24-conditions,en,E:\数据库\代码\Data\PDCH\实验\_新结构_待启用\PHQ数据\PHQ8_prompt_set_3_nonconditional_24_conditions_English.docx,E:\数据库\代码\Data\PDCH\实验\_新结构_待启用\PHQ行号数据\PHQ8_prompt_set_3_nonconditional_24_conditions_English.docx,a3d2fe4ca94b1d34ac771141b2527191cdd82dc0352b04d760df54846b843f05,docx_override,1,glm-5.2,"[""15"", ""21"", ""22"", ""23"", ""24""]",yes
E:\数据库\代码\Data\PDCH\实验\_新结构_待启用\.codex_audit\high_concurrency_repair_20260628_093823\manifest.json,PHQ-8,PHQ8_DAIC_WOZ_external_validation,,,2026-06-28T09:38:23,PHQ8-English-24-conditions,en,E:\数据库\代码\Data\PDCH\实验\_新结构_待启用\PHQ数据\PHQ8_prompt_set_3_nonconditional_24_conditions_English.docx,E:\数据库\代码\Data\PDCH\实验\_新结构_待启用\PHQ行号数据\PHQ8_prompt_set_3_nonconditional_24_conditions_English.docx,a3d2fe4ca94b1d34ac771141b2527191cdd82dc0352b04d760df54846b843f05,docx_override,1,MiniMax-M2.5,"[""2"", ""3"", ""8"", ""14"", ""15"", ""19"", ""21"", ""22""]",yes
E:\数据库\代码\Data\PDCH\实验\_新结构_待启用\.codex_audit\high_concurrency_repair_20260628_093837\manifest.json,PHQ-8,PHQ8_DAIC_WOZ_external_validation,,,2026-06-28T09:38:37,PHQ8-English-24-conditions,en,E:\数据库\代码\Data\PDCH\实验\_新结构_待启用\PHQ数据\PHQ8_prompt_set_3_nonconditional_24_conditions_English.docx,E:\数据库\代码\Data\PDCH\实验\_新结构_待启用\PHQ行号数据\PHQ8_prompt_set_3_nonconditional_24_conditions_English.docx,a3d2fe4ca94b1d34ac771141b2527191cdd82dc0352b04d760df54846b843f05,docx_override,1,kimi-k2.6,"[""2"", ""4"", ""6"", ""8"", ""10"", ""12"", ""14"", ""16"", ""18"", ""19"", ""20"", ""22"", ""24""]",yes
E:\数据库\代码\Data\PDCH\实验\_新结构_待启用\.codex_audit\high_concurrency_repair_20260628_093851\manifest.json,PHQ-8,PHQ8_DAIC_WOZ_external_validation,,,2026-06-28T09:38:51,PHQ8-English-24-conditions,en,E:\数据库\代码\Data\PDCH\实验\_新结构_待启用\PHQ数据\PHQ8_prompt_set_3_nonconditional_24_conditions_English.docx,E:\数据库\代码\Data\PDCH\实验\_新结构_待启用\PHQ行号数据\PHQ8_prompt_set_3_nonconditional_24_conditions_English.docx,a3d2fe4ca94b1d34ac771141b2527191cdd82dc0352b04d760df54846b843f05,docx_override,1,kimi-k2.6,"[""4"", ""6"", ""8"", ""9"", ""17"", ""21""]",yes
E:\数据库\代码\Data\PDCH\实验\_新结构_待启用\.codex_audit\high_concurrency_repair_20260628_093949\manifest.json,PHQ-8,PHQ8_DAIC_WOZ_external_validation,,,2026-06-28T09:39:49,PHQ8-English-24-conditions,en,E:\数据库\代码\Data\PDCH\实验\_新结构_待启用\PHQ数据\PHQ8_prompt_set_3_nonconditional_24_conditions_English.docx,E:\数据库\代码\Data\PDCH\实验\_新结构_待启用\PHQ行号数据\PHQ8_prompt_set_3_nonconditional_24_conditions_English.docx,a3d2fe4ca94b1d34ac771141b2527191cdd82dc0352b04d760df54846b843f05,docx_override,1,mimo-v2.5-pro,"""ALL""",yes
E:\数据库\代码\Data\PDCH\实验\_新结构_待启用\.codex_audit\high_concurrency_repair_20260628_103151\manifest.json,PHQ-8,PHQ8_DAIC_WOZ_external_validation,,,2026-06-28T10:31:51,PHQ8-English-24-conditions,en,E:\数据库\代码\Data\PDCH\实验\_新结构_待启用\PHQ数据\PHQ8_prompt_set_3_nonconditional_24_conditions_English.docx,E:\数据库\代码\Data\PDCH\实验\_新结构_待启用\PHQ行号数据\PHQ8_prompt_set_3_nonconditional_24_conditions_English.docx,a3d2fe4ca94b1d34ac771141b2527191cdd82dc0352b04d760df54846b843f05,docx_override,1,glm-5.2,"[""21""]",yes
E:\数据库\代码\Data\PDCH\实验\_新结构_待启用\.codex_audit\high_concurrency_repair_20260628_110430\manifest.json,PHQ-8,PHQ8_DAIC_WOZ_external_validation,,,2026-06-28T11:04:30,PHQ8-English-24-conditions,en,E:\数据库\代码\Data\PDCH\实验\_新结构_待启用\PHQ数据\PHQ8_prompt_set_3_nonconditional_24_conditions_English.docx,E:\数据库\代码\Data\PDCH\实验\_新结构_待启用\PHQ行号数据\PHQ8_prompt_set_3_nonconditional_24_conditions_English.docx,a3d2fe4ca94b1d34ac771141b2527191cdd82dc0352b04d760df54846b843f05,docx_override,1,mimo-v2.5-pro,"[""22"", ""24""]",yes
E:\数据库\代码\Data\PDCH\实验\_新结构_待启用\.codex_audit\high_concurrency_repair_20260628_111827\manifest.json,PHQ-8,PHQ8_DAIC_WOZ_external_validation,,,2026-06-28T11:18:27,PHQ8-English-24-conditions,en,E:\数据库\代码\Data\PDCH\实验\_新结构_待启用\PHQ数据\PHQ8_prompt_set_3_nonconditional_24_conditions_English.docx,E:\数据库\代码\Data\PDCH\实验\_新结构_待启用\PHQ行号数据\PHQ8_prompt_set_3_nonconditional_24_conditions_English.docx,a3d2fe4ca94b1d34ac771141b2527191cdd82dc0352b04d760df54846b843f05,docx_override,1,mimo-v2.5-pro,"[""23""]",yes
E:\数据库\代码\Data\PDCH\实验\_新结构_待启用\.codex_audit\high_concurrency_repair_20260628_113737\manifest.json,PHQ-8,PHQ8_DAIC_WOZ_external_validation,,,2026-06-28T11:37:37,PHQ8-English-24-conditions,en,E:\数据库\代码\Data\PDCH\实验\_新结构_待启用\PHQ数据\PHQ8_prompt_set_3_nonconditional_24_conditions_English.docx,E:\数据库\代码\Data\PDCH\实验\_新结构_待启用\PHQ行号数据\PHQ8_prompt_set_3_nonconditional_24_conditions_English.docx,a3d2fe4ca94b1d34ac771141b2527191cdd82dc0352b04d760df54846b843f05,docx_override,1,mimo-v2.5-pro,"[""21""]",yes
E:\数据库\代码\Data\PDCH\实验\_新结构_待启用\.codex_audit\high_concurrency_repair_20260628_124755\manifest.json,PHQ-8,PHQ8_DAIC_WOZ_external_validation,,,2026-06-28T12:47:55,PHQ8-English-24-conditions,en,E:\数据库\代码\Data\PDCH\实验\_新结构_待启用\PHQ数据\PHQ8_prompt_set_3_nonconditional_24_conditions_English.docx,E:\数据库\代码\Data\PDCH\实验\_新结构_待启用\PHQ行号数据\PHQ8_prompt_set_3_nonconditional_24_conditions_English.docx,a3d2fe4ca94b1d34ac771141b2527191cdd82dc0352b04d760df54846b843f05,docx_override,1,mimo-v2.5-pro,"[""4"", ""5"", ""7"", ""11"", ""17"", ""19"", ""20""]",yes
E:\数据库\代码\Data\PDCH\实验\_新结构_待启用\.codex_audit\high_concurrency_repair_20260628_125343\manifest.json,PHQ-8,PHQ8_DAIC_WOZ_external_validation,,,2026-06-28T12:53:43,PHQ8-English-24-conditions,en,E:\数据库\代码\Data\PDCH\实验\_新结构_待启用\PHQ数据\PHQ8_prompt_set_3_nonconditional_24_conditions_English.docx,E:\数据库\代码\Data\PDCH\实验\_新结构_待启用\PHQ行号数据\PHQ8_prompt_set_3_nonconditional_24_conditions_English.docx,a3d2fe4ca94b1d34ac771141b2527191cdd82dc0352b04d760df54846b843f05,docx_override,1,mimo-v2.5-pro,"[""17"", ""19"", ""20""]",yes
E:\数据库\代码\Data\PDCH\实验\_新结构_待启用\.codex_audit\high_concurrency_repair_20260628_125510\manifest.json,PHQ-8,PHQ8_DAIC_WOZ_external_validation,,,2026-06-28T12:55:10,PHQ8-English-24-conditions,en,E:\数据库\代码\Data\PDCH\实验\_新结构_待启用\PHQ数据\PHQ8_prompt_set_3_nonconditional_24_conditions_English.docx,E:\数据库\代码\Data\PDCH\实验\_新结构_待启用\PHQ行号数据\PHQ8_prompt_set_3_nonconditional_24_conditions_English.docx,a3d2fe4ca94b1d34ac771141b2527191cdd82dc0352b04d760df54846b843f05,docx_override,1,mimo-v2.5-pro,"""ALL""",yes
E:\数据库\代码\Data\PDCH\实验\_新结构_待启用\.codex_audit\high_concurrency_repair_20260628_131921\manifest.json,PHQ-8,PHQ8_DAIC_WOZ_external_validation,,,2026-06-28T13:19:21,PHQ8-English-24-conditions,en,E:\数据库\代码\Data\PDCH\实验\_新结构_待启用\PHQ数据\PHQ8_prompt_set_3_nonconditional_24_conditions_English.docx,E:\数据库\代码\Data\PDCH\实验\_新结构_待启用\PHQ行号数据\PHQ8_prompt_set_3_nonconditional_24_conditions_English.docx,a3d2fe4ca94b1d34ac771141b2527191cdd82dc0352b04d760df54846b843f05,docx_override,1,mimo-v2.5-pro,"[""22"", ""24""]",yes
E:\数据库\代码\Data\PDCH\实验\_新结构_待启用\.codex_audit\high_concurrency_repair_20260628_134155\manifest.json,PHQ-8,PHQ8_DAIC_WOZ_external_validation,,,2026-06-28T13:41:55,PHQ8-English-24-conditions,en,E:\数据库\代码\Data\PDCH\实验\_新结构_待启用\PHQ数据\PHQ8_prompt_set_3_nonconditional_24_conditions_English.docx,E:\数据库\代码\Data\PDCH\实验\_新结构_待启用\PHQ行号数据\PHQ8_prompt_set_3_nonconditional_24_conditions_English.docx,a3d2fe4ca94b1d34ac771141b2527191cdd82dc0352b04d760df54846b843f05,docx_override,1,mimo-v2.5-pro,"[""23""]",yes
E:\数据库\代码\Data\PDCH\实验\_新结构_待启用\.codex_audit\high_concurrency_repair_20260628_141257\manifest.json,PHQ-8,PHQ8_DAIC_WOZ_external_validation,,,2026-06-28T14:12:57,PHQ8-English-24-conditions,en,E:\数据库\代码\Data\PDCH\实验\_新结构_待启用\PHQ数据\PHQ8_prompt_set_3_nonconditional_24_conditions_English.docx,E:\数据库\代码\Data\PDCH\实验\_新结构_待启用\PHQ行号数据\PHQ8_prompt_set_3_nonconditional_24_conditions_English.docx,a3d2fe4ca94b1d34ac771141b2527191cdd82dc0352b04d760df54846b843f05,docx_override,1,mimo-v2.5-pro,"[""21""]",yes
E:\数据库\代码\Data\PDCH\实验\_新结构_待启用\.codex_audit\high_concurrency_repair_20260628_144014\manifest.json,PHQ-8,PHQ8_DAIC_WOZ_external_validation,,,2026-06-28T14:40:14,PHQ8-English-24-conditions,en,E:\数据库\代码\Data\PDCH\实验\_新结构_待启用\PHQ数据\PHQ8_prompt_set_3_nonconditional_24_conditions_English.docx,E:\数据库\代码\Data\PDCH\实验\_新结构_待启用\PHQ行号数据\PHQ8_prompt_set_3_nonconditional_24_conditions_English.docx,a3d2fe4ca94b1d34ac771141b2527191cdd82dc0352b04d760df54846b843f05,docx_override,1,mimo-v2.5-pro,"[""20""]",yes
E:\数据库\代码\Data\PDCH\实验\_新结构_待启用\.codex_audit\high_concurrency_repair_20260628_174746\manifest.json,PHQ-8,PHQ8_DAIC_WOZ_external_validation,,,2026-06-28T17:47:46,PHQ8-English-24-conditions,en,E:\数据库\代码\Data\PDCH\实验\_新结构_待启用\PHQ数据\PHQ8_prompt_set_3_nonconditional_24_conditions_English.docx,E:\数据库\代码\Data\PDCH\实验\_新结构_待启用\PHQ行号数据\PHQ8_prompt_set_3_nonconditional_24_conditions_English.docx,a3d2fe4ca94b1d34ac771141b2527191cdd82dc0352b04d760df54846b843f05,docx_override,2,"MiniMax-M2.5,kimi-k2.6","[""8"", ""9"", ""14"", ""22""]",yes
E:\数据库\代码\Data\PDCH\实验\_新结构_待启用\.codex_audit\high_concurrency_repair_20260628_175110\manifest.json,HAMD-17,PDCH100,,,2026-06-28T17:51:10,正式使用提示词-2026-06-25,zh,E:\数据库\代码\Data\PDCH\实验\正式使用提示词.docx,E:\数据库\代码\Data\PDCH\实验\正式使用提示词.docx,68b20fdf093a3a060f6e2ac12b18cc5d5b90763d966880aec5a49832686a5436,docx_override,1,glm-5.2,"""ALL""",yes
E:\数据库\代码\Data\PDCH\实验\_新结构_待启用\.codex_audit\high_concurrency_repair_20260628_175311\manifest.json,PHQ-8,PHQ8_DAIC_WOZ_external_validation,,,2026-06-28T17:53:11,PHQ8-English-24-conditions,en,E:\数据库\代码\Data\PDCH\实验\_新结构_待启用\PHQ数据\PHQ8_prompt_set_3_nonconditional_24_conditions_English.docx,E:\数据库\代码\Data\PDCH\实验\_新结构_待启用\PHQ行号数据\PHQ8_prompt_set_3_nonconditional_24_conditions_English.docx,a3d2fe4ca94b1d34ac771141b2527191cdd82dc0352b04d760df54846b843f05,docx_override,1,mimo-v2.5-pro,"[""3"", ""11"", ""17"", ""19"", ""20""]",yes
E:\数据库\代码\Data\PDCH\实验\_新结构_待启用\.codex_audit\high_concurrency_repair_20260628_175421\manifest.json,HAMD-17,PDCH100,,,2026-06-28T17:54:21,正式使用提示词-2026-06-25,zh,,,,code_builder,1,glm-5.2,"""ALL""",yes
E:\数据库\代码\Data\PDCH\实验\_新结构_待启用\.codex_audit\high_concurrency_repair_20260628_181328\manifest.json,HAMD-17,PDCH100,,,2026-06-28T18:13:28,正式使用提示词-2026-06-25,zh,,,,code_builder,1,qwen3.7-max,"""ALL""",yes
E:\数据库\代码\Data\PDCH\实验\_新结构_待启用\.codex_audit\high_concurrency_repair_20260628_181924\manifest.json,HAMD-17,PDCH100,,,2026-06-28T18:19:24,正式使用提示词-2026-06-25,zh,,,,code_builder,1,deepseek-v4-pro,"""ALL""",yes
E:\数据库\代码\Data\PDCH\实验\_新结构_待启用\.codex_audit\high_concurrency_repair_20260628_182318\manifest.json,HAMD-17,PDCH100,,,2026-06-28T18:23:18,正式使用提示词-2026-06-25,zh,,,,code_builder,1,MiniMax-M2.5,"""ALL""",yes
E:\数据库\代码\Data\PDCH\实验\_新结构_待启用\.codex_audit\high_concurrency_repair_20260628_182605\manifest.json,HAMD-17,PDCH100,,,2026-06-28T18:26:05,正式使用提示词-2026-06-25,zh,,,,code_builder,1,kimi-k2.6,"""ALL""",yes
E:\数据库\代码\Data\PDCH\实验\_新结构_待启用\.codex_audit\high_concurrency_repair_20260628_182844\manifest.json,HAMD-17,PDCH100,,,2026-06-28T18:28:44,正式使用提示词-2026-06-25,zh,,,,code_builder,1,mimo-v2.5-pro,"""ALL""",yes
E:\数据库\代码\Data\PDCH\实验\_新结构_待启用\.codex_audit\high_concurrency_repair_20260628_225747\manifest.json,HAMD-17,PDCH100,,,2026-06-28T22:57:47,正式使用提示词-2026-06-25,zh,,,,code_builder,1,mimo-v2.5-pro,"""ALL""",yes
E:\数据库\代码\Data\PDCH\实验\_新结构_待启用\.codex_audit\high_concurrency_repair_20260629_063814\manifest.json,HAMD-17,PDCH100,,,2026-06-29T06:38:14,正式使用提示词-2026-06-25,zh,,,,code_builder,1,mimo-v2.5-pro,"""ALL""",yes
E:\数据库\代码\Data\PDCH\实验\_新结构_待启用\.codex_audit\high_concurrency_repair_20260629_072415\manifest.json,HAMD-17,PDCH100,,,2026-06-29T07:24:15,正式使用提示词-2026-06-25,zh,,,,code_builder,1,mimo-v2.5-pro,"""ALL""",yes
E:\数据库\代码\Data\PDCH\实验\_新结构_待启用\.codex_audit\high_concurrency_repair_20260629_081037\manifest.json,HAMD-17,PDCH100,,,2026-06-29T08:10:37,正式使用提示词-2026-06-25,zh,,,,code_builder,1,mimo-v2.5-pro,"""ALL""",yes
E:\数据库\代码\Data\PDCH\实验\_新结构_待启用\.codex_audit\high_concurrency_repair_20260630_003040\manifest.json,HAMD-17,PDCH,,,2026-06-30T00:30:40,正式使用提示词-2026-06-25,zh,,,,code_builder,1,glm-5.2,"[""2"", ""5"", ""7""]",yes
E:\数据库\代码\Data\PDCH\实验\_新结构_待启用\.codex_audit\high_concurrency_repair_20260630_003401\manifest.json,HAMD-17,PDCH,,,2026-06-30T00:34:01,正式使用提示词-2026-06-25,zh,,,,code_builder,1,qwen3.7-max,"[""6"", ""8""]",yes
E:\数据库\代码\Data\PDCH\实验\_新结构_待启用\.codex_audit\high_concurrency_repair_20260630_003450\manifest.json,HAMD-17,PDCH,,,2026-06-30T00:34:50,正式使用提示词-2026-06-25,zh,,,,code_builder,1,deepseek-v4-pro,"[""2"", ""5"", ""7""]",yes
E:\数据库\代码\Data\PDCH\实验\_新结构_待启用\.codex_audit\high_concurrency_repair_20260630_003558\manifest.json,HAMD-17,PDCH,,,2026-06-30T00:35:58,正式使用提示词-2026-06-25,zh,,,,code_builder,1,kimi-k2.6,"[""2"", ""3"", ""4"", ""6"", ""8"", ""10"", ""12"", ""13"", ""14"", ""15"", ""16"", ""17"", ""18"", ""19"", ""20"", ""21"", ""22"", ""23"", ""24""]",yes
E:\数据库\代码\Data\PDCH\实验\_新结构_待启用\.codex_audit\high_concurrency_repair_20260630_003657\manifest.json,HAMD-17,PDCH,,,2026-06-30T00:36:57,正式使用提示词-2026-06-25,zh,,,,code_builder,1,MiniMax-M2.5,"[""4"", ""8"", ""12"", ""16"", ""21"", ""22""]",yes
E:\数据库\代码\Data\PDCH\实验\_新结构_待启用\.codex_audit\high_concurrency_repair_20260630_004342\manifest.json,HAMD-17,PDCH,,,2026-06-30T00:43:42,正式使用提示词-2026-06-25,zh,,,,code_builder,1,MiniMax-M2.5,"[""4"", ""8"", ""12"", ""16"", ""21"", ""22""]",yes
E:\数据库\代码\Data\PDCH\实验\_新结构_待启用\.codex_audit\high_concurrency_repair_20260630_004636\manifest.json,HAMD-17,PDCH,,,2026-06-30T00:46:36,正式使用提示词-2026-06-25,zh,,,,code_builder,1,MiniMax-M2.5,"[""4"", ""16""]",yes
E:\数据库\代码\Data\PDCH\实验\_新结构_待启用\.codex_audit\high_concurrency_repair_20260722_154210\manifest.json,HAMD-17,PDCH100,PDCH_HAMD_100人,,2026-07-22T15:42:10,word-2026-06-25,zh,E:\数据库\代码\Data\PDCH\实验\_新结构_待启用\hamd正式使用提示词.docx,E:\数据库\代码\Data\PDCH\实验\_新结构_待启用\hamd正式使用提示词.docx,68b20fdf093a3a060f6e2ac12b18cc5d5b90763d966880aec5a49832686a5436,docx_override,3,"glm-5.2,qwen3.7-max,kimi-k2.6","[""1"", ""2"", ""3"", ""4"", ""5"", ""6"", ""7"", ""8"", ""9"", ""10"", ""11"", ""12"", ""13"", ""14"", ""15"", ""16""]",no
E:\数据库\代码\Data\PDCH\实验\_新结构_待启用\.codex_audit\high_concurrency_repair_20260722_154501\manifest.json,HAMD-17,PDCH100,PDCH_HAMD_100人,,2026-07-22T15:45:01,word-2026-06-25,zh,,,,code_builder,3,"glm-5.2,qwen3.7-max,kimi-k2.6","[""1"", ""2"", ""3"", ""4"", ""5"", ""6"", ""7"", ""8"", ""9"", ""10"", ""11"", ""12"", ""13"", ""14"", ""15"", ""16""]",no
E:\数据库\代码\Data\PDCH\实验\_新结构_待启用\.codex_audit\high_concurrency_repair_20260722_165531\manifest.json,HAMD-17,PDCH100,PDCH_HAMD_100人,,2026-07-22T16:55:31,word-2026-06-25,zh,,,,code_builder,3,"glm-5.2,qwen3.7-max,kimi-k2.6","[""1"", ""2"", ""3"", ""4"", ""5"", ""6"", ""7"", ""8"", ""9"", ""10"", ""11"", ""12"", ""13"", ""14"", ""15"", ""16""]",no
E:\数据库\代码\Data\PDCH\实验\_新结构_待启用\.codex_audit\high_concurrency_repair_20260722_165840\manifest.json,HAMD-17,PDCH100,PDCH_HAMD_100人,,2026-07-22T16:58:40,word-2026-06-25,zh,,,,code_builder,3,"glm-5.2,qwen3.7-max,kimi-k2.6","[""1"", ""2"", ""3"", ""4"", ""5"", ""6"", ""7"", ""8"", ""9"", ""10"", ""11"", ""12"", ""13"", ""14"", ""15"", ""16""]",no
E:\数据库\代码\Data\PDCH\实验\_新结构_待启用\.codex_audit\high_concurrency_repair_20260722_174334\manifest.json,HAMD-17,PDCH100,PDCH_HAMD_100人,,2026-07-22T17:43:34,word-2026-06-25,zh,,,,code_builder,1,kimi-k2.6,"[""1"", ""2"", ""3"", ""4"", ""5"", ""6"", ""7"", ""8"", ""9"", ""10"", ""11"", ""12"", ""13"", ""14"", ""15"", ""16""]",no
E:\数据库\代码\Data\PDCH\实验\_新结构_待启用\.codex_audit\high_concurrency_repair_20260723_221801\manifest.json,HAMD-17,PDCH100,PDCH_HAMD_100人,thinking_on_20260723,2026-07-23T22:18:01,word-2026-06-25,zh,,,,code_builder,1,qwen3.7-max,"[""1"", ""2"", ""3"", ""4"", ""5"", ""6"", ""7"", ""8"", ""9"", ""10"", ""11"", ""12"", ""13"", ""14"", ""15"", ""16""]",yes
E:\数据库\代码\Data\PDCH\实验\_新结构_待启用\.codex_audit\high_concurrency_repair_20260724_012654\manifest.json,HAMD-17,PDCH100,PDCH_HAMD_100人,thinking_on_20260723,2026-07-24T01:26:54,word-2026-06-25,zh,,,,code_builder,1,qwen3.7-max,"[""13"", ""14"", ""15"", ""16""]",yes
E:\数据库\代码\Data\PDCH\实验\_新结构_待启用\.codex_audit\high_concurrency_repair_20260724_021229\manifest.json,HAMD-17,PDCH100,PDCH_HAMD_100人,thinking_on_20260724,2026-07-24T02:12:29,word-2026-06-25,zh,,,,code_builder,1,kimi-k2.6,"[""1"", ""2"", ""3"", ""4"", ""5"", ""6"", ""7"", ""8"", ""9"", ""10"", ""11"", ""12"", ""13"", ""14"", ""15"", ""16""]",yes
E:\数据库\代码\Data\PDCH\实验\_新结构_待启用\.codex_audit\high_concurrency_repair_20260724_130409\manifest.json,HAMD-17,PDCH100,PDCH_HAMD_100人,thinking_on_20260724,2026-07-24T13:04:09,word-2026-06-25,zh,,,,code_builder,1,kimi-k2.6,"[""1"", ""2"", ""3"", ""4"", ""5"", ""6"", ""7"", ""8"", ""9"", ""10"", ""11"", ""12"", ""13"", ""14"", ""15"", ""16""]",yes
E:\数据库\代码\Data\PDCH\实验\_新结构_待启用\.codex_audit\high_concurrency_repair_20260724_150444\manifest.json,HAMD-17,PDCH100,PDCH_HAMD_100人,thinking_on_20260724,2026-07-24T15:04:44,word-2026-06-25,zh,,,,code_builder,1,kimi-k2.6,"[""15""]",yes
E:\数据库\代码\Data\PDCH\实验\_新结构_待启用\.codex_audit\high_concurrency_repair_20260724_152509\manifest.json,HAMD-17,PDCH100,PDCH_HAMD_100人,thinking_on_20260724,2026-07-24T15:25:09,word-2026-06-25,zh,,,,code_builder,1,kimi-k2.6,"[""16""]",yes
E:\数据库\代码\Data\PDCH\实验\_新结构_待启用\.codex_audit\high_concurrency_repair_20260724_202114\manifest.json,HAMD-17,PDCH100,PDCH_HAMD_100人,,2026-07-24T20:21:14,word-2026-06-25,zh,,,,code_builder,1,glm-5.2,"[""17"", ""18"", ""19"", ""20"", ""21"", ""22"", ""23"", ""24""]",no
E:\数据库\代码\Data\PDCH\实验\_新结构_待启用\.codex_audit\high_concurrency_repair_20260724_230030\manifest.json,HAMD-17,PDCH100,PDCH_HAMD_100人,,2026-07-24T23:00:30,word-2026-06-25,zh,,,,code_builder,1,glm-5.2,"[""17"", ""18"", ""19"", ""20"", ""21"", ""22"", ""23"", ""24""]",no
E:\数据库\代码\Data\PDCH\实验\_新结构_待启用\.codex_audit\high_concurrency_repair_20260725_082207\manifest.json,HAMD-17,PDCH100,PDCH_HAMD_100人,,2026-07-25T08:22:07,word-2026-06-25,zh,,,,code_builder,1,glm-5.2,"[""17"", ""18"", ""19"", ""20"", ""21"", ""22"", ""23"", ""24""]",no
E:\数据库\代码\Data\PDCH\实验\_新结构_待启用\.codex_audit\high_concurrency_repair_20260725_152504\manifest.json,HAMD-17,PDCH100,PDCH_HAMD_100人,,2026-07-25T15:25:04,word-2026-06-25,zh,,,,code_builder,1,glm-5.2,"[""17"", ""18"", ""19"", ""20"", ""21"", ""22"", ""23"", ""24""]",no
E:\数据库\代码\Data\PDCH\实验\_新结构_待启用\.codex_audit\high_concurrency_repair_20260725_163353\manifest.json,HAMD-17,PDCH100,PDCH_HAMD_100人,,2026-07-25T16:33:53,word-2026-06-25,zh,,,,code_builder,1,glm-5.2,"[""20"", ""21"", ""22"", ""23"", ""24""]",no
E:\数据库\代码\Data\PDCH\实验\_新结构_待启用\.codex_audit\high_concurrency_repair_20260725_164951\manifest.json,HAMD-17,PDCH100,PDCH_HAMD_100人,,2026-07-25T16:49:51,word-2026-06-25,zh,,,,code_builder,1,glm-5.2,"[""21""]",no
E:\数据库\代码\Data\PDCH\实验\_新结构_待启用\.codex_audit\high_concurrency_repair_20260725_215822\manifest.json,HAMD-17,PDCH,PDCH_HAMD_24人,,2026-07-25T21:58:22,word-2026-06-25,zh,,,,code_builder,1,kimi-k2.6,"[""3""]",no
E:\数据库\代码\Data\PDCH\实验\_新结构_待启用\.codex_audit\high_concurrency_repair_20260725_220450\manifest.json,HAMD-17,PDCH,PDCH_HAMD_24人,,2026-07-25T22:04:50,word-2026-06-25,zh,,,,code_builder,1,glm-5.2,"[""2""]",no
E:\数据库\代码\Data\PDCH\实验\_新结构_待启用\.codex_audit\high_concurrency_repair_20260725_220618\manifest.json,HAMD-17,PDCH,PDCH_HAMD_24人,,2026-07-25T22:06:18,word-2026-06-25,zh,,,,code_builder,1,qwen3.7-max,"[""6"", ""8""]",no
E:\数据库\代码\Data\PDCH\实验\_新结构_待启用\.codex_audit\high_concurrency_repair_20260725_220752\manifest.json,HAMD-17,PDCH,PDCH_HAMD_24人,,2026-07-25T22:07:52,word-2026-06-25,zh,,,,code_builder,1,qwen3.7-max,"""ALL""",no
E:\数据库\代码\Data\PDCH\实验\_新结构_待启用\.codex_audit\high_concurrency_repair_20260725_220829\manifest.json,HAMD-17,PDCH,PDCH_HAMD_24人,,2026-07-25T22:08:29,word-2026-06-25,zh,,,,code_builder,1,qwen3.7-max,"[""6"", ""8""]",no
E:\数据库\代码\Data\PDCH\实验\_新结构_待启用\.codex_audit\high_concurrency_repair_20260725_221002\manifest.json,HAMD-17,PDCH,PDCH_HAMD_24人_开思考_20260722,,2026-07-25T22:10:02,word-2026-06-25,zh,,,,code_builder,1,qwen3.7-max,"""ALL""",no
E:\数据库\代码\Data\PDCH\实验\_新结构_待启用\.codex_audit\high_concurrency_repair_20260725_221025\manifest.json,HAMD-17,PDCH,PDCH_HAMD_24人_开思考_20260722,,2026-07-25T22:10:25,word-2026-06-25,zh,,,,code_builder,1,qwen3.7-max,"[""6"", ""8""]",no
E:\数据库\代码\Data\PDCH\实验\_新结构_待启用\.codex_audit\high_concurrency_repair_20260725_221533\manifest.json,HAMD-17,PDCH,PDCH_HAMD_100人,,2026-07-25T22:15:33,word-2026-06-25,zh,,,,code_builder,1,qwen3.7-max,"[""17"", ""18"", ""20"", ""21""]",no
E:\数据库\代码\Data\PDCH\实验\_新结构_待启用\.codex_audit\high_concurrency_repair_20260725_222126\manifest.json,HAMD-17,PDCH,PDCH_HAMD_100人,,2026-07-25T22:21:26,word-2026-06-25,zh,,,,code_builder,1,qwen3.7-max,"[""17"", ""18""]",no
E:\数据库\代码\Data\PDCH\实验\_新结构_待启用\.codex_audit\high_concurrency_repair_20260725_222240\manifest.json,HAMD-17,PDCH,PDCH_HAMD_100人,,2026-07-25T22:22:40,word-2026-06-25,zh,,,,code_builder,1,qwen3.7-max,"[""18""]",no
E:\数据库\代码\Data\PDCH\实验\_新结构_待启用\.codex_audit\high_concurrency_repair_20260725_222330\manifest.json,HAMD-17,PDCH,PDCH_HAMD_24人,,2026-07-25T22:23:30,word-2026-06-25,zh,,,,code_builder,1,kimi-k2.6,"[""17"", ""18"", ""19"", ""20"", ""21"", ""22"", ""23"", ""24""]",no
E:\数据库\代码\Data\PDCH\实验\_新结构_待启用\.codex_audit\high_concurrency_repair_20260725_232030\manifest.json,HAMD-17,PDCH,PDCH_HAMD_100人,,2026-07-25T23:20:30,word-2026-06-25,zh,,,,code_builder,1,qwen3.7-max,"[""18""]",no
E:\数据库\代码\Data\PDCH\实验\_新结构_待启用\.codex_audit\high_concurrency_repair_20260725_232102\manifest.json,HAMD-17,PDCH,PDCH_HAMD_100人,,2026-07-25T23:21:02,word-2026-06-25,zh,,,,code_builder,1,qwen3.7-max,"[""21""]",no
E:\数据库\代码\Data\PDCH\实验\_新结构_待启用\.codex_audit\high_concurrency_repair_20260725_232135\manifest.json,HAMD-17,PDCH,PDCH_HAMD_100人,,2026-07-25T23:21:35,word-2026-06-25,zh,,,,code_builder,1,qwen3.7-max,"[""18""]",no
E:\数据库\代码\Data\PDCH\实验\_新结构_待启用\.codex_audit\high_concurrency_repair_20260727_025701\manifest.json,PHQ-8,DAIC-WOZ-PHQ8,PHQ_全量189人,thinking,2026-07-27T02:57:01,PHQ8-word-2026-06-27,en,E:\数据库\代码\Data\PDCH\实验\_新结构_待启用\PHQ全量189人_调用就绪\prompts\PHQ8_prompt_set_3_nonconditional_24_conditions_English.docx,E:\数据库\代码\Data\PDCH\实验\_新结构_待启用\PHQ全量189人_调用就绪\prompts\PHQ8_prompt_set_3_nonconditional_24_conditions_English.docx,a3d2fe4ca94b1d34ac771141b2527191cdd82dc0352b04d760df54846b843f05,docx_override,3,"glm-5.2,qwen3.7-max,deepseek-v4-pro","[""1"", ""2"", ""3"", ""4"", ""5"", ""6"", ""7"", ""8"", ""9"", ""10"", ""11"", ""12"", ""13"", ""14"", ""15"", ""16"", ""17"", ""18"", ""19"", ""20"", ""21"", ""22"", ""23"", ""24""]",yes
E:\数据库\代码\Data\PDCH\实验\_新结构_待启用\.codex_audit\high_concurrency_repair_20260727_031758\manifest.json,PHQ-8,DAIC-WOZ-PHQ8,PHQ_全量189人,thinking,2026-07-27T03:17:58,PHQ8-word-2026-06-27,en,E:\数据库\代码\Data\PDCH\实验\_新结构_待启用\PHQ全量189人_调用就绪\prompts\PHQ8_prompt_set_3_nonconditional_24_conditions_English.docx,E:\数据库\代码\Data\PDCH\实验\_新结构_待启用\PHQ全量189人_调用就绪\prompts\PHQ8_prompt_set_3_nonconditional_24_conditions_English.docx,a3d2fe4ca94b1d34ac771141b2527191cdd82dc0352b04d760df54846b843f05,docx_override,3,"glm-5.2,qwen3.7-max,deepseek-v4-pro","[""1"", ""2"", ""3"", ""4"", ""5"", ""6"", ""7"", ""8"", ""9"", ""10"", ""11"", ""12"", ""13"", ""14"", ""15"", ""16"", ""17"", ""18"", ""19"", ""20"", ""21"", ""22"", ""23"", ""24""]",yes
E:\数据库\代码\Data\PDCH\实验\_新结构_待启用\.codex_audit\high_concurrency_repair_20260727_032316\manifest.json,PHQ-8,DAIC-WOZ-PHQ8,PHQ_全量189人,thinking,2026-07-27T03:23:16,PHQ8-word-2026-06-27,en,E:\数据库\代码\Data\PDCH\实验\_新结构_待启用\PHQ全量189人_调用就绪\prompts\PHQ8_prompt_set_3_nonconditional_24_conditions_English.docx,E:\数据库\代码\Data\PDCH\实验\_新结构_待启用\PHQ全量189人_调用就绪\prompts\PHQ8_prompt_set_3_nonconditional_24_conditions_English.docx,a3d2fe4ca94b1d34ac771141b2527191cdd82dc0352b04d760df54846b843f05,docx_override,3,"glm-5.2,qwen3.7-max,deepseek-v4-pro","[""1"", ""2"", ""3"", ""4"", ""5"", ""6"", ""7"", ""8"", ""9"", ""10"", ""11"", ""12"", ""13"", ""14"", ""15"", ""16""]",yes
E:\数据库\代码\Data\PDCH\实验\_新结构_待启用\.codex_audit\high_concurrency_repair_20260727_161304\manifest.json,PHQ-8,DAIC-WOZ-PHQ8,PHQ_全量189人,thinking,2026-07-27T16:13:04,PHQ8-word-2026-06-27,en,E:\数据库\代码\Data\PDCH\实验\_新结构_待启用\PHQ全量189人_调用就绪\prompts\PHQ8_prompt_set_3_nonconditional_24_conditions_English.docx,E:\数据库\代码\Data\PDCH\实验\_新结构_待启用\PHQ全量189人_调用就绪\prompts\PHQ8_prompt_set_3_nonconditional_24_conditions_English.docx,a3d2fe4ca94b1d34ac771141b2527191cdd82dc0352b04d760df54846b843f05,docx_override,3,"glm-5.2,qwen3.7-max,deepseek-v4-pro","[""1"", ""2"", ""3"", ""4"", ""5"", ""6"", ""7"", ""8"", ""9"", ""10"", ""11"", ""12"", ""13"", ""14"", ""15"", ""16""]",yes
E:\数据库\代码\Data\PDCH\实验\_新结构_待启用\.codex_audit\high_concurrency_repair_20260727_161707\manifest.json,PHQ-8,DAIC-WOZ-PHQ8,PHQ_全量189人,thinking,2026-07-27T16:17:07,PHQ8-word-2026-06-27,en,E:\数据库\代码\Data\PDCH\实验\_新结构_待启用\PHQ全量189人_调用就绪\prompts\PHQ8_prompt_set_3_nonconditional_24_conditions_English.docx,E:\数据库\代码\Data\PDCH\实验\_新结构_待启用\PHQ全量189人_调用就绪\prompts\PHQ8_prompt_set_3_nonconditional_24_conditions_English.docx,a3d2fe4ca94b1d34ac771141b2527191cdd82dc0352b04d760df54846b843f05,docx_override,3,"glm-5.2,qwen3.7-max,deepseek-v4-pro","[""1"", ""2"", ""3"", ""4"", ""5"", ""6"", ""7"", ""8"", ""9"", ""10"", ""11"", ""12"", ""13"", ""14"", ""15"", ""16""]",yes
E:\数据库\代码\Data\PDCH\实验\_新结构_待启用\.codex_audit\high_concurrency_repair_20260727_162024\manifest.json,PHQ-8,DAIC-WOZ-PHQ8,PHQ_全量189人,thinking,2026-07-27T16:20:24,PHQ8-word-2026-06-27,en,E:\数据库\代码\Data\PDCH\实验\_新结构_待启用\PHQ全量189人_调用就绪\prompts\PHQ8_prompt_set_3_nonconditional_24_conditions_English.docx,E:\数据库\代码\Data\PDCH\实验\_新结构_待启用\PHQ全量189人_调用就绪\prompts\PHQ8_prompt_set_3_nonconditional_24_conditions_English.docx,a3d2fe4ca94b1d34ac771141b2527191cdd82dc0352b04d760df54846b843f05,docx_override,3,"glm-5.2,qwen3.7-max,deepseek-v4-pro","[""1"", ""2"", ""3"", ""4"", ""5"", ""6"", ""7"", ""8"", ""9"", ""10"", ""11"", ""12"", ""13"", ""14"", ""15"", ""16""]",yes
E:\数据库\代码\Data\PDCH\实验\_新结构_待启用\.codex_audit\high_concurrency_repair_20260727_162148\manifest.json,PHQ-8,DAIC-WOZ-PHQ8,PHQ_全量189人,thinking,2026-07-27T16:21:48,PHQ8-word-2026-06-27,en,E:\数据库\代码\Data\PDCH\实验\_新结构_待启用\PHQ全量189人_调用就绪\prompts\PHQ8_prompt_set_3_nonconditional_24_conditions_English.docx,E:\数据库\代码\Data\PDCH\实验\_新结构_待启用\PHQ全量189人_调用就绪\prompts\PHQ8_prompt_set_3_nonconditional_24_conditions_English.docx,a3d2fe4ca94b1d34ac771141b2527191cdd82dc0352b04d760df54846b843f05,docx_override,3,"glm-5.2,qwen3.7-max,deepseek-v4-pro","[""1"", ""2"", ""3"", ""4"", ""5"", ""6"", ""7"", ""8"", ""9"", ""10"", ""11"", ""12"", ""13"", ""14"", ""15"", ""16""]",yes
E:\数据库\代码\Data\PDCH\实验\_新结构_待启用\.codex_audit\high_concurrency_repair_20260727_162426\manifest.json,PHQ-8,DAIC-WOZ-PHQ8,PHQ_全量189人,thinking,2026-07-27T16:24:26,PHQ8-word-2026-06-27,en,E:\数据库\代码\Data\PDCH\实验\_新结构_待启用\PHQ全量189人_调用就绪\prompts\PHQ8_prompt_set_3_nonconditional_24_conditions_English.docx,E:\数据库\代码\Data\PDCH\实验\_新结构_待启用\PHQ全量189人_调用就绪\prompts\PHQ8_prompt_set_3_nonconditional_24_conditions_English.docx,a3d2fe4ca94b1d34ac771141b2527191cdd82dc0352b04d760df54846b843f05,docx_override,3,"glm-5.2,qwen3.7-max,deepseek-v4-pro","[""1"", ""2"", ""3"", ""4"", ""5"", ""6"", ""7"", ""8"", ""9"", ""10"", ""11"", ""12"", ""13"", ""14"", ""15"", ""16""]",yes
E:\数据库\代码\Data\PDCH\实验\_新结构_待启用\.codex_audit\high_concurrency_repair_20260727_162701\manifest.json,PHQ-8,DAIC-WOZ-PHQ8,PHQ_全量189人,thinking,2026-07-27T16:27:01,PHQ8-word-2026-06-27,en,E:\数据库\代码\Data\PDCH\实验\_新结构_待启用\PHQ全量189人_调用就绪\prompts\PHQ8_prompt_set_3_nonconditional_24_conditions_English.docx,E:\数据库\代码\Data\PDCH\实验\_新结构_待启用\PHQ全量189人_调用就绪\prompts\PHQ8_prompt_set_3_nonconditional_24_conditions_English.docx,a3d2fe4ca94b1d34ac771141b2527191cdd82dc0352b04d760df54846b843f05,docx_override,3,"glm-5.2,qwen3.7-max,deepseek-v4-pro","[""1"", ""2"", ""3"", ""4"", ""5"", ""6"", ""7"", ""8"", ""9"", ""10"", ""11"", ""12"", ""13"", ""14"", ""15"", ""16""]",yes
E:\数据库\代码\Data\PDCH\实验\_新结构_待启用\.codex_audit\high_concurrency_repair_20260727_163244\manifest.json,PHQ-8,DAIC-WOZ-PHQ8,PHQ_全量189人,safety_probe,2026-07-27T16:32:44,PHQ8-word-2026-06-27,en,E:\数据库\代码\Data\PDCH\实验\_新结构_待启用\PHQ全量189人_调用就绪\prompts\PHQ8_prompt_set_3_nonconditional_24_conditions_English.docx,E:\数据库\代码\Data\PDCH\实验\_新结构_待启用\PHQ全量189人_调用就绪\prompts\PHQ8_prompt_set_3_nonconditional_24_conditions_English.docx,a3d2fe4ca94b1d34ac771141b2527191cdd82dc0352b04d760df54846b843f05,docx_override,1,glm-5.2,"[""1""]",no
E:\数据库\代码\Data\PDCH\实验\_新结构_待启用\.codex_audit\high_concurrency_repair_20260727_163454\manifest.json,PHQ-8,DAIC-WOZ-PHQ8,PHQ_全量189人,safety_probe2,2026-07-27T16:34:54,PHQ8-word-2026-06-27,en,,,,code_builder,1,glm-5.2,"[""1""]",no
E:\数据库\代码\Data\PDCH\实验\_新结构_待启用\.codex_audit\high_concurrency_repair_20260727_163739\manifest.json,PHQ-8,DAIC-WOZ-PHQ8,PHQ_全量189人,safety_probe3,2026-07-27T16:37:39,PHQ8-word-2026-06-27,en,E:\数据库\代码\Data\PDCH\实验\_新结构_待启用\PHQ全量189人_调用就绪\prompts\PHQ8_prompt_set_3_nonconditional_24_conditions_English.docx,E:\数据库\代码\Data\PDCH\实验\_新结构_待启用\PHQ全量189人_调用就绪\prompts\PHQ8_prompt_set_3_nonconditional_24_conditions_English.docx,a3d2fe4ca94b1d34ac771141b2527191cdd82dc0352b04d760df54846b843f05,docx_override,1,glm-5.2,"[""1""]",no
E:\数据库\代码\Data\PDCH\实验\_新结构_待启用\.codex_audit\high_concurrency_repair_20260727_165645\manifest.json,PHQ-8,DAIC-WOZ-PHQ8,PHQ_全量189人,thinking,2026-07-27T16:56:45,PHQ8-word-2026-06-27,en,E:\数据库\代码\Data\PDCH\实验\_新结构_待启用\PHQ全量189人_调用就绪\prompts\PHQ8_prompt_set_3_nonconditional_24_conditions_English.docx,E:\数据库\代码\Data\PDCH\实验\_新结构_待启用\PHQ全量189人_调用就绪\prompts\PHQ8_prompt_set_3_nonconditional_24_conditions_English.docx,a3d2fe4ca94b1d34ac771141b2527191cdd82dc0352b04d760df54846b843f05,docx_override,3,"glm-5.2,qwen3.7-max,deepseek-v4-pro","[""1"", ""2"", ""3"", ""4"", ""5"", ""6"", ""7"", ""8"", ""9"", ""10"", ""11"", ""12"", ""13"", ""14"", ""15"", ""16""]",yes
E:\数据库\代码\Data\PDCH\实验\_新结构_待启用\.codex_audit\high_concurrency_repair_20260727_165722\manifest.json,PHQ-8,DAIC-WOZ-PHQ8,PHQ_全量189人,thinking,2026-07-27T16:57:22,PHQ8-word-2026-06-27,en,E:\数据库\代码\Data\PDCH\实验\_新结构_待启用\PHQ全量189人_调用就绪\prompts\PHQ8_prompt_set_3_nonconditional_24_conditions_English.docx,E:\数据库\代码\Data\PDCH\实验\_新结构_待启用\PHQ全量189人_调用就绪\prompts\PHQ8_prompt_set_3_nonconditional_24_conditions_English.docx,a3d2fe4ca94b1d34ac771141b2527191cdd82dc0352b04d760df54846b843f05,docx_override,3,"glm-5.2,qwen3.7-max,deepseek-v4-pro","[""1"", ""2"", ""3"", ""4"", ""5"", ""6"", ""7"", ""8"", ""9"", ""10"", ""11"", ""12"", ""13"", ""14"", ""15"", ""16""]",yes
E:\数据库\代码\Data\PDCH\实验\_新结构_待启用\.codex_audit\high_concurrency_repair_20260727_232912\manifest.json,PHQ-8,DAIC-WOZ-PHQ8,PHQ_全量189人,thinking,2026-07-27T23:29:12,PHQ8-word-2026-06-27,en,E:\数据库\代码\Data\PDCH\实验\_新结构_待启用\PHQ全量189人_调用就绪\prompts\PHQ8_prompt_set_3_nonconditional_24_conditions_English.docx,E:\数据库\代码\Data\PDCH\实验\_新结构_待启用\PHQ全量189人_调用就绪\prompts\PHQ8_prompt_set_3_nonconditional_24_conditions_English.docx,a3d2fe4ca94b1d34ac771141b2527191cdd82dc0352b04d760df54846b843f05,docx_override,3,"glm-5.2,qwen3.7-max,deepseek-v4-pro","[""1"", ""2"", ""3"", ""4"", ""5"", ""6"", ""7"", ""8"", ""9"", ""10"", ""11"", ""12"", ""13"", ""14"", ""15"", ""16""]",yes
E:\数据库\代码\Data\PDCH\实验\_新结构_待启用\.codex_audit\high_concurrency_repair_20260728_041258\manifest.json,PHQ-8,DAIC-WOZ-PHQ8,PHQ_全量189人,thinking,2026-07-28T04:12:58,PHQ8-word-2026-06-27,en,E:\数据库\代码\Data\PDCH\实验\_新结构_待启用\PHQ全量189人_调用就绪\prompts\PHQ8_prompt_set_3_nonconditional_24_conditions_English.docx,E:\数据库\代码\Data\PDCH\实验\_新结构_待启用\PHQ全量189人_调用就绪\prompts\PHQ8_prompt_set_3_nonconditional_24_conditions_English.docx,a3d2fe4ca94b1d34ac771141b2527191cdd82dc0352b04d760df54846b843f05,docx_override,3,"glm-5.2,qwen3.7-max,deepseek-v4-pro","[""1"", ""2"", ""3"", ""4"", ""5"", ""6"", ""7"", ""8""]",yes
E:\数据库\代码\Data\PDCH\实验\_新结构_待启用\.codex_audit\high_concurrency_repair_20260728_113716\manifest.json,PHQ-8,DAIC-WOZ-PHQ8,PHQ_全量189人,thinking,2026-07-28T11:37:16,PHQ8-word-2026-06-27,en,E:\数据库\代码\Data\PDCH\实验\_新结构_待启用\PHQ全量189人_调用就绪\prompts\PHQ8_prompt_set_3_nonconditional_24_conditions_English.docx,E:\数据库\代码\Data\PDCH\实验\_新结构_待启用\PHQ全量189人_调用就绪\prompts\PHQ8_prompt_set_3_nonconditional_24_conditions_English.docx,a3d2fe4ca94b1d34ac771141b2527191cdd82dc0352b04d760df54846b843f05,docx_override,3,"glm-5.2,qwen3.7-max,deepseek-v4-pro","[""1"", ""2"", ""3"", ""4"", ""5"", ""6"", ""7"", ""8""]",yes
E:\数据库\代码\Data\PDCH\实验\_新结构_待启用\.codex_audit\high_concurrency_repair_20260728_114300\manifest.json,PHQ-8,DAIC-WOZ-PHQ8,PHQ_全量189人,thinking,2026-07-28T11:43:00,PHQ8-word-2026-06-27,en,E:\数据库\代码\Data\PDCH\实验\_新结构_待启用\PHQ全量189人_调用就绪\prompts\PHQ8_prompt_set_3_nonconditional_24_conditions_English.docx,E:\数据库\代码\Data\PDCH\实验\_新结构_待启用\PHQ全量189人_调用就绪\prompts\PHQ8_prompt_set_3_nonconditional_24_conditions_English.docx,a3d2fe4ca94b1d34ac771141b2527191cdd82dc0352b04d760df54846b843f05,docx_override,3,"glm-5.2,qwen3.7-max,deepseek-v4-pro","[""1"", ""2"", ""3"", ""4"", ""5"", ""6"", ""7"", ""8""]",yes
E:\数据库\代码\Data\PDCH\实验\_新结构_待启用\.codex_audit\high_concurrency_repair_20260728_114432\manifest.json,PHQ-8,DAIC-WOZ-PHQ8,PHQ_全量189人,thinking,2026-07-28T11:44:32,PHQ8-word-2026-06-27,en,E:\数据库\代码\Data\PDCH\实验\_新结构_待启用\PHQ全量189人_调用就绪\prompts\PHQ8_prompt_set_3_nonconditional_24_conditions_English.docx,E:\数据库\代码\Data\PDCH\实验\_新结构_待启用\PHQ全量189人_调用就绪\prompts\PHQ8_prompt_set_3_nonconditional_24_conditions_English.docx,a3d2fe4ca94b1d34ac771141b2527191cdd82dc0352b04d760df54846b843f05,docx_override,3,"glm-5.2,qwen3.7-max,deepseek-v4-pro","[""1"", ""2"", ""3"", ""4"", ""5"", ""6"", ""7"", ""8""]",yes
E:\数据库\代码\Data\PDCH\实验\_新结构_待启用\.codex_audit\high_concurrency_repair_20260728_114520\manifest.json,PHQ-8,DAIC-WOZ-PHQ8,PHQ_全量189人,thinking,2026-07-28T11:45:20,PHQ8-word-2026-06-27,en,E:\数据库\代码\Data\PDCH\实验\_新结构_待启用\PHQ全量189人_调用就绪\prompts\PHQ8_prompt_set_3_nonconditional_24_conditions_English.docx,E:\数据库\代码\Data\PDCH\实验\_新结构_待启用\PHQ全量189人_调用就绪\prompts\PHQ8_prompt_set_3_nonconditional_24_conditions_English.docx,a3d2fe4ca94b1d34ac771141b2527191cdd82dc0352b04d760df54846b843f05,docx_override,3,"glm-5.2,qwen3.7-max,deepseek-v4-pro","[""1"", ""2"", ""3"", ""4"", ""5"", ""6"", ""7"", ""8""]",yes
E:\数据库\代码\Data\PDCH\实验\_新结构_待启用\.codex_audit\high_concurrency_repair_20260728_114609\manifest.json,PHQ-8,DAIC-WOZ-PHQ8,PHQ_全量189人,thinking,2026-07-28T11:46:09,PHQ8-word-2026-06-27,en,E:\数据库\代码\Data\PDCH\实验\_新结构_待启用\PHQ全量189人_调用就绪\prompts\PHQ8_prompt_set_3_nonconditional_24_conditions_English.docx,E:\数据库\代码\Data\PDCH\实验\_新结构_待启用\PHQ全量189人_调用就绪\prompts\PHQ8_prompt_set_3_nonconditional_24_conditions_English.docx,a3d2fe4ca94b1d34ac771141b2527191cdd82dc0352b04d760df54846b843f05,docx_override,3,"glm-5.2,qwen3.7-max,deepseek-v4-pro","[""1"", ""2"", ""3"", ""4"", ""5"", ""6"", ""7"", ""8""]",yes
E:\数据库\代码\Data\PDCH\实验\_新结构_待启用\.codex_audit\high_concurrency_repair_20260728_114659\manifest.json,PHQ-8,DAIC-WOZ-PHQ8,PHQ_全量189人,thinking,2026-07-28T11:46:59,PHQ8-word-2026-06-27,en,E:\数据库\代码\Data\PDCH\实验\_新结构_待启用\PHQ全量189人_调用就绪\prompts\PHQ8_prompt_set_3_nonconditional_24_conditions_English.docx,E:\数据库\代码\Data\PDCH\实验\_新结构_待启用\PHQ全量189人_调用就绪\prompts\PHQ8_prompt_set_3_nonconditional_24_conditions_English.docx,a3d2fe4ca94b1d34ac771141b2527191cdd82dc0352b04d760df54846b843f05,docx_override,3,"glm-5.2,qwen3.7-max,deepseek-v4-pro","[""1"", ""2"", ""3"", ""4"", ""5"", ""6"", ""7"", ""8""]",yes
E:\数据库\代码\Data\PDCH\实验\_新结构_待启用\.codex_audit\high_concurrency_repair_20260728_114747\manifest.json,PHQ-8,DAIC-WOZ-PHQ8,PHQ_全量189人,thinking,2026-07-28T11:47:47,PHQ8-word-2026-06-27,en,E:\数据库\代码\Data\PDCH\实验\_新结构_待启用\PHQ全量189人_调用就绪\prompts\PHQ8_prompt_set_3_nonconditional_24_conditions_English.docx,E:\数据库\代码\Data\PDCH\实验\_新结构_待启用\PHQ全量189人_调用就绪\prompts\PHQ8_prompt_set_3_nonconditional_24_conditions_English.docx,a3d2fe4ca94b1d34ac771141b2527191cdd82dc0352b04d760df54846b843f05,docx_override,3,"glm-5.2,qwen3.7-max,deepseek-v4-pro","[""1"", ""2"", ""3"", ""4"", ""5"", ""6"", ""7"", ""8""]",yes
E:\数据库\代码\Data\PDCH\实验\_新结构_待启用\.codex_audit\high_concurrency_repair_20260728_114835\manifest.json,PHQ-8,DAIC-WOZ-PHQ8,PHQ_全量189人,thinking,2026-07-28T11:48:35,PHQ8-word-2026-06-27,en,E:\数据库\代码\Data\PDCH\实验\_新结构_待启用\PHQ全量189人_调用就绪\prompts\PHQ8_prompt_set_3_nonconditional_24_conditions_English.docx,E:\数据库\代码\Data\PDCH\实验\_新结构_待启用\PHQ全量189人_调用就绪\prompts\PHQ8_prompt_set_3_nonconditional_24_conditions_English.docx,a3d2fe4ca94b1d34ac771141b2527191cdd82dc0352b04d760df54846b843f05,docx_override,3,"glm-5.2,qwen3.7-max,deepseek-v4-pro","[""1"", ""2"", ""3"", ""4"", ""5"", ""6"", ""7"", ""8""]",yes
E:\数据库\代码\Data\PDCH\实验\_新结构_待启用\.codex_audit\high_concurrency_repair_20260728_114923\manifest.json,PHQ-8,DAIC-WOZ-PHQ8,PHQ_全量189人,thinking,2026-07-28T11:49:23,PHQ8-word-2026-06-27,en,E:\数据库\代码\Data\PDCH\实验\_新结构_待启用\PHQ全量189人_调用就绪\prompts\PHQ8_prompt_set_3_nonconditional_24_conditions_English.docx,E:\数据库\代码\Data\PDCH\实验\_新结构_待启用\PHQ全量189人_调用就绪\prompts\PHQ8_prompt_set_3_nonconditional_24_conditions_English.docx,a3d2fe4ca94b1d34ac771141b2527191cdd82dc0352b04d760df54846b843f05,docx_override,3,"glm-5.2,qwen3.7-max,deepseek-v4-pro","[""1"", ""2"", ""3"", ""4"", ""5"", ""6"", ""7"", ""8""]",yes
E:\数据库\代码\Data\PDCH\实验\_新结构_待启用\.codex_audit\high_concurrency_repair_20260728_115013\manifest.json,PHQ-8,DAIC-WOZ-PHQ8,PHQ_全量189人,thinking,2026-07-28T11:50:13,PHQ8-word-2026-06-27,en,E:\数据库\代码\Data\PDCH\实验\_新结构_待启用\PHQ全量189人_调用就绪\prompts\PHQ8_prompt_set_3_nonconditional_24_conditions_English.docx,E:\数据库\代码\Data\PDCH\实验\_新结构_待启用\PHQ全量189人_调用就绪\prompts\PHQ8_prompt_set_3_nonconditional_24_conditions_English.docx,a3d2fe4ca94b1d34ac771141b2527191cdd82dc0352b04d760df54846b843f05,docx_override,3,"glm-5.2,qwen3.7-max,deepseek-v4-pro","[""1"", ""2"", ""3"", ""4"", ""5"", ""6"", ""7"", ""8""]",yes
E:\数据库\代码\Data\PDCH\实验\_新结构_待启用\.codex_audit\high_concurrency_repair_20260728_115100\manifest.json,PHQ-8,DAIC-WOZ-PHQ8,PHQ_全量189人,thinking,2026-07-28T11:51:00,PHQ8-word-2026-06-27,en,E:\数据库\代码\Data\PDCH\实验\_新结构_待启用\PHQ全量189人_调用就绪\prompts\PHQ8_prompt_set_3_nonconditional_24_conditions_English.docx,E:\数据库\代码\Data\PDCH\实验\_新结构_待启用\PHQ全量189人_调用就绪\prompts\PHQ8_prompt_set_3_nonconditional_24_conditions_English.docx,a3d2fe4ca94b1d34ac771141b2527191cdd82dc0352b04d760df54846b843f05,docx_override,3,"glm-5.2,qwen3.7-max,deepseek-v4-pro","[""1"", ""2"", ""3"", ""4"", ""5"", ""6"", ""7"", ""8""]",yes
E:\数据库\代码\Data\PDCH\实验\_新结构_待启用\.codex_audit\high_concurrency_repair_20260728_115149\manifest.json,PHQ-8,DAIC-WOZ-PHQ8,PHQ_全量189人,thinking,2026-07-28T11:51:49,PHQ8-word-2026-06-27,en,E:\数据库\代码\Data\PDCH\实验\_新结构_待启用\PHQ全量189人_调用就绪\prompts\PHQ8_prompt_set_3_nonconditional_24_conditions_English.docx,E:\数据库\代码\Data\PDCH\实验\_新结构_待启用\PHQ全量189人_调用就绪\prompts\PHQ8_prompt_set_3_nonconditional_24_conditions_English.docx,a3d2fe4ca94b1d34ac771141b2527191cdd82dc0352b04d760df54846b843f05,docx_override,3,"glm-5.2,qwen3.7-max,deepseek-v4-pro","[""1"", ""2"", ""3"", ""4"", ""5"", ""6"", ""7"", ""8""]",yes
E:\数据库\代码\Data\PDCH\实验\_新结构_待启用\.codex_audit\high_concurrency_repair_20260728_115237\manifest.json,PHQ-8,DAIC-WOZ-PHQ8,PHQ_全量189人,thinking,2026-07-28T11:52:37,PHQ8-word-2026-06-27,en,E:\数据库\代码\Data\PDCH\实验\_新结构_待启用\PHQ全量189人_调用就绪\prompts\PHQ8_prompt_set_3_nonconditional_24_conditions_English.docx,E:\数据库\代码\Data\PDCH\实验\_新结构_待启用\PHQ全量189人_调用就绪\prompts\PHQ8_prompt_set_3_nonconditional_24_conditions_English.docx,a3d2fe4ca94b1d34ac771141b2527191cdd82dc0352b04d760df54846b843f05,docx_override,3,"glm-5.2,qwen3.7-max,deepseek-v4-pro","[""1"", ""2"", ""3"", ""4"", ""5"", ""6"", ""7"", ""8""]",yes
E:\数据库\代码\Data\PDCH\实验\_新结构_待启用\.codex_audit\high_concurrency_repair_20260728_115325\manifest.json,PHQ-8,DAIC-WOZ-PHQ8,PHQ_全量189人,thinking,2026-07-28T11:53:25,PHQ8-word-2026-06-27,en,E:\数据库\代码\Data\PDCH\实验\_新结构_待启用\PHQ全量189人_调用就绪\prompts\PHQ8_prompt_set_3_nonconditional_24_conditions_English.docx,E:\数据库\代码\Data\PDCH\实验\_新结构_待启用\PHQ全量189人_调用就绪\prompts\PHQ8_prompt_set_3_nonconditional_24_conditions_English.docx,a3d2fe4ca94b1d34ac771141b2527191cdd82dc0352b04d760df54846b843f05,docx_override,3,"glm-5.2,qwen3.7-max,deepseek-v4-pro","[""1"", ""2"", ""3"", ""4"", ""5"", ""6"", ""7"", ""8""]",yes
E:\数据库\代码\Data\PDCH\实验\_新结构_待启用\.codex_audit\high_concurrency_repair_20260728_115412\manifest.json,PHQ-8,DAIC-WOZ-PHQ8,PHQ_全量189人,thinking,2026-07-28T11:54:12,PHQ8-word-2026-06-27,en,E:\数据库\代码\Data\PDCH\实验\_新结构_待启用\PHQ全量189人_调用就绪\prompts\PHQ8_prompt_set_3_nonconditional_24_conditions_English.docx,E:\数据库\代码\Data\PDCH\实验\_新结构_待启用\PHQ全量189人_调用就绪\prompts\PHQ8_prompt_set_3_nonconditional_24_conditions_English.docx,a3d2fe4ca94b1d34ac771141b2527191cdd82dc0352b04d760df54846b843f05,docx_override,3,"glm-5.2,qwen3.7-max,deepseek-v4-pro","[""1"", ""2"", ""3"", ""4"", ""5"", ""6"", ""7"", ""8""]",yes
E:\数据库\代码\Data\PDCH\实验\_新结构_待启用\.codex_audit\high_concurrency_repair_20260728_115500\manifest.json,PHQ-8,DAIC-WOZ-PHQ8,PHQ_全量189人,thinking,2026-07-28T11:55:00,PHQ8-word-2026-06-27,en,E:\数据库\代码\Data\PDCH\实验\_新结构_待启用\PHQ全量189人_调用就绪\prompts\PHQ8_prompt_set_3_nonconditional_24_conditions_English.docx,E:\数据库\代码\Data\PDCH\实验\_新结构_待启用\PHQ全量189人_调用就绪\prompts\PHQ8_prompt_set_3_nonconditional_24_conditions_English.docx,a3d2fe4ca94b1d34ac771141b2527191cdd82dc0352b04d760df54846b843f05,docx_override,3,"glm-5.2,qwen3.7-max,deepseek-v4-pro","[""1"", ""2"", ""3"", ""4"", ""5"", ""6"", ""7"", ""8""]",yes
E:\数据库\代码\Data\PDCH\实验\_新结构_待启用\.codex_audit\high_concurrency_repair_20260728_115548\manifest.json,PHQ-8,DAIC-WOZ-PHQ8,PHQ_全量189人,thinking,2026-07-28T11:55:48,PHQ8-word-2026-06-27,en,E:\数据库\代码\Data\PDCH\实验\_新结构_待启用\PHQ全量189人_调用就绪\prompts\PHQ8_prompt_set_3_nonconditional_24_conditions_English.docx,E:\数据库\代码\Data\PDCH\实验\_新结构_待启用\PHQ全量189人_调用就绪\prompts\PHQ8_prompt_set_3_nonconditional_24_conditions_English.docx,a3d2fe4ca94b1d34ac771141b2527191cdd82dc0352b04d760df54846b843f05,docx_override,3,"glm-5.2,qwen3.7-max,deepseek-v4-pro","[""1"", ""2"", ""3"", ""4"", ""5"", ""6"", ""7"", ""8""]",yes
E:\数据库\代码\Data\PDCH\实验\_新结构_待启用\.codex_audit\high_concurrency_repair_20260728_115636\manifest.json,PHQ-8,DAIC-WOZ-PHQ8,PHQ_全量189人,thinking,2026-07-28T11:56:36,PHQ8-word-2026-06-27,en,E:\数据库\代码\Data\PDCH\实验\_新结构_待启用\PHQ全量189人_调用就绪\prompts\PHQ8_prompt_set_3_nonconditional_24_conditions_English.docx,E:\数据库\代码\Data\PDCH\实验\_新结构_待启用\PHQ全量189人_调用就绪\prompts\PHQ8_prompt_set_3_nonconditional_24_conditions_English.docx,a3d2fe4ca94b1d34ac771141b2527191cdd82dc0352b04d760df54846b843f05,docx_override,3,"glm-5.2,qwen3.7-max,deepseek-v4-pro","[""1"", ""2"", ""3"", ""4"", ""5"", ""6"", ""7"", ""8""]",yes
E:\数据库\代码\Data\PDCH\实验\_新结构_待启用\.codex_audit\high_concurrency_repair_20260728_115723\manifest.json,PHQ-8,DAIC-WOZ-PHQ8,PHQ_全量189人,thinking,2026-07-28T11:57:23,PHQ8-word-2026-06-27,en,E:\数据库\代码\Data\PDCH\实验\_新结构_待启用\PHQ全量189人_调用就绪\prompts\PHQ8_prompt_set_3_nonconditional_24_conditions_English.docx,E:\数据库\代码\Data\PDCH\实验\_新结构_待启用\PHQ全量189人_调用就绪\prompts\PHQ8_prompt_set_3_nonconditional_24_conditions_English.docx,a3d2fe4ca94b1d34ac771141b2527191cdd82dc0352b04d760df54846b843f05,docx_override,3,"glm-5.2,qwen3.7-max,deepseek-v4-pro","[""1"", ""2"", ""3"", ""4"", ""5"", ""6"", ""7"", ""8""]",yes
E:\数据库\代码\Data\PDCH\实验\_新结构_待启用\.codex_audit\high_concurrency_repair_20260728_115811\manifest.json,PHQ-8,DAIC-WOZ-PHQ8,PHQ_全量189人,thinking,2026-07-28T11:58:11,PHQ8-word-2026-06-27,en,E:\数据库\代码\Data\PDCH\实验\_新结构_待启用\PHQ全量189人_调用就绪\prompts\PHQ8_prompt_set_3_nonconditional_24_conditions_English.docx,E:\数据库\代码\Data\PDCH\实验\_新结构_待启用\PHQ全量189人_调用就绪\prompts\PHQ8_prompt_set_3_nonconditional_24_conditions_English.docx,a3d2fe4ca94b1d34ac771141b2527191cdd82dc0352b04d760df54846b843f05,docx_override,3,"glm-5.2,qwen3.7-max,deepseek-v4-pro","[""1"", ""2"", ""3"", ""4"", ""5"", ""6"", ""7"", ""8""]",yes
E:\数据库\代码\Data\PDCH\实验\_新结构_待启用\.codex_audit\high_concurrency_repair_20260728_115859\manifest.json,PHQ-8,DAIC-WOZ-PHQ8,PHQ_全量189人,thinking,2026-07-28T11:58:59,PHQ8-word-2026-06-27,en,E:\数据库\代码\Data\PDCH\实验\_新结构_待启用\PHQ全量189人_调用就绪\prompts\PHQ8_prompt_set_3_nonconditional_24_conditions_English.docx,E:\数据库\代码\Data\PDCH\实验\_新结构_待启用\PHQ全量189人_调用就绪\prompts\PHQ8_prompt_set_3_nonconditional_24_conditions_English.docx,a3d2fe4ca94b1d34ac771141b2527191cdd82dc0352b04d760df54846b843f05,docx_override,3,"glm-5.2,qwen3.7-max,deepseek-v4-pro","[""1"", ""2"", ""3"", ""4"", ""5"", ""6"", ""7"", ""8""]",yes
E:\数据库\代码\Data\PDCH\实验\_新结构_待启用\.codex_audit\high_concurrency_repair_20260728_115947\manifest.json,PHQ-8,DAIC-WOZ-PHQ8,PHQ_全量189人,thinking,2026-07-28T11:59:47,PHQ8-word-2026-06-27,en,E:\数据库\代码\Data\PDCH\实验\_新结构_待启用\PHQ全量189人_调用就绪\prompts\PHQ8_prompt_set_3_nonconditional_24_conditions_English.docx,E:\数据库\代码\Data\PDCH\实验\_新结构_待启用\PHQ全量189人_调用就绪\prompts\PHQ8_prompt_set_3_nonconditional_24_conditions_English.docx,a3d2fe4ca94b1d34ac771141b2527191cdd82dc0352b04d760df54846b843f05,docx_override,3,"glm-5.2,qwen3.7-max,deepseek-v4-pro","[""1"", ""2"", ""3"", ""4"", ""5"", ""6"", ""7"", ""8""]",yes
E:\数据库\代码\Data\PDCH\实验\_新结构_待启用\.codex_audit\high_concurrency_repair_20260728_120037\manifest.json,PHQ-8,DAIC-WOZ-PHQ8,PHQ_全量189人,thinking,2026-07-28T12:00:37,PHQ8-word-2026-06-27,en,E:\数据库\代码\Data\PDCH\实验\_新结构_待启用\PHQ全量189人_调用就绪\prompts\PHQ8_prompt_set_3_nonconditional_24_conditions_English.docx,E:\数据库\代码\Data\PDCH\实验\_新结构_待启用\PHQ全量189人_调用就绪\prompts\PHQ8_prompt_set_3_nonconditional_24_conditions_English.docx,a3d2fe4ca94b1d34ac771141b2527191cdd82dc0352b04d760df54846b843f05,docx_override,3,"glm-5.2,qwen3.7-max,deepseek-v4-pro","[""1"", ""2"", ""3"", ""4"", ""5"", ""6"", ""7"", ""8""]",yes
E:\数据库\代码\Data\PDCH\实验\_新结构_待启用\.codex_audit\high_concurrency_repair_20260728_120126\manifest.json,PHQ-8,DAIC-WOZ-PHQ8,PHQ_全量189人,thinking,2026-07-28T12:01:26,PHQ8-word-2026-06-27,en,E:\数据库\代码\Data\PDCH\实验\_新结构_待启用\PHQ全量189人_调用就绪\prompts\PHQ8_prompt_set_3_nonconditional_24_conditions_English.docx,E:\数据库\代码\Data\PDCH\实验\_新结构_待启用\PHQ全量189人_调用就绪\prompts\PHQ8_prompt_set_3_nonconditional_24_conditions_English.docx,a3d2fe4ca94b1d34ac771141b2527191cdd82dc0352b04d760df54846b843f05,docx_override,3,"glm-5.2,qwen3.7-max,deepseek-v4-pro","[""1"", ""2"", ""3"", ""4"", ""5"", ""6"", ""7"", ""8""]",yes
E:\数据库\代码\Data\PDCH\实验\_新结构_待启用\.codex_audit\high_concurrency_repair_20260728_120214\manifest.json,PHQ-8,DAIC-WOZ-PHQ8,PHQ_全量189人,thinking,2026-07-28T12:02:14,PHQ8-word-2026-06-27,en,E:\数据库\代码\Data\PDCH\实验\_新结构_待启用\PHQ全量189人_调用就绪\prompts\PHQ8_prompt_set_3_nonconditional_24_conditions_English.docx,E:\数据库\代码\Data\PDCH\实验\_新结构_待启用\PHQ全量189人_调用就绪\prompts\PHQ8_prompt_set_3_nonconditional_24_conditions_English.docx,a3d2fe4ca94b1d34ac771141b2527191cdd82dc0352b04d760df54846b843f05,docx_override,3,"glm-5.2,qwen3.7-max,deepseek-v4-pro","[""1"", ""2"", ""3"", ""4"", ""5"", ""6"", ""7"", ""8""]",yes
E:\数据库\代码\Data\PDCH\实验\_新结构_待启用\.codex_audit\high_concurrency_repair_20260728_120303\manifest.json,PHQ-8,DAIC-WOZ-PHQ8,PHQ_全量189人,thinking,2026-07-28T12:03:03,PHQ8-word-2026-06-27,en,E:\数据库\代码\Data\PDCH\实验\_新结构_待启用\PHQ全量189人_调用就绪\prompts\PHQ8_prompt_set_3_nonconditional_24_conditions_English.docx,E:\数据库\代码\Data\PDCH\实验\_新结构_待启用\PHQ全量189人_调用就绪\prompts\PHQ8_prompt_set_3_nonconditional_24_conditions_English.docx,a3d2fe4ca94b1d34ac771141b2527191cdd82dc0352b04d760df54846b843f05,docx_override,3,"glm-5.2,qwen3.7-max,deepseek-v4-pro","[""1"", ""2"", ""3"", ""4"", ""5"", ""6"", ""7"", ""8""]",yes
E:\数据库\代码\Data\PDCH\实验\_新结构_待启用\.codex_audit\high_concurrency_repair_20260728_120351\manifest.json,PHQ-8,DAIC-WOZ-PHQ8,PHQ_全量189人,thinking,2026-07-28T12:03:51,PHQ8-word-2026-06-27,en,E:\数据库\代码\Data\PDCH\实验\_新结构_待启用\PHQ全量189人_调用就绪\prompts\PHQ8_prompt_set_3_nonconditional_24_conditions_English.docx,E:\数据库\代码\Data\PDCH\实验\_新结构_待启用\PHQ全量189人_调用就绪\prompts\PHQ8_prompt_set_3_nonconditional_24_conditions_English.docx,a3d2fe4ca94b1d34ac771141b2527191cdd82dc0352b04d760df54846b843f05,docx_override,3,"glm-5.2,qwen3.7-max,deepseek-v4-pro","[""1"", ""2"", ""3"", ""4"", ""5"", ""6"", ""7"", ""8""]",yes
E:\数据库\代码\Data\PDCH\实验\_新结构_待启用\.codex_audit\high_concurrency_repair_20260728_120439\manifest.json,PHQ-8,DAIC-WOZ-PHQ8,PHQ_全量189人,thinking,2026-07-28T12:04:39,PHQ8-word-2026-06-27,en,E:\数据库\代码\Data\PDCH\实验\_新结构_待启用\PHQ全量189人_调用就绪\prompts\PHQ8_prompt_set_3_nonconditional_24_conditions_English.docx,E:\数据库\代码\Data\PDCH\实验\_新结构_待启用\PHQ全量189人_调用就绪\prompts\PHQ8_prompt_set_3_nonconditional_24_conditions_English.docx,a3d2fe4ca94b1d34ac771141b2527191cdd82dc0352b04d760df54846b843f05,docx_override,3,"glm-5.2,qwen3.7-max,deepseek-v4-pro","[""1"", ""2"", ""3"", ""4"", ""5"", ""6"", ""7"", ""8""]",yes
E:\数据库\代码\Data\PDCH\实验\_新结构_待启用\.codex_audit\high_concurrency_repair_20260728_120527\manifest.json,PHQ-8,DAIC-WOZ-PHQ8,PHQ_全量189人,thinking,2026-07-28T12:05:27,PHQ8-word-2026-06-27,en,E:\数据库\代码\Data\PDCH\实验\_新结构_待启用\PHQ全量189人_调用就绪\prompts\PHQ8_prompt_set_3_nonconditional_24_conditions_English.docx,E:\数据库\代码\Data\PDCH\实验\_新结构_待启用\PHQ全量189人_调用就绪\prompts\PHQ8_prompt_set_3_nonconditional_24_conditions_English.docx,a3d2fe4ca94b1d34ac771141b2527191cdd82dc0352b04d760df54846b843f05,docx_override,3,"glm-5.2,qwen3.7-max,deepseek-v4-pro","[""1"", ""2"", ""3"", ""4"", ""5"", ""6"", ""7"", ""8""]",yes
E:\数据库\代码\Data\PDCH\实验\_新结构_待启用\.codex_audit\high_concurrency_repair_20260728_120616\manifest.json,PHQ-8,DAIC-WOZ-PHQ8,PHQ_全量189人,thinking,2026-07-28T12:06:16,PHQ8-word-2026-06-27,en,E:\数据库\代码\Data\PDCH\实验\_新结构_待启用\PHQ全量189人_调用就绪\prompts\PHQ8_prompt_set_3_nonconditional_24_conditions_English.docx,E:\数据库\代码\Data\PDCH\实验\_新结构_待启用\PHQ全量189人_调用就绪\prompts\PHQ8_prompt_set_3_nonconditional_24_conditions_English.docx,a3d2fe4ca94b1d34ac771141b2527191cdd82dc0352b04d760df54846b843f05,docx_override,3,"glm-5.2,qwen3.7-max,deepseek-v4-pro","[""1"", ""2"", ""3"", ""4"", ""5"", ""6"", ""7"", ""8""]",yes
E:\数据库\代码\Data\PDCH\实验\_新结构_待启用\.codex_audit\high_concurrency_repair_20260728_120704\manifest.json,PHQ-8,DAIC-WOZ-PHQ8,PHQ_全量189人,thinking,2026-07-28T12:07:04,PHQ8-word-2026-06-27,en,E:\数据库\代码\Data\PDCH\实验\_新结构_待启用\PHQ全量189人_调用就绪\prompts\PHQ8_prompt_set_3_nonconditional_24_conditions_English.docx,E:\数据库\代码\Data\PDCH\实验\_新结构_待启用\PHQ全量189人_调用就绪\prompts\PHQ8_prompt_set_3_nonconditional_24_conditions_English.docx,a3d2fe4ca94b1d34ac771141b2527191cdd82dc0352b04d760df54846b843f05,docx_override,3,"glm-5.2,qwen3.7-max,deepseek-v4-pro","[""1"", ""2"", ""3"", ""4"", ""5"", ""6"", ""7"", ""8""]",yes
E:\数据库\代码\Data\PDCH\实验\_新结构_待启用\.codex_audit\high_concurrency_repair_20260728_120751\manifest.json,PHQ-8,DAIC-WOZ-PHQ8,PHQ_全量189人,thinking,2026-07-28T12:07:51,PHQ8-word-2026-06-27,en,E:\数据库\代码\Data\PDCH\实验\_新结构_待启用\PHQ全量189人_调用就绪\prompts\PHQ8_prompt_set_3_nonconditional_24_conditions_English.docx,E:\数据库\代码\Data\PDCH\实验\_新结构_待启用\PHQ全量189人_调用就绪\prompts\PHQ8_prompt_set_3_nonconditional_24_conditions_English.docx,a3d2fe4ca94b1d34ac771141b2527191cdd82dc0352b04d760df54846b843f05,docx_override,3,"glm-5.2,qwen3.7-max,deepseek-v4-pro","[""1"", ""2"", ""3"", ""4"", ""5"", ""6"", ""7"", ""8""]",yes
E:\数据库\代码\Data\PDCH\实验\_新结构_待启用\.codex_audit\high_concurrency_repair_20260728_120839\manifest.json,PHQ-8,DAIC-WOZ-PHQ8,PHQ_全量189人,thinking,2026-07-28T12:08:39,PHQ8-word-2026-06-27,en,E:\数据库\代码\Data\PDCH\实验\_新结构_待启用\PHQ全量189人_调用就绪\prompts\PHQ8_prompt_set_3_nonconditional_24_conditions_English.docx,E:\数据库\代码\Data\PDCH\实验\_新结构_待启用\PHQ全量189人_调用就绪\prompts\PHQ8_prompt_set_3_nonconditional_24_conditions_English.docx,a3d2fe4ca94b1d34ac771141b2527191cdd82dc0352b04d760df54846b843f05,docx_override,3,"glm-5.2,qwen3.7-max,deepseek-v4-pro","[""1"", ""2"", ""3"", ""4"", ""5"", ""6"", ""7"", ""8""]",yes
E:\数据库\代码\Data\PDCH\实验\_新结构_待启用\.codex_audit\high_concurrency_repair_20260728_120926\manifest.json,PHQ-8,DAIC-WOZ-PHQ8,PHQ_全量189人,thinking,2026-07-28T12:09:26,PHQ8-word-2026-06-27,en,E:\数据库\代码\Data\PDCH\实验\_新结构_待启用\PHQ全量189人_调用就绪\prompts\PHQ8_prompt_set_3_nonconditional_24_conditions_English.docx,E:\数据库\代码\Data\PDCH\实验\_新结构_待启用\PHQ全量189人_调用就绪\prompts\PHQ8_prompt_set_3_nonconditional_24_conditions_English.docx,a3d2fe4ca94b1d34ac771141b2527191cdd82dc0352b04d760df54846b843f05,docx_override,3,"glm-5.2,qwen3.7-max,deepseek-v4-pro","[""1"", ""2"", ""3"", ""4"", ""5"", ""6"", ""7"", ""8""]",yes
E:\数据库\代码\Data\PDCH\实验\_新结构_待启用\.codex_audit\high_concurrency_repair_20260728_121014\manifest.json,PHQ-8,DAIC-WOZ-PHQ8,PHQ_全量189人,thinking,2026-07-28T12:10:14,PHQ8-word-2026-06-27,en,E:\数据库\代码\Data\PDCH\实验\_新结构_待启用\PHQ全量189人_调用就绪\prompts\PHQ8_prompt_set_3_nonconditional_24_conditions_English.docx,E:\数据库\代码\Data\PDCH\实验\_新结构_待启用\PHQ全量189人_调用就绪\prompts\PHQ8_prompt_set_3_nonconditional_24_conditions_English.docx,a3d2fe4ca94b1d34ac771141b2527191cdd82dc0352b04d760df54846b843f05,docx_override,3,"glm-5.2,qwen3.7-max,deepseek-v4-pro","[""1"", ""2"", ""3"", ""4"", ""5"", ""6"", ""7"", ""8""]",yes
E:\数据库\代码\Data\PDCH\实验\_新结构_待启用\.codex_audit\high_concurrency_repair_20260728_121102\manifest.json,PHQ-8,DAIC-WOZ-PHQ8,PHQ_全量189人,thinking,2026-07-28T12:11:02,PHQ8-word-2026-06-27,en,E:\数据库\代码\Data\PDCH\实验\_新结构_待启用\PHQ全量189人_调用就绪\prompts\PHQ8_prompt_set_3_nonconditional_24_conditions_English.docx,E:\数据库\代码\Data\PDCH\实验\_新结构_待启用\PHQ全量189人_调用就绪\prompts\PHQ8_prompt_set_3_nonconditional_24_conditions_English.docx,a3d2fe4ca94b1d34ac771141b2527191cdd82dc0352b04d760df54846b843f05,docx_override,3,"glm-5.2,qwen3.7-max,deepseek-v4-pro","[""1"", ""2"", ""3"", ""4"", ""5"", ""6"", ""7"", ""8""]",yes
E:\数据库\代码\Data\PDCH\实验\_新结构_待启用\.codex_audit\high_concurrency_repair_20260728_121150\manifest.json,PHQ-8,DAIC-WOZ-PHQ8,PHQ_全量189人,thinking,2026-07-28T12:11:50,PHQ8-word-2026-06-27,en,E:\数据库\代码\Data\PDCH\实验\_新结构_待启用\PHQ全量189人_调用就绪\prompts\PHQ8_prompt_set_3_nonconditional_24_conditions_English.docx,E:\数据库\代码\Data\PDCH\实验\_新结构_待启用\PHQ全量189人_调用就绪\prompts\PHQ8_prompt_set_3_nonconditional_24_conditions_English.docx,a3d2fe4ca94b1d34ac771141b2527191cdd82dc0352b04d760df54846b843f05,docx_override,3,"glm-5.2,qwen3.7-max,deepseek-v4-pro","[""1"", ""2"", ""3"", ""4"", ""5"", ""6"", ""7"", ""8""]",yes
E:\数据库\代码\Data\PDCH\实验\_新结构_待启用\.codex_audit\high_concurrency_repair_20260728_121238\manifest.json,PHQ-8,DAIC-WOZ-PHQ8,PHQ_全量189人,thinking,2026-07-28T12:12:38,PHQ8-word-2026-06-27,en,E:\数据库\代码\Data\PDCH\实验\_新结构_待启用\PHQ全量189人_调用就绪\prompts\PHQ8_prompt_set_3_nonconditional_24_conditions_English.docx,E:\数据库\代码\Data\PDCH\实验\_新结构_待启用\PHQ全量189人_调用就绪\prompts\PHQ8_prompt_set_3_nonconditional_24_conditions_English.docx,a3d2fe4ca94b1d34ac771141b2527191cdd82dc0352b04d760df54846b843f05,docx_override,3,"glm-5.2,qwen3.7-max,deepseek-v4-pro","[""1"", ""2"", ""3"", ""4"", ""5"", ""6"", ""7"", ""8""]",yes
E:\数据库\代码\Data\PDCH\实验\_新结构_待启用\.codex_audit\high_concurrency_repair_20260728_121325\manifest.json,PHQ-8,DAIC-WOZ-PHQ8,PHQ_全量189人,thinking,2026-07-28T12:13:25,PHQ8-word-2026-06-27,en,E:\数据库\代码\Data\PDCH\实验\_新结构_待启用\PHQ全量189人_调用就绪\prompts\PHQ8_prompt_set_3_nonconditional_24_conditions_English.docx,E:\数据库\代码\Data\PDCH\实验\_新结构_待启用\PHQ全量189人_调用就绪\prompts\PHQ8_prompt_set_3_nonconditional_24_conditions_English.docx,a3d2fe4ca94b1d34ac771141b2527191cdd82dc0352b04d760df54846b843f05,docx_override,3,"glm-5.2,qwen3.7-max,deepseek-v4-pro","[""1"", ""2"", ""3"", ""4"", ""5"", ""6"", ""7"", ""8""]",yes
E:\数据库\代码\Data\PDCH\实验\_新结构_待启用\.codex_audit\high_concurrency_repair_20260728_121413\manifest.json,PHQ-8,DAIC-WOZ-PHQ8,PHQ_全量189人,thinking,2026-07-28T12:14:13,PHQ8-word-2026-06-27,en,E:\数据库\代码\Data\PDCH\实验\_新结构_待启用\PHQ全量189人_调用就绪\prompts\PHQ8_prompt_set_3_nonconditional_24_conditions_English.docx,E:\数据库\代码\Data\PDCH\实验\_新结构_待启用\PHQ全量189人_调用就绪\prompts\PHQ8_prompt_set_3_nonconditional_24_conditions_English.docx,a3d2fe4ca94b1d34ac771141b2527191cdd82dc0352b04d760df54846b843f05,docx_override,3,"glm-5.2,qwen3.7-max,deepseek-v4-pro","[""1"", ""2"", ""3"", ""4"", ""5"", ""6"", ""7"", ""8""]",yes
E:\数据库\代码\Data\PDCH\实验\_新结构_待启用\.codex_audit\high_concurrency_repair_20260728_121500\manifest.json,PHQ-8,DAIC-WOZ-PHQ8,PHQ_全量189人,thinking,2026-07-28T12:15:00,PHQ8-word-2026-06-27,en,E:\数据库\代码\Data\PDCH\实验\_新结构_待启用\PHQ全量189人_调用就绪\prompts\PHQ8_prompt_set_3_nonconditional_24_conditions_English.docx,E:\数据库\代码\Data\PDCH\实验\_新结构_待启用\PHQ全量189人_调用就绪\prompts\PHQ8_prompt_set_3_nonconditional_24_conditions_English.docx,a3d2fe4ca94b1d34ac771141b2527191cdd82dc0352b04d760df54846b843f05,docx_override,3,"glm-5.2,qwen3.7-max,deepseek-v4-pro","[""1"", ""2"", ""3"", ""4"", ""5"", ""6"", ""7"", ""8""]",yes
E:\数据库\代码\Data\PDCH\实验\_新结构_待启用\.codex_audit\high_concurrency_repair_20260728_121548\manifest.json,PHQ-8,DAIC-WOZ-PHQ8,PHQ_全量189人,thinking,2026-07-28T12:15:48,PHQ8-word-2026-06-27,en,E:\数据库\代码\Data\PDCH\实验\_新结构_待启用\PHQ全量189人_调用就绪\prompts\PHQ8_prompt_set_3_nonconditional_24_conditions_English.docx,E:\数据库\代码\Data\PDCH\实验\_新结构_待启用\PHQ全量189人_调用就绪\prompts\PHQ8_prompt_set_3_nonconditional_24_conditions_English.docx,a3d2fe4ca94b1d34ac771141b2527191cdd82dc0352b04d760df54846b843f05,docx_override,3,"glm-5.2,qwen3.7-max,deepseek-v4-pro","[""1"", ""2"", ""3"", ""4"", ""5"", ""6"", ""7"", ""8""]",yes
E:\数据库\代码\Data\PDCH\实验\_新结构_待启用\.codex_audit\high_concurrency_repair_20260728_121635\manifest.json,PHQ-8,DAIC-WOZ-PHQ8,PHQ_全量189人,thinking,2026-07-28T12:16:35,PHQ8-word-2026-06-27,en,E:\数据库\代码\Data\PDCH\实验\_新结构_待启用\PHQ全量189人_调用就绪\prompts\PHQ8_prompt_set_3_nonconditional_24_conditions_English.docx,E:\数据库\代码\Data\PDCH\实验\_新结构_待启用\PHQ全量189人_调用就绪\prompts\PHQ8_prompt_set_3_nonconditional_24_conditions_English.docx,a3d2fe4ca94b1d34ac771141b2527191cdd82dc0352b04d760df54846b843f05,docx_override,3,"glm-5.2,qwen3.7-max,deepseek-v4-pro","[""1"", ""2"", ""3"", ""4"", ""5"", ""6"", ""7"", ""8""]",yes
E:\数据库\代码\Data\PDCH\实验\_新结构_待启用\.codex_audit\high_concurrency_repair_20260728_121723\manifest.json,PHQ-8,DAIC-WOZ-PHQ8,PHQ_全量189人,thinking,2026-07-28T12:17:23,PHQ8-word-2026-06-27,en,E:\数据库\代码\Data\PDCH\实验\_新结构_待启用\PHQ全量189人_调用就绪\prompts\PHQ8_prompt_set_3_nonconditional_24_conditions_English.docx,E:\数据库\代码\Data\PDCH\实验\_新结构_待启用\PHQ全量189人_调用就绪\prompts\PHQ8_prompt_set_3_nonconditional_24_conditions_English.docx,a3d2fe4ca94b1d34ac771141b2527191cdd82dc0352b04d760df54846b843f05,docx_override,3,"glm-5.2,qwen3.7-max,deepseek-v4-pro","[""1"", ""2"", ""3"", ""4"", ""5"", ""6"", ""7"", ""8""]",yes
E:\数据库\代码\Data\PDCH\实验\_新结构_待启用\.codex_audit\high_concurrency_repair_20260728_121810\manifest.json,PHQ-8,DAIC-WOZ-PHQ8,PHQ_全量189人,thinking,2026-07-28T12:18:10,PHQ8-word-2026-06-27,en,E:\数据库\代码\Data\PDCH\实验\_新结构_待启用\PHQ全量189人_调用就绪\prompts\PHQ8_prompt_set_3_nonconditional_24_conditions_English.docx,E:\数据库\代码\Data\PDCH\实验\_新结构_待启用\PHQ全量189人_调用就绪\prompts\PHQ8_prompt_set_3_nonconditional_24_conditions_English.docx,a3d2fe4ca94b1d34ac771141b2527191cdd82dc0352b04d760df54846b843f05,docx_override,3,"glm-5.2,qwen3.7-max,deepseek-v4-pro","[""1"", ""2"", ""3"", ""4"", ""5"", ""6"", ""7"", ""8""]",yes
E:\数据库\代码\Data\PDCH\实验\_新结构_待启用\.codex_audit\high_concurrency_repair_20260728_121858\manifest.json,PHQ-8,DAIC-WOZ-PHQ8,PHQ_全量189人,thinking,2026-07-28T12:18:58,PHQ8-word-2026-06-27,en,E:\数据库\代码\Data\PDCH\实验\_新结构_待启用\PHQ全量189人_调用就绪\prompts\PHQ8_prompt_set_3_nonconditional_24_conditions_English.docx,E:\数据库\代码\Data\PDCH\实验\_新结构_待启用\PHQ全量189人_调用就绪\prompts\PHQ8_prompt_set_3_nonconditional_24_conditions_English.docx,a3d2fe4ca94b1d34ac771141b2527191cdd82dc0352b04d760df54846b843f05,docx_override,3,"glm-5.2,qwen3.7-max,deepseek-v4-pro","[""1"", ""2"", ""3"", ""4"", ""5"", ""6"", ""7"", ""8""]",yes
E:\数据库\代码\Data\PDCH\实验\_新结构_待启用\.codex_audit\high_concurrency_repair_20260728_121946\manifest.json,PHQ-8,DAIC-WOZ-PHQ8,PHQ_全量189人,thinking,2026-07-28T12:19:46,PHQ8-word-2026-06-27,en,E:\数据库\代码\Data\PDCH\实验\_新结构_待启用\PHQ全量189人_调用就绪\prompts\PHQ8_prompt_set_3_nonconditional_24_conditions_English.docx,E:\数据库\代码\Data\PDCH\实验\_新结构_待启用\PHQ全量189人_调用就绪\prompts\PHQ8_prompt_set_3_nonconditional_24_conditions_English.docx,a3d2fe4ca94b1d34ac771141b2527191cdd82dc0352b04d760df54846b843f05,docx_override,3,"glm-5.2,qwen3.7-max,deepseek-v4-pro","[""1"", ""2"", ""3"", ""4"", ""5"", ""6"", ""7"", ""8""]",yes
E:\数据库\代码\Data\PDCH\实验\_新结构_待启用\.codex_audit\high_concurrency_repair_20260728_122033\manifest.json,PHQ-8,DAIC-WOZ-PHQ8,PHQ_全量189人,thinking,2026-07-28T12:20:33,PHQ8-word-2026-06-27,en,E:\数据库\代码\Data\PDCH\实验\_新结构_待启用\PHQ全量189人_调用就绪\prompts\PHQ8_prompt_set_3_nonconditional_24_conditions_English.docx,E:\数据库\代码\Data\PDCH\实验\_新结构_待启用\PHQ全量189人_调用就绪\prompts\PHQ8_prompt_set_3_nonconditional_24_conditions_English.docx,a3d2fe4ca94b1d34ac771141b2527191cdd82dc0352b04d760df54846b843f05,docx_override,3,"glm-5.2,qwen3.7-max,deepseek-v4-pro","[""1"", ""2"", ""3"", ""4"", ""5"", ""6"", ""7"", ""8""]",yes
E:\数据库\代码\Data\PDCH\实验\_新结构_待启用\.codex_audit\high_concurrency_repair_20260728_122121\manifest.json,PHQ-8,DAIC-WOZ-PHQ8,PHQ_全量189人,thinking,2026-07-28T12:21:21,PHQ8-word-2026-06-27,en,E:\数据库\代码\Data\PDCH\实验\_新结构_待启用\PHQ全量189人_调用就绪\prompts\PHQ8_prompt_set_3_nonconditional_24_conditions_English.docx,E:\数据库\代码\Data\PDCH\实验\_新结构_待启用\PHQ全量189人_调用就绪\prompts\PHQ8_prompt_set_3_nonconditional_24_conditions_English.docx,a3d2fe4ca94b1d34ac771141b2527191cdd82dc0352b04d760df54846b843f05,docx_override,3,"glm-5.2,qwen3.7-max,deepseek-v4-pro","[""1"", ""2"", ""3"", ""4"", ""5"", ""6"", ""7"", ""8""]",yes
E:\数据库\代码\Data\PDCH\实验\_新结构_待启用\.codex_audit\high_concurrency_repair_20260728_122209\manifest.json,PHQ-8,DAIC-WOZ-PHQ8,PHQ_全量189人,thinking,2026-07-28T12:22:09,PHQ8-word-2026-06-27,en,E:\数据库\代码\Data\PDCH\实验\_新结构_待启用\PHQ全量189人_调用就绪\prompts\PHQ8_prompt_set_3_nonconditional_24_conditions_English.docx,E:\数据库\代码\Data\PDCH\实验\_新结构_待启用\PHQ全量189人_调用就绪\prompts\PHQ8_prompt_set_3_nonconditional_24_conditions_English.docx,a3d2fe4ca94b1d34ac771141b2527191cdd82dc0352b04d760df54846b843f05,docx_override,3,"glm-5.2,qwen3.7-max,deepseek-v4-pro","[""1"", ""2"", ""3"", ""4"", ""5"", ""6"", ""7"", ""8""]",yes
E:\数据库\代码\Data\PDCH\实验\_新结构_待启用\.codex_audit\high_concurrency_repair_20260728_122257\manifest.json,PHQ-8,DAIC-WOZ-PHQ8,PHQ_全量189人,thinking,2026-07-28T12:22:57,PHQ8-word-2026-06-27,en,E:\数据库\代码\Data\PDCH\实验\_新结构_待启用\PHQ全量189人_调用就绪\prompts\PHQ8_prompt_set_3_nonconditional_24_conditions_English.docx,E:\数据库\代码\Data\PDCH\实验\_新结构_待启用\PHQ全量189人_调用就绪\prompts\PHQ8_prompt_set_3_nonconditional_24_conditions_English.docx,a3d2fe4ca94b1d34ac771141b2527191cdd82dc0352b04d760df54846b843f05,docx_override,3,"glm-5.2,qwen3.7-max,deepseek-v4-pro","[""1"", ""2"", ""3"", ""4"", ""5"", ""6"", ""7"", ""8""]",yes
E:\数据库\代码\Data\PDCH\实验\_新结构_待启用\.codex_audit\high_concurrency_repair_20260728_122344\manifest.json,PHQ-8,DAIC-WOZ-PHQ8,PHQ_全量189人,thinking,2026-07-28T12:23:44,PHQ8-word-2026-06-27,en,E:\数据库\代码\Data\PDCH\实验\_新结构_待启用\PHQ全量189人_调用就绪\prompts\PHQ8_prompt_set_3_nonconditional_24_conditions_English.docx,E:\数据库\代码\Data\PDCH\实验\_新结构_待启用\PHQ全量189人_调用就绪\prompts\PHQ8_prompt_set_3_nonconditional_24_conditions_English.docx,a3d2fe4ca94b1d34ac771141b2527191cdd82dc0352b04d760df54846b843f05,docx_override,3,"glm-5.2,qwen3.7-max,deepseek-v4-pro","[""1"", ""2"", ""3"", ""4"", ""5"", ""6"", ""7"", ""8""]",yes
E:\数据库\代码\Data\PDCH\实验\_新结构_待启用\.codex_audit\high_concurrency_repair_20260728_122433\manifest.json,PHQ-8,DAIC-WOZ-PHQ8,PHQ_全量189人,thinking,2026-07-28T12:24:33,PHQ8-word-2026-06-27,en,E:\数据库\代码\Data\PDCH\实验\_新结构_待启用\PHQ全量189人_调用就绪\prompts\PHQ8_prompt_set_3_nonconditional_24_conditions_English.docx,E:\数据库\代码\Data\PDCH\实验\_新结构_待启用\PHQ全量189人_调用就绪\prompts\PHQ8_prompt_set_3_nonconditional_24_conditions_English.docx,a3d2fe4ca94b1d34ac771141b2527191cdd82dc0352b04d760df54846b843f05,docx_override,3,"glm-5.2,qwen3.7-max,deepseek-v4-pro","[""1"", ""2"", ""3"", ""4"", ""5"", ""6"", ""7"", ""8""]",yes
E:\数据库\代码\Data\PDCH\实验\_新结构_待启用\.codex_audit\high_concurrency_repair_20260728_122521\manifest.json,PHQ-8,DAIC-WOZ-PHQ8,PHQ_全量189人,thinking,2026-07-28T12:25:21,PHQ8-word-2026-06-27,en,E:\数据库\代码\Data\PDCH\实验\_新结构_待启用\PHQ全量189人_调用就绪\prompts\PHQ8_prompt_set_3_nonconditional_24_conditions_English.docx,E:\数据库\代码\Data\PDCH\实验\_新结构_待启用\PHQ全量189人_调用就绪\prompts\PHQ8_prompt_set_3_nonconditional_24_conditions_English.docx,a3d2fe4ca94b1d34ac771141b2527191cdd82dc0352b04d760df54846b843f05,docx_override,3,"glm-5.2,qwen3.7-max,deepseek-v4-pro","[""1"", ""2"", ""3"", ""4"", ""5"", ""6"", ""7"", ""8""]",yes
E:\数据库\代码\Data\PDCH\实验\_新结构_待启用\.codex_audit\high_concurrency_repair_20260728_122609\manifest.json,PHQ-8,DAIC-WOZ-PHQ8,PHQ_全量189人,thinking,2026-07-28T12:26:09,PHQ8-word-2026-06-27,en,E:\数据库\代码\Data\PDCH\实验\_新结构_待启用\PHQ全量189人_调用就绪\prompts\PHQ8_prompt_set_3_nonconditional_24_conditions_English.docx,E:\数据库\代码\Data\PDCH\实验\_新结构_待启用\PHQ全量189人_调用就绪\prompts\PHQ8_prompt_set_3_nonconditional_24_conditions_English.docx,a3d2fe4ca94b1d34ac771141b2527191cdd82dc0352b04d760df54846b843f05,docx_override,3,"glm-5.2,qwen3.7-max,deepseek-v4-pro","[""1"", ""2"", ""3"", ""4"", ""5"", ""6"", ""7"", ""8""]",yes
E:\数据库\代码\Data\PDCH\实验\_新结构_待启用\.codex_audit\high_concurrency_repair_20260728_122657\manifest.json,PHQ-8,DAIC-WOZ-PHQ8,PHQ_全量189人,thinking,2026-07-28T12:26:57,PHQ8-word-2026-06-27,en,E:\数据库\代码\Data\PDCH\实验\_新结构_待启用\PHQ全量189人_调用就绪\prompts\PHQ8_prompt_set_3_nonconditional_24_conditions_English.docx,E:\数据库\代码\Data\PDCH\实验\_新结构_待启用\PHQ全量189人_调用就绪\prompts\PHQ8_prompt_set_3_nonconditional_24_conditions_English.docx,a3d2fe4ca94b1d34ac771141b2527191cdd82dc0352b04d760df54846b843f05,docx_override,3,"glm-5.2,qwen3.7-max,deepseek-v4-pro","[""1"", ""2"", ""3"", ""4"", ""5"", ""6"", ""7"", ""8""]",yes
E:\数据库\代码\Data\PDCH\实验\_新结构_待启用\.codex_audit\high_concurrency_repair_20260728_122746\manifest.json,PHQ-8,DAIC-WOZ-PHQ8,PHQ_全量189人,thinking,2026-07-28T12:27:46,PHQ8-word-2026-06-27,en,E:\数据库\代码\Data\PDCH\实验\_新结构_待启用\PHQ全量189人_调用就绪\prompts\PHQ8_prompt_set_3_nonconditional_24_conditions_English.docx,E:\数据库\代码\Data\PDCH\实验\_新结构_待启用\PHQ全量189人_调用就绪\prompts\PHQ8_prompt_set_3_nonconditional_24_conditions_English.docx,a3d2fe4ca94b1d34ac771141b2527191cdd82dc0352b04d760df54846b843f05,docx_override,3,"glm-5.2,qwen3.7-max,deepseek-v4-pro","[""1"", ""2"", ""3"", ""4"", ""5"", ""6"", ""7"", ""8""]",yes
E:\数据库\代码\Data\PDCH\实验\_新结构_待启用\.codex_audit\high_concurrency_repair_20260728_122834\manifest.json,PHQ-8,DAIC-WOZ-PHQ8,PHQ_全量189人,thinking,2026-07-28T12:28:34,PHQ8-word-2026-06-27,en,E:\数据库\代码\Data\PDCH\实验\_新结构_待启用\PHQ全量189人_调用就绪\prompts\PHQ8_prompt_set_3_nonconditional_24_conditions_English.docx,E:\数据库\代码\Data\PDCH\实验\_新结构_待启用\PHQ全量189人_调用就绪\prompts\PHQ8_prompt_set_3_nonconditional_24_conditions_English.docx,a3d2fe4ca94b1d34ac771141b2527191cdd82dc0352b04d760df54846b843f05,docx_override,3,"glm-5.2,qwen3.7-max,deepseek-v4-pro","[""1"", ""2"", ""3"", ""4"", ""5"", ""6"", ""7"", ""8""]",yes
E:\数据库\代码\Data\PDCH\实验\_新结构_待启用\.codex_audit\high_concurrency_repair_20260728_122922\manifest.json,PHQ-8,DAIC-WOZ-PHQ8,PHQ_全量189人,thinking,2026-07-28T12:29:22,PHQ8-word-2026-06-27,en,E:\数据库\代码\Data\PDCH\实验\_新结构_待启用\PHQ全量189人_调用就绪\prompts\PHQ8_prompt_set_3_nonconditional_24_conditions_English.docx,E:\数据库\代码\Data\PDCH\实验\_新结构_待启用\PHQ全量189人_调用就绪\prompts\PHQ8_prompt_set_3_nonconditional_24_conditions_English.docx,a3d2fe4ca94b1d34ac771141b2527191cdd82dc0352b04d760df54846b843f05,docx_override,3,"glm-5.2,qwen3.7-max,deepseek-v4-pro","[""1"", ""2"", ""3"", ""4"", ""5"", ""6"", ""7"", ""8""]",yes
E:\数据库\代码\Data\PDCH\实验\_新结构_待启用\.codex_audit\high_concurrency_repair_20260728_123010\manifest.json,PHQ-8,DAIC-WOZ-PHQ8,PHQ_全量189人,thinking,2026-07-28T12:30:10,PHQ8-word-2026-06-27,en,E:\数据库\代码\Data\PDCH\实验\_新结构_待启用\PHQ全量189人_调用就绪\prompts\PHQ8_prompt_set_3_nonconditional_24_conditions_English.docx,E:\数据库\代码\Data\PDCH\实验\_新结构_待启用\PHQ全量189人_调用就绪\prompts\PHQ8_prompt_set_3_nonconditional_24_conditions_English.docx,a3d2fe4ca94b1d34ac771141b2527191cdd82dc0352b04d760df54846b843f05,docx_override,3,"glm-5.2,qwen3.7-max,deepseek-v4-pro","[""1"", ""2"", ""3"", ""4"", ""5"", ""6"", ""7"", ""8""]",yes
E:\数据库\代码\Data\PDCH\实验\_新结构_待启用\.codex_audit\high_concurrency_repair_20260728_123100\manifest.json,PHQ-8,DAIC-WOZ-PHQ8,PHQ_全量189人,thinking,2026-07-28T12:31:00,PHQ8-word-2026-06-27,en,E:\数据库\代码\Data\PDCH\实验\_新结构_待启用\PHQ全量189人_调用就绪\prompts\PHQ8_prompt_set_3_nonconditional_24_conditions_English.docx,E:\数据库\代码\Data\PDCH\实验\_新结构_待启用\PHQ全量189人_调用就绪\prompts\PHQ8_prompt_set_3_nonconditional_24_conditions_English.docx,a3d2fe4ca94b1d34ac771141b2527191cdd82dc0352b04d760df54846b843f05,docx_override,3,"glm-5.2,qwen3.7-max,deepseek-v4-pro","[""1"", ""2"", ""3"", ""4"", ""5"", ""6"", ""7"", ""8""]",yes
E:\数据库\代码\Data\PDCH\实验\_新结构_待启用\.codex_audit\high_concurrency_repair_20260728_123150\manifest.json,PHQ-8,DAIC-WOZ-PHQ8,PHQ_全量189人,thinking,2026-07-28T12:31:50,PHQ8-word-2026-06-27,en,E:\数据库\代码\Data\PDCH\实验\_新结构_待启用\PHQ全量189人_调用就绪\prompts\PHQ8_prompt_set_3_nonconditional_24_conditions_English.docx,E:\数据库\代码\Data\PDCH\实验\_新结构_待启用\PHQ全量189人_调用就绪\prompts\PHQ8_prompt_set_3_nonconditional_24_conditions_English.docx,a3d2fe4ca94b1d34ac771141b2527191cdd82dc0352b04d760df54846b843f05,docx_override,3,"glm-5.2,qwen3.7-max,deepseek-v4-pro","[""1"", ""2"", ""3"", ""4"", ""5"", ""6"", ""7"", ""8""]",yes
E:\数据库\代码\Data\PDCH\实验\_新结构_待启用\.codex_audit\high_concurrency_repair_20260728_123238\manifest.json,PHQ-8,DAIC-WOZ-PHQ8,PHQ_全量189人,thinking,2026-07-28T12:32:38,PHQ8-word-2026-06-27,en,E:\数据库\代码\Data\PDCH\实验\_新结构_待启用\PHQ全量189人_调用就绪\prompts\PHQ8_prompt_set_3_nonconditional_24_conditions_English.docx,E:\数据库\代码\Data\PDCH\实验\_新结构_待启用\PHQ全量189人_调用就绪\prompts\PHQ8_prompt_set_3_nonconditional_24_conditions_English.docx,a3d2fe4ca94b1d34ac771141b2527191cdd82dc0352b04d760df54846b843f05,docx_override,3,"glm-5.2,qwen3.7-max,deepseek-v4-pro","[""1"", ""2"", ""3"", ""4"", ""5"", ""6"", ""7"", ""8""]",yes
E:\数据库\代码\Data\PDCH\实验\_新结构_待启用\.codex_audit\high_concurrency_repair_20260728_123327\manifest.json,PHQ-8,DAIC-WOZ-PHQ8,PHQ_全量189人,thinking,2026-07-28T12:33:27,PHQ8-word-2026-06-27,en,E:\数据库\代码\Data\PDCH\实验\_新结构_待启用\PHQ全量189人_调用就绪\prompts\PHQ8_prompt_set_3_nonconditional_24_conditions_English.docx,E:\数据库\代码\Data\PDCH\实验\_新结构_待启用\PHQ全量189人_调用就绪\prompts\PHQ8_prompt_set_3_nonconditional_24_conditions_English.docx,a3d2fe4ca94b1d34ac771141b2527191cdd82dc0352b04d760df54846b843f05,docx_override,3,"glm-5.2,qwen3.7-max,deepseek-v4-pro","[""1"", ""2"", ""3"", ""4"", ""5"", ""6"", ""7"", ""8""]",yes
E:\数据库\代码\Data\PDCH\实验\_新结构_待启用\.codex_audit\high_concurrency_repair_20260728_123415\manifest.json,PHQ-8,DAIC-WOZ-PHQ8,PHQ_全量189人,thinking,2026-07-28T12:34:15,PHQ8-word-2026-06-27,en,E:\数据库\代码\Data\PDCH\实验\_新结构_待启用\PHQ全量189人_调用就绪\prompts\PHQ8_prompt_set_3_nonconditional_24_conditions_English.docx,E:\数据库\代码\Data\PDCH\实验\_新结构_待启用\PHQ全量189人_调用就绪\prompts\PHQ8_prompt_set_3_nonconditional_24_conditions_English.docx,a3d2fe4ca94b1d34ac771141b2527191cdd82dc0352b04d760df54846b843f05,docx_override,3,"glm-5.2,qwen3.7-max,deepseek-v4-pro","[""1"", ""2"", ""3"", ""4"", ""5"", ""6"", ""7"", ""8""]",yes
E:\数据库\代码\Data\PDCH\实验\_新结构_待启用\.codex_audit\high_concurrency_repair_20260728_123502\manifest.json,PHQ-8,DAIC-WOZ-PHQ8,PHQ_全量189人,thinking,2026-07-28T12:35:02,PHQ8-word-2026-06-27,en,E:\数据库\代码\Data\PDCH\实验\_新结构_待启用\PHQ全量189人_调用就绪\prompts\PHQ8_prompt_set_3_nonconditional_24_conditions_English.docx,E:\数据库\代码\Data\PDCH\实验\_新结构_待启用\PHQ全量189人_调用就绪\prompts\PHQ8_prompt_set_3_nonconditional_24_conditions_English.docx,a3d2fe4ca94b1d34ac771141b2527191cdd82dc0352b04d760df54846b843f05,docx_override,3,"glm-5.2,qwen3.7-max,deepseek-v4-pro","[""1"", ""2"", ""3"", ""4"", ""5"", ""6"", ""7"", ""8""]",yes
E:\数据库\代码\Data\PDCH\实验\_新结构_待启用\.codex_audit\high_concurrency_repair_20260728_123551\manifest.json,PHQ-8,DAIC-WOZ-PHQ8,PHQ_全量189人,thinking,2026-07-28T12:35:51,PHQ8-word-2026-06-27,en,E:\数据库\代码\Data\PDCH\实验\_新结构_待启用\PHQ全量189人_调用就绪\prompts\PHQ8_prompt_set_3_nonconditional_24_conditions_English.docx,E:\数据库\代码\Data\PDCH\实验\_新结构_待启用\PHQ全量189人_调用就绪\prompts\PHQ8_prompt_set_3_nonconditional_24_conditions_English.docx,a3d2fe4ca94b1d34ac771141b2527191cdd82dc0352b04d760df54846b843f05,docx_override,3,"glm-5.2,qwen3.7-max,deepseek-v4-pro","[""1"", ""2"", ""3"", ""4"", ""5"", ""6"", ""7"", ""8""]",yes
E:\数据库\代码\Data\PDCH\实验\_新结构_待启用\.codex_audit\high_concurrency_repair_20260728_123638\manifest.json,PHQ-8,DAIC-WOZ-PHQ8,PHQ_全量189人,thinking,2026-07-28T12:36:38,PHQ8-word-2026-06-27,en,E:\数据库\代码\Data\PDCH\实验\_新结构_待启用\PHQ全量189人_调用就绪\prompts\PHQ8_prompt_set_3_nonconditional_24_conditions_English.docx,E:\数据库\代码\Data\PDCH\实验\_新结构_待启用\PHQ全量189人_调用就绪\prompts\PHQ8_prompt_set_3_nonconditional_24_conditions_English.docx,a3d2fe4ca94b1d34ac771141b2527191cdd82dc0352b04d760df54846b843f05,docx_override,3,"glm-5.2,qwen3.7-max,deepseek-v4-pro","[""1"", ""2"", ""3"", ""4"", ""5"", ""6"", ""7"", ""8""]",yes
E:\数据库\代码\Data\PDCH\实验\_新结构_待启用\.codex_audit\high_concurrency_repair_20260728_123725\manifest.json,PHQ-8,DAIC-WOZ-PHQ8,PHQ_全量189人,thinking,2026-07-28T12:37:25,PHQ8-word-2026-06-27,en,E:\数据库\代码\Data\PDCH\实验\_新结构_待启用\PHQ全量189人_调用就绪\prompts\PHQ8_prompt_set_3_nonconditional_24_conditions_English.docx,E:\数据库\代码\Data\PDCH\实验\_新结构_待启用\PHQ全量189人_调用就绪\prompts\PHQ8_prompt_set_3_nonconditional_24_conditions_English.docx,a3d2fe4ca94b1d34ac771141b2527191cdd82dc0352b04d760df54846b843f05,docx_override,3,"glm-5.2,qwen3.7-max,deepseek-v4-pro","[""1"", ""2"", ""3"", ""4"", ""5"", ""6"", ""7"", ""8""]",yes
E:\数据库\代码\Data\PDCH\实验\_新结构_待启用\.codex_audit\high_concurrency_repair_20260728_123813\manifest.json,PHQ-8,DAIC-WOZ-PHQ8,PHQ_全量189人,thinking,2026-07-28T12:38:13,PHQ8-word-2026-06-27,en,E:\数据库\代码\Data\PDCH\实验\_新结构_待启用\PHQ全量189人_调用就绪\prompts\PHQ8_prompt_set_3_nonconditional_24_conditions_English.docx,E:\数据库\代码\Data\PDCH\实验\_新结构_待启用\PHQ全量189人_调用就绪\prompts\PHQ8_prompt_set_3_nonconditional_24_conditions_English.docx,a3d2fe4ca94b1d34ac771141b2527191cdd82dc0352b04d760df54846b843f05,docx_override,3,"glm-5.2,qwen3.7-max,deepseek-v4-pro","[""1"", ""2"", ""3"", ""4"", ""5"", ""6"", ""7"", ""8""]",yes
E:\数据库\代码\Data\PDCH\实验\_新结构_待启用\.codex_audit\high_concurrency_repair_20260728_123901\manifest.json,PHQ-8,DAIC-WOZ-PHQ8,PHQ_全量189人,thinking,2026-07-28T12:39:01,PHQ8-word-2026-06-27,en,E:\数据库\代码\Data\PDCH\实验\_新结构_待启用\PHQ全量189人_调用就绪\prompts\PHQ8_prompt_set_3_nonconditional_24_conditions_English.docx,E:\数据库\代码\Data\PDCH\实验\_新结构_待启用\PHQ全量189人_调用就绪\prompts\PHQ8_prompt_set_3_nonconditional_24_conditions_English.docx,a3d2fe4ca94b1d34ac771141b2527191cdd82dc0352b04d760df54846b843f05,docx_override,3,"glm-5.2,qwen3.7-max,deepseek-v4-pro","[""1"", ""2"", ""3"", ""4"", ""5"", ""6"", ""7"", ""8""]",yes
E:\数据库\代码\Data\PDCH\实验\_新结构_待启用\.codex_audit\high_concurrency_repair_20260728_123949\manifest.json,PHQ-8,DAIC-WOZ-PHQ8,PHQ_全量189人,thinking,2026-07-28T12:39:49,PHQ8-word-2026-06-27,en,E:\数据库\代码\Data\PDCH\实验\_新结构_待启用\PHQ全量189人_调用就绪\prompts\PHQ8_prompt_set_3_nonconditional_24_conditions_English.docx,E:\数据库\代码\Data\PDCH\实验\_新结构_待启用\PHQ全量189人_调用就绪\prompts\PHQ8_prompt_set_3_nonconditional_24_conditions_English.docx,a3d2fe4ca94b1d34ac771141b2527191cdd82dc0352b04d760df54846b843f05,docx_override,3,"glm-5.2,qwen3.7-max,deepseek-v4-pro","[""1"", ""2"", ""3"", ""4"", ""5"", ""6"", ""7"", ""8""]",yes
E:\数据库\代码\Data\PDCH\实验\_新结构_待启用\.codex_audit\high_concurrency_repair_20260728_124037\manifest.json,PHQ-8,DAIC-WOZ-PHQ8,PHQ_全量189人,thinking,2026-07-28T12:40:37,PHQ8-word-2026-06-27,en,E:\数据库\代码\Data\PDCH\实验\_新结构_待启用\PHQ全量189人_调用就绪\prompts\PHQ8_prompt_set_3_nonconditional_24_conditions_English.docx,E:\数据库\代码\Data\PDCH\实验\_新结构_待启用\PHQ全量189人_调用就绪\prompts\PHQ8_prompt_set_3_nonconditional_24_conditions_English.docx,a3d2fe4ca94b1d34ac771141b2527191cdd82dc0352b04d760df54846b843f05,docx_override,3,"glm-5.2,qwen3.7-max,deepseek-v4-pro","[""1"", ""2"", ""3"", ""4"", ""5"", ""6"", ""7"", ""8""]",yes
E:\数据库\代码\Data\PDCH\实验\_新结构_待启用\.codex_audit\high_concurrency_repair_20260728_124125\manifest.json,PHQ-8,DAIC-WOZ-PHQ8,PHQ_全量189人,thinking,2026-07-28T12:41:25,PHQ8-word-2026-06-27,en,E:\数据库\代码\Data\PDCH\实验\_新结构_待启用\PHQ全量189人_调用就绪\prompts\PHQ8_prompt_set_3_nonconditional_24_conditions_English.docx,E:\数据库\代码\Data\PDCH\实验\_新结构_待启用\PHQ全量189人_调用就绪\prompts\PHQ8_prompt_set_3_nonconditional_24_conditions_English.docx,a3d2fe4ca94b1d34ac771141b2527191cdd82dc0352b04d760df54846b843f05,docx_override,3,"glm-5.2,qwen3.7-max,deepseek-v4-pro","[""1"", ""2"", ""3"", ""4"", ""5"", ""6"", ""7"", ""8""]",yes
E:\数据库\代码\Data\PDCH\实验\_新结构_待启用\.codex_audit\high_concurrency_repair_20260728_124213\manifest.json,PHQ-8,DAIC-WOZ-PHQ8,PHQ_全量189人,thinking,2026-07-28T12:42:13,PHQ8-word-2026-06-27,en,E:\数据库\代码\Data\PDCH\实验\_新结构_待启用\PHQ全量189人_调用就绪\prompts\PHQ8_prompt_set_3_nonconditional_24_conditions_English.docx,E:\数据库\代码\Data\PDCH\实验\_新结构_待启用\PHQ全量189人_调用就绪\prompts\PHQ8_prompt_set_3_nonconditional_24_conditions_English.docx,a3d2fe4ca94b1d34ac771141b2527191cdd82dc0352b04d760df54846b843f05,docx_override,3,"glm-5.2,qwen3.7-max,deepseek-v4-pro","[""1"", ""2"", ""3"", ""4"", ""5"", ""6"", ""7"", ""8""]",yes
E:\数据库\代码\Data\PDCH\实验\_新结构_待启用\.codex_audit\high_concurrency_repair_20260728_124301\manifest.json,PHQ-8,DAIC-WOZ-PHQ8,PHQ_全量189人,thinking,2026-07-28T12:43:01,PHQ8-word-2026-06-27,en,E:\数据库\代码\Data\PDCH\实验\_新结构_待启用\PHQ全量189人_调用就绪\prompts\PHQ8_prompt_set_3_nonconditional_24_conditions_English.docx,E:\数据库\代码\Data\PDCH\实验\_新结构_待启用\PHQ全量189人_调用就绪\prompts\PHQ8_prompt_set_3_nonconditional_24_conditions_English.docx,a3d2fe4ca94b1d34ac771141b2527191cdd82dc0352b04d760df54846b843f05,docx_override,3,"glm-5.2,qwen3.7-max,deepseek-v4-pro","[""1"", ""2"", ""3"", ""4"", ""5"", ""6"", ""7"", ""8""]",yes
E:\数据库\代码\Data\PDCH\实验\_新结构_待启用\.codex_audit\high_concurrency_repair_20260728_124349\manifest.json,PHQ-8,DAIC-WOZ-PHQ8,PHQ_全量189人,thinking,2026-07-28T12:43:49,PHQ8-word-2026-06-27,en,E:\数据库\代码\Data\PDCH\实验\_新结构_待启用\PHQ全量189人_调用就绪\prompts\PHQ8_prompt_set_3_nonconditional_24_conditions_English.docx,E:\数据库\代码\Data\PDCH\实验\_新结构_待启用\PHQ全量189人_调用就绪\prompts\PHQ8_prompt_set_3_nonconditional_24_conditions_English.docx,a3d2fe4ca94b1d34ac771141b2527191cdd82dc0352b04d760df54846b843f05,docx_override,3,"glm-5.2,qwen3.7-max,deepseek-v4-pro","[""1"", ""2"", ""3"", ""4"", ""5"", ""6"", ""7"", ""8""]",yes
E:\数据库\代码\Data\PDCH\实验\_新结构_待启用\.codex_audit\high_concurrency_repair_20260728_124436\manifest.json,PHQ-8,DAIC-WOZ-PHQ8,PHQ_全量189人,thinking,2026-07-28T12:44:36,PHQ8-word-2026-06-27,en,E:\数据库\代码\Data\PDCH\实验\_新结构_待启用\PHQ全量189人_调用就绪\prompts\PHQ8_prompt_set_3_nonconditional_24_conditions_English.docx,E:\数据库\代码\Data\PDCH\实验\_新结构_待启用\PHQ全量189人_调用就绪\prompts\PHQ8_prompt_set_3_nonconditional_24_conditions_English.docx,a3d2fe4ca94b1d34ac771141b2527191cdd82dc0352b04d760df54846b843f05,docx_override,3,"glm-5.2,qwen3.7-max,deepseek-v4-pro","[""1"", ""2"", ""3"", ""4"", ""5"", ""6"", ""7"", ""8""]",yes
E:\数据库\代码\Data\PDCH\实验\_新结构_待启用\.codex_audit\high_concurrency_repair_20260728_124524\manifest.json,PHQ-8,DAIC-WOZ-PHQ8,PHQ_全量189人,thinking,2026-07-28T12:45:24,PHQ8-word-2026-06-27,en,E:\数据库\代码\Data\PDCH\实验\_新结构_待启用\PHQ全量189人_调用就绪\prompts\PHQ8_prompt_set_3_nonconditional_24_conditions_English.docx,E:\数据库\代码\Data\PDCH\实验\_新结构_待启用\PHQ全量189人_调用就绪\prompts\PHQ8_prompt_set_3_nonconditional_24_conditions_English.docx,a3d2fe4ca94b1d34ac771141b2527191cdd82dc0352b04d760df54846b843f05,docx_override,3,"glm-5.2,qwen3.7-max,deepseek-v4-pro","[""1"", ""2"", ""3"", ""4"", ""5"", ""6"", ""7"", ""8""]",yes
E:\数据库\代码\Data\PDCH\实验\_新结构_待启用\.codex_audit\high_concurrency_repair_20260728_124612\manifest.json,PHQ-8,DAIC-WOZ-PHQ8,PHQ_全量189人,thinking,2026-07-28T12:46:12,PHQ8-word-2026-06-27,en,E:\数据库\代码\Data\PDCH\实验\_新结构_待启用\PHQ全量189人_调用就绪\prompts\PHQ8_prompt_set_3_nonconditional_24_conditions_English.docx,E:\数据库\代码\Data\PDCH\实验\_新结构_待启用\PHQ全量189人_调用就绪\prompts\PHQ8_prompt_set_3_nonconditional_24_conditions_English.docx,a3d2fe4ca94b1d34ac771141b2527191cdd82dc0352b04d760df54846b843f05,docx_override,3,"glm-5.2,qwen3.7-max,deepseek-v4-pro","[""1"", ""2"", ""3"", ""4"", ""5"", ""6"", ""7"", ""8""]",yes
E:\数据库\代码\Data\PDCH\实验\_新结构_待启用\.codex_audit\high_concurrency_repair_20260728_124659\manifest.json,PHQ-8,DAIC-WOZ-PHQ8,PHQ_全量189人,thinking,2026-07-28T12:46:59,PHQ8-word-2026-06-27,en,E:\数据库\代码\Data\PDCH\实验\_新结构_待启用\PHQ全量189人_调用就绪\prompts\PHQ8_prompt_set_3_nonconditional_24_conditions_English.docx,E:\数据库\代码\Data\PDCH\实验\_新结构_待启用\PHQ全量189人_调用就绪\prompts\PHQ8_prompt_set_3_nonconditional_24_conditions_English.docx,a3d2fe4ca94b1d34ac771141b2527191cdd82dc0352b04d760df54846b843f05,docx_override,3,"glm-5.2,qwen3.7-max,deepseek-v4-pro","[""1"", ""2"", ""3"", ""4"", ""5"", ""6"", ""7"", ""8""]",yes
E:\数据库\代码\Data\PDCH\实验\_新结构_待启用\.codex_audit\high_concurrency_repair_20260728_124747\manifest.json,PHQ-8,DAIC-WOZ-PHQ8,PHQ_全量189人,thinking,2026-07-28T12:47:47,PHQ8-word-2026-06-27,en,E:\数据库\代码\Data\PDCH\实验\_新结构_待启用\PHQ全量189人_调用就绪\prompts\PHQ8_prompt_set_3_nonconditional_24_conditions_English.docx,E:\数据库\代码\Data\PDCH\实验\_新结构_待启用\PHQ全量189人_调用就绪\prompts\PHQ8_prompt_set_3_nonconditional_24_conditions_English.docx,a3d2fe4ca94b1d34ac771141b2527191cdd82dc0352b04d760df54846b843f05,docx_override,3,"glm-5.2,qwen3.7-max,deepseek-v4-pro","[""1"", ""2"", ""3"", ""4"", ""5"", ""6"", ""7"", ""8""]",yes
E:\数据库\代码\Data\PDCH\实验\_新结构_待启用\.codex_audit\high_concurrency_repair_20260728_124835\manifest.json,PHQ-8,DAIC-WOZ-PHQ8,PHQ_全量189人,thinking,2026-07-28T12:48:35,PHQ8-word-2026-06-27,en,E:\数据库\代码\Data\PDCH\实验\_新结构_待启用\PHQ全量189人_调用就绪\prompts\PHQ8_prompt_set_3_nonconditional_24_conditions_English.docx,E:\数据库\代码\Data\PDCH\实验\_新结构_待启用\PHQ全量189人_调用就绪\prompts\PHQ8_prompt_set_3_nonconditional_24_conditions_English.docx,a3d2fe4ca94b1d34ac771141b2527191cdd82dc0352b04d760df54846b843f05,docx_override,3,"glm-5.2,qwen3.7-max,deepseek-v4-pro","[""1"", ""2"", ""3"", ""4"", ""5"", ""6"", ""7"", ""8""]",yes
E:\数据库\代码\Data\PDCH\实验\_新结构_待启用\.codex_audit\high_concurrency_repair_20260728_124922\manifest.json,PHQ-8,DAIC-WOZ-PHQ8,PHQ_全量189人,thinking,2026-07-28T12:49:22,PHQ8-word-2026-06-27,en,E:\数据库\代码\Data\PDCH\实验\_新结构_待启用\PHQ全量189人_调用就绪\prompts\PHQ8_prompt_set_3_nonconditional_24_conditions_English.docx,E:\数据库\代码\Data\PDCH\实验\_新结构_待启用\PHQ全量189人_调用就绪\prompts\PHQ8_prompt_set_3_nonconditional_24_conditions_English.docx,a3d2fe4ca94b1d34ac771141b2527191cdd82dc0352b04d760df54846b843f05,docx_override,3,"glm-5.2,qwen3.7-max,deepseek-v4-pro","[""1"", ""2"", ""3"", ""4"", ""5"", ""6"", ""7"", ""8""]",yes
E:\数据库\代码\Data\PDCH\实验\_新结构_待启用\.codex_audit\high_concurrency_repair_20260728_125010\manifest.json,PHQ-8,DAIC-WOZ-PHQ8,PHQ_全量189人,thinking,2026-07-28T12:50:10,PHQ8-word-2026-06-27,en,E:\数据库\代码\Data\PDCH\实验\_新结构_待启用\PHQ全量189人_调用就绪\prompts\PHQ8_prompt_set_3_nonconditional_24_conditions_English.docx,E:\数据库\代码\Data\PDCH\实验\_新结构_待启用\PHQ全量189人_调用就绪\prompts\PHQ8_prompt_set_3_nonconditional_24_conditions_English.docx,a3d2fe4ca94b1d34ac771141b2527191cdd82dc0352b04d760df54846b843f05,docx_override,3,"glm-5.2,qwen3.7-max,deepseek-v4-pro","[""1"", ""2"", ""3"", ""4"", ""5"", ""6"", ""7"", ""8""]",yes
E:\数据库\代码\Data\PDCH\实验\_新结构_待启用\.codex_audit\high_concurrency_repair_20260728_125059\manifest.json,PHQ-8,DAIC-WOZ-PHQ8,PHQ_全量189人,thinking,2026-07-28T12:50:59,PHQ8-word-2026-06-27,en,E:\数据库\代码\Data\PDCH\实验\_新结构_待启用\PHQ全量189人_调用就绪\prompts\PHQ8_prompt_set_3_nonconditional_24_conditions_English.docx,E:\数据库\代码\Data\PDCH\实验\_新结构_待启用\PHQ全量189人_调用就绪\prompts\PHQ8_prompt_set_3_nonconditional_24_conditions_English.docx,a3d2fe4ca94b1d34ac771141b2527191cdd82dc0352b04d760df54846b843f05,docx_override,3,"glm-5.2,qwen3.7-max,deepseek-v4-pro","[""1"", ""2"", ""3"", ""4"", ""5"", ""6"", ""7"", ""8""]",yes
E:\数据库\代码\Data\PDCH\实验\_新结构_待启用\.codex_audit\high_concurrency_repair_20260728_125147\manifest.json,PHQ-8,DAIC-WOZ-PHQ8,PHQ_全量189人,thinking,2026-07-28T12:51:47,PHQ8-word-2026-06-27,en,E:\数据库\代码\Data\PDCH\实验\_新结构_待启用\PHQ全量189人_调用就绪\prompts\PHQ8_prompt_set_3_nonconditional_24_conditions_English.docx,E:\数据库\代码\Data\PDCH\实验\_新结构_待启用\PHQ全量189人_调用就绪\prompts\PHQ8_prompt_set_3_nonconditional_24_conditions_English.docx,a3d2fe4ca94b1d34ac771141b2527191cdd82dc0352b04d760df54846b843f05,docx_override,3,"glm-5.2,qwen3.7-max,deepseek-v4-pro","[""1"", ""2"", ""3"", ""4"", ""5"", ""6"", ""7"", ""8""]",yes
E:\数据库\代码\Data\PDCH\实验\_新结构_待启用\.codex_audit\high_concurrency_repair_20260728_125235\manifest.json,PHQ-8,DAIC-WOZ-PHQ8,PHQ_全量189人,thinking,2026-07-28T12:52:35,PHQ8-word-2026-06-27,en,E:\数据库\代码\Data\PDCH\实验\_新结构_待启用\PHQ全量189人_调用就绪\prompts\PHQ8_prompt_set_3_nonconditional_24_conditions_English.docx,E:\数据库\代码\Data\PDCH\实验\_新结构_待启用\PHQ全量189人_调用就绪\prompts\PHQ8_prompt_set_3_nonconditional_24_conditions_English.docx,a3d2fe4ca94b1d34ac771141b2527191cdd82dc0352b04d760df54846b843f05,docx_override,3,"glm-5.2,qwen3.7-max,deepseek-v4-pro","[""1"", ""2"", ""3"", ""4"", ""5"", ""6"", ""7"", ""8""]",yes
E:\数据库\代码\Data\PDCH\实验\_新结构_待启用\.codex_audit\high_concurrency_repair_20260728_125322\manifest.json,PHQ-8,DAIC-WOZ-PHQ8,PHQ_全量189人,thinking,2026-07-28T12:53:22,PHQ8-word-2026-06-27,en,E:\数据库\代码\Data\PDCH\实验\_新结构_待启用\PHQ全量189人_调用就绪\prompts\PHQ8_prompt_set_3_nonconditional_24_conditions_English.docx,E:\数据库\代码\Data\PDCH\实验\_新结构_待启用\PHQ全量189人_调用就绪\prompts\PHQ8_prompt_set_3_nonconditional_24_conditions_English.docx,a3d2fe4ca94b1d34ac771141b2527191cdd82dc0352b04d760df54846b843f05,docx_override,3,"glm-5.2,qwen3.7-max,deepseek-v4-pro","[""1"", ""2"", ""3"", ""4"", ""5"", ""6"", ""7"", ""8""]",yes
E:\数据库\代码\Data\PDCH\实验\_新结构_待启用\.codex_audit\high_concurrency_repair_20260728_125410\manifest.json,PHQ-8,DAIC-WOZ-PHQ8,PHQ_全量189人,thinking,2026-07-28T12:54:10,PHQ8-word-2026-06-27,en,E:\数据库\代码\Data\PDCH\实验\_新结构_待启用\PHQ全量189人_调用就绪\prompts\PHQ8_prompt_set_3_nonconditional_24_conditions_English.docx,E:\数据库\代码\Data\PDCH\实验\_新结构_待启用\PHQ全量189人_调用就绪\prompts\PHQ8_prompt_set_3_nonconditional_24_conditions_English.docx,a3d2fe4ca94b1d34ac771141b2527191cdd82dc0352b04d760df54846b843f05,docx_override,3,"glm-5.2,qwen3.7-max,deepseek-v4-pro","[""1"", ""2"", ""3"", ""4"", ""5"", ""6"", ""7"", ""8""]",yes
E:\数据库\代码\Data\PDCH\实验\_新结构_待启用\.codex_audit\high_concurrency_repair_20260728_125458\manifest.json,PHQ-8,DAIC-WOZ-PHQ8,PHQ_全量189人,thinking,2026-07-28T12:54:58,PHQ8-word-2026-06-27,en,E:\数据库\代码\Data\PDCH\实验\_新结构_待启用\PHQ全量189人_调用就绪\prompts\PHQ8_prompt_set_3_nonconditional_24_conditions_English.docx,E:\数据库\代码\Data\PDCH\实验\_新结构_待启用\PHQ全量189人_调用就绪\prompts\PHQ8_prompt_set_3_nonconditional_24_conditions_English.docx,a3d2fe4ca94b1d34ac771141b2527191cdd82dc0352b04d760df54846b843f05,docx_override,3,"glm-5.2,qwen3.7-max,deepseek-v4-pro","[""1"", ""2"", ""3"", ""4"", ""5"", ""6"", ""7"", ""8""]",yes
E:\数据库\代码\Data\PDCH\实验\_新结构_待启用\.codex_audit\high_concurrency_repair_20260728_125546\manifest.json,PHQ-8,DAIC-WOZ-PHQ8,PHQ_全量189人,thinking,2026-07-28T12:55:46,PHQ8-word-2026-06-27,en,E:\数据库\代码\Data\PDCH\实验\_新结构_待启用\PHQ全量189人_调用就绪\prompts\PHQ8_prompt_set_3_nonconditional_24_conditions_English.docx,E:\数据库\代码\Data\PDCH\实验\_新结构_待启用\PHQ全量189人_调用就绪\prompts\PHQ8_prompt_set_3_nonconditional_24_conditions_English.docx,a3d2fe4ca94b1d34ac771141b2527191cdd82dc0352b04d760df54846b843f05,docx_override,3,"glm-5.2,qwen3.7-max,deepseek-v4-pro","[""1"", ""2"", ""3"", ""4"", ""5"", ""6"", ""7"", ""8""]",yes
E:\数据库\代码\Data\PDCH\实验\_新结构_待启用\.codex_audit\high_concurrency_repair_20260728_125634\manifest.json,PHQ-8,DAIC-WOZ-PHQ8,PHQ_全量189人,thinking,2026-07-28T12:56:34,PHQ8-word-2026-06-27,en,E:\数据库\代码\Data\PDCH\实验\_新结构_待启用\PHQ全量189人_调用就绪\prompts\PHQ8_prompt_set_3_nonconditional_24_conditions_English.docx,E:\数据库\代码\Data\PDCH\实验\_新结构_待启用\PHQ全量189人_调用就绪\prompts\PHQ8_prompt_set_3_nonconditional_24_conditions_English.docx,a3d2fe4ca94b1d34ac771141b2527191cdd82dc0352b04d760df54846b843f05,docx_override,3,"glm-5.2,qwen3.7-max,deepseek-v4-pro","[""1"", ""2"", ""3"", ""4"", ""5"", ""6"", ""7"", ""8""]",yes
E:\数据库\代码\Data\PDCH\实验\_新结构_待启用\.codex_audit\high_concurrency_repair_20260728_125721\manifest.json,PHQ-8,DAIC-WOZ-PHQ8,PHQ_全量189人,thinking,2026-07-28T12:57:21,PHQ8-word-2026-06-27,en,E:\数据库\代码\Data\PDCH\实验\_新结构_待启用\PHQ全量189人_调用就绪\prompts\PHQ8_prompt_set_3_nonconditional_24_conditions_English.docx,E:\数据库\代码\Data\PDCH\实验\_新结构_待启用\PHQ全量189人_调用就绪\prompts\PHQ8_prompt_set_3_nonconditional_24_conditions_English.docx,a3d2fe4ca94b1d34ac771141b2527191cdd82dc0352b04d760df54846b843f05,docx_override,3,"glm-5.2,qwen3.7-max,deepseek-v4-pro","[""1"", ""2"", ""3"", ""4"", ""5"", ""6"", ""7"", ""8""]",yes
E:\数据库\代码\Data\PDCH\实验\_新结构_待启用\.codex_audit\high_concurrency_repair_20260728_125809\manifest.json,PHQ-8,DAIC-WOZ-PHQ8,PHQ_全量189人,thinking,2026-07-28T12:58:09,PHQ8-word-2026-06-27,en,E:\数据库\代码\Data\PDCH\实验\_新结构_待启用\PHQ全量189人_调用就绪\prompts\PHQ8_prompt_set_3_nonconditional_24_conditions_English.docx,E:\数据库\代码\Data\PDCH\实验\_新结构_待启用\PHQ全量189人_调用就绪\prompts\PHQ8_prompt_set_3_nonconditional_24_conditions_English.docx,a3d2fe4ca94b1d34ac771141b2527191cdd82dc0352b04d760df54846b843f05,docx_override,3,"glm-5.2,qwen3.7-max,deepseek-v4-pro","[""1"", ""2"", ""3"", ""4"", ""5"", ""6"", ""7"", ""8""]",yes
E:\数据库\代码\Data\PDCH\实验\_新结构_待启用\.codex_audit\high_concurrency_repair_20260728_125856\manifest.json,PHQ-8,DAIC-WOZ-PHQ8,PHQ_全量189人,thinking,2026-07-28T12:58:56,PHQ8-word-2026-06-27,en,E:\数据库\代码\Data\PDCH\实验\_新结构_待启用\PHQ全量189人_调用就绪\prompts\PHQ8_prompt_set_3_nonconditional_24_conditions_English.docx,E:\数据库\代码\Data\PDCH\实验\_新结构_待启用\PHQ全量189人_调用就绪\prompts\PHQ8_prompt_set_3_nonconditional_24_conditions_English.docx,a3d2fe4ca94b1d34ac771141b2527191cdd82dc0352b04d760df54846b843f05,docx_override,3,"glm-5.2,qwen3.7-max,deepseek-v4-pro","[""1"", ""2"", ""3"", ""4"", ""5"", ""6"", ""7"", ""8""]",yes
E:\数据库\代码\Data\PDCH\实验\_新结构_待启用\.codex_audit\high_concurrency_repair_20260728_125944\manifest.json,PHQ-8,DAIC-WOZ-PHQ8,PHQ_全量189人,thinking,2026-07-28T12:59:44,PHQ8-word-2026-06-27,en,E:\数据库\代码\Data\PDCH\实验\_新结构_待启用\PHQ全量189人_调用就绪\prompts\PHQ8_prompt_set_3_nonconditional_24_conditions_English.docx,E:\数据库\代码\Data\PDCH\实验\_新结构_待启用\PHQ全量189人_调用就绪\prompts\PHQ8_prompt_set_3_nonconditional_24_conditions_English.docx,a3d2fe4ca94b1d34ac771141b2527191cdd82dc0352b04d760df54846b843f05,docx_override,3,"glm-5.2,qwen3.7-max,deepseek-v4-pro","[""1"", ""2"", ""3"", ""4"", ""5"", ""6"", ""7"", ""8""]",yes
E:\数据库\代码\Data\PDCH\实验\_新结构_待启用\.codex_audit\high_concurrency_repair_20260728_130031\manifest.json,PHQ-8,DAIC-WOZ-PHQ8,PHQ_全量189人,thinking,2026-07-28T13:00:31,PHQ8-word-2026-06-27,en,E:\数据库\代码\Data\PDCH\实验\_新结构_待启用\PHQ全量189人_调用就绪\prompts\PHQ8_prompt_set_3_nonconditional_24_conditions_English.docx,E:\数据库\代码\Data\PDCH\实验\_新结构_待启用\PHQ全量189人_调用就绪\prompts\PHQ8_prompt_set_3_nonconditional_24_conditions_English.docx,a3d2fe4ca94b1d34ac771141b2527191cdd82dc0352b04d760df54846b843f05,docx_override,3,"glm-5.2,qwen3.7-max,deepseek-v4-pro","[""1"", ""2"", ""3"", ""4"", ""5"", ""6"", ""7"", ""8""]",yes
E:\数据库\代码\Data\PDCH\实验\_新结构_待启用\.codex_audit\high_concurrency_repair_20260728_130119\manifest.json,PHQ-8,DAIC-WOZ-PHQ8,PHQ_全量189人,thinking,2026-07-28T13:01:19,PHQ8-word-2026-06-27,en,E:\数据库\代码\Data\PDCH\实验\_新结构_待启用\PHQ全量189人_调用就绪\prompts\PHQ8_prompt_set_3_nonconditional_24_conditions_English.docx,E:\数据库\代码\Data\PDCH\实验\_新结构_待启用\PHQ全量189人_调用就绪\prompts\PHQ8_prompt_set_3_nonconditional_24_conditions_English.docx,a3d2fe4ca94b1d34ac771141b2527191cdd82dc0352b04d760df54846b843f05,docx_override,3,"glm-5.2,qwen3.7-max,deepseek-v4-pro","[""1"", ""2"", ""3"", ""4"", ""5"", ""6"", ""7"", ""8""]",yes
E:\数据库\代码\Data\PDCH\实验\_新结构_待启用\.codex_audit\high_concurrency_repair_20260728_130207\manifest.json,PHQ-8,DAIC-WOZ-PHQ8,PHQ_全量189人,thinking,2026-07-28T13:02:07,PHQ8-word-2026-06-27,en,E:\数据库\代码\Data\PDCH\实验\_新结构_待启用\PHQ全量189人_调用就绪\prompts\PHQ8_prompt_set_3_nonconditional_24_conditions_English.docx,E:\数据库\代码\Data\PDCH\实验\_新结构_待启用\PHQ全量189人_调用就绪\prompts\PHQ8_prompt_set_3_nonconditional_24_conditions_English.docx,a3d2fe4ca94b1d34ac771141b2527191cdd82dc0352b04d760df54846b843f05,docx_override,3,"glm-5.2,qwen3.7-max,deepseek-v4-pro","[""1"", ""2"", ""3"", ""4"", ""5"", ""6"", ""7"", ""8""]",yes
E:\数据库\代码\Data\PDCH\实验\_新结构_待启用\.codex_audit\high_concurrency_repair_20260728_130255\manifest.json,PHQ-8,DAIC-WOZ-PHQ8,PHQ_全量189人,thinking,2026-07-28T13:02:55,PHQ8-word-2026-06-27,en,E:\数据库\代码\Data\PDCH\实验\_新结构_待启用\PHQ全量189人_调用就绪\prompts\PHQ8_prompt_set_3_nonconditional_24_conditions_English.docx,E:\数据库\代码\Data\PDCH\实验\_新结构_待启用\PHQ全量189人_调用就绪\prompts\PHQ8_prompt_set_3_nonconditional_24_conditions_English.docx,a3d2fe4ca94b1d34ac771141b2527191cdd82dc0352b04d760df54846b843f05,docx_override,3,"glm-5.2,qwen3.7-max,deepseek-v4-pro","[""1"", ""2"", ""3"", ""4"", ""5"", ""6"", ""7"", ""8""]",yes
E:\数据库\代码\Data\PDCH\实验\_新结构_待启用\.codex_audit\high_concurrency_repair_20260728_130343\manifest.json,PHQ-8,DAIC-WOZ-PHQ8,PHQ_全量189人,thinking,2026-07-28T13:03:43,PHQ8-word-2026-06-27,en,E:\数据库\代码\Data\PDCH\实验\_新结构_待启用\PHQ全量189人_调用就绪\prompts\PHQ8_prompt_set_3_nonconditional_24_conditions_English.docx,E:\数据库\代码\Data\PDCH\实验\_新结构_待启用\PHQ全量189人_调用就绪\prompts\PHQ8_prompt_set_3_nonconditional_24_conditions_English.docx,a3d2fe4ca94b1d34ac771141b2527191cdd82dc0352b04d760df54846b843f05,docx_override,3,"glm-5.2,qwen3.7-max,deepseek-v4-pro","[""1"", ""2"", ""3"", ""4"", ""5"", ""6"", ""7"", ""8""]",yes
E:\数据库\代码\Data\PDCH\实验\_新结构_待启用\.codex_audit\high_concurrency_repair_20260728_130430\manifest.json,PHQ-8,DAIC-WOZ-PHQ8,PHQ_全量189人,thinking,2026-07-28T13:04:30,PHQ8-word-2026-06-27,en,E:\数据库\代码\Data\PDCH\实验\_新结构_待启用\PHQ全量189人_调用就绪\prompts\PHQ8_prompt_set_3_nonconditional_24_conditions_English.docx,E:\数据库\代码\Data\PDCH\实验\_新结构_待启用\PHQ全量189人_调用就绪\prompts\PHQ8_prompt_set_3_nonconditional_24_conditions_English.docx,a3d2fe4ca94b1d34ac771141b2527191cdd82dc0352b04d760df54846b843f05,docx_override,3,"glm-5.2,qwen3.7-max,deepseek-v4-pro","[""1"", ""2"", ""3"", ""4"", ""5"", ""6"", ""7"", ""8""]",yes
E:\数据库\代码\Data\PDCH\实验\_新结构_待启用\.codex_audit\high_concurrency_repair_20260728_130518\manifest.json,PHQ-8,DAIC-WOZ-PHQ8,PHQ_全量189人,thinking,2026-07-28T13:05:18,PHQ8-word-2026-06-27,en,E:\数据库\代码\Data\PDCH\实验\_新结构_待启用\PHQ全量189人_调用就绪\prompts\PHQ8_prompt_set_3_nonconditional_24_conditions_English.docx,E:\数据库\代码\Data\PDCH\实验\_新结构_待启用\PHQ全量189人_调用就绪\prompts\PHQ8_prompt_set_3_nonconditional_24_conditions_English.docx,a3d2fe4ca94b1d34ac771141b2527191cdd82dc0352b04d760df54846b843f05,docx_override,3,"glm-5.2,qwen3.7-max,deepseek-v4-pro","[""1"", ""2"", ""3"", ""4"", ""5"", ""6"", ""7"", ""8""]",yes
E:\数据库\代码\Data\PDCH\实验\_新结构_待启用\.codex_audit\high_concurrency_repair_20260728_130605\manifest.json,PHQ-8,DAIC-WOZ-PHQ8,PHQ_全量189人,thinking,2026-07-28T13:06:05,PHQ8-word-2026-06-27,en,E:\数据库\代码\Data\PDCH\实验\_新结构_待启用\PHQ全量189人_调用就绪\prompts\PHQ8_prompt_set_3_nonconditional_24_conditions_English.docx,E:\数据库\代码\Data\PDCH\实验\_新结构_待启用\PHQ全量189人_调用就绪\prompts\PHQ8_prompt_set_3_nonconditional_24_conditions_English.docx,a3d2fe4ca94b1d34ac771141b2527191cdd82dc0352b04d760df54846b843f05,docx_override,3,"glm-5.2,qwen3.7-max,deepseek-v4-pro","[""1"", ""2"", ""3"", ""4"", ""5"", ""6"", ""7"", ""8""]",yes
E:\数据库\代码\Data\PDCH\实验\_新结构_待启用\.codex_audit\high_concurrency_repair_20260728_130654\manifest.json,PHQ-8,DAIC-WOZ-PHQ8,PHQ_全量189人,thinking,2026-07-28T13:06:54,PHQ8-word-2026-06-27,en,E:\数据库\代码\Data\PDCH\实验\_新结构_待启用\PHQ全量189人_调用就绪\prompts\PHQ8_prompt_set_3_nonconditional_24_conditions_English.docx,E:\数据库\代码\Data\PDCH\实验\_新结构_待启用\PHQ全量189人_调用就绪\prompts\PHQ8_prompt_set_3_nonconditional_24_conditions_English.docx,a3d2fe4ca94b1d34ac771141b2527191cdd82dc0352b04d760df54846b843f05,docx_override,3,"glm-5.2,qwen3.7-max,deepseek-v4-pro","[""1"", ""2"", ""3"", ""4"", ""5"", ""6"", ""7"", ""8""]",yes
E:\数据库\代码\Data\PDCH\实验\_新结构_待启用\.codex_audit\high_concurrency_repair_20260728_130741\manifest.json,PHQ-8,DAIC-WOZ-PHQ8,PHQ_全量189人,thinking,2026-07-28T13:07:41,PHQ8-word-2026-06-27,en,E:\数据库\代码\Data\PDCH\实验\_新结构_待启用\PHQ全量189人_调用就绪\prompts\PHQ8_prompt_set_3_nonconditional_24_conditions_English.docx,E:\数据库\代码\Data\PDCH\实验\_新结构_待启用\PHQ全量189人_调用就绪\prompts\PHQ8_prompt_set_3_nonconditional_24_conditions_English.docx,a3d2fe4ca94b1d34ac771141b2527191cdd82dc0352b04d760df54846b843f05,docx_override,3,"glm-5.2,qwen3.7-max,deepseek-v4-pro","[""1"", ""2"", ""3"", ""4"", ""5"", ""6"", ""7"", ""8""]",yes
E:\数据库\代码\Data\PDCH\实验\_新结构_待启用\.codex_audit\high_concurrency_repair_20260728_130829\manifest.json,PHQ-8,DAIC-WOZ-PHQ8,PHQ_全量189人,thinking,2026-07-28T13:08:29,PHQ8-word-2026-06-27,en,E:\数据库\代码\Data\PDCH\实验\_新结构_待启用\PHQ全量189人_调用就绪\prompts\PHQ8_prompt_set_3_nonconditional_24_conditions_English.docx,E:\数据库\代码\Data\PDCH\实验\_新结构_待启用\PHQ全量189人_调用就绪\prompts\PHQ8_prompt_set_3_nonconditional_24_conditions_English.docx,a3d2fe4ca94b1d34ac771141b2527191cdd82dc0352b04d760df54846b843f05,docx_override,3,"glm-5.2,qwen3.7-max,deepseek-v4-pro","[""1"", ""2"", ""3"", ""4"", ""5"", ""6"", ""7"", ""8""]",yes
E:\数据库\代码\Data\PDCH\实验\_新结构_待启用\.codex_audit\high_concurrency_repair_20260728_130918\manifest.json,PHQ-8,DAIC-WOZ-PHQ8,PHQ_全量189人,thinking,2026-07-28T13:09:18,PHQ8-word-2026-06-27,en,E:\数据库\代码\Data\PDCH\实验\_新结构_待启用\PHQ全量189人_调用就绪\prompts\PHQ8_prompt_set_3_nonconditional_24_conditions_English.docx,E:\数据库\代码\Data\PDCH\实验\_新结构_待启用\PHQ全量189人_调用就绪\prompts\PHQ8_prompt_set_3_nonconditional_24_conditions_English.docx,a3d2fe4ca94b1d34ac771141b2527191cdd82dc0352b04d760df54846b843f05,docx_override,3,"glm-5.2,qwen3.7-max,deepseek-v4-pro","[""1"", ""2"", ""3"", ""4"", ""5"", ""6"", ""7"", ""8""]",yes
E:\数据库\代码\Data\PDCH\实验\_新结构_待启用\.codex_audit\high_concurrency_repair_20260728_131006\manifest.json,PHQ-8,DAIC-WOZ-PHQ8,PHQ_全量189人,thinking,2026-07-28T13:10:06,PHQ8-word-2026-06-27,en,E:\数据库\代码\Data\PDCH\实验\_新结构_待启用\PHQ全量189人_调用就绪\prompts\PHQ8_prompt_set_3_nonconditional_24_conditions_English.docx,E:\数据库\代码\Data\PDCH\实验\_新结构_待启用\PHQ全量189人_调用就绪\prompts\PHQ8_prompt_set_3_nonconditional_24_conditions_English.docx,a3d2fe4ca94b1d34ac771141b2527191cdd82dc0352b04d760df54846b843f05,docx_override,3,"glm-5.2,qwen3.7-max,deepseek-v4-pro","[""1"", ""2"", ""3"", ""4"", ""5"", ""6"", ""7"", ""8""]",yes
E:\数据库\代码\Data\PDCH\实验\_新结构_待启用\.codex_audit\high_concurrency_repair_20260728_131054\manifest.json,PHQ-8,DAIC-WOZ-PHQ8,PHQ_全量189人,thinking,2026-07-28T13:10:54,PHQ8-word-2026-06-27,en,E:\数据库\代码\Data\PDCH\实验\_新结构_待启用\PHQ全量189人_调用就绪\prompts\PHQ8_prompt_set_3_nonconditional_24_conditions_English.docx,E:\数据库\代码\Data\PDCH\实验\_新结构_待启用\PHQ全量189人_调用就绪\prompts\PHQ8_prompt_set_3_nonconditional_24_conditions_English.docx,a3d2fe4ca94b1d34ac771141b2527191cdd82dc0352b04d760df54846b843f05,docx_override,3,"glm-5.2,qwen3.7-max,deepseek-v4-pro","[""1"", ""2"", ""3"", ""4"", ""5"", ""6"", ""7"", ""8""]",yes
E:\数据库\代码\Data\PDCH\实验\_新结构_待启用\.codex_audit\high_concurrency_repair_20260728_131141\manifest.json,PHQ-8,DAIC-WOZ-PHQ8,PHQ_全量189人,thinking,2026-07-28T13:11:41,PHQ8-word-2026-06-27,en,E:\数据库\代码\Data\PDCH\实验\_新结构_待启用\PHQ全量189人_调用就绪\prompts\PHQ8_prompt_set_3_nonconditional_24_conditions_English.docx,E:\数据库\代码\Data\PDCH\实验\_新结构_待启用\PHQ全量189人_调用就绪\prompts\PHQ8_prompt_set_3_nonconditional_24_conditions_English.docx,a3d2fe4ca94b1d34ac771141b2527191cdd82dc0352b04d760df54846b843f05,docx_override,3,"glm-5.2,qwen3.7-max,deepseek-v4-pro","[""1"", ""2"", ""3"", ""4"", ""5"", ""6"", ""7"", ""8""]",yes
E:\数据库\代码\Data\PDCH\实验\_新结构_待启用\.codex_audit\high_concurrency_repair_20260728_131229\manifest.json,PHQ-8,DAIC-WOZ-PHQ8,PHQ_全量189人,thinking,2026-07-28T13:12:29,PHQ8-word-2026-06-27,en,E:\数据库\代码\Data\PDCH\实验\_新结构_待启用\PHQ全量189人_调用就绪\prompts\PHQ8_prompt_set_3_nonconditional_24_conditions_English.docx,E:\数据库\代码\Data\PDCH\实验\_新结构_待启用\PHQ全量189人_调用就绪\prompts\PHQ8_prompt_set_3_nonconditional_24_conditions_English.docx,a3d2fe4ca94b1d34ac771141b2527191cdd82dc0352b04d760df54846b843f05,docx_override,3,"glm-5.2,qwen3.7-max,deepseek-v4-pro","[""1"", ""2"", ""3"", ""4"", ""5"", ""6"", ""7"", ""8""]",yes
E:\数据库\代码\Data\PDCH\实验\_新结构_待启用\.codex_audit\high_concurrency_repair_20260728_131316\manifest.json,PHQ-8,DAIC-WOZ-PHQ8,PHQ_全量189人,thinking,2026-07-28T13:13:16,PHQ8-word-2026-06-27,en,E:\数据库\代码\Data\PDCH\实验\_新结构_待启用\PHQ全量189人_调用就绪\prompts\PHQ8_prompt_set_3_nonconditional_24_conditions_English.docx,E:\数据库\代码\Data\PDCH\实验\_新结构_待启用\PHQ全量189人_调用就绪\prompts\PHQ8_prompt_set_3_nonconditional_24_conditions_English.docx,a3d2fe4ca94b1d34ac771141b2527191cdd82dc0352b04d760df54846b843f05,docx_override,3,"glm-5.2,qwen3.7-max,deepseek-v4-pro","[""1"", ""2"", ""3"", ""4"", ""5"", ""6"", ""7"", ""8""]",yes
E:\数据库\代码\Data\PDCH\实验\_新结构_待启用\.codex_audit\high_concurrency_repair_20260728_131404\manifest.json,PHQ-8,DAIC-WOZ-PHQ8,PHQ_全量189人,thinking,2026-07-28T13:14:04,PHQ8-word-2026-06-27,en,E:\数据库\代码\Data\PDCH\实验\_新结构_待启用\PHQ全量189人_调用就绪\prompts\PHQ8_prompt_set_3_nonconditional_24_conditions_English.docx,E:\数据库\代码\Data\PDCH\实验\_新结构_待启用\PHQ全量189人_调用就绪\prompts\PHQ8_prompt_set_3_nonconditional_24_conditions_English.docx,a3d2fe4ca94b1d34ac771141b2527191cdd82dc0352b04d760df54846b843f05,docx_override,3,"glm-5.2,qwen3.7-max,deepseek-v4-pro","[""1"", ""2"", ""3"", ""4"", ""5"", ""6"", ""7"", ""8""]",yes
E:\数据库\代码\Data\PDCH\实验\_新结构_待启用\.codex_audit\high_concurrency_repair_20260728_131452\manifest.json,PHQ-8,DAIC-WOZ-PHQ8,PHQ_全量189人,thinking,2026-07-28T13:14:52,PHQ8-word-2026-06-27,en,E:\数据库\代码\Data\PDCH\实验\_新结构_待启用\PHQ全量189人_调用就绪\prompts\PHQ8_prompt_set_3_nonconditional_24_conditions_English.docx,E:\数据库\代码\Data\PDCH\实验\_新结构_待启用\PHQ全量189人_调用就绪\prompts\PHQ8_prompt_set_3_nonconditional_24_conditions_English.docx,a3d2fe4ca94b1d34ac771141b2527191cdd82dc0352b04d760df54846b843f05,docx_override,3,"glm-5.2,qwen3.7-max,deepseek-v4-pro","[""1"", ""2"", ""3"", ""4"", ""5"", ""6"", ""7"", ""8""]",yes
E:\数据库\代码\Data\PDCH\实验\_新结构_待启用\.codex_audit\high_concurrency_repair_20260728_131540\manifest.json,PHQ-8,DAIC-WOZ-PHQ8,PHQ_全量189人,thinking,2026-07-28T13:15:40,PHQ8-word-2026-06-27,en,E:\数据库\代码\Data\PDCH\实验\_新结构_待启用\PHQ全量189人_调用就绪\prompts\PHQ8_prompt_set_3_nonconditional_24_conditions_English.docx,E:\数据库\代码\Data\PDCH\实验\_新结构_待启用\PHQ全量189人_调用就绪\prompts\PHQ8_prompt_set_3_nonconditional_24_conditions_English.docx,a3d2fe4ca94b1d34ac771141b2527191cdd82dc0352b04d760df54846b843f05,docx_override,3,"glm-5.2,qwen3.7-max,deepseek-v4-pro","[""1"", ""2"", ""3"", ""4"", ""5"", ""6"", ""7"", ""8""]",yes
E:\数据库\代码\Data\PDCH\实验\_新结构_待启用\.codex_audit\high_concurrency_repair_20260728_131627\manifest.json,PHQ-8,DAIC-WOZ-PHQ8,PHQ_全量189人,thinking,2026-07-28T13:16:27,PHQ8-word-2026-06-27,en,E:\数据库\代码\Data\PDCH\实验\_新结构_待启用\PHQ全量189人_调用就绪\prompts\PHQ8_prompt_set_3_nonconditional_24_conditions_English.docx,E:\数据库\代码\Data\PDCH\实验\_新结构_待启用\PHQ全量189人_调用就绪\prompts\PHQ8_prompt_set_3_nonconditional_24_conditions_English.docx,a3d2fe4ca94b1d34ac771141b2527191cdd82dc0352b04d760df54846b843f05,docx_override,3,"glm-5.2,qwen3.7-max,deepseek-v4-pro","[""1"", ""2"", ""3"", ""4"", ""5"", ""6"", ""7"", ""8""]",yes
E:\数据库\代码\Data\PDCH\实验\_新结构_待启用\.codex_audit\high_concurrency_repair_20260728_131715\manifest.json,PHQ-8,DAIC-WOZ-PHQ8,PHQ_全量189人,thinking,2026-07-28T13:17:15,PHQ8-word-2026-06-27,en,E:\数据库\代码\Data\PDCH\实验\_新结构_待启用\PHQ全量189人_调用就绪\prompts\PHQ8_prompt_set_3_nonconditional_24_conditions_English.docx,E:\数据库\代码\Data\PDCH\实验\_新结构_待启用\PHQ全量189人_调用就绪\prompts\PHQ8_prompt_set_3_nonconditional_24_conditions_English.docx,a3d2fe4ca94b1d34ac771141b2527191cdd82dc0352b04d760df54846b843f05,docx_override,3,"glm-5.2,qwen3.7-max,deepseek-v4-pro","[""1"", ""2"", ""3"", ""4"", ""5"", ""6"", ""7"", ""8""]",yes
E:\数据库\代码\Data\PDCH\实验\_新结构_待启用\.codex_audit\high_concurrency_repair_20260728_131803\manifest.json,PHQ-8,DAIC-WOZ-PHQ8,PHQ_全量189人,thinking,2026-07-28T13:18:03,PHQ8-word-2026-06-27,en,E:\数据库\代码\Data\PDCH\实验\_新结构_待启用\PHQ全量189人_调用就绪\prompts\PHQ8_prompt_set_3_nonconditional_24_conditions_English.docx,E:\数据库\代码\Data\PDCH\实验\_新结构_待启用\PHQ全量189人_调用就绪\prompts\PHQ8_prompt_set_3_nonconditional_24_conditions_English.docx,a3d2fe4ca94b1d34ac771141b2527191cdd82dc0352b04d760df54846b843f05,docx_override,3,"glm-5.2,qwen3.7-max,deepseek-v4-pro","[""1"", ""2"", ""3"", ""4"", ""5"", ""6"", ""7"", ""8""]",yes
E:\数据库\代码\Data\PDCH\实验\_新结构_待启用\.codex_audit\high_concurrency_repair_20260728_131851\manifest.json,PHQ-8,DAIC-WOZ-PHQ8,PHQ_全量189人,thinking,2026-07-28T13:18:51,PHQ8-word-2026-06-27,en,E:\数据库\代码\Data\PDCH\实验\_新结构_待启用\PHQ全量189人_调用就绪\prompts\PHQ8_prompt_set_3_nonconditional_24_conditions_English.docx,E:\数据库\代码\Data\PDCH\实验\_新结构_待启用\PHQ全量189人_调用就绪\prompts\PHQ8_prompt_set_3_nonconditional_24_conditions_English.docx,a3d2fe4ca94b1d34ac771141b2527191cdd82dc0352b04d760df54846b843f05,docx_override,3,"glm-5.2,qwen3.7-max,deepseek-v4-pro","[""1"", ""2"", ""3"", ""4"", ""5"", ""6"", ""7"", ""8""]",yes
E:\数据库\代码\Data\PDCH\实验\_新结构_待启用\.codex_audit\high_concurrency_repair_20260728_131939\manifest.json,PHQ-8,DAIC-WOZ-PHQ8,PHQ_全量189人,thinking,2026-07-28T13:19:39,PHQ8-word-2026-06-27,en,E:\数据库\代码\Data\PDCH\实验\_新结构_待启用\PHQ全量189人_调用就绪\prompts\PHQ8_prompt_set_3_nonconditional_24_conditions_English.docx,E:\数据库\代码\Data\PDCH\实验\_新结构_待启用\PHQ全量189人_调用就绪\prompts\PHQ8_prompt_set_3_nonconditional_24_conditions_English.docx,a3d2fe4ca94b1d34ac771141b2527191cdd82dc0352b04d760df54846b843f05,docx_override,3,"glm-5.2,qwen3.7-max,deepseek-v4-pro","[""1"", ""2"", ""3"", ""4"", ""5"", ""6"", ""7"", ""8""]",yes
E:\数据库\代码\Data\PDCH\实验\_新结构_待启用\.codex_audit\high_concurrency_repair_20260728_132027\manifest.json,PHQ-8,DAIC-WOZ-PHQ8,PHQ_全量189人,thinking,2026-07-28T13:20:27,PHQ8-word-2026-06-27,en,E:\数据库\代码\Data\PDCH\实验\_新结构_待启用\PHQ全量189人_调用就绪\prompts\PHQ8_prompt_set_3_nonconditional_24_conditions_English.docx,E:\数据库\代码\Data\PDCH\实验\_新结构_待启用\PHQ全量189人_调用就绪\prompts\PHQ8_prompt_set_3_nonconditional_24_conditions_English.docx,a3d2fe4ca94b1d34ac771141b2527191cdd82dc0352b04d760df54846b843f05,docx_override,3,"glm-5.2,qwen3.7-max,deepseek-v4-pro","[""1"", ""2"", ""3"", ""4"", ""5"", ""6"", ""7"", ""8""]",yes
E:\数据库\代码\Data\PDCH\实验\_新结构_待启用\.codex_audit\high_concurrency_repair_20260728_132115\manifest.json,PHQ-8,DAIC-WOZ-PHQ8,PHQ_全量189人,thinking,2026-07-28T13:21:15,PHQ8-word-2026-06-27,en,E:\数据库\代码\Data\PDCH\实验\_新结构_待启用\PHQ全量189人_调用就绪\prompts\PHQ8_prompt_set_3_nonconditional_24_conditions_English.docx,E:\数据库\代码\Data\PDCH\实验\_新结构_待启用\PHQ全量189人_调用就绪\prompts\PHQ8_prompt_set_3_nonconditional_24_conditions_English.docx,a3d2fe4ca94b1d34ac771141b2527191cdd82dc0352b04d760df54846b843f05,docx_override,3,"glm-5.2,qwen3.7-max,deepseek-v4-pro","[""1"", ""2"", ""3"", ""4"", ""5"", ""6"", ""7"", ""8""]",yes
E:\数据库\代码\Data\PDCH\实验\_新结构_待启用\.codex_audit\high_concurrency_repair_20260728_132204\manifest.json,PHQ-8,DAIC-WOZ-PHQ8,PHQ_全量189人,thinking,2026-07-28T13:22:04,PHQ8-word-2026-06-27,en,E:\数据库\代码\Data\PDCH\实验\_新结构_待启用\PHQ全量189人_调用就绪\prompts\PHQ8_prompt_set_3_nonconditional_24_conditions_English.docx,E:\数据库\代码\Data\PDCH\实验\_新结构_待启用\PHQ全量189人_调用就绪\prompts\PHQ8_prompt_set_3_nonconditional_24_conditions_English.docx,a3d2fe4ca94b1d34ac771141b2527191cdd82dc0352b04d760df54846b843f05,docx_override,3,"glm-5.2,qwen3.7-max,deepseek-v4-pro","[""1"", ""2"", ""3"", ""4"", ""5"", ""6"", ""7"", ""8""]",yes
E:\数据库\代码\Data\PDCH\实验\_新结构_待启用\.codex_audit\high_concurrency_repair_20260728_132252\manifest.json,PHQ-8,DAIC-WOZ-PHQ8,PHQ_全量189人,thinking,2026-07-28T13:22:52,PHQ8-word-2026-06-27,en,E:\数据库\代码\Data\PDCH\实验\_新结构_待启用\PHQ全量189人_调用就绪\prompts\PHQ8_prompt_set_3_nonconditional_24_conditions_English.docx,E:\数据库\代码\Data\PDCH\实验\_新结构_待启用\PHQ全量189人_调用就绪\prompts\PHQ8_prompt_set_3_nonconditional_24_conditions_English.docx,a3d2fe4ca94b1d34ac771141b2527191cdd82dc0352b04d760df54846b843f05,docx_override,3,"glm-5.2,qwen3.7-max,deepseek-v4-pro","[""1"", ""2"", ""3"", ""4"", ""5"", ""6"", ""7"", ""8""]",yes
E:\数据库\代码\Data\PDCH\实验\_新结构_待启用\.codex_audit\high_concurrency_repair_20260728_132342\manifest.json,PHQ-8,DAIC-WOZ-PHQ8,PHQ_全量189人,thinking,2026-07-28T13:23:42,PHQ8-word-2026-06-27,en,E:\数据库\代码\Data\PDCH\实验\_新结构_待启用\PHQ全量189人_调用就绪\prompts\PHQ8_prompt_set_3_nonconditional_24_conditions_English.docx,E:\数据库\代码\Data\PDCH\实验\_新结构_待启用\PHQ全量189人_调用就绪\prompts\PHQ8_prompt_set_3_nonconditional_24_conditions_English.docx,a3d2fe4ca94b1d34ac771141b2527191cdd82dc0352b04d760df54846b843f05,docx_override,3,"glm-5.2,qwen3.7-max,deepseek-v4-pro","[""1"", ""2"", ""3"", ""4"", ""5"", ""6"", ""7"", ""8""]",yes
E:\数据库\代码\Data\PDCH\实验\_新结构_待启用\.codex_audit\high_concurrency_repair_20260728_132430\manifest.json,PHQ-8,DAIC-WOZ-PHQ8,PHQ_全量189人,thinking,2026-07-28T13:24:30,PHQ8-word-2026-06-27,en,E:\数据库\代码\Data\PDCH\实验\_新结构_待启用\PHQ全量189人_调用就绪\prompts\PHQ8_prompt_set_3_nonconditional_24_conditions_English.docx,E:\数据库\代码\Data\PDCH\实验\_新结构_待启用\PHQ全量189人_调用就绪\prompts\PHQ8_prompt_set_3_nonconditional_24_conditions_English.docx,a3d2fe4ca94b1d34ac771141b2527191cdd82dc0352b04d760df54846b843f05,docx_override,3,"glm-5.2,qwen3.7-max,deepseek-v4-pro","[""1"", ""2"", ""3"", ""4"", ""5"", ""6"", ""7"", ""8""]",yes
E:\数据库\代码\Data\PDCH\实验\_新结构_待启用\.codex_audit\high_concurrency_repair_20260728_132519\manifest.json,PHQ-8,DAIC-WOZ-PHQ8,PHQ_全量189人,thinking,2026-07-28T13:25:19,PHQ8-word-2026-06-27,en,E:\数据库\代码\Data\PDCH\实验\_新结构_待启用\PHQ全量189人_调用就绪\prompts\PHQ8_prompt_set_3_nonconditional_24_conditions_English.docx,E:\数据库\代码\Data\PDCH\实验\_新结构_待启用\PHQ全量189人_调用就绪\prompts\PHQ8_prompt_set_3_nonconditional_24_conditions_English.docx,a3d2fe4ca94b1d34ac771141b2527191cdd82dc0352b04d760df54846b843f05,docx_override,3,"glm-5.2,qwen3.7-max,deepseek-v4-pro","[""1"", ""2"", ""3"", ""4"", ""5"", ""6"", ""7"", ""8""]",yes
E:\数据库\代码\Data\PDCH\实验\_新结构_待启用\.codex_audit\high_concurrency_repair_20260728_132608\manifest.json,PHQ-8,DAIC-WOZ-PHQ8,PHQ_全量189人,thinking,2026-07-28T13:26:08,PHQ8-word-2026-06-27,en,E:\数据库\代码\Data\PDCH\实验\_新结构_待启用\PHQ全量189人_调用就绪\prompts\PHQ8_prompt_set_3_nonconditional_24_conditions_English.docx,E:\数据库\代码\Data\PDCH\实验\_新结构_待启用\PHQ全量189人_调用就绪\prompts\PHQ8_prompt_set_3_nonconditional_24_conditions_English.docx,a3d2fe4ca94b1d34ac771141b2527191cdd82dc0352b04d760df54846b843f05,docx_override,3,"glm-5.2,qwen3.7-max,deepseek-v4-pro","[""1"", ""2"", ""3"", ""4"", ""5"", ""6"", ""7"", ""8""]",yes
E:\数据库\代码\Data\PDCH\实验\_新结构_待启用\.codex_audit\high_concurrency_repair_20260728_132656\manifest.json,PHQ-8,DAIC-WOZ-PHQ8,PHQ_全量189人,thinking,2026-07-28T13:26:56,PHQ8-word-2026-06-27,en,E:\数据库\代码\Data\PDCH\实验\_新结构_待启用\PHQ全量189人_调用就绪\prompts\PHQ8_prompt_set_3_nonconditional_24_conditions_English.docx,E:\数据库\代码\Data\PDCH\实验\_新结构_待启用\PHQ全量189人_调用就绪\prompts\PHQ8_prompt_set_3_nonconditional_24_conditions_English.docx,a3d2fe4ca94b1d34ac771141b2527191cdd82dc0352b04d760df54846b843f05,docx_override,3,"glm-5.2,qwen3.7-max,deepseek-v4-pro","[""1"", ""2"", ""3"", ""4"", ""5"", ""6"", ""7"", ""8""]",yes
E:\数据库\代码\Data\PDCH\实验\_新结构_待启用\.codex_audit\high_concurrency_repair_20260728_132745\manifest.json,PHQ-8,DAIC-WOZ-PHQ8,PHQ_全量189人,thinking,2026-07-28T13:27:45,PHQ8-word-2026-06-27,en,E:\数据库\代码\Data\PDCH\实验\_新结构_待启用\PHQ全量189人_调用就绪\prompts\PHQ8_prompt_set_3_nonconditional_24_conditions_English.docx,E:\数据库\代码\Data\PDCH\实验\_新结构_待启用\PHQ全量189人_调用就绪\prompts\PHQ8_prompt_set_3_nonconditional_24_conditions_English.docx,a3d2fe4ca94b1d34ac771141b2527191cdd82dc0352b04d760df54846b843f05,docx_override,3,"glm-5.2,qwen3.7-max,deepseek-v4-pro","[""1"", ""2"", ""3"", ""4"", ""5"", ""6"", ""7"", ""8""]",yes
E:\数据库\代码\Data\PDCH\实验\_新结构_待启用\.codex_audit\high_concurrency_repair_20260728_132833\manifest.json,PHQ-8,DAIC-WOZ-PHQ8,PHQ_全量189人,thinking,2026-07-28T13:28:33,PHQ8-word-2026-06-27,en,E:\数据库\代码\Data\PDCH\实验\_新结构_待启用\PHQ全量189人_调用就绪\prompts\PHQ8_prompt_set_3_nonconditional_24_conditions_English.docx,E:\数据库\代码\Data\PDCH\实验\_新结构_待启用\PHQ全量189人_调用就绪\prompts\PHQ8_prompt_set_3_nonconditional_24_conditions_English.docx,a3d2fe4ca94b1d34ac771141b2527191cdd82dc0352b04d760df54846b843f05,docx_override,3,"glm-5.2,qwen3.7-max,deepseek-v4-pro","[""1"", ""2"", ""3"", ""4"", ""5"", ""6"", ""7"", ""8""]",yes
E:\数据库\代码\Data\PDCH\实验\_新结构_待启用\.codex_audit\high_concurrency_repair_20260728_132921\manifest.json,PHQ-8,DAIC-WOZ-PHQ8,PHQ_全量189人,thinking,2026-07-28T13:29:21,PHQ8-word-2026-06-27,en,E:\数据库\代码\Data\PDCH\实验\_新结构_待启用\PHQ全量189人_调用就绪\prompts\PHQ8_prompt_set_3_nonconditional_24_conditions_English.docx,E:\数据库\代码\Data\PDCH\实验\_新结构_待启用\PHQ全量189人_调用就绪\prompts\PHQ8_prompt_set_3_nonconditional_24_conditions_English.docx,a3d2fe4ca94b1d34ac771141b2527191cdd82dc0352b04d760df54846b843f05,docx_override,3,"glm-5.2,qwen3.7-max,deepseek-v4-pro","[""1"", ""2"", ""3"", ""4"", ""5"", ""6"", ""7"", ""8""]",yes
E:\数据库\代码\Data\PDCH\实验\_新结构_待启用\.codex_audit\high_concurrency_repair_20260728_133009\manifest.json,PHQ-8,DAIC-WOZ-PHQ8,PHQ_全量189人,thinking,2026-07-28T13:30:09,PHQ8-word-2026-06-27,en,E:\数据库\代码\Data\PDCH\实验\_新结构_待启用\PHQ全量189人_调用就绪\prompts\PHQ8_prompt_set_3_nonconditional_24_conditions_English.docx,E:\数据库\代码\Data\PDCH\实验\_新结构_待启用\PHQ全量189人_调用就绪\prompts\PHQ8_prompt_set_3_nonconditional_24_conditions_English.docx,a3d2fe4ca94b1d34ac771141b2527191cdd82dc0352b04d760df54846b843f05,docx_override,3,"glm-5.2,qwen3.7-max,deepseek-v4-pro","[""1"", ""2"", ""3"", ""4"", ""5"", ""6"", ""7"", ""8""]",yes
E:\数据库\代码\Data\PDCH\实验\_新结构_待启用\.codex_audit\high_concurrency_repair_20260728_133057\manifest.json,PHQ-8,DAIC-WOZ-PHQ8,PHQ_全量189人,thinking,2026-07-28T13:30:57,PHQ8-word-2026-06-27,en,E:\数据库\代码\Data\PDCH\实验\_新结构_待启用\PHQ全量189人_调用就绪\prompts\PHQ8_prompt_set_3_nonconditional_24_conditions_English.docx,E:\数据库\代码\Data\PDCH\实验\_新结构_待启用\PHQ全量189人_调用就绪\prompts\PHQ8_prompt_set_3_nonconditional_24_conditions_English.docx,a3d2fe4ca94b1d34ac771141b2527191cdd82dc0352b04d760df54846b843f05,docx_override,3,"glm-5.2,qwen3.7-max,deepseek-v4-pro","[""1"", ""2"", ""3"", ""4"", ""5"", ""6"", ""7"", ""8""]",yes
E:\数据库\代码\Data\PDCH\实验\_新结构_待启用\.codex_audit\high_concurrency_repair_20260728_133145\manifest.json,PHQ-8,DAIC-WOZ-PHQ8,PHQ_全量189人,thinking,2026-07-28T13:31:45,PHQ8-word-2026-06-27,en,E:\数据库\代码\Data\PDCH\实验\_新结构_待启用\PHQ全量189人_调用就绪\prompts\PHQ8_prompt_set_3_nonconditional_24_conditions_English.docx,E:\数据库\代码\Data\PDCH\实验\_新结构_待启用\PHQ全量189人_调用就绪\prompts\PHQ8_prompt_set_3_nonconditional_24_conditions_English.docx,a3d2fe4ca94b1d34ac771141b2527191cdd82dc0352b04d760df54846b843f05,docx_override,3,"glm-5.2,qwen3.7-max,deepseek-v4-pro","[""1"", ""2"", ""3"", ""4"", ""5"", ""6"", ""7"", ""8""]",yes
E:\数据库\代码\Data\PDCH\实验\_新结构_待启用\.codex_audit\high_concurrency_repair_20260728_133233\manifest.json,PHQ-8,DAIC-WOZ-PHQ8,PHQ_全量189人,thinking,2026-07-28T13:32:33,PHQ8-word-2026-06-27,en,E:\数据库\代码\Data\PDCH\实验\_新结构_待启用\PHQ全量189人_调用就绪\prompts\PHQ8_prompt_set_3_nonconditional_24_conditions_English.docx,E:\数据库\代码\Data\PDCH\实验\_新结构_待启用\PHQ全量189人_调用就绪\prompts\PHQ8_prompt_set_3_nonconditional_24_conditions_English.docx,a3d2fe4ca94b1d34ac771141b2527191cdd82dc0352b04d760df54846b843f05,docx_override,3,"glm-5.2,qwen3.7-max,deepseek-v4-pro","[""1"", ""2"", ""3"", ""4"", ""5"", ""6"", ""7"", ""8""]",yes
E:\数据库\代码\Data\PDCH\实验\_新结构_待启用\.codex_audit\high_concurrency_repair_20260728_133321\manifest.json,PHQ-8,DAIC-WOZ-PHQ8,PHQ_全量189人,thinking,2026-07-28T13:33:21,PHQ8-word-2026-06-27,en,E:\数据库\代码\Data\PDCH\实验\_新结构_待启用\PHQ全量189人_调用就绪\prompts\PHQ8_prompt_set_3_nonconditional_24_conditions_English.docx,E:\数据库\代码\Data\PDCH\实验\_新结构_待启用\PHQ全量189人_调用就绪\prompts\PHQ8_prompt_set_3_nonconditional_24_conditions_English.docx,a3d2fe4ca94b1d34ac771141b2527191cdd82dc0352b04d760df54846b843f05,docx_override,3,"glm-5.2,qwen3.7-max,deepseek-v4-pro","[""1"", ""2"", ""3"", ""4"", ""5"", ""6"", ""7"", ""8""]",yes
E:\数据库\代码\Data\PDCH\实验\_新结构_待启用\.codex_audit\high_concurrency_repair_20260728_133410\manifest.json,PHQ-8,DAIC-WOZ-PHQ8,PHQ_全量189人,thinking,2026-07-28T13:34:10,PHQ8-word-2026-06-27,en,E:\数据库\代码\Data\PDCH\实验\_新结构_待启用\PHQ全量189人_调用就绪\prompts\PHQ8_prompt_set_3_nonconditional_24_conditions_English.docx,E:\数据库\代码\Data\PDCH\实验\_新结构_待启用\PHQ全量189人_调用就绪\prompts\PHQ8_prompt_set_3_nonconditional_24_conditions_English.docx,a3d2fe4ca94b1d34ac771141b2527191cdd82dc0352b04d760df54846b843f05,docx_override,3,"glm-5.2,qwen3.7-max,deepseek-v4-pro","[""1"", ""2"", ""3"", ""4"", ""5"", ""6"", ""7"", ""8""]",yes
E:\数据库\代码\Data\PDCH\实验\_新结构_待启用\.codex_audit\high_concurrency_repair_20260728_133459\manifest.json,PHQ-8,DAIC-WOZ-PHQ8,PHQ_全量189人,thinking,2026-07-28T13:34:59,PHQ8-word-2026-06-27,en,E:\数据库\代码\Data\PDCH\实验\_新结构_待启用\PHQ全量189人_调用就绪\prompts\PHQ8_prompt_set_3_nonconditional_24_conditions_English.docx,E:\数据库\代码\Data\PDCH\实验\_新结构_待启用\PHQ全量189人_调用就绪\prompts\PHQ8_prompt_set_3_nonconditional_24_conditions_English.docx,a3d2fe4ca94b1d34ac771141b2527191cdd82dc0352b04d760df54846b843f05,docx_override,3,"glm-5.2,qwen3.7-max,deepseek-v4-pro","[""1"", ""2"", ""3"", ""4"", ""5"", ""6"", ""7"", ""8""]",yes
E:\数据库\代码\Data\PDCH\实验\_新结构_待启用\.codex_audit\high_concurrency_repair_20260728_133547\manifest.json,PHQ-8,DAIC-WOZ-PHQ8,PHQ_全量189人,thinking,2026-07-28T13:35:47,PHQ8-word-2026-06-27,en,E:\数据库\代码\Data\PDCH\实验\_新结构_待启用\PHQ全量189人_调用就绪\prompts\PHQ8_prompt_set_3_nonconditional_24_conditions_English.docx,E:\数据库\代码\Data\PDCH\实验\_新结构_待启用\PHQ全量189人_调用就绪\prompts\PHQ8_prompt_set_3_nonconditional_24_conditions_English.docx,a3d2fe4ca94b1d34ac771141b2527191cdd82dc0352b04d760df54846b843f05,docx_override,3,"glm-5.2,qwen3.7-max,deepseek-v4-pro","[""1"", ""2"", ""3"", ""4"", ""5"", ""6"", ""7"", ""8""]",yes
E:\数据库\代码\Data\PDCH\实验\_新结构_待启用\.codex_audit\high_concurrency_repair_20260728_133635\manifest.json,PHQ-8,DAIC-WOZ-PHQ8,PHQ_全量189人,thinking,2026-07-28T13:36:35,PHQ8-word-2026-06-27,en,E:\数据库\代码\Data\PDCH\实验\_新结构_待启用\PHQ全量189人_调用就绪\prompts\PHQ8_prompt_set_3_nonconditional_24_conditions_English.docx,E:\数据库\代码\Data\PDCH\实验\_新结构_待启用\PHQ全量189人_调用就绪\prompts\PHQ8_prompt_set_3_nonconditional_24_conditions_English.docx,a3d2fe4ca94b1d34ac771141b2527191cdd82dc0352b04d760df54846b843f05,docx_override,3,"glm-5.2,qwen3.7-max,deepseek-v4-pro","[""1"", ""2"", ""3"", ""4"", ""5"", ""6"", ""7"", ""8""]",yes
E:\数据库\代码\Data\PDCH\实验\_新结构_待启用\.codex_audit\high_concurrency_repair_20260728_133723\manifest.json,PHQ-8,DAIC-WOZ-PHQ8,PHQ_全量189人,thinking,2026-07-28T13:37:23,PHQ8-word-2026-06-27,en,E:\数据库\代码\Data\PDCH\实验\_新结构_待启用\PHQ全量189人_调用就绪\prompts\PHQ8_prompt_set_3_nonconditional_24_conditions_English.docx,E:\数据库\代码\Data\PDCH\实验\_新结构_待启用\PHQ全量189人_调用就绪\prompts\PHQ8_prompt_set_3_nonconditional_24_conditions_English.docx,a3d2fe4ca94b1d34ac771141b2527191cdd82dc0352b04d760df54846b843f05,docx_override,3,"glm-5.2,qwen3.7-max,deepseek-v4-pro","[""1"", ""2"", ""3"", ""4"", ""5"", ""6"", ""7"", ""8""]",yes
E:\数据库\代码\Data\PDCH\实验\_新结构_待启用\.codex_audit\high_concurrency_repair_20260728_133811\manifest.json,PHQ-8,DAIC-WOZ-PHQ8,PHQ_全量189人,thinking,2026-07-28T13:38:11,PHQ8-word-2026-06-27,en,E:\数据库\代码\Data\PDCH\实验\_新结构_待启用\PHQ全量189人_调用就绪\prompts\PHQ8_prompt_set_3_nonconditional_24_conditions_English.docx,E:\数据库\代码\Data\PDCH\实验\_新结构_待启用\PHQ全量189人_调用就绪\prompts\PHQ8_prompt_set_3_nonconditional_24_conditions_English.docx,a3d2fe4ca94b1d34ac771141b2527191cdd82dc0352b04d760df54846b843f05,docx_override,3,"glm-5.2,qwen3.7-max,deepseek-v4-pro","[""1"", ""2"", ""3"", ""4"", ""5"", ""6"", ""7"", ""8""]",yes
E:\数据库\代码\Data\PDCH\实验\_新结构_待启用\.codex_audit\high_concurrency_repair_20260728_133936\manifest.json,PHQ-8,DAIC-WOZ-PHQ8,PHQ_全量189人,thinking,2026-07-28T13:39:36,PHQ8-word-2026-06-27,en,E:\数据库\代码\Data\PDCH\实验\_新结构_待启用\PHQ全量189人_调用就绪\prompts\PHQ8_prompt_set_3_nonconditional_24_conditions_English.docx,E:\数据库\代码\Data\PDCH\实验\_新结构_待启用\PHQ全量189人_调用就绪\prompts\PHQ8_prompt_set_3_nonconditional_24_conditions_English.docx,a3d2fe4ca94b1d34ac771141b2527191cdd82dc0352b04d760df54846b843f05,docx_override,3,"glm-5.2,qwen3.7-max,deepseek-v4-pro","[""1"", ""2"", ""3"", ""4"", ""5"", ""6"", ""7"", ""8""]",yes
E:\数据库\代码\Data\PDCH\实验\_新结构_待启用\.codex_audit\high_concurrency_repair_20260728_134024\manifest.json,PHQ-8,DAIC-WOZ-PHQ8,PHQ_全量189人,thinking,2026-07-28T13:40:24,PHQ8-word-2026-06-27,en,E:\数据库\代码\Data\PDCH\实验\_新结构_待启用\PHQ全量189人_调用就绪\prompts\PHQ8_prompt_set_3_nonconditional_24_conditions_English.docx,E:\数据库\代码\Data\PDCH\实验\_新结构_待启用\PHQ全量189人_调用就绪\prompts\PHQ8_prompt_set_3_nonconditional_24_conditions_English.docx,a3d2fe4ca94b1d34ac771141b2527191cdd82dc0352b04d760df54846b843f05,docx_override,3,"glm-5.2,qwen3.7-max,deepseek-v4-pro","[""1"", ""2"", ""3"", ""4"", ""5"", ""6"", ""7"", ""8""]",yes
E:\数据库\代码\Data\PDCH\实验\_新结构_待启用\.codex_audit\high_concurrency_repair_20260728_134113\manifest.json,PHQ-8,DAIC-WOZ-PHQ8,PHQ_全量189人,thinking,2026-07-28T13:41:13,PHQ8-word-2026-06-27,en,E:\数据库\代码\Data\PDCH\实验\_新结构_待启用\PHQ全量189人_调用就绪\prompts\PHQ8_prompt_set_3_nonconditional_24_conditions_English.docx,E:\数据库\代码\Data\PDCH\实验\_新结构_待启用\PHQ全量189人_调用就绪\prompts\PHQ8_prompt_set_3_nonconditional_24_conditions_English.docx,a3d2fe4ca94b1d34ac771141b2527191cdd82dc0352b04d760df54846b843f05,docx_override,3,"glm-5.2,qwen3.7-max,deepseek-v4-pro","[""1"", ""2"", ""3"", ""4"", ""5"", ""6"", ""7"", ""8""]",yes
E:\数据库\代码\Data\PDCH\实验\_新结构_待启用\.codex_audit\high_concurrency_repair_20260728_134201\manifest.json,PHQ-8,DAIC-WOZ-PHQ8,PHQ_全量189人,thinking,2026-07-28T13:42:01,PHQ8-word-2026-06-27,en,E:\数据库\代码\Data\PDCH\实验\_新结构_待启用\PHQ全量189人_调用就绪\prompts\PHQ8_prompt_set_3_nonconditional_24_conditions_English.docx,E:\数据库\代码\Data\PDCH\实验\_新结构_待启用\PHQ全量189人_调用就绪\prompts\PHQ8_prompt_set_3_nonconditional_24_conditions_English.docx,a3d2fe4ca94b1d34ac771141b2527191cdd82dc0352b04d760df54846b843f05,docx_override,3,"glm-5.2,qwen3.7-max,deepseek-v4-pro","[""1"", ""2"", ""3"", ""4"", ""5"", ""6"", ""7"", ""8""]",yes
E:\数据库\代码\Data\PDCH\实验\_新结构_待启用\.codex_audit\high_concurrency_repair_20260728_134250\manifest.json,PHQ-8,DAIC-WOZ-PHQ8,PHQ_全量189人,thinking,2026-07-28T13:42:50,PHQ8-word-2026-06-27,en,E:\数据库\代码\Data\PDCH\实验\_新结构_待启用\PHQ全量189人_调用就绪\prompts\PHQ8_prompt_set_3_nonconditional_24_conditions_English.docx,E:\数据库\代码\Data\PDCH\实验\_新结构_待启用\PHQ全量189人_调用就绪\prompts\PHQ8_prompt_set_3_nonconditional_24_conditions_English.docx,a3d2fe4ca94b1d34ac771141b2527191cdd82dc0352b04d760df54846b843f05,docx_override,3,"glm-5.2,qwen3.7-max,deepseek-v4-pro","[""1"", ""2"", ""3"", ""4"", ""5"", ""6"", ""7"", ""8""]",yes
E:\数据库\代码\Data\PDCH\实验\_新结构_待启用\.codex_audit\high_concurrency_repair_20260728_134339\manifest.json,PHQ-8,DAIC-WOZ-PHQ8,PHQ_全量189人,thinking,2026-07-28T13:43:39,PHQ8-word-2026-06-27,en,E:\数据库\代码\Data\PDCH\实验\_新结构_待启用\PHQ全量189人_调用就绪\prompts\PHQ8_prompt_set_3_nonconditional_24_conditions_English.docx,E:\数据库\代码\Data\PDCH\实验\_新结构_待启用\PHQ全量189人_调用就绪\prompts\PHQ8_prompt_set_3_nonconditional_24_conditions_English.docx,a3d2fe4ca94b1d34ac771141b2527191cdd82dc0352b04d760df54846b843f05,docx_override,3,"glm-5.2,qwen3.7-max,deepseek-v4-pro","[""1"", ""2"", ""3"", ""4"", ""5"", ""6"", ""7"", ""8""]",yes
E:\数据库\代码\Data\PDCH\实验\_新结构_待启用\.codex_audit\high_concurrency_repair_20260728_134427\manifest.json,PHQ-8,DAIC-WOZ-PHQ8,PHQ_全量189人,thinking,2026-07-28T13:44:27,PHQ8-word-2026-06-27,en,E:\数据库\代码\Data\PDCH\实验\_新结构_待启用\PHQ全量189人_调用就绪\prompts\PHQ8_prompt_set_3_nonconditional_24_conditions_English.docx,E:\数据库\代码\Data\PDCH\实验\_新结构_待启用\PHQ全量189人_调用就绪\prompts\PHQ8_prompt_set_3_nonconditional_24_conditions_English.docx,a3d2fe4ca94b1d34ac771141b2527191cdd82dc0352b04d760df54846b843f05,docx_override,3,"glm-5.2,qwen3.7-max,deepseek-v4-pro","[""1"", ""2"", ""3"", ""4"", ""5"", ""6"", ""7"", ""8""]",yes
E:\数据库\代码\Data\PDCH\实验\_新结构_待启用\.codex_audit\high_concurrency_repair_20260728_134516\manifest.json,PHQ-8,DAIC-WOZ-PHQ8,PHQ_全量189人,thinking,2026-07-28T13:45:16,PHQ8-word-2026-06-27,en,E:\数据库\代码\Data\PDCH\实验\_新结构_待启用\PHQ全量189人_调用就绪\prompts\PHQ8_prompt_set_3_nonconditional_24_conditions_English.docx,E:\数据库\代码\Data\PDCH\实验\_新结构_待启用\PHQ全量189人_调用就绪\prompts\PHQ8_prompt_set_3_nonconditional_24_conditions_English.docx,a3d2fe4ca94b1d34ac771141b2527191cdd82dc0352b04d760df54846b843f05,docx_override,3,"glm-5.2,qwen3.7-max,deepseek-v4-pro","[""1"", ""2"", ""3"", ""4"", ""5"", ""6"", ""7"", ""8""]",yes
E:\数据库\代码\Data\PDCH\实验\_新结构_待启用\.codex_audit\high_concurrency_repair_20260728_134606\manifest.json,PHQ-8,DAIC-WOZ-PHQ8,PHQ_全量189人,thinking,2026-07-28T13:46:06,PHQ8-word-2026-06-27,en,E:\数据库\代码\Data\PDCH\实验\_新结构_待启用\PHQ全量189人_调用就绪\prompts\PHQ8_prompt_set_3_nonconditional_24_conditions_English.docx,E:\数据库\代码\Data\PDCH\实验\_新结构_待启用\PHQ全量189人_调用就绪\prompts\PHQ8_prompt_set_3_nonconditional_24_conditions_English.docx,a3d2fe4ca94b1d34ac771141b2527191cdd82dc0352b04d760df54846b843f05,docx_override,3,"glm-5.2,qwen3.7-max,deepseek-v4-pro","[""1"", ""2"", ""3"", ""4"", ""5"", ""6"", ""7"", ""8""]",yes
E:\数据库\代码\Data\PDCH\实验\_新结构_待启用\.codex_audit\high_concurrency_repair_20260728_134655\manifest.json,PHQ-8,DAIC-WOZ-PHQ8,PHQ_全量189人,thinking,2026-07-28T13:46:55,PHQ8-word-2026-06-27,en,E:\数据库\代码\Data\PDCH\实验\_新结构_待启用\PHQ全量189人_调用就绪\prompts\PHQ8_prompt_set_3_nonconditional_24_conditions_English.docx,E:\数据库\代码\Data\PDCH\实验\_新结构_待启用\PHQ全量189人_调用就绪\prompts\PHQ8_prompt_set_3_nonconditional_24_conditions_English.docx,a3d2fe4ca94b1d34ac771141b2527191cdd82dc0352b04d760df54846b843f05,docx_override,3,"glm-5.2,qwen3.7-max,deepseek-v4-pro","[""1"", ""2"", ""3"", ""4"", ""5"", ""6"", ""7"", ""8""]",yes
E:\数据库\代码\Data\PDCH\实验\_新结构_待启用\.codex_audit\high_concurrency_repair_20260728_134742\manifest.json,PHQ-8,DAIC-WOZ-PHQ8,PHQ_全量189人,thinking,2026-07-28T13:47:42,PHQ8-word-2026-06-27,en,E:\数据库\代码\Data\PDCH\实验\_新结构_待启用\PHQ全量189人_调用就绪\prompts\PHQ8_prompt_set_3_nonconditional_24_conditions_English.docx,E:\数据库\代码\Data\PDCH\实验\_新结构_待启用\PHQ全量189人_调用就绪\prompts\PHQ8_prompt_set_3_nonconditional_24_conditions_English.docx,a3d2fe4ca94b1d34ac771141b2527191cdd82dc0352b04d760df54846b843f05,docx_override,3,"glm-5.2,qwen3.7-max,deepseek-v4-pro","[""1"", ""2"", ""3"", ""4"", ""5"", ""6"", ""7"", ""8""]",yes
E:\数据库\代码\Data\PDCH\实验\_新结构_待启用\.codex_audit\high_concurrency_repair_20260728_134830\manifest.json,PHQ-8,DAIC-WOZ-PHQ8,PHQ_全量189人,thinking,2026-07-28T13:48:30,PHQ8-word-2026-06-27,en,E:\数据库\代码\Data\PDCH\实验\_新结构_待启用\PHQ全量189人_调用就绪\prompts\PHQ8_prompt_set_3_nonconditional_24_conditions_English.docx,E:\数据库\代码\Data\PDCH\实验\_新结构_待启用\PHQ全量189人_调用就绪\prompts\PHQ8_prompt_set_3_nonconditional_24_conditions_English.docx,a3d2fe4ca94b1d34ac771141b2527191cdd82dc0352b04d760df54846b843f05,docx_override,3,"glm-5.2,qwen3.7-max,deepseek-v4-pro","[""1"", ""2"", ""3"", ""4"", ""5"", ""6"", ""7"", ""8""]",yes
E:\数据库\代码\Data\PDCH\实验\_新结构_待启用\.codex_audit\high_concurrency_repair_20260728_134919\manifest.json,PHQ-8,DAIC-WOZ-PHQ8,PHQ_全量189人,thinking,2026-07-28T13:49:19,PHQ8-word-2026-06-27,en,E:\数据库\代码\Data\PDCH\实验\_新结构_待启用\PHQ全量189人_调用就绪\prompts\PHQ8_prompt_set_3_nonconditional_24_conditions_English.docx,E:\数据库\代码\Data\PDCH\实验\_新结构_待启用\PHQ全量189人_调用就绪\prompts\PHQ8_prompt_set_3_nonconditional_24_conditions_English.docx,a3d2fe4ca94b1d34ac771141b2527191cdd82dc0352b04d760df54846b843f05,docx_override,3,"glm-5.2,qwen3.7-max,deepseek-v4-pro","[""1"", ""2"", ""3"", ""4"", ""5"", ""6"", ""7"", ""8""]",yes
E:\数据库\代码\Data\PDCH\实验\_新结构_待启用\.codex_audit\high_concurrency_repair_20260728_135006\manifest.json,PHQ-8,DAIC-WOZ-PHQ8,PHQ_全量189人,thinking,2026-07-28T13:50:06,PHQ8-word-2026-06-27,en,E:\数据库\代码\Data\PDCH\实验\_新结构_待启用\PHQ全量189人_调用就绪\prompts\PHQ8_prompt_set_3_nonconditional_24_conditions_English.docx,E:\数据库\代码\Data\PDCH\实验\_新结构_待启用\PHQ全量189人_调用就绪\prompts\PHQ8_prompt_set_3_nonconditional_24_conditions_English.docx,a3d2fe4ca94b1d34ac771141b2527191cdd82dc0352b04d760df54846b843f05,docx_override,3,"glm-5.2,qwen3.7-max,deepseek-v4-pro","[""1"", ""2"", ""3"", ""4"", ""5"", ""6"", ""7"", ""8""]",yes
E:\数据库\代码\Data\PDCH\实验\_新结构_待启用\.codex_audit\high_concurrency_repair_20260728_135055\manifest.json,PHQ-8,DAIC-WOZ-PHQ8,PHQ_全量189人,thinking,2026-07-28T13:50:55,PHQ8-word-2026-06-27,en,E:\数据库\代码\Data\PDCH\实验\_新结构_待启用\PHQ全量189人_调用就绪\prompts\PHQ8_prompt_set_3_nonconditional_24_conditions_English.docx,E:\数据库\代码\Data\PDCH\实验\_新结构_待启用\PHQ全量189人_调用就绪\prompts\PHQ8_prompt_set_3_nonconditional_24_conditions_English.docx,a3d2fe4ca94b1d34ac771141b2527191cdd82dc0352b04d760df54846b843f05,docx_override,3,"glm-5.2,qwen3.7-max,deepseek-v4-pro","[""1"", ""2"", ""3"", ""4"", ""5"", ""6"", ""7"", ""8""]",yes
E:\数据库\代码\Data\PDCH\实验\_新结构_待启用\.codex_audit\high_concurrency_repair_20260728_135144\manifest.json,PHQ-8,DAIC-WOZ-PHQ8,PHQ_全量189人,thinking,2026-07-28T13:51:44,PHQ8-word-2026-06-27,en,E:\数据库\代码\Data\PDCH\实验\_新结构_待启用\PHQ全量189人_调用就绪\prompts\PHQ8_prompt_set_3_nonconditional_24_conditions_English.docx,E:\数据库\代码\Data\PDCH\实验\_新结构_待启用\PHQ全量189人_调用就绪\prompts\PHQ8_prompt_set_3_nonconditional_24_conditions_English.docx,a3d2fe4ca94b1d34ac771141b2527191cdd82dc0352b04d760df54846b843f05,docx_override,3,"glm-5.2,qwen3.7-max,deepseek-v4-pro","[""1"", ""2"", ""3"", ""4"", ""5"", ""6"", ""7"", ""8""]",yes
E:\数据库\代码\Data\PDCH\实验\_新结构_待启用\.codex_audit\high_concurrency_repair_20260728_135233\manifest.json,PHQ-8,DAIC-WOZ-PHQ8,PHQ_全量189人,thinking,2026-07-28T13:52:33,PHQ8-word-2026-06-27,en,E:\数据库\代码\Data\PDCH\实验\_新结构_待启用\PHQ全量189人_调用就绪\prompts\PHQ8_prompt_set_3_nonconditional_24_conditions_English.docx,E:\数据库\代码\Data\PDCH\实验\_新结构_待启用\PHQ全量189人_调用就绪\prompts\PHQ8_prompt_set_3_nonconditional_24_conditions_English.docx,a3d2fe4ca94b1d34ac771141b2527191cdd82dc0352b04d760df54846b843f05,docx_override,3,"glm-5.2,qwen3.7-max,deepseek-v4-pro","[""1"", ""2"", ""3"", ""4"", ""5"", ""6"", ""7"", ""8""]",yes
E:\数据库\代码\Data\PDCH\实验\_新结构_待启用\.codex_audit\high_concurrency_repair_20260728_135322\manifest.json,PHQ-8,DAIC-WOZ-PHQ8,PHQ_全量189人,thinking,2026-07-28T13:53:22,PHQ8-word-2026-06-27,en,E:\数据库\代码\Data\PDCH\实验\_新结构_待启用\PHQ全量189人_调用就绪\prompts\PHQ8_prompt_set_3_nonconditional_24_conditions_English.docx,E:\数据库\代码\Data\PDCH\实验\_新结构_待启用\PHQ全量189人_调用就绪\prompts\PHQ8_prompt_set_3_nonconditional_24_conditions_English.docx,a3d2fe4ca94b1d34ac771141b2527191cdd82dc0352b04d760df54846b843f05,docx_override,3,"glm-5.2,qwen3.7-max,deepseek-v4-pro","[""1"", ""2"", ""3"", ""4"", ""5"", ""6"", ""7"", ""8""]",yes
E:\数据库\代码\Data\PDCH\实验\_新结构_待启用\.codex_audit\high_concurrency_repair_20260728_135409\manifest.json,PHQ-8,DAIC-WOZ-PHQ8,PHQ_全量189人,thinking,2026-07-28T13:54:09,PHQ8-word-2026-06-27,en,E:\数据库\代码\Data\PDCH\实验\_新结构_待启用\PHQ全量189人_调用就绪\prompts\PHQ8_prompt_set_3_nonconditional_24_conditions_English.docx,E:\数据库\代码\Data\PDCH\实验\_新结构_待启用\PHQ全量189人_调用就绪\prompts\PHQ8_prompt_set_3_nonconditional_24_conditions_English.docx,a3d2fe4ca94b1d34ac771141b2527191cdd82dc0352b04d760df54846b843f05,docx_override,3,"glm-5.2,qwen3.7-max,deepseek-v4-pro","[""1"", ""2"", ""3"", ""4"", ""5"", ""6"", ""7"", ""8""]",yes
E:\数据库\代码\Data\PDCH\实验\_新结构_待启用\.codex_audit\high_concurrency_repair_20260728_135458\manifest.json,PHQ-8,DAIC-WOZ-PHQ8,PHQ_全量189人,thinking,2026-07-28T13:54:58,PHQ8-word-2026-06-27,en,E:\数据库\代码\Data\PDCH\实验\_新结构_待启用\PHQ全量189人_调用就绪\prompts\PHQ8_prompt_set_3_nonconditional_24_conditions_English.docx,E:\数据库\代码\Data\PDCH\实验\_新结构_待启用\PHQ全量189人_调用就绪\prompts\PHQ8_prompt_set_3_nonconditional_24_conditions_English.docx,a3d2fe4ca94b1d34ac771141b2527191cdd82dc0352b04d760df54846b843f05,docx_override,3,"glm-5.2,qwen3.7-max,deepseek-v4-pro","[""1"", ""2"", ""3"", ""4"", ""5"", ""6"", ""7"", ""8""]",yes
E:\数据库\代码\Data\PDCH\实验\_新结构_待启用\.codex_audit\high_concurrency_repair_20260728_135547\manifest.json,PHQ-8,DAIC-WOZ-PHQ8,PHQ_全量189人,thinking,2026-07-28T13:55:47,PHQ8-word-2026-06-27,en,E:\数据库\代码\Data\PDCH\实验\_新结构_待启用\PHQ全量189人_调用就绪\prompts\PHQ8_prompt_set_3_nonconditional_24_conditions_English.docx,E:\数据库\代码\Data\PDCH\实验\_新结构_待启用\PHQ全量189人_调用就绪\prompts\PHQ8_prompt_set_3_nonconditional_24_conditions_English.docx,a3d2fe4ca94b1d34ac771141b2527191cdd82dc0352b04d760df54846b843f05,docx_override,3,"glm-5.2,qwen3.7-max,deepseek-v4-pro","[""1"", ""2"", ""3"", ""4"", ""5"", ""6"", ""7"", ""8""]",yes
E:\数据库\代码\Data\PDCH\实验\_新结构_待启用\.codex_audit\high_concurrency_repair_20260728_135636\manifest.json,PHQ-8,DAIC-WOZ-PHQ8,PHQ_全量189人,thinking,2026-07-28T13:56:36,PHQ8-word-2026-06-27,en,E:\数据库\代码\Data\PDCH\实验\_新结构_待启用\PHQ全量189人_调用就绪\prompts\PHQ8_prompt_set_3_nonconditional_24_conditions_English.docx,E:\数据库\代码\Data\PDCH\实验\_新结构_待启用\PHQ全量189人_调用就绪\prompts\PHQ8_prompt_set_3_nonconditional_24_conditions_English.docx,a3d2fe4ca94b1d34ac771141b2527191cdd82dc0352b04d760df54846b843f05,docx_override,3,"glm-5.2,qwen3.7-max,deepseek-v4-pro","[""1"", ""2"", ""3"", ""4"", ""5"", ""6"", ""7"", ""8""]",yes
E:\数据库\代码\Data\PDCH\实验\_新结构_待启用\.codex_audit\high_concurrency_repair_20260728_135723\manifest.json,PHQ-8,DAIC-WOZ-PHQ8,PHQ_全量189人,thinking,2026-07-28T13:57:23,PHQ8-word-2026-06-27,en,E:\数据库\代码\Data\PDCH\实验\_新结构_待启用\PHQ全量189人_调用就绪\prompts\PHQ8_prompt_set_3_nonconditional_24_conditions_English.docx,E:\数据库\代码\Data\PDCH\实验\_新结构_待启用\PHQ全量189人_调用就绪\prompts\PHQ8_prompt_set_3_nonconditional_24_conditions_English.docx,a3d2fe4ca94b1d34ac771141b2527191cdd82dc0352b04d760df54846b843f05,docx_override,3,"glm-5.2,qwen3.7-max,deepseek-v4-pro","[""1"", ""2"", ""3"", ""4"", ""5"", ""6"", ""7"", ""8""]",yes
E:\数据库\代码\Data\PDCH\实验\_新结构_待启用\.codex_audit\high_concurrency_repair_20260728_135813\manifest.json,PHQ-8,DAIC-WOZ-PHQ8,PHQ_全量189人,thinking,2026-07-28T13:58:13,PHQ8-word-2026-06-27,en,E:\数据库\代码\Data\PDCH\实验\_新结构_待启用\PHQ全量189人_调用就绪\prompts\PHQ8_prompt_set_3_nonconditional_24_conditions_English.docx,E:\数据库\代码\Data\PDCH\实验\_新结构_待启用\PHQ全量189人_调用就绪\prompts\PHQ8_prompt_set_3_nonconditional_24_conditions_English.docx,a3d2fe4ca94b1d34ac771141b2527191cdd82dc0352b04d760df54846b843f05,docx_override,3,"glm-5.2,qwen3.7-max,deepseek-v4-pro","[""1"", ""2"", ""3"", ""4"", ""5"", ""6"", ""7"", ""8""]",yes
E:\数据库\代码\Data\PDCH\实验\_新结构_待启用\.codex_audit\high_concurrency_repair_20260728_135901\manifest.json,PHQ-8,DAIC-WOZ-PHQ8,PHQ_全量189人,thinking,2026-07-28T13:59:01,PHQ8-word-2026-06-27,en,E:\数据库\代码\Data\PDCH\实验\_新结构_待启用\PHQ全量189人_调用就绪\prompts\PHQ8_prompt_set_3_nonconditional_24_conditions_English.docx,E:\数据库\代码\Data\PDCH\实验\_新结构_待启用\PHQ全量189人_调用就绪\prompts\PHQ8_prompt_set_3_nonconditional_24_conditions_English.docx,a3d2fe4ca94b1d34ac771141b2527191cdd82dc0352b04d760df54846b843f05,docx_override,3,"glm-5.2,qwen3.7-max,deepseek-v4-pro","[""1"", ""2"", ""3"", ""4"", ""5"", ""6"", ""7"", ""8""]",yes
E:\数据库\代码\Data\PDCH\实验\_新结构_待启用\.codex_audit\high_concurrency_repair_20260728_135950\manifest.json,PHQ-8,DAIC-WOZ-PHQ8,PHQ_全量189人,thinking,2026-07-28T13:59:50,PHQ8-word-2026-06-27,en,E:\数据库\代码\Data\PDCH\实验\_新结构_待启用\PHQ全量189人_调用就绪\prompts\PHQ8_prompt_set_3_nonconditional_24_conditions_English.docx,E:\数据库\代码\Data\PDCH\实验\_新结构_待启用\PHQ全量189人_调用就绪\prompts\PHQ8_prompt_set_3_nonconditional_24_conditions_English.docx,a3d2fe4ca94b1d34ac771141b2527191cdd82dc0352b04d760df54846b843f05,docx_override,3,"glm-5.2,qwen3.7-max,deepseek-v4-pro","[""1"", ""2"", ""3"", ""4"", ""5"", ""6"", ""7"", ""8""]",yes
E:\数据库\代码\Data\PDCH\实验\_新结构_待启用\.codex_audit\high_concurrency_repair_20260728_140039\manifest.json,PHQ-8,DAIC-WOZ-PHQ8,PHQ_全量189人,thinking,2026-07-28T14:00:39,PHQ8-word-2026-06-27,en,E:\数据库\代码\Data\PDCH\实验\_新结构_待启用\PHQ全量189人_调用就绪\prompts\PHQ8_prompt_set_3_nonconditional_24_conditions_English.docx,E:\数据库\代码\Data\PDCH\实验\_新结构_待启用\PHQ全量189人_调用就绪\prompts\PHQ8_prompt_set_3_nonconditional_24_conditions_English.docx,a3d2fe4ca94b1d34ac771141b2527191cdd82dc0352b04d760df54846b843f05,docx_override,3,"glm-5.2,qwen3.7-max,deepseek-v4-pro","[""1"", ""2"", ""3"", ""4"", ""5"", ""6"", ""7"", ""8""]",yes
E:\数据库\代码\Data\PDCH\实验\_新结构_待启用\.codex_audit\high_concurrency_repair_20260728_140130\manifest.json,PHQ-8,DAIC-WOZ-PHQ8,PHQ_全量189人,thinking,2026-07-28T14:01:30,PHQ8-word-2026-06-27,en,E:\数据库\代码\Data\PDCH\实验\_新结构_待启用\PHQ全量189人_调用就绪\prompts\PHQ8_prompt_set_3_nonconditional_24_conditions_English.docx,E:\数据库\代码\Data\PDCH\实验\_新结构_待启用\PHQ全量189人_调用就绪\prompts\PHQ8_prompt_set_3_nonconditional_24_conditions_English.docx,a3d2fe4ca94b1d34ac771141b2527191cdd82dc0352b04d760df54846b843f05,docx_override,3,"glm-5.2,qwen3.7-max,deepseek-v4-pro","[""1"", ""2"", ""3"", ""4"", ""5"", ""6"", ""7"", ""8""]",yes
E:\数据库\代码\Data\PDCH\实验\_新结构_待启用\.codex_audit\high_concurrency_repair_20260728_140221\manifest.json,PHQ-8,DAIC-WOZ-PHQ8,PHQ_全量189人,thinking,2026-07-28T14:02:21,PHQ8-word-2026-06-27,en,E:\数据库\代码\Data\PDCH\实验\_新结构_待启用\PHQ全量189人_调用就绪\prompts\PHQ8_prompt_set_3_nonconditional_24_conditions_English.docx,E:\数据库\代码\Data\PDCH\实验\_新结构_待启用\PHQ全量189人_调用就绪\prompts\PHQ8_prompt_set_3_nonconditional_24_conditions_English.docx,a3d2fe4ca94b1d34ac771141b2527191cdd82dc0352b04d760df54846b843f05,docx_override,3,"glm-5.2,qwen3.7-max,deepseek-v4-pro","[""1"", ""2"", ""3"", ""4"", ""5"", ""6"", ""7"", ""8""]",yes
E:\数据库\代码\Data\PDCH\实验\_新结构_待启用\.codex_audit\high_concurrency_repair_20260728_140310\manifest.json,PHQ-8,DAIC-WOZ-PHQ8,PHQ_全量189人,thinking,2026-07-28T14:03:10,PHQ8-word-2026-06-27,en,E:\数据库\代码\Data\PDCH\实验\_新结构_待启用\PHQ全量189人_调用就绪\prompts\PHQ8_prompt_set_3_nonconditional_24_conditions_English.docx,E:\数据库\代码\Data\PDCH\实验\_新结构_待启用\PHQ全量189人_调用就绪\prompts\PHQ8_prompt_set_3_nonconditional_24_conditions_English.docx,a3d2fe4ca94b1d34ac771141b2527191cdd82dc0352b04d760df54846b843f05,docx_override,3,"glm-5.2,qwen3.7-max,deepseek-v4-pro","[""1"", ""2"", ""3"", ""4"", ""5"", ""6"", ""7"", ""8""]",yes
E:\数据库\代码\Data\PDCH\实验\_新结构_待启用\.codex_audit\high_concurrency_repair_20260728_140358\manifest.json,PHQ-8,DAIC-WOZ-PHQ8,PHQ_全量189人,thinking,2026-07-28T14:03:58,PHQ8-word-2026-06-27,en,E:\数据库\代码\Data\PDCH\实验\_新结构_待启用\PHQ全量189人_调用就绪\prompts\PHQ8_prompt_set_3_nonconditional_24_conditions_English.docx,E:\数据库\代码\Data\PDCH\实验\_新结构_待启用\PHQ全量189人_调用就绪\prompts\PHQ8_prompt_set_3_nonconditional_24_conditions_English.docx,a3d2fe4ca94b1d34ac771141b2527191cdd82dc0352b04d760df54846b843f05,docx_override,3,"glm-5.2,qwen3.7-max,deepseek-v4-pro","[""1"", ""2"", ""3"", ""4"", ""5"", ""6"", ""7"", ""8""]",yes
E:\数据库\代码\Data\PDCH\实验\_新结构_待启用\.codex_audit\high_concurrency_repair_20260728_140446\manifest.json,PHQ-8,DAIC-WOZ-PHQ8,PHQ_全量189人,thinking,2026-07-28T14:04:46,PHQ8-word-2026-06-27,en,E:\数据库\代码\Data\PDCH\实验\_新结构_待启用\PHQ全量189人_调用就绪\prompts\PHQ8_prompt_set_3_nonconditional_24_conditions_English.docx,E:\数据库\代码\Data\PDCH\实验\_新结构_待启用\PHQ全量189人_调用就绪\prompts\PHQ8_prompt_set_3_nonconditional_24_conditions_English.docx,a3d2fe4ca94b1d34ac771141b2527191cdd82dc0352b04d760df54846b843f05,docx_override,3,"glm-5.2,qwen3.7-max,deepseek-v4-pro","[""1"", ""2"", ""3"", ""4"", ""5"", ""6"", ""7"", ""8""]",yes
E:\数据库\代码\Data\PDCH\实验\_新结构_待启用\.codex_audit\high_concurrency_repair_20260728_140534\manifest.json,PHQ-8,DAIC-WOZ-PHQ8,PHQ_全量189人,thinking,2026-07-28T14:05:34,PHQ8-word-2026-06-27,en,E:\数据库\代码\Data\PDCH\实验\_新结构_待启用\PHQ全量189人_调用就绪\prompts\PHQ8_prompt_set_3_nonconditional_24_conditions_English.docx,E:\数据库\代码\Data\PDCH\实验\_新结构_待启用\PHQ全量189人_调用就绪\prompts\PHQ8_prompt_set_3_nonconditional_24_conditions_English.docx,a3d2fe4ca94b1d34ac771141b2527191cdd82dc0352b04d760df54846b843f05,docx_override,3,"glm-5.2,qwen3.7-max,deepseek-v4-pro","[""1"", ""2"", ""3"", ""4"", ""5"", ""6"", ""7"", ""8""]",yes
E:\数据库\代码\Data\PDCH\实验\_新结构_待启用\.codex_audit\high_concurrency_repair_20260728_140621\manifest.json,PHQ-8,DAIC-WOZ-PHQ8,PHQ_全量189人,thinking,2026-07-28T14:06:21,PHQ8-word-2026-06-27,en,E:\数据库\代码\Data\PDCH\实验\_新结构_待启用\PHQ全量189人_调用就绪\prompts\PHQ8_prompt_set_3_nonconditional_24_conditions_English.docx,E:\数据库\代码\Data\PDCH\实验\_新结构_待启用\PHQ全量189人_调用就绪\prompts\PHQ8_prompt_set_3_nonconditional_24_conditions_English.docx,a3d2fe4ca94b1d34ac771141b2527191cdd82dc0352b04d760df54846b843f05,docx_override,3,"glm-5.2,qwen3.7-max,deepseek-v4-pro","[""1"", ""2"", ""3"", ""4"", ""5"", ""6"", ""7"", ""8""]",yes
E:\数据库\代码\Data\PDCH\实验\_新结构_待启用\.codex_audit\high_concurrency_repair_20260728_140709\manifest.json,PHQ-8,DAIC-WOZ-PHQ8,PHQ_全量189人,thinking,2026-07-28T14:07:09,PHQ8-word-2026-06-27,en,E:\数据库\代码\Data\PDCH\实验\_新结构_待启用\PHQ全量189人_调用就绪\prompts\PHQ8_prompt_set_3_nonconditional_24_conditions_English.docx,E:\数据库\代码\Data\PDCH\实验\_新结构_待启用\PHQ全量189人_调用就绪\prompts\PHQ8_prompt_set_3_nonconditional_24_conditions_English.docx,a3d2fe4ca94b1d34ac771141b2527191cdd82dc0352b04d760df54846b843f05,docx_override,3,"glm-5.2,qwen3.7-max,deepseek-v4-pro","[""1"", ""2"", ""3"", ""4"", ""5"", ""6"", ""7"", ""8""]",yes
E:\数据库\代码\Data\PDCH\实验\_新结构_待启用\.codex_audit\high_concurrency_repair_20260728_140757\manifest.json,PHQ-8,DAIC-WOZ-PHQ8,PHQ_全量189人,thinking,2026-07-28T14:07:57,PHQ8-word-2026-06-27,en,E:\数据库\代码\Data\PDCH\实验\_新结构_待启用\PHQ全量189人_调用就绪\prompts\PHQ8_prompt_set_3_nonconditional_24_conditions_English.docx,E:\数据库\代码\Data\PDCH\实验\_新结构_待启用\PHQ全量189人_调用就绪\prompts\PHQ8_prompt_set_3_nonconditional_24_conditions_English.docx,a3d2fe4ca94b1d34ac771141b2527191cdd82dc0352b04d760df54846b843f05,docx_override,3,"glm-5.2,qwen3.7-max,deepseek-v4-pro","[""1"", ""2"", ""3"", ""4"", ""5"", ""6"", ""7"", ""8""]",yes
E:\数据库\代码\Data\PDCH\实验\_新结构_待启用\.codex_audit\high_concurrency_repair_20260728_140844\manifest.json,PHQ-8,DAIC-WOZ-PHQ8,PHQ_全量189人,thinking,2026-07-28T14:08:44,PHQ8-word-2026-06-27,en,E:\数据库\代码\Data\PDCH\实验\_新结构_待启用\PHQ全量189人_调用就绪\prompts\PHQ8_prompt_set_3_nonconditional_24_conditions_English.docx,E:\数据库\代码\Data\PDCH\实验\_新结构_待启用\PHQ全量189人_调用就绪\prompts\PHQ8_prompt_set_3_nonconditional_24_conditions_English.docx,a3d2fe4ca94b1d34ac771141b2527191cdd82dc0352b04d760df54846b843f05,docx_override,3,"glm-5.2,qwen3.7-max,deepseek-v4-pro","[""1"", ""2"", ""3"", ""4"", ""5"", ""6"", ""7"", ""8""]",yes
E:\数据库\代码\Data\PDCH\实验\_新结构_待启用\.codex_audit\high_concurrency_repair_20260728_140933\manifest.json,PHQ-8,DAIC-WOZ-PHQ8,PHQ_全量189人,thinking,2026-07-28T14:09:33,PHQ8-word-2026-06-27,en,E:\数据库\代码\Data\PDCH\实验\_新结构_待启用\PHQ全量189人_调用就绪\prompts\PHQ8_prompt_set_3_nonconditional_24_conditions_English.docx,E:\数据库\代码\Data\PDCH\实验\_新结构_待启用\PHQ全量189人_调用就绪\prompts\PHQ8_prompt_set_3_nonconditional_24_conditions_English.docx,a3d2fe4ca94b1d34ac771141b2527191cdd82dc0352b04d760df54846b843f05,docx_override,3,"glm-5.2,qwen3.7-max,deepseek-v4-pro","[""1"", ""2"", ""3"", ""4"", ""5"", ""6"", ""7"", ""8""]",yes
E:\数据库\代码\Data\PDCH\实验\_新结构_待启用\.codex_audit\high_concurrency_repair_20260728_141021\manifest.json,PHQ-8,DAIC-WOZ-PHQ8,PHQ_全量189人,thinking,2026-07-28T14:10:21,PHQ8-word-2026-06-27,en,E:\数据库\代码\Data\PDCH\实验\_新结构_待启用\PHQ全量189人_调用就绪\prompts\PHQ8_prompt_set_3_nonconditional_24_conditions_English.docx,E:\数据库\代码\Data\PDCH\实验\_新结构_待启用\PHQ全量189人_调用就绪\prompts\PHQ8_prompt_set_3_nonconditional_24_conditions_English.docx,a3d2fe4ca94b1d34ac771141b2527191cdd82dc0352b04d760df54846b843f05,docx_override,3,"glm-5.2,qwen3.7-max,deepseek-v4-pro","[""1"", ""2"", ""3"", ""4"", ""5"", ""6"", ""7"", ""8""]",yes
E:\数据库\代码\Data\PDCH\实验\_新结构_待启用\.codex_audit\high_concurrency_repair_20260728_141108\manifest.json,PHQ-8,DAIC-WOZ-PHQ8,PHQ_全量189人,thinking,2026-07-28T14:11:08,PHQ8-word-2026-06-27,en,E:\数据库\代码\Data\PDCH\实验\_新结构_待启用\PHQ全量189人_调用就绪\prompts\PHQ8_prompt_set_3_nonconditional_24_conditions_English.docx,E:\数据库\代码\Data\PDCH\实验\_新结构_待启用\PHQ全量189人_调用就绪\prompts\PHQ8_prompt_set_3_nonconditional_24_conditions_English.docx,a3d2fe4ca94b1d34ac771141b2527191cdd82dc0352b04d760df54846b843f05,docx_override,3,"glm-5.2,qwen3.7-max,deepseek-v4-pro","[""1"", ""2"", ""3"", ""4"", ""5"", ""6"", ""7"", ""8""]",yes
E:\数据库\代码\Data\PDCH\实验\_新结构_待启用\.codex_audit\high_concurrency_repair_20260728_141155\manifest.json,PHQ-8,DAIC-WOZ-PHQ8,PHQ_全量189人,thinking,2026-07-28T14:11:55,PHQ8-word-2026-06-27,en,E:\数据库\代码\Data\PDCH\实验\_新结构_待启用\PHQ全量189人_调用就绪\prompts\PHQ8_prompt_set_3_nonconditional_24_conditions_English.docx,E:\数据库\代码\Data\PDCH\实验\_新结构_待启用\PHQ全量189人_调用就绪\prompts\PHQ8_prompt_set_3_nonconditional_24_conditions_English.docx,a3d2fe4ca94b1d34ac771141b2527191cdd82dc0352b04d760df54846b843f05,docx_override,3,"glm-5.2,qwen3.7-max,deepseek-v4-pro","[""1"", ""2"", ""3"", ""4"", ""5"", ""6"", ""7"", ""8""]",yes
E:\数据库\代码\Data\PDCH\实验\_新结构_待启用\.codex_audit\high_concurrency_repair_20260728_141243\manifest.json,PHQ-8,DAIC-WOZ-PHQ8,PHQ_全量189人,thinking,2026-07-28T14:12:43,PHQ8-word-2026-06-27,en,E:\数据库\代码\Data\PDCH\实验\_新结构_待启用\PHQ全量189人_调用就绪\prompts\PHQ8_prompt_set_3_nonconditional_24_conditions_English.docx,E:\数据库\代码\Data\PDCH\实验\_新结构_待启用\PHQ全量189人_调用就绪\prompts\PHQ8_prompt_set_3_nonconditional_24_conditions_English.docx,a3d2fe4ca94b1d34ac771141b2527191cdd82dc0352b04d760df54846b843f05,docx_override,3,"glm-5.2,qwen3.7-max,deepseek-v4-pro","[""1"", ""2"", ""3"", ""4"", ""5"", ""6"", ""7"", ""8""]",yes
E:\数据库\代码\Data\PDCH\实验\_新结构_待启用\.codex_audit\high_concurrency_repair_20260728_141340\manifest.json,PHQ-8,DAIC-WOZ-PHQ8,PHQ_全量189人,thinking,2026-07-28T14:13:40,PHQ8-word-2026-06-27,en,E:\数据库\代码\Data\PDCH\实验\_新结构_待启用\PHQ全量189人_调用就绪\prompts\PHQ8_prompt_set_3_nonconditional_24_conditions_English.docx,E:\数据库\代码\Data\PDCH\实验\_新结构_待启用\PHQ全量189人_调用就绪\prompts\PHQ8_prompt_set_3_nonconditional_24_conditions_English.docx,a3d2fe4ca94b1d34ac771141b2527191cdd82dc0352b04d760df54846b843f05,docx_override,3,"glm-5.2,qwen3.7-max,deepseek-v4-pro","[""1"", ""2"", ""3"", ""4"", ""5"", ""6"", ""7"", ""8""]",yes
E:\数据库\代码\Data\PDCH\实验\_新结构_待启用\.codex_audit\high_concurrency_repair_20260728_141428\manifest.json,PHQ-8,DAIC-WOZ-PHQ8,PHQ_全量189人,thinking,2026-07-28T14:14:28,PHQ8-word-2026-06-27,en,E:\数据库\代码\Data\PDCH\实验\_新结构_待启用\PHQ全量189人_调用就绪\prompts\PHQ8_prompt_set_3_nonconditional_24_conditions_English.docx,E:\数据库\代码\Data\PDCH\实验\_新结构_待启用\PHQ全量189人_调用就绪\prompts\PHQ8_prompt_set_3_nonconditional_24_conditions_English.docx,a3d2fe4ca94b1d34ac771141b2527191cdd82dc0352b04d760df54846b843f05,docx_override,3,"glm-5.2,qwen3.7-max,deepseek-v4-pro","[""1"", ""2"", ""3"", ""4"", ""5"", ""6"", ""7"", ""8""]",yes
E:\数据库\代码\Data\PDCH\实验\_新结构_待启用\.codex_audit\high_concurrency_repair_20260728_141516\manifest.json,PHQ-8,DAIC-WOZ-PHQ8,PHQ_全量189人,thinking,2026-07-28T14:15:16,PHQ8-word-2026-06-27,en,E:\数据库\代码\Data\PDCH\实验\_新结构_待启用\PHQ全量189人_调用就绪\prompts\PHQ8_prompt_set_3_nonconditional_24_conditions_English.docx,E:\数据库\代码\Data\PDCH\实验\_新结构_待启用\PHQ全量189人_调用就绪\prompts\PHQ8_prompt_set_3_nonconditional_24_conditions_English.docx,a3d2fe4ca94b1d34ac771141b2527191cdd82dc0352b04d760df54846b843f05,docx_override,3,"glm-5.2,qwen3.7-max,deepseek-v4-pro","[""1"", ""2"", ""3"", ""4"", ""5"", ""6"", ""7"", ""8""]",yes
E:\数据库\代码\Data\PDCH\实验\_新结构_待启用\.codex_audit\high_concurrency_repair_20260728_141604\manifest.json,PHQ-8,DAIC-WOZ-PHQ8,PHQ_全量189人,thinking,2026-07-28T14:16:04,PHQ8-word-2026-06-27,en,E:\数据库\代码\Data\PDCH\实验\_新结构_待启用\PHQ全量189人_调用就绪\prompts\PHQ8_prompt_set_3_nonconditional_24_conditions_English.docx,E:\数据库\代码\Data\PDCH\实验\_新结构_待启用\PHQ全量189人_调用就绪\prompts\PHQ8_prompt_set_3_nonconditional_24_conditions_English.docx,a3d2fe4ca94b1d34ac771141b2527191cdd82dc0352b04d760df54846b843f05,docx_override,3,"glm-5.2,qwen3.7-max,deepseek-v4-pro","[""1"", ""2"", ""3"", ""4"", ""5"", ""6"", ""7"", ""8""]",yes
E:\数据库\代码\Data\PDCH\实验\_新结构_待启用\.codex_audit\high_concurrency_repair_20260728_141652\manifest.json,PHQ-8,DAIC-WOZ-PHQ8,PHQ_全量189人,thinking,2026-07-28T14:16:52,PHQ8-word-2026-06-27,en,E:\数据库\代码\Data\PDCH\实验\_新结构_待启用\PHQ全量189人_调用就绪\prompts\PHQ8_prompt_set_3_nonconditional_24_conditions_English.docx,E:\数据库\代码\Data\PDCH\实验\_新结构_待启用\PHQ全量189人_调用就绪\prompts\PHQ8_prompt_set_3_nonconditional_24_conditions_English.docx,a3d2fe4ca94b1d34ac771141b2527191cdd82dc0352b04d760df54846b843f05,docx_override,3,"glm-5.2,qwen3.7-max,deepseek-v4-pro","[""1"", ""2"", ""3"", ""4"", ""5"", ""6"", ""7"", ""8""]",yes
E:\数据库\代码\Data\PDCH\实验\_新结构_待启用\.codex_audit\high_concurrency_repair_20260728_141739\manifest.json,PHQ-8,DAIC-WOZ-PHQ8,PHQ_全量189人,thinking,2026-07-28T14:17:39,PHQ8-word-2026-06-27,en,E:\数据库\代码\Data\PDCH\实验\_新结构_待启用\PHQ全量189人_调用就绪\prompts\PHQ8_prompt_set_3_nonconditional_24_conditions_English.docx,E:\数据库\代码\Data\PDCH\实验\_新结构_待启用\PHQ全量189人_调用就绪\prompts\PHQ8_prompt_set_3_nonconditional_24_conditions_English.docx,a3d2fe4ca94b1d34ac771141b2527191cdd82dc0352b04d760df54846b843f05,docx_override,3,"glm-5.2,qwen3.7-max,deepseek-v4-pro","[""1"", ""2"", ""3"", ""4"", ""5"", ""6"", ""7"", ""8""]",yes
E:\数据库\代码\Data\PDCH\实验\_新结构_待启用\.codex_audit\high_concurrency_repair_20260728_141827\manifest.json,PHQ-8,DAIC-WOZ-PHQ8,PHQ_全量189人,thinking,2026-07-28T14:18:27,PHQ8-word-2026-06-27,en,E:\数据库\代码\Data\PDCH\实验\_新结构_待启用\PHQ全量189人_调用就绪\prompts\PHQ8_prompt_set_3_nonconditional_24_conditions_English.docx,E:\数据库\代码\Data\PDCH\实验\_新结构_待启用\PHQ全量189人_调用就绪\prompts\PHQ8_prompt_set_3_nonconditional_24_conditions_English.docx,a3d2fe4ca94b1d34ac771141b2527191cdd82dc0352b04d760df54846b843f05,docx_override,3,"glm-5.2,qwen3.7-max,deepseek-v4-pro","[""1"", ""2"", ""3"", ""4"", ""5"", ""6"", ""7"", ""8""]",yes
E:\数据库\代码\Data\PDCH\实验\_新结构_待启用\.codex_audit\high_concurrency_repair_20260728_141915\manifest.json,PHQ-8,DAIC-WOZ-PHQ8,PHQ_全量189人,thinking,2026-07-28T14:19:15,PHQ8-word-2026-06-27,en,E:\数据库\代码\Data\PDCH\实验\_新结构_待启用\PHQ全量189人_调用就绪\prompts\PHQ8_prompt_set_3_nonconditional_24_conditions_English.docx,E:\数据库\代码\Data\PDCH\实验\_新结构_待启用\PHQ全量189人_调用就绪\prompts\PHQ8_prompt_set_3_nonconditional_24_conditions_English.docx,a3d2fe4ca94b1d34ac771141b2527191cdd82dc0352b04d760df54846b843f05,docx_override,3,"glm-5.2,qwen3.7-max,deepseek-v4-pro","[""1"", ""2"", ""3"", ""4"", ""5"", ""6"", ""7"", ""8""]",yes
E:\数据库\代码\Data\PDCH\实验\_新结构_待启用\.codex_audit\high_concurrency_repair_20260728_142002\manifest.json,PHQ-8,DAIC-WOZ-PHQ8,PHQ_全量189人,thinking,2026-07-28T14:20:02,PHQ8-word-2026-06-27,en,E:\数据库\代码\Data\PDCH\实验\_新结构_待启用\PHQ全量189人_调用就绪\prompts\PHQ8_prompt_set_3_nonconditional_24_conditions_English.docx,E:\数据库\代码\Data\PDCH\实验\_新结构_待启用\PHQ全量189人_调用就绪\prompts\PHQ8_prompt_set_3_nonconditional_24_conditions_English.docx,a3d2fe4ca94b1d34ac771141b2527191cdd82dc0352b04d760df54846b843f05,docx_override,3,"glm-5.2,qwen3.7-max,deepseek-v4-pro","[""1"", ""2"", ""3"", ""4"", ""5"", ""6"", ""7"", ""8""]",yes
E:\数据库\代码\Data\PDCH\实验\_新结构_待启用\.codex_audit\high_concurrency_repair_20260728_142050\manifest.json,PHQ-8,DAIC-WOZ-PHQ8,PHQ_全量189人,thinking,2026-07-28T14:20:50,PHQ8-word-2026-06-27,en,E:\数据库\代码\Data\PDCH\实验\_新结构_待启用\PHQ全量189人_调用就绪\prompts\PHQ8_prompt_set_3_nonconditional_24_conditions_English.docx,E:\数据库\代码\Data\PDCH\实验\_新结构_待启用\PHQ全量189人_调用就绪\prompts\PHQ8_prompt_set_3_nonconditional_24_conditions_English.docx,a3d2fe4ca94b1d34ac771141b2527191cdd82dc0352b04d760df54846b843f05,docx_override,3,"glm-5.2,qwen3.7-max,deepseek-v4-pro","[""1"", ""2"", ""3"", ""4"", ""5"", ""6"", ""7"", ""8""]",yes
E:\数据库\代码\Data\PDCH\实验\_新结构_待启用\.codex_audit\high_concurrency_repair_20260728_142139\manifest.json,PHQ-8,DAIC-WOZ-PHQ8,PHQ_全量189人,thinking,2026-07-28T14:21:39,PHQ8-word-2026-06-27,en,E:\数据库\代码\Data\PDCH\实验\_新结构_待启用\PHQ全量189人_调用就绪\prompts\PHQ8_prompt_set_3_nonconditional_24_conditions_English.docx,E:\数据库\代码\Data\PDCH\实验\_新结构_待启用\PHQ全量189人_调用就绪\prompts\PHQ8_prompt_set_3_nonconditional_24_conditions_English.docx,a3d2fe4ca94b1d34ac771141b2527191cdd82dc0352b04d760df54846b843f05,docx_override,3,"glm-5.2,qwen3.7-max,deepseek-v4-pro","[""1"", ""2"", ""3"", ""4"", ""5"", ""6"", ""7"", ""8""]",yes
E:\数据库\代码\Data\PDCH\实验\_新结构_待启用\.codex_audit\high_concurrency_repair_20260728_142226\manifest.json,PHQ-8,DAIC-WOZ-PHQ8,PHQ_全量189人,thinking,2026-07-28T14:22:26,PHQ8-word-2026-06-27,en,E:\数据库\代码\Data\PDCH\实验\_新结构_待启用\PHQ全量189人_调用就绪\prompts\PHQ8_prompt_set_3_nonconditional_24_conditions_English.docx,E:\数据库\代码\Data\PDCH\实验\_新结构_待启用\PHQ全量189人_调用就绪\prompts\PHQ8_prompt_set_3_nonconditional_24_conditions_English.docx,a3d2fe4ca94b1d34ac771141b2527191cdd82dc0352b04d760df54846b843f05,docx_override,3,"glm-5.2,qwen3.7-max,deepseek-v4-pro","[""1"", ""2"", ""3"", ""4"", ""5"", ""6"", ""7"", ""8""]",yes
E:\数据库\代码\Data\PDCH\实验\_新结构_待启用\.codex_audit\high_concurrency_repair_20260728_142314\manifest.json,PHQ-8,DAIC-WOZ-PHQ8,PHQ_全量189人,thinking,2026-07-28T14:23:14,PHQ8-word-2026-06-27,en,E:\数据库\代码\Data\PDCH\实验\_新结构_待启用\PHQ全量189人_调用就绪\prompts\PHQ8_prompt_set_3_nonconditional_24_conditions_English.docx,E:\数据库\代码\Data\PDCH\实验\_新结构_待启用\PHQ全量189人_调用就绪\prompts\PHQ8_prompt_set_3_nonconditional_24_conditions_English.docx,a3d2fe4ca94b1d34ac771141b2527191cdd82dc0352b04d760df54846b843f05,docx_override,3,"glm-5.2,qwen3.7-max,deepseek-v4-pro","[""1"", ""2"", ""3"", ""4"", ""5"", ""6"", ""7"", ""8""]",yes
E:\数据库\代码\Data\PDCH\实验\_新结构_待启用\.codex_audit\high_concurrency_repair_20260728_142403\manifest.json,PHQ-8,DAIC-WOZ-PHQ8,PHQ_全量189人,thinking,2026-07-28T14:24:03,PHQ8-word-2026-06-27,en,E:\数据库\代码\Data\PDCH\实验\_新结构_待启用\PHQ全量189人_调用就绪\prompts\PHQ8_prompt_set_3_nonconditional_24_conditions_English.docx,E:\数据库\代码\Data\PDCH\实验\_新结构_待启用\PHQ全量189人_调用就绪\prompts\PHQ8_prompt_set_3_nonconditional_24_conditions_English.docx,a3d2fe4ca94b1d34ac771141b2527191cdd82dc0352b04d760df54846b843f05,docx_override,3,"glm-5.2,qwen3.7-max,deepseek-v4-pro","[""1"", ""2"", ""3"", ""4"", ""5"", ""6"", ""7"", ""8""]",yes
E:\数据库\代码\Data\PDCH\实验\_新结构_待启用\.codex_audit\high_concurrency_repair_20260728_142451\manifest.json,PHQ-8,DAIC-WOZ-PHQ8,PHQ_全量189人,thinking,2026-07-28T14:24:51,PHQ8-word-2026-06-27,en,E:\数据库\代码\Data\PDCH\实验\_新结构_待启用\PHQ全量189人_调用就绪\prompts\PHQ8_prompt_set_3_nonconditional_24_conditions_English.docx,E:\数据库\代码\Data\PDCH\实验\_新结构_待启用\PHQ全量189人_调用就绪\prompts\PHQ8_prompt_set_3_nonconditional_24_conditions_English.docx,a3d2fe4ca94b1d34ac771141b2527191cdd82dc0352b04d760df54846b843f05,docx_override,3,"glm-5.2,qwen3.7-max,deepseek-v4-pro","[""1"", ""2"", ""3"", ""4"", ""5"", ""6"", ""7"", ""8""]",yes
E:\数据库\代码\Data\PDCH\实验\_新结构_待启用\.codex_audit\high_concurrency_repair_20260728_142540\manifest.json,PHQ-8,DAIC-WOZ-PHQ8,PHQ_全量189人,thinking,2026-07-28T14:25:40,PHQ8-word-2026-06-27,en,E:\数据库\代码\Data\PDCH\实验\_新结构_待启用\PHQ全量189人_调用就绪\prompts\PHQ8_prompt_set_3_nonconditional_24_conditions_English.docx,E:\数据库\代码\Data\PDCH\实验\_新结构_待启用\PHQ全量189人_调用就绪\prompts\PHQ8_prompt_set_3_nonconditional_24_conditions_English.docx,a3d2fe4ca94b1d34ac771141b2527191cdd82dc0352b04d760df54846b843f05,docx_override,3,"glm-5.2,qwen3.7-max,deepseek-v4-pro","[""1"", ""2"", ""3"", ""4"", ""5"", ""6"", ""7"", ""8""]",yes
E:\数据库\代码\Data\PDCH\实验\_新结构_待启用\.codex_audit\high_concurrency_repair_20260728_142629\manifest.json,PHQ-8,DAIC-WOZ-PHQ8,PHQ_全量189人,thinking,2026-07-28T14:26:29,PHQ8-word-2026-06-27,en,E:\数据库\代码\Data\PDCH\实验\_新结构_待启用\PHQ全量189人_调用就绪\prompts\PHQ8_prompt_set_3_nonconditional_24_conditions_English.docx,E:\数据库\代码\Data\PDCH\实验\_新结构_待启用\PHQ全量189人_调用就绪\prompts\PHQ8_prompt_set_3_nonconditional_24_conditions_English.docx,a3d2fe4ca94b1d34ac771141b2527191cdd82dc0352b04d760df54846b843f05,docx_override,3,"glm-5.2,qwen3.7-max,deepseek-v4-pro","[""1"", ""2"", ""3"", ""4"", ""5"", ""6"", ""7"", ""8""]",yes
E:\数据库\代码\Data\PDCH\实验\_新结构_待启用\.codex_audit\high_concurrency_repair_20260728_142717\manifest.json,PHQ-8,DAIC-WOZ-PHQ8,PHQ_全量189人,thinking,2026-07-28T14:27:17,PHQ8-word-2026-06-27,en,E:\数据库\代码\Data\PDCH\实验\_新结构_待启用\PHQ全量189人_调用就绪\prompts\PHQ8_prompt_set_3_nonconditional_24_conditions_English.docx,E:\数据库\代码\Data\PDCH\实验\_新结构_待启用\PHQ全量189人_调用就绪\prompts\PHQ8_prompt_set_3_nonconditional_24_conditions_English.docx,a3d2fe4ca94b1d34ac771141b2527191cdd82dc0352b04d760df54846b843f05,docx_override,3,"glm-5.2,qwen3.7-max,deepseek-v4-pro","[""1"", ""2"", ""3"", ""4"", ""5"", ""6"", ""7"", ""8""]",yes
E:\数据库\代码\Data\PDCH\实验\_新结构_待启用\.codex_audit\high_concurrency_repair_20260728_142805\manifest.json,PHQ-8,DAIC-WOZ-PHQ8,PHQ_全量189人,thinking,2026-07-28T14:28:05,PHQ8-word-2026-06-27,en,E:\数据库\代码\Data\PDCH\实验\_新结构_待启用\PHQ全量189人_调用就绪\prompts\PHQ8_prompt_set_3_nonconditional_24_conditions_English.docx,E:\数据库\代码\Data\PDCH\实验\_新结构_待启用\PHQ全量189人_调用就绪\prompts\PHQ8_prompt_set_3_nonconditional_24_conditions_English.docx,a3d2fe4ca94b1d34ac771141b2527191cdd82dc0352b04d760df54846b843f05,docx_override,3,"glm-5.2,qwen3.7-max,deepseek-v4-pro","[""1"", ""2"", ""3"", ""4"", ""5"", ""6"", ""7"", ""8""]",yes
E:\数据库\代码\Data\PDCH\实验\_新结构_待启用\.codex_audit\high_concurrency_repair_20260728_142854\manifest.json,PHQ-8,DAIC-WOZ-PHQ8,PHQ_全量189人,thinking,2026-07-28T14:28:54,PHQ8-word-2026-06-27,en,E:\数据库\代码\Data\PDCH\实验\_新结构_待启用\PHQ全量189人_调用就绪\prompts\PHQ8_prompt_set_3_nonconditional_24_conditions_English.docx,E:\数据库\代码\Data\PDCH\实验\_新结构_待启用\PHQ全量189人_调用就绪\prompts\PHQ8_prompt_set_3_nonconditional_24_conditions_English.docx,a3d2fe4ca94b1d34ac771141b2527191cdd82dc0352b04d760df54846b843f05,docx_override,3,"glm-5.2,qwen3.7-max,deepseek-v4-pro","[""1"", ""2"", ""3"", ""4"", ""5"", ""6"", ""7"", ""8""]",yes
E:\数据库\代码\Data\PDCH\实验\_新结构_待启用\.codex_audit\high_concurrency_repair_20260728_142942\manifest.json,PHQ-8,DAIC-WOZ-PHQ8,PHQ_全量189人,thinking,2026-07-28T14:29:42,PHQ8-word-2026-06-27,en,E:\数据库\代码\Data\PDCH\实验\_新结构_待启用\PHQ全量189人_调用就绪\prompts\PHQ8_prompt_set_3_nonconditional_24_conditions_English.docx,E:\数据库\代码\Data\PDCH\实验\_新结构_待启用\PHQ全量189人_调用就绪\prompts\PHQ8_prompt_set_3_nonconditional_24_conditions_English.docx,a3d2fe4ca94b1d34ac771141b2527191cdd82dc0352b04d760df54846b843f05,docx_override,3,"glm-5.2,qwen3.7-max,deepseek-v4-pro","[""1"", ""2"", ""3"", ""4"", ""5"", ""6"", ""7"", ""8""]",yes
E:\数据库\代码\Data\PDCH\实验\_新结构_待启用\.codex_audit\high_concurrency_repair_20260728_143031\manifest.json,PHQ-8,DAIC-WOZ-PHQ8,PHQ_全量189人,thinking,2026-07-28T14:30:31,PHQ8-word-2026-06-27,en,E:\数据库\代码\Data\PDCH\实验\_新结构_待启用\PHQ全量189人_调用就绪\prompts\PHQ8_prompt_set_3_nonconditional_24_conditions_English.docx,E:\数据库\代码\Data\PDCH\实验\_新结构_待启用\PHQ全量189人_调用就绪\prompts\PHQ8_prompt_set_3_nonconditional_24_conditions_English.docx,a3d2fe4ca94b1d34ac771141b2527191cdd82dc0352b04d760df54846b843f05,docx_override,3,"glm-5.2,qwen3.7-max,deepseek-v4-pro","[""1"", ""2"", ""3"", ""4"", ""5"", ""6"", ""7"", ""8""]",yes
E:\数据库\代码\Data\PDCH\实验\_新结构_待启用\.codex_audit\high_concurrency_repair_20260728_143119\manifest.json,PHQ-8,DAIC-WOZ-PHQ8,PHQ_全量189人,thinking,2026-07-28T14:31:19,PHQ8-word-2026-06-27,en,E:\数据库\代码\Data\PDCH\实验\_新结构_待启用\PHQ全量189人_调用就绪\prompts\PHQ8_prompt_set_3_nonconditional_24_conditions_English.docx,E:\数据库\代码\Data\PDCH\实验\_新结构_待启用\PHQ全量189人_调用就绪\prompts\PHQ8_prompt_set_3_nonconditional_24_conditions_English.docx,a3d2fe4ca94b1d34ac771141b2527191cdd82dc0352b04d760df54846b843f05,docx_override,3,"glm-5.2,qwen3.7-max,deepseek-v4-pro","[""1"", ""2"", ""3"", ""4"", ""5"", ""6"", ""7"", ""8""]",yes
E:\数据库\代码\Data\PDCH\实验\_新结构_待启用\.codex_audit\high_concurrency_repair_20260728_143209\manifest.json,PHQ-8,DAIC-WOZ-PHQ8,PHQ_全量189人,thinking,2026-07-28T14:32:09,PHQ8-word-2026-06-27,en,E:\数据库\代码\Data\PDCH\实验\_新结构_待启用\PHQ全量189人_调用就绪\prompts\PHQ8_prompt_set_3_nonconditional_24_conditions_English.docx,E:\数据库\代码\Data\PDCH\实验\_新结构_待启用\PHQ全量189人_调用就绪\prompts\PHQ8_prompt_set_3_nonconditional_24_conditions_English.docx,a3d2fe4ca94b1d34ac771141b2527191cdd82dc0352b04d760df54846b843f05,docx_override,3,"glm-5.2,qwen3.7-max,deepseek-v4-pro","[""1"", ""2"", ""3"", ""4"", ""5"", ""6"", ""7"", ""8""]",yes
E:\数据库\代码\Data\PDCH\实验\_新结构_待启用\.codex_audit\high_concurrency_repair_20260728_143258\manifest.json,PHQ-8,DAIC-WOZ-PHQ8,PHQ_全量189人,thinking,2026-07-28T14:32:58,PHQ8-word-2026-06-27,en,E:\数据库\代码\Data\PDCH\实验\_新结构_待启用\PHQ全量189人_调用就绪\prompts\PHQ8_prompt_set_3_nonconditional_24_conditions_English.docx,E:\数据库\代码\Data\PDCH\实验\_新结构_待启用\PHQ全量189人_调用就绪\prompts\PHQ8_prompt_set_3_nonconditional_24_conditions_English.docx,a3d2fe4ca94b1d34ac771141b2527191cdd82dc0352b04d760df54846b843f05,docx_override,3,"glm-5.2,qwen3.7-max,deepseek-v4-pro","[""1"", ""2"", ""3"", ""4"", ""5"", ""6"", ""7"", ""8""]",yes
E:\数据库\代码\Data\PDCH\实验\_新结构_待启用\.codex_audit\high_concurrency_repair_20260728_143347\manifest.json,PHQ-8,DAIC-WOZ-PHQ8,PHQ_全量189人,thinking,2026-07-28T14:33:47,PHQ8-word-2026-06-27,en,E:\数据库\代码\Data\PDCH\实验\_新结构_待启用\PHQ全量189人_调用就绪\prompts\PHQ8_prompt_set_3_nonconditional_24_conditions_English.docx,E:\数据库\代码\Data\PDCH\实验\_新结构_待启用\PHQ全量189人_调用就绪\prompts\PHQ8_prompt_set_3_nonconditional_24_conditions_English.docx,a3d2fe4ca94b1d34ac771141b2527191cdd82dc0352b04d760df54846b843f05,docx_override,3,"glm-5.2,qwen3.7-max,deepseek-v4-pro","[""1"", ""2"", ""3"", ""4"", ""5"", ""6"", ""7"", ""8""]",yes
E:\数据库\代码\Data\PDCH\实验\_新结构_待启用\.codex_audit\high_concurrency_repair_20260728_143435\manifest.json,PHQ-8,DAIC-WOZ-PHQ8,PHQ_全量189人,thinking,2026-07-28T14:34:35,PHQ8-word-2026-06-27,en,E:\数据库\代码\Data\PDCH\实验\_新结构_待启用\PHQ全量189人_调用就绪\prompts\PHQ8_prompt_set_3_nonconditional_24_conditions_English.docx,E:\数据库\代码\Data\PDCH\实验\_新结构_待启用\PHQ全量189人_调用就绪\prompts\PHQ8_prompt_set_3_nonconditional_24_conditions_English.docx,a3d2fe4ca94b1d34ac771141b2527191cdd82dc0352b04d760df54846b843f05,docx_override,3,"glm-5.2,qwen3.7-max,deepseek-v4-pro","[""1"", ""2"", ""3"", ""4"", ""5"", ""6"", ""7"", ""8""]",yes
E:\数据库\代码\Data\PDCH\实验\_新结构_待启用\.codex_audit\high_concurrency_repair_20260728_143525\manifest.json,PHQ-8,DAIC-WOZ-PHQ8,PHQ_全量189人,thinking,2026-07-28T14:35:25,PHQ8-word-2026-06-27,en,E:\数据库\代码\Data\PDCH\实验\_新结构_待启用\PHQ全量189人_调用就绪\prompts\PHQ8_prompt_set_3_nonconditional_24_conditions_English.docx,E:\数据库\代码\Data\PDCH\实验\_新结构_待启用\PHQ全量189人_调用就绪\prompts\PHQ8_prompt_set_3_nonconditional_24_conditions_English.docx,a3d2fe4ca94b1d34ac771141b2527191cdd82dc0352b04d760df54846b843f05,docx_override,3,"glm-5.2,qwen3.7-max,deepseek-v4-pro","[""1"", ""2"", ""3"", ""4"", ""5"", ""6"", ""7"", ""8""]",yes
E:\数据库\代码\Data\PDCH\实验\_新结构_待启用\.codex_audit\high_concurrency_repair_20260728_143613\manifest.json,PHQ-8,DAIC-WOZ-PHQ8,PHQ_全量189人,thinking,2026-07-28T14:36:13,PHQ8-word-2026-06-27,en,E:\数据库\代码\Data\PDCH\实验\_新结构_待启用\PHQ全量189人_调用就绪\prompts\PHQ8_prompt_set_3_nonconditional_24_conditions_English.docx,E:\数据库\代码\Data\PDCH\实验\_新结构_待启用\PHQ全量189人_调用就绪\prompts\PHQ8_prompt_set_3_nonconditional_24_conditions_English.docx,a3d2fe4ca94b1d34ac771141b2527191cdd82dc0352b04d760df54846b843f05,docx_override,3,"glm-5.2,qwen3.7-max,deepseek-v4-pro","[""1"", ""2"", ""3"", ""4"", ""5"", ""6"", ""7"", ""8""]",yes
E:\数据库\代码\Data\PDCH\实验\_新结构_待启用\.codex_audit\high_concurrency_repair_20260728_143702\manifest.json,PHQ-8,DAIC-WOZ-PHQ8,PHQ_全量189人,thinking,2026-07-28T14:37:02,PHQ8-word-2026-06-27,en,E:\数据库\代码\Data\PDCH\实验\_新结构_待启用\PHQ全量189人_调用就绪\prompts\PHQ8_prompt_set_3_nonconditional_24_conditions_English.docx,E:\数据库\代码\Data\PDCH\实验\_新结构_待启用\PHQ全量189人_调用就绪\prompts\PHQ8_prompt_set_3_nonconditional_24_conditions_English.docx,a3d2fe4ca94b1d34ac771141b2527191cdd82dc0352b04d760df54846b843f05,docx_override,3,"glm-5.2,qwen3.7-max,deepseek-v4-pro","[""1"", ""2"", ""3"", ""4"", ""5"", ""6"", ""7"", ""8""]",yes
E:\数据库\代码\Data\PDCH\实验\_新结构_待启用\.codex_audit\high_concurrency_repair_20260728_143752\manifest.json,PHQ-8,DAIC-WOZ-PHQ8,PHQ_全量189人,thinking,2026-07-28T14:37:52,PHQ8-word-2026-06-27,en,E:\数据库\代码\Data\PDCH\实验\_新结构_待启用\PHQ全量189人_调用就绪\prompts\PHQ8_prompt_set_3_nonconditional_24_conditions_English.docx,E:\数据库\代码\Data\PDCH\实验\_新结构_待启用\PHQ全量189人_调用就绪\prompts\PHQ8_prompt_set_3_nonconditional_24_conditions_English.docx,a3d2fe4ca94b1d34ac771141b2527191cdd82dc0352b04d760df54846b843f05,docx_override,3,"glm-5.2,qwen3.7-max,deepseek-v4-pro","[""1"", ""2"", ""3"", ""4"", ""5"", ""6"", ""7"", ""8""]",yes
E:\数据库\代码\Data\PDCH\实验\_新结构_待启用\.codex_audit\high_concurrency_repair_20260728_143844\manifest.json,PHQ-8,DAIC-WOZ-PHQ8,PHQ_全量189人,thinking,2026-07-28T14:38:44,PHQ8-word-2026-06-27,en,E:\数据库\代码\Data\PDCH\实验\_新结构_待启用\PHQ全量189人_调用就绪\prompts\PHQ8_prompt_set_3_nonconditional_24_conditions_English.docx,E:\数据库\代码\Data\PDCH\实验\_新结构_待启用\PHQ全量189人_调用就绪\prompts\PHQ8_prompt_set_3_nonconditional_24_conditions_English.docx,a3d2fe4ca94b1d34ac771141b2527191cdd82dc0352b04d760df54846b843f05,docx_override,3,"glm-5.2,qwen3.7-max,deepseek-v4-pro","[""1"", ""2"", ""3"", ""4"", ""5"", ""6"", ""7"", ""8""]",yes
E:\数据库\代码\Data\PDCH\实验\_新结构_待启用\.codex_audit\high_concurrency_repair_20260728_143932\manifest.json,PHQ-8,DAIC-WOZ-PHQ8,PHQ_全量189人,thinking,2026-07-28T14:39:32,PHQ8-word-2026-06-27,en,E:\数据库\代码\Data\PDCH\实验\_新结构_待启用\PHQ全量189人_调用就绪\prompts\PHQ8_prompt_set_3_nonconditional_24_conditions_English.docx,E:\数据库\代码\Data\PDCH\实验\_新结构_待启用\PHQ全量189人_调用就绪\prompts\PHQ8_prompt_set_3_nonconditional_24_conditions_English.docx,a3d2fe4ca94b1d34ac771141b2527191cdd82dc0352b04d760df54846b843f05,docx_override,3,"glm-5.2,qwen3.7-max,deepseek-v4-pro","[""1"", ""2"", ""3"", ""4"", ""5"", ""6"", ""7"", ""8""]",yes
E:\数据库\代码\Data\PDCH\实验\_新结构_待启用\.codex_audit\high_concurrency_repair_20260728_144021\manifest.json,PHQ-8,DAIC-WOZ-PHQ8,PHQ_全量189人,thinking,2026-07-28T14:40:21,PHQ8-word-2026-06-27,en,E:\数据库\代码\Data\PDCH\实验\_新结构_待启用\PHQ全量189人_调用就绪\prompts\PHQ8_prompt_set_3_nonconditional_24_conditions_English.docx,E:\数据库\代码\Data\PDCH\实验\_新结构_待启用\PHQ全量189人_调用就绪\prompts\PHQ8_prompt_set_3_nonconditional_24_conditions_English.docx,a3d2fe4ca94b1d34ac771141b2527191cdd82dc0352b04d760df54846b843f05,docx_override,3,"glm-5.2,qwen3.7-max,deepseek-v4-pro","[""1"", ""2"", ""3"", ""4"", ""5"", ""6"", ""7"", ""8""]",yes
E:\数据库\代码\Data\PDCH\实验\_新结构_待启用\.codex_audit\high_concurrency_repair_20260728_144109\manifest.json,PHQ-8,DAIC-WOZ-PHQ8,PHQ_全量189人,thinking,2026-07-28T14:41:09,PHQ8-word-2026-06-27,en,E:\数据库\代码\Data\PDCH\实验\_新结构_待启用\PHQ全量189人_调用就绪\prompts\PHQ8_prompt_set_3_nonconditional_24_conditions_English.docx,E:\数据库\代码\Data\PDCH\实验\_新结构_待启用\PHQ全量189人_调用就绪\prompts\PHQ8_prompt_set_3_nonconditional_24_conditions_English.docx,a3d2fe4ca94b1d34ac771141b2527191cdd82dc0352b04d760df54846b843f05,docx_override,3,"glm-5.2,qwen3.7-max,deepseek-v4-pro","[""1"", ""2"", ""3"", ""4"", ""5"", ""6"", ""7"", ""8""]",yes
E:\数据库\代码\Data\PDCH\实验\_新结构_待启用\.codex_audit\high_concurrency_repair_20260728_144157\manifest.json,PHQ-8,DAIC-WOZ-PHQ8,PHQ_全量189人,thinking,2026-07-28T14:41:57,PHQ8-word-2026-06-27,en,E:\数据库\代码\Data\PDCH\实验\_新结构_待启用\PHQ全量189人_调用就绪\prompts\PHQ8_prompt_set_3_nonconditional_24_conditions_English.docx,E:\数据库\代码\Data\PDCH\实验\_新结构_待启用\PHQ全量189人_调用就绪\prompts\PHQ8_prompt_set_3_nonconditional_24_conditions_English.docx,a3d2fe4ca94b1d34ac771141b2527191cdd82dc0352b04d760df54846b843f05,docx_override,3,"glm-5.2,qwen3.7-max,deepseek-v4-pro","[""1"", ""2"", ""3"", ""4"", ""5"", ""6"", ""7"", ""8""]",yes
E:\数据库\代码\Data\PDCH\实验\_新结构_待启用\.codex_audit\high_concurrency_repair_20260728_144245\manifest.json,PHQ-8,DAIC-WOZ-PHQ8,PHQ_全量189人,thinking,2026-07-28T14:42:45,PHQ8-word-2026-06-27,en,E:\数据库\代码\Data\PDCH\实验\_新结构_待启用\PHQ全量189人_调用就绪\prompts\PHQ8_prompt_set_3_nonconditional_24_conditions_English.docx,E:\数据库\代码\Data\PDCH\实验\_新结构_待启用\PHQ全量189人_调用就绪\prompts\PHQ8_prompt_set_3_nonconditional_24_conditions_English.docx,a3d2fe4ca94b1d34ac771141b2527191cdd82dc0352b04d760df54846b843f05,docx_override,3,"glm-5.2,qwen3.7-max,deepseek-v4-pro","[""1"", ""2"", ""3"", ""4"", ""5"", ""6"", ""7"", ""8""]",yes
E:\数据库\代码\Data\PDCH\实验\_新结构_待启用\.codex_audit\high_concurrency_repair_20260728_144333\manifest.json,PHQ-8,DAIC-WOZ-PHQ8,PHQ_全量189人,thinking,2026-07-28T14:43:33,PHQ8-word-2026-06-27,en,E:\数据库\代码\Data\PDCH\实验\_新结构_待启用\PHQ全量189人_调用就绪\prompts\PHQ8_prompt_set_3_nonconditional_24_conditions_English.docx,E:\数据库\代码\Data\PDCH\实验\_新结构_待启用\PHQ全量189人_调用就绪\prompts\PHQ8_prompt_set_3_nonconditional_24_conditions_English.docx,a3d2fe4ca94b1d34ac771141b2527191cdd82dc0352b04d760df54846b843f05,docx_override,3,"glm-5.2,qwen3.7-max,deepseek-v4-pro","[""1"", ""2"", ""3"", ""4"", ""5"", ""6"", ""7"", ""8""]",yes
E:\数据库\代码\Data\PDCH\实验\_新结构_待启用\.codex_audit\high_concurrency_repair_20260728_144421\manifest.json,PHQ-8,DAIC-WOZ-PHQ8,PHQ_全量189人,thinking,2026-07-28T14:44:21,PHQ8-word-2026-06-27,en,E:\数据库\代码\Data\PDCH\实验\_新结构_待启用\PHQ全量189人_调用就绪\prompts\PHQ8_prompt_set_3_nonconditional_24_conditions_English.docx,E:\数据库\代码\Data\PDCH\实验\_新结构_待启用\PHQ全量189人_调用就绪\prompts\PHQ8_prompt_set_3_nonconditional_24_conditions_English.docx,a3d2fe4ca94b1d34ac771141b2527191cdd82dc0352b04d760df54846b843f05,docx_override,3,"glm-5.2,qwen3.7-max,deepseek-v4-pro","[""1"", ""2"", ""3"", ""4"", ""5"", ""6"", ""7"", ""8""]",yes
E:\数据库\代码\Data\PDCH\实验\_新结构_待启用\.codex_audit\high_concurrency_repair_20260728_144509\manifest.json,PHQ-8,DAIC-WOZ-PHQ8,PHQ_全量189人,thinking,2026-07-28T14:45:09,PHQ8-word-2026-06-27,en,E:\数据库\代码\Data\PDCH\实验\_新结构_待启用\PHQ全量189人_调用就绪\prompts\PHQ8_prompt_set_3_nonconditional_24_conditions_English.docx,E:\数据库\代码\Data\PDCH\实验\_新结构_待启用\PHQ全量189人_调用就绪\prompts\PHQ8_prompt_set_3_nonconditional_24_conditions_English.docx,a3d2fe4ca94b1d34ac771141b2527191cdd82dc0352b04d760df54846b843f05,docx_override,3,"glm-5.2,qwen3.7-max,deepseek-v4-pro","[""1"", ""2"", ""3"", ""4"", ""5"", ""6"", ""7"", ""8""]",yes
E:\数据库\代码\Data\PDCH\实验\_新结构_待启用\.codex_audit\high_concurrency_repair_20260728_144558\manifest.json,PHQ-8,DAIC-WOZ-PHQ8,PHQ_全量189人,thinking,2026-07-28T14:45:58,PHQ8-word-2026-06-27,en,E:\数据库\代码\Data\PDCH\实验\_新结构_待启用\PHQ全量189人_调用就绪\prompts\PHQ8_prompt_set_3_nonconditional_24_conditions_English.docx,E:\数据库\代码\Data\PDCH\实验\_新结构_待启用\PHQ全量189人_调用就绪\prompts\PHQ8_prompt_set_3_nonconditional_24_conditions_English.docx,a3d2fe4ca94b1d34ac771141b2527191cdd82dc0352b04d760df54846b843f05,docx_override,3,"glm-5.2,qwen3.7-max,deepseek-v4-pro","[""1"", ""2"", ""3"", ""4"", ""5"", ""6"", ""7"", ""8""]",yes
E:\数据库\代码\Data\PDCH\实验\_新结构_待启用\.codex_audit\high_concurrency_repair_20260728_144647\manifest.json,PHQ-8,DAIC-WOZ-PHQ8,PHQ_全量189人,thinking,2026-07-28T14:46:47,PHQ8-word-2026-06-27,en,E:\数据库\代码\Data\PDCH\实验\_新结构_待启用\PHQ全量189人_调用就绪\prompts\PHQ8_prompt_set_3_nonconditional_24_conditions_English.docx,E:\数据库\代码\Data\PDCH\实验\_新结构_待启用\PHQ全量189人_调用就绪\prompts\PHQ8_prompt_set_3_nonconditional_24_conditions_English.docx,a3d2fe4ca94b1d34ac771141b2527191cdd82dc0352b04d760df54846b843f05,docx_override,3,"glm-5.2,qwen3.7-max,deepseek-v4-pro","[""1"", ""2"", ""3"", ""4"", ""5"", ""6"", ""7"", ""8""]",yes
E:\数据库\代码\Data\PDCH\实验\_新结构_待启用\.codex_audit\high_concurrency_repair_20260728_144735\manifest.json,PHQ-8,DAIC-WOZ-PHQ8,PHQ_全量189人,thinking,2026-07-28T14:47:35,PHQ8-word-2026-06-27,en,E:\数据库\代码\Data\PDCH\实验\_新结构_待启用\PHQ全量189人_调用就绪\prompts\PHQ8_prompt_set_3_nonconditional_24_conditions_English.docx,E:\数据库\代码\Data\PDCH\实验\_新结构_待启用\PHQ全量189人_调用就绪\prompts\PHQ8_prompt_set_3_nonconditional_24_conditions_English.docx,a3d2fe4ca94b1d34ac771141b2527191cdd82dc0352b04d760df54846b843f05,docx_override,3,"glm-5.2,qwen3.7-max,deepseek-v4-pro","[""1"", ""2"", ""3"", ""4"", ""5"", ""6"", ""7"", ""8""]",yes
E:\数据库\代码\Data\PDCH\实验\_新结构_待启用\.codex_audit\high_concurrency_repair_20260728_144824\manifest.json,PHQ-8,DAIC-WOZ-PHQ8,PHQ_全量189人,thinking,2026-07-28T14:48:24,PHQ8-word-2026-06-27,en,E:\数据库\代码\Data\PDCH\实验\_新结构_待启用\PHQ全量189人_调用就绪\prompts\PHQ8_prompt_set_3_nonconditional_24_conditions_English.docx,E:\数据库\代码\Data\PDCH\实验\_新结构_待启用\PHQ全量189人_调用就绪\prompts\PHQ8_prompt_set_3_nonconditional_24_conditions_English.docx,a3d2fe4ca94b1d34ac771141b2527191cdd82dc0352b04d760df54846b843f05,docx_override,3,"glm-5.2,qwen3.7-max,deepseek-v4-pro","[""1"", ""2"", ""3"", ""4"", ""5"", ""6"", ""7"", ""8""]",yes
E:\数据库\代码\Data\PDCH\实验\_新结构_待启用\.codex_audit\high_concurrency_repair_20260728_144912\manifest.json,PHQ-8,DAIC-WOZ-PHQ8,PHQ_全量189人,thinking,2026-07-28T14:49:12,PHQ8-word-2026-06-27,en,E:\数据库\代码\Data\PDCH\实验\_新结构_待启用\PHQ全量189人_调用就绪\prompts\PHQ8_prompt_set_3_nonconditional_24_conditions_English.docx,E:\数据库\代码\Data\PDCH\实验\_新结构_待启用\PHQ全量189人_调用就绪\prompts\PHQ8_prompt_set_3_nonconditional_24_conditions_English.docx,a3d2fe4ca94b1d34ac771141b2527191cdd82dc0352b04d760df54846b843f05,docx_override,3,"glm-5.2,qwen3.7-max,deepseek-v4-pro","[""1"", ""2"", ""3"", ""4"", ""5"", ""6"", ""7"", ""8""]",yes
E:\数据库\代码\Data\PDCH\实验\_新结构_待启用\.codex_audit\high_concurrency_repair_20260728_145001\manifest.json,PHQ-8,DAIC-WOZ-PHQ8,PHQ_全量189人,thinking,2026-07-28T14:50:01,PHQ8-word-2026-06-27,en,E:\数据库\代码\Data\PDCH\实验\_新结构_待启用\PHQ全量189人_调用就绪\prompts\PHQ8_prompt_set_3_nonconditional_24_conditions_English.docx,E:\数据库\代码\Data\PDCH\实验\_新结构_待启用\PHQ全量189人_调用就绪\prompts\PHQ8_prompt_set_3_nonconditional_24_conditions_English.docx,a3d2fe4ca94b1d34ac771141b2527191cdd82dc0352b04d760df54846b843f05,docx_override,3,"glm-5.2,qwen3.7-max,deepseek-v4-pro","[""1"", ""2"", ""3"", ""4"", ""5"", ""6"", ""7"", ""8""]",yes
E:\数据库\代码\Data\PDCH\实验\_新结构_待启用\.codex_audit\high_concurrency_repair_20260728_145050\manifest.json,PHQ-8,DAIC-WOZ-PHQ8,PHQ_全量189人,thinking,2026-07-28T14:50:50,PHQ8-word-2026-06-27,en,E:\数据库\代码\Data\PDCH\实验\_新结构_待启用\PHQ全量189人_调用就绪\prompts\PHQ8_prompt_set_3_nonconditional_24_conditions_English.docx,E:\数据库\代码\Data\PDCH\实验\_新结构_待启用\PHQ全量189人_调用就绪\prompts\PHQ8_prompt_set_3_nonconditional_24_conditions_English.docx,a3d2fe4ca94b1d34ac771141b2527191cdd82dc0352b04d760df54846b843f05,docx_override,3,"glm-5.2,qwen3.7-max,deepseek-v4-pro","[""1"", ""2"", ""3"", ""4"", ""5"", ""6"", ""7"", ""8""]",yes
E:\数据库\代码\Data\PDCH\实验\_新结构_待启用\.codex_audit\high_concurrency_repair_20260728_145138\manifest.json,PHQ-8,DAIC-WOZ-PHQ8,PHQ_全量189人,thinking,2026-07-28T14:51:38,PHQ8-word-2026-06-27,en,E:\数据库\代码\Data\PDCH\实验\_新结构_待启用\PHQ全量189人_调用就绪\prompts\PHQ8_prompt_set_3_nonconditional_24_conditions_English.docx,E:\数据库\代码\Data\PDCH\实验\_新结构_待启用\PHQ全量189人_调用就绪\prompts\PHQ8_prompt_set_3_nonconditional_24_conditions_English.docx,a3d2fe4ca94b1d34ac771141b2527191cdd82dc0352b04d760df54846b843f05,docx_override,3,"glm-5.2,qwen3.7-max,deepseek-v4-pro","[""1"", ""2"", ""3"", ""4"", ""5"", ""6"", ""7"", ""8""]",yes
E:\数据库\代码\Data\PDCH\实验\_新结构_待启用\.codex_audit\high_concurrency_repair_20260728_145226\manifest.json,PHQ-8,DAIC-WOZ-PHQ8,PHQ_全量189人,thinking,2026-07-28T14:52:26,PHQ8-word-2026-06-27,en,E:\数据库\代码\Data\PDCH\实验\_新结构_待启用\PHQ全量189人_调用就绪\prompts\PHQ8_prompt_set_3_nonconditional_24_conditions_English.docx,E:\数据库\代码\Data\PDCH\实验\_新结构_待启用\PHQ全量189人_调用就绪\prompts\PHQ8_prompt_set_3_nonconditional_24_conditions_English.docx,a3d2fe4ca94b1d34ac771141b2527191cdd82dc0352b04d760df54846b843f05,docx_override,3,"glm-5.2,qwen3.7-max,deepseek-v4-pro","[""1"", ""2"", ""3"", ""4"", ""5"", ""6"", ""7"", ""8""]",yes
E:\数据库\代码\Data\PDCH\实验\_新结构_待启用\.codex_audit\high_concurrency_repair_20260728_145313\manifest.json,PHQ-8,DAIC-WOZ-PHQ8,PHQ_全量189人,thinking,2026-07-28T14:53:13,PHQ8-word-2026-06-27,en,E:\数据库\代码\Data\PDCH\实验\_新结构_待启用\PHQ全量189人_调用就绪\prompts\PHQ8_prompt_set_3_nonconditional_24_conditions_English.docx,E:\数据库\代码\Data\PDCH\实验\_新结构_待启用\PHQ全量189人_调用就绪\prompts\PHQ8_prompt_set_3_nonconditional_24_conditions_English.docx,a3d2fe4ca94b1d34ac771141b2527191cdd82dc0352b04d760df54846b843f05,docx_override,3,"glm-5.2,qwen3.7-max,deepseek-v4-pro","[""1"", ""2"", ""3"", ""4"", ""5"", ""6"", ""7"", ""8""]",yes
E:\数据库\代码\Data\PDCH\实验\_新结构_待启用\.codex_audit\high_concurrency_repair_20260728_145402\manifest.json,PHQ-8,DAIC-WOZ-PHQ8,PHQ_全量189人,thinking,2026-07-28T14:54:02,PHQ8-word-2026-06-27,en,E:\数据库\代码\Data\PDCH\实验\_新结构_待启用\PHQ全量189人_调用就绪\prompts\PHQ8_prompt_set_3_nonconditional_24_conditions_English.docx,E:\数据库\代码\Data\PDCH\实验\_新结构_待启用\PHQ全量189人_调用就绪\prompts\PHQ8_prompt_set_3_nonconditional_24_conditions_English.docx,a3d2fe4ca94b1d34ac771141b2527191cdd82dc0352b04d760df54846b843f05,docx_override,3,"glm-5.2,qwen3.7-max,deepseek-v4-pro","[""1"", ""2"", ""3"", ""4"", ""5"", ""6"", ""7"", ""8""]",yes
E:\数据库\代码\Data\PDCH\实验\_新结构_待启用\.codex_audit\high_concurrency_repair_20260728_145450\manifest.json,PHQ-8,DAIC-WOZ-PHQ8,PHQ_全量189人,thinking,2026-07-28T14:54:50,PHQ8-word-2026-06-27,en,E:\数据库\代码\Data\PDCH\实验\_新结构_待启用\PHQ全量189人_调用就绪\prompts\PHQ8_prompt_set_3_nonconditional_24_conditions_English.docx,E:\数据库\代码\Data\PDCH\实验\_新结构_待启用\PHQ全量189人_调用就绪\prompts\PHQ8_prompt_set_3_nonconditional_24_conditions_English.docx,a3d2fe4ca94b1d34ac771141b2527191cdd82dc0352b04d760df54846b843f05,docx_override,3,"glm-5.2,qwen3.7-max,deepseek-v4-pro","[""1"", ""2"", ""3"", ""4"", ""5"", ""6"", ""7"", ""8""]",yes
E:\数据库\代码\Data\PDCH\实验\_新结构_待启用\.codex_audit\high_concurrency_repair_20260728_145538\manifest.json,PHQ-8,DAIC-WOZ-PHQ8,PHQ_全量189人,thinking,2026-07-28T14:55:38,PHQ8-word-2026-06-27,en,E:\数据库\代码\Data\PDCH\实验\_新结构_待启用\PHQ全量189人_调用就绪\prompts\PHQ8_prompt_set_3_nonconditional_24_conditions_English.docx,E:\数据库\代码\Data\PDCH\实验\_新结构_待启用\PHQ全量189人_调用就绪\prompts\PHQ8_prompt_set_3_nonconditional_24_conditions_English.docx,a3d2fe4ca94b1d34ac771141b2527191cdd82dc0352b04d760df54846b843f05,docx_override,3,"glm-5.2,qwen3.7-max,deepseek-v4-pro","[""1"", ""2"", ""3"", ""4"", ""5"", ""6"", ""7"", ""8""]",yes
E:\数据库\代码\Data\PDCH\实验\_新结构_待启用\.codex_audit\high_concurrency_repair_20260728_145626\manifest.json,PHQ-8,DAIC-WOZ-PHQ8,PHQ_全量189人,thinking,2026-07-28T14:56:26,PHQ8-word-2026-06-27,en,E:\数据库\代码\Data\PDCH\实验\_新结构_待启用\PHQ全量189人_调用就绪\prompts\PHQ8_prompt_set_3_nonconditional_24_conditions_English.docx,E:\数据库\代码\Data\PDCH\实验\_新结构_待启用\PHQ全量189人_调用就绪\prompts\PHQ8_prompt_set_3_nonconditional_24_conditions_English.docx,a3d2fe4ca94b1d34ac771141b2527191cdd82dc0352b04d760df54846b843f05,docx_override,3,"glm-5.2,qwen3.7-max,deepseek-v4-pro","[""1"", ""2"", ""3"", ""4"", ""5"", ""6"", ""7"", ""8""]",yes
E:\数据库\代码\Data\PDCH\实验\_新结构_待启用\.codex_audit\high_concurrency_repair_20260728_145715\manifest.json,PHQ-8,DAIC-WOZ-PHQ8,PHQ_全量189人,thinking,2026-07-28T14:57:15,PHQ8-word-2026-06-27,en,E:\数据库\代码\Data\PDCH\实验\_新结构_待启用\PHQ全量189人_调用就绪\prompts\PHQ8_prompt_set_3_nonconditional_24_conditions_English.docx,E:\数据库\代码\Data\PDCH\实验\_新结构_待启用\PHQ全量189人_调用就绪\prompts\PHQ8_prompt_set_3_nonconditional_24_conditions_English.docx,a3d2fe4ca94b1d34ac771141b2527191cdd82dc0352b04d760df54846b843f05,docx_override,3,"glm-5.2,qwen3.7-max,deepseek-v4-pro","[""1"", ""2"", ""3"", ""4"", ""5"", ""6"", ""7"", ""8""]",yes
E:\数据库\代码\Data\PDCH\实验\_新结构_待启用\.codex_audit\high_concurrency_repair_20260728_150043\manifest.json,PHQ-8,DAIC-WOZ-PHQ8,PHQ_全量189人,thinking,2026-07-28T15:00:43,PHQ8-word-2026-06-27,en,E:\数据库\代码\Data\PDCH\实验\_新结构_待启用\PHQ全量189人_调用就绪\prompts\PHQ8_prompt_set_3_nonconditional_24_conditions_English.docx,E:\数据库\代码\Data\PDCH\实验\_新结构_待启用\PHQ全量189人_调用就绪\prompts\PHQ8_prompt_set_3_nonconditional_24_conditions_English.docx,a3d2fe4ca94b1d34ac771141b2527191cdd82dc0352b04d760df54846b843f05,docx_override,2,"glm-5.2,deepseek-v4-pro","[""1"", ""2"", ""3"", ""4"", ""5"", ""6"", ""7"", ""8""]",yes
E:\数据库\代码\Data\PDCH\实验\_新结构_待启用\.codex_audit\high_concurrency_repair_20260728_161931\manifest.json,PHQ-8,DAIC-WOZ-PHQ8,PHQ_全量189人,thinking,2026-07-28T16:19:31,PHQ8-word-2026-06-27,en,E:\数据库\代码\Data\PDCH\实验\_新结构_待启用\PHQ全量189人_调用就绪\prompts\PHQ8_prompt_set_3_nonconditional_24_conditions_English.docx,E:\数据库\代码\Data\PDCH\实验\_新结构_待启用\PHQ全量189人_调用就绪\prompts\PHQ8_prompt_set_3_nonconditional_24_conditions_English.docx,a3d2fe4ca94b1d34ac771141b2527191cdd82dc0352b04d760df54846b843f05,docx_override,3,"glm-5.2,qwen3.7-max,deepseek-v4-pro","""ALL""",yes
E:\数据库\代码\Data\PDCH\实验\_新结构_待启用\.codex_audit\high_concurrency_repair_20260728_162009\manifest.json,PHQ-8,DAIC-WOZ-PHQ8,PHQ_全量189人,thinking,2026-07-28T16:20:09,PHQ8-word-2026-06-27,en,E:\数据库\代码\Data\PDCH\实验\_新结构_待启用\PHQ全量189人_调用就绪\prompts\PHQ8_prompt_set_3_nonconditional_24_conditions_English.docx,E:\数据库\代码\Data\PDCH\实验\_新结构_待启用\PHQ全量189人_调用就绪\prompts\PHQ8_prompt_set_3_nonconditional_24_conditions_English.docx,a3d2fe4ca94b1d34ac771141b2527191cdd82dc0352b04d760df54846b843f05,docx_override,3,"glm-5.2,qwen3.7-max,deepseek-v4-pro","[""9"", ""10"", ""11"", ""12""]",yes
E:\数据库\代码\Data\PDCH\实验\_新结构_待启用\.codex_audit\high_concurrency_repair_20260728_163041\manifest.json,PHQ-8,DAIC-WOZ-PHQ8,PHQ_全量189人,thinking,2026-07-28T16:30:41,PHQ8-word-2026-06-27,en,E:\数据库\代码\Data\PDCH\实验\_新结构_待启用\PHQ全量189人_调用就绪\prompts\PHQ8_prompt_set_3_nonconditional_24_conditions_English.docx,E:\数据库\代码\Data\PDCH\实验\_新结构_待启用\PHQ全量189人_调用就绪\prompts\PHQ8_prompt_set_3_nonconditional_24_conditions_English.docx,a3d2fe4ca94b1d34ac771141b2527191cdd82dc0352b04d760df54846b843f05,docx_override,3,"glm-5.2,qwen3.7-max,deepseek-v4-pro","[""9"", ""10"", ""11"", ""12""]",yes
E:\数据库\代码\Data\PDCH\实验\_新结构_待启用\.codex_audit\high_concurrency_repair_20260728_174948\manifest.json,PHQ-8,DAIC-WOZ-PHQ8,PHQ_全量189人,thinking,2026-07-28T17:49:48,PHQ8-word-2026-06-27,en,E:\数据库\代码\Data\PDCH\实验\_新结构_待启用\PHQ全量189人_调用就绪\prompts\PHQ8_prompt_set_3_nonconditional_24_conditions_English.docx,E:\数据库\代码\Data\PDCH\实验\_新结构_待启用\PHQ全量189人_调用就绪\prompts\PHQ8_prompt_set_3_nonconditional_24_conditions_English.docx,a3d2fe4ca94b1d34ac771141b2527191cdd82dc0352b04d760df54846b843f05,docx_override,3,"glm-5.2,qwen3.7-max,deepseek-v4-pro","[""9"", ""10"", ""11"", ""12""]",yes
E:\数据库\代码\Data\PDCH\实验\_新结构_待启用\.codex_audit\high_concurrency_repair_20260728_175140\manifest.json,PHQ-8,DAIC-WOZ-PHQ8,PHQ_全量189人,thinking,2026-07-28T17:51:40,PHQ8-word-2026-06-27,en,E:\数据库\代码\Data\PDCH\实验\_新结构_待启用\PHQ全量189人_调用就绪\prompts\PHQ8_prompt_set_3_nonconditional_24_conditions_English.docx,E:\数据库\代码\Data\PDCH\实验\_新结构_待启用\PHQ全量189人_调用就绪\prompts\PHQ8_prompt_set_3_nonconditional_24_conditions_English.docx,a3d2fe4ca94b1d34ac771141b2527191cdd82dc0352b04d760df54846b843f05,docx_override,3,"glm-5.2,qwen3.7-max,deepseek-v4-pro","[""13"", ""14"", ""15"", ""16""]",yes
E:\数据库\代码\Data\PDCH\实验\_新结构_待启用\.codex_audit\high_concurrency_repair_20260728_175316\manifest.json,PHQ-8,DAIC-WOZ-PHQ8,PHQ_全量189人,thinking,2026-07-28T17:53:16,PHQ8-word-2026-06-27,en,E:\数据库\代码\Data\PDCH\实验\_新结构_待启用\PHQ全量189人_调用就绪\prompts\PHQ8_prompt_set_3_nonconditional_24_conditions_English.docx,E:\数据库\代码\Data\PDCH\实验\_新结构_待启用\PHQ全量189人_调用就绪\prompts\PHQ8_prompt_set_3_nonconditional_24_conditions_English.docx,a3d2fe4ca94b1d34ac771141b2527191cdd82dc0352b04d760df54846b843f05,docx_override,3,"glm-5.2,qwen3.7-max,deepseek-v4-pro","[""13"", ""14"", ""15"", ""16""]",yes
E:\数据库\代码\Data\PDCH\实验\_新结构_待启用\.codex_audit\high_concurrency_repair_20260728_194332\manifest.json,PHQ-8,DAIC-WOZ-PHQ8,PHQ_全量189人,thinking,2026-07-28T19:43:32,PHQ8-word-2026-06-27,en,E:\数据库\代码\Data\PDCH\实验\_新结构_待启用\PHQ全量189人_调用就绪\prompts\PHQ8_prompt_set_3_nonconditional_24_conditions_English.docx,E:\数据库\代码\Data\PDCH\实验\_新结构_待启用\PHQ全量189人_调用就绪\prompts\PHQ8_prompt_set_3_nonconditional_24_conditions_English.docx,a3d2fe4ca94b1d34ac771141b2527191cdd82dc0352b04d760df54846b843f05,docx_override,3,"glm-5.2,qwen3.7-max,deepseek-v4-pro","[""13"", ""14"", ""15"", ""16""]",yes
E:\数据库\代码\Data\PDCH\实验\_新结构_待启用\.codex_audit\high_concurrency_repair_20260728_200404\manifest.json,PHQ-8,DAIC-WOZ-PHQ8,PHQ_全量189人,thinking,2026-07-28T20:04:04,PHQ8-word-2026-06-27,en,E:\数据库\代码\Data\PDCH\实验\_新结构_待启用\PHQ全量189人_调用就绪\prompts\PHQ8_prompt_set_3_nonconditional_24_conditions_English.docx,E:\数据库\代码\Data\PDCH\实验\_新结构_待启用\PHQ全量189人_调用就绪\prompts\PHQ8_prompt_set_3_nonconditional_24_conditions_English.docx,a3d2fe4ca94b1d34ac771141b2527191cdd82dc0352b04d760df54846b843f05,docx_override,3,"glm-5.2,qwen3.7-max,deepseek-v4-pro","[""13"", ""14"", ""15"", ""16""]",yes
E:\数据库\代码\Data\PDCH\实验\_新结构_待启用\.codex_audit\high_concurrency_repair_20260728_201255\manifest.json,PHQ-8,DAIC-WOZ-PHQ8,PHQ_全量189人,thinking,2026-07-28T20:12:55,PHQ8-word-2026-06-27,en,E:\数据库\代码\Data\PDCH\实验\_新结构_待启用\PHQ全量189人_调用就绪\prompts\PHQ8_prompt_set_3_nonconditional_24_conditions_English.docx,E:\数据库\代码\Data\PDCH\实验\_新结构_待启用\PHQ全量189人_调用就绪\prompts\PHQ8_prompt_set_3_nonconditional_24_conditions_English.docx,a3d2fe4ca94b1d34ac771141b2527191cdd82dc0352b04d760df54846b843f05,docx_override,3,"glm-5.2,qwen3.7-max,deepseek-v4-pro","[""13"", ""14"", ""15"", ""16""]",yes
