source_path,freeze_path,action,size_bytes,sha256,claim_grade,note,member_count,source_bytes
PDCH/实验\outputs\pdch_cross_ai_joint_hamd_phq_combined_20260910\CROSS_AI_JOINT_HAMD_PHQ_result_headline.csv,freeze_20260911\03_FROZEN_CROSS_AI\result_headline.csv,copy_existing_verified,8657,d54a5309201604429a859b2a5024a816bef01bffdaccd647fa6fd40ba85801ee,exploratory_complete,direct Joint headline,,
PDCH/实验\outputs\pdch_cross_ai_joint_hamd_phq_combined_20260910\CROSS_AI_JOINT_HAMD_PHQ_result_summary.csv,freeze_20260911\03_FROZEN_CROSS_AI\result_summary.csv,copy_existing_verified,13523,1bf7d8f5dc61bd2067e64ae53285dd8b150f3ec9be4f06495d4748b1fd316dfa,exploratory_complete,direct Joint full summary,,
PDCH/实验\outputs\pdch_cross_ai_joint_hamd_phq_combined_20260910\CROSS_AI_JOINT_HAMD_PHQ_primary_result_summary.csv,freeze_20260911\03_FROZEN_CROSS_AI\primary_result_summary.csv,copy_existing_verified,6560,6d68f54942557807867e76be8e4da83e509ef4c66f8f96dcc2c39a361dd7b3b9,exploratory_complete,direct Joint primary layers,,
PDCH/实验\outputs\pdch_cross_ai_joint_hamd_phq_combined_20260910\CROSS_AI_JOINT_HAMD_PHQ_comparisons.csv,freeze_20260911\03_FROZEN_CROSS_AI\comparisons.csv,copy_existing_verified,29123,e11672f6089e5335047297f43931e95969492070b02e01d1de2d36067fc24738,exploratory_complete,direct Joint comparisons,,
PDCH/实验\outputs\pdch_cross_ai_joint_hamd_phq_combined_20260910\CROSS_AI_JOINT_HAMD_PHQ_mechanism.csv,freeze_20260911\03_FROZEN_CROSS_AI\mechanism.csv,copy_existing_verified,193207,244a5cab4d5cf28c77dfa3176a71f6ef439d65f738df262e8ebe669cb3297055,exploratory_complete,direct Joint mechanism,,
PDCH/实验\outputs\pdch_cross_ai_joint_hamd_phq_combined_20260910\CROSS_AI_JOINT_HAMD_PHQ_old_method_audit.csv,freeze_20260911\03_FROZEN_CROSS_AI\old_method_audit.csv,copy_existing_verified,1340,fd7fb9562f38d163c9ed46e8a40862259a99226a040b369cb3d218ddcb44c99e,exploratory_complete,old method audit,,
PDCH/实验\outputs\pdch_cross_ai_joint_hamd_phq_combined_20260910\CROSS_AI_JOINT_HAMD_PHQ_JointB_oldB_equivalence.csv,freeze_20260911\03_FROZEN_CROSS_AI\JointB_oldB_equivalence.csv,copy_existing_verified,304,2047e06483e54273876908bd6cfc573590538a3e2a9ef25277ca8d78d70ab788,exploratory_complete,old B equivalence,,
PDCH/实验\outputs\pdch_cross_ai_joint_hamd_phq_combined_20260910\CROSS_AI_JOINT_HAMD_PHQ_RESULTS.md,freeze_20260911\03_FROZEN_CROSS_AI\RESULTS.md,copy_existing_verified,3791,22c6a04787ca6da6f5290fe1b39edde220a893c04c2e56d996778c60ac592baf,exploratory_complete,direct Joint report,,
PDCH/实验\outputs\pdch_cross_ai_joint_hamd_phq_combined_20260910\CROSS_AI_JOINT_HAMD_PHQ_combined_results.xlsx,freeze_20260911\03_FROZEN_CROSS_AI\CROSS_AI_JOINT_HAMD_PHQ_combined_results.xlsx,copy_existing_verified,350828,c575b83660c74c509b2f79fd615a51d925a804a0806b6f2f7ef770d1c8069e41,exploratory_complete,combined direct Joint workbook,,
PDCH/实验\outputs\pdch_cross_ai_joint_hamd_phq_reference_style_20260911\CROSS_AI_JOINT_HAMD_PHQ_reference_style_results.xlsx,freeze_20260911\03_FROZEN_CROSS_AI\CROSS_AI_JOINT_HAMD_PHQ_reference_style_results.xlsx,copy_existing_verified,273916,613d8b7924178c0da2db40ab46b5999bd1a70ab019658952028000a682713b26,exploratory_complete,37-sheet reference-style workbook,,
PDCH/实验\outputs\pdch_cross_ai_joint_hamd_phq_reference_style_20260911\reference_style_verification_report.json,freeze_20260911\03_FROZEN_CROSS_AI\reference_style_verification_report.json,copy_existing_verified,5985,7e1081a2a8d7758b47c927b9f3c23233561c0b4a3ebb16db35793906dd3686ee,exploratory_complete,reference-style QA,,
PDCH/实验\outputs\pdch_cross_ai_joint_hamd_phq_20260910\verification_report.json,freeze_20260911\03_FROZEN_CROSS_AI\direct_verification_report.json,copy_existing_verified,18504,2da6047d3e56abc503b87c6a4511e56f18d09af5ee016a71a8c0cd49b6696ce8,exploratory_complete,direct Joint QA,,
PDCH/实验\outputs\pdch_cross_ai_joint_hamd_phq_combined_20260910\combined_verification_report.json,freeze_20260911\03_FROZEN_CROSS_AI\combined_verification_report.json,copy_existing_verified,9154,8161dcab58b5e87acd8fc6f4a3f37b5a9c56384f627c774bb5b880eeeefcb0e9,exploratory_complete,combined QA,,
PDCH/实验\outputs\hamd_phq_multicondition_path_v1\HAMD_PHQ_multicondition_results.xlsx,freeze_20260911\02_FROZEN_STAGE2\HAMD_PHQ_multicondition_results.xlsx,copy_existing_verified,72593,5ee0b797a3ed39c49581c75f180ef231ece1c203848af24bab862137134a06a7,formal_primary,Stage2 workbook,,
PDCH/实验\outputs\hamd_phq_multicondition_path_v1\README_results.md,freeze_20260911\02_FROZEN_STAGE2\README_results.md,copy_existing_verified,9868,5d89a778b5da822d176766dabcf30f4180b79090c7e8303cb3ff80862a544f25,formal_primary,Stage2 scope,,
PDCH/实验\outputs\hamd_phq_multicondition_path_v1\HAMD_final_summary.md,freeze_20260911\02_FROZEN_STAGE2\HAMD_final_summary.md,copy_existing_verified,269,19b7528012544d8202f915e3666f5c96d5b09b0cc02b508e6d0a52c106187848,formal_primary,HAMD summary,,
PDCH/实验\outputs\hamd_phq_multicondition_path_v1\PHQ_final_summary.md,freeze_20260911\02_FROZEN_STAGE2\PHQ_final_summary.md,copy_existing_verified,347,3ecbc0625ce357b6b24891c9cddbc442dd88c4e34b73f669afef0ab540de916f,formal_primary,PHQ summary,,
PDCH/实验\outputs\hamd_phq_multicondition_path_v1\run_manifest.json,freeze_20260911\02_FROZEN_STAGE2\run_manifest.json,copy_existing_verified,3898,00dae40a498e91eadbeddb2ee2259e2ed3380be75b07899595eb58a973f76475,formal_primary,Stage2 manifest,,
PDCH/实验\outputs\hamd_phq_multicondition_path_v1\verification_report.json,freeze_20260911\02_FROZEN_STAGE2\verification_report.json,copy_existing_verified,6354,429c933fd8aca30e464e3453a2dfd9b095b25acaa4fa2cfa6f54d6c00ddf723b,formal_primary,Stage2 QA,,
PDCH/实验\outputs\hamd_phq_multicondition_path_v1\PHQ_06_total_performance.csv,freeze_20260911\02_FROZEN_STAGE2\PHQ_06_total_performance.csv,copy_existing_verified,6161,7d0a16a5b170419889d481cdd8069cad04cde0942f143fa3f944acd01f2bfed5,formal_primary,PHQ total performance,,
PDCH/实验\outputs\hamd_phq_multicondition_path_v1\PHQ_07_item_performance.csv,freeze_20260911\02_FROZEN_STAGE2\PHQ_07_item_performance.csv,copy_existing_verified,32739,29928e1885c235dd67636e85268ebaaa78dfaca1de7e391effcface0f4ceadb0,formal_primary,PHQ item performance,,
PDCH/实验\outputs\hamd_phq_multicondition_path_v1\PHQ_08_error_mechanism.csv,freeze_20260911\02_FROZEN_STAGE2\PHQ_08_error_mechanism.csv,copy_existing_verified,2534,cd86535919408df6ffff4a1d20695acb1f8d3f6c5a6a26d52ab54d02d2ff458e,formal_extension,PHQ mechanism,,
PDCH/实验\outputs\hamd_phq_multicondition_path_v1\PHQ_11_test47_fusion_performance.csv,freeze_20260911\02_FROZEN_STAGE2\PHQ_11_test47_fusion_performance.csv,copy_existing_verified,5893,8ffcdda6fe4ff8cbbc6efb7a6e66c8700fcdc035b8732ce9e1ef7bc5086d9c19,secondary_replication,PHQ test47,,
PDCH/实验\outputs\hamd_phq_multicondition_path_v1\HAMD_06_oracle_upper_bound.csv,freeze_20260911\02_FROZEN_STAGE2\HAMD_06_oracle_upper_bound.csv,copy_existing_verified,83696,5891e59e78b363848f1942ad05576662456a745445b29244e78ba8d5fd5413fe,formal_extension,HAMD oracle,,
PDCH/实验\outputs\hamd_phq_multicondition_path_v1\HAMD_02_H14_evaluability_by_condition.csv,freeze_20260911\02_FROZEN_STAGE2\HAMD_02_H14_evaluability_by_condition.csv,copy_existing_verified,1928,8d93079ae4617b8c1299804d986e6096694c448111724005c560df5ee91d2639,formal_extension,H14 evaluability,,
PDCH/实验\outputs\hamd_phq_multicondition_path_v1\HAMD_03_H14_rescue.csv,freeze_20260911\02_FROZEN_STAGE2\HAMD_03_H14_rescue.csv,copy_existing_verified,29463,024e50a560a4c30dec08f8ab4192e8d995fc898e1863250ecef7ae4df3f7539d,formal_extension,H14 rescue,,
PDCH/实验\outputs\hamd_phq_multicondition_path_v1\HAMD_07_disagreement_error.csv,freeze_20260911\02_FROZEN_STAGE2\HAMD_07_disagreement_error.csv,copy_existing_verified,435235,987af71ef7c1a11abb0a8a3bb5a57d31e37d191ec713224beed380f2c74bad1e,formal_extension,disagreement,,
PDCH/实验\outputs\hamd_phq_multicondition_path_v1\HAMD_08_selective_prediction.csv,freeze_20260911\02_FROZEN_STAGE2\HAMD_08_selective_prediction.csv,copy_existing_verified,2897,91334fed4cf46287abbbf320ce1f00a5a7618acb99d402502049de6419fc02d8,exploratory_complete,selective curve,,
PDCH/实验\outputs\hamd_phq_multicondition_path_v1\HAMD_12_core16_performance.csv,freeze_20260911\02_FROZEN_STAGE2\HAMD_12_core16_performance.csv,copy_existing_verified,5961,c5d4f2c09d304a083722cd717ce40dd0af9ff7a7ed556d103b1d411e28d23879,formal_extension,HAMD16 core,,
PDCH/实验\outputs\hamd_phq_multicondition_path_v1\HAMD_14_performance_stability.csv,freeze_20260911\02_FROZEN_STAGE2\HAMD_14_performance_stability.csv,copy_existing_verified,158214,23bf46e71428c8d9f5c376bbfaa880f103c13b65dc47fed1efe9fc123b03b2af,formal_extension,HAMD stability,,
PDCH/实验\outputs\hamd_phq_multicondition_path_v1\PHQ_14_performance_stability.csv,freeze_20260911\02_FROZEN_STAGE2\PHQ_14_performance_stability.csv,copy_existing_verified,194906,e019b062f23a075c2602c73971d3bc18938eeb2b4e57cd96e5c64b6b134b77f7,formal_extension,PHQ stability,,
PDCH/实验\outputs\pdch_corrected_item_total_association_20260811\corrected_item_total_analysis.xlsx,freeze_20260911\04_FROZEN_SUPPORTING\corrected_item_total_analysis.xlsx,copy_existing_verified,2079454,45be10ff5ef79d3c440e9b2fd4249bbf7b55e94d88e1b543ff72c04f0b86694c,formal_reference,corrected item-total workbook,,
PDCH/实验\outputs\pdch_corrected_item_total_association_20260811\corrected_item_total_full_results.csv,freeze_20260911\04_FROZEN_SUPPORTING\corrected_item_total_full_results.csv,copy_existing_verified,1127231,1dc5eae6f3e334dcf3a54b4907525b9e818027b308b37ce79ac1443277ae000c,formal_reference,corrected item-total,,
PDCH/实验\outputs\pdch_corrected_item_total_association_20260811\corrected_condition_effects.csv,freeze_20260911\04_FROZEN_SUPPORTING\corrected_condition_effects.csv,copy_existing_verified,770000,6f19634a675ef070953414b8d646f098f7be0b5893cb6b663253968185f38c18,formal_reference,condition effects,,
PDCH/实验\outputs\pdch_corrected_item_total_association_20260811\corrected_item_total_key_findings.md,freeze_20260911\04_FROZEN_SUPPORTING\corrected_item_total_key_findings.md,copy_existing_verified,2100,53634a6a28c03b0ecb0017b67e02445ef49d7b3babea6571e434acd61054ab1c,formal_reference,key findings,,
PDCH/实验\outputs\pdch_item_total_correlation_20260811\item_total_spearman.csv,freeze_20260911\04_FROZEN_SUPPORTING\item_total_spearman.csv,copy_existing_verified,514776,2612bda91c5673e181a492028c16c50bb44f874e17002914ba7f3b1c09266827,formal_reference,item-total Spearman,,
PDCH/实验\outputs\pdch_item_total_correlation_20260811\item_total_point_biserial.csv,freeze_20260911\04_FROZEN_SUPPORTING\item_total_point_biserial.csv,copy_existing_verified,524649,6cfd9305e9b74b72f3a2ba88ac71376d7bae653cb12ea1a08c3cc83b6de2458f,formal_reference,point-biserial sensitivity,,
PDCH/实验\outputs\pdch_item_total_correlation_20260811\paired_delta_vs_c03.csv,freeze_20260911\04_FROZEN_SUPPORTING\paired_delta_vs_c03.csv,copy_existing_verified,948969,26c2025d5a876fc437b6967e27ab0832fa2f3876be6edee70050b344c98bb5e7,formal_reference,paired C03 contrasts,,
PDCH/实验\outputs\pdch_item_total_correlation_20260811\PDCH_PHQ_HAMD_逐维度题总相关_一个维度一个Sheet_20260811.xlsx,freeze_20260911\04_FROZEN_SUPPORTING\PDCH_PHQ_HAMD_item_total_reference.xlsx,copy_existing_verified,3252604,05ff80200accdade1df159aec3f511b94b2b41db981cbd220aa8f2999910fd3e,formal_reference,item-total workbook,,
PDCH/实验\outputs\pdch_item_error_cancellation_20260815\关键发现.md,freeze_20260911\04_FROZEN_SUPPORTING\item_error_cancellation_key_findings.md,copy_existing_verified,5665,5e3ee68a8591a93637c122bfc82ef517fd7670a437a1371b87ada4f2e603f4f4,formal_extension,cancellation findings,,
PDCH/实验\outputs\pdch_item_error_cancellation_20260815\总分—条目—结构一致性总表.csv,freeze_20260911\04_FROZEN_SUPPORTING\total_item_structure_consistency.csv,copy_existing_verified,139246,652be5a0649f9774fc519124953f029dc64de8ddc6e799b8906b3fb618deb490,formal_extension,consistency table,,
PDCH/实验\outputs\pdch_coverage_aware_partial_20260827\coverage_analysis_overview.csv,freeze_20260911\04_FROZEN_SUPPORTING\coverage_analysis_overview.csv,copy_existing_verified,52161,3533abeb89401b67202187aeb2253f1ea76de2f62661d8d9421b7301825e9bf2,supplement_complete,coverage overview,,
PDCH/实验\outputs\pdch_coverage_aware_partial_20260827\HAMD16_fixed_scale_results.xlsx,freeze_20260911\04_FROZEN_SUPPORTING\HAMD16_fixed_scale_results.xlsx,copy_existing_verified,608330,1e1db14ef7152390c60350a9ba5a58f1eceff026abf2d28508f9deb456761176,supplement_complete,HAMD16 coverage workbook,,
PDCH/实验\outputs\pdch_research_direction_review_20260907\RESEARCH_DIRECTION_REPORT.md,freeze_20260911\05_REFERENCE_MATERIALS\RESEARCH_DIRECTION_REPORT.md,copy_existing_verified,8218,c8f620d6691a0e484ba4b4ebeeca5553f6dfdf562b78d96b757e27d31ad05b91,planning_evidence,research direction,,
PDCH/实验\outputs\pdch_research_direction_review_20260907\research_stage_ledger.csv,freeze_20260911\05_REFERENCE_MATERIALS\research_stage_ledger.csv,copy_existing_verified,3750,f35ee049987fd26467932e6ad6cd0806cb10b70aeac99662d2062c76ac88642b,planning_evidence,stage ledger,,
PDCH/实验\outputs\pdch_research_direction_review_20260907\research_claim_matrix.csv,freeze_20260911\05_REFERENCE_MATERIALS\original_research_claim_matrix.csv,copy_existing_verified,2345,59803cbec16e1b570d3a87b79630c8e567903d7e082257ff2e744a859b197fa0,planning_evidence,original claim matrix,,
PDCH/实验\outputs\pdch_meeting_alignment_review_20260909\MEETING_PPT_ALIGNMENT_REVIEW.md,freeze_20260911\05_REFERENCE_MATERIALS\MEETING_PPT_ALIGNMENT_REVIEW.md,copy_existing_verified,7712,f3a6a35ad864b61d90f63e66c9efaae9cd016df8c0dae85e62e570467e5085b8,planning_evidence,meeting alignment,,
PDCH/实验\outputs\pdch_final_closure_20260910\FINAL_CLOSURE_PLAN.md,freeze_20260911\05_REFERENCE_MATERIALS\FINAL_CLOSURE_PLAN.md,copy_existing_verified,5259,d0611b80beae04770c265a39a685e12a402c884d00574a99de725e3dff894205,planning_evidence,closure plan,,
D:\xwechat_files\wxid_cuxwetokhbwl22_8706\msg\file\2026-08\PDCH_HAMD_PHQ_cleaned_report_v3.pptx,freeze_20260911\05_REFERENCE_MATERIALS\PDCH_HAMD_PHQ_cleaned_report_v3.pptx,copy_existing_verified,9705729,e264e1e1960367b9b0cbf3aa7c9c93ef8f63d75b24672d524b3d6a8c5f2a4ae2,reference,user-provided PPT,,
local-user\.codex\attachments\79cc4dcf-5de3-4989-8af0-b1d5d2d26a41\pasted-text.txt,freeze_20260911\05_REFERENCE_MATERIALS\cross_ai_instruction.txt,copy_existing_verified,11463,9d46a2b58a77b27f390e72077a42b2da4ebedffc3e19389cb3965bb9afc44701,reference,user-provided Cross-AI instruction,,
local-user\Desktop\pdch保留数据\HAMD-17异构条件总分研究.xlsx,local-user\Desktop\pdch保留数据\existing_desktop_snapshot\HAMD-17异构条件总分研究.xlsx,copy,348634,2e7b800d2e1bff59cfd198d0d0b94260d966c0d372e5d6c5fa77af08e7514afb,existing_desktop_reference,pre-existing Desktop pdch保留数据 file,,
local-user\Desktop\pdch保留数据\HAMD_PHQ_题总相关(1).xlsx,local-user\Desktop\pdch保留数据\existing_desktop_snapshot\HAMD_PHQ_题总相关(1).xlsx,copy,1311022,85fc7426a411cb762fe44b62af2634f5c71aacfaa3f540d6b8d26ac2eb26645b,existing_desktop_reference,pre-existing Desktop pdch保留数据 file,,
local-user\Desktop\pdch保留数据\plos方法结果\AI_Records.csv,local-user\Desktop\pdch保留数据\existing_desktop_snapshot\plos方法结果\AI_Records.csv,copy,6439025,6ed8f8eab74fa809d66a74d40ed7f405f909e0bfcb3ac9ed8a504eebc1c7cc9d,existing_desktop_reference,pre-existing Desktop pdch保留数据 file,,
local-user\Desktop\pdch保留数据\plos方法结果\Evidence_Quotes.csv,local-user\Desktop\pdch保留数据\existing_desktop_snapshot\plos方法结果\Evidence_Quotes.csv,copy,4193926,9ced2d8a71b383cb650fe3f45834ac55e42ccdd9f6100c999e53ff1eb7b67caf,existing_desktop_reference,pre-existing Desktop pdch保留数据 file,,
local-user\Desktop\pdch保留数据\plos方法结果\Factor_Outputs.csv,local-user\Desktop\pdch保留数据\existing_desktop_snapshot\plos方法结果\Factor_Outputs.csv,copy,7158787,1313f7d6bab5dc59cf51c0ffa59b3ce4f9f231a4f61877f5f66313f461b82cc6,existing_desktop_reference,pre-existing Desktop pdch保留数据 file,,
local-user\Desktop\pdch保留数据\plos方法结果\提示词.txt,local-user\Desktop\pdch保留数据\existing_desktop_snapshot\plos方法结果\提示词.txt,copy,2963,a73cbe0b2a2b7edd717d0d6445318d27f8d4025aadf8b18ce02eaaceebedefde,existing_desktop_reference,pre-existing Desktop pdch保留数据 file,,
PDCH/实验\outputs\pdch_all_prompt_fields_corrected_20260807,freeze_20260911\01_FROZEN_INPUT\canonical_input_bundle.zip,zip,193669808,cf5291ac7bb36148ecd9f3c8f09c6253698bdfb8badb0da064b7392f4f876d9d,formal_input,10 members; 660095757 source bytes,,
PDCH/实验\outputs\hamd_phq_multicondition_path_v1,freeze_20260911\02_FROZEN_STAGE2\stage2_result_bundle.zip,zip,44581620,5e9c43fd996f7787491034d0a7a4c74cea1e794fe3a331cefc82a1817e90a925,formal_primary,87 members; 408414010 source bytes,,
PDCH/实验\outputs\pdch_cross_ai_joint_hamd_phq_20260910;PDCH/实验\outputs\pdch_cross_ai_joint_hamd_phq_combined_20260910;PDCH/实验\outputs\pdch_cross_ai_joint_hamd_phq_reference_style_20260911;PDCH/实验\outputs\pdch_cross_ai_anchored_hamd_phq_20260909;PDCH/实验\outputs\pdch_cross_ai_anchored_hamd_phq_combined_20260909;PDCH/实验\outputs\pdch_cross_ai_hamd_phq_combined_20260909,freeze_20260911\03_FROZEN_CROSS_AI\cross_ai_full_bundle.zip,zip,7177668,d3ea1fb6b252f982372bdd88fbc0f3f4e25660c1feea7c93a7445db67b52b5d3,exploratory_complete,106 members; 95856234 source bytes,,
PDCH/实验\outputs\pdch_ai_handoff_20260819\00_index,freeze_20260911\90_INVENTORY_POINTERS\prior_handoff_index.zip,zip,89249,956a6139bcf482a833b9e05ee36f1aebb484e00a2262357115c75aacbfbe2192,planning_evidence,15 members; prior handoff index,,
PDCH,freeze_20260911\00_RAW_LINEAGE\pdch_raw_and_early_sources.zip,zip,7069582,6a252f90fa1b794b4567b8e66ebf6342bb91de1b06ba47793d782c8013b54119,nan,nan,11.0,10137806.0
PDCH\hamd_analysis\Analysis\Analysis_History,freeze_20260911\00_RAW_LINEAGE\hamd_analysis_history.zip,zip,9499088,dd56697775f2cae4c611f81c6e2d2003a69065fa593e83ce77b7bf2b3d7ff85c,nan,nan,12.0,22548540.0
DAIC-WOZ\processed_research,freeze_20260911\00_RAW_LINEAGE\daic_processed_research.zip,zip,81193531,983dca939b7b62a8dcd3cbcbeb5190a61192c352a65226358442671f70944c87,nan,nan,1928.0,235157049.0
AI24_workbooks,freeze_20260911\00_RAW_LINEAGE\ai24_condition_workbooks.zip,zip,307515947,3d16ffcc7ba92c0d15ed4f4d4248bc451fa98fa1f420a8d33f1adbdd2242905d,nan,nan,17.0,311892944.0
PDCH/实验\outputs\pdch_all_prompt_fields_corrected_20260807\02_统一结果索引.csv,freeze_20260911\01_FROZEN_INPUT\02_统一结果索引.csv,copy,303405294,1c5acfa6c293939b29cec5da08ed73cd9fdd5435546222a838a68d14c1207eec,formal_input,canonical input index,,
PDCH/实验\outputs\pdch_all_prompt_fields_corrected_20260807\04_评分维度明细.csv,freeze_20260911\01_FROZEN_INPUT\04_评分维度明细.csv,copy,91659121,34ec669d677860b2b671d01f3f3d77a66d669ec693cd64cf42347eb1bdc2fa4d,formal_input,canonical item-level analysis source,,
PDCH/实验\outputs\pdch_all_prompt_fields_corrected_20260807\06_覆盖审计.csv,freeze_20260911\01_FROZEN_INPUT\06_覆盖审计.csv,copy,70176,c75572bdc787efe858540c750ab8be7414783800ebbfd2c490b20a90a426f62b,formal_input,canonical coverage audit,,
PDCH/实验\outputs\pdch_all_models_all_conditions_v3_missing9_20260802\PDCH_PHQ_HAMD_所有模型所有条件完整汇总_V3_缺失值9_20260802.xlsx,freeze_20260911\00_RAW_LINEAGE\AI24_V3_all_conditions_missing9.xlsx,copy,31327878,91da700436d265793a7344d6681d79bed25464ab9d01b9f88ed46296db746965,historical_ai24,AI24 V3 combined workbook,,
PDCH/实验\outputs\pdch_all_models_all_conditions_v3_missing9_20260802\PDCH_C01-C16_逐维度全部输出字段_V3_缺失值9_20260802.xlsx,freeze_20260911\00_RAW_LINEAGE\AI24_V3_C01-C16_missing9.xlsx,copy,16068990,2f78d31e3405ca2dbd75e6dba2b7326378ea08266f0ff1ffc84e6122c1617af3,historical_ai24,AI24 V3 item/grade workbook,,
PDCH/实验\outputs\pdch_all_models_all_conditions_v3_missing9_20260802\PDCH_C17-C24_探索性事件全部输出字段_V3_缺失值9_20260802.xlsx,freeze_20260911\00_RAW_LINEAGE\AI24_V3_C17-C24_missing9.xlsx,copy,20070355,7fea59703ed9f477c39d3f0874db4c7f6a30dd9186e481c61aace41b7992340a,historical_ai24,AI24 V3 event workbook,,
DAIC-WOZ\processed_research\conditions_long.csv,freeze_20260911\00_RAW_LINEAGE\DAIC_processed\conditions_long.csv,copy,5193690,08f97add23142b27d9219777447257ec491070915b4789f92060dafd828f6817,raw_or_processed_source,DAIC processed condition layer,,
DAIC-WOZ\processed_research\turns.csv,freeze_20260911\00_RAW_LINEAGE\DAIC_processed\turns.csv,copy,5178069,ae984a5bf85ca8836606f04a58e8c6a3b3ed7d60e44452ebb3d5250670b06a20,raw_or_processed_source,DAIC processed turns,,
DAIC-WOZ\processed_research\question_answer_pairs.csv,freeze_20260911\00_RAW_LINEAGE\DAIC_processed\question_answer_pairs.csv,copy,2265259,a6ae6731d9d446745980536ea211f27823b9ba3aee2a915bac5fed282f23ead1,raw_or_processed_source,DAIC processed question-answer pairs,,
DAIC-WOZ\processed_research\participant_index.csv,freeze_20260911\00_RAW_LINEAGE\DAIC_processed\participant_index.csv,copy,25482,098ccf3a9b9c48e60a352c47b4b9593a8c82de533d86eb8deb8efc00abe149f5,raw_or_processed_source,DAIC participant index,,
DAIC-WOZ\processed_research\split.csv,freeze_20260911\00_RAW_LINEAGE\DAIC_processed\split.csv,copy,2012,496365fb531e999f908df513f8c4af66f3c48d88dad8e430fc67783efa31b256,raw_or_processed_source,DAIC participant split,,
DAIC-WOZ\processed_research\labels_prepared.csv,freeze_20260911\00_RAW_LINEAGE\DAIC_processed\labels_prepared.csv,copy,2182,1a17bed2320433ae5ae5dbe19099eb3f7b4accacadf227b007299381f085a626,raw_or_processed_source,DAIC prepared labels,,
PDCH\PDCH\clinical_data_cleaned.xlsx,freeze_20260911\00_RAW_LINEAGE\PDCH_raw\clinical_data_cleaned.xlsx,copy,13079,cdd7195630f9db62b5bfd6ca76945e77753186b5f27557b383f92aad7ccf9709,raw_or_processed_source,PDCH early raw clinical transcript,,
PDCH\PDCH\PDCH整理结果.xlsx,freeze_20260911\00_RAW_LINEAGE\PDCH_raw\PDCH整理结果.xlsx,copy,1907731,5009dac2d14de9715e718cd02b6e4715a729a2e61273ae1f304c403c1d37b14f,raw_or_processed_source,PDCH early transcript,,
PDCH\PDCH\DAIC_PHQ8_完整标注报表.xlsx,freeze_20260911\00_RAW_LINEAGE\PDCH_raw\DAIC_PHQ8_完整标注报表.xlsx,copy,2402469,02f0efcff1ff1f5c37953a856747e5f8279a081af2cc63cb73daea06e3818955,raw_or_processed_source,early PHQ annotation workbook,,
DAIC-WOZ\AI_HANDOFF_20260819_v2.zip,freeze_20260911\07_DAIC_WOZ_BRANCH\AI_HANDOFF_20260819_v2.zip,copy,119904,98fc82e94494edb1890310b78a54921d44be2a3509ccdff84f44dd66ded09617,separate_daic_branch,DAIC-WOZ branch copied separately from PDCH HAMD/PHQ item-scoring mainline,,
DAIC-WOZ\DAIC_BRANCH_BOUNDARY.md,freeze_20260911\07_DAIC_WOZ_BRANCH\DAIC_BRANCH_BOUNDARY.md,copy,1015,0ba34ea98bd84247185182b419abb0008e76b05680ff03b21ecdd0b54d337a90,separate_daic_branch,DAIC-WOZ branch copied separately from PDCH HAMD/PHQ item-scoring mainline,,
DAIC-WOZ\DAIC_BRANCH_RESULT_CATALOG.csv,freeze_20260911\07_DAIC_WOZ_BRANCH\DAIC_BRANCH_RESULT_CATALOG.csv,copy,2435,8bd28ef3a537352a6a84223217a13e7a5a58e87129b4d14f05e543fcb730ddb1,separate_daic_branch,DAIC-WOZ branch copied separately from PDCH HAMD/PHQ item-scoring mainline,,
DAIC-WOZ\AI_HANDOFF_20260819\00_READ_FIRST.md,freeze_20260911\07_DAIC_WOZ_BRANCH\AI_HANDOFF_20260819\00_READ_FIRST.md,copy,3761,bec71beb44a3b085fedc28258a548ce8e994c7bed3cc8aed11d830ad03c1df8a,separate_daic_branch,DAIC-WOZ branch copied separately from PDCH HAMD/PHQ item-scoring mainline,,
DAIC-WOZ\AI_HANDOFF_20260819\01_SCOPE_AND_PROVENANCE.md,freeze_20260911\07_DAIC_WOZ_BRANCH\AI_HANDOFF_20260819\01_SCOPE_AND_PROVENANCE.md,copy,4368,2276e8b3b671277590543fc0f665e321e9f964d5d1028cacb7448efbd9bf4886,separate_daic_branch,DAIC-WOZ branch copied separately from PDCH HAMD/PHQ item-scoring mainline,,
DAIC-WOZ\AI_HANDOFF_20260819\02_ANALYSIS_CATALOG.md,freeze_20260911\07_DAIC_WOZ_BRANCH\AI_HANDOFF_20260819\02_ANALYSIS_CATALOG.md,copy,11275,d2973d181ae4f563e7dd9455e526bbab3dad48c089d6c82151d480a5ff732131,separate_daic_branch,DAIC-WOZ branch copied separately from PDCH HAMD/PHQ item-scoring mainline,,
DAIC-WOZ\AI_HANDOFF_20260819\03_CLAIM_AND_SCOPE_GUARDRAILS.md,freeze_20260911\07_DAIC_WOZ_BRANCH\AI_HANDOFF_20260819\03_CLAIM_AND_SCOPE_GUARDRAILS.md,copy,4477,0030f264c3be48ecbcfcdb2ff2a565e17a5b0ce82b8e6b9d94c029f716a9740d,separate_daic_branch,DAIC-WOZ branch copied separately from PDCH HAMD/PHQ item-scoring mainline,,
DAIC-WOZ\AI_HANDOFF_20260819\04_HANDOFF_PROTOCOL.md,freeze_20260911\07_DAIC_WOZ_BRANCH\AI_HANDOFF_20260819\04_HANDOFF_PROTOCOL.md,copy,3132,32ea7825f040ab5716de3846222189ec9c7722954ea91ae572b1d31a28ef4e75,separate_daic_branch,DAIC-WOZ branch copied separately from PDCH HAMD/PHQ item-scoring mainline,,
DAIC-WOZ\AI_HANDOFF_20260819\05_EXCLUDED_AND_PENDING.md,freeze_20260911\07_DAIC_WOZ_BRANCH\AI_HANDOFF_20260819\05_EXCLUDED_AND_PENDING.md,copy,3193,b53911adc5e624ac79ec277bea763b2376680d927794feb51c3128d15a85b61e,separate_daic_branch,DAIC-WOZ branch copied separately from PDCH HAMD/PHQ item-scoring mainline,,
DAIC-WOZ\AI_HANDOFF_20260819\06_GRAPHIFY_STATUS.md,freeze_20260911\07_DAIC_WOZ_BRANCH\AI_HANDOFF_20260819\06_GRAPHIFY_STATUS.md,copy,1109,6dd7cf730237150570d5d06829913d840cd52763708a6e6f5943aae31219dfd1,separate_daic_branch,DAIC-WOZ branch copied separately from PDCH HAMD/PHQ item-scoring mainline,,
DAIC-WOZ\AI_HANDOFF_20260819\07_RESULT_SUMMARY_FOR_AI.md,freeze_20260911\07_DAIC_WOZ_BRANCH\AI_HANDOFF_20260819\07_RESULT_SUMMARY_FOR_AI.md,copy,5727,38281dde4e7d63a4e3095166a1e4ae540f92f9153c3fe0408ae4c127d47e2c39,separate_daic_branch,DAIC-WOZ branch copied separately from PDCH HAMD/PHQ item-scoring mainline,,
DAIC-WOZ\AI_HANDOFF_20260819\BUILD_MANIFESTS.ps1,freeze_20260911\07_DAIC_WOZ_BRANCH\AI_HANDOFF_20260819\BUILD_MANIFESTS.ps1,copy,13117,a2d060ea92e367305df7b6fe5aa21bd6e8d31a5614a8f128dbf968801e1595bd,separate_daic_branch,DAIC-WOZ branch copied separately from PDCH HAMD/PHQ item-scoring mainline,,
DAIC-WOZ\AI_HANDOFF_20260819\manifests\package_file_manifest.csv,freeze_20260911\07_DAIC_WOZ_BRANCH\AI_HANDOFF_20260819\manifests\package_file_manifest.csv,copy,7778,3021843d234eebd5d47bbf3a2a6133a6b78c45533717895bf7b01427a705910b,separate_daic_branch,DAIC-WOZ branch copied separately from PDCH HAMD/PHQ item-scoring mainline,,
DAIC-WOZ\AI_HANDOFF_20260819\manifests\package_snapshot.json,freeze_20260911\07_DAIC_WOZ_BRANCH\AI_HANDOFF_20260819\manifests\package_snapshot.json,copy,576,e48e1e7b768d1e696a29f838d4cf8bbb88456b982e2d21db5d4ef8958954fcc2,separate_daic_branch,DAIC-WOZ branch copied separately from PDCH HAMD/PHQ item-scoring mainline,,
DAIC-WOZ\AI_HANDOFF_20260819\manifests\source_directory_manifest.csv,freeze_20260911\07_DAIC_WOZ_BRANCH\AI_HANDOFF_20260819\manifests\source_directory_manifest.csv,copy,795,5b81ffd0bf503e22cf03e30e9840a20886bc23efa86e3bc0cfdd2ed1e9f2abf5,separate_daic_branch,DAIC-WOZ branch copied separately from PDCH HAMD/PHQ item-scoring mainline,,
DAIC-WOZ\AI_HANDOFF_20260819\manifests\source_reference_manifest.csv,freeze_20260911\07_DAIC_WOZ_BRANCH\AI_HANDOFF_20260819\manifests\source_reference_manifest.csv,copy,13336,c28dabc2ea80d161b47137dd2d8c54cb0dcf89713d95209f50424322e47b407a,separate_daic_branch,DAIC-WOZ branch copied separately from PDCH HAMD/PHQ item-scoring mainline,,
DAIC-WOZ\AI_HANDOFF_20260819\refs\branch_only\aida_structured_feature_pilot_quality_gate.json,freeze_20260911\07_DAIC_WOZ_BRANCH\AI_HANDOFF_20260819\refs\branch_only\aida_structured_feature_pilot_quality_gate.json,copy,520,96443a27869f500f43daffed4b4f783500c820ec4efa6ccd6711b906b9b101b0,separate_daic_branch,DAIC-WOZ branch copied separately from PDCH HAMD/PHQ item-scoring mainline,,
DAIC-WOZ\AI_HANDOFF_20260819\refs\branch_only\aida_structured_feature_pilot_README.md,freeze_20260911\07_DAIC_WOZ_BRANCH\AI_HANDOFF_20260819\refs\branch_only\aida_structured_feature_pilot_README.md,copy,1057,201465f589c4dd7249a8ac95c2890b1f37f3bf0ae02bc81667fe229bb8daeeac,separate_daic_branch,DAIC-WOZ branch copied separately from PDCH HAMD/PHQ item-scoring mainline,,
DAIC-WOZ\AI_HANDOFF_20260819\refs\branch_only\aida_structured_feature_pilot_row_order_linkage_audit.json,freeze_20260911\07_DAIC_WOZ_BRANCH\AI_HANDOFF_20260819\refs\branch_only\aida_structured_feature_pilot_row_order_linkage_audit.json,copy,8265,b86d5d39fe73fccc297a106a2876f0b88abdc13b7f70d816afb8c8199286160c,separate_daic_branch,DAIC-WOZ branch copied separately from PDCH HAMD/PHQ item-scoring mainline,,
DAIC-WOZ\AI_HANDOFF_20260819\refs\branch_only\c2_liwc_pilot_baseline_quality_gate.json,freeze_20260911\07_DAIC_WOZ_BRANCH\AI_HANDOFF_20260819\refs\branch_only\c2_liwc_pilot_baseline_quality_gate.json,copy,695,4ad718a585dc71d98d3166c30030da79b44fac2dae7b3f9be4175a7e84f3eae3,separate_daic_branch,DAIC-WOZ branch copied separately from PDCH HAMD/PHQ item-scoring mainline,,
DAIC-WOZ\AI_HANDOFF_20260819\refs\branch_only\c2_liwc_pilot_coverage_audit.json,freeze_20260911\07_DAIC_WOZ_BRANCH\AI_HANDOFF_20260819\refs\branch_only\c2_liwc_pilot_coverage_audit.json,copy,3833,5a77e28b994a5aecd63e99924c38c529f894aff3721ea15a38c57a8a7c4a4619,separate_daic_branch,DAIC-WOZ branch copied separately from PDCH HAMD/PHQ item-scoring mainline,,
DAIC-WOZ\AI_HANDOFF_20260819\refs\branch_only\c2_liwc_pilot_model_comparison.csv,freeze_20260911\07_DAIC_WOZ_BRANCH\AI_HANDOFF_20260819\refs\branch_only\c2_liwc_pilot_model_comparison.csv,copy,2195,6ca383df6a2ef0208ce85e37e82169d0b29caf92b8edf04e56d7910e1a70685a,separate_daic_branch,DAIC-WOZ branch copied separately from PDCH HAMD/PHQ item-scoring mainline,,
DAIC-WOZ\AI_HANDOFF_20260819\refs\branch_only\c2_liwc_pilot_README.md,freeze_20260911\07_DAIC_WOZ_BRANCH\AI_HANDOFF_20260819\refs\branch_only\c2_liwc_pilot_README.md,copy,990,02c4db3f0cce85e4549190bb754ccfa0bb7929aade7e456e55dbaa0710eb801f,separate_daic_branch,DAIC-WOZ branch copied separately from PDCH HAMD/PHQ item-scoring mainline,,
DAIC-WOZ\AI_HANDOFF_20260819\refs\branch_only\five_condition_model_robustness_go_no_go.md,freeze_20260911\07_DAIC_WOZ_BRANCH\AI_HANDOFF_20260819\refs\branch_only\five_condition_model_robustness_go_no_go.md,copy,1516,013b0263abcaafe5b7fe49870bf379bc9ff2250b1954d7cff1c8ab6e5a877b7a,separate_daic_branch,DAIC-WOZ branch copied separately from PDCH HAMD/PHQ item-scoring mainline,,
DAIC-WOZ\AI_HANDOFF_20260819\refs\branch_only\five_condition_model_robustness_README.md,freeze_20260911\07_DAIC_WOZ_BRANCH\AI_HANDOFF_20260819\refs\branch_only\five_condition_model_robustness_README.md,copy,837,25c89a39f987026312a9fc2e93c53ea18b9a38ffa995554f778093ed5c5d4ba9,separate_daic_branch,DAIC-WOZ branch copied separately from PDCH HAMD/PHQ item-scoring mainline,,
DAIC-WOZ\AI_HANDOFF_20260819\refs\branch_only\five_condition_sampling_sensitivity_go_no_go.md,freeze_20260911\07_DAIC_WOZ_BRANCH\AI_HANDOFF_20260819\refs\branch_only\five_condition_sampling_sensitivity_go_no_go.md,copy,499,349f6a078cac2414543df2a4007c0dd6cc839f62fcde8bc704649bcb1891f660,separate_daic_branch,DAIC-WOZ branch copied separately from PDCH HAMD/PHQ item-scoring mainline,,
DAIC-WOZ\AI_HANDOFF_20260819\refs\branch_only\five_condition_sampling_sensitivity_README.md,freeze_20260911\07_DAIC_WOZ_BRANCH\AI_HANDOFF_20260819\refs\branch_only\five_condition_sampling_sensitivity_README.md,copy,865,1eaa86483e6e29c8052726c8d0808dffc3592ec00b5b12aabe6924640bf57377,separate_daic_branch,DAIC-WOZ branch copied separately from PDCH HAMD/PHQ item-scoring mainline,,
DAIC-WOZ\AI_HANDOFF_20260819\refs\branch_only\participant_sampling_diagnostics_README.md,freeze_20260911\07_DAIC_WOZ_BRANCH\AI_HANDOFF_20260819\refs\branch_only\participant_sampling_diagnostics_README.md,copy,1102,0f304c8145446a016ab2ee7595bde6d8c070f260bff6dd7605ec22d89f5b5083,separate_daic_branch,DAIC-WOZ branch copied separately from PDCH HAMD/PHQ item-scoring mainline,,
DAIC-WOZ\AI_HANDOFF_20260819\refs\conditional_explanation\analysis_freeze_manifest.json,freeze_20260911\07_DAIC_WOZ_BRANCH\AI_HANDOFF_20260819\refs\conditional_explanation\analysis_freeze_manifest.json,copy,6913,d0b8b18a504d4e8477f3a0efcc77a8150e8bb574e7089a7c35ae4943e2205837,separate_daic_branch,DAIC-WOZ branch copied separately from PDCH HAMD/PHQ item-scoring mainline,,
DAIC-WOZ\AI_HANDOFF_20260819\refs\conditional_explanation\claim_evidence_map.csv,freeze_20260911\07_DAIC_WOZ_BRANCH\AI_HANDOFF_20260819\refs\conditional_explanation\claim_evidence_map.csv,copy,3738,844df0282dd2aea85025b7a4ed05661fc24127ea0799868b968e3e018f591b90,separate_daic_branch,DAIC-WOZ branch copied separately from PDCH HAMD/PHQ item-scoring mainline,,
DAIC-WOZ\AI_HANDOFF_20260819\refs\conditional_explanation\conditional_increment_README.md,freeze_20260911\07_DAIC_WOZ_BRANCH\AI_HANDOFF_20260819\refs\conditional_explanation\conditional_increment_README.md,copy,1232,a961e593f9eb350326517ac0da862402c0f241134d2405618522b9009a01cdf3,separate_daic_branch,DAIC-WOZ branch copied separately from PDCH HAMD/PHQ item-scoring mainline,,
DAIC-WOZ\AI_HANDOFF_20260819\refs\conditional_explanation\core_result_freeze.csv,freeze_20260911\07_DAIC_WOZ_BRANCH\AI_HANDOFF_20260819\refs\conditional_explanation\core_result_freeze.csv,copy,13824,6f3129c58eb60076f4255555b964ddd18e8c2e980e7a85af73fe6b57e76daba6,separate_daic_branch,DAIC-WOZ branch copied separately from PDCH HAMD/PHQ item-scoring mainline,,
DAIC-WOZ\AI_HANDOFF_20260819\refs\conditional_explanation\core_result_freeze.md,freeze_20260911\07_DAIC_WOZ_BRANCH\AI_HANDOFF_20260819\refs\conditional_explanation\core_result_freeze.md,copy,6829,c210b558646a193ea1807a0d4b721e1bd7561724309da4dd3767d52473ddc087,separate_daic_branch,DAIC-WOZ branch copied separately from PDCH HAMD/PHQ item-scoring mainline,,
DAIC-WOZ\AI_HANDOFF_20260819\refs\conditional_explanation\manuscript_freeze_README.md,freeze_20260911\07_DAIC_WOZ_BRANCH\AI_HANDOFF_20260819\refs\conditional_explanation\manuscript_freeze_README.md,copy,1731,b0eb54a4424c21b578fc6c7d5b75c8ad721bf80b7be3b77fb68c9fca22c71512,separate_daic_branch,DAIC-WOZ branch copied separately from PDCH HAMD/PHQ item-scoring mainline,,
DAIC-WOZ\AI_HANDOFF_20260819\refs\conditional_explanation\manuscript_qc_report.md,freeze_20260911\07_DAIC_WOZ_BRANCH\AI_HANDOFF_20260819\refs\conditional_explanation\manuscript_qc_report.md,copy,3581,aa530e1c6ce6ed3049b1eb159a1e297793dac93da53f3db51e56a8c80d036bf2,separate_daic_branch,DAIC-WOZ branch copied separately from PDCH HAMD/PHQ item-scoring mainline,,
DAIC-WOZ\AI_HANDOFF_20260819\refs\current_packages\Chinese_ABCD_README.md,freeze_20260911\07_DAIC_WOZ_BRANCH\AI_HANDOFF_20260819\refs\current_packages\Chinese_ABCD_README.md,copy,1469,ffc30869de946cd4d0501e9b58527db733ca87b44b093402dc99c9097544292b,separate_daic_branch,DAIC-WOZ branch copied separately from PDCH HAMD/PHQ item-scoring mainline,,
DAIC-WOZ\AI_HANDOFF_20260819\refs\current_packages\Chinese_results_README.md,freeze_20260911\07_DAIC_WOZ_BRANCH\AI_HANDOFF_20260819\refs\current_packages\Chinese_results_README.md,copy,2730,b1922aaf11ae1e2df3af593a24cf3c4db8c6bf6e1e028b26e452c17f7bab7c78,separate_daic_branch,DAIC-WOZ branch copied separately from PDCH HAMD/PHQ item-scoring mainline,,
DAIC-WOZ\AI_HANDOFF_20260819\refs\current_packages\CONDITIONS_LONG_VERSION_GUIDE.md,freeze_20260911\07_DAIC_WOZ_BRANCH\AI_HANDOFF_20260819\refs\current_packages\CONDITIONS_LONG_VERSION_GUIDE.md,copy,3024,bb6eee95370e2ed010dfd21b09fb94e5ea19a1bb02b21330be07c4e1d2387394,separate_daic_branch,DAIC-WOZ branch copied separately from PDCH HAMD/PHQ item-scoring mainline,,
DAIC-WOZ\AI_HANDOFF_20260819\refs\current_packages\DAIC_v26_file_map.md,freeze_20260911\07_DAIC_WOZ_BRANCH\AI_HANDOFF_20260819\refs\current_packages\DAIC_v26_file_map.md,copy,24025,b70391a96325bf6935d756d02b730b9affea1c52faf88b7300a4f03592af03fe,separate_daic_branch,DAIC-WOZ branch copied separately from PDCH HAMD/PHQ item-scoring mainline,,
DAIC-WOZ\AI_HANDOFF_20260819\refs\current_packages\DAIC_v26_package_summary.txt,freeze_20260911\07_DAIC_WOZ_BRANCH\AI_HANDOFF_20260819\refs\current_packages\DAIC_v26_package_summary.txt,copy,712,4f7cb2898bb5dc019b96cb82a8face483f536a6c24c8f37cf12a9a0fc86de993,separate_daic_branch,DAIC-WOZ branch copied separately from PDCH HAMD/PHQ item-scoring mainline,,
DAIC-WOZ\AI_HANDOFF_20260819\refs\current_packages\verified_package_README_START_HERE.md,freeze_20260911\07_DAIC_WOZ_BRANCH\AI_HANDOFF_20260819\refs\current_packages\verified_package_README_START_HERE.md,copy,3851,a3736e00ce7af448148f0d520c158b759a7d105cd577783786ec0e36e73cf60b,separate_daic_branch,DAIC-WOZ branch copied separately from PDCH HAMD/PHQ item-scoring mainline,,
DAIC-WOZ\AI_HANDOFF_20260819\refs\submission_audit\analysis_v2_README.md,freeze_20260911\07_DAIC_WOZ_BRANCH\AI_HANDOFF_20260819\refs\submission_audit\analysis_v2_README.md,copy,5457,f1341af17896bc4f3065256068a33d150f714f059b6d2800c9c4090a6ba81480,separate_daic_branch,DAIC-WOZ branch copied separately from PDCH HAMD/PHQ item-scoring mainline,,
DAIC-WOZ\AI_HANDOFF_20260819\refs\submission_audit\bridge_interpretation_README.md,freeze_20260911\07_DAIC_WOZ_BRANCH\AI_HANDOFF_20260819\refs\submission_audit\bridge_interpretation_README.md,copy,7342,8df1cb96036b804ebd86fb9dd891e9dea46b256d36fc45793aeab57112366ea9,separate_daic_branch,DAIC-WOZ branch copied separately from PDCH HAMD/PHQ item-scoring mainline,,
DAIC-WOZ\AI_HANDOFF_20260819\refs\submission_audit\c5_traceability_summary.md,freeze_20260911\07_DAIC_WOZ_BRANCH\AI_HANDOFF_20260819\refs\submission_audit\c5_traceability_summary.md,copy,1328,e95ca940d87d2b3cb39e5e09ecdde91e277612a3d2fc4da01880b96abf7a0bbe,separate_daic_branch,DAIC-WOZ branch copied separately from PDCH HAMD/PHQ item-scoring mainline,,
DAIC-WOZ\AI_HANDOFF_20260819\refs\submission_audit\claim_evidence_matrix.md,freeze_20260911\07_DAIC_WOZ_BRANCH\AI_HANDOFF_20260819\refs\submission_audit\claim_evidence_matrix.md,copy,5669,e4b3465d057c70f4cbd9c56a2df25eeae508bf23c29109993567b5392de9e952,separate_daic_branch,DAIC-WOZ branch copied separately from PDCH HAMD/PHQ item-scoring mainline,,
DAIC-WOZ\AI_HANDOFF_20260819\refs\submission_audit\FINAL_AUDIT_REPORT.md,freeze_20260911\07_DAIC_WOZ_BRANCH\AI_HANDOFF_20260819\refs\submission_audit\FINAL_AUDIT_REPORT.md,copy,4381,1f8de8a10fe3f0c28421778ee4a7a0a432ecc19ba75799e84ffa738aee170f81,separate_daic_branch,DAIC-WOZ branch copied separately from PDCH HAMD/PHQ item-scoring mainline,,
DAIC-WOZ\AI_HANDOFF_20260819\refs\submission_audit\frozen_data_summary.md,freeze_20260911\07_DAIC_WOZ_BRANCH\AI_HANDOFF_20260819\refs\submission_audit\frozen_data_summary.md,copy,17190,87ab77e08621d3e6995052e6daaf2ff8549bedfb62b8d95dcd3a939ca19d009d,separate_daic_branch,DAIC-WOZ branch copied separately from PDCH HAMD/PHQ item-scoring mainline,,
DAIC-WOZ\AI_HANDOFF_20260819\refs\submission_audit\model_configuration.md,freeze_20260911\07_DAIC_WOZ_BRANCH\AI_HANDOFF_20260819\refs\submission_audit\model_configuration.md,copy,1599,b945ece80481f4ee71439484aa3cefb34b0ce0334b89dbaaf6b84bef74382769,separate_daic_branch,DAIC-WOZ branch copied separately from PDCH HAMD/PHQ item-scoring mainline,,
DAIC-WOZ\AI_HANDOFF_20260819\refs\submission_audit\output_manifest_sha256.csv,freeze_20260911\07_DAIC_WOZ_BRANCH\AI_HANDOFF_20260819\refs\submission_audit\output_manifest_sha256.csv,copy,7316,ada95f778ad6bc69360fdca08aa9d766e7940a84a8bfe0ce2a3c0d5d62bfe9e4,separate_daic_branch,DAIC-WOZ branch copied separately from PDCH HAMD/PHQ item-scoring mainline,,
DAIC-WOZ\AI_HANDOFF_20260819\refs\submission_audit\parameter_rationale_and_provenance.md,freeze_20260911\07_DAIC_WOZ_BRANCH\AI_HANDOFF_20260819\refs\submission_audit\parameter_rationale_and_provenance.md,copy,28970,ea73dbb2cc7742ae64eba6f5cb037ec341e5a991bb6c478584a06aacc9c2896e,separate_daic_branch,DAIC-WOZ branch copied separately from PDCH HAMD/PHQ item-scoring mainline,,
DAIC-WOZ\AI_HANDOFF_20260819\refs\submission_audit\recomputation_verification.json,freeze_20260911\07_DAIC_WOZ_BRANCH\AI_HANDOFF_20260819\refs\submission_audit\recomputation_verification.json,copy,11816,ca8bded0644695d653c7c7800a31bebcafb6e352d49a91f9bcd5570f32075226,separate_daic_branch,DAIC-WOZ branch copied separately from PDCH HAMD/PHQ item-scoring mainline,,
DAIC-WOZ\AI_HANDOFF_20260819\refs\submission_audit\run_manifest.json,freeze_20260911\07_DAIC_WOZ_BRANCH\AI_HANDOFF_20260819\refs\submission_audit\run_manifest.json,copy,5536,d028dd636281c1279f9badbf81d7dce2d6646e61e5396fa846a0c38dc42f7ae6,separate_daic_branch,DAIC-WOZ branch copied separately from PDCH HAMD/PHQ item-scoring mainline,,
DAIC-WOZ\AI_HANDOFF_20260819\refs\submission_audit\signal_mechanism_interpretation.md,freeze_20260911\07_DAIC_WOZ_BRANCH\AI_HANDOFF_20260819\refs\submission_audit\signal_mechanism_interpretation.md,copy,6281,370183fc5ad3cca0981db2bd7016aad1e34b8679cb027a631cec8e94e2f8e155,separate_daic_branch,DAIC-WOZ branch copied separately from PDCH HAMD/PHQ item-scoring mainline,,
DAIC-WOZ\AI_HANDOFF_20260819\refs\submission_audit\source_importance_README.md,freeze_20260911\07_DAIC_WOZ_BRANCH\AI_HANDOFF_20260819\refs\submission_audit\source_importance_README.md,copy,2502,d6ee221c5313c32fb15f970adb70fcd41fe182bcf9970c0fa2280895f53ab9bd,separate_daic_branch,DAIC-WOZ branch copied separately from PDCH HAMD/PHQ item-scoring mainline,,
DAIC-WOZ\AI_HANDOFF_20260819\refs\submission_audit\submission_audit_summary.md,freeze_20260911\07_DAIC_WOZ_BRANCH\AI_HANDOFF_20260819\refs\submission_audit\submission_audit_summary.md,copy,6360,548097c10d1506b5667ffb7b552600daa201ca95b24e26b7dd95fed7c6a6b336,separate_daic_branch,DAIC-WOZ branch copied separately from PDCH HAMD/PHQ item-scoring mainline,,
PDCH/实验\outputs\pdch_phq189_cross_ai_heterogeneity_20260909\PHQ_189_outer_folds.csv,freeze_20260911\03_FROZEN_CROSS_AI\PHQ189_CROSS_AI_HETEROGENEITY_20260909\PHQ_189_outer_folds.csv,copy_existing_verified,17037,12c219dfe3b6d31983f4f0acf5304ed2dee788aa9ee29fea48dd0a1edc5354d4,exploratory_complete,complete verified Cross-AI item-specific OOF run; pdch_phq189_cross_ai_heterogeneity_20260909,,
PDCH/实验\outputs\pdch_phq189_cross_ai_heterogeneity_20260909\PHQ_CROSS_AI_comparisons.csv,freeze_20260911\03_FROZEN_CROSS_AI\PHQ189_CROSS_AI_HETEROGENEITY_20260909\PHQ_CROSS_AI_comparisons.csv,copy_existing_verified,2790,c2b64c8232ca9669cb18842ef68c0c65a62debdf69fdb7cc99c18ab6e4557b8b,exploratory_complete,complete verified Cross-AI item-specific OOF run; pdch_phq189_cross_ai_heterogeneity_20260909,,
PDCH/实验\outputs\pdch_phq189_cross_ai_heterogeneity_20260909\PHQ_CROSS_AI_final_development_routes.csv,freeze_20260911\03_FROZEN_CROSS_AI\PHQ189_CROSS_AI_HETEROGENEITY_20260909\PHQ_CROSS_AI_final_development_routes.csv,copy_existing_verified,1183,7dda541293d30f72311da0e964511448a61b4ede207045391e472a4494f90b66,exploratory_complete,complete verified Cross-AI item-specific OOF run; pdch_phq189_cross_ai_heterogeneity_20260909,,
PDCH/实验\outputs\pdch_phq189_cross_ai_heterogeneity_20260909\PHQ_CROSS_AI_inner_candidate_metrics.csv,freeze_20260911\03_FROZEN_CROSS_AI\PHQ189_CROSS_AI_HETEROGENEITY_20260909\PHQ_CROSS_AI_inner_candidate_metrics.csv,copy_existing_verified,1017138,82dd0f1e97853900e51a8cc30b9cf9c16e492969a989c7b46bc08455adb5c02d,exploratory_complete,complete verified Cross-AI item-specific OOF run; pdch_phq189_cross_ai_heterogeneity_20260909,,
PDCH/实验\outputs\pdch_phq189_cross_ai_heterogeneity_20260909\PHQ_CROSS_AI_item_performance.csv,freeze_20260911\03_FROZEN_CROSS_AI\PHQ189_CROSS_AI_HETEROGENEITY_20260909\PHQ_CROSS_AI_item_performance.csv,copy_existing_verified,4500,00000b1044e0ec76cf84a7cf650763618204f4645e7589265464d00bbcbf4076,exploratory_complete,complete verified Cross-AI item-specific OOF run; pdch_phq189_cross_ai_heterogeneity_20260909,,
PDCH/实验\outputs\pdch_phq189_cross_ai_heterogeneity_20260909\PHQ_CROSS_AI_oof_predictions.csv,freeze_20260911\03_FROZEN_CROSS_AI\PHQ189_CROSS_AI_HETEROGENEITY_20260909\PHQ_CROSS_AI_oof_predictions.csv,copy_existing_verified,6757439,508ea9ca09bce0edf2ad359cb90e4ec9accd569132367f87bc39ae1d69d7c3ed,exploratory_complete,complete verified Cross-AI item-specific OOF run; pdch_phq189_cross_ai_heterogeneity_20260909,,
PDCH/实验\outputs\pdch_phq189_cross_ai_heterogeneity_20260909\PHQ_CROSS_AI_outer_routes.csv,freeze_20260911\03_FROZEN_CROSS_AI\PHQ189_CROSS_AI_HETEROGENEITY_20260909\PHQ_CROSS_AI_outer_routes.csv,copy_existing_verified,186622,588d45907891453a3f67698092165a469efd39cd062476376335154e71be9573,exploratory_complete,complete verified Cross-AI item-specific OOF run; pdch_phq189_cross_ai_heterogeneity_20260909,,
PDCH/实验\outputs\pdch_phq189_cross_ai_heterogeneity_20260909\PHQ_CROSS_AI_performance.csv,freeze_20260911\03_FROZEN_CROSS_AI\PHQ189_CROSS_AI_HETEROGENEITY_20260909\PHQ_CROSS_AI_performance.csv,copy_existing_verified,1328,54f20d53c3763618b1f104cb9b3c5d8dcdd9c7c113d83ca10691b0bd713a1c5a,exploratory_complete,complete verified Cross-AI item-specific OOF run; pdch_phq189_cross_ai_heterogeneity_20260909,,
PDCH/实验\outputs\pdch_phq189_cross_ai_heterogeneity_20260909\PHQ_CROSS_AI_RESULTS.md,freeze_20260911\03_FROZEN_CROSS_AI\PHQ189_CROSS_AI_HETEROGENEITY_20260909\PHQ_CROSS_AI_RESULTS.md,copy_existing_verified,1734,a29124f855dc9aaa2c3c6b008f7ce8cfe125419e67b3ec6edfce852b85115999,exploratory_complete,complete verified Cross-AI item-specific OOF run; pdch_phq189_cross_ai_heterogeneity_20260909,,
PDCH/实验\outputs\pdch_phq189_cross_ai_heterogeneity_20260909\PHQ_CROSS_AI_route_stability.csv,freeze_20260911\03_FROZEN_CROSS_AI\PHQ189_CROSS_AI_HETEROGENEITY_20260909\PHQ_CROSS_AI_route_stability.csv,copy_existing_verified,13299,049f32c422f34fb8ff2e7f6106cb4e4daf8512b1df3b51f0e7c308d4d8ef4bcc,exploratory_complete,complete verified Cross-AI item-specific OOF run; pdch_phq189_cross_ai_heterogeneity_20260909,,
PDCH/实验\outputs\pdch_phq189_cross_ai_heterogeneity_20260909\PHQ_CROSS_AI_subject_repeat_metrics.csv,freeze_20260911\03_FROZEN_CROSS_AI\PHQ189_CROSS_AI_HETEROGENEITY_20260909\PHQ_CROSS_AI_subject_repeat_metrics.csv,copy_existing_verified,1046244,517a04d20a4989254f6c42a114ce3fc03da47faf11d87a0c70e0a6a5d7801e6c,exploratory_complete,complete verified Cross-AI item-specific OOF run; pdch_phq189_cross_ai_heterogeneity_20260909,,
PDCH/实验\outputs\pdch_phq189_cross_ai_heterogeneity_20260909\run_manifest.json,freeze_20260911\03_FROZEN_CROSS_AI\PHQ189_CROSS_AI_HETEROGENEITY_20260909\run_manifest.json,copy_existing_verified,2498,160b649f9ffb60218c29d07262367a56430f93dde2792a01fa9cde6a9d35bc02,exploratory_complete,complete verified Cross-AI item-specific OOF run; pdch_phq189_cross_ai_heterogeneity_20260909,,
PDCH/实验\outputs\pdch_phq189_cross_ai_heterogeneity_20260909\verification_checks.csv,freeze_20260911\03_FROZEN_CROSS_AI\PHQ189_CROSS_AI_HETEROGENEITY_20260909\verification_checks.csv,copy_existing_verified,3508,a87b1180950491ee5a1bc700d445b0f41d6414a52657192696ae5ba7d1d6f5d1,exploratory_complete,complete verified Cross-AI item-specific OOF run; pdch_phq189_cross_ai_heterogeneity_20260909,,
PDCH/实验\outputs\pdch_phq189_cross_ai_heterogeneity_20260909\verification_report.json,freeze_20260911\03_FROZEN_CROSS_AI\PHQ189_CROSS_AI_HETEROGENEITY_20260909\verification_report.json,copy_existing_verified,6020,14666f4dfbf33a99511296eb27ba5e7d08e1fa1de6c1d548644450e1830a5aa3,exploratory_complete,complete verified Cross-AI item-specific OOF run; pdch_phq189_cross_ai_heterogeneity_20260909,,
PDCH/实验\outputs\pdch_phq189_cross_ai_heterogeneity_20260909\VERIFICATION_REPORT.md,freeze_20260911\03_FROZEN_CROSS_AI\PHQ189_CROSS_AI_HETEROGENEITY_20260909\VERIFICATION_REPORT.md,copy_existing_verified,7870,1364f27600c7d3f5de27366b67ab9a06b5359a0787a4bed96f60884ce261262d,exploratory_complete,complete verified Cross-AI item-specific OOF run; pdch_phq189_cross_ai_heterogeneity_20260909,,
PDCH/实验\outputs\pdch_hamd99_cross_ai_heterogeneity_20260909\HAMD_99_outer_folds.csv,freeze_20260911\03_FROZEN_CROSS_AI\HAMD99_CROSS_AI_HETEROGENEITY_20260909\HAMD_99_outer_folds.csv,copy_existing_verified,9927,ca2feabcf6f175b8092596427f3645b2f95525ae3b6c29535e05266130bbeddf,exploratory_complete,complete verified Cross-AI item-specific OOF run; pdch_hamd99_cross_ai_heterogeneity_20260909,,
PDCH/实验\outputs\pdch_hamd99_cross_ai_heterogeneity_20260909\HAMD_CROSS_AI_comparisons.csv,freeze_20260911\03_FROZEN_CROSS_AI\HAMD99_CROSS_AI_HETEROGENEITY_20260909\HAMD_CROSS_AI_comparisons.csv,copy_existing_verified,8904,63b6ac76bf7b19780de7abf96ca28baa3ed2d07b0f70d60eaa3a7c5571121ea3,exploratory_complete,complete verified Cross-AI item-specific OOF run; pdch_hamd99_cross_ai_heterogeneity_20260909,,
PDCH/实验\outputs\pdch_hamd99_cross_ai_heterogeneity_20260909\HAMD_CROSS_AI_inner_candidate_metrics.csv,freeze_20260911\03_FROZEN_CROSS_AI\HAMD99_CROSS_AI_HETEROGENEITY_20260909\HAMD_CROSS_AI_inner_candidate_metrics.csv,copy_existing_verified,1980813,dd271b39bd348a4464e7a341766c3596146a7edd5d3c6b6e5a83fb8210042d7e,exploratory_complete,complete verified Cross-AI item-specific OOF run; pdch_hamd99_cross_ai_heterogeneity_20260909,,
PDCH/实验\outputs\pdch_hamd99_cross_ai_heterogeneity_20260909\HAMD_CROSS_AI_item_performance.csv,freeze_20260911\03_FROZEN_CROSS_AI\HAMD99_CROSS_AI_HETEROGENEITY_20260909\HAMD_CROSS_AI_item_performance.csv,copy_existing_verified,29841,4f95cb185d3b156e184478f0666b12aec098dcfc8021db4faa2d5460a76376c1,exploratory_complete,complete verified Cross-AI item-specific OOF run; pdch_hamd99_cross_ai_heterogeneity_20260909,,
PDCH/实验\outputs\pdch_hamd99_cross_ai_heterogeneity_20260909\HAMD_CROSS_AI_oof_predictions.csv,freeze_20260911\03_FROZEN_CROSS_AI\HAMD99_CROSS_AI_HETEROGENEITY_20260909\HAMD_CROSS_AI_oof_predictions.csv,copy_existing_verified,7364245,82353d78531f56661559626dd307fae4fc3430fee5ca174613419176d6ff9971,exploratory_complete,complete verified Cross-AI item-specific OOF run; pdch_hamd99_cross_ai_heterogeneity_20260909,,
PDCH/实验\outputs\pdch_hamd99_cross_ai_heterogeneity_20260909\HAMD_CROSS_AI_outer_routes.csv,freeze_20260911\03_FROZEN_CROSS_AI\HAMD99_CROSS_AI_HETEROGENEITY_20260909\HAMD_CROSS_AI_outer_routes.csv,copy_existing_verified,383043,a62f4ee3c8657e6e3cd357061f3496600693b739c1b65ecf5b67b5448098f7dc,exploratory_complete,complete verified Cross-AI item-specific OOF run; pdch_hamd99_cross_ai_heterogeneity_20260909,,
PDCH/实验\outputs\pdch_hamd99_cross_ai_heterogeneity_20260909\HAMD_CROSS_AI_performance.csv,freeze_20260911\03_FROZEN_CROSS_AI\HAMD99_CROSS_AI_HETEROGENEITY_20260909\HAMD_CROSS_AI_performance.csv,copy_existing_verified,3963,16d27252af3338f174527555f23ad1911778ceaab822afa91d69acc41a55d3d8,exploratory_complete,complete verified Cross-AI item-specific OOF run; pdch_hamd99_cross_ai_heterogeneity_20260909,,
PDCH/实验\outputs\pdch_hamd99_cross_ai_heterogeneity_20260909\HAMD_CROSS_AI_route_stability.csv,freeze_20260911\03_FROZEN_CROSS_AI\HAMD99_CROSS_AI_HETEROGENEITY_20260909\HAMD_CROSS_AI_route_stability.csv,copy_existing_verified,23236,fae8fdded38f21257e5d7885c0da7e218eaafe86ad1a1bd19d674c04289f5e8e,exploratory_complete,complete verified Cross-AI item-specific OOF run; pdch_hamd99_cross_ai_heterogeneity_20260909,,
PDCH/实验\outputs\pdch_hamd99_cross_ai_heterogeneity_20260909\HAMD_CROSS_AI_subject_repeat_metrics.csv,freeze_20260911\03_FROZEN_CROSS_AI\HAMD99_CROSS_AI_HETEROGENEITY_20260909\HAMD_CROSS_AI_subject_repeat_metrics.csv,copy_existing_verified,788592,78c11be8e4841b2081ae7fab8a42587fc77001d41af614bb471bc3d31ad5fdec,exploratory_complete,complete verified Cross-AI item-specific OOF run; pdch_hamd99_cross_ai_heterogeneity_20260909,,
PDCH/实验\outputs\pdch_hamd99_cross_ai_heterogeneity_20260909\run_manifest.json,freeze_20260911\03_FROZEN_CROSS_AI\HAMD99_CROSS_AI_HETEROGENEITY_20260909\run_manifest.json,copy_existing_verified,2261,9ebe43af1f7388d4216d0400c5e6f6647249d51d45f4555c08cc1019c96f8720,exploratory_complete,complete verified Cross-AI item-specific OOF run; pdch_hamd99_cross_ai_heterogeneity_20260909,,
PDCH/实验\outputs\pdch_hamd99_cross_ai_heterogeneity_20260909\verification_checks.csv,freeze_20260911\03_FROZEN_CROSS_AI\HAMD99_CROSS_AI_HETEROGENEITY_20260909\verification_checks.csv,copy_existing_verified,2948,5aa1e029d71bd138ae5ce3726eac74124440548f2deaaa53ca20889022789da5,exploratory_complete,complete verified Cross-AI item-specific OOF run; pdch_hamd99_cross_ai_heterogeneity_20260909,,
PDCH/实验\outputs\pdch_hamd99_cross_ai_heterogeneity_20260909\verification_report.json,freeze_20260911\03_FROZEN_CROSS_AI\HAMD99_CROSS_AI_HETEROGENEITY_20260909\verification_report.json,copy_existing_verified,5190,267d7d29490b175d9a4c8f833462d2e5d26a155d211ea237d655e14e3d0a0652,exploratory_complete,complete verified Cross-AI item-specific OOF run; pdch_hamd99_cross_ai_heterogeneity_20260909,,
PDCH/实验\outputs\pdch_hamd99_cross_ai_heterogeneity_20260909\VERIFICATION_REPORT.md,freeze_20260911\03_FROZEN_CROSS_AI\HAMD99_CROSS_AI_HETEROGENEITY_20260909\VERIFICATION_REPORT.md,copy_existing_verified,6041,507337130e408c3bdea813cea7ab7ed7a19a61ff4da0a8f05780234a3c272c07,exploratory_complete,complete verified Cross-AI item-specific OOF run; pdch_hamd99_cross_ai_heterogeneity_20260909,,
PDCH/实验\outputs\pdch_heterogeneous_condition_three_strategy_20260827;PDCH/实验\outputs\pdch_heterogeneous_condition_total_20260827;PDCH/实验\outputs\pdch_multifield_analysis_20260805;PDCH/实验\outputs\pdch_deep_patterns_explained_20260804;PDCH/实验\outputs\pdch_plos_structure_and_validity_20260824;PDCH/实验\outputs\pdch_phase1_abstention_triggered_20260806;PDCH/实验\outputs\pdch_teacher_research_evidence_20260828_v4;PDCH/实验\outputs\pdch_teacher_presentation_20260829;PDCH/实验\outputs\pdch_dimension_charts_20260828;PDCH/实验\outputs\pdch_dimension_condition_validation_charts_20260828;PDCH/实验\outputs\pdch_ai_complete_export_20260821;PDCH/实验\outputs\pdch_freeze_20260822;PDCH/实验\outputs\pdch_phq_hamd_teacher_protocol_20260729;PDCH/实验\outputs\pdch_teacher_master_20260730;PDCH/实验\outputs\pdch_phq_hamd_joint_analysis_20260728;PDCH/实验\outputs\pdch_phq_hamd_baseline_focused_20260728;PDCH/实验\outputs\pdch_teacher_actual_analysis_20260730;PDCH/实验\outputs\pdch_24_full_20260701;PDCH/实验\outputs\pdch_three_models_modes_20260725;PDCH/实验\outputs\pdch_three_models_modes_detailed_20260725;PDCH/实验\outputs\pdch_all_subject_score_comparison_20260730;PDCH/实验\outputs\pdch_teacher_item_total_reanalysis_20260811;PDCH/实验\outputs\pdch_teacher_requirements_completed_20260805;PDCH/实验\outputs\pdch_complete_analysis_20260803;PDCH/实验\outputs\pdch_teacher_research_question_order_20260828;PDCH/实验\outputs\pdch_teacher_research_decision_chain_20260828_v2;PDCH/实验\outputs\pdch_statistical_summary_20260821;PDCH/实验\outputs\pdch_hamd99_all_models_modes_20260724;PDCH/实验\outputs\pdch_hamd99_all_models_modes_20260724_rebuilt,freeze_20260911\06_ADDITIONAL_ANALYSES\missing_high_value_analyses.zip,zip,704362158,c35eed710d000b34176e070b78b51175dad384fa91fa7c5fac1356cdf69035f1,historical_and_supporting_evidence,selected key files from 29 previously pointer-only analyses; member index at freeze_20260911\06_ADDITIONAL_ANALYSES\MISSING_ANALYSIS_BUNDLE_INDEX.csv,,
PDCH,freeze_20260911\08_EARLY_PDCH_BRANCH\early_selected_results.zip,zip,100292143,028036c2ed1768b3f09b90274652837b71d2acf2c2932c4d9982ee09f536f649,historical_lineage_only,selected early PDCH workspaces; full inventory and pointer boundary in 08_EARLY_PDCH_BRANCH,2415.0,225362896.0
PDCH/实验\outputs\hamd_phq_multicondition_path_v1\PHQ_06_total_performance.csv;PDCH/实验\outputs\hamd_phq_multicondition_path_v1\HAMD_12_core16_performance.csv;PDCH/实验\outputs\pdch_heterogeneous_condition_three_strategy_20260827\three_strategy_decision_summary.csv,freeze_20260911\02_FROZEN_STAGE2\CROSS_SUBJECT_GENERALIZATION\CROSS_SUBJECT_GENERALIZATION_CHECKS.csv,generated,1551,72e715d7363ad265898651f1d886a6fa0b6539969013b6380b3ed8534b7103c1,formal_primary_derived,teacher-requested cross-subject outer-OOF generalization packaging; no new model calls,,
PDCH/实验\outputs\hamd_phq_multicondition_path_v1\PHQ_06_total_performance.csv;PDCH/实验\outputs\hamd_phq_multicondition_path_v1\HAMD_12_core16_performance.csv;PDCH/实验\outputs\pdch_heterogeneous_condition_three_strategy_20260827\three_strategy_decision_summary.csv,freeze_20260911\02_FROZEN_STAGE2\CROSS_SUBJECT_GENERALIZATION\CROSS_SUBJECT_GENERALIZATION_MANIFEST.json,generated,1254,2b52d6d818b17e27a7b42022cfb1e70f3646fb9e71dc63cfd250253a4781267d,formal_primary_derived,teacher-requested cross-subject outer-OOF generalization packaging; no new model calls,,
PDCH/实验\outputs\hamd_phq_multicondition_path_v1\PHQ_06_total_performance.csv;PDCH/实验\outputs\hamd_phq_multicondition_path_v1\HAMD_12_core16_performance.csv;PDCH/实验\outputs\pdch_heterogeneous_condition_three_strategy_20260827\three_strategy_decision_summary.csv,freeze_20260911\02_FROZEN_STAGE2\CROSS_SUBJECT_GENERALIZATION\CROSS_SUBJECT_GENERALIZATION_TABLE.csv,generated,3067,65e62a3d5efe94a6e87748403a04992f40bf3bf6d57ce9f3540c3566cfa8dc25,formal_primary_derived,teacher-requested cross-subject outer-OOF generalization packaging; no new model calls,,
PDCH/实验\outputs\hamd_phq_multicondition_path_v1\PHQ_06_total_performance.csv;PDCH/实验\outputs\hamd_phq_multicondition_path_v1\HAMD_12_core16_performance.csv;PDCH/实验\outputs\pdch_heterogeneous_condition_three_strategy_20260827\three_strategy_decision_summary.csv,freeze_20260911\02_FROZEN_STAGE2\CROSS_SUBJECT_GENERALIZATION\CROSS_SUBJECT_GENERALIZATION_TABLE.xlsx,generated,14643,dd62ab9a536206fce8792b02268cdb3050dce6bc355db44bd333d9ab06a8734f,formal_primary_derived,teacher-requested cross-subject outer-OOF generalization packaging; no new model calls,,
PDCH/实验\outputs\hamd_phq_multicondition_path_v1\PHQ_06_total_performance.csv;PDCH/实验\outputs\hamd_phq_multicondition_path_v1\HAMD_12_core16_performance.csv;PDCH/实验\outputs\pdch_heterogeneous_condition_three_strategy_20260827\three_strategy_decision_summary.csv,freeze_20260911\02_FROZEN_STAGE2\CROSS_SUBJECT_GENERALIZATION\TEACHER_REQUEST_INTERPRETATION.md,generated,2198,b6a5b93874388ee1e83e75aac3b781f774ab63562f007aa8bdc2fae83cb34686,formal_primary_derived,teacher-requested cross-subject outer-OOF generalization packaging; no new model calls,,
PDCH/实验\outputs\hamd_phq_multicondition_path_v1\PHQ_06_total_performance.csv;PDCH/实验\outputs\hamd_phq_multicondition_path_v1\HAMD_12_core16_performance.csv;PDCH/实验\outputs\pdch_heterogeneous_condition_three_strategy_20260827\three_strategy_decision_summary.csv,freeze_20260911\02_FROZEN_STAGE2\CROSS_SUBJECT_GENERALIZATION\THREE_STRATEGY_LEVEL_DECISIONS.csv,generated,11619,ea7a7e4b42919081b2ea83f97a719765a0f4b041626193ac8a5f14aea4368b0b,formal_primary_derived,teacher-requested cross-subject outer-OOF generalization packaging; no new model calls,,
PDCH/实验\outputs\pdch_heterogeneous_condition_total_20260827\fold_assignments.csv,freeze_20260911\02_FROZEN_STAGE2\fold_assignments.csv,copy_existing_verified,107386,d502c77e29c238e89f3b741f9ef05bc07ef503f115498d1e297e75cee6e96ad6,formal_primary_supporting,directly readable frozen fold assignment/map artifact,,
PDCH/实验\outputs\pdch_heterogeneous_condition_total_20260827\fold_condition_maps.csv,freeze_20260911\02_FROZEN_STAGE2\fold_condition_maps.csv,copy_existing_verified,660803,38bed57bffd20ebe5c9b4a10d6d7b84db4ff2e4d780cacc8a179f6ff11a49c6e,formal_primary_supporting,directly readable frozen fold assignment/map artifact,,
PDCH/实验\outputs\pdch_heterogeneous_condition_three_strategy_20260827\outer_fold_strategy_maps.csv,freeze_20260911\02_FROZEN_STAGE2\outer_fold_strategy_maps.csv,copy_existing_verified,1887428,5ff2304ec8560422d95850b03d3dd8f4334cb98065ff176f5282ac9b6169f7bf,formal_primary_supporting,directly readable frozen fold assignment/map artifact,,
PDCH/实验\outputs\pdch_heterogeneous_condition_three_strategy_20260827\outer_inner_fold_mae.csv,freeze_20260911\02_FROZEN_STAGE2\outer_inner_fold_mae.csv,copy_existing_verified,3343637,420b4a30bcc8237cf737ff452d49eb248931b27c7993116dba8a8d7032a8430c,formal_primary_supporting,directly readable frozen fold assignment/map artifact,,
PDCH/实验\outputs\pdch_heterogeneous_condition_three_strategy_20260827\locked_inner_fold_mae.csv,freeze_20260911\02_FROZEN_STAGE2\locked_inner_fold_mae.csv,copy_existing_verified,62770,818c26d622c8849b8b320e0883a13bdda72eb28a433cb68d86a6bd0716ce3cc0,formal_primary_supporting,directly readable frozen fold assignment/map artifact,,
PDCH/实验\outputs\hamd_phq_multicondition_path_v1\PHQ_05_core_oof_predictions.csv,freeze_20260911\02_FROZEN_STAGE2\PHQ_05_core_oof_predictions.csv,copy_existing_verified,11899327,3338c4657627a63a8b329c162240b4119526ff93be90297c6fcd1ec368fdbb5b,formal_primary_supporting,directly readable Stage2 outer OOF prediction table,,
PDCH/实验\outputs\hamd_phq_multicondition_path_v1\HAMD_11_core16_oof_predictions.csv,freeze_20260911\02_FROZEN_STAGE2\HAMD_11_core16_oof_predictions.csv,copy_existing_verified,15899190,65555f3328948e2a9773e6bcec1dd94be272daccf15bee9ab77902c3657fe7bf,formal_primary_supporting,directly readable Stage2 outer OOF prediction table,,
PDCH/实验\outputs\pdch_teacher_effect_size_selection_generalization_20260915\PACKAGE_INDEX.md,freeze_20260911\02_FROZEN_STAGE2\TEACHER_EFFECT_SIZE_GENERALIZATION_20260915\PACKAGE_INDEX.md,superseded_pointer,2308,779d8e9da5c4f838ec13577779efc45a6703ec3e6c43965cadc9e2f4905f9277,superseded,superseded by TEACHER_EFFECT_SIZE_GENERALIZATION_SCALE_SPECIFIC_20260915 after scale-specific teacher correction,,
PDCH/实验\outputs\pdch_teacher_effect_size_selection_generalization_20260915\RESULTS.md,freeze_20260911\02_FROZEN_STAGE2\TEACHER_EFFECT_SIZE_GENERALIZATION_20260915\RESULTS.md,superseded_pointer,7200,5ef4b9fead31bc71f6376d39c0da429ebfc6ba96a0332f883d62b6b332ed7ddb,superseded,superseded by TEACHER_EFFECT_SIZE_GENERALIZATION_SCALE_SPECIFIC_20260915 after scale-specific teacher correction,,
PDCH/实验\outputs\pdch_teacher_effect_size_selection_generalization_20260915\01_strategy_selection_effects.csv,freeze_20260911\02_FROZEN_STAGE2\TEACHER_EFFECT_SIZE_GENERALIZATION_20260915\01_strategy_selection_effects.csv,superseded_pointer,4898,1e1c465454208b3d006565af791074ecd37cd2d2b64bc4311dcc142305505620,superseded,superseded by TEACHER_EFFECT_SIZE_GENERALIZATION_SCALE_SPECIFIC_20260915 after scale-specific teacher correction,,
PDCH/实验\outputs\pdch_teacher_effect_size_selection_generalization_20260915\02_strategy_selection_composite.csv,freeze_20260911\02_FROZEN_STAGE2\TEACHER_EFFECT_SIZE_GENERALIZATION_20260915\02_strategy_selection_composite.csv,superseded_pointer,1223,f6e9e9b62f38e10152109b57904c42c350361c6d37e12c47c886df22f0af3aea,superseded,superseded by TEACHER_EFFECT_SIZE_GENERALIZATION_SCALE_SPECIFIC_20260915 after scale-specific teacher correction,,
PDCH/实验\outputs\pdch_teacher_effect_size_selection_generalization_20260915\03_strategy_selection_summary.csv,freeze_20260911\02_FROZEN_STAGE2\TEACHER_EFFECT_SIZE_GENERALIZATION_20260915\03_strategy_selection_summary.csv,superseded_pointer,1169,01ba94bb5de79dcf9d2d47039ba8909fdb08af9f1ba6d4696ee423f050b089ec,superseded,superseded by TEACHER_EFFECT_SIZE_GENERALIZATION_SCALE_SPECIFIC_20260915 after scale-specific teacher correction,,
PDCH/实验\outputs\pdch_teacher_effect_size_selection_generalization_20260915\04_A_outer_routes.csv,freeze_20260911\02_FROZEN_STAGE2\TEACHER_EFFECT_SIZE_GENERALIZATION_20260915\04_A_outer_routes.csv,superseded_pointer,330060,ff0b8b0a91619840673eed9945abda38d998677742c38feb34fe4a23530b7b4f,superseded,superseded by TEACHER_EFFECT_SIZE_GENERALIZATION_SCALE_SPECIFIC_20260915 after scale-specific teacher correction,,
PDCH/实验\outputs\pdch_teacher_effect_size_selection_generalization_20260915\05_A_training_candidate_metrics.csv,freeze_20260911\02_FROZEN_STAGE2\TEACHER_EFFECT_SIZE_GENERALIZATION_20260915\05_A_training_candidate_metrics.csv,superseded_pointer,6294641,cfa9e23fb34143dc149e4b864fd076be6d9d90a1836e6fc90943ffedba1b3ed6,superseded,superseded by TEACHER_EFFECT_SIZE_GENERALIZATION_SCALE_SPECIFIC_20260915 after scale-specific teacher correction,,
PDCH/实验\outputs\pdch_teacher_effect_size_selection_generalization_20260915\06_A_outer_oof_item_predictions.csv,freeze_20260911\02_FROZEN_STAGE2\TEACHER_EFFECT_SIZE_GENERALIZATION_20260915\06_A_outer_oof_item_predictions.csv,superseded_pointer,11064728,d69c775c4a2a631be27ff9fdb5c3b8ef6731004fee02c51d32a303518b21d217,superseded,superseded by TEACHER_EFFECT_SIZE_GENERALIZATION_SCALE_SPECIFIC_20260915 after scale-specific teacher correction,,
PDCH/实验\outputs\pdch_teacher_effect_size_selection_generalization_20260915\07_A_subject_repeat_metrics.csv,freeze_20260911\02_FROZEN_STAGE2\TEACHER_EFFECT_SIZE_GENERALIZATION_20260915\07_A_subject_repeat_metrics.csv,superseded_pointer,2058594,f26a566f55d605989c5beba4434fae7adffcb66cd3c0b952a844d0d6e6890877,superseded,superseded by TEACHER_EFFECT_SIZE_GENERALIZATION_SCALE_SPECIFIC_20260915 after scale-specific teacher correction,,
PDCH/实验\outputs\pdch_teacher_effect_size_selection_generalization_20260915\08_A_subject_level_inference_data.csv,freeze_20260911\02_FROZEN_STAGE2\TEACHER_EFFECT_SIZE_GENERALIZATION_20260915\08_A_subject_level_inference_data.csv,superseded_pointer,148409,0b5e6fe4a539595688b6f39cce3e6c454024a7cf743162c376a808be300fe24e,superseded,superseded by TEACHER_EFFECT_SIZE_GENERALIZATION_SCALE_SPECIFIC_20260915 after scale-specific teacher correction,,
PDCH/实验\outputs\pdch_teacher_effect_size_selection_generalization_20260915\09_A_primary_inference.csv,freeze_20260911\02_FROZEN_STAGE2\TEACHER_EFFECT_SIZE_GENERALIZATION_20260915\09_A_primary_inference.csv,superseded_pointer,4600,c3b553f1b7131f9b017d5f1d0eb65f89b4a9581e35d46150c7b8da1e3a71faf9,superseded,superseded by TEACHER_EFFECT_SIZE_GENERALIZATION_SCALE_SPECIFIC_20260915 after scale-specific teacher correction,,
PDCH/实验\outputs\pdch_teacher_effect_size_selection_generalization_20260915\10_A_fold_effect_distribution.csv,freeze_20260911\02_FROZEN_STAGE2\TEACHER_EFFECT_SIZE_GENERALIZATION_20260915\10_A_fold_effect_distribution.csv,superseded_pointer,36161,3e5f903d1d196fa4bce4abae2e266fe844fb52e0748ab14b8a8b68ffe56f87f5,superseded,superseded by TEACHER_EFFECT_SIZE_GENERALIZATION_SCALE_SPECIFIC_20260915 after scale-specific teacher correction,,
PDCH/实验\outputs\pdch_teacher_effect_size_selection_generalization_20260915\11_A_route_stability.csv,freeze_20260911\02_FROZEN_STAGE2\TEACHER_EFFECT_SIZE_GENERALIZATION_20260915\11_A_route_stability.csv,superseded_pointer,8377,8f3c5d17071951da74402fe930a5a40aee91bd12446d79e3b4635cdd659221e7,superseded,superseded by TEACHER_EFFECT_SIZE_GENERALIZATION_SCALE_SPECIFIC_20260915 after scale-specific teacher correction,,
PDCH/实验\outputs\pdch_teacher_effect_size_selection_generalization_20260915\12_A_across_AI_composite.csv,freeze_20260911\02_FROZEN_STAGE2\TEACHER_EFFECT_SIZE_GENERALIZATION_20260915\12_A_across_AI_composite.csv,superseded_pointer,494,d227d196661bb22454f0c9443e989305b6aab0aef879bccff40f0b19dd7910ec,superseded,superseded by TEACHER_EFFECT_SIZE_GENERALIZATION_SCALE_SPECIFIC_20260915 after scale-specific teacher correction,,
PDCH/实验\outputs\pdch_teacher_effect_size_selection_generalization_20260915\13_A_full_cohort_candidate_maps.csv,freeze_20260911\02_FROZEN_STAGE2\TEACHER_EFFECT_SIZE_GENERALIZATION_20260915\13_A_full_cohort_candidate_maps.csv,superseded_pointer,22166,77252a9db5c78578b4ba0f134afc0ad6a7cda51d32b64f4842f99ecc2c624727,superseded,superseded by TEACHER_EFFECT_SIZE_GENERALIZATION_SCALE_SPECIFIC_20260915 after scale-specific teacher correction,,
PDCH/实验\outputs\pdch_teacher_effect_size_selection_generalization_20260915\14_interpretation_decision_table.csv,freeze_20260911\02_FROZEN_STAGE2\TEACHER_EFFECT_SIZE_GENERALIZATION_20260915\14_interpretation_decision_table.csv,superseded_pointer,2094,26ddad1c2a5eec5bbc95785692bf9603dd52fe73395dba7aba7020c6d4859048,superseded,superseded by TEACHER_EFFECT_SIZE_GENERALIZATION_SCALE_SPECIFIC_20260915 after scale-specific teacher correction,,
PDCH/实验\outputs\pdch_teacher_effect_size_selection_generalization_20260915\run_manifest.json,freeze_20260911\02_FROZEN_STAGE2\TEACHER_EFFECT_SIZE_GENERALIZATION_20260915\run_manifest.json,superseded_pointer,2772,2142c9ab75d36bca6b4e6590532833d4dda65e3687d9d2ce574b78ad54869da2,superseded,superseded by TEACHER_EFFECT_SIZE_GENERALIZATION_SCALE_SPECIFIC_20260915 after scale-specific teacher correction,,
PDCH/实验\outputs\pdch_teacher_effect_size_selection_generalization_20260915\workbook_payload.json,freeze_20260911\02_FROZEN_STAGE2\TEACHER_EFFECT_SIZE_GENERALIZATION_20260915\workbook_payload.json,superseded_pointer,183626,0d139bac72a9213d6e3ecbe9bff4d176d33f7a1d3b4a8bc1841867f4d1c6ef37,superseded,superseded by TEACHER_EFFECT_SIZE_GENERALIZATION_SCALE_SPECIFIC_20260915 after scale-specific teacher correction,,
PDCH/实验\outputs\pdch_teacher_effect_size_selection_generalization_20260915\老师要求_A方案选择与重复五折外推结果.xlsx,freeze_20260911\02_FROZEN_STAGE2\TEACHER_EFFECT_SIZE_GENERALIZATION_20260915\老师要求_A方案选择与重复五折外推结果.xlsx,superseded_pointer,127995,99657276bcd9b45838c53505c326fef7efbc4f80cf213bbc2267cf920226a76f,superseded,superseded by TEACHER_EFFECT_SIZE_GENERALIZATION_SCALE_SPECIFIC_20260915 after scale-specific teacher correction,,
PDCH/实验\outputs\pdch_teacher_effect_size_selection_generalization_20260915\verification_checks.csv,freeze_20260911\02_FROZEN_STAGE2\TEACHER_EFFECT_SIZE_GENERALIZATION_20260915\audit\verification_checks.csv,superseded_pointer,625,9185ad4e8b9632fb3525c4a489beb7d8184dc634a25acc2f30eda10b856515f1,superseded,superseded by TEACHER_EFFECT_SIZE_GENERALIZATION_SCALE_SPECIFIC_20260915 after scale-specific teacher correction,,
PDCH/实验\outputs\pdch_teacher_effect_size_selection_generalization_20260915\verification_report.json,freeze_20260911\02_FROZEN_STAGE2\TEACHER_EFFECT_SIZE_GENERALIZATION_20260915\audit\verification_report.json,superseded_pointer,1742,a5614010d2933f6dc29318869a2230da44b27935a614c33d27f4a40cf314d55f,superseded,superseded by TEACHER_EFFECT_SIZE_GENERALIZATION_SCALE_SPECIFIC_20260915 after scale-specific teacher correction,,
PDCH/实验\outputs\pdch_teacher_effect_size_selection_generalization_20260915\independent_verification_checks.csv,freeze_20260911\02_FROZEN_STAGE2\TEACHER_EFFECT_SIZE_GENERALIZATION_20260915\audit\independent_verification_checks.csv,superseded_pointer,2080,7ba9ce49da50287439abe820081893ebb5189dd092dd29e850e01b69f1d35e39,superseded,superseded by TEACHER_EFFECT_SIZE_GENERALIZATION_SCALE_SPECIFIC_20260915 after scale-specific teacher correction,,
PDCH/实验\outputs\pdch_teacher_effect_size_selection_generalization_20260915\independent_verification_report.json,freeze_20260911\02_FROZEN_STAGE2\TEACHER_EFFECT_SIZE_GENERALIZATION_20260915\audit\independent_verification_report.json,superseded_pointer,4221,b26be875f4f784148263c570cec8b99eb412ff0a99bdc18f91813da32db3354c,superseded,superseded by TEACHER_EFFECT_SIZE_GENERALIZATION_SCALE_SPECIFIC_20260915 after scale-specific teacher correction,,
PDCH/实验\outputs\pdch_teacher_effect_size_selection_generalization_20260915\workbook_inspect.ndjson,freeze_20260911\02_FROZEN_STAGE2\TEACHER_EFFECT_SIZE_GENERALIZATION_20260915\audit\workbook_inspect.ndjson,superseded_pointer,10519,52d54d4aedbebe1f0dff8aa12d0ac5a11d521f357852a152a10b2ea035637462,superseded,superseded by TEACHER_EFFECT_SIZE_GENERALIZATION_SCALE_SPECIFIC_20260915 after scale-specific teacher correction,,
PDCH/实验\outputs\pdch_teacher_effect_size_selection_generalization_20260915\workbook_formula_error_scan.ndjson,freeze_20260911\02_FROZEN_STAGE2\TEACHER_EFFECT_SIZE_GENERALIZATION_20260915\audit\workbook_formula_error_scan.ndjson,superseded_pointer,60,acc0111e19cf44d2753fc9ecd164bf1b27fbd65597463a25cf48bd1c65e90146,superseded,superseded by TEACHER_EFFECT_SIZE_GENERALIZATION_SCALE_SPECIFIC_20260915 after scale-specific teacher correction,,
PDCH/实验\outputs\pdch_teacher_effect_size_selection_generalization_20260915\workbook_drawing_inspect.ndjson,freeze_20260911\02_FROZEN_STAGE2\TEACHER_EFFECT_SIZE_GENERALIZATION_20260915\audit\workbook_drawing_inspect.ndjson,superseded_pointer,286,61ec06b33b86be1c3e132ffdaec9f1b513f8dd69675b68366ed278db6ccee6b1,superseded,superseded by TEACHER_EFFECT_SIZE_GENERALIZATION_SCALE_SPECIFIC_20260915 after scale-specific teacher correction,,
PDCH/实验\outputs\pdch_teacher_effect_size_selection_generalization_20260915\workbook_build_audit.json,freeze_20260911\02_FROZEN_STAGE2\TEACHER_EFFECT_SIZE_GENERALIZATION_20260915\audit\workbook_build_audit.json,superseded_pointer,930,6e748b949da85bfa9b72fbbe2a6c8e1863486543234fb4326a7ba327f0390c2b,superseded,superseded by TEACHER_EFFECT_SIZE_GENERALIZATION_SCALE_SPECIFIC_20260915 after scale-specific teacher correction,,
PDCH/实验\outputs\pdch_teacher_effect_size_selection_generalization_20260915\saved_workbook_verification.json,freeze_20260911\02_FROZEN_STAGE2\TEACHER_EFFECT_SIZE_GENERALIZATION_20260915\audit\saved_workbook_verification.json,superseded_pointer,3049,932d0f3111e971ed3282a4ca46006cf51297ff100305c0b235216165afbf0124,superseded,superseded by TEACHER_EFFECT_SIZE_GENERALIZATION_SCALE_SPECIFIC_20260915 after scale-specific teacher correction,,
PDCH/实验\outputs\pdch_teacher_effect_size_selection_generalization_20260915\saved_workbook_summary_inspect.ndjson,freeze_20260911\02_FROZEN_STAGE2\TEACHER_EFFECT_SIZE_GENERALIZATION_20260915\audit\saved_workbook_summary_inspect.ndjson,superseded_pointer,1594,fbe9b13a56cb952fb37f97207cef376aa9014ad3e2e9539dba880bd0cede039f,superseded,superseded by TEACHER_EFFECT_SIZE_GENERALIZATION_SCALE_SPECIFIC_20260915 after scale-specific teacher correction,,
PDCH/实验\outputs\pdch_teacher_effect_size_selection_generalization_20260915\saved_workbook_formula_inspect.ndjson,freeze_20260911\02_FROZEN_STAGE2\TEACHER_EFFECT_SIZE_GENERALIZATION_20260915\audit\saved_workbook_formula_inspect.ndjson,superseded_pointer,1382,42cd8104757b6eb911934705d67ffe79f85e52b685437c93c2220047c94eafd8,superseded,superseded by TEACHER_EFFECT_SIZE_GENERALIZATION_SCALE_SPECIFIC_20260915 after scale-specific teacher correction,,
PDCH/实验\outputs\pdch_teacher_effect_size_selection_generalization_20260915\figures\F1_strategy_effect_forest.png,freeze_20260911\02_FROZEN_STAGE2\TEACHER_EFFECT_SIZE_GENERALIZATION_20260915\figures\F1_strategy_effect_forest.png,superseded_pointer,137500,05ad1f85b2084405571a839d296dc189c4870b38699b52f37e7b9083413219cc,superseded,superseded by TEACHER_EFFECT_SIZE_GENERALIZATION_SCALE_SPECIFIC_20260915 after scale-specific teacher correction,,
PDCH/实验\outputs\pdch_teacher_effect_size_selection_generalization_20260915\figures\F1_strategy_effect_forest.pdf,freeze_20260911\02_FROZEN_STAGE2\TEACHER_EFFECT_SIZE_GENERALIZATION_20260915\figures\F1_strategy_effect_forest.pdf,superseded_pointer,19187,df2d3af8c8f74d062133e9b89401e98687a678853955185edf09433a7b7665d8,superseded,superseded by TEACHER_EFFECT_SIZE_GENERALIZATION_SCALE_SPECIFIC_20260915 after scale-specific teacher correction,,
PDCH/实验\outputs\pdch_teacher_effect_size_selection_generalization_20260915\figures\F1_strategy_effect_forest.svg,freeze_20260911\02_FROZEN_STAGE2\TEACHER_EFFECT_SIZE_GENERALIZATION_20260915\figures\F1_strategy_effect_forest.svg,superseded_pointer,83119,677c61e3b3dafa6b4f006df7cefa2a8f1916b7c06b51472a78fb64936a608076,superseded,superseded by TEACHER_EFFECT_SIZE_GENERALIZATION_SCALE_SPECIFIC_20260915 after scale-specific teacher correction,,
PDCH/实验\outputs\pdch_teacher_effect_size_selection_generalization_20260915\figures\F2_A_generalization_forest.png,freeze_20260911\02_FROZEN_STAGE2\TEACHER_EFFECT_SIZE_GENERALIZATION_20260915\figures\F2_A_generalization_forest.png,superseded_pointer,97321,a46a53b9e683c8c50e61d7268268bbc3471b2330c18f9df7ccc2e7ef80aa542a,superseded,superseded by TEACHER_EFFECT_SIZE_GENERALIZATION_SCALE_SPECIFIC_20260915 after scale-specific teacher correction,,
PDCH/实验\outputs\pdch_teacher_effect_size_selection_generalization_20260915\figures\F2_A_generalization_forest.pdf,freeze_20260911\02_FROZEN_STAGE2\TEACHER_EFFECT_SIZE_GENERALIZATION_20260915\figures\F2_A_generalization_forest.pdf,superseded_pointer,19493,cf266b2b779a566924fd2b71510947fffb48c0bf07c9c08b395e52749c041617,superseded,superseded by TEACHER_EFFECT_SIZE_GENERALIZATION_SCALE_SPECIFIC_20260915 after scale-specific teacher correction,,
PDCH/实验\outputs\pdch_teacher_effect_size_selection_generalization_20260915\figures\F2_A_generalization_forest.svg,freeze_20260911\02_FROZEN_STAGE2\TEACHER_EFFECT_SIZE_GENERALIZATION_20260915\figures\F2_A_generalization_forest.svg,superseded_pointer,53510,e484a8ea905493e0436514828caf9c111b8806c245429b6a467b7eaff65a75f2,superseded,superseded by TEACHER_EFFECT_SIZE_GENERALIZATION_SCALE_SPECIFIC_20260915 after scale-specific teacher correction,,
PDCH/实验\outputs\pdch_teacher_effect_size_selection_generalization_20260915\figures\F3_A_fold_effect_distribution.png,freeze_20260911\02_FROZEN_STAGE2\TEACHER_EFFECT_SIZE_GENERALIZATION_20260915\figures\F3_A_fold_effect_distribution.png,superseded_pointer,221378,b624d70d761d174ab55f01bf243b684498a6aea1893a8492702725ec401b5b53,superseded,superseded by TEACHER_EFFECT_SIZE_GENERALIZATION_SCALE_SPECIFIC_20260915 after scale-specific teacher correction,,
PDCH/实验\outputs\pdch_teacher_effect_size_selection_generalization_20260915\figures\F3_A_fold_effect_distribution.pdf,freeze_20260911\02_FROZEN_STAGE2\TEACHER_EFFECT_SIZE_GENERALIZATION_20260915\figures\F3_A_fold_effect_distribution.pdf,superseded_pointer,23336,f9ca57da895a4036ee7d9be2f167fe5e3b59ce49c52bfd519b832f1e0c5c6fda,superseded,superseded by TEACHER_EFFECT_SIZE_GENERALIZATION_SCALE_SPECIFIC_20260915 after scale-specific teacher correction,,
PDCH/实验\outputs\pdch_teacher_effect_size_selection_generalization_20260915\figures\F3_A_fold_effect_distribution.svg,freeze_20260911\02_FROZEN_STAGE2\TEACHER_EFFECT_SIZE_GENERALIZATION_20260915\figures\F3_A_fold_effect_distribution.svg,superseded_pointer,105284,ab088f993ff87ad23c0e3ccd898f85df65e51f4d1ad4bd3a6c368d334937145a,superseded,superseded by TEACHER_EFFECT_SIZE_GENERALIZATION_SCALE_SPECIFIC_20260915 after scale-specific teacher correction,,
PDCH/实验\analysis\item_total_correlation\run_teacher_focused_generalization.py,freeze_20260911\02_FROZEN_STAGE2\TEACHER_EFFECT_SIZE_GENERALIZATION_20260915\code\run_teacher_focused_generalization.py,superseded_pointer,56455,7d3e078f4b18c574c29590069ed076be5caf1c2f542ec8defc968699db34f683,superseded,superseded by TEACHER_EFFECT_SIZE_GENERALIZATION_SCALE_SPECIFIC_20260915 after scale-specific teacher correction,,
PDCH/实验\analysis\verify_teacher_effect_size_generalization.py,freeze_20260911\02_FROZEN_STAGE2\TEACHER_EFFECT_SIZE_GENERALIZATION_20260915\code\verify_teacher_effect_size_generalization.py,superseded_pointer,16574,624cd70d3bcbc09f5573a7db7cbd18bf4a1c09fb64d39344a5338d415454ad63,superseded,superseded by TEACHER_EFFECT_SIZE_GENERALIZATION_SCALE_SPECIFIC_20260915 after scale-specific teacher correction,,
PDCH/实验\analysis\item_total_correlation\build_teacher_effect_size_generalization_workbook.mjs,freeze_20260911\02_FROZEN_STAGE2\TEACHER_EFFECT_SIZE_GENERALIZATION_20260915\code\build_teacher_effect_size_generalization_workbook.mjs,superseded_pointer,27259,7a0ca9439a6085cdb74cd741753adc8d291df3b49eed63d6d7ae3fbcea0e23d6,superseded,superseded by TEACHER_EFFECT_SIZE_GENERALIZATION_SCALE_SPECIFIC_20260915 after scale-specific teacher correction,,
PDCH/实验\analysis\item_total_correlation\verify_teacher_effect_size_generalization_workbook.mjs,freeze_20260911\02_FROZEN_STAGE2\TEACHER_EFFECT_SIZE_GENERALIZATION_20260915\code\verify_teacher_effect_size_generalization_workbook.mjs,superseded_pointer,3158,04489c065390c542b3da28365dd7fea8a3627d307cd37030cda4dee6aaebe497,superseded,superseded by TEACHER_EFFECT_SIZE_GENERALIZATION_SCALE_SPECIFIC_20260915 after scale-specific teacher correction,,
PDCH/实验\outputs\pdch_phq189_cross_ai_heterogeneity_20260909\PHQ_189_outer_folds.csv,freeze_20260911\02_FROZEN_STAGE2\TEACHER_EFFECT_SIZE_GENERALIZATION_20260915\folds\PHQ_189_outer_folds.csv,superseded_pointer,17037,12c219dfe3b6d31983f4f0acf5304ed2dee788aa9ee29fea48dd0a1edc5354d4,superseded,superseded by TEACHER_EFFECT_SIZE_GENERALIZATION_SCALE_SPECIFIC_20260915 after scale-specific teacher correction,,
PDCH/实验\outputs\pdch_hamd99_cross_ai_heterogeneity_20260909\HAMD_99_outer_folds.csv,freeze_20260911\02_FROZEN_STAGE2\TEACHER_EFFECT_SIZE_GENERALIZATION_20260915\folds\HAMD_99_outer_folds.csv,superseded_pointer,9927,ca2feabcf6f175b8092596427f3645b2f95525ae3b6c29535e05266130bbeddf,superseded,superseded by TEACHER_EFFECT_SIZE_GENERALIZATION_SCALE_SPECIFIC_20260915 after scale-specific teacher correction,,
PDCH/实验\outputs\pdch_heterogeneous_condition_three_strategy_20260827\three_strategy_decision_summary.csv,freeze_20260911\02_FROZEN_STAGE2\TEACHER_EFFECT_SIZE_GENERALIZATION_20260915\inputs\three_strategy_decision_summary.csv,superseded_pointer,10527,f1059412ee6d551353a9e501d1edfa41f0a35df40e1d6ca74722203f520c8291,superseded,superseded by TEACHER_EFFECT_SIZE_GENERALIZATION_SCALE_SPECIFIC_20260915 after scale-specific teacher correction,,
PDCH/实验\outputs\pdch_heterogeneous_condition_three_strategy_20260827\subject_strategy_pairs.csv,freeze_20260911\02_FROZEN_STAGE2\TEACHER_EFFECT_SIZE_GENERALIZATION_20260915\inputs\subject_strategy_pairs.csv,superseded_pointer,707313,aff9017b7eead04954f7f331a4e8348713d78d786829ce1a3bd0883522657c5a,superseded,superseded by TEACHER_EFFECT_SIZE_GENERALIZATION_SCALE_SPECIFIC_20260915 after scale-specific teacher correction,,
PDCH/实验\outputs\pdch_teacher_effect_size_selection_generalization_20260915\analysis_output_manifest.csv,freeze_20260911\02_FROZEN_STAGE2\TEACHER_EFFECT_SIZE_GENERALIZATION_20260915\analysis_output_manifest.csv,superseded_pointer,16125,e837d0edd30d68865375fedb15a2886f2a6ef6eb387b1a9d98993e1d2d8e40cd,superseded,superseded by TEACHER_EFFECT_SIZE_GENERALIZATION_SCALE_SPECIFIC_20260915 after scale-specific teacher correction,,
PDCH/实验\outputs\pdch_teacher_effect_size_selection_generalization_20260915\analysis_output_manifest.csv,freeze_20260911\02_FROZEN_STAGE2\TEACHER_EFFECT_SIZE_GENERALIZATION_20260915\PACKAGE_FILE_MANIFEST.csv,superseded_pointer,10006,eb0b5a2127eaa9489f718af6743a314c09c9caa2fd1b92f7dc5b3e90274fe824,superseded,superseded by TEACHER_EFFECT_SIZE_GENERALIZATION_SCALE_SPECIFIC_20260915 after scale-specific teacher correction,,
PDCH/实验\outputs\pdch_teacher_effect_size_selection_generalization_20260915\PACKAGE_INDEX.md,freeze_20260911\02_FROZEN_STAGE2\TEACHER_EFFECT_SIZE_GENERALIZATION_SCALE_SPECIFIC_20260915\PACKAGE_INDEX.md,copy_existing_verified,2519,7c4acfd01bd8116c115b01ceabbfd4381568c2c4499ad6df73da6a8a13e452b0,formal_primary_internal_validation,teacher-selected A; repeated outer OOF internal generalization; not external validation,,
PDCH/实验\outputs\pdch_teacher_effect_size_selection_generalization_20260915\RESULTS.md,freeze_20260911\02_FROZEN_STAGE2\TEACHER_EFFECT_SIZE_GENERALIZATION_SCALE_SPECIFIC_20260915\RESULTS.md,copy_existing_verified,7340,fe880a872ee90b4fc7977e66e5a15fb9e924ba1731b49bc3ffcf75581575076f,formal_primary_internal_validation,teacher-selected A; repeated outer OOF internal generalization; not external validation,,
PDCH/实验\outputs\pdch_teacher_effect_size_selection_generalization_20260915\01_strategy_selection_effects.csv,freeze_20260911\02_FROZEN_STAGE2\TEACHER_EFFECT_SIZE_GENERALIZATION_SCALE_SPECIFIC_20260915\01_strategy_selection_effects.csv,copy_existing_verified,4898,1e1c465454208b3d006565af791074ecd37cd2d2b64bc4311dcc142305505620,formal_primary_supporting,teacher-selected A; repeated outer OOF internal generalization; not external validation,,
PDCH/实验\outputs\pdch_teacher_effect_size_selection_generalization_20260915\02_strategy_selection_composite.csv,freeze_20260911\02_FROZEN_STAGE2\TEACHER_EFFECT_SIZE_GENERALIZATION_SCALE_SPECIFIC_20260915\02_strategy_selection_composite.csv,copy_existing_verified,1223,f6e9e9b62f38e10152109b57904c42c350361c6d37e12c47c886df22f0af3aea,formal_primary_supporting,teacher-selected A; repeated outer OOF internal generalization; not external validation,,
PDCH/实验\outputs\pdch_teacher_effect_size_selection_generalization_20260915\03_strategy_selection_summary.csv,freeze_20260911\02_FROZEN_STAGE2\TEACHER_EFFECT_SIZE_GENERALIZATION_SCALE_SPECIFIC_20260915\03_strategy_selection_summary.csv,copy_existing_verified,1625,90ed290d1b98e1b20a753f74016855472d1bf1aa363536b05a524c9e9d95a378,formal_primary_internal_validation,teacher-selected A; repeated outer OOF internal generalization; not external validation,,
PDCH/实验\outputs\pdch_teacher_effect_size_selection_generalization_20260915\04_A_outer_routes.csv,freeze_20260911\02_FROZEN_STAGE2\TEACHER_EFFECT_SIZE_GENERALIZATION_SCALE_SPECIFIC_20260915\04_A_outer_routes.csv,copy_existing_verified,330060,ff0b8b0a91619840673eed9945abda38d998677742c38feb34fe4a23530b7b4f,formal_primary_supporting,teacher-selected A; repeated outer OOF internal generalization; not external validation,,
PDCH/实验\outputs\pdch_teacher_effect_size_selection_generalization_20260915\05_A_training_candidate_metrics.csv,freeze_20260911\02_FROZEN_STAGE2\TEACHER_EFFECT_SIZE_GENERALIZATION_SCALE_SPECIFIC_20260915\05_A_training_candidate_metrics.csv,copy_existing_verified,6294641,cfa9e23fb34143dc149e4b864fd076be6d9d90a1836e6fc90943ffedba1b3ed6,formal_primary_supporting,teacher-selected A; repeated outer OOF internal generalization; not external validation,,
PDCH/实验\outputs\pdch_teacher_effect_size_selection_generalization_20260915\06_A_outer_oof_item_predictions.csv,freeze_20260911\02_FROZEN_STAGE2\TEACHER_EFFECT_SIZE_GENERALIZATION_SCALE_SPECIFIC_20260915\06_A_outer_oof_item_predictions.csv,copy_existing_verified,11064728,d69c775c4a2a631be27ff9fdb5c3b8ef6731004fee02c51d32a303518b21d217,formal_primary_supporting,teacher-selected A; repeated outer OOF internal generalization; not external validation,,
PDCH/实验\outputs\pdch_teacher_effect_size_selection_generalization_20260915\07_A_subject_repeat_metrics.csv,freeze_20260911\02_FROZEN_STAGE2\TEACHER_EFFECT_SIZE_GENERALIZATION_SCALE_SPECIFIC_20260915\07_A_subject_repeat_metrics.csv,copy_existing_verified,2058594,f26a566f55d605989c5beba4434fae7adffcb66cd3c0b952a844d0d6e6890877,formal_primary_supporting,teacher-selected A; repeated outer OOF internal generalization; not external validation,,
PDCH/实验\outputs\pdch_teacher_effect_size_selection_generalization_20260915\08_A_subject_level_inference_data.csv,freeze_20260911\02_FROZEN_STAGE2\TEACHER_EFFECT_SIZE_GENERALIZATION_SCALE_SPECIFIC_20260915\08_A_subject_level_inference_data.csv,copy_existing_verified,148409,0b5e6fe4a539595688b6f39cce3e6c454024a7cf743162c376a808be300fe24e,formal_primary_supporting,teacher-selected A; repeated outer OOF internal generalization; not external validation,,
PDCH/实验\outputs\pdch_teacher_effect_size_selection_generalization_20260915\09_A_primary_inference.csv,freeze_20260911\02_FROZEN_STAGE2\TEACHER_EFFECT_SIZE_GENERALIZATION_SCALE_SPECIFIC_20260915\09_A_primary_inference.csv,copy_existing_verified,4600,c3b553f1b7131f9b017d5f1d0eb65f89b4a9581e35d46150c7b8da1e3a71faf9,formal_primary_internal_validation,teacher-selected A; repeated outer OOF internal generalization; not external validation,,
PDCH/实验\outputs\pdch_teacher_effect_size_selection_generalization_20260915\10_A_fold_effect_distribution.csv,freeze_20260911\02_FROZEN_STAGE2\TEACHER_EFFECT_SIZE_GENERALIZATION_SCALE_SPECIFIC_20260915\10_A_fold_effect_distribution.csv,copy_existing_verified,36161,3e5f903d1d196fa4bce4abae2e266fe844fb52e0748ab14b8a8b68ffe56f87f5,formal_primary_supporting,teacher-selected A; repeated outer OOF internal generalization; not external validation,,
PDCH/实验\outputs\pdch_teacher_effect_size_selection_generalization_20260915\11_A_route_stability.csv,freeze_20260911\02_FROZEN_STAGE2\TEACHER_EFFECT_SIZE_GENERALIZATION_SCALE_SPECIFIC_20260915\11_A_route_stability.csv,copy_existing_verified,8377,8f3c5d17071951da74402fe930a5a40aee91bd12446d79e3b4635cdd659221e7,formal_primary_supporting,teacher-selected A; repeated outer OOF internal generalization; not external validation,,
PDCH/实验\outputs\pdch_teacher_effect_size_selection_generalization_20260915\12_A_across_AI_composite.csv,freeze_20260911\02_FROZEN_STAGE2\TEACHER_EFFECT_SIZE_GENERALIZATION_SCALE_SPECIFIC_20260915\12_A_across_AI_composite.csv,copy_existing_verified,494,d227d196661bb22454f0c9443e989305b6aab0aef879bccff40f0b19dd7910ec,formal_primary_internal_validation,teacher-selected A; repeated outer OOF internal generalization; not external validation,,
PDCH/实验\outputs\pdch_teacher_effect_size_selection_generalization_20260915\13_A_full_cohort_candidate_maps.csv,freeze_20260911\02_FROZEN_STAGE2\TEACHER_EFFECT_SIZE_GENERALIZATION_SCALE_SPECIFIC_20260915\13_A_full_cohort_candidate_maps.csv,copy_existing_verified,22070,30802115b7b239bb174166360f64efbf83ac077aa625be148d1062d5102feeab,formal_primary_supporting,teacher-selected A; repeated outer OOF internal generalization; not external validation,,
PDCH/实验\outputs\pdch_teacher_effect_size_selection_generalization_20260915\14_interpretation_decision_table.csv,freeze_20260911\02_FROZEN_STAGE2\TEACHER_EFFECT_SIZE_GENERALIZATION_SCALE_SPECIFIC_20260915\14_interpretation_decision_table.csv,copy_existing_verified,2096,7f22f1a07b9b7ce5a6e1d9659c97fc615f2811406c9296016871634690a1eee6,formal_primary_internal_validation,teacher-selected A; repeated outer OOF internal generalization; not external validation,,
PDCH/实验\outputs\pdch_teacher_effect_size_selection_generalization_20260915\run_manifest.json,freeze_20260911\02_FROZEN_STAGE2\TEACHER_EFFECT_SIZE_GENERALIZATION_SCALE_SPECIFIC_20260915\run_manifest.json,copy_existing_verified,2788,f78e7a1fae4808c931f59142b727634253596ac000c3cf6255b68dd963a60489,formal_primary_supporting,teacher-selected A; repeated outer OOF internal generalization; not external validation,,
PDCH/实验\outputs\pdch_teacher_effect_size_selection_generalization_20260915\workbook_payload.json,freeze_20260911\02_FROZEN_STAGE2\TEACHER_EFFECT_SIZE_GENERALIZATION_SCALE_SPECIFIC_20260915\workbook_payload.json,copy_existing_verified,184207,f141a18a581828d8cdac3b031472821bc8a8e05684564f5ac730d13e4e005c4f,formal_primary_supporting,teacher-selected A; repeated outer OOF internal generalization; not external validation,,
PDCH/实验\outputs\pdch_teacher_effect_size_selection_generalization_20260915\老师要求_A方案外推结果.xlsx,freeze_20260911\02_FROZEN_STAGE2\TEACHER_EFFECT_SIZE_GENERALIZATION_SCALE_SPECIFIC_20260915\老师要求_A方案外推结果.xlsx,copy_existing_verified,128152,9fbf62a2d3e4ac5f8e451b0c8df4deeb22b59e1e400bfd2fe8737930e20d5b5f,formal_primary_internal_validation,teacher-selected A; repeated outer OOF internal generalization; not external validation,,
PDCH/实验\outputs\pdch_teacher_effect_size_selection_generalization_20260915\verification_checks.csv,freeze_20260911\02_FROZEN_STAGE2\TEACHER_EFFECT_SIZE_GENERALIZATION_SCALE_SPECIFIC_20260915\audit\verification_checks.csv,copy_existing_verified,625,9185ad4e8b9632fb3525c4a489beb7d8184dc634a25acc2f30eda10b856515f1,verification_audit,"analysis, workbook, or independent verification evidence",,
PDCH/实验\outputs\pdch_teacher_effect_size_selection_generalization_20260915\verification_report.json,freeze_20260911\02_FROZEN_STAGE2\TEACHER_EFFECT_SIZE_GENERALIZATION_SCALE_SPECIFIC_20260915\audit\verification_report.json,copy_existing_verified,1742,a5614010d2933f6dc29318869a2230da44b27935a614c33d27f4a40cf314d55f,verification_audit,"analysis, workbook, or independent verification evidence",,
PDCH/实验\outputs\pdch_teacher_effect_size_selection_generalization_20260915\independent_verification_checks.csv,freeze_20260911\02_FROZEN_STAGE2\TEACHER_EFFECT_SIZE_GENERALIZATION_SCALE_SPECIFIC_20260915\audit\independent_verification_checks.csv,copy_existing_verified,2301,978dccbea1a176faf300b13ebf8da0f4fa8e0774ca67fb477c283343760ba202,verification_audit,"analysis, workbook, or independent verification evidence",,
PDCH/实验\outputs\pdch_teacher_effect_size_selection_generalization_20260915\independent_verification_report.json,freeze_20260911\02_FROZEN_STAGE2\TEACHER_EFFECT_SIZE_GENERALIZATION_SCALE_SPECIFIC_20260915\audit\independent_verification_report.json,copy_existing_verified,4541,bcf6a008ed9a78ea1e8adacb0cedbe891ca88fe9e02bbe2a5aca12b6f82b3953,verification_audit,"analysis, workbook, or independent verification evidence",,
PDCH/实验\outputs\pdch_teacher_effect_size_selection_generalization_20260915\workbook_inspect.ndjson,freeze_20260911\02_FROZEN_STAGE2\TEACHER_EFFECT_SIZE_GENERALIZATION_SCALE_SPECIFIC_20260915\audit\workbook_inspect.ndjson,copy_existing_verified,10862,f1e5a3073eecda33024e80182a00fd2bc93d531be0e036a3ec6205c931794824,verification_audit,"analysis, workbook, or independent verification evidence",,
PDCH/实验\outputs\pdch_teacher_effect_size_selection_generalization_20260915\workbook_formula_error_scan.ndjson,freeze_20260911\02_FROZEN_STAGE2\TEACHER_EFFECT_SIZE_GENERALIZATION_SCALE_SPECIFIC_20260915\audit\workbook_formula_error_scan.ndjson,copy_existing_verified,60,acc0111e19cf44d2753fc9ecd164bf1b27fbd65597463a25cf48bd1c65e90146,verification_audit,"analysis, workbook, or independent verification evidence",,
PDCH/实验\outputs\pdch_teacher_effect_size_selection_generalization_20260915\workbook_drawing_inspect.ndjson,freeze_20260911\02_FROZEN_STAGE2\TEACHER_EFFECT_SIZE_GENERALIZATION_SCALE_SPECIFIC_20260915\audit\workbook_drawing_inspect.ndjson,copy_existing_verified,286,1f0d385114aa1b561e901bcd76841f73534b6f301081b5d35b635736e0c4d55f,verification_audit,"analysis, workbook, or independent verification evidence",,
PDCH/实验\outputs\pdch_teacher_effect_size_selection_generalization_20260915\workbook_build_audit.json,freeze_20260911\02_FROZEN_STAGE2\TEACHER_EFFECT_SIZE_GENERALIZATION_SCALE_SPECIFIC_20260915\audit\workbook_build_audit.json,copy_existing_verified,919,8ca5ddcb68a315f685eef7ebf077b47d005f943f89b524deca744035cf81b445,verification_audit,"analysis, workbook, or independent verification evidence",,
PDCH/实验\outputs\pdch_teacher_effect_size_selection_generalization_20260915\saved_workbook_verification.json,freeze_20260911\02_FROZEN_STAGE2\TEACHER_EFFECT_SIZE_GENERALIZATION_SCALE_SPECIFIC_20260915\audit\saved_workbook_verification.json,copy_existing_verified,3019,cfd1a59a8e4cfc31c2953a114cc4f5d92da15f192fc8cee8e8ea5ab9856e856b,verification_audit,"analysis, workbook, or independent verification evidence",,
PDCH/实验\outputs\pdch_teacher_effect_size_selection_generalization_20260915\saved_workbook_summary_inspect.ndjson,freeze_20260911\02_FROZEN_STAGE2\TEACHER_EFFECT_SIZE_GENERALIZATION_SCALE_SPECIFIC_20260915\audit\saved_workbook_summary_inspect.ndjson,copy_existing_verified,1595,aae261040dfbf2229f21f8af3d1c7a3b35bf5f6acf2a5161a25595dbaccdb8b9,verification_audit,"analysis, workbook, or independent verification evidence",,
PDCH/实验\outputs\pdch_teacher_effect_size_selection_generalization_20260915\saved_workbook_formula_inspect.ndjson,freeze_20260911\02_FROZEN_STAGE2\TEACHER_EFFECT_SIZE_GENERALIZATION_SCALE_SPECIFIC_20260915\audit\saved_workbook_formula_inspect.ndjson,copy_existing_verified,1382,42cd8104757b6eb911934705d67ffe79f85e52b685437c93c2220047c94eafd8,verification_audit,"analysis, workbook, or independent verification evidence",,
PDCH/实验\outputs\pdch_teacher_effect_size_selection_generalization_20260915\figures\F1_strategy_effect_forest.png,freeze_20260911\02_FROZEN_STAGE2\TEACHER_EFFECT_SIZE_GENERALIZATION_SCALE_SPECIFIC_20260915\figures\F1_strategy_effect_forest.png,copy_existing_verified,137500,05ad1f85b2084405571a839d296dc189c4870b38699b52f37e7b9083413219cc,formal_primary_internal_validation,source-backed figure for strategy selection or held-out generalization,,
PDCH/实验\outputs\pdch_teacher_effect_size_selection_generalization_20260915\figures\F1_strategy_effect_forest.pdf,freeze_20260911\02_FROZEN_STAGE2\TEACHER_EFFECT_SIZE_GENERALIZATION_SCALE_SPECIFIC_20260915\figures\F1_strategy_effect_forest.pdf,copy_existing_verified,19187,f76a898544b4eb71a2c8b8a2ede47c6aedc784b8870665cf13ec56c1e4b720e7,formal_primary_internal_validation,source-backed figure for strategy selection or held-out generalization,,
PDCH/实验\outputs\pdch_teacher_effect_size_selection_generalization_20260915\figures\F1_strategy_effect_forest.svg,freeze_20260911\02_FROZEN_STAGE2\TEACHER_EFFECT_SIZE_GENERALIZATION_SCALE_SPECIFIC_20260915\figures\F1_strategy_effect_forest.svg,copy_existing_verified,83119,a7820cc8d1d1818663097b840bc626c8cb05365d3b9b210cba49fbcd5e470e73,formal_primary_internal_validation,source-backed figure for strategy selection or held-out generalization,,
PDCH/实验\outputs\pdch_teacher_effect_size_selection_generalization_20260915\figures\F2_A_generalization_forest.png,freeze_20260911\02_FROZEN_STAGE2\TEACHER_EFFECT_SIZE_GENERALIZATION_SCALE_SPECIFIC_20260915\figures\F2_A_generalization_forest.png,copy_existing_verified,97321,a46a53b9e683c8c50e61d7268268bbc3471b2330c18f9df7ccc2e7ef80aa542a,formal_primary_internal_validation,source-backed figure for strategy selection or held-out generalization,,
PDCH/实验\outputs\pdch_teacher_effect_size_selection_generalization_20260915\figures\F2_A_generalization_forest.pdf,freeze_20260911\02_FROZEN_STAGE2\TEACHER_EFFECT_SIZE_GENERALIZATION_SCALE_SPECIFIC_20260915\figures\F2_A_generalization_forest.pdf,copy_existing_verified,19493,d0fca766bd6f9e3ccd68387eb6067c51316c2b21d1057e6c416673670255f141,formal_primary_internal_validation,source-backed figure for strategy selection or held-out generalization,,
PDCH/实验\outputs\pdch_teacher_effect_size_selection_generalization_20260915\figures\F2_A_generalization_forest.svg,freeze_20260911\02_FROZEN_STAGE2\TEACHER_EFFECT_SIZE_GENERALIZATION_SCALE_SPECIFIC_20260915\figures\F2_A_generalization_forest.svg,copy_existing_verified,53510,aefbebad902043f9083bd434b34d2ff99ba889d486fd22d763bb777d58f6de67,formal_primary_internal_validation,source-backed figure for strategy selection or held-out generalization,,
PDCH/实验\outputs\pdch_teacher_effect_size_selection_generalization_20260915\figures\F3_A_fold_effect_distribution.png,freeze_20260911\02_FROZEN_STAGE2\TEACHER_EFFECT_SIZE_GENERALIZATION_SCALE_SPECIFIC_20260915\figures\F3_A_fold_effect_distribution.png,copy_existing_verified,221378,b624d70d761d174ab55f01bf243b684498a6aea1893a8492702725ec401b5b53,formal_primary_internal_validation,source-backed figure for strategy selection or held-out generalization,,
PDCH/实验\outputs\pdch_teacher_effect_size_selection_generalization_20260915\figures\F3_A_fold_effect_distribution.pdf,freeze_20260911\02_FROZEN_STAGE2\TEACHER_EFFECT_SIZE_GENERALIZATION_SCALE_SPECIFIC_20260915\figures\F3_A_fold_effect_distribution.pdf,copy_existing_verified,23336,18848d9da70737a16de1d51e71855c538704c89b12ba2e341875c164fb0129fb,formal_primary_internal_validation,source-backed figure for strategy selection or held-out generalization,,
PDCH/实验\outputs\pdch_teacher_effect_size_selection_generalization_20260915\figures\F3_A_fold_effect_distribution.svg,freeze_20260911\02_FROZEN_STAGE2\TEACHER_EFFECT_SIZE_GENERALIZATION_SCALE_SPECIFIC_20260915\figures\F3_A_fold_effect_distribution.svg,copy_existing_verified,105284,d1dae57efbe0ccaf6dc22255e9d9a708018d0e6310702e7febfe6b6bc5d5030f,formal_primary_internal_validation,source-backed figure for strategy selection or held-out generalization,,
PDCH/实验\analysis\item_total_correlation\run_teacher_focused_generalization.py,freeze_20260911\02_FROZEN_STAGE2\TEACHER_EFFECT_SIZE_GENERALIZATION_SCALE_SPECIFIC_20260915\code\run_teacher_focused_generalization.py,copy_existing_verified,57427,76d68ae15db56e80cf31cf480ea0e9a09872c770fd7e8cc28d22d5e4470feb50,formal_primary_supporting,"reproducible analysis, independent audit, or workbook code",,
PDCH/实验\analysis\verify_teacher_effect_size_generalization.py,freeze_20260911\02_FROZEN_STAGE2\TEACHER_EFFECT_SIZE_GENERALIZATION_SCALE_SPECIFIC_20260915\code\verify_teacher_effect_size_generalization.py,copy_existing_verified,16715,985a815f185a9ff68e86826c1d00f61de341f14e1b9a64feaa4c897cff259495,formal_primary_supporting,"reproducible analysis, independent audit, or workbook code",,
PDCH/实验\analysis\item_total_correlation\build_teacher_effect_size_generalization_workbook.mjs,freeze_20260911\02_FROZEN_STAGE2\TEACHER_EFFECT_SIZE_GENERALIZATION_SCALE_SPECIFIC_20260915\code\build_teacher_effect_size_generalization_workbook.mjs,copy_existing_verified,28190,ca87a2d884699c8ee2251c42292cfe8f6c46876f804f54eebd3b7bc0a072396f,formal_primary_supporting,"reproducible analysis, independent audit, or workbook code",,
PDCH/实验\analysis\item_total_correlation\verify_teacher_effect_size_generalization_workbook.mjs,freeze_20260911\02_FROZEN_STAGE2\TEACHER_EFFECT_SIZE_GENERALIZATION_SCALE_SPECIFIC_20260915\code\verify_teacher_effect_size_generalization_workbook.mjs,copy_existing_verified,3474,bb3ba61054ec557bd31ebdc484ec93f1b8e31887d9f4dc8f09f50ee921406ea5,formal_primary_supporting,"reproducible analysis, independent audit, or workbook code",,
PDCH/实验\outputs\pdch_phq189_cross_ai_heterogeneity_20260909\PHQ_189_outer_folds.csv,freeze_20260911\02_FROZEN_STAGE2\TEACHER_EFFECT_SIZE_GENERALIZATION_SCALE_SPECIFIC_20260915\folds\PHQ_189_outer_folds.csv,copy_existing_verified,17037,12c219dfe3b6d31983f4f0acf5304ed2dee788aa9ee29fea48dd0a1edc5354d4,formal_primary_supporting,frozen 10x5 PHQ189 outer folds used by this run,,
PDCH/实验\outputs\pdch_hamd99_cross_ai_heterogeneity_20260909\HAMD_99_outer_folds.csv,freeze_20260911\02_FROZEN_STAGE2\TEACHER_EFFECT_SIZE_GENERALIZATION_SCALE_SPECIFIC_20260915\folds\HAMD_99_outer_folds.csv,copy_existing_verified,9927,ca2feabcf6f175b8092596427f3645b2f95525ae3b6c29535e05266130bbeddf,formal_primary_supporting,frozen 10x5 HAMD99 outer folds used by this run,,
PDCH/实验\outputs\pdch_heterogeneous_condition_three_strategy_20260827\three_strategy_decision_summary.csv,freeze_20260911\02_FROZEN_STAGE2\TEACHER_EFFECT_SIZE_GENERALIZATION_SCALE_SPECIFIC_20260915\inputs\three_strategy_decision_summary.csv,copy_existing_verified,10527,f1059412ee6d551353a9e501d1edfa41f0a35df40e1d6ca74722203f520c8291,formal_primary_supporting,frozen A/B/C decision evidence used for strategy nomination,,
PDCH/实验\outputs\pdch_heterogeneous_condition_three_strategy_20260827\subject_strategy_pairs.csv,freeze_20260911\02_FROZEN_STAGE2\TEACHER_EFFECT_SIZE_GENERALIZATION_SCALE_SPECIFIC_20260915\inputs\subject_strategy_pairs.csv,copy_existing_verified,707313,aff9017b7eead04954f7f331a4e8348713d78d786829ce1a3bd0883522657c5a,formal_primary_supporting,subject-level frozen A/B/C effects used for AI-equal composites,,
PDCH/实验\outputs\pdch_teacher_effect_size_selection_generalization_20260915\analysis_output_manifest.csv,freeze_20260911\02_FROZEN_STAGE2\TEACHER_EFFECT_SIZE_GENERALIZATION_SCALE_SPECIFIC_20260915\analysis_output_manifest.csv,copy_existing_verified,16083,70bc30fe73c3a8d571cd5a84d31c00f94c67cf43f2117c06942cf319c80d3e6b,verification_audit,hash and role inventory for the frozen package,,
PDCH/实验\outputs\pdch_teacher_effect_size_selection_generalization_20260915\analysis_output_manifest.csv,freeze_20260911\02_FROZEN_STAGE2\TEACHER_EFFECT_SIZE_GENERALIZATION_SCALE_SPECIFIC_20260915\PACKAGE_FILE_MANIFEST.csv,generated,9985,b124f21ed7512747049e3236a947446dac31885e42f9b737053ae84c3b6fd668,verification_audit,frozen package file inventory,,
PDCH/实验\outputs\pdch_teacher_A_B_complete_comparison_20260915\PACKAGE_INDEX.md,freeze_20260911\02_FROZEN_STAGE2\TEACHER_A_B_COMPLETE_COMPARISON_20260915\PACKAGE_INDEX.md,superseded_pointer,1054,1497571d4080f4ad4e7ce5c13bc64cdf4e6a8c0eaa47b3bb6c8b355ea7c7c1ff,superseded,superseded by TEACHER_A_B_COMPLETE_COMPARISON_WITH_FIGURE_20260916 after Python Nature figure generation,,
PDCH/实验\outputs\pdch_teacher_A_B_complete_comparison_20260915\00_scale_specific_selection.csv,freeze_20260911\02_FROZEN_STAGE2\TEACHER_A_B_COMPLETE_COMPARISON_20260915\00_scale_specific_selection.csv,superseded_pointer,910,1733bb57c0690f95e1c23f7e544116c31b7f81f0f1ffe5b66220d00885796662,superseded,superseded by TEACHER_A_B_COMPLETE_COMPARISON_WITH_FIGURE_20260916 after Python Nature figure generation,,
PDCH/实验\outputs\pdch_teacher_A_B_complete_comparison_20260915\03_A_B_comparison.csv,freeze_20260911\02_FROZEN_STAGE2\TEACHER_A_B_COMPLETE_COMPARISON_20260915\03_A_B_comparison.csv,superseded_pointer,1847,ec6b9ef112ba6c12fd4051298c2aca1aacfd3076b515e854711c4d2125aa6182,superseded,superseded by TEACHER_A_B_COMPLETE_COMPARISON_WITH_FIGURE_20260916 after Python Nature figure generation,,
PDCH/实验\outputs\pdch_teacher_A_B_complete_comparison_20260915\04_method_boundary.json,freeze_20260911\02_FROZEN_STAGE2\TEACHER_A_B_COMPLETE_COMPARISON_20260915\04_method_boundary.json,superseded_pointer,1627,bb057ec05d59b0dc7a503443ae1928114b3d982d8f43777b31b9d200efad5f77,superseded,superseded by TEACHER_A_B_COMPLETE_COMPARISON_WITH_FIGURE_20260916 after Python Nature figure generation,,
PDCH/实验\outputs\pdch_teacher_A_B_complete_comparison_20260915\A_B方案完整分析总表.xlsx,freeze_20260911\02_FROZEN_STAGE2\TEACHER_A_B_COMPLETE_COMPARISON_20260915\A_B方案完整分析总表.xlsx,superseded_pointer,172241,8ed719b19a6c854e64fa7b45b95021af6cbf11b6dd867a6cfa19cd10e71eb03c,superseded,superseded by TEACHER_A_B_COMPLETE_COMPARISON_WITH_FIGURE_20260916 after Python Nature figure generation,,
PDCH/实验\outputs\pdch_teacher_A_B_complete_comparison_20260915\workbook_inspect.ndjson,freeze_20260911\02_FROZEN_STAGE2\TEACHER_A_B_COMPLETE_COMPARISON_20260915\workbook_inspect.ndjson,superseded_pointer,17436,1536e60fd2d33c7864a5e9adc04fa2325d1ae9a6f8b87e218feab8470f364ebf,superseded,superseded by TEACHER_A_B_COMPLETE_COMPARISON_WITH_FIGURE_20260916 after Python Nature figure generation,,
PDCH/实验\outputs\pdch_teacher_A_B_complete_comparison_20260915\workbook_formula_error_scan.ndjson,freeze_20260911\02_FROZEN_STAGE2\TEACHER_A_B_COMPLETE_COMPARISON_20260915\workbook_formula_error_scan.ndjson,superseded_pointer,60,acc0111e19cf44d2753fc9ecd164bf1b27fbd65597463a25cf48bd1c65e90146,superseded,superseded by TEACHER_A_B_COMPLETE_COMPARISON_WITH_FIGURE_20260916 after Python Nature figure generation,,
PDCH/实验\outputs\pdch_teacher_A_B_complete_comparison_20260915\workbook_build_audit.json,freeze_20260911\02_FROZEN_STAGE2\TEACHER_A_B_COMPLETE_COMPARISON_20260915\workbook_build_audit.json,superseded_pointer,748,0775f021a9bae9c3db5f75de06ea192a2668435fa11d9684cdae39b923ac47cb,superseded,superseded by TEACHER_A_B_COMPLETE_COMPARISON_WITH_FIGURE_20260916 after Python Nature figure generation,,
PDCH/实验\outputs\pdch_teacher_effect_size_selection_generalization_20260915\09_A_primary_inference.csv,freeze_20260911\02_FROZEN_STAGE2\TEACHER_A_B_COMPLETE_COMPARISON_20260915\source\A_09_primary_inference.csv,superseded_pointer,4600,c3b553f1b7131f9b017d5f1d0eb65f89b4a9581e35d46150c7b8da1e3a71faf9,superseded,superseded by TEACHER_A_B_COMPLETE_COMPARISON_WITH_FIGURE_20260916 after Python Nature figure generation,,
PDCH/实验\outputs\pdch_teacher_B_supplement_generalization_20260915\09_B_primary_inference.csv,freeze_20260911\02_FROZEN_STAGE2\TEACHER_A_B_COMPLETE_COMPARISON_20260915\source\B_09_primary_inference.csv,superseded_pointer,4576,a8a7bbd1c96312a19770c6e749abbe0facbf3cf272c2b49feaada488cd07465b,superseded,superseded by TEACHER_A_B_COMPLETE_COMPARISON_WITH_FIGURE_20260916 after Python Nature figure generation,,
PDCH/实验\outputs\pdch_teacher_effect_size_selection_generalization_20260915\03_strategy_selection_summary.csv,freeze_20260911\02_FROZEN_STAGE2\TEACHER_A_B_COMPLETE_COMPARISON_20260915\source\A_03_strategy_selection_summary.csv,superseded_pointer,1625,90ed290d1b98e1b20a753f74016855472d1bf1aa363536b05a524c9e9d95a378,superseded,superseded by TEACHER_A_B_COMPLETE_COMPARISON_WITH_FIGURE_20260916 after Python Nature figure generation,,
PDCH/实验\outputs\pdch_teacher_B_supplement_generalization_20260915\03_strategy_selection_summary.csv,freeze_20260911\02_FROZEN_STAGE2\TEACHER_A_B_COMPLETE_COMPARISON_20260915\source\B_03_strategy_selection_summary.csv,superseded_pointer,1625,90ed290d1b98e1b20a753f74016855472d1bf1aa363536b05a524c9e9d95a378,superseded,superseded by TEACHER_A_B_COMPLETE_COMPARISON_WITH_FIGURE_20260916 after Python Nature figure generation,,
PDCH/实验\outputs\pdch_teacher_effect_size_selection_generalization_20260915\figures\F2_A_generalization_forest.png,freeze_20260911\02_FROZEN_STAGE2\TEACHER_A_B_COMPLETE_COMPARISON_20260915\figures\F2_A_generalization_forest.png,superseded_pointer,97321,a46a53b9e683c8c50e61d7268268bbc3471b2330c18f9df7ccc2e7ef80aa542a,superseded,superseded by TEACHER_A_B_COMPLETE_COMPARISON_WITH_FIGURE_20260916 after Python Nature figure generation,,
PDCH/实验\outputs\pdch_teacher_B_supplement_generalization_20260915\figures\F2_B_generalization_forest.png,freeze_20260911\02_FROZEN_STAGE2\TEACHER_A_B_COMPLETE_COMPARISON_20260915\figures\F2_B_generalization_forest.png,superseded_pointer,97660,60f1bd877d1a07d232435bb0bc860b96379db01cd152da3e10cc1faadc18d807,superseded,superseded by TEACHER_A_B_COMPLETE_COMPARISON_WITH_FIGURE_20260916 after Python Nature figure generation,,
PDCH/实验\analysis\item_total_correlation\build_teacher_A_B_complete_comparison_workbook.mjs,freeze_20260911\02_FROZEN_STAGE2\TEACHER_A_B_COMPLETE_COMPARISON_20260915\code\build_teacher_A_B_complete_comparison_workbook.mjs,superseded_pointer,21859,23b475fc96f04764ea8d1a917b798a573f40c3de8fa12910f071358b574e4c76,superseded,superseded by TEACHER_A_B_COMPLETE_COMPARISON_WITH_FIGURE_20260916 after Python Nature figure generation,,
PDCH/实验\outputs\pdch_teacher_A_B_complete_comparison_20260915\analysis_output_manifest.csv,freeze_20260911\02_FROZEN_STAGE2\TEACHER_A_B_COMPLETE_COMPARISON_20260915\analysis_output_manifest.csv,superseded_pointer,4326,866cd2edc06461521fe77b1e13e6b96724ae7e7e16de7aff606eb710970561a8,superseded,superseded by TEACHER_A_B_COMPLETE_COMPARISON_WITH_FIGURE_20260916 after Python Nature figure generation,,
PDCH/实验\outputs\pdch_teacher_A_B_complete_comparison_20260915\analysis_output_manifest.csv,freeze_20260911\02_FROZEN_STAGE2\TEACHER_A_B_COMPLETE_COMPARISON_20260915\PACKAGE_FILE_MANIFEST.csv,superseded_pointer,2602,3c5f740a24045f173cbd815ae4f4dd67b8f49be84e240817656248d71689b59a,superseded,superseded by TEACHER_A_B_COMPLETE_COMPARISON_WITH_FIGURE_20260916 after Python Nature figure generation,,
PDCH/实验\outputs\pdch_teacher_B_supplement_generalization_20260915\PACKAGE_INDEX.md,freeze_20260911\02_FROZEN_STAGE2\TEACHER_B_SUPPLEMENT_GENERALIZATION_20260915\PACKAGE_INDEX.md,copy_existing_verified,1264,e87b2851bfb577525ad07e11295adb2730e7bb000f64f5197c89d379eeebc92a,formal_primary_supplementary_internal_validation,B requested supplement; repeated outer OOF internal generalization; not main strategy,,
PDCH/实验\outputs\pdch_teacher_B_supplement_generalization_20260915\RESULTS.md,freeze_20260911\02_FROZEN_STAGE2\TEACHER_B_SUPPLEMENT_GENERALIZATION_20260915\RESULTS.md,copy_existing_verified,3960,f8ffe8fdfb98ccbbf68c58c1ec4e65c44781f05bbe55ed253111d7e1b641c61e,formal_primary_supplementary_internal_validation,B requested supplement; repeated outer OOF internal generalization; not main strategy,,
PDCH/实验\outputs\pdch_teacher_B_supplement_generalization_20260915\01_strategy_selection_effects.csv,freeze_20260911\02_FROZEN_STAGE2\TEACHER_B_SUPPLEMENT_GENERALIZATION_20260915\01_strategy_selection_effects.csv,copy_existing_verified,4898,1e1c465454208b3d006565af791074ecd37cd2d2b64bc4311dcc142305505620,formal_primary_supporting,B requested supplement; repeated outer OOF internal generalization; not main strategy,,
PDCH/实验\outputs\pdch_teacher_B_supplement_generalization_20260915\02_strategy_selection_composite.csv,freeze_20260911\02_FROZEN_STAGE2\TEACHER_B_SUPPLEMENT_GENERALIZATION_20260915\02_strategy_selection_composite.csv,copy_existing_verified,1223,f6e9e9b62f38e10152109b57904c42c350361c6d37e12c47c886df22f0af3aea,formal_primary_supporting,B requested supplement; repeated outer OOF internal generalization; not main strategy,,
PDCH/实验\outputs\pdch_teacher_B_supplement_generalization_20260915\03_strategy_selection_summary.csv,freeze_20260911\02_FROZEN_STAGE2\TEACHER_B_SUPPLEMENT_GENERALIZATION_20260915\03_strategy_selection_summary.csv,copy_existing_verified,1625,90ed290d1b98e1b20a753f74016855472d1bf1aa363536b05a524c9e9d95a378,formal_primary_supplementary_internal_validation,B requested supplement; repeated outer OOF internal generalization; not main strategy,,
PDCH/实验\outputs\pdch_teacher_B_supplement_generalization_20260915\04_B_outer_routes.csv,freeze_20260911\02_FROZEN_STAGE2\TEACHER_B_SUPPLEMENT_GENERALIZATION_20260915\04_B_outer_routes.csv,copy_existing_verified,250891,6e5a5ceb4ae43732c26984c5272c38e7a87e27e103de05fb268997cb0d1c248f,formal_primary_supporting,B requested supplement; repeated outer OOF internal generalization; not main strategy,,
PDCH/实验\outputs\pdch_teacher_B_supplement_generalization_20260915\05_B_training_candidate_metrics.csv,freeze_20260911\02_FROZEN_STAGE2\TEACHER_B_SUPPLEMENT_GENERALIZATION_20260915\05_B_training_candidate_metrics.csv,copy_existing_verified,5437116,a8ebe4f0f58b948229b2e15893ccfb929f1ce4664b913106a029061f37d2429d,formal_primary_supporting,B requested supplement; repeated outer OOF internal generalization; not main strategy,,
PDCH/实验\outputs\pdch_teacher_B_supplement_generalization_20260915\06_B_outer_oof_item_predictions.csv,freeze_20260911\02_FROZEN_STAGE2\TEACHER_B_SUPPLEMENT_GENERALIZATION_20260915\06_B_outer_oof_item_predictions.csv,copy_existing_verified,11069274,9c0ce024121b25677875fd25af496b0aef4944b4ea342075fcc67ed34bcc74d2,formal_primary_supporting,B requested supplement; repeated outer OOF internal generalization; not main strategy,,
PDCH/实验\outputs\pdch_teacher_B_supplement_generalization_20260915\07_B_subject_repeat_metrics.csv,freeze_20260911\02_FROZEN_STAGE2\TEACHER_B_SUPPLEMENT_GENERALIZATION_20260915\07_B_subject_repeat_metrics.csv,copy_existing_verified,2052549,166e572ba2debaa6d174b94c34e042296ae7946513ea280ce193348fbe366373,formal_primary_supporting,B requested supplement; repeated outer OOF internal generalization; not main strategy,,
PDCH/实验\outputs\pdch_teacher_B_supplement_generalization_20260915\08_B_subject_level_inference_data.csv,freeze_20260911\02_FROZEN_STAGE2\TEACHER_B_SUPPLEMENT_GENERALIZATION_20260915\08_B_subject_level_inference_data.csv,copy_existing_verified,146099,a9e193e0f4679fb1e922f28cac44d22c9facdbe4c4e1dc3597d7eeffb8aa93ee,formal_primary_supporting,B requested supplement; repeated outer OOF internal generalization; not main strategy,,
PDCH/实验\outputs\pdch_teacher_B_supplement_generalization_20260915\09_B_primary_inference.csv,freeze_20260911\02_FROZEN_STAGE2\TEACHER_B_SUPPLEMENT_GENERALIZATION_20260915\09_B_primary_inference.csv,copy_existing_verified,4576,a8a7bbd1c96312a19770c6e749abbe0facbf3cf272c2b49feaada488cd07465b,formal_primary_supplementary_internal_validation,B requested supplement; repeated outer OOF internal generalization; not main strategy,,
PDCH/实验\outputs\pdch_teacher_B_supplement_generalization_20260915\10_B_fold_effect_distribution.csv,freeze_20260911\02_FROZEN_STAGE2\TEACHER_B_SUPPLEMENT_GENERALIZATION_20260915\10_B_fold_effect_distribution.csv,copy_existing_verified,36235,5595bb850cf74c6cb68bbd2662abddb2e9753eea33962d34ab4e73dc5d17f4a2,formal_primary_supporting,B requested supplement; repeated outer OOF internal generalization; not main strategy,,
PDCH/实验\outputs\pdch_teacher_B_supplement_generalization_20260915\11_B_route_stability.csv,freeze_20260911\02_FROZEN_STAGE2\TEACHER_B_SUPPLEMENT_GENERALIZATION_20260915\11_B_route_stability.csv,copy_existing_verified,8074,42c0e61a10e52b04f1dc086ee5221a7337ebbbf6516b310b9d25576d116ae4cd,formal_primary_supporting,B requested supplement; repeated outer OOF internal generalization; not main strategy,,
PDCH/实验\outputs\pdch_teacher_B_supplement_generalization_20260915\12_B_across_AI_composite.csv,freeze_20260911\02_FROZEN_STAGE2\TEACHER_B_SUPPLEMENT_GENERALIZATION_20260915\12_B_across_AI_composite.csv,copy_existing_verified,501,13d80b6599eaa3b1ddf1889014c99cf2165cc56334a48f32f527ef16ca369f39,formal_primary_supplementary_internal_validation,B requested supplement; repeated outer OOF internal generalization; not main strategy,,
PDCH/实验\outputs\pdch_teacher_B_supplement_generalization_20260915\13_B_full_cohort_candidate_maps.csv,freeze_20260911\02_FROZEN_STAGE2\TEACHER_B_SUPPLEMENT_GENERALIZATION_20260915\13_B_full_cohort_candidate_maps.csv,copy_existing_verified,20423,e39366673ba4dddbd0b22821eb095f94b561498d82d33cad40384b2e9183fb3c,formal_primary_supporting,B requested supplement; repeated outer OOF internal generalization; not main strategy,,
PDCH/实验\outputs\pdch_teacher_B_supplement_generalization_20260915\14_B_interpretation_decision_table.csv,freeze_20260911\02_FROZEN_STAGE2\TEACHER_B_SUPPLEMENT_GENERALIZATION_20260915\14_B_interpretation_decision_table.csv,copy_existing_verified,2107,b2cd43c07acfd90eb3b16681d8efe0442c75dd5d3901872a68de7c77634e8d4e,formal_primary_supplementary_internal_validation,B requested supplement; repeated outer OOF internal generalization; not main strategy,,
PDCH/实验\outputs\pdch_teacher_B_supplement_generalization_20260915\run_manifest.json,freeze_20260911\02_FROZEN_STAGE2\TEACHER_B_SUPPLEMENT_GENERALIZATION_20260915\run_manifest.json,copy_existing_verified,2674,97f8775f06f7552829999e7941ee6f9671358e7b150c11684ef79ea1e40cb514,formal_primary_supporting,B requested supplement; repeated outer OOF internal generalization; not main strategy,,
PDCH/实验\outputs\pdch_teacher_B_supplement_generalization_20260915\workbook_payload.json,freeze_20260911\02_FROZEN_STAGE2\TEACHER_B_SUPPLEMENT_GENERALIZATION_20260915\workbook_payload.json,copy_existing_verified,183026,2a75c1baa14b4ef25e604f46a938ac6d7488cbb43d450d2cfe4df2f0c9654883,formal_primary_supporting,B requested supplement; repeated outer OOF internal generalization; not main strategy,,
PDCH/实验\outputs\pdch_teacher_B_supplement_generalization_20260915\老师要求_B方案外推结果.xlsx,freeze_20260911\02_FROZEN_STAGE2\TEACHER_B_SUPPLEMENT_GENERALIZATION_20260915\老师要求_B方案外推结果.xlsx,copy_existing_verified,127245,f27796a4a9542b68ee8425bd4d42c096a31c84babbe94485d8a05349ae2b5088,formal_primary_supplementary_internal_validation,B requested supplement; repeated outer OOF internal generalization; not main strategy,,
PDCH/实验\outputs\pdch_teacher_B_supplement_generalization_20260915\verification_checks.csv,freeze_20260911\02_FROZEN_STAGE2\TEACHER_B_SUPPLEMENT_GENERALIZATION_20260915\audit\verification_checks.csv,copy_existing_verified,548,8eda7c629697d5224a272bd88222b70c6d369c388b7697c8389d231c44e54ede,verification_audit,"B supplement, workbook, or independent verification evidence",,
PDCH/实验\outputs\pdch_teacher_B_supplement_generalization_20260915\verification_report.json,freeze_20260911\02_FROZEN_STAGE2\TEACHER_B_SUPPLEMENT_GENERALIZATION_20260915\audit\verification_report.json,copy_existing_verified,1665,7487bfc76b64a3cdac76edeca08b53f2bef04295a4bd11644653ca9a21b92378,verification_audit,"B supplement, workbook, or independent verification evidence",,
PDCH/实验\outputs\pdch_teacher_B_supplement_generalization_20260915\independent_verification_checks.csv,freeze_20260911\02_FROZEN_STAGE2\TEACHER_B_SUPPLEMENT_GENERALIZATION_20260915\audit\independent_verification_checks.csv,copy_existing_verified,1448,eade5e6bd705c39a9d917e30addea467eb67dec68af9364aca1e298be56d4630,verification_audit,"B supplement, workbook, or independent verification evidence",,
PDCH/实验\outputs\pdch_teacher_B_supplement_generalization_20260915\independent_verification_report.json,freeze_20260911\02_FROZEN_STAGE2\TEACHER_B_SUPPLEMENT_GENERALIZATION_20260915\audit\independent_verification_report.json,copy_existing_verified,2900,301a27f6312b7134426c2470e96ecd9b2b92f2d224ef1e122d14888a536eb4aa,verification_audit,"B supplement, workbook, or independent verification evidence",,
PDCH/实验\outputs\pdch_teacher_B_supplement_generalization_20260915\workbook_inspect.ndjson,freeze_20260911\02_FROZEN_STAGE2\TEACHER_B_SUPPLEMENT_GENERALIZATION_20260915\audit\workbook_inspect.ndjson,copy_existing_verified,10878,3c519d05ddb87cb879741d329de53c959fe08f8badf6c287cb0fb34d8a28a49c,verification_audit,"B supplement, workbook, or independent verification evidence",,
PDCH/实验\outputs\pdch_teacher_B_supplement_generalization_20260915\workbook_formula_error_scan.ndjson,freeze_20260911\02_FROZEN_STAGE2\TEACHER_B_SUPPLEMENT_GENERALIZATION_20260915\audit\workbook_formula_error_scan.ndjson,copy_existing_verified,60,acc0111e19cf44d2753fc9ecd164bf1b27fbd65597463a25cf48bd1c65e90146,verification_audit,"B supplement, workbook, or independent verification evidence",,
PDCH/实验\outputs\pdch_teacher_B_supplement_generalization_20260915\workbook_drawing_inspect.ndjson,freeze_20260911\02_FROZEN_STAGE2\TEACHER_B_SUPPLEMENT_GENERALIZATION_20260915\audit\workbook_drawing_inspect.ndjson,copy_existing_verified,286,e07e8535ee5d20286404c613f66006543086f168eac97b33892e660fdbf1edf8,verification_audit,"B supplement, workbook, or independent verification evidence",,
PDCH/实验\outputs\pdch_teacher_B_supplement_generalization_20260915\workbook_build_audit.json,freeze_20260911\02_FROZEN_STAGE2\TEACHER_B_SUPPLEMENT_GENERALIZATION_20260915\audit\workbook_build_audit.json,copy_existing_verified,910,ce8b4b2ad6367c9521ce806d43f8de42f06b8a396e7d1792cbc44279cb361461,verification_audit,"B supplement, workbook, or independent verification evidence",,
PDCH/实验\outputs\pdch_teacher_B_supplement_generalization_20260915\saved_workbook_verification.json,freeze_20260911\02_FROZEN_STAGE2\TEACHER_B_SUPPLEMENT_GENERALIZATION_20260915\audit\saved_workbook_verification.json,copy_existing_verified,3019,b7baa417e76889c84afcaaea66edf8ede0d6dbd171aec3693cf242e69fa98151,verification_audit,"B supplement, workbook, or independent verification evidence",,
PDCH/实验\outputs\pdch_teacher_B_supplement_generalization_20260915\saved_workbook_summary_inspect.ndjson,freeze_20260911\02_FROZEN_STAGE2\TEACHER_B_SUPPLEMENT_GENERALIZATION_20260915\audit\saved_workbook_summary_inspect.ndjson,copy_existing_verified,1603,50b9e6acdecd0674237da2d1ee75be8e8ac48376db43de420a6423c7c9690bf4,verification_audit,"B supplement, workbook, or independent verification evidence",,
PDCH/实验\outputs\pdch_teacher_B_supplement_generalization_20260915\saved_workbook_formula_inspect.ndjson,freeze_20260911\02_FROZEN_STAGE2\TEACHER_B_SUPPLEMENT_GENERALIZATION_20260915\audit\saved_workbook_formula_inspect.ndjson,copy_existing_verified,1382,42cd8104757b6eb911934705d67ffe79f85e52b685437c93c2220047c94eafd8,verification_audit,"B supplement, workbook, or independent verification evidence",,
PDCH/实验\outputs\pdch_teacher_B_supplement_generalization_20260915\figures\F1_strategy_effect_forest.png,freeze_20260911\02_FROZEN_STAGE2\TEACHER_B_SUPPLEMENT_GENERALIZATION_20260915\figures\F1_strategy_effect_forest.png,copy_existing_verified,137500,05ad1f85b2084405571a839d296dc189c4870b38699b52f37e7b9083413219cc,formal_primary_supplementary_internal_validation,B supplement strategy selection or held-out generalization figure,,
PDCH/实验\outputs\pdch_teacher_B_supplement_generalization_20260915\figures\F2_B_generalization_forest.png,freeze_20260911\02_FROZEN_STAGE2\TEACHER_B_SUPPLEMENT_GENERALIZATION_20260915\figures\F2_B_generalization_forest.png,copy_existing_verified,97660,60f1bd877d1a07d232435bb0bc860b96379db01cd152da3e10cc1faadc18d807,formal_primary_supplementary_internal_validation,B supplement strategy selection or held-out generalization figure,,
PDCH/实验\outputs\pdch_teacher_B_supplement_generalization_20260915\figures\F3_B_fold_effect_distribution.png,freeze_20260911\02_FROZEN_STAGE2\TEACHER_B_SUPPLEMENT_GENERALIZATION_20260915\figures\F3_B_fold_effect_distribution.png,copy_existing_verified,208077,bdc1ac32dad2f596687de742554bc196e163100c3f624895c8f541d02981203d,formal_primary_supplementary_internal_validation,B supplement strategy selection or held-out generalization figure,,
PDCH/实验\analysis\run_teacher_B_supplement.py,freeze_20260911\02_FROZEN_STAGE2\TEACHER_B_SUPPLEMENT_GENERALIZATION_20260915\code\run_teacher_B_supplement.py,copy_existing_verified,10636,1709e9f9416d5e2ba01fbc625bb1c56b213ef633422c3285c8d1448c9a6249b8,formal_primary_supporting,reproducible B supplement or workbook code,,
PDCH/实验\analysis\verify_teacher_B_supplement.py,freeze_20260911\02_FROZEN_STAGE2\TEACHER_B_SUPPLEMENT_GENERALIZATION_20260915\code\verify_teacher_B_supplement.py,copy_existing_verified,11836,ae892f2ab55b3e093af75120a0a750bfccecffebb093982e07733efea4cf35b9,formal_primary_supporting,reproducible B supplement or workbook code,,
PDCH/实验\analysis\item_total_correlation\build_teacher_effect_size_generalization_workbook.mjs,freeze_20260911\02_FROZEN_STAGE2\TEACHER_B_SUPPLEMENT_GENERALIZATION_20260915\code\build_teacher_effect_size_generalization_workbook.mjs,copy_existing_verified,28190,ca87a2d884699c8ee2251c42292cfe8f6c46876f804f54eebd3b7bc0a072396f,formal_primary_supporting,reproducible B supplement or workbook code,,
PDCH/实验\analysis\item_total_correlation\verify_teacher_effect_size_generalization_workbook.mjs,freeze_20260911\02_FROZEN_STAGE2\TEACHER_B_SUPPLEMENT_GENERALIZATION_20260915\code\verify_teacher_effect_size_generalization_workbook.mjs,copy_existing_verified,3474,bb3ba61054ec557bd31ebdc484ec93f1b8e31887d9f4dc8f09f50ee921406ea5,formal_primary_supporting,reproducible B supplement or workbook code,,
PDCH/实验\outputs\pdch_phq189_cross_ai_heterogeneity_20260909\PHQ_189_outer_folds.csv,freeze_20260911\02_FROZEN_STAGE2\TEACHER_B_SUPPLEMENT_GENERALIZATION_20260915\folds\PHQ_189_outer_folds.csv,copy_existing_verified,17037,12c219dfe3b6d31983f4f0acf5304ed2dee788aa9ee29fea48dd0a1edc5354d4,formal_primary_supporting,frozen 10x5 PHQ189 folds,,
PDCH/实验\outputs\pdch_hamd99_cross_ai_heterogeneity_20260909\HAMD_99_outer_folds.csv,freeze_20260911\02_FROZEN_STAGE2\TEACHER_B_SUPPLEMENT_GENERALIZATION_20260915\folds\HAMD_99_outer_folds.csv,copy_existing_verified,9927,ca2feabcf6f175b8092596427f3645b2f95525ae3b6c29535e05266130bbeddf,formal_primary_supporting,frozen 10x5 HAMD99 folds,,
PDCH/实验\outputs\pdch_heterogeneous_condition_three_strategy_20260827\three_strategy_decision_summary.csv,freeze_20260911\02_FROZEN_STAGE2\TEACHER_B_SUPPLEMENT_GENERALIZATION_20260915\inputs\three_strategy_decision_summary.csv,copy_existing_verified,10527,f1059412ee6d551353a9e501d1edfa41f0a35df40e1d6ca74722203f520c8291,formal_primary_supporting,frozen A/B/C selection evidence,,
PDCH/实验\outputs\pdch_heterogeneous_condition_three_strategy_20260827\subject_strategy_pairs.csv,freeze_20260911\02_FROZEN_STAGE2\TEACHER_B_SUPPLEMENT_GENERALIZATION_20260915\inputs\subject_strategy_pairs.csv,copy_existing_verified,707313,aff9017b7eead04954f7f331a4e8348713d78d786829ce1a3bd0883522657c5a,formal_primary_supporting,frozen subject-level A/B/C effects,,
PDCH/实验\outputs\pdch_teacher_B_supplement_generalization_20260915\analysis_output_manifest.csv,freeze_20260911\02_FROZEN_STAGE2\TEACHER_B_SUPPLEMENT_GENERALIZATION_20260915\analysis_output_manifest.csv,copy_existing_verified,13506,1909578ca0bef0492c19ae95d835c4c81518125bfa6144ad2e3603b0be7af31c,verification_audit,hash and role inventory for the B supplement,,
PDCH/实验\outputs\pdch_teacher_B_supplement_generalization_20260915\analysis_output_manifest.csv,freeze_20260911\02_FROZEN_STAGE2\TEACHER_B_SUPPLEMENT_GENERALIZATION_20260915\PACKAGE_FILE_MANIFEST.csv,generated,8610,258dd9970123fe9ce0871e97e6691fb7b42fffa9edb7ee29de2b0702ced35049,verification_audit,B package file inventory,,
PDCH/实验\outputs\pdch_teacher_A_B_complete_comparison_20260915\PACKAGE_INDEX.md,freeze_20260911\02_FROZEN_STAGE2\TEACHER_A_B_COMPLETE_COMPARISON_WITH_FIGURE_20260916\PACKAGE_INDEX.md,copy_existing_verified,1227,e7d4c5b639e7ce1da4e359783f4a28f8ed9bf39a675e7b3fa71290b481fa3225,formal_summary_audit,combined A/B scale-specific comparison table,,
PDCH/实验\outputs\pdch_teacher_A_B_complete_comparison_20260915\00_scale_specific_selection.csv,freeze_20260911\02_FROZEN_STAGE2\TEACHER_A_B_COMPLETE_COMPARISON_WITH_FIGURE_20260916\00_scale_specific_selection.csv,copy_existing_verified,910,1733bb57c0690f95e1c23f7e544116c31b7f81f0f1ffe5b66220d00885796662,formal_summary_audit,combined A/B scale-specific comparison table,,
PDCH/实验\outputs\pdch_teacher_A_B_complete_comparison_20260915\03_A_B_comparison.csv,freeze_20260911\02_FROZEN_STAGE2\TEACHER_A_B_COMPLETE_COMPARISON_WITH_FIGURE_20260916\03_A_B_comparison.csv,copy_existing_verified,1847,ec6b9ef112ba6c12fd4051298c2aca1aacfd3076b515e854711c4d2125aa6182,formal_summary_audit,combined A/B scale-specific comparison table,,
PDCH/实验\outputs\pdch_teacher_A_B_complete_comparison_20260915\04_method_boundary.json,freeze_20260911\02_FROZEN_STAGE2\TEACHER_A_B_COMPLETE_COMPARISON_WITH_FIGURE_20260916\04_method_boundary.json,copy_existing_verified,1627,bb057ec05d59b0dc7a503443ae1928114b3d982d8f43777b31b9d200efad5f77,formal_summary_audit,combined A/B scale-specific comparison table,,
PDCH/实验\outputs\pdch_teacher_A_B_complete_comparison_20260915\A_B方案完整分析总表.xlsx,freeze_20260911\02_FROZEN_STAGE2\TEACHER_A_B_COMPLETE_COMPARISON_WITH_FIGURE_20260916\A_B方案完整分析总表.xlsx,copy_existing_verified,172241,8ed719b19a6c854e64fa7b45b95021af6cbf11b6dd867a6cfa19cd10e71eb03c,formal_summary_audit,combined A/B scale-specific comparison table,,
PDCH/实验\outputs\pdch_teacher_A_B_complete_comparison_20260915\workbook_inspect.ndjson,freeze_20260911\02_FROZEN_STAGE2\TEACHER_A_B_COMPLETE_COMPARISON_WITH_FIGURE_20260916\workbook_inspect.ndjson,copy_existing_verified,17436,1536e60fd2d33c7864a5e9adc04fa2325d1ae9a6f8b87e218feab8470f364ebf,formal_summary_audit,combined A/B scale-specific comparison table,,
PDCH/实验\outputs\pdch_teacher_A_B_complete_comparison_20260915\workbook_formula_error_scan.ndjson,freeze_20260911\02_FROZEN_STAGE2\TEACHER_A_B_COMPLETE_COMPARISON_WITH_FIGURE_20260916\workbook_formula_error_scan.ndjson,copy_existing_verified,60,acc0111e19cf44d2753fc9ecd164bf1b27fbd65597463a25cf48bd1c65e90146,formal_summary_audit,combined A/B scale-specific comparison table,,
PDCH/实验\outputs\pdch_teacher_A_B_complete_comparison_20260915\workbook_build_audit.json,freeze_20260911\02_FROZEN_STAGE2\TEACHER_A_B_COMPLETE_COMPARISON_WITH_FIGURE_20260916\workbook_build_audit.json,copy_existing_verified,748,0775f021a9bae9c3db5f75de06ea192a2668435fa11d9684cdae39b923ac47cb,formal_summary_audit,combined A/B scale-specific comparison table,,
PDCH/实验\outputs\pdch_teacher_A_B_complete_comparison_20260915\figures_recent\Figure_recent_A_B_analysis_results.svg,freeze_20260911\02_FROZEN_STAGE2\TEACHER_A_B_COMPLETE_COMPARISON_WITH_FIGURE_20260916\figures_recent\Figure_recent_A_B_analysis_results.svg,copy_existing_verified,84267,90a43ebb4bb121a610a1d374b8f588aef622bf2c959ea90e8abb773561863308,figure,Python Nature-style four-panel summary figure,,
PDCH/实验\outputs\pdch_teacher_A_B_complete_comparison_20260915\figures_recent\Figure_recent_A_B_analysis_results.pdf,freeze_20260911\02_FROZEN_STAGE2\TEACHER_A_B_COMPLETE_COMPARISON_WITH_FIGURE_20260916\figures_recent\Figure_recent_A_B_analysis_results.pdf,copy_existing_verified,47035,f3895bd1d51b0132baa5603b1a02ed522044ed371c4d95d78a72f325fb2cea48,figure,Python Nature-style four-panel summary figure,,
PDCH/实验\outputs\pdch_teacher_A_B_complete_comparison_20260915\figures_recent\Figure_recent_A_B_analysis_results.png,freeze_20260911\02_FROZEN_STAGE2\TEACHER_A_B_COMPLETE_COMPARISON_WITH_FIGURE_20260916\figures_recent\Figure_recent_A_B_analysis_results.png,copy_existing_verified,870104,e6c57d21a97e98235d51509d66e1a855bdf8c39772d817a79a540366ef16d833,figure,Python Nature-style four-panel summary figure,,
PDCH/实验\outputs\pdch_teacher_A_B_complete_comparison_20260915\figures_recent\Figure_recent_A_B_analysis_results.tiff,freeze_20260911\02_FROZEN_STAGE2\TEACHER_A_B_COMPLETE_COMPARISON_WITH_FIGURE_20260916\figures_recent\Figure_recent_A_B_analysis_results.tiff,copy_existing_verified,75616430,257e641192534a6b22ae33882463e18b6e0e6d9afcae1b4479cb9750af3f9b29,figure,Python Nature-style four-panel summary figure,,
PDCH/实验\outputs\pdch_teacher_A_B_complete_comparison_20260915\figures_recent\FIGURE_CONTRACT.md,freeze_20260911\02_FROZEN_STAGE2\TEACHER_A_B_COMPLETE_COMPARISON_WITH_FIGURE_20260916\figures_recent\FIGURE_CONTRACT.md,copy_existing_verified,1228,d6ba7ba898b409b4465c322c17f90df8db454a4e831cf8973ac6343b0101bdce,figure_audit,"figure contract, QA or source table",,
PDCH/实验\outputs\pdch_teacher_A_B_complete_comparison_20260915\figures_recent\FIGURE_QA.md,freeze_20260911\02_FROZEN_STAGE2\TEACHER_A_B_COMPLETE_COMPARISON_WITH_FIGURE_20260916\figures_recent\FIGURE_QA.md,copy_existing_verified,697,544c040fdf023d66c9d1048b8601a6f8e9bea63fba48bdf551a40278d375f065,figure_audit,"figure contract, QA or source table",,
PDCH/实验\outputs\pdch_teacher_A_B_complete_comparison_20260915\figures_recent\figure_manifest.json,freeze_20260911\02_FROZEN_STAGE2\TEACHER_A_B_COMPLETE_COMPARISON_WITH_FIGURE_20260916\figures_recent\figure_manifest.json,copy_existing_verified,908,107aefb80dbd39a5710a0eae3b50daa55b35e38b7e3c0881b12c746ad9e1bcb1,figure_audit,"figure contract, QA or source table",,
PDCH/实验\outputs\pdch_teacher_A_B_complete_comparison_20260915\figures_recent\figure_source_AB_comparison.csv,freeze_20260911\02_FROZEN_STAGE2\TEACHER_A_B_COMPLETE_COMPARISON_WITH_FIGURE_20260916\figures_recent\figure_source_AB_comparison.csv,copy_existing_verified,1791,f7fa07b51e9528dde5668fe480c212168893a384893ab738c6a2bc4dd2f35c82,figure_audit,"figure contract, QA or source table",,
PDCH/实验\outputs\pdch_teacher_A_B_complete_comparison_20260915\figures_recent\figure_source_route_stability.csv,freeze_20260911\02_FROZEN_STAGE2\TEACHER_A_B_COMPLETE_COMPARISON_WITH_FIGURE_20260916\figures_recent\figure_source_route_stability.csv,copy_existing_verified,276,facf6505a8d94b0e15e142fe8ec01e9bcd457eb9c913f09eea49d8a5dc038759,figure_audit,"figure contract, QA or source table",,
PDCH/实验\outputs\pdch_teacher_A_B_complete_comparison_20260915\figures_recent\figure_source_scale_selection.csv,freeze_20260911\02_FROZEN_STAGE2\TEACHER_A_B_COMPLETE_COMPARISON_WITH_FIGURE_20260916\figures_recent\figure_source_scale_selection.csv,copy_existing_verified,888,78b82ad88f6cecbf2b5f7e5dfa04716065d482f71a5beef4b9f8edee5a8a5db3,figure_audit,"figure contract, QA or source table",,
PDCH/实验\outputs\pdch_teacher_A_B_complete_comparison_20260915\figures_recent\figure_source_strategy_cells.csv,freeze_20260911\02_FROZEN_STAGE2\TEACHER_A_B_COMPLETE_COMPARISON_WITH_FIGURE_20260916\figures_recent\figure_source_strategy_cells.csv,copy_existing_verified,4865,37b8ec50412db9d93198d32a156ea83a31077e8c8f1e7d6b7fc23a790dc5cbda,figure_audit,"figure contract, QA or source table",,
PDCH/实验\outputs\pdch_teacher_effect_size_selection_generalization_20260915\09_A_primary_inference.csv,freeze_20260911\02_FROZEN_STAGE2\TEACHER_A_B_COMPLETE_COMPARISON_WITH_FIGURE_20260916\source\A_09_primary_inference.csv,copy_existing_verified,4600,c3b553f1b7131f9b017d5f1d0eb65f89b4a9581e35d46150c7b8da1e3a71faf9,formal_primary_source,A main inference source,,
PDCH/实验\outputs\pdch_teacher_B_supplement_generalization_20260915\09_B_primary_inference.csv,freeze_20260911\02_FROZEN_STAGE2\TEACHER_A_B_COMPLETE_COMPARISON_WITH_FIGURE_20260916\source\B_09_primary_inference.csv,copy_existing_verified,4576,a8a7bbd1c96312a19770c6e749abbe0facbf3cf272c2b49feaada488cd07465b,formal_supplement_source,B supplement inference source,,
PDCH/实验\outputs\pdch_teacher_effect_size_selection_generalization_20260915\03_strategy_selection_summary.csv,freeze_20260911\02_FROZEN_STAGE2\TEACHER_A_B_COMPLETE_COMPARISON_WITH_FIGURE_20260916\source\A_03_strategy_selection_summary.csv,copy_existing_verified,1625,90ed290d1b98e1b20a753f74016855472d1bf1aa363536b05a524c9e9d95a378,formal_primary_source,scale-specific strategy selection source,,
PDCH/实验\outputs\pdch_teacher_B_supplement_generalization_20260915\03_strategy_selection_summary.csv,freeze_20260911\02_FROZEN_STAGE2\TEACHER_A_B_COMPLETE_COMPARISON_WITH_FIGURE_20260916\source\B_03_strategy_selection_summary.csv,copy_existing_verified,1625,90ed290d1b98e1b20a753f74016855472d1bf1aa363536b05a524c9e9d95a378,formal_supplement_source,B selection source,,
PDCH/实验\outputs\pdch_teacher_effect_size_selection_generalization_20260915\figures\F2_A_generalization_forest.png,freeze_20260911\02_FROZEN_STAGE2\TEACHER_A_B_COMPLETE_COMPARISON_WITH_FIGURE_20260916\figures\F2_A_generalization_forest.png,copy_existing_verified,97321,a46a53b9e683c8c50e61d7268268bbc3471b2330c18f9df7ccc2e7ef80aa542a,figure,A generalization forest,,
PDCH/实验\outputs\pdch_teacher_B_supplement_generalization_20260915\figures\F2_B_generalization_forest.png,freeze_20260911\02_FROZEN_STAGE2\TEACHER_A_B_COMPLETE_COMPARISON_WITH_FIGURE_20260916\figures\F2_B_generalization_forest.png,copy_existing_verified,97660,60f1bd877d1a07d232435bb0bc860b96379db01cd152da3e10cc1faadc18d807,figure,B supplement forest,,
PDCH/实验\analysis\item_total_correlation\build_teacher_A_B_complete_comparison_workbook.mjs,freeze_20260911\02_FROZEN_STAGE2\TEACHER_A_B_COMPLETE_COMPARISON_WITH_FIGURE_20260916\code\build_teacher_A_B_complete_comparison_workbook.mjs,copy_existing_verified,21859,23b475fc96f04764ea8d1a917b798a573f40c3de8fa12910f071358b574e4c76,supporting_code,combined workbook builder,,
PDCH/实验\analysis\figures_final\plot_teacher_recent_results.py,freeze_20260911\02_FROZEN_STAGE2\TEACHER_A_B_COMPLETE_COMPARISON_WITH_FIGURE_20260916\code\plot_teacher_recent_results.py,copy_existing_verified,15342,b504fa44e1cc0905d4833c8e3c425174b2aee893e255f7ec07fadf209ec5a211,supporting_code,Python figure generation and QA metadata,,
PDCH/实验\outputs\pdch_teacher_A_B_complete_comparison_20260915\analysis_output_manifest.csv,freeze_20260911\02_FROZEN_STAGE2\TEACHER_A_B_COMPLETE_COMPARISON_WITH_FIGURE_20260916\analysis_output_manifest.csv,copy_existing_verified,7953,f0735def7a9539d39b3d66b9bff1c64515b794d873cd9d433ea9df2c0511d072,verification_audit,combined package inventory,,
PDCH/实验\outputs\pdch_teacher_A_B_complete_comparison_20260915\analysis_output_manifest.csv,freeze_20260911\02_FROZEN_STAGE2\TEACHER_A_B_COMPLETE_COMPARISON_WITH_FIGURE_20260916\PACKAGE_FILE_MANIFEST.csv,generated,4629,14436887085a10f3ce9e53417f30f436cd8d5f5d2fca5161d363811722b094cf,verification_audit,combined package inventory,,
PDCH/实验\outputs\pdch_teacher_A_B_complete_comparison_20260915\figures_recent_v2\Figure_recent_A_B_analysis_results_bilingual_v2.svg,freeze_20260911\02_FROZEN_STAGE2\TEACHER_A_B_FIGURE_V2_20260916\figures\Figure_recent_A_B_analysis_results_bilingual_v2.svg,copy_existing_verified,77126,ab7ccc8b56cc724df72512b183780f6d87a0e18b73df39e574de0030db1f83f9,figure_audit,Python Nature-style bilingual v2 summary figure or source/QA file,,
PDCH/实验\outputs\pdch_teacher_A_B_complete_comparison_20260915\figures_recent_v2\Figure_recent_A_B_analysis_results_bilingual_v2.pdf,freeze_20260911\02_FROZEN_STAGE2\TEACHER_A_B_FIGURE_V2_20260916\figures\Figure_recent_A_B_analysis_results_bilingual_v2.pdf,copy_existing_verified,46409,7cfb717cd8f0f22cc0f81559f8da5b533d82b94a0a9f6b612fef39f3f74a9948,figure_audit,Python Nature-style bilingual v2 summary figure or source/QA file,,
PDCH/实验\outputs\pdch_teacher_A_B_complete_comparison_20260915\figures_recent_v2\Figure_recent_A_B_analysis_results_bilingual_v2.png,freeze_20260911\02_FROZEN_STAGE2\TEACHER_A_B_FIGURE_V2_20260916\figures\Figure_recent_A_B_analysis_results_bilingual_v2.png,copy_existing_verified,873695,34853b3e15556487a0ab17f44a6e0e86384f72c68c11f00811dec73953569180,figure_audit,Python Nature-style bilingual v2 summary figure or source/QA file,,
PDCH/实验\outputs\pdch_teacher_A_B_complete_comparison_20260915\figures_recent_v2\Figure_recent_A_B_analysis_results_bilingual_v2.tiff,freeze_20260911\02_FROZEN_STAGE2\TEACHER_A_B_FIGURE_V2_20260916\figures\Figure_recent_A_B_analysis_results_bilingual_v2.tiff,copy_existing_verified,72179306,6cfef032d3e414739e79745e434fff776aa14e34c55ec6ed029b91466b83d414,figure_audit,Python Nature-style bilingual v2 summary figure or source/QA file,,
PDCH/实验\outputs\pdch_teacher_A_B_complete_comparison_20260915\figures_recent_v2\FIGURE_CONTRACT.md,freeze_20260911\02_FROZEN_STAGE2\TEACHER_A_B_FIGURE_V2_20260916\figures\FIGURE_CONTRACT.md,copy_existing_verified,685,573ea6d2800c212331e870ced12705e7cbcd17ae1acd2593f7b4951bae3ab26c,figure_audit,Python Nature-style bilingual v2 summary figure or source/QA file,,
PDCH/实验\outputs\pdch_teacher_A_B_complete_comparison_20260915\figures_recent_v2\FIGURE_QA.md,freeze_20260911\02_FROZEN_STAGE2\TEACHER_A_B_FIGURE_V2_20260916\figures\FIGURE_QA.md,copy_existing_verified,278,836a2fdc642215c4d12e1330712c7917a99f1118fbda8bce3f4fc17704e218a2,figure_audit,Python Nature-style bilingual v2 summary figure or source/QA file,,
PDCH/实验\outputs\pdch_teacher_A_B_complete_comparison_20260915\figures_recent_v2\figure_manifest.json,freeze_20260911\02_FROZEN_STAGE2\TEACHER_A_B_FIGURE_V2_20260916\figures\figure_manifest.json,copy_existing_verified,937,a0eb004be39fc465134cf78ca7c78f4c4c1f3aa1152fe1d9fe943364d3144cd8,figure_audit,Python Nature-style bilingual v2 summary figure or source/QA file,,
PDCH/实验\outputs\pdch_teacher_A_B_complete_comparison_20260915\figures_recent_v2\figure_source_scale_selection.csv,freeze_20260911\02_FROZEN_STAGE2\TEACHER_A_B_FIGURE_V2_20260916\figures\figure_source_scale_selection.csv,copy_existing_verified,888,78b82ad88f6cecbf2b5f7e5dfa04716065d482f71a5beef4b9f8edee5a8a5db3,figure_audit,Python Nature-style bilingual v2 summary figure or source/QA file,,
PDCH/实验\outputs\pdch_teacher_A_B_complete_comparison_20260915\figures_recent_v2\figure_source_AB_comparison.csv,freeze_20260911\02_FROZEN_STAGE2\TEACHER_A_B_FIGURE_V2_20260916\figures\figure_source_AB_comparison.csv,copy_existing_verified,1791,f7fa07b51e9528dde5668fe480c212168893a384893ab738c6a2bc4dd2f35c82,figure_audit,Python Nature-style bilingual v2 summary figure or source/QA file,,
PDCH/实验\outputs\pdch_teacher_A_B_complete_comparison_20260915\figures_recent_v2\figure_source_route_stability.csv,freeze_20260911\02_FROZEN_STAGE2\TEACHER_A_B_FIGURE_V2_20260916\figures\figure_source_route_stability.csv,copy_existing_verified,276,facf6505a8d94b0e15e142fe8ec01e9bcd457eb9c913f09eea49d8a5dc038759,figure_audit,Python Nature-style bilingual v2 summary figure or source/QA file,,
PDCH/实验\analysis\figures_final\plot_teacher_recent_results_v2.py,freeze_20260911\02_FROZEN_STAGE2\TEACHER_A_B_FIGURE_V2_20260916\code\plot_teacher_recent_results_v2.py,copy_existing_verified,12407,b24995e4dacbaee63a8ea147289d30907140cc1f85c78464643fb6fe5df02d68,supporting_code,Python bilingual v2 figure generator,,
freeze_20260911\02_FROZEN_STAGE2\TEACHER_A_B_FIGURE_V2_20260916\PACKAGE_FILE_MANIFEST.csv,freeze_20260911\02_FROZEN_STAGE2\TEACHER_A_B_FIGURE_V2_20260916\PACKAGE_FILE_MANIFEST.csv,generated,2161,4767b63ef41ef67a45d6fb495873963877be78d917a58ab5769afe6e67caf5a7,verification_audit,v2 figure package file inventory,,
